tree
version=v4
num_class=1
num_tree_per_iteration=1
label_index=0
max_feature_idx=19
objective=regression
feature_names=slot weekday holiday temp solar jepx_price_prev_96 temp_prev_96 solar_prev_96 temp_diff_96 solar_diff_96 reserve_ratio_prev_96 reserve_ratio_diff_96 price_prev_weekday_96 price_prev_holiday_96 weekly_max_reserve weekly_min_reserve weekly_max_reserve_prev weekly_min_reserve_prev weekly_max_reserve_diff weekly_min_reserve_diff
feature_infos=[0:47] [0:6] [0:1] [0.73535156000000002:31.256073000000001] [0:3593250.2000000002] [0:35] [0:31.256073000000001] [0:3593250.2000000002] [-10.860077200000001:10.395721999999999] [-3042634.4399999999:2884799.9399999999] [0:169.62] [-113.45:121.03999999999999] [0:35] [0:19.719999999999999] [15.635000000000002:121.29500000000002] [9.6699999999999999:73.044999999999987] [0:121.29500000000002] [0:73.044999999999987] [-70.730000000000018:45.534999999999997] [-30.399999999999999:22.604999999999997]
tree_sizes=2691 2812 2815 2818 2807 2804 2828 2774 2816 2819 2823 2819 2807 2809 2802 2833 2822 2806 2824 2846 2830 2831 2834 2823 2828 2837 2838 2825 2845 2829 2830 2844 2822 2834 2842 2849 2852 2829 2859 2844 2830 2813 2854 2846 2848 2806 2815 2870 2845 2823 2859 2851 2846 2840 2831 2850 2851 2826 2836 2820 2868 2860 2825 2860 2855 2850 2846 2879 2844 2836 2832 2856 2856 2848 2847 2837 2797 2840 2870 2827 2862 2854 2859 2857 2867 2845 2862 2896 2871 2837 2839 2846 2846 2811 2840 2864 2875 2814 2870 2832 2850 2884 2843 2873 2841 2814 2845 2847 2824 2817 2804 2820 2847 2825 2811 2850 2854 2861 2810 2852 2827 2848 2857 2831 2839 2823 2801 2827 2817 2827 2792 2830 2828

Tree=0
num_leaves=31
num_cat=0
split_feature=0 9 12 5 5 5 11 10 11 17 9 7 11 11 9 6 10 3 12 11 7 6 9 17 1 16 12 10 9 17
split_gain=38921.9 23241.5 11006.3 9880.97 6421.84 3287.43 2751.17 2611.79 3033.37 1740.23 1690.96 2835.98 1552.89 1508.21 1479.25 1444.84 1157.88 1018.92 1000.61 877.019 863.275 855.176 848.573 844.966 769.113 753.357 749.54 689.753 686.429 680.45
threshold=32.500000000000007 97168.194999999992 18.715000000000003 6.9250000000000007 11.655000000000003 10.225000000000003 5.2550000000000008 30.615000000000006 22.480000000000004 26.590000000000003 -880333.89999999991 1985767.7500000002 7.075000000000002 4.7450000000000019 -1334255.5499999996 24.738037000000002 27.895000000000003 26.459640500000003 2.0050000000000003 -5.0349999999999993 714295.60000000009 28.052505500000006 1338339.9500000002 51.202500000000008 3.5000000000000004 27.660000000000004 11.575000000000001 21.605000000000004 1304734.2800000003 18.990000000000006
decision_type=2 2 2 2 2 2 2 2 2 2 2 2 2 2 2 2 2 2 2 2 2 2 2 2 2 2 2 2 2 2
left_child=1 3 4 10 13 12 9 8 22 21 23 -12 14 16 24 -13 19 -4 25 -2 -14 -6 -3 27 -5 -9 -7 -1 -10 -16
right_child=2 7 17 5 6 26 -8 18 28 -11 11 15 20 -15 29 -17 -18 -19 -20 -21 -22 -23 -24 -25 -26 -27 -28 -29 -30 -31
leaf_value=8.9800311007400975 9.0018063960047581 8.6810750243270665 9.1289005863597676 9.2151371903119799 9.0081523948195326 8.8213259111162312 8.8368213583133368 8.6863526706988363 8.5465945193294299 8.9117760339729148 8.680518432594047 8.4828888755891025 8.7244634757871395 8.7561382457072376 8.8196883980797303 8.6370700895208721 8.812787330385996 9.3854050475164179 8.5459395469350863 8.8635810361775356 8.6011787364430941 9.1670989223025128 8.4942935666296151 8.5504847102047279 8.8091693330650269 8.4263114795731386 8.9001629424315585 8.7451906686468952 8.4088077250001643 8.7574319157522602
leaf_weight=34 143 773 64 28 620 1163 469 30 262 552 1167 358 478 727 514 264 1378 98 591 581 202 98 66 52 20 389 407 389 138 3004
leaf_count=34 143 773 64 28 620 1163 469 30 262 552 1167 358 478 727 514 264 1378 98 591 581 202 98 66 52 20 389 407 389 138 3004
internal_value=8.76027 8.70588 8.87906 8.74545 8.8647 8.77994 8.94031 8.56371 8.61236 8.97853 8.65682 8.63456 8.75709 8.81822 8.77029 8.54833 8.83969 9.28407 8.50404 8.89088 8.68784 9.02985 8.66638 8.74069 9.04598 8.44493 8.84176 8.76407 8.49906 8.76653
internal_weight=15059 10329 4730 8080 4568 5816 1739 2249 1239 1270 2264 1789 4246 2829 3566 622 2102 162 1010 724 680 718 839 475 48 419 1570 423 400 3518
internal_count=15059 10329 4730 8080 4568 5816 1739 2249 1239 1270 2264 1789 4246 2829 3566 622 2102 162 1010 724 680 718 839 475 48 419 1570 423 400 3518
is_linear=0
shrinkage=1


Tree=1
num_leaves=31
num_cat=0
split_feature=4 5 15 15 4 0 12 5 3 11 11 0 0 11 15 11 12 5 4 4 7 15 3 1 15 1 10 0 8 17
split_gain=45845.4 18539.6 8499.94 6291.73 4866.71 4200.37 3697.9 3057.7 1973.28 1894.12 1746.66 1486.5 1348.49 1238.63 1103.55 1030.93 986.905 920.139 882.961 840.623 775.52 747.344 713.386 700.907 687.056 964.981 681.917 637.557 608.832 596.769
threshold=1203109.5000000002 11.655000000000003 22.602500000000003 27.960000000000004 2494360.6500000004 31.500000000000004 18.715000000000003 9.8250000000000011 24.259673500000002 37.570000000000007 2.9099999999999997 30.500000000000004 25.500000000000004 4.7450000000000019 14.697500000000002 7.5850000000000044 18.005000000000006 14.485000000000001 686892.95000000007 773120.65000000014 614716.10000000021 13.020000000000001 26.459640500000003 1.5000000000000002 31.380000000000003 4.5000000000000009 62.385000000000012 32.500000000000007 6.9212345000000015 39.160000000000004
decision_type=2 2 2 2 2 2 2 2 2 2 2 2 2 2 2 2 2 2 2 2 2 2 2 2 2 2 2 2 2 2
left_child=1 7 5 6 9 21 15 10 -6 12 11 14 24 -9 20 17 -7 23 -12 28 -1 -2 -8 -3 -4 -26 -23 -14 -16 -5
right_child=2 3 4 29 8 16 22 13 -10 -11 18 -13 27 -15 19 -17 -18 -19 -20 -21 -22 26 -24 -25 25 -27 -28 -29 -30 -31
leaf_value=0.091206645363542657 0.15042037914196651 0.2742786017351081 -0.12655364539549682 0.11297647655208361 -0.35958320517979919 0.18793491096673254 0.36485058164940432 0.091704033660500672 -0.19551819498818887 -0.31711853756228603 -0.025418344927936043 0.059230846863749555 -0.12139968491523197 0.0020209903324333329 0.0013902379303502954 0.047791997567716855 0.53380308479070659 0.29122112751572948 -0.11782459895725775 -0.072174586920466813 0.45392053190618759 -0.057376035058091517 0.58913361109220064 0.16168947786605087 -0.17749913464135983 -0.32303797723968586 -0.32310122716426853 -0.024999050749253196 0.25426098113578827 0.037562270383643043
leaf_weight=56 42 196 321 755 504 66 65 1543 288 164 1696 1411 791 513 2907 83 30 395 305 420 20 705 78 469 408 158 25 219 24 402
leaf_count=56 42 196 321 755 504 66 65 1543 288 164 1696 1411 791 513 2907 83 30 395 305 420 20 705 78 469 408 158 25 219 24 402
internal_value=-0.000610129 0.0493682 -0.152895 0.171369 -0.194578 -0.0158896 0.247479 0.0158607 -0.299923 -0.154096 -0.000212743 0.0160378 -0.140003 0.0693269 -0.00174603 0.217489 0.296019 0.230777 -0.0395033 -0.00601899 0.186658 -0.0546761 0.487187 0.194874 -0.184987 -0.218127 -0.0664762 -0.100497 0.00346083 0.0867738
internal_weight=15059 11338 3721 2443 2853 868 1286 8895 792 2061 6839 4838 1897 2056 3427 1143 96 1060 2001 3351 76 772 143 665 887 566 730 1010 2931 1157
internal_count=15059 11338 3721 2443 2853 868 1286 8895 792 2061 6839 4838 1897 2056 3427 1143 96 1060 2001 3351 76 772 143 665 887 566 730 1010 2931 1157
is_linear=0
shrinkage=0.05


Tree=2
num_leaves=31
num_cat=0
split_feature=4 5 15 15 4 0 12 5 3 11 0 15 9 0 11 4 8 12 11 15 14 5 9 7 3 14 11 11 10 12
split_gain=41375.5 16732 7671.2 5678.28 4392.21 3790.83 3337.36 2772.07 1780.89 1737.7 1556.08 1254.11 1542.51 1246.33 1231.08 1184.77 937.736 900.511 818.3 811.856 765.481 763.126 749.597 730.729 643.831 633.122 577.32 560.887 571.412 548.848
threshold=1203109.5000000002 11.655000000000003 22.602500000000003 27.960000000000004 2494360.6500000004 31.500000000000004 18.715000000000003 9.4950000000000028 24.259673500000002 22.480000000000004 32.500000000000007 16.210000000000004 -618841.89999999991 30.500000000000004 4.7450000000000019 751049.05000000016 3.3318024999999998 19.005000000000006 14.550000000000001 59.530000000000008 39.477500000000006 13.275 -287332.24999999994 1804793.3000000003 26.459640500000003 77.892500000000013 29.460000000000008 -3.1599999999999979 30.375000000000004 1.0000000180025095e-35
decision_type=2 2 2 2 2 2 2 2 2 2 2 2 2 2 2 2 2 2 2 2 2 2 2 2 2 2 2 2 2 2
left_child=1 7 5 6 9 20 16 10 -6 13 11 12 -1 29 -9 23 18 -7 21 -17 22 -3 -2 26 -8 -5 -13 28 -12 -4
right_child=2 3 4 25 8 17 24 14 -10 -11 27 15 -14 -15 -16 19 -18 -19 -20 -21 -22 -23 -24 -25 -26 -27 -28 -29 -30 -31
leaf_value=0.45201795016016277 0.081691945030664403 0.17992996058604693 -0.19472417670868525 0.091892268469503144 -0.34160405368255897 0.19280432920075127 0.34660804519286526 0.082221817250926199 -0.18574228502499562 -0.24552228814681767 0.15514306995993968 -0.012868231683969181 0.050293721427192545 -0.049332652416039451 -0.00072153529591654369 -0.070105674692497746 0.069883810013400771 0.54645810276269913 -0.055326187538986028 -0.35466678234247062 -0.17217764121241275 0.26768037417173812 -0.056486902346727409 0.092653205098084557 0.55967690402116532 -0.062219631839805924 -0.18225688496056724 0.012282586546126895 0.048793355260194272 -0.12583632488510163
leaf_weight=28 120 445 439 1086 504 72 65 1776 288 364 157 3677 163 411 598 697 113 24 26 26 113 559 539 164 78 71 51 912 646 847
leaf_count=28 120 445 439 1086 504 72 65 1776 288 364 157 3677 163 411 598 697 113 24 26 26 113 559 539 164 78 71 51 912 646 847
internal_value=-0.000579623 0.0468997 -0.145251 0.162801 -0.184849 -0.0150951 0.235105 0.0150677 -0.284927 -0.146392 -0.00177387 -0.0163644 0.109185 -0.125128 0.0613288 -0.0215604 0.206615 0.281218 0.221615 -0.0803389 -0.0519423 0.228787 -0.0313254 -0.0106414 0.462827 0.0824351 -0.0151855 0.0391135 0.0695865 -0.149352
internal_weight=15059 11338 3721 2443 2853 868 1286 8895 792 2061 6521 4806 191 1697 2374 4615 1143 96 1030 723 772 1004 659 3892 143 1157 3728 1715 803 1286
internal_count=15059 11338 3721 2443 2853 868 1286 8895 792 2061 6521 4806 191 1697 2374 4615 1143 96 1030 723 772 1004 659 3892 143 1157 3728 1715 803 1286
is_linear=0
shrinkage=0.05


Tree=3
num_leaves=31
num_cat=0
split_feature=0 9 15 5 12 15 5 0 12 9 11 9 9 7 7 15 5 19 1 7 5 17 11 11 11 15 3 10 6 6
split_gain=29404.6 17723.3 10632.1 7487.63 5334.38 2898.92 2289.16 2042.39 1364.72 1329.96 1234.8 1160.16 1079.45 1233.75 1077.71 991.267 882.917 811.319 799.891 798.342 779.085 754.491 706.1 698.653 650.677 648.389 617.577 611.63 610.417 595.969
threshold=32.500000000000007 97168.194999999992 28.512500000000006 6.9150000000000009 18.715000000000003 28.512500000000006 10.225000000000003 44.500000000000007 1.0000000180025095e-35 -1334255.5499999996 6.1700000000000017 -914740.69499999983 1628007.7250000003 1384318.1000000003 1985767.7500000002 15.487500000000002 10.135000000000003 -0.82499999999999918 3.5000000000000004 714295.60000000009 1.0050000000000001 52.912500000000009 0.91499999999999926 6.1700000000000017 -23.715 14.697500000000002 9.9607085000000009 21.715000000000003 20.507003500000003 24.738037000000002
decision_type=2 2 2 2 2 2 2 2 2 2 2 2 2 2 2 2 2 2 2 2 2 2 2 2 2 2 2 2 2 2
left_child=1 3 4 8 7 -3 9 15 17 18 25 21 13 -7 -13 -2 24 -1 -5 -12 -19 27 -6 -17 -4 -11 -8 -10 -15 -16
right_child=2 5 16 6 22 12 26 -9 11 10 19 14 -14 28 29 23 -18 20 -20 -21 -22 -23 -24 -25 -26 -27 -28 -29 -30 -31
leaf_value=-0.076927913244254895 0.33993894808694852 -0.093378171368819776 0.20528488509033038 0.4078947759443714 0.59790048420429232 -0.15816400570118982 0.11538170153036009 0.066959198621632771 0.288281222400458 0.10872036013915204 -0.031293308426162049 -0.052134539067824295 -0.34404148515051519 -0.29269405172540686 -0.20218231275968962 0.20082390455114291 0.075467742543713037 -0.27129916749915783 0.042568217012388956 -0.14480840572719139 -0.13609448411812386 -0.25662569263949991 0.38169385572759118 0.077541647480382017 0.014593178301848881 0.002419961998695114 0.047355068599954045 0.019986885136475774 -0.18234659474165668 -0.084491332815332734
leaf_weight=250 117 771 46 31 70 775 481 363 23 150 554 789 142 372 243 1053 1244 176 29 215 270 23 82 129 1626 3286 1089 278 189 193
leaf_count=250 117 771 46 31 70 775 481 363 23 150 554 789 142 372 243 1053 1244 176 29 215 270 23 82 129 1626 3286 1089 278 189 193
internal_value=-0.000550642 -0.0478311 0.102697 -0.0132767 0.197741 -0.171975 0.0165788 0.171811 -0.0908744 -0.00242228 -0.00575749 -0.064743 -0.212975 -0.199044 -0.086997 0.201111 0.0435712 -0.149032 0.23132 -0.0630303 -0.189449 0.0193964 0.481263 0.187369 0.0198395 0.00706055 0.0681963 0.0404878 -0.255518 -0.150085
internal_weight=15059 10329 4730 8080 1814 2249 5835 1662 2245 4265 4205 1549 1478 1336 1225 1299 2916 696 60 769 446 324 152 1182 1672 3436 1570 301 561 436
internal_count=15059 10329 4730 8080 1814 2249 5835 1662 2245 4265 4205 1549 1478 1336 1225 1299 2916 696 60 769 446 324 152 1182 1672 3436 1570 301 561 436
is_linear=0
shrinkage=0.05


Tree=4
num_leaves=31
num_cat=0
split_feature=4 5 15 15 4 0 3 5 5 11 0 1 0 10 15 3 13 15 4 5 1 3 1 9 17 15 15 4 9 9
split_gain=34309 13784.8 6462.43 4686.25 4209.07 2940.8 2442.54 2284.65 2235.35 1763.99 1391.25 1139.94 1020.79 1074.51 954.975 931.34 822.484 754.995 716.862 688.351 687.476 653.199 600.579 581 1001.46 573.984 655.018 563.44 536.451 521.552
threshold=1203109.5000000002 11.655000000000003 21.320000000000004 27.960000000000004 2073702.5000000002 30.500000000000004 24.036941500000005 7.5450000000000008 19.005000000000006 1.9650000000000001 25.500000000000004 1.5000000000000002 22.500000000000004 27.895000000000003 16.210000000000004 28.404663000000003 1.0000000180025095e-35 30.485000000000003 240160.97000000003 14.485000000000001 4.5000000000000009 14.056060500000003 4.5000000000000009 -600043.70999999985 51.710000000000008 47.797500000000007 16.210000000000004 2850362.1500000004 425989.50000000006 31889.455000000005
decision_type=2 2 2 2 2 2 2 2 2 2 2 2 2 2 2 2 2 2 2 2 2 2 2 2 2 2 2 2 2 2
left_child=1 7 5 8 10 28 27 20 11 12 16 18 21 14 -14 -7 -4 -18 -3 -13 23 -9 -12 24 25 26 -1 -6 -2 -11
right_child=2 3 4 -5 6 15 -8 9 -10 29 22 19 13 -15 -16 -17 17 -19 -20 -21 -22 -23 -24 -25 -26 -27 -28 -29 -30 -31
leaf_value=0.3276810956001282 -0.016364170551753123 0.23423900542219292 -0.11758651414093779 0.074902639026969337 -0.25265794349743131 0.064755831598019106 -0.14354428975533604 0.060689071721843457 0.41539337812291999 0.0051229171393047225 -0.035623089960381313 0.12720329212770945 0.43901342543271876 0.053215659987751518 0.12788909702794626 0.34814774242924973 -0.10897641351540122 -0.27924505864843879 0.42011034773743677 0.2167801323718305 -0.067785318438718864 0.0079408217971690676 -0.12372687507671153 -0.022143752592807858 -0.18078862302513288 0.25844644794454547 0.032246304170394521 -0.34077919964606945 -0.14061556229436842 -0.068539194944877549
leaf_weight=20 444 209 490 1157 600 49 539 1072 124 2006 573 518 26 923 480 71 97 198 69 366 666 1297 292 1748 44 37 303 260 108 273
leaf_count=20 444 209 490 1157 600 49 539 1072 124 2006 573 518 26 923 480 71 97 198 69 366 666 1297 292 1748 44 37 303 260 108 273
internal_value=-0.00052311 0.0427121 -0.132262 0.147911 -0.163197 0.00809428 -0.226996 0.0138193 0.213597 0.031075 -0.109102 0.192062 0.0519424 0.0853178 0.143876 0.232429 -0.157298 -0.223258 0.280373 0.164291 -0.0233926 0.03181 -0.0653645 -0.00965391 0.0443863 0.0719077 0.0505395 -0.279299 -0.0406742 -0.00370102
internal_weight=15059 11338 3721 2443 3049 672 1399 8895 1286 6077 1650 1162 3798 1429 506 120 785 295 278 884 2818 2369 865 2152 404 360 323 860 552 2279
internal_count=15059 11338 3721 2443 3049 672 1399 8895 1286 6077 1650 1162 3798 1429 506 120 785 295 278 884 2818 2369 865 2152 404 360 323 860 552 2279
is_linear=0
shrinkage=0.05


Tree=5
num_leaves=31
num_cat=0
split_feature=4 5 3 15 4 12 4 0 0 11 15 15 11 1 6 15 5 8 15 0 0 5 15 11 10 10 11 15 14 11
split_gain=31942.1 15781.5 5137.29 5090.65 3496.88 3479.79 2568.01 1667.63 1637.5 1446.1 1356.95 1334.58 1310.13 1187.88 997.233 970.225 960.506 793.178 742.758 688.416 685.313 658.173 621.621 598.705 596.229 583.369 558.77 551.961 525.227 509.332
threshold=1588718.55 11.655000000000003 24.036941500000005 27.700000000000006 835586.60000000009 20.230000000000004 2272686.2500000005 21.500000000000004 30.500000000000004 7.4150000000000018 28.512500000000006 14.697500000000002 -0.54999999999999971 4.5000000000000009 27.761230500000003 20.672500000000003 8.9450000000000021 6.9212345000000015 24.460000000000004 21.500000000000004 44.500000000000007 13.945000000000002 28.700000000000003 4.3450000000000006 37.050000000000004 50.925000000000004 5.7700000000000014 21.090000000000003 52.527500000000011 -3.3499999999999983
decision_type=2 2 2 2 2 2 2 2 2 2 2 2 2 2 2 2 2 2 2 2 2 2 2 2 2 2 2 2 2 2
left_child=1 4 6 5 7 9 13 16 15 14 20 -6 -7 25 21 -4 17 22 -10 -13 -9 -3 -1 24 -5 -2 -12 -16 -25 -23
right_child=2 3 8 23 11 12 -8 10 18 -11 26 19 -14 -15 27 -17 -18 -19 -20 -21 -22 29 -24 28 -26 -27 -28 -29 -30 -31
leaf_value=0.014745944911595183 -0.083164105776573016 0.14912787045142212 -0.019771049238162201 0.1256334859231808 0.21448630853447806 0.84986066931769955 -0.28202437028941507 0.14311962040021428 0.15682541726529597 0.018943686444046245 0.043549374356886598 -0.11035127386996674 0.40432169599966566 -0.23896327706464265 0.38607589329054598 -0.12975479664760209 0.03217193138623918 0.26202695567447404 -0.04295594328907372 -0.042662526503801916 0.045634071716631301 0.35716978851435843 -0.030505917850779621 0.064897704254402666 -0.0048233541881754285 -0.18168891041575586 -0.01655625724048064 0.20371569199348563 -0.040974039454123978 0.20900695679100376
leaf_weight=1147 423 519 283 528 43 21 696 482 100 112 1619 597 77 295 109 688 1785 26 87 1013 288 69 2243 387 105 233 508 67 168 364
leaf_count=1147 423 519 283 528 43 21 696 482 100 112 1619 597 77 295 109 688 1785 26 87 1013 288 69 2243 387 105 233 508 67 168 364
internal_value=-7.46854e-05 0.0347063 -0.152305 0.146086 0.00585341 0.21297 -0.209044 0.0193814 -0.0716072 0.190301 0.0497833 -0.0604198 0.499794 -0.155632 0.207315 -0.0976998 0.0024473 -0.013085 0.063879 -0.067762 0.106657 0.187101 -0.015195 0.0707574 0.103994 -0.118158 0.0291941 0.316655 0.03285 0.232617
internal_weight=15082 12277 2805 2526 9751 1338 1647 8098 1158 1240 2897 1653 98 951 1128 971 5201 3416 187 1610 770 952 3390 1188 633 656 2127 176 555 433
internal_count=15082 12277 2805 2526 9751 1338 1647 8098 1158 1240 2897 1653 98 951 1128 971 5201 3416 187 1610 770 952 3390 1188 633 656 2127 176 555 433
is_linear=0
shrinkage=0.05


Tree=6
num_leaves=31
num_cat=0
split_feature=4 5 12 3 4 11 4 15 5 15 0 0 13 0 11 15 11 6 15 8 10 15 14 11 0 9 12 3 10 15
split_gain=28839.3 14354.8 4607.03 4535.41 3452.36 2917.28 1950.89 1702.68 1562.74 1360.31 1287.26 1164.22 1106.88 1026.17 851.483 824.304 808.782 757.394 725.682 702.555 637.802 628.322 612.739 607.571 594.015 579.827 573.7 545.261 543.571 483.765
threshold=1661661.1000000003 11.655000000000003 19.505000000000006 24.036941500000005 835586.60000000009 5.2550000000000008 2419081.3500000006 25.085000000000004 9.8250000000000011 14.697500000000002 30.500000000000004 33.500000000000007 1.0000000180025095e-35 19.500000000000004 0.91499999999999926 20.672500000000003 -0.12999999999999987 27.761230500000003 28.700000000000003 6.9212345000000015 50.925000000000004 26.590000000000003 16.755000000000006 34.755000000000003 21.500000000000004 -201003.69999999992 17.405000000000005 7.7700042500000004 37.695000000000007 28.512500000000006
decision_type=2 2 2 2 2 2 2 2 2 2 2 2 2 2 2 2 2 2 2 2 2 2 2 2 2 2 2 2 2 2
left_child=1 4 5 6 8 7 12 17 13 25 15 -4 20 19 -13 -5 -10 22 -11 23 -2 -15 -3 29 -20 -6 -12 -14 -9 -1
right_child=3 2 11 10 9 -7 -8 28 16 18 26 14 27 21 -16 -17 -18 -19 24 -21 -22 -23 -24 -25 -26 -27 -28 -29 -30 -31
leaf_value=0.014299980601717367 -0.084658234312149916 0.43833111628242166 0.087383277001588253 -0.022977597054926469 0.41151846855878826 0.033159789530164185 -0.27804584623334344 0.12127311153633689 0.094283939546019602 -0.020385140198040351 0.020495761026862732 0.61809755826834589 -0.067767052787045631 0.091063861610628391 0.35112619409337642 -0.12627778592487712 0.029199279556720525 0.30960011657786701 -0.13728875469993246 0.24060464206018617 -0.19121454647897254 0.021120180442686598 0.17594801889047965 -0.28562191927805547 -0.062134762914348884 0.056319949499986789 0.30592394977808002 -0.26069785937263101 0.00050515432244623612 -0.022321317803335468
leaf_weight=1397 398 23 23 273 20 677 585 770 845 599 147 56 42 392 64 660 1097 146 402 28 217 1775 683 20 760 27 20 286 106 2544
leaf_count=1397 398 23 23 273 20 677 585 770 845 599 147 56 42 392 64 660 1097 146 402 28 217 1775 683 20 760 27 20 286 106 2544
internal_value=-7.09512e-05 0.0316898 0.137533 -0.150584 0.00446505 0.121139 -0.206316 0.155607 0.0184123 -0.0580045 -0.0731681 0.413254 -0.161817 0.00607562 0.475713 -0.0960517 0.0575188 0.205934 -0.0650898 -0.00897064 -0.122256 0.0337727 0.184496 -0.0107349 -0.0881347 0.207468 0.0546788 -0.235993 0.10666 -0.00933985
internal_weight=15082 12454 2548 2628 9906 2405 1528 1728 8098 1808 1100 143 943 6156 120 933 1942 852 1761 3989 615 2167 706 3961 1162 47 167 328 876 3941
internal_count=15082 12454 2548 2628 9906 2405 1528 1728 8098 1808 1100 143 943 6156 120 933 1942 852 1761 3989 615 2167 706 3961 1162 47 167 328 876 3941
is_linear=0
shrinkage=0.05


Tree=7
num_leaves=31
num_cat=0
split_feature=4 12 3 12 0 4 15 4 15 0 6 0 15 1 15 15 3 7 9 15 12 14 0 10 16 9 0 10 16 3
split_gain=26049.1 10747 4197.23 3652.02 3555.69 2467.25 2218.12 2098.9 1963.58 1337.12 1308.71 1104.26 1022.2 993.198 929.115 789.775 784.251 731.958 683.267 656.56 648.933 607.071 560.766 558.475 554.569 553.157 521.167 470.683 455.272 447.352
threshold=1588718.55 11.755000000000001 24.036941500000005 19.505000000000006 32.500000000000007 656615.42500000016 28.700000000000003 2272686.2500000005 33.840000000000011 30.500000000000004 24.618271000000004 44.500000000000007 57.8825 4.5000000000000009 14.697500000000002 20.672500000000003 27.121002000000001 169468.12500000003 1203.0708999999999 14.697500000000002 17.830000000000002 19.437500000000004 23.500000000000004 23.405000000000005 26.332500000000007 332564.6750000001 12.500000000000002 50.925000000000004 107.48750000000001 25.592117000000005
decision_type=2 2 2 2 2 2 2 2 2 2 2 2 2 2 2 2 2 2 2 2 2 2 2 2 2 2 2 2 2 2
left_child=1 4 7 8 5 18 11 13 16 15 -5 19 14 27 -7 -4 25 -16 21 -6 -11 26 -19 -18 -12 -3 -1 -2 -8 -21
right_child=2 3 9 10 6 12 28 -9 -10 20 24 -13 -14 -15 17 -17 23 22 -20 29 -22 -23 -24 -25 -26 -27 -28 -29 -30 -31
leaf_value=0.055697663035243754 -0.074839303564708512 0.14575602141424532 -0.017867122606338125 0.052739583000540741 0.41320290168126422 0.16952994358208445 0.026220182519980907 -0.25480415326350464 0.030366584147562131 0.025599195291762224 0.38456998782401741 0.041640641756821424 -0.3072876107947129 -0.21673519796486629 -0.3142212307346719 -0.11709732746903048 0.32062892086321004 -0.082797623514475699 -0.047497514729203293 0.11001454886577836 0.32698138892650608 0.011249680407896478 -0.023118125173807291 0.1075628398116245 0.62491900893774899 -0.033161217355065879 0.28936078801751136 -0.16333819504051827 0.24977852008912876 0.19629463985619419
leaf_weight=75 423 1080 283 25 24 45 2312 696 439 167 88 310 41 295 28 688 108 888 499 354 20 4814 707 43 33 45 35 233 23 261
leaf_count=75 423 1080 283 25 24 45 2312 696 439 167 88 310 41 295 28 688 108 888 499 354 20 4814 707 43 33 45 35 233 23 261
internal_value=-6.74038e-05 0.0313418 -0.13754 0.142016 0.011568 -0.00825537 0.0546192 -0.188825 0.121579 -0.0645982 0.382075 0.119076 -0.0606419 -0.140538 -0.0545792 -0.0881765 0.15296 -0.060793 0.00825367 0.156643 0.0578326 0.0139035 -0.0563441 0.259954 0.45012 0.138599 0.130045 -0.106273 0.0284223 0.146631
internal_weight=15082 12277 2805 1861 10416 7132 3284 1647 1715 1158 146 949 1709 951 1668 971 1276 1623 5423 639 187 4924 1595 151 121 1125 110 656 2335 615
internal_count=15082 12277 2805 1861 10416 7132 3284 1647 1715 1158 146 949 1709 951 1668 971 1276 1623 5423 639 187 4924 1595 151 121 1125 110 656 2335 615
is_linear=0
shrinkage=0.05


Tree=8
num_leaves=31
num_cat=0
split_feature=4 12 3 0 12 4 15 15 4 0 0 0 1 11 15 11 11 15 12 15 14 15 10 14 12 6 12 11 11 11
split_gain=23538.8 9939.57 3691.32 3359.86 3319.31 2456.37 2011.91 1778.75 1605.97 1212.69 1047.6 992.209 940.214 929.635 908.064 806.538 725.295 670.612 660.527 616.595 597.453 525.539 519.396 513.205 506.042 500.489 493.212 472.529 462.589 433.137
threshold=1661661.1000000003 11.755000000000001 24.036941500000005 32.500000000000007 19.505000000000006 835586.60000000009 28.700000000000003 33.840000000000011 2419081.3500000006 33.500000000000007 30.500000000000004 43.500000000000007 4.5000000000000009 1.6000000000000008 13.947500000000002 7.075000000000002 0.91499999999999926 20.672500000000003 1.0000000180025095e-35 14.697500000000002 19.437500000000004 24.460000000000004 50.925000000000004 35.117500000000007 13.955000000000002 18.965164000000005 10.485000000000001 37.570000000000007 -5.6099999999999994 7.4150000000000018
decision_type=2 2 2 2 2 2 2 2 2 2 2 2 2 2 2 2 2 2 2 2 2 2 2 2 2 2 2 2 2 2
left_child=1 3 8 5 7 15 11 13 12 -6 17 19 22 24 -7 20 -11 -4 25 -5 28 -12 -2 -14 -3 -16 -22 -17 -1 -8
right_child=2 4 10 6 9 14 29 -9 -10 16 21 -13 23 -15 18 27 -18 -19 -20 -21 26 -23 -24 -25 -26 -27 -28 -29 -30 -31
leaf_value=0.2954459810505311 -0.076044340082325759 0.13833596615491703 -0.020935360297233196 0.40745980273122373 0.059136841660020527 0.2288192676810118 0.039129963787484234 0.028626978911713442 -0.25140334685834559 0.55944765842797473 0.13521194974350376 0.049508513292846362 -0.12885730253912292 0.082258093785425243 -0.15063596510684449 -0.031385485587264249 0.31420687586069107 -0.11410903066827097 -0.044871231394965988 0.14329366585678724 0.0059379235463004887 -0.042263801501672943 -0.16811667780069064 -0.26670658027952804 0.21435996258124998 -0.053169494632978077 0.058568329700543709 -0.25628450728642443 0.067418676454487236 -0.010595446393432137
leaf_weight=30 393 467 273 23 27 26 1760 440 585 57 86 376 103 403 340 870 64 660 1001 558 4194 81 251 196 412 215 498 24 86 583
leaf_count=30 393 467 273 23 27 26 1760 440 585 57 86 376 103 403 340 870 64 660 1001 558 4194 81 251 196 412 215 498 24 86 583
internal_value=-6.40336e-05 0.0286299 -0.136044 0.00985427 0.134898 -0.00910744 0.0517079 0.115369 -0.186322 0.362125 -0.0662022 0.112795 -0.145949 0.14514 -0.0642317 0.00618658 0.429734 -0.086846 -0.0691284 0.153751 0.0142954 0.0491309 -0.11193 -0.21922 0.17397 -0.112879 0.011524 -0.037423 0.126391 0.026757
internal_weight=15082 12454 2628 10584 1870 7284 3300 1722 1528 148 1100 957 943 1282 1582 5702 121 933 1556 581 4808 167 644 299 879 555 4692 894 116 2343
internal_count=15082 12454 2628 10584 1870 7284 3300 1722 1528 148 1100 957 943 1282 1582 5702 121 933 1556 581 4808 167 644 299 879 555 4692 894 116 2343
is_linear=0
shrinkage=0.05


Tree=9
num_leaves=31
num_cat=0
split_feature=4 5 12 6 4 15 4 14 0 0 8 5 6 15 5 4 15 1 0 0 0 12 15 17 6 0 1 4 10 3
split_gain=21243.7 11133.3 3651.96 3333.35 2260.55 2252.92 1451.9 1109.25 1093.6 955.482 930.11 913.994 897.713 879.725 672.291 620.55 603.787 602.174 553.594 532.58 515.714 505.114 481.182 473.03 467.586 473.706 462.925 418.581 432.746 413.636
threshold=1661661.1000000003 11.055000000000001 19.505000000000006 23.792175000000004 835586.60000000009 27.960000000000004 2073702.5000000002 28.877500000000001 19.500000000000004 30.500000000000004 3.2496947 13.075000000000001 25.841888000000001 28.512500000000006 7.5450000000000008 706108.44000000006 20.672500000000003 1.5000000000000002 32.500000000000007 44.500000000000007 23.500000000000004 1.0000000180025095e-35 13.947500000000002 22.632500000000004 18.219162000000004 42.500000000000007 4.5000000000000009 2747658.3500000006 57.990000000000002 14.056060500000003
decision_type=2 2 2 2 2 2 2 2 2 2 2 2 2 2 2 2 2 2 2 2 2 2 2 2 2 2 2 2 2 2
left_child=1 4 5 6 8 10 26 18 14 16 11 -3 -4 19 -1 -7 -5 -13 22 -10 -9 -8 -6 -11 -15 -26 -2 28 -23 -16
right_child=3 2 12 9 7 15 21 20 13 23 -12 17 -14 24 29 -17 -18 -19 -20 -21 -22 27 -24 -25 25 -27 -28 -29 -30 -31
leaf_value=-0.031111549373509257 -0.086395739073136191 0.11326886287980678 0.14588349057655586 -0.019888591913731546 0.21673572747795672 0.063635186079856756 -0.26497106219747824 -0.1023246570133165 0.12010182242533617 0.14676003153835024 0.019201505977100325 0.29349760803445352 0.42913697034401715 0.0022033376619219783 0.029865101581639131 -0.050593282487959815 -0.10870146092071083 0.17216623240727047 0.28624255223199729 0.029412394575953772 -0.042439847582373867 -0.11014029300977662 -0.0040477379108373509 -0.023060760205856179 0.078501407737906981 -0.0088717737927328094 -0.1787617627093292 -0.24259971861605878 -0.21891900916124071 -0.0055599186232447809
leaf_weight=1448 413 691 38 273 27 1392 334 664 429 70 143 127 106 1282 1443 130 640 525 20 260 784 217 287 99 515 222 202 222 158 1921
leaf_count=1448 413 691 38 273 27 1392 334 664 429 70 143 127 106 1282 1443 130 640 525 20 260 784 217 287 99 515 222 202 222 158 1921
internal_value=-6.08319e-05 0.0271984 0.108411 -0.129242 -0.000320566 0.0966353 -0.176351 -0.0509548 0.0116781 -0.0619301 0.140428 0.153336 0.35439 0.0370954 -0.00262568 0.0538785 -0.0821451 0.1958 0.0311827 0.0858794 -0.0699008 -0.215733 0.0149368 0.0472792 0.0204474 0.0521828 -0.116734 -0.188186 -0.155972 0.00963577
internal_weight=15082 12454 3152 2628 9302 3008 1546 1782 7520 1082 1486 1343 144 2708 4812 1522 913 652 334 689 1448 931 314 169 2019 737 615 597 375 3364
internal_count=15082 12454 3152 2628 9302 3008 1546 1782 7520 1082 1486 1343 144 2708 4812 1522 913 652 334 689 1448 931 314 169 2019 737 615 597 375 3364
is_linear=0
shrinkage=0.05


Tree=10
num_leaves=31
num_cat=0
split_feature=4 5 14 15 4 0 11 3 5 0 14 15 11 12 11 0 1 6 7 0 3 3 11 9 15 19 17 11 14 9
split_gain=18697.3 8475.07 3928.12 2910.25 2467.21 2231.38 1712.21 1376.28 1294.42 1196.65 854.643 806.636 792.087 656.642 648.609 644.131 597.608 560.857 548.198 531.913 518.13 516.742 503.984 478.815 456.765 414.245 412.391 410.28 406.011 398.263
threshold=1081997.2500000002 11.655000000000003 31.580000000000002 21.090000000000003 2494360.6500000004 32.500000000000007 7.4150000000000018 26.848953000000005 9.5550000000000015 25.500000000000004 78.392500000000013 24.460000000000004 17.775000000000006 1.0000000180025095e-35 4.3450000000000006 26.500000000000004 5.5000000000000009 20.361786000000002 232121.21000000002 25.500000000000004 24.259673500000002 9.8107452500000019 1.349999999999999 -412174.17499999999 17.132500000000004 0.092499999999997598 19.182500000000005 29.460000000000008 23.960000000000004 111268.9999999999
decision_type=2 2 2 2 2 2 2 2 2 2 2 2 2 2 2 2 2 2 2 2 2 2 2 2 2 2 2 2 2 2
left_child=1 6 5 7 9 12 8 22 19 13 14 28 15 20 21 -2 -11 -6 -9 26 -4 -5 -3 24 -17 -19 -1 -8 -7 -15
right_child=2 3 4 10 17 11 27 18 -10 16 -12 -13 -14 29 -16 23 -18 25 -20 -21 -22 -23 -24 -25 -26 -27 -28 -29 -30 -31
leaf_value=0.045569451724050837 -0.053996227977135471 0.20271155228943757 -0.2211608124456439 0.17862784191334652 -0.23756805721627572 0.12468875509997208 -0.032622726233061811 0.24470053970276773 0.055580037080879989 -0.044989808920921456 -0.084218305451412734 -0.024436608177644235 -0.14396960957415611 -0.068922753007085807 0.048406233055995784 0.30713962117830912 -0.15287001307021728 -0.09026980577098416 0.41343188769677108 0.030153488999477319 -0.07939768463395358 0.095359109916098125 0.094294103093238338 0.0025128970870723815 0.055267384793195463 -0.20644593045581133 -0.0091035010069332022 -0.13771687939390539 0.37407859801953913 -0.14368175917556616
leaf_weight=386 522 265 277 236 435 24 1302 111 1910 968 73 27 144 365 598 27 148 151 85 1770 84 885 180 306 54 156 3240 100 51 348
leaf_count=386 522 265 277 236 435 24 1302 111 1910 968 73 27 144 365 598 27 148 151 85 1770 84 885 180 306 54 156 3240 100 51 348
internal_value=-1.19902e-05 0.0335446 -0.0914859 0.116047 -0.122252 -0.0133859 0.0104935 0.20748 0.0202059 -0.0955543 0.0833415 0.209909 -0.0350157 -0.13323 0.0904572 -0.0177556 -0.0592965 -0.201049 0.317875 0.00768461 -0.188174 0.112889 0.158857 0.031127 0.139225 -0.149304 -0.00328338 -0.0401187 0.294274 -0.105411
internal_weight=15228 11141 4087 2433 2932 1155 8708 641 7306 2190 1792 102 1053 1074 1719 909 1116 742 196 5396 361 1121 445 387 81 307 3626 1402 75 713
internal_count=15228 11141 4087 2433 2932 1155 8708 641 7306 2190 1792 102 1053 1074 1719 909 1116 742 196 5396 361 1121 445 387 81 307 3626 1402 75 713
is_linear=0
shrinkage=0.05


Tree=11
num_leaves=31
num_cat=0
split_feature=4 5 15 0 15 4 11 3 12 12 10 4 14 5 6 11 11 0 3 10 17 11 8 6 14 6 6 15 10 19
split_gain=16874.3 7648.75 3606.54 2901.64 2626.5 1914.42 1545.27 1249.94 1191.2 1009.02 881.52 877.041 771.315 754.14 707.495 679.067 585.37 468.352 466.359 443.273 639.335 433.522 428.38 427.718 424.857 497.146 420.598 414.553 393.292 370.967
threshold=1081997.2500000002 11.655000000000003 28.512500000000006 30.500000000000004 21.090000000000003 2073702.5000000002 7.4150000000000018 27.671173500000005 9.6050000000000022 18.005000000000006 64.605000000000004 3060716.0000000005 78.392500000000013 15.335000000000003 23.038803000000005 7.075000000000002 4.3450000000000006 25.500000000000004 9.8107452500000019 52.95000000000001 28.700000000000003 1.349999999999999 7.7931673500000018 13.334747000000002 47.357500000000009 12.351349000000001 18.307602000000003 33.140000000000008 25.035000000000004 0.61500000000000032
decision_type=2 2 2 2 2 2 2 2 2 2 2 2 2 2 2 2 2 2 2 2 2 2 2 2 2 2 2 2 2 2
left_child=1 6 3 10 7 15 8 13 17 23 11 24 16 21 29 -4 18 22 -6 20 -16 -3 -1 -5 -2 -26 -19 -10 -28 -7
right_child=2 4 5 9 12 14 -8 -9 27 -11 -12 -13 -14 -15 19 -17 -18 26 -20 -21 -22 -23 -24 -25 25 -27 28 -29 -30 -31
leaf_value=-0.0028845291899853992 -0.025789261606225529 0.15984420276694167 -0.060901657797023327 -0.079131317992762823 0.16969645048760007 -0.16663207419368115 -0.038112806043781595 0.34258980040748915 0.074971634792475567 0.3105533229473692 -0.24375530173115079 -0.20924073893083148 -0.080007390933085801 0.24639544637395172 -0.25928106061790301 -0.13268830272122875 0.045985920830167615 0.010751303132201429 0.090591154801369894 -0.23850321542532718 -0.054784678871356018 0.04033887497590561 0.2047651509344578 0.097357060675513696 -0.23694904323022525 -0.062762377278847911 0.12229858471671501 0.021673541081364038 0.037043118431240384 -0.23924859269288057
leaf_weight=3819 938 227 893 41 236 332 1402 120 1076 52 63 83 73 180 46 522 598 1152 885 61 226 114 25 211 52 193 186 552 496 374
leaf_count=3819 938 227 893 41 236 332 1402 120 1076 52 63 83 73 180 46 522 598 1152 885 61 226 114 25 211 52 193 186 552 496 374
internal_value=-1.13908e-05 0.0318674 -0.0869116 -0.0293335 0.110245 -0.125227 0.00996884 0.197106 0.0191956 0.110022 -0.0612102 -0.0521262 0.0791744 0.163598 -0.176764 -0.0873841 0.0859343 0.00838491 0.107245 -0.116688 -0.0893686 0.119892 -0.00153405 0.0686427 -0.041103 -0.0997326 0.0291747 0.0569 0.0602946 -0.2051
internal_weight=15228 11141 4087 1633 2433 2454 8708 641 7306 304 1329 1266 1792 521 1039 1415 1719 5678 1121 333 272 341 3844 252 1183 245 1834 1628 682 706
internal_count=15228 11141 4087 1633 2433 2454 8708 641 7306 304 1329 1266 1792 521 1039 1415 1719 5678 1121 333 272 341 3844 252 1183 245 1834 1628 682 706
is_linear=0
shrinkage=0.05


Tree=12
num_leaves=31
num_cat=0
split_feature=0 9 15 5 12 15 0 5 9 15 12 7 10 9 17 11 11 5 10 15 10 11 10 1 15 15 9 1 6 11
split_gain=13458.7 8495.4 4987.94 3503.68 2791.37 1649.14 1142.48 1042.94 945.6 1157.96 847.966 651.89 567.247 558.133 714.503 543.688 512.561 603.875 519.315 484.524 474.707 468.851 462.624 507.345 502.643 495.897 467.667 435.184 433.894 432.894
threshold=32.500000000000007 100923.10000000011 28.512500000000006 6.9250000000000007 18.715000000000003 28.512500000000006 44.500000000000007 11.175000000000002 -618841.89999999991 16.210000000000004 1.0000000180025095e-35 1367779.2500000002 24.305000000000003 -914740.69499999983 52.912500000000009 1.349999999999999 -5.6099999999999994 14.805000000000001 24.195000000000004 13.947500000000002 22.485000000000003 -1.3949999999999994 52.95000000000001 4.5000000000000009 29.347500000000004 36.315000000000005 878576.77000000014 2.5000000000000004 22.722244000000003 27.895
decision_type=2 2 2 2 2 2 2 2 2 2 2 2 2 2 2 2 2 2 2 2 2 2 2 2 2 2 2 2 2 2
left_child=1 3 4 10 6 29 16 8 9 -5 -1 -10 -4 14 20 -6 18 -18 -2 -9 -12 -14 23 24 -7 -25 -26 -11 -27 -3
right_child=2 5 12 7 15 22 -8 19 11 27 13 -13 21 -15 -16 -17 17 -19 -20 -21 -22 -23 -24 25 26 28 -28 -29 -30 -31
leaf_value=-0.10575792195224315 0.29784328515609998 -0.045220392523165204 0.061862693986085515 0.3262048697471619 0.43082402894894289 -0.31808202664057417 0.037318791401235021 0.30429978430271154 0.0042187980754465303 0.15504168043985511 0.26368742156773806 -0.057080747379548269 0.036269733256019697 -0.055642676301149344 -0.23313989769667387 0.24228003724416097 0.096550014065099041 0.17817371964955914 0.14906258403247785 0.055497598022974985 0.022349658868346445 -0.012002873996769591 -0.19949829492598514 -0.10725560206194927 -0.067852844938117135 -0.23779097246536152 -0.15612053258207692 0.0014347027372447105 -0.030065038826848779 -0.15800775464902606
leaf_weight=722 89 692 906 45 78 27 367 20 4250 66 22 483 1104 1212 26 75 738 327 172 906 276 924 343 167 439 246 228 153 28 97
leaf_count=722 89 692 906 45 78 27 367 20 4250 66 22 483 1104 1212 26 75 738 327 172 906 276 924 343 167 439 246 228 153 28 97
internal_value=-1.08211e-05 -0.031805 0.069484 -0.00807114 0.133876 -0.117454 0.115393 0.0121321 0.00310013 0.095195 -0.0610665 -0.00203679 0.0289703 -0.0400592 0.0182345 0.338401 0.137001 0.121612 0.199796 0.0608713 0.0401665 0.0142757 -0.148612 -0.133235 -0.106587 -0.17517 -0.0980253 0.0477272 -0.216564 -0.0590865
internal_weight=15228 10448 4780 8181 1846 2267 1693 5923 4997 264 2258 4733 2934 1536 324 153 1326 1065 261 926 298 2028 1478 1135 694 441 667 219 274 789
internal_count=15228 10448 4780 8181 1846 2267 1693 5923 4997 264 2258 4733 2934 1536 324 153 1326 1065 261 926 298 2028 1478 1135 694 441 667 219 274 789
is_linear=0
shrinkage=0.05


Tree=13
num_leaves=31
num_cat=0
split_feature=4 5 15 15 4 0 12 0 15 4 10 6 8 5 0 9 15 0 9 9 17 7 14 6 14 0 1 4 8 7
split_gain=14002 6378.74 3072.29 2532.65 2364.23 1725.44 1651.46 868.414 778.2 772.246 715.128 711.513 606.276 646.985 556.296 698.171 535.522 510.977 488.235 483.126 472.168 564.564 468.814 478.863 459.429 445.682 413.912 405.342 399.334 381.409
threshold=1081997.2500000002 10.735000000000001 21.320000000000004 27.960000000000004 1971205.5000000002 30.500000000000004 18.715000000000003 25.500000000000004 28.512500000000006 3154311.3500000006 58.795000000000009 28.404663000000003 3.8127901500000001 12.225000000000003 32.500000000000007 13514.022499999979 28.700000000000003 17.500000000000004 -618841.89999999991 425989.50000000006 57.8825 714295.60000000009 64.495000000000005 12.161697500000001 77.892500000000013 25.500000000000004 1.5000000000000002 203014.47000000003 2.9373784999999999 362087.11500000005
decision_type=2 2 2 2 2 2 2 2 2 2 2 2 2 2 2 2 2 2 2 2 2 2 2 2 2 2 2 2 2 2
left_child=1 8 5 6 7 19 12 18 17 10 25 -7 13 -3 15 20 -9 -1 -4 -2 22 -22 -10 28 -5 -6 -15 -8 -24 -20
right_child=2 3 4 24 9 11 27 16 14 -11 -12 -13 -14 26 -16 -17 -18 -19 29 -21 21 -23 23 -25 -26 -27 -28 -29 -30 -31
leaf_value=0.011173224238241689 -0.0024879241838350378 0.083654501668828249 0.0026562101393938064 0.049155165894255226 -0.14717810360778516 0.043401875367177829 0.19527033804112981 0.037827881633741213 -0.016663826140865368 -0.24313098953357076 -0.19331192174021539 0.2696899408781076 0.00084522174534584413 0.21327067928888452 0.016492439047167858 -0.08219333451834912 -0.048859778057482914 0.060060507359454701 -0.26896687125166258 -0.11678942401256216 -0.051320954758122608 -0.32091233527660368 0.029847788363695144 0.020137650585454286 -0.072059975291897616 -0.082132100603246175 0.13157175872826352 0.36933626890936988 0.33533546406289805 -0.10212735375685436
leaf_weight=1644 489 604 110 1674 475 62 58 245 2466 174 352 79 109 205 1692 382 653 792 36 114 87 25 20 563 82 591 636 79 23 707
leaf_count=1644 489 604 110 1674 475 62 58 245 2466 174 352 79 109 205 1692 382 653 792 36 114 87 25 20 563 82 591 636 79 23 707
internal_value=-1.02802e-05 0.0290288 -0.0791697 0.0855526 -0.0996209 0.0127229 0.129227 -0.0595273 0.00370555 -0.143719 -0.13152 0.170187 0.114556 0.123133 -0.00711795 -0.0183206 -0.0252089 0.0270676 -0.0956561 -0.0240972 -0.0106575 -0.111498 -0.00698106 0.0324211 0.0434948 -0.111116 0.151486 0.295644 0.193248 -0.110211
internal_weight=15228 11141 4087 3447 3343 744 1691 1751 7694 1592 1418 141 1554 1445 5258 3566 898 2436 853 603 3184 112 3072 606 1756 1066 841 137 43 743
internal_count=15228 11141 4087 3447 3343 744 1691 1751 7694 1592 1418 141 1554 1445 5258 3566 898 2436 853 603 3184 112 3072 606 1756 1066 841 137 43 743
is_linear=0
shrinkage=0.05


Tree=14
num_leaves=31
num_cat=0
split_feature=4 5 15 15 4 0 5 11 0 11 5 6 8 17 6 0 4 11 11 9 10 4 11 11 14 15 1 11 10 18
split_gain=12662.2 6294.35 2487.73 2369.36 1643.26 1563.01 1500.42 1138.42 1000.85 828.5 711.837 610.296 600.321 543.488 489.717 898.5 639.951 433.049 429.925 420.584 419.505 411.504 493.839 399.752 380.586 368.454 401.195 367.423 343.856 379.742
threshold=1310406.4000000001 10.735000000000001 21.390000000000004 27.960000000000004 2494360.6500000004 31.500000000000004 14.805000000000001 6.7299999999999995 25.500000000000004 -5.1749999999999989 7.5050000000000008 20.361786000000002 0.44273350000000106 71.155000000000015 18.399551000000006 17.500000000000004 647165.40000000002 25.48 -7.1549999999999994 425989.50000000006 19.815000000000001 203014.47000000003 2.5849999999999995 37.570000000000007 77.892500000000013 31.380000000000003 4.5000000000000009 1.9650000000000001 31.015000000000004 11.6775
decision_type=2 2 2 2 2 2 2 2 2 2 2 2 2 2 2 2 2 2 2 2 2 2 2 2 2 2 2 2 2 2
left_child=1 7 5 6 8 19 9 10 25 -3 13 -6 21 14 16 -16 -1 -10 28 -2 -17 -8 -23 -9 -5 -4 -27 -11 -12 -30
right_child=2 3 4 24 11 -7 12 23 17 27 18 -13 -14 -15 15 20 -18 -19 -20 -21 -22 22 -24 -25 -26 26 -28 -29 29 -31
leaf_value=-0.0099387576905200364 0.00097527968136843662 0.18095376915757505 -0.075359986920341737 0.044880418986978143 -0.2008532670443442 0.24781475797295571 0.18895443665337633 -0.033800951594522483 -0.033848743000577393 0.094850428759268676 0.097360779176355453 -0.11507006024645586 0.13230562658590447 -0.25434961513332699 -0.028507027648864772 0.17269869105437319 -0.089796689507441935 -0.13887446292373748 0.013303339997614086 -0.10588451152682588 0.044049542063193572 0.38818557535935394 0.18333073303413888 -0.16770777873181064 -0.064744238227785356 -0.10994860683137982 -0.1952752096438562 0.03224460320076445 0.01409859672355193 0.11951336136325171
leaf_weight=957 462 213 346 1717 470 60 169 1427 911 658 286 371 234 23 572 74 340 110 3412 115 441 76 48 58 83 390 213 364 526 102
leaf_count=957 462 213 346 1717 470 60 169 1427 911 658 286 371 234 23 572 74 340 110 3412 115 441 76 48 58 83 390 213 364 526 102
internal_value=-9.76601e-06 0.0246571 -0.0842836 0.0801719 -0.104501 0.00493367 0.121389 0.000594867 -0.0795231 0.0912484 0.00933457 -0.163011 0.19202 -0.0124606 -0.010127 0.014627 -0.030873 -0.045164 0.0214615 -0.0203226 0.0625351 0.239711 0.308887 -0.039031 0.0398255 -0.116489 -0.140089 0.0725525 0.0519162 0.0312201
internal_weight=15228 11780 3448 3562 2811 637 1762 8218 1970 1235 6733 841 527 2407 2384 1087 1297 1021 4326 577 515 293 124 1485 1800 949 603 1022 914 628
internal_count=15228 11780 3448 3562 2811 637 1762 8218 1970 1235 6733 841 527 2407 2384 1087 1297 1021 4326 577 515 293 124 1485 1800 949 603 1022 914 628
is_linear=0
shrinkage=0.05


Tree=15
num_leaves=31
num_cat=0
split_feature=4 12 15 12 0 0 10 4 15 15 4 1 11 12 10 4 12 6 3 8 17 17 16 16 12 11 11 7 6 11
split_gain=12224.8 4573.06 2460.4 1652.87 1622.91 1274.9 1245.58 1198.82 982.932 882.79 794.38 759.352 691.945 646.07 645.244 626.553 599.747 594.172 532.954 601.236 525.883 478.858 511.249 475.735 474.047 463.885 454.439 433.599 425.815 411.643
threshold=1092313.5500000003 11.755000000000001 28.512500000000006 20.005000000000006 30.500000000000004 25.500000000000004 24.305000000000003 2073702.5000000002 33.642500000000005 18.752500000000001 482331.47000000003 4.5000000000000009 -8.6849999999999987 19.005000000000006 65.52500000000002 3154311.3500000006 14.995000000000003 23.038803000000005 13.983841000000002 6.9212345000000015 55.970000000000006 29.005000000000006 54.720000000000006 40.540000000000006 1.0000000180025095e-35 -0.63999999999999957 1.6000000000000008 2114645.7000000007 27.586547500000005 0.22000000000000067
decision_type=2 2 2 2 2 2 2 2 2 2 2 2 2 2 2 2 2 2 2 2 2 2 2 2 2 2 2 2 2 2
left_child=1 5 4 8 14 10 9 11 16 28 18 27 -11 -6 15 -2 26 -9 21 -20 24 23 -23 -1 -12 -5 -3 -4 -7 -8
right_child=2 3 7 25 13 6 29 17 -10 12 20 -13 -14 -15 -16 -17 -18 -19 19 -21 -22 22 -24 -25 -26 -27 -28 -29 -30 -31
leaf_value=0.034862843086700561 -0.03517018212094971 0.11454854054599191 -0.062534845507000475 0.52576294199563567 0.052943194838040608 0.12947594265453519 0.03290849154051028 -0.17117345152518373 0.026604756760649113 0.35907249566167598 -0.090556935373325126 -0.12578050190992249 0.062337602961049121 0.28436166484128028 -0.22782691787092058 -0.2078046250614253 0.16497037958834904 -0.089482731822233152 -0.008465207399840512 0.23777058672904972 -0.26273711584508419 -0.010720980586892475 0.057897373001201929 0.12710272256149838 -0.010248983752640953 0.25136398192661913 0.034462907539636947 0.035120392757418913 0.36481560114267708 -0.0097227222887286569
leaf_weight=507 1184 575 782 20 267 40 1465 721 438 20 283 484 1110 34 49 55 391 322 2956 25 27 938 382 193 524 67 256 133 37 923
leaf_count=507 1184 575 782 20 267 40 1465 721 438 20 283 484 1110 34 49 55 391 322 2956 25 27 938 382 193 524 67 256 133 37 923
internal_value=0.000777119 0.0276986 -0.0738697 0.102004 -0.0254438 0.0139328 0.0373547 -0.10538 0.09087 0.0787518 -0.000497698 -0.0751315 0.0675895 0.0790835 -0.0498713 -0.0428335 0.113905 -0.145953 0.00703618 -0.00640016 -0.0456738 0.0268648 0.00913676 0.0602947 -0.0384115 0.314444 0.0898772 -0.0483401 0.242561 0.0164308
internal_weight=15208 11177 4031 1747 1589 9430 3595 2442 1660 1207 5835 1399 1130 301 1288 1239 1222 1043 5001 2981 834 2020 1320 700 807 87 831 915 77 2388
internal_count=15208 11177 4031 1747 1589 9430 3595 2442 1660 1207 5835 1399 1130 301 1288 1239 1222 1043 5001 2981 834 2020 1320 700 807 87 831 915 77 2388
is_linear=0
shrinkage=0.05


Tree=16
num_leaves=31
num_cat=0
split_feature=4 5 12 3 11 11 6 12 15 15 9 4 4 6 4 5 1 4 13 11 12 16 17 15 18 3 11 12 11 8
split_gain=11070.4 5779.47 2025.88 1723.97 1371.55 1259.95 862.059 737.242 727.723 687.304 1292.46 645.167 622.789 571.911 539.779 525.82 569.555 509.955 500.156 494.305 547.975 482.854 447.174 421.366 407.272 390.926 378.801 378.134 370.269 690.463
threshold=1661661.1000000003 10.485000000000001 16.385000000000002 24.036941500000005 5.3749999999999973 5.7700000000000014 25.592117000000005 1.0000000180025095e-35 31.802500000000002 14.697500000000002 -600043.70999999985 773120.65000000014 2494360.6500000004 16.694870000000005 2939876.2500000005 12.155000000000003 1.5000000000000002 54669.89850000001 8.3150000000000031 0.69500000000000217 20.005000000000006 89.767499999999998 20.692500000000006 30.345000000000002 6.2075000000000005 7.7700042500000004 -0.26999999999999774 7.5850000000000009 -28.374999999999996 -2.912612999999999
decision_type=2 2 2 2 2 2 2 2 2 2 2 2 2 2 2 2 2 2 2 2 2 2 2 2 2 2 2 2 2 2
left_child=1 5 4 7 8 9 26 25 15 10 -1 27 -9 -13 22 -3 24 21 -6 20 -8 -7 -5 -19 -17 -2 -4 28 29 -11
right_child=3 2 6 14 18 17 19 12 -10 11 -12 13 -14 -15 -16 16 -18 23 -20 -21 -22 -23 -24 -25 -26 -27 -28 -29 -30 -31
leaf_value=0.4146787341151919 -0.021828568515392315 0.068319348918015985 0.18098081806975028 0.021170906619514925 -0.022067300034365779 -0.024112353341736118 0.22954206102071925 -0.071523354301917155 0.039930739120762712 0.28341167617228724 0.046449691894958962 -0.064016676366354761 -0.155048612548222 0.0027286223326979274 -0.13254167929960367 0.25563037009174083 0.10268092895025523 -0.012536740364693107 0.053089601196109337 0.18648051206106531 0.48877450393305888 0.11699434357480361 -0.054129943854720156 -0.089395395734413297 0.092113049946991474 -0.18833859849547169 0.016768739538060295 0.02563770444722005 -0.0059181711497430754 0.023116684238543617
leaf_weight=28 38 904 62 278 580 901 47 601 892 31 160 583 355 714 156 119 716 250 358 133 36 65 678 622 56 487 81 2609 2525 143
leaf_count=28 38 904 62 278 580 901 47 601 892 31 160 583 355 714 156 119 716 250 358 133 36 65 678 622 56 487 81 2609 2525 143
internal_value=0.000738263 0.020079 0.0698919 -0.0933549 0.0586714 -0.00291419 0.18319 -0.128682 0.0768429 0.00702286 0.101292 0.00433964 -0.10254 -0.0272733 -0.0463049 0.0951858 0.122444 -0.0396402 0.00661732 0.246233 0.34198 -0.0146176 -0.0322328 -0.0673602 0.203305 -0.176286 0.0879656 0.0120642 -0.00105666 0.0694911
internal_weight=15208 12615 3984 2593 3625 8631 359 1481 2687 6793 188 6605 956 1297 1112 1795 891 1838 938 216 83 966 956 872 175 525 143 5308 2699 174
internal_count=15208 12615 3984 2593 3625 8631 359 1481 2687 6793 188 6605 956 1297 1112 1795 891 1838 938 216 83 966 956 872 175 525 143 5308 2699 174
is_linear=0
shrinkage=0.05


Tree=17
num_leaves=31
num_cat=0
split_feature=4 5 15 4 15 5 0 3 3 6 3 15 7 16 17 0 8 9 7 1 9 6 5 0 1 9 12 4 16 18
split_gain=10012.9 4340.69 2063.59 1520.58 1519.34 1123.33 1015.76 771.085 640.27 594.951 554.704 536.706 754.302 472.483 452.098 457.075 622.934 557.478 438.411 451.718 436.22 428.224 545.201 533.573 397.863 382.763 375.106 360.781 347.728 334.134
threshold=1092313.5500000003 12.225000000000003 21.320000000000004 1897873.1500000001 21.090000000000003 9.5550000000000015 29.500000000000004 27.671173500000005 28.404663000000003 20.800705000000004 18.984528000000001 14.697500000000002 1047759.5200000001 74.792500000000018 57.8825 20.500000000000004 6.9212345000000015 23822.279999999944 362087.11500000005 4.5000000000000009 -53979.800000000039 18.307602000000003 6.5450000000000008 42.500000000000007 4.5000000000000009 425989.50000000006 19.005000000000006 2850362.1500000004 22.695000000000004 11.545
decision_type=2 2 2 2 2 2 2 2 2 2 2 2 2 2 2 2 2 2 2 2 2 2 2 2 2 2 2 2 2 2
left_child=1 5 6 10 7 11 25 -3 -8 24 18 12 -1 28 15 16 17 -13 -4 -20 -16 22 -17 -23 27 -2 -10 -5 -6 -24
right_child=2 4 3 9 13 -7 8 -9 26 -11 -12 14 -14 -15 20 21 -18 -19 19 -21 -22 23 29 -25 -26 -27 -28 -29 -30 -31
leaf_value=0.044569335505581911 -0.0039862236633435577 0.13603693507021158 -0.22121747648145293 -0.1004562320423629 -0.086126168151244978 0.037720633787909658 0.012178352502071195 0.28620662728531493 0.14307886929094019 -0.081791821022370995 -0.011998031585652286 -0.0056547229339298892 0.35992639440557234 -0.051200843374244867 -0.22937284790371595 -0.071214774279930712 0.23365643256558824 -0.069101249133139697 -0.040295918416403509 -0.11445973283532107 -0.040456453666317831 0.072022429435128585 0.0057294375858288069 -0.011133198241065992 -0.18857376840926948 -0.10833339602224999 0.37319013800310052 -0.18772826689033728 0.078321249249239222 0.098043600584518303
leaf_weight=108 422 410 47 524 33 2777 90 108 77 716 628 3519 23 80 38 222 26 384 624 306 156 597 1061 285 310 111 23 153 1242 108
leaf_count=108 422 410 47 524 33 2777 90 108 77 716 628 3519 23 80 38 222 26 384 624 306 156 597 1061 285 310 111 23 153 1242 108
internal_value=0.00070135 0.0250658 -0.0668554 -0.0835803 0.0945127 0.0110854 0.00966709 0.167346 0.108929 -0.11649 -0.0486613 -0.00024697 0.0999374 0.0666692 -0.0022989 5.21781e-05 -0.010272 -0.011897 -0.0722278 -0.0646982 -0.0774607 0.0178981 0.000616795 0.0451524 -0.141661 -0.0257171 0.196004 -0.120179 0.074065 0.014258
internal_weight=15208 11177 4031 3308 1873 9304 723 518 190 1703 1605 6527 131 1355 6396 6202 3929 3903 977 930 194 2273 1391 882 987 533 100 677 1275 1169
internal_count=15208 11177 4031 3308 1873 9304 723 518 190 1703 1605 6527 131 1355 6396 6202 3929 3903 977 930 194 2273 1391 882 987 533 100 677 1275 1169
is_linear=0
shrinkage=0.05


Tree=18
num_leaves=31
num_cat=0
split_feature=4 0 10 9 12 3 11 11 14 8 12 13 4 15 10 11 0 11 11 16 11 10 11 11 17 10 8 3 17 9
split_gain=9064.15 4090.81 2833.06 1749.14 1497.62 1419.28 1036.06 817.924 659.182 800.159 666.165 612.892 576.2 573.737 547.403 532.595 495.032 479.716 478.074 435.696 434.055 427.49 502.877 409.795 369.843 351.392 367.895 350.478 344.572 344.329
threshold=1661661.1000000003 32.500000000000007 24.305000000000003 10462.055000000009 20.005000000000006 24.036941500000005 3.9199999999999995 -8.9299999999999944 17.750000000000004 -1.466934 10.155000000000003 1.0000000180025095e-35 2494360.6500000004 28.320000000000004 17.415000000000003 0.22000000000000067 28.500000000000004 -2.4599999999999986 37.570000000000007 16.755000000000006 -0.63999999999999957 37.050000000000004 -29.555000000000003 -9.1449999999999978 20.725000000000005 15.895000000000001 6.9212345000000015 7.7700042500000004 54.047500000000007 91664.815499999997
decision_type=2 2 2 2 2 2 2 2 2 2 2 2 2 2 2 2 2 2 2 2 2 2 2 2 2 2 2 2 2 2
left_child=1 3 4 8 6 11 7 -3 9 -1 18 12 -2 -5 17 21 -7 -9 19 -10 -6 23 -23 -4 29 -21 -27 -13 -8 -18
right_child=5 2 15 13 20 16 28 14 10 -11 -12 27 -14 -15 -16 -17 24 -19 -20 25 -22 22 -24 -25 -26 26 -28 -29 -30 -31
leaf_value=0.39440005499383679 -0.063549633165351185 0.3610297081225059 0.11714167079733065 -0.013669208464376038 0.46884370827674871 -0.062990239717188576 0.033353887876781306 0.28812122563681297 -0.21415664951006572 0.055064721761310713 0.039440185430327367 -0.015064055084459191 -0.14299727547709665 -0.082715828163875682 0.087438476659335962 -0.00648264211406462 0.19901792960631293 0.13624000781915666 -0.22524890831361213 0.022878207139749251 0.2286696315988114 0.20898462342719237 -0.0003826507640733995 0.042052850932026667 -0.022666555081368292 -0.0090278852236092954 0.14934570343309159 -0.17294378113001585 0.16947823882102966 0.0022117309515242993
leaf_weight=23 609 34 240 479 25 792 662 62 24 71 1142 38 365 809 755 1027 43 322 24 1225 76 30 652 748 231 4098 37 469 50 46
leaf_count=23 609 34 240 479 25 792 662 62 24 71 1142 38 365 809 755 1027 43 322 24 1225 76 30 652 748 231 4098 37 469 50 46
internal_value=0.000666283 0.018167 0.0552231 -0.00371074 0.100543 -0.0844749 0.0904923 0.119372 0.00662719 0.138094 0.0047405 -0.116529 -0.0933221 -0.0570378 0.112159 0.0218509 -0.0417848 0.160762 -0.00258698 -0.00159444 0.288119 0.0392752 0.00882705 0.0602931 0.0106986 -0.000642664 -0.00761076 -0.161111 0.0429132 0.0972979
internal_weight=15208 12615 4683 7932 1986 2593 1885 1173 6644 94 6550 1481 974 1288 1139 2697 1112 384 5408 5384 101 1670 682 988 320 5360 4135 507 712 89
internal_count=15208 12615 4683 7932 1986 2593 1885 1173 6644 94 6550 1481 974 1288 1139 2697 1112 384 5408 5384 101 1670 682 988 320 5360 4135 507 712 89
is_linear=0
shrinkage=0.05


Tree=19
num_leaves=31
num_cat=0
split_feature=4 5 15 12 0 1 11 11 15 1 4 4 10 12 5 9 10 11 0 7 17 9 8 15 14 10 9 12 11 11
split_gain=8226.82 3623.52 1772.46 1461.63 1039.08 961.224 924.414 843.778 691.526 618.584 614.729 606.479 634.318 549.841 501.901 464.839 418.492 388.733 349.77 422.155 344.114 351.419 490.823 384.56 383.351 339.813 336.845 322.049 355.512 297.441
threshold=1092313.5500000003 10.855000000000002 31.380000000000003 19.505000000000006 30.500000000000004 4.5000000000000009 5.3749999999999973 2.8199999999999998 25.085000000000004 1.5000000000000002 2494360.6500000004 3154311.3500000006 67.160000000000011 18.005000000000006 7.5450000000000008 -600043.70999999985 17.635000000000002 -5.0349999999999993 25.500000000000004 550362.50000000012 69.637500000000017 -139547.50000000003 -3.3330534999999997 36.982500000000009 79.16500000000002 39.275000000000013 -1334255.5499999996 7.5850000000000009 -8.4949999999999992 2.5849999999999995
decision_type=2 2 2 2 2 2 2 2 2 2 2 2 2 2 2 2 2 2 2 2 2 2 2 2 2 2 2 2 2 2
left_child=1 7 4 6 11 10 8 14 9 17 18 12 15 -6 20 -2 -11 -3 19 -4 21 22 -1 -24 -25 -10 -16 -28 -29 -7
right_child=2 3 5 -5 13 29 -8 -9 25 16 -12 -13 -14 -15 26 -17 -18 -19 -20 -21 -22 -23 23 24 -26 -27 27 28 -30 -31
leaf_value=0.21572887840483226 0.049857305618786978 0.24212207697501237 -0.24894957358346301 0.24662813151921703 0.026439617541516466 -0.07844434666524952 0.013535804887845003 -0.020446404793604142 0.059946108088684669 0.1214042970547302 -0.1252295142716241 -0.18772655544910646 -0.21052061526068286 0.21134970975310907 0.22611857532035737 -0.040955207040570055 0.048567910268991266 0.1226898429530293 -0.020819709906204839 -0.066827045318730668 -0.19738405146028684 -0.017485643285738577 0.055857901201191155 -0.053188137827227755 0.096158892587530173 -0.025739185040583836 0.0037336009846457778 0.074696358271636246 0.026103408220995029 -0.15957996192643772
leaf_weight=33 158 110 34 109 319 144 791 2404 1205 371 365 70 51 46 21 1303 421 179 521 496 23 1317 311 227 53 128 1158 473 1843 524
leaf_count=33 158 110 34 109 319 144 791 2404 1205 371 365 70 51 46 21 1303 421 179 521 496 23 1317 311 227 53 128 1158 473 1843 524
internal_value=0.000632968 0.0227178 -0.060603 0.0665699 -0.0263011 -0.0926498 0.0604463 0.00423553 0.0758175 0.105535 -0.0693265 -0.0438461 -0.037185 0.0497434 0.0151048 -0.0311343 0.082687 0.168148 -0.0499121 -0.0785104 -0.00511958 -0.00284133 0.0280666 0.017588 -0.0249189 0.0517183 0.0264698 0.0252629 0.0360276 -0.14209
internal_weight=15208 11177 4031 3314 1947 2084 3205 7863 2414 1081 1416 1582 1512 365 5459 1461 792 289 1051 530 1964 1941 624 591 280 1333 3495 3474 2316 668
internal_count=15208 11177 4031 3314 1947 2084 3205 7863 2414 1081 1416 1582 1512 365 5459 1461 792 289 1051 530 1964 1941 624 591 280 1333 3495 3474 2316 668
is_linear=0
shrinkage=0.05


Tree=20
num_leaves=31
num_cat=0
split_feature=4 5 11 12 6 11 0 4 10 6 0 14 15 3 11 0 11 10 3 15 17 14 9 16 4 17 11 10 11 10
split_gain=7284.58 3854.36 1807.86 1706.77 1305.07 772.782 752.841 584.799 579.972 573.553 552.692 549.351 497.237 549.541 436.619 425.683 396.074 441.653 388.952 388.743 380.573 373.844 373.33 360.583 351.667 344.299 342.623 382.231 311.097 302.398
threshold=1661661.1000000003 9.8250000000000011 6.4249999999999998 16.935000000000006 23.038803000000005 3.0049999999999994 26.500000000000004 2747658.3500000006 18.325000000000003 25.974762000000002 28.500000000000004 17.750000000000004 36.817500000000003 18.079803500000004 32.805000000000007 30.500000000000004 -17.734999999999996 32.225000000000001 9.2961580000000001 14.697500000000002 71.155000000000015 31.2225 -463580.14999999997 57.770000000000003 729884.77000000014 39.350000000000009 -5.7199999999999989 27.725000000000005 16.170000000000009 59.725000000000001
decision_type=2 2 2 2 2 2 2 2 2 2 2 2 2 2 2 2 2 2 2 2 2 2 2 2 2 2 2 2 2 2
left_child=1 5 3 6 7 11 18 12 19 -5 23 22 29 -14 -7 20 -17 -18 -3 -8 -13 -12 -1 -6 -4 26 27 -10 -15 -2
right_child=4 2 24 9 10 14 8 -9 25 -11 21 15 13 28 -16 16 17 -19 -20 -21 -22 -23 -24 -25 -26 -27 -28 -29 -30 -31
leaf_value=0.31587126436440843 -0.043300270639070292 0.071429074148697966 0.0079723172945956773 0.098061960093353107 -0.047898094169348378 -0.024990460387350498 0.2933237118762918 -0.1651764955483154 0.18829702255239741 0.24213449702614304 0.073526328998268595 -0.0045221439815089455 -0.17436557123302551 -0.026220008627215803 -0.12618498381177365 0.094679570080743319 0.04588558952943235 -0.011130058004331964 0.013539934083714079 0.11307981981569191 -0.1895265467398401 -0.032218405497060822 0.050001675623559186 -0.16748557369211231 -0.063728961917675214 0.011685754247009754 0.058803155162124587 0.073001535223264788 -0.14536110537619085 -0.13215366269193463
leaf_weight=23 508 406 821 115 729 2208 32 334 122 173 160 3854 276 148 112 181 647 715 1017 459 28 175 31 69 216 275 946 175 87 118
leaf_count=23 508 406 821 115 729 2208 32 334 122 173 160 3854 276 148 112 181 647 715 1017 459 28 175 31 69 216 275 946 175 87 118
internal_value=0.000162996 0.015947 0.051418 0.0676924 -0.0759446 -0.00568851 0.0578815 -0.10701 0.0775903 0.184606 -0.0356118 0.0045532 -0.0899231 -0.12652 -0.0298757 0.00297362 0.0251892 0.0159545 0.0300564 0.124827 -0.00585654 0.0182865 0.163242 -0.0582384 -0.00696257 0.0623115 0.0735119 0.120362 -0.0703276 -0.060049
internal_weight=15160 12556 4757 3720 2604 7799 3432 1471 2009 288 1133 5479 1137 511 2320 5425 1543 1362 1423 491 3882 335 54 798 1037 1518 1243 297 235 626
internal_count=15160 12556 4757 3720 2604 7799 3432 1471 2009 288 1133 5479 1137 511 2320 5425 1543 1362 1423 491 3882 335 54 798 1037 1518 1243 297 235 626
is_linear=0
shrinkage=0.05


Tree=21
num_leaves=31
num_cat=0
split_feature=4 12 15 0 5 11 12 4 10 9 15 18 10 16 9 8 4 11 11 13 19 4 18 10 3 11 0 5 11 5
split_gain=6666.3 2649.35 1997.25 1173.19 964.124 911.054 864.412 631.066 678.562 593.467 701.672 580.699 604.486 576.604 492.247 492.364 436.186 424.01 404.913 405.632 376.424 365.512 359.474 358.143 341.838 341.804 318.321 310.544 387.994 299.771
threshold=909389.90000000014 11.755000000000001 28.700000000000003 32.500000000000007 9.6650000000000009 4.4650000000000007 19.505000000000006 3060716.0000000005 67.160000000000011 -600043.70999999985 15.487500000000002 5.0275000000000025 24.195000000000004 78.392500000000013 -1182119.7 -2.912612999999999 2768279.2500000005 1.8749999999999984 6.4249999999999998 12.055000000000001 -18.427499999999998 203014.47000000003 2.6824999999999997 46.435000000000009 8.643631000000001 17.205000000000005 30.500000000000004 7.3750000000000009 -8.6849999999999987 8.3950000000000014
decision_type=2 2 2 2 2 2 2 2 2 2 2 2 2 2 2 2 2 2 2 2 2 2 2 2 2 2 2 2 2 2
left_child=1 4 3 7 14 11 13 8 9 10 -2 12 -4 17 15 22 23 24 19 -6 -14 -8 -1 -7 -3 -11 -26 -16 -29 -13
right_child=2 6 5 -5 18 16 21 -9 -10 25 -12 29 20 -15 27 -17 -18 -19 -20 -21 -22 -23 -24 -25 26 -27 -28 28 -30 -31
leaf_value=0.079364777907081283 0.34858279228210454 0.15209253629330885 0.092449078667949852 0.10977390525491065 0.036534586516281248 -0.080344027362239584 0.10425050287422809 -0.15801364654360947 -0.19778166929632426 -0.010660764633026664 0.039475559532540304 -0.11765519956974389 -0.21387593919231046 -0.1064649083548122 -0.021379822279989961 0.035093662212940233 -0.1792155585165969 0.036145455045878329 0.00020517571382262057 0.10247285049762789 -0.036668778563707344 0.29086736166706451 0.36207045154138046 -0.1485546065762082 0.024336741767745321 -0.079536949845561852 0.096197189277037978 0.03987975826394622 -0.0028378089176987116 -0.0067129515813127774
leaf_weight=23 21 198 91 183 2061 794 44 83 50 1138 146 367 31 45 1733 207 190 479 683 263 900 65 22 254 202 214 650 633 3317 73
leaf_count=23 21 198 91 183 2061 794 44 83 50 1138 146 367 31 45 1733 207 190 479 683 263 900 65 22 254 202 214 650 633 3317 73
internal_value=0.000154846 0.0218163 -0.0505955 -0.0103459 0.0109845 -0.0779503 0.079367 -0.0236522 -0.0165445 -0.0105788 0.0783453 -0.0512235 -0.0305472 0.0699373 -0.000701774 0.0676799 -0.109513 0.075129 0.03405 0.0439966 -0.0425693 0.215536 0.217576 -0.096876 0.0929129 -0.0215628 0.0791599 -0.00373401 0.00400782 -0.0992489
internal_weight=15160 10625 4535 1835 8942 2700 1683 1652 1569 1519 167 1462 1022 1574 5935 252 1238 1529 3007 2324 931 109 45 1048 1050 1352 852 5683 3950 440
internal_count=15160 10625 4535 1835 8942 2700 1683 1652 1569 1519 167 1462 1022 1574 5935 252 1238 1529 3007 2324 931 109 45 1048 1050 1352 852 5683 3950 440
is_linear=0
shrinkage=0.05


Tree=22
num_leaves=31
num_cat=0
split_feature=4 5 15 0 15 11 0 3 15 4 6 18 10 5 12 0 15 17 6 15 4 17 11 19 9 0 10 8 10 14
split_gain=6016.34 2405.68 1802.51 1094.01 917.981 822.226 730.72 726.433 652.248 561.726 529.633 524.081 545.549 486.802 453.3 423.075 469.587 416.539 416.156 424.18 393.658 389.906 382.782 339.722 331.231 324.058 323.224 322.11 300.449 299.38
threshold=909389.90000000014 12.225000000000003 28.700000000000003 28.500000000000004 21.090000000000003 4.4650000000000007 19.500000000000004 27.671173500000005 28.512500000000006 2004635.8000000003 20.219147000000003 5.0275000000000025 24.195000000000004 8.4950000000000028 7.205000000000001 42.500000000000007 16.210000000000004 39.160000000000004 27.761230500000003 25.970000000000002 2768279.2500000005 21.442500000000006 8.9700000000000024 -18.427499999999998 -412174.17499999999 32.500000000000007 46.435000000000009 3.5955049999999997 64.605000000000004 52.932500000000005
decision_type=2 2 2 2 2 2 2 2 2 2 2 2 2 2 2 2 2 2 2 2 2 2 2 2 2 2 2 2 2 2
left_child=1 6 3 9 7 11 13 -3 15 28 -5 12 -4 22 -12 16 -8 27 -11 -20 26 -18 -1 -14 -16 -26 -7 -6 -2 -13
right_child=2 4 5 10 17 20 8 -9 -10 18 14 29 23 -15 24 -17 21 -19 19 -21 -22 -23 -24 -25 25 -27 -28 -29 -30 -31
leaf_value=-0.0093999682735828021 0.00056776306908606466 0.1001340799460102 0.0878266246518591 -0.018105816500011886 0.078888834607655653 -0.076326825628339007 0.30471824775636197 0.24877859288110185 0.014279677639593572 -0.11642567199022909 0.020066859978026499 -0.14362258418097845 -0.20318214225192227 0.013527066603983829 0.29296542472309539 0.027330312345140176 0.015616201012956583 0.0033220621299540711 -0.014595623120440396 -0.24779527554554598 -0.17025478126187074 0.11195308224770471 -0.066020206522675803 -0.034835339636218529 0.048083982033268469 0.18091731163454647 -0.14112687633981502 -0.0083166116232837525 -0.19619883527979254 -0.059808266537558857
leaf_weight=2347 647 392 91 209 848 794 25 104 2485 280 171 181 31 2674 27 456 151 335 273 21 190 345 342 900 106 81 254 121 20 259
leaf_count=2347 647 392 91 209 848 794 25 104 2485 280 171 181 31 2674 27 456 151 335 273 21 190 345 342 900 106 81 254 121 20 259
internal_value=0.000147104 0.0207255 -0.0480657 -0.00982863 0.0734055 -0.0740527 0.00998053 0.131301 0.0278878 -0.0365384 0.0459741 -0.0486623 -0.0290198 -0.0015792 0.0807603 0.0624999 0.0932818 0.0513837 -0.0728005 -0.0312527 -0.104037 0.0826247 -0.0166012 -0.0404409 0.129258 0.105621 -0.0920322 0.0679994 -0.00533228 -0.0942864
internal_weight=15160 10625 4535 1835 1800 2700 8825 496 3462 1241 594 1462 1022 5363 385 977 521 1304 574 294 1238 496 2689 931 214 187 1048 969 667 440
internal_count=15160 10625 4535 1835 1800 2700 8825 496 3462 1241 594 1462 1022 5363 385 977 521 1304 574 294 1238 496 2689 931 214 187 1048 969 667 440
is_linear=0
shrinkage=0.05


Tree=23
num_leaves=31
num_cat=0
split_feature=0 9 15 10 7 9 15 15 12 11 16 10 11 5 18 18 16 11 10 11 15 11 13 19 5 10 11 14 10 3
split_gain=5427.73 3464.32 1954.94 1410.76 1186.75 884.998 700.045 621.467 603.083 559.99 585.959 602.23 539.462 562.391 532.259 1049.61 459.604 401.132 511.066 444.034 379.348 378.002 372.701 332.63 330.911 317.26 304.152 511.378 310.843 298.487
threshold=32.500000000000007 100923.10000000011 28.512500000000006 31.195000000000004 2293.9797500000004 -600043.70999999985 14.350000000000003 28.512500000000006 20.230000000000004 -16.375 89.277500000000003 58.795000000000009 -11.489999999999997 8.5950000000000006 11.784999999999998 12.010000000000009 107.48750000000001 -31.149999999999999 35.165000000000006 3.8100000000000001 24.300000000000004 -0.54999999999999971 0.54000000000000015 -18.427499999999998 7.5650000000000004 18.525000000000002 -4.464999999999999 29.002500000000005 21.245000000000001 10.177582000000003
decision_type=2 2 2 2 2 2 2 2 2 2 2 2 2 2 2 2 2 2 2 2 2 2 2 2 2 2 2 2 2 2
left_child=1 3 4 5 -2 6 -1 -3 26 14 11 -11 -7 20 23 -16 17 -4 19 25 -14 -10 -8 -5 -13 -19 27 -6 -28 -15
right_child=2 7 16 9 8 12 22 -9 21 10 -12 24 13 29 15 -17 -18 18 -20 -21 -22 -23 -24 -25 -26 -27 28 -29 -30 -31
leaf_value=0.31047628756725426 0.051162485565027442 -0.039081240621305441 0.22099914007509747 -0.19852927336096765 0.25831152788278733 0.10478524015221091 0.10858294864956822 -0.094723838388894227 0.44041289403325035 -0.047749956540574824 0.034269794871981604 -0.15914480161298941 0.012148279709270014 0.042579516601193662 0.40656432834538547 0.02044000499458476 0.23711637432376542 0.12813641404163492 -0.013908269723358844 0.0037906775878731574 -0.030647238306342764 0.19814039276561876 -0.017088952631260573 -0.013665014209356997 -0.031954402143114818 0.042237765140379836 0.11107418050186271 0.090161272835346973 -0.010607621986030913 0.006556363132924398
leaf_weight=33 1066 766 24 25 88 131 175 1455 21 1170 171 216 783 820 22 88 24 121 970 865 1529 69 89 912 67 963 419 93 60 1925
leaf_count=33 1066 766 24 25 88 131 175 1455 21 1170 171 216 783 820 22 88 24 121 970 865 1529 69 89 912 67 963 419 93 60 1925
internal_value=0.000139748 -0.0201718 0.0442069 -0.0050961 0.0850659 0.0094152 0.0933563 -0.0755333 0.133254 -0.0348956 -0.053278 -0.0635813 0.00460978 0.00201477 -0.00638261 0.0976649 0.0191986 0.0174215 0.0157476 0.0305071 -0.0161538 0.254671 0.0662163 -0.0185974 -0.129033 0.0518261 0.116697 0.171914 0.0958322 0.0173174
internal_weight=15160 10377 4783 8156 1816 5485 297 2221 750 2671 1624 1453 5188 5057 1047 110 2967 2943 2919 1949 2312 90 264 937 283 1084 660 181 479 2745
internal_count=15160 10377 4783 8156 1816 5485 297 2221 750 2671 1624 1453 5188 5057 1047 110 2967 2943 2919 1949 2312 90 264 937 283 1084 660 181 479 2745
is_linear=0
shrinkage=0.05


Tree=24
num_leaves=31
num_cat=0
split_feature=4 0 10 9 6 11 15 15 11 9 4 0 16 17 11 15 3 18 15 1 10 11 16 14 10 9 3 18 17 15
split_gain=5043.71 2564.1 1778.26 1115.77 947.829 874.837 701.909 625.205 515.06 495.59 446.951 431.523 430.669 409.207 398.064 387.695 508.754 373.509 364.67 330.951 328.737 368.768 327.206 321.841 315.588 293.378 289.898 444.133 895.778 494.675
threshold=1661661.1000000003 32.500000000000007 17.415000000000003 10462.055000000009 23.038803000000005 -0.26999999999999774 28.512500000000006 13.947500000000002 -9.6149999999999967 -523605.04999999976 2850362.1500000004 27.500000000000004 107.48750000000001 57.8825 -31.149999999999999 36.817500000000003 18.169540500000004 -3.5475000000000025 28.320000000000004 5.5000000000000009 37.375000000000007 -9.1449999999999978 1.0000000180025095e-35 32.260000000000012 25.335000000000004 -101464.85000000008 13.756622500000001 11.6775 49.827500000000008 31.802500000000002
decision_type=2 2 2 2 2 2 2 2 2 2 2 2 2 2 2 2 2 2 2 2 2 2 2 2 2 2 2 2 2 2
left_child=1 3 5 7 10 23 8 9 24 -1 15 -6 14 19 -8 17 -17 -2 -5 22 21 -16 -9 -3 -4 -15 27 29 -29 -24
right_child=4 2 6 18 11 -7 12 13 -10 -11 -12 -13 -14 25 20 16 -18 -19 -20 -21 -22 -23 26 -25 -26 -27 -28 28 -30 -31
leaf_value=0.29360179858548302 -0.11437338892315679 0.27616688031306924 0.29720921958314966 -0.012422786789262258 -0.052372645408187625 0.085089565285340729 0.21959117041981738 -0.16864279732108117 0.048457984458877605 0.061376479498539999 -0.14727582819385959 0.011610000525384571 0.22526055003205936 -0.18028597314842046 0.096647113042296964 -0.15176313234610386 -0.054429643751711269 -0.028245045415380223 -0.067451845103033689 -0.02539902933680549 -0.015550089875738728 0.015714988492193261 0.041285986930819432 0.13080003039940494 0.11179537174164911 -0.033119905028978124 -8.9389683243952634e-05 0.054745465889573103 0.38389590134223306 -0.0093407709388189045
leaf_weight=28 170 94 29 482 716 602 23 26 1125 128 274 417 24 48 154 297 245 485 802 841 820 1636 997 64 110 115 3300 149 24 935
leaf_count=28 170 94 29 482 716 602 23 26 1125 128 274 417 24 48 154 297 245 485 802 841 820 1636 997 64 110 115 3300 149 24 935
internal_value=0.000132761 0.0132666 0.0425733 -0.00415376 -0.063196 0.112572 0.0290056 0.00415314 0.059677 0.103058 -0.0896702 -0.0288239 0.0144144 0.00175544 0.0124926 -0.0764839 -0.107766 -0.050599 -0.0467945 0.00378807 0.0106675 0.0226779 0.00830775 0.217284 0.150479 -0.0764572 0.00915895 0.0236575 0.100408 0.0167849
internal_weight=15160 12556 4681 7875 2604 760 3921 6591 1264 156 1471 1133 2657 6435 2633 1197 542 655 1284 6272 2610 1790 5431 158 139 163 5405 2105 173 1932
internal_count=15160 12556 4681 7875 2604 760 3921 6591 1264 156 1471 1133 2657 6435 2633 1197 542 655 1284 6272 2610 1790 5431 158 139 163 5405 2105 173 1932
is_linear=0
shrinkage=0.05


Tree=25
num_leaves=31
num_cat=0
split_feature=4 5 11 5 11 3 17 15 9 19 11 16 10 11 10 11 18 18 19 4 9 16 15 18 9 0 4 0 1 0
split_gain=4652.73 2545.47 1089.41 966.439 856.771 768.687 585.288 542.827 712.277 474.851 420.103 417.664 407.79 551.79 383.258 575.725 358.866 935.485 357.344 345.95 345.219 335.583 326.53 325.715 300.256 290.771 282.253 281.722 268.35 266.979
threshold=1897873.1500000001 10.485000000000001 7.4150000000000018 14.905000000000003 6.035000000000001 24.036941500000005 32.590000000000011 14.697500000000002 -600043.70999999985 0.057499999999999225 37.570000000000007 1.0000000180025095e-35 35.395000000000003 -8.3349999999999973 37.985000000000007 -5.7199999999999989 11.545 12.010000000000009 -18.427499999999998 3060716.0000000005 -1219766.9499999997 89.767499999999998 29.077500000000004 -33.637499999999996 64744.150000000031 25.500000000000004 227195.79500000004 41.500000000000007 4.5000000000000009 30.500000000000004
decision_type=2 2 2 2 2 2 2 2 2 2 2 2 2 2 2 2 2 2 2 2 2 2 2 2 2 2 2 2 2 2
left_child=1 4 3 14 7 25 9 8 -1 26 21 -9 13 29 15 -3 18 -18 -14 23 -15 22 -6 -7 -20 -2 -5 -16 -27 -13
right_child=5 2 -4 6 10 19 -8 11 -10 -11 -12 12 16 20 27 -17 17 -19 24 -21 -22 -23 -24 -25 -26 28 -28 -29 -30 -31
leaf_value=0.29031974690301077 -0.12494340706224179 0.10435104534884486 -0.010322540448136748 0.13796943626663788 0.0033381155140710574 -0.15773139194481903 -0.011456884661825692 -0.16622105378254848 0.041168713031934118 0.088506655766176057 -0.12731494377325989 0.03114953247809954 -0.15533255994785578 0.13446037021279336 -0.10139995474662436 0.037561757962581668 0.24106408321177183 0.00064349936936715889 -0.012736618387527621 -0.13044289792364652 0.0022338478033049817 0.052491687900917842 -0.046476262474112823 -0.019499476621760679 -0.074590885225758963 -0.053625160687059442 0.24747258180401999 0.029010180694532102 -0.12662936989217996 0.099762457838290741
leaf_weight=35 528 382 762 141 443 45 82 37 159 286 113 424 50 50 76 2077 46 336 1688 89 3872 121 1278 804 222 442 101 91 176 213
leaf_count=35 528 382 762 141 443 45 82 37 159 286 113 424 50 50 76 2077 46 336 1688 89 3872 121 1278 804 222 442 101 91 176 213
internal_value=-0.00083483 0.0102163 0.0434636 0.0561289 -0.00441146 -0.0702227 0.112823 0.00362676 0.0861186 0.132124 -0.0337355 0.00132013 0.00221841 0.0109299 0.0429594 0.0479373 -0.0147396 0.0295947 -0.0233802 -0.0366577 0.00391955 -0.0279948 -0.0336536 -0.0268263 -0.019926 -0.0976956 0.183671 -0.0303381 -0.074416 0.0540923
internal_weight=15169 13085 3998 3236 9087 2084 610 7132 194 528 1955 6938 6901 4559 2626 2459 2342 382 1960 938 3922 1842 1721 849 1910 1146 242 167 618 637
internal_count=15169 13085 3998 3236 9087 2084 610 7132 194 528 1955 6938 6901 4559 2626 2459 2342 382 1960 938 3922 1842 1721 849 1910 1146 242 167 618 637
is_linear=0
shrinkage=0.05


Tree=26
num_leaves=31
num_cat=0
split_feature=4 5 12 11 11 17 15 11 9 15 9 4 9 5 10 16 14 3 15 11 0 3 4 19 10 16 12 11 10 15
split_gain=4199.09 2297.29 1110.11 856.875 773.424 717.49 522.324 483.497 472.544 467.6 659.742 452.78 445.448 411.743 388.861 395.369 352.818 341.49 439.447 315.398 312.243 305.568 300.846 286.929 285.619 281.837 280.708 265.88 371.765 255.912
threshold=1897873.1500000001 10.485000000000001 20.230000000000004 7.4150000000000018 6.7299999999999995 20.725000000000005 25.085000000000004 -0.54999999999999971 -4.5252526749999999 14.697500000000002 -600043.70999999985 3154311.3500000006 239272.79999999996 7.3050000000000006 57.990000000000002 92.095000000000013 65.897500000000022 18.238769500000004 49.827500000000008 -9.6149999999999967 25.500000000000004 9.0695190000000014 393049.86000000004 2.3450000000000011 76.350000000000009 107.48750000000001 11.705000000000002 -6.8099999999999961 31.015000000000004 29.077500000000004
decision_type=2 2 2 2 2 2 2 2 2 2 2 2 2 2 2 2 2 2 2 2 2 2 2 2 2 2 2 2 2 2
left_child=1 4 3 6 9 12 8 -4 -3 10 -1 20 26 17 15 29 -17 25 24 -10 -7 -8 -20 -14 -19 -11 -2 28 -15 -6
right_child=5 2 7 -5 14 11 21 -9 19 13 -12 -13 23 27 -16 16 -18 18 22 -21 -22 -23 -24 -25 -26 -27 -28 -29 -30 -31
leaf_value=0.27580376020499642 0.026949409669098846 0.12447229236814217 0.42132013535925322 -0.010718045578417257 2.9745138100004577e-05 -0.094247793278349853 0.078711834932650659 0.14988741742571196 0.17935086338191619 -0.036011840801786675 0.036548278976711757 -0.15262544748179097 0.013280319192848517 0.071114583673721268 -0.1490912893467716 0.19253637178524122 -0.014861628761434037 -0.0016667521502811604 0.24640552347732916 0.0494569074656213 -0.049729717385078614 0.021600979323744027 0.051766636569363381 -0.14569542419631035 -0.18788984254712152 0.14446829943494363 0.2127500018995741 0.0027058946674016031 0.01107482234567706 -0.045597830337769325
leaf_weight=35 175 324 21 754 409 734 278 75 49 1290 163 187 51 378 70 37 46 1055 27 1010 850 1487 75 64 21 22 23 3412 811 1236
leaf_count=35 175 324 21 754 409 734 278 75 49 1290 163 187 51 378 70 37 46 1055 27 1010 850 1487 75 64 21 22 23 3412 811 1236
internal_value=-0.000793089 0.00970551 0.0412904 0.0371578 -0.00419088 -0.0667116 0.0486249 0.209263 0.0716332 0.00305397 0.0788409 -0.0790452 0.00307408 0.00093779 -0.0335611 -0.0288811 0.0775929 -0.01544 0.0041013 0.0554671 -0.0703587 0.0305963 0.103289 -0.0751931 -0.00530122 -0.0329855 0.0485323 0.00980124 0.0301623 -0.0342533
internal_weight=15169 13085 3998 3902 9087 2084 3148 96 1383 7289 198 1771 313 7091 1798 1728 83 2490 1178 1059 1584 1765 102 115 1076 1312 198 4601 1189 1645
internal_count=15169 13085 3998 3902 9087 2084 3148 96 1383 7289 198 1771 313 7091 1798 1728 83 2490 1178 1059 1584 1765 102 115 1076 1312 198 4601 1189 1645
is_linear=0
shrinkage=0.05


Tree=27
num_leaves=31
num_cat=0
split_feature=4 12 17 15 5 5 4 9 1 11 12 11 13 0 17 0 7 17 16 14 16 17 15 14 14 11 10 8 15 9
split_gain=3813.63 1990.06 850.603 746.004 731.815 635.053 525.082 446.751 401.621 390.991 387.41 382.999 392.562 372.141 355.854 353.454 335.853 334.291 396.801 320.725 318.441 291.507 290.517 285.592 504.541 350.218 324.453 292.313 291.799 392.758
threshold=1588718.55 11.905000000000003 20.692500000000006 33.840000000000011 8.9850000000000012 14.805000000000001 2939876.2500000005 230633.40500000003 4.5000000000000009 -3.0799999999999987 11.705000000000002 10.955000000000002 11.925000000000002 34.500000000000007 52.420000000000009 25.500000000000004 705484.59500000009 27.700000000000006 1.0000000180025095e-35 25.807500000000001 107.48750000000001 52.292500000000011 31.732500000000005 66.96250000000002 73.33750000000002 -24.750000000000004 70.715000000000018 5.6842648500000008 14.697500000000002 -523605.04999999976
decision_type=2 2 2 2 2 2 2 2 2 2 2 2 2 2 2 2 2 2 2 2 2 2 2 2 2 2 2 2 2 2
left_child=1 4 7 5 9 -3 8 10 15 14 -2 12 -6 19 21 -4 -15 18 -11 -7 -19 23 -10 26 25 -25 28 -26 29 -1
right_child=2 3 6 -5 11 13 -8 -9 22 17 -12 -13 -14 16 -16 -17 -18 20 -20 -21 -22 -23 -24 24 27 -27 -28 -29 -30 -31
leaf_value=0.28332871632142503 0.025715839012432847 0.056875272595462205 -0.066915004346720208 0.0024100452719033913 0.019724288046043079 -0.075985467302448609 -0.12057320456315411 -0.05816660207037077 -0.044103333758256209 -0.15610941061435421 0.20332843923142982 -0.019567847339788849 0.073974331752747619 0.13804530227909426 -0.057216543031447548 -0.01635489246162344 0.28675238157312077 -0.03050490568110217 0.010512557218442631 0.11622868982066091 0.12584191967140546 0.19670171510605586 -0.11555308189429828 0.29483419718413523 0.0034791458433859851 0.085378646510798725 -0.091340212718668323 0.1889058406667217 0.0034680424586727454 0.019116035084693863
leaf_weight=22 250 961 659 423 3219 34 364 154 226 37 35 547 372 243 205 727 45 2488 1042 60 33 21 384 29 280 64 88 23 2095 39
leaf_count=22 250 961 659 423 3219 34 364 154 226 37 35 547 372 243 205 727 45 2488 1042 60 33 21 384 29 280 64 88 23 2095 39
internal_value=-0.000753434 0.0111721 -0.0534575 0.0603146 0.00298784 0.0785527 -0.0653455 0.0104506 -0.0552739 -0.00751999 0.0475279 0.0194073 0.0253442 0.133087 0.00625999 -0.0403947 0.161281 -0.0184904 0.00479892 0.0467044 -0.0284583 0.0111501 -0.0890815 0.00967416 0.0488218 0.150693 0.00276576 0.0175544 0.00660682 0.114406
internal_weight=15169 12370 2799 1766 10604 1343 2360 439 1996 6466 285 4138 3591 382 2866 1386 288 3600 1079 94 2521 2661 610 2640 396 93 2244 303 2156 61
internal_count=15169 12370 2799 1766 10604 1343 2360 439 1996 6466 285 4138 3591 382 2866 1386 288 3600 1079 94 2521 2661 610 2640 396 93 2244 303 2156 61
is_linear=0
shrinkage=0.05


Tree=28
num_leaves=31
num_cat=0
split_feature=0 4 10 12 12 10 11 6 4 18 3 7 11 10 8 3 5 11 11 10 11 15 18 18 15 11 14 19 12 15
split_gain=3508.37 2322.7 1455.15 1162.04 878.073 717.538 593.747 590.871 546.828 485.929 457.974 466.016 425.495 461.627 406.486 387.142 357.107 352.949 335.581 425.663 344.256 297.772 302.45 412.644 276.715 260.086 242.892 228.345 227.421 226.618
threshold=32.500000000000007 545880.90500000014 23.405000000000005 1.0000000180025095e-35 20.005000000000006 51.510000000000012 -3.3499999999999983 20.219147000000003 3154311.3500000006 3.1050000000000009 13.983841000000002 727022.22500000009 5.7700000000000014 27.245000000000001 -5.4785159999999991 10.901458500000002 14.485000000000001 0.83999999999999819 -7.9699999999999944 37.050000000000004 -31.149999999999999 31.670000000000005 11.6775 12.010000000000009 16.210000000000004 -1.3949999999999994 50.625000000000007 2.5175000000000005 10.945000000000002 28.700000000000003
decision_type=2 2 2 2 2 2 2 2 2 2 2 2 2 2 2 2 2 2 2 2 2 2 2 2 2 2 2 2 2 2
left_child=1 10 4 7 6 8 -2 15 9 12 21 -12 13 -5 -7 -3 -8 -6 19 27 -21 25 -23 -24 -13 28 -17 -4 -1 -11
right_child=2 3 18 5 17 14 16 -9 -10 29 11 24 -14 -15 -16 26 -18 -19 -20 20 -22 22 23 -25 -26 -27 -28 -29 -30 -31
leaf_value=0.047787861176228567 0.13586651224699195 -0.047637776554501084 0.06718404033644032 0.057257462996101773 0.31522724238507777 0.13742398203661044 0.033942477353081986 -0.040837913488130463 -0.1395082274544984 -0.0043213549830302921 -0.012197068721122372 0.22295086706678072 -0.032057852211798958 -0.0051234420701002257 -0.071442883782032326 -0.10329860624920989 0.086822519432265308 0.12754366333173081 0.0026715174531161665 0.19662188529644326 -0.0022618006276754372 -0.0026941792264551625 0.19683259427547456 0.020494027872483771 0.043275137788616122 0.020351078008596934 -0.16990757336084908 0.1862233413343734 0.12663268420049026 -0.066551261761142358
leaf_weight=303 232 244 282 549 46 24 1054 674 80 230 3046 24 483 645 792 526 458 55 2129 23 403 1160 46 119 200 577 185 47 131 402
leaf_count=303 232 244 282 549 46 24 1054 674 80 230 3046 24 483 645 792 526 458 55 2129 23 403 1160 46 119 200 577 185 47 131 402
internal_value=-0.000715763 -0.0168995 0.0350123 -0.0422969 0.0696891 -0.0248197 0.0613883 -0.0766828 -0.010993 -0.00654038 0.00500046 -0.00707842 0.00754072 0.0235592 -0.0652997 -0.101981 0.0499604 0.213023 0.0128283 0.0414691 0.00847605 0.0219088 0.00631535 0.0696551 0.0625261 0.0423454 -0.12063 0.0841897 0.0715866 -0.0439043
internal_weight=15169 10440 4729 4834 1845 3205 1744 1629 2389 2309 5606 3270 1677 1194 816 955 1512 101 2884 755 426 2336 1325 165 224 1011 711 329 434 632
internal_count=15169 10440 4729 4834 1845 3205 1744 1629 2389 2309 5606 3270 1677 1194 816 955 1512 101 2884 755 426 2336 1325 165 224 1011 711 329 434 632
is_linear=0
shrinkage=0.05


Tree=29
num_leaves=31
num_cat=0
split_feature=4 0 10 9 11 12 3 5 4 6 15 3 7 15 9 11 11 10 19 15 11 11 10 19 10 4 11 10 3 16
split_gain=3205.04 1822.68 1314.08 1012.24 742.903 603.22 556.142 451.108 407.257 373.447 367.341 339.535 364.15 335.616 325.824 306.144 304.15 386.842 292.192 310.117 287.788 280.889 260.968 259.196 243.107 238.17 232.801 217.581 242.579 205.534
threshold=1971205.5000000002 32.500000000000007 23.405000000000005 10462.055000000009 4.4650000000000007 20.230000000000004 28.903946000000001 7.1750000000000007 2850362.1500000004 17.456665000000005 28.320000000000004 10.177582000000003 2375911.4000000004 24.460000000000004 -387461.74799999996 -4.464999999999999 -7.9699999999999944 32.225000000000001 0.080000000000001861 38.20000000000001 -31.149999999999999 0.079999999999999197 57.990000000000002 4.2450000000000037 26.955000000000002 100225.94300000001 2.7399999999999998 19.315000000000001 15.256973500000003 107.48750000000001
decision_type=2 2 2 2 2 2 2 2 2 2 2 2 2 2 2 2 2 2 2 2 2 2 2 2 2 2 2 2 2 2
left_child=1 3 4 7 5 15 8 9 22 23 -5 -9 -13 -8 27 -3 17 -4 -15 24 -19 -7 26 -1 -20 -25 -2 -11 -29 -18
right_child=6 2 16 10 -6 21 13 11 -10 14 -12 12 -14 18 -16 -17 29 20 19 -21 -22 -23 -24 25 -26 -27 -28 28 -30 -31
leaf_value=-0.02718013861909227 -0.0083971757324010788 0.14370781512310107 0.10192712609886484 -0.011242885440319525 0.02188722893728139 0.35554643775577899 0.021028255076288319 0.032037611554896032 -0.12398022595492408 0.13722660192783842 -0.059949805239123202 0.0007916052728555458 0.13280716400488088 0.0046882475245940067 -0.022034168635775567 0.069438549805761945 0.00063980220124444697 0.19592900420962411 -0.019957787171006203 -0.0079981436173472073 0.011421744800948848 0.15395814805912478 -0.10275197690450832 -0.011063321751932946 -0.22124805356065436 -0.1295837370372975 -0.06597641468771534 0.18859105081785293 0.013860001303642552 0.14779884020487469
leaf_weight=714 262 162 186 632 621 27 278 1347 347 47 999 3624 53 95 561 967 2089 22 20 46 537 48 285 62 60 134 532 21 367 24
leaf_count=714 262 162 186 632 621 27 278 1347 347 47 999 3624 53 95 561 967 2089 22 20 46 537 48 285 62 60 134 532 21 367 24
internal_value=-0.000679974 0.00808224 0.0331615 -0.00563654 0.0663066 0.0892172 -0.060964 0.00270432 -0.0768618 -0.018007 -0.0410762 0.0105617 0.00269447 -0.0155325 0.00314811 0.0800954 0.0119965 0.0394663 -0.0615229 -0.111444 0.0186832 0.22653 -0.0617088 -0.0411613 -0.170925 -0.0920926 -0.0469767 0.0356246 0.0233171 0.00231127
internal_weight=15169 13244 4683 8561 1825 1204 1925 6930 1426 1906 1631 5024 3677 499 996 1129 2858 745 221 126 559 75 1079 910 80 196 794 435 388 2113
internal_count=15169 13244 4683 8561 1825 1204 1925 6930 1426 1906 1631 5024 3677 499 996 1129 2858 745 221 126 559 75 1079 910 80 196 794 435 388 2113
is_linear=0
shrinkage=0.05


Tree=30
num_leaves=31
num_cat=0
split_feature=0 4 10 1 11 10 7 15 5 11 3 16 3 17 7 4 4 4 15 8 17 16 0 17 16 17 15 5 6 11
split_gain=3122.05 2062.44 1190.98 805.218 709.837 651.725 602.083 576.971 541.918 522.235 437.788 402.642 395.021 372.973 366.224 334.46 315.654 309.471 307.857 300.337 318.018 303.965 299.516 276.365 263.494 251.889 248.546 247.828 246.437 262.495
threshold=32.500000000000007 656615.42500000016 24.305000000000003 4.5000000000000009 3.7300000000000018 56.885000000000005 222843.15500000003 36.315000000000005 19.005000000000006 -8.6849999999999987 20.219147000000003 60.115000000000009 14.622360000000002 19.182500000000005 1804793.3000000003 2687961.3000000003 191580.44500000004 2024534.9500000002 26.590000000000003 3.2496947 29.005000000000006 37.922500000000007 46.500000000000007 52.125000000000007 54.720000000000006 16.362500000000001 18.752500000000001 7.5050000000000008 13.4702605 0.83999999999999819
decision_type=2 2 2 2 2 2 2 2 2 2 2 2 2 2 2 2 2 2 2 2 2 2 2 2 2 2 2 2 2 2
left_child=1 12 4 5 8 6 -3 11 9 -2 -9 -5 16 25 -14 -15 19 28 -16 20 21 -1 -4 -6 -22 -8 -11 -27 -7 -30
right_child=2 3 22 7 23 17 13 10 -10 26 -12 -13 14 15 18 -17 -18 -19 -20 -21 24 -23 -24 -25 -26 27 -28 -29 29 -31
leaf_value=0.034049126686558982 0.24718475059367889 -0.19270791655525249 0.018078291623986994 -0.029221662358160552 0.018233590668192124 -0.11818525901809336 -0.0096238517939504359 -0.13219407480967887 0.19318507911141861 0.12527512479518052 -0.017390060707889867 -0.13056442297489287 -0.010933284353337118 -0.011575715488663237 0.24498627328059894 -0.066756337978715941 -0.026429849475777825 -0.10446204354892866 0.039938152143988048 -0.022693928179998896 -0.00079016714871977471 0.10045485709783403 -0.03406731411062295 0.14726463854312896 0.046833461709754554 0.025031589029187507 0.059013984389530538 0.13987142882514289 0.0017593776641285372 -0.14642269606428113
leaf_weight=486 43 47 2404 632 730 75 169 467 109 168 101 116 3176 1771 22 325 342 338 109 288 800 267 311 44 456 110 898 82 247 34
leaf_count=486 43 47 2404 632 730 75 169 467 109 168 101 116 3176 1771 22 325 342 338 109 288 800 267 311 44 456 110 898 82 247 34
internal_value=-0.00016866 -0.0153863 0.0336483 -0.0408679 0.0630106 -0.0273212 -0.0154382 -0.0737877 0.0868037 0.0763478 -0.11178 -0.0449379 0.0039585 -0.0120472 -0.00755402 -0.0201319 0.0183851 -0.0701958 0.0743737 0.0250576 0.0319031 0.0575954 0.0121051 0.0255687 0.0164999 0.0348934 0.0694566 0.0740778 -0.0376621 -0.0161701
internal_weight=15167 10460 4707 4514 1992 3198 2504 1316 1218 1109 568 748 5946 2457 3307 2096 2639 694 131 2297 2009 753 2715 774 1256 361 1066 192 356 281
internal_count=15167 10460 4707 4514 1992 3198 2504 1316 1218 1109 568 748 5946 2457 3307 2096 2639 694 131 2297 2009 753 2715 774 1256 361 1066 192 356 281
is_linear=0
shrinkage=0.05


Tree=31
num_leaves=31
num_cat=0
split_feature=0 4 10 12 10 5 9 6 11 0 15 11 8 11 14 9 11 12 16 16 5 16 8 19 11 18 11 6 2 16
split_gain=2817.65 1861.36 1086.28 757.663 568.641 508.779 500.69 451.704 399.033 389.433 410.56 457.757 355.856 346.281 450.828 338.555 329.976 340.074 305.502 365.77 332.544 301.655 282.48 281.119 280.937 266.242 371.631 251.767 238.789 242.081
threshold=32.500000000000007 656615.42500000016 17.415000000000003 1.0000000180025095e-35 51.510000000000012 17.965000000000003 275586.86500000005 20.219147000000003 1.349999999999999 46.500000000000007 28.512500000000006 -6.6949999999999976 -5.4785159999999991 -15.439999999999998 36.072500000000012 111268.9999999999 2.4950000000000006 10.155000000000003 28.530000000000005 30.467500000000001 7.4350000000000014 107.48750000000001 6.9212345000000015 -0.33499999999999902 -0.26999999999999774 -3.0624999999999996 -24.750000000000004 16.410995500000002 1.0000000180025095e-35 62.320000000000014
decision_type=2 2 2 2 2 2 2 2 2 2 2 2 2 2 2 2 2 2 2 2 2 2 2 2 2 2 2 2 2 2
left_child=1 16 5 7 6 24 18 13 -7 10 11 15 -6 -3 28 -4 17 22 20 23 -5 25 -1 -20 -2 -12 -27 -21 29 -15
right_child=2 3 9 4 12 8 -8 -9 -10 -11 21 -13 -14 14 -16 -17 -18 -19 19 27 -22 -23 -24 -25 -26 26 -28 -29 -30 -31
leaf_value=0.0031062538583852359 0.13073171042059817 -0.0081514682755008481 0.093032237017610597 0.0020673422869439836 0.12042720673175961 0.25796433146756431 -0.042584823363834068 -0.035197541172234344 0.10522900261431933 -0.031743977347694408 -0.013286784312362451 0.034360940326794258 -0.067759541100114187 -0.012726960031057498 -0.13017104596530243 0.29866485853086816 -0.013139527679116556 0.040814565857517693 -0.017756260168139956 -0.02952921299962958 0.087566767623202937 0.18743299651145937 0.15241312043508515 -0.17841208633386865 0.044950899248672301 0.16840811776387138 0.019588648669988301 0.025523691434019908 -0.20012721562137209 -0.1487933753249355
leaf_weight=3156 121 111 222 257 26 65 822 625 125 317 697 900 743 202 508 22 1944 814 56 369 204 25 32 53 452 43 1718 475 24 39
leaf_count=3156 121 111 222 257 26 65 822 625 125 317 697 900 743 202 508 22 1944 814 56 369 204 25 32 53 452 43 1718 475 24 39
internal_value=-0.000160227 -0.014617 0.0319658 -0.0388245 -0.0243084 0.0865762 -0.011553 -0.0677316 0.157481 0.021401 0.0260459 0.0508292 -0.0613969 -0.0907336 -0.102592 0.111573 0.00376057 0.0119699 0.00648671 -0.00967756 0.0399022 0.0146274 0.00460494 -0.0958733 0.0630652 0.0128698 0.0232225 0.00145435 -0.0497239 -0.034746
internal_weight=15167 10460 4707 4514 3005 763 2236 1509 190 3944 3627 1144 769 884 773 244 5946 4002 1414 953 461 2483 3188 109 573 2458 1761 844 265 241
internal_count=15167 10460 4707 4514 3005 763 2236 1509 190 3944 3627 1144 769 884 773 244 5946 4002 1414 953 461 2483 3188 109 573 2458 1761 844 265 241
is_linear=0
shrinkage=0.05


Tree=32
num_leaves=31
num_cat=0
split_feature=4 12 11 10 16 5 7 3 10 6 11 18 19 10 19 4 11 11 12 6 15 11 13 4 10 16 15 16 6 18
split_gain=2467.08 1265.42 688.423 795.647 530.653 495.784 414.711 378.035 355.261 340.161 346.272 484.63 636.993 590.201 385.588 317.615 269.072 263.784 241.194 466.591 239.544 233.76 306.084 229.259 246.618 221.064 242.204 223.756 280.165 207.24
threshold=1108399.5000000002 11.845000000000001 5.9000000000000004 29.135000000000002 78.392500000000013 8.9850000000000012 389587.39000000007 27.530441000000003 46.435000000000009 27.179703000000003 -11.800000000000001 11.545 -0.88500000000000145 28.755000000000006 -21.215 2687961.3000000003 39.89500000000001 1.7000000000000004 17.070000000000004 27.761230500000003 16.210000000000004 -0.3499999999999987 11.275 2024534.9500000002 57.990000000000002 107.48750000000001 28.700000000000003 1.0000000180025095e-35 7.6541901500000007 0.31499999999999778
decision_type=2 2 2 2 2 2 2 2 2 2 2 2 2 2 2 2 2 2 2 2 2 2 2 2 2 2 2 2 2 2
left_child=1 5 3 6 7 9 -2 17 15 10 11 13 -13 -1 -15 16 -4 -3 -8 -20 -11 -7 -23 -5 -25 26 27 -12 -29 -19
right_child=2 4 8 23 -6 21 18 -9 -10 20 25 12 -14 14 -16 -17 -18 29 19 -21 -22 22 -24 24 -26 -27 -28 28 -30 -31
leaf_value=0.16900128915888044 -0.15770204110491662 0.065232493439147249 -0.026240999508172536 -0.02163228750817844 -0.10606846540581948 0.033856941739045049 0.020518273056363712 0.13331013584385318 -0.11067920315135521 0.19716564685106278 -0.13131484985351563 0.1718568182495587 -0.059506110864735784 -0.21613611387354986 0.00084066314279902506 -0.10095120290100922 -0.097589611788430522 0.050015971601326953 -0.02702418097605308 0.23832281215770826 0.03807776363516626 0.0012056581203793153 0.049083645272082727 -0.033890797426321138 -0.094596158430209132 0.096138251240810629 -0.021971175937860795 0.071810591824314735 -0.0014845313639836411 -0.015701966201215313
leaf_weight=52 31 945 896 913 51 1519 754 150 280 30 30 102 42 21 820 236 155 261 30 37 112 2070 398 390 293 46 2981 147 1153 222
leaf_count=52 31 945 896 913 51 1519 754 150 280 30 30 102 42 21 820 236 155 261 30 37 112 2070 398 390 293 46 2981 147 1153 222
internal_value=-0.000152215 0.0119476 -0.0337604 -0.0171957 0.0526704 0.00498156 0.0218183 0.0578007 -0.0596382 -0.0047002 -0.00671116 0.0192562 0.104376 0.00553029 -0.00457731 -0.0485337 -0.0367634 0.0498691 0.0285968 0.119511 0.0716879 0.0184248 0.00892666 -0.0380228 -0.0599328 -0.0128916 -0.014055 0.00368801 0.00680346 0.0198102
internal_weight=15167 11152 4015 2448 1629 9523 852 1578 1567 5536 5394 1037 144 893 841 1287 1051 1428 821 67 142 3987 2468 1596 683 4357 4311 1330 1300 483
internal_count=15167 11152 4015 2448 1629 9523 852 1578 1567 5536 5394 1037 144 893 841 1287 1051 1428 821 67 142 3987 2468 1596 683 4357 4311 1330 1300 483
is_linear=0
shrinkage=0.05


Tree=33
num_leaves=31
num_cat=0
split_feature=0 4 10 12 11 10 9 12 11 3 3 9 16 11 14 9 4 14 14 8 4 11 10 17 8 17 16 16 12 15
split_gain=2365.57 1541.07 955.838 655.312 579.987 506.7 459.58 427.899 435.429 365.46 354.902 367.309 301.773 320.438 454.481 291.362 290.152 280.651 278.368 273.083 255.352 241.221 296.302 238.453 234.067 249.09 271.559 221.998 217.718 294.161
threshold=32.500000000000007 617356.59500000009 24.305000000000003 1.0000000180025095e-35 3.7300000000000018 38.885000000000012 -287332.24999999994 20.005000000000006 -8.6849999999999987 21.374283000000002 13.983841000000002 -793726.04999999981 98.105000000000018 -16.375 36.072500000000012 1858031.1850000003 191580.44500000004 20.695000000000004 26.745000000000005 -5.4785159999999991 2768279.2500000005 -12.129999999999997 37.050000000000004 52.125000000000007 3.2496947 29.005000000000006 37.922500000000007 54.720000000000006 8.3350000000000026 28.700000000000003
decision_type=2 2 2 2 2 2 2 2 2 2 2 2 2 2 2 2 2 2 2 2 2 2 2 2 2 2 2 2 2 2
left_child=1 10 4 9 7 6 17 8 -2 12 16 18 13 -3 -15 28 24 -5 -12 -7 -11 22 -4 -6 25 26 -1 -27 -8 -30
right_child=2 3 21 5 23 19 15 -9 -10 20 11 -13 -14 14 -16 -17 -18 -19 -20 -21 -22 -23 -24 -25 -26 27 -28 -29 29 -31
leaf_value=0.030646691482809681 0.22900793065385119 -0.0046811684658494565 0.11331553162844932 0.21494792296240728 0.014938216449562079 0.0906955786049366 0.0018837177301298175 0.18599211534130433 0.063036583535671861 -0.017198906516613634 0.22629792575131763 -0.010762521148740467 0.10216192274608396 -0.045136480031443854 -0.1233188134483053 -0.12298454495727039 -0.031709788264273557 0.037055799695967194 0.038054461779245916 -0.048936298290737618 -0.11040381017509243 0.0036611998339307638 0.018919961530404789 0.13479261371222409 -0.019974565740596233 0.00018137797609726913 0.093804457662344895 0.046724667811606238 -0.0094907762138690399 -0.095733595370816493
leaf_weight=479 41 109 115 24 730 36 959 84 1093 505 22 3231 22 286 531 61 258 291 183 1281 86 2300 300 44 261 758 264 387 270 156
leaf_count=479 41 109 115 24 730 36 959 84 1093 505 22 3231 22 286 531 61 258 291 183 1281 86 2300 300 44 261 758 264 387 270 156
internal_value=-0.000144605 -0.0133909 0.0292916 -0.034981 0.0555961 -0.0216611 -0.00411728 0.0771032 0.0690373 -0.0616207 0.00366907 -0.0066447 -0.0808587 -0.0852069 -0.0959502 -0.0160391 0.018392 0.0506095 0.0582562 -0.0451195 -0.0307617 0.00999191 0.0450778 0.0217516 0.024407 0.0305424 0.0530877 0.0159126 -0.0113289 -0.0410727
internal_weight=15167 10460 4707 4617 1992 3078 1761 1218 1134 1539 5843 3436 948 926 817 1446 2407 315 205 1317 591 2715 415 774 2149 1888 743 1145 1385 426
internal_count=15167 10460 4707 4617 1992 3078 1761 1218 1134 1539 5843 3436 948 926 817 1446 2407 315 205 1317 591 2715 415 774 2149 1888 743 1145 1385 426
is_linear=0
shrinkage=0.05


Tree=34
num_leaves=31
num_cat=0
split_feature=0 9 10 5 0 5 12 0 11 1 9 17 15 15 10 17 9 6 0 19 15 11 9 11 4 19 10 4 16 14
split_gain=2149.28 1367.55 930.277 759.567 502.482 458.184 406.711 373.893 362.241 357.689 318.414 491.015 422.822 374.856 336.09 288.227 471.787 269.496 286.397 258.504 253.881 359.547 281.741 262.845 240.279 237.517 236.161 232.775 240.111 238.427
threshold=34.500000000000007 100923.10000000011 17.415000000000003 7.3350000000000009 25.500000000000004 17.965000000000003 1.0000000180025095e-35 46.500000000000007 1.349999999999999 5.5000000000000009 -914740.69499999983 51.710000000000008 47.797500000000007 38.050000000000004 94.125000000000014 18.280000000000005 -642569.69999999995 17.986694000000004 27.500000000000004 -0.82499999999999918 28.512500000000006 -6.8099999999999961 29878.649999999998 -29.555000000000003 3030592.3000000003 0.30250000000000027 36.765000000000008 2729713.1000000006 65.457500000000024 59.877500000000005
decision_type=2 2 2 2 2 2 2 2 2 2 2 2 2 2 2 2 2 2 2 2 2 2 2 2 2 2 2 2 2 2
left_child=1 3 5 6 27 -2 19 20 -7 15 11 12 13 25 -14 16 -5 -17 -19 -1 21 22 -4 -22 -6 -8 -25 28 29 -3
right_child=2 4 7 9 24 8 10 -9 -10 -11 -12 -13 14 -15 -16 17 -18 18 -20 -21 23 -23 -24 26 -26 -27 -28 -29 -30 -31
leaf_value=-0.011636492209601839 0.063359203681205442 -0.055170566856869788 0.087077909177014856 0.20831869072502568 -0.011723129463689058 0.27364497430184309 0.038820242797213106 -0.030476373776628957 0.10961944260869666 -0.021770803756910963 -0.019191562050292744 -0.14079724979158995 0.34861700102686882 -0.058062218173461799 0.058750701565295466 0.0185018123571432 0.034310152392367899 -0.018084175005648594 0.040992018539102199 -0.06787863496526983 0.18858064236966046 0.032369900869377126 0.28483790788799523 0.025856492869526439 -0.090300116572460093 0.16973312033594334 -0.01029621625027816 -0.11500565748196095 -0.10985317948389423 0.026042603113052277
leaf_weight=301 413 859 181 42 981 51 163 317 99 826 1728 37 20 85 20 2758 537 1211 247 636 22 847 20 1486 108 44 649 200 178 101
leaf_count=301 413 859 181 42 981 51 163 317 99 826 1728 37 20 85 20 2758 537 1211 247 636 22 847 20 1486 108 44 649 200 178 101
internal_value=-0.000137374 -0.0115649 0.0308639 -0.00226384 -0.0447338 0.0905428 -0.0224251 0.0213241 0.165388 0.00861846 -0.0101881 0.0319743 0.051229 0.0303448 0.203684 0.0138534 0.0469325 0.00931051 -0.00807607 -0.0498115 0.0264476 0.0466366 0.106756 0.0166385 -0.0195159 0.0666471 0.0148667 -0.0652588 -0.0565159 -0.0466263
internal_weight=15167 11082 4085 8655 2427 563 3034 3522 150 5621 2097 369 332 292 40 4795 579 4216 1458 937 3205 1048 201 2157 1089 207 2135 1338 1138 960
internal_count=15167 11082 4085 8655 2427 563 3034 3522 150 5621 2097 369 332 292 40 4795 579 4216 1458 937 3205 1048 201 2157 1089 207 2135 1338 1138 960
is_linear=0
shrinkage=0.05


Tree=35
num_leaves=31
num_cat=0
split_feature=4 5 11 11 12 14 9 3 17 14 16 14 4 7 5 3 13 9 0 0 8 19 0 9 8 17 1 6 17 9
split_gain=1930.59 1134.55 566.764 458.824 428.825 421.703 583.543 374.813 359.401 311.936 307.944 282.971 282.597 282.126 281.139 276.66 264.946 238.654 229.229 225.618 209.663 209.379 196.894 228.226 193.251 175.464 349.665 182.944 193.001 318.272
threshold=1897873.1500000001 11.175000000000002 -0.26999999999999774 7.4150000000000018 18.005000000000006 20.695000000000004 -618841.89999999991 27.121002000000001 20.725000000000005 25.807500000000001 114.97000000000001 31.580000000000002 674229.00000000012 194318.86500000002 8.9850000000000012 8.8034360000000031 1.0000000180025095e-35 -941504.61999999988 26.500000000000004 29.500000000000004 6.9212345000000015 -6.9974999999999978 25.500000000000004 145755.70750000016 -0.30560244999999936 39.160000000000004 2.5000000000000004 10.971893500000002 22.632500000000004 2814.7052499999936
decision_type=2 2 2 2 2 2 2 2 2 2 2 2 2 2 2 2 2 2 2 2 2 2 2 2 2 2 2 2 2 2
left_child=1 2 5 4 15 6 -1 10 11 -6 12 -2 -4 -14 20 21 -15 -9 -10 -17 22 -3 23 -7 -11 26 27 -21 29 -29
right_child=8 3 7 -5 9 14 -8 17 18 24 -12 -13 13 16 -16 19 -18 -19 -20 25 -22 -23 -24 -25 -26 -27 -28 28 -30 -31
leaf_value=0.28682796431164587 0.030627591734034166 0.19427843058810515 -0.010452859027894418 -0.0049086961065926693 0.044158770830565415 -0.004265325589545981 0.042622658409728224 0.20709989113467084 -0.068974348113944914 0.056837429658130371 0.15839938455820085 -0.086275003266266803 -0.15577922591567039 -0.012160906840885827 0.029815439971733013 0.00071809407150823744 -0.063245964790522149 0.03117344901599783 -0.03240092624140032 -0.016987066373059696 0.12541021267499994 0.06437787129616071 0.015384873266068053 -0.071393063569914053 0.21178646945877921 -0.00011502535820691887 0.025461697438510351 0.10407844443360102 0.064600533692040982 0.30135780846079196
leaf_weight=31 240 34 3383 620 86 2299 116 21 1001 27 25 66 50 589 1161 504 446 235 749 44 34 354 1436 134 79 234 736 138 277 24
leaf_count=31 240 34 3383 620 86 2299 116 21 1001 27 25 66 50 589 1161 504 446 235 749 44 34 354 1436 134 79 234 736 138 277 24
internal_value=0.000469664 0.00753079 -0.000748095 0.0336498 0.0430728 0.0106382 0.0941217 -0.0132421 -0.0445794 0.114914 -0.016595 0.00541331 -0.0175742 -0.0397783 0.00821479 0.0371908 -0.0341744 0.0456049 -0.0533209 0.0295438 0.00178939 0.0757609 0.00070303 -0.00796246 0.172318 0.0395425 0.0471552 0.0802119 0.0899539 0.133305
internal_weight=15173 13117 9960 3157 2537 5211 147 4749 2056 192 4493 306 4468 1085 5064 2345 1035 256 1750 1957 3903 388 3869 2433 106 1453 1219 483 439 162
internal_count=15173 13117 9960 3157 2537 5211 147 4749 2056 192 4493 306 4468 1085 5064 2345 1035 256 1750 1957 3903 388 3869 2433 106 1453 1219 483 439 162
is_linear=0
shrinkage=0.05


Tree=36
num_leaves=31
num_cat=0
split_feature=4 0 10 9 15 0 3 10 11 15 9 1 8 8 16 1 1 10 3 16 11 4 1 10 11 10 15 11 8 10
split_gain=1742.36 1013.3 705.57 672.323 518.303 505.603 358.395 324.933 422.665 309.097 301.905 298.168 276.446 268.808 252.446 262.058 245.916 281.279 270.841 244.365 236.659 228.062 223.015 221.937 472.56 217.533 215.315 202.181 225.124 204.246
threshold=1897873.1500000001 34.500000000000007 22.355000000000004 12028.449999999955 14.697500000000002 26.500000000000004 22.400192000000004 57.990000000000002 3.4400000000000035 28.700000000000003 -166958.56999999998 3.5000000000000004 0.6401830000000005 -0.64807149999999847 1.0000000180025095e-35 5.5000000000000009 1.0000000180025095e-35 17.635000000000002 26.509643000000001 107.48750000000001 -31.149999999999999 2687961.3000000003 3.5000000000000004 35.395000000000003 -5.7199999999999989 15.215000000000002 29.347500000000004 -5.8449999999999998 6.9212345000000015 39.275000000000013
decision_type=2 2 2 2 2 2 2 2 2 2 2 2 2 2 2 2 2 2 2 2 2 2 2 2 2 2 2 2 2 2
left_child=1 3 6 4 5 -1 -3 8 -2 -5 -7 13 26 -8 -6 16 -16 18 -18 27 -4 -10 -20 24 -22 -15 -11 28 29 -19
right_child=7 2 20 9 14 10 11 -9 21 12 -12 -13 -14 25 15 -17 17 19 22 -21 23 -23 -24 -25 -26 -27 -28 -29 -30 -31
leaf_value=0.041161143042398943 -0.0041167954311787294 0.036613442124858744 0.17300800162812938 -0.0031646099883837924 -0.14522089726966003 0.33608233447258296 0.060110465623438358 -0.079427138066288566 -0.036623973689470644 -0.19112872922560201 0.081189467083840144 0.048868311149999503 -0.01271473195500158 0.25353379465164022 -0.017054574655466361 -0.020779224141996226 0.022624424511824649 0.03015666909359448 0.15142560469639765 0.12133156128747519 0.071987926903358646 -0.09070928492629747 0.0058950633509084584 -0.0077775303431553769 0.0091288553671403806 0.12851625780623629 -0.05843202447342466 -0.009925560526603993 0.17743880890664601 -0.0069432533420754452
leaf_weight=215 743 817 23 691 29 26 104 459 553 32 21 244 406 47 920 1020 1468 783 77 43 377 301 40 940 1445 134 684 1805 21 705
leaf_count=215 743 817 23 691 29 26 104 459 553 32 21 244 406 47 920 1020 1468 783 77 43 377 301 40 940 1445 134 684 1805 21 705
internal_value=0.000446181 0.00715425 0.0276506 -0.00226825 0.00460757 0.0736365 0.0573743 -0.0423504 -0.031694 -0.0294719 0.222194 0.0894379 -0.0456736 0.124171 0.00199064 0.00261097 0.00668092 0.0110995 0.0284595 0.00290304 0.0132851 -0.0556868 0.101672 0.011955 0.0221354 0.160979 -0.0643626 0.0013664 0.0148734 0.0125791
internal_weight=15173 13117 4131 8986 7173 262 1346 2056 1597 1813 47 529 1122 285 6911 6882 5862 4942 1585 3357 2785 854 117 2762 1822 181 716 3314 1509 1488
internal_count=15173 13117 4131 8986 7173 262 1346 2056 1597 1813 47 529 1122 285 6911 6882 5862 4942 1585 3357 2785 854 117 2762 1822 181 716 3314 1509 1488
is_linear=0
shrinkage=0.05


Tree=37
num_leaves=31
num_cat=0
split_feature=0 9 10 10 9 11 8 15 13 15 11 18 16 11 10 3 14 16 5 6 0 14 3 8 6 9 15 16 19 16
split_gain=1549.19 1151.79 692.339 496.894 487.344 464.652 428.666 319.74 318.815 318.053 294.706 325.349 287.82 279.766 292.854 273.94 266.642 258.564 242.808 321.97 218.597 216.786 389.873 262.18 223.741 215.805 214.202 212.84 210.469 204.271
threshold=32.500000000000007 12028.449999999955 15.315000000000003 31.785000000000004 -600043.70999999985 -0.060000000000001379 6.9212345000000015 28.512500000000006 0.54000000000000015 28.512500000000006 -20.044999999999998 3.6724999999999999 21.487500000000004 -8.6849999999999987 23.945000000000004 8.8034360000000031 32.447500000000012 107.48750000000001 11.425000000000002 3.5328064000000006 26.500000000000004 42.27000000000001 26.848953000000005 1.2961427500000002 20.507003500000003 1735142.8150000002 37.367500000000014 50.885000000000012 -18.427499999999998 89.277500000000003
decision_type=2 2 2 2 2 2 2 2 2 2 2 2 2 2 2 2 2 2 2 2 2 2 2 2 2 2 2 2 2 2
left_child=1 3 5 4 8 16 10 20 26 13 11 28 -7 14 -4 18 -2 -11 -6 -20 25 23 -23 -9 -25 -3 -1 -13 -5 -12
right_child=2 7 9 6 15 12 -8 21 -10 17 29 27 -14 -15 -16 -17 -18 -19 19 -21 -22 22 -24 24 -26 -27 -28 -29 -30 -31
leaf_value=0.12204581058290315 0.23551666356736059 -0.026490173256050138 0.22844637836696524 -0.15769811893502872 0.01609919903560517 -0.059222093418888427 0.20557289960838498 -0.096385605855394851 -0.0055205521807458607 0.0064240940738403409 -0.039672188529127989 0.022648779840462589 0.074206502468244104 0.028122199868569561 0.064589246590236196 -0.0014554516002467076 0.030960805235164507 0.1747623127439748 -0.10559571782747906 0.10212919132415942 0.017033977118692027 -0.047193292730332383 0.04700687885147016 -0.057823686526721201 0.066668163346392778 -0.18920597881078721 -0.03662483152002096 0.14138249583908769 -0.0064061159741799906 0.019285962580867885
leaf_weight=187 66 687 33 24 845 46 21 418 97 2774 1410 99 333 1309 157 3861 21 23 21 167 349 1102 122 137 49 21 24 61 545 164
leaf_count=187 66 687 33 24 845 46 21 418 97 2774 1410 99 333 1309 157 3861 21 23 21 167 349 1102 122 137 49 21 24 61 545 164
internal_value=0.000423872 -0.0103814 0.024047 -8.46289e-05 0.00850259 0.0819331 -0.0193061 -0.0372422 0.0695067 0.017768 -0.0213567 0.0049252 0.058012 0.0363517 0.0930486 0.00466334 0.186141 0.00780836 0.0275333 0.0789259 -0.0153521 -0.0498996 -0.0378041 -0.0744111 -0.0250274 -0.0313165 0.103998 0.067916 -0.0127875 -0.0335292
internal_weight=15173 10411 4762 7526 5202 466 2324 2885 308 4296 2303 729 379 1499 190 4894 87 2797 1033 188 1057 1828 1224 604 186 708 211 160 569 1574
internal_count=15173 10411 4762 7526 5202 466 2324 2885 308 4296 2303 729 379 1499 190 4894 87 2797 1033 188 1057 1828 1224 604 186 708 211 160 569 1574
is_linear=0
shrinkage=0.05


Tree=38
num_leaves=31
num_cat=0
split_feature=4 12 11 11 14 6 6 0 16 10 11 8 16 11 0 6 17 14 3 19 11 10 10 10 10 1 1 13 10 7
split_gain=1464.81 838.515 467.663 411.981 358.156 355.979 345.214 302.047 296.878 300.696 457.759 317.769 283.069 282.471 273.408 267.75 254.931 231.722 278.701 252.762 226.959 294.989 220.889 203.741 200.896 210.284 212.663 294.937 200.202 199.925
threshold=1897873.1500000001 11.905000000000003 8.1150000000000055 2.5849999999999995 19.437500000000004 26.659958000000003 27.960282000000003 26.500000000000004 1.0000000180025095e-35 31.015000000000004 -10.254999999999997 6.9212345000000015 114.97000000000001 -17.734999999999996 21.500000000000004 26.097183500000003 20.725000000000005 55.095000000000006 13.839462000000003 -0.86000000000000287 -4.3199999999999985 18.605000000000004 33.935000000000009 20.005000000000006 19.705000000000002 1.0000000180025095e-35 3.5000000000000004 8.9450000000000021 24.075000000000003 2148644.7500000005
decision_type=2 2 2 2 2 2 2 2 2 2 2 2 2 2 2 2 2 2 2 2 2 2 2 2 2 2 2 2 2 2
left_child=1 2 4 6 5 -1 22 -2 -6 10 28 13 29 17 24 -5 -9 -11 19 -19 21 -16 -3 -22 25 -12 -27 -28 -10 -4
right_child=7 3 12 15 8 -7 -8 16 9 11 14 -13 -14 -15 20 -17 -18 18 -20 -21 23 -23 -24 -25 -26 26 27 -29 -30 -31
leaf_value=0.036902542639085475 -0.055333336765778743 0.05462227884992206 -0.02445568519089817 -0.02083273050459078 -0.13475481420755386 0.19505315929651262 0.13457865804686384 0.049228288890380001 0.2162493129571279 -0.0055165974692970837 -0.027075866153456647 0.17029722809791567 0.15046506403014065 -0.018457104114819652 0.24226820993991127 0.057800928390895324 -0.027642105716289944 0.21254437345834007 0.025456110707169508 0.003335553107105873 0.039670235136050155 0.049069566693237823 -0.0030073211062699558 0.0022598040438406818 -0.014156974749247299 0.033182018247463023 -0.0161679816328201 0.041678366637893531 0.064131730457674285 0.091328281517091547
leaf_weight=170 1181 986 1976 389 38 45 118 126 24 556 329 25 24 2181 21 150 749 42 293 22 580 334 200 977 1359 954 756 311 219 38
leaf_count=170 1181 986 1976 389 38 45 118 126 24 556 329 25 24 2181 21 150 749 42 293 22 580 334 200 977 1359 954 756 311 219 38
internal_value=0.000402678 0.0065533 0.001442 0.0378202 0.00622563 0.0700038 0.0530187 -0.0388375 0.00470558 0.00529553 0.0119672 -0.00724779 -0.0202369 -0.00868238 0.00906258 0.00105048 -0.0165728 0.0146678 0.0461033 0.140629 0.0244213 0.0604982 0.044904 0.0161956 0.00114514 0.00999432 0.016029 0.000692575 0.0791557 -0.0222711
internal_weight=15173 13117 11274 1843 9236 215 1304 2056 9021 8983 5864 3119 2038 3094 5621 539 875 913 357 64 1912 355 1186 1557 3709 2350 2021 1067 243 2014
internal_count=15173 13117 11274 1843 9236 215 1304 2056 9021 8983 5864 3119 2038 3094 5621 539 875 913 357 64 1912 355 1186 1557 3709 2350 2021 1067 243 2014
is_linear=0
shrinkage=0.05


Tree=39
num_leaves=31
num_cat=0
split_feature=5 11 12 9 4 12 3 11 18 15 19 10 14 8 14 13 18 6 3 14 6 3 1 12 13 13 14 18 11 15
split_gain=1353.54 845.54 659.435 563.192 433.891 392.378 377.909 312.044 311.574 318.626 283.945 279.085 256.924 523.635 244.297 240.424 223.676 222.603 213.942 208.656 295.167 228.486 207.833 206.72 187.086 177.858 172.6 186.31 227.221 203.137
threshold=7.6950000000000012 22.480000000000004 13.955000000000002 -618841.89999999991 268251.48500000004 1.0000000180025095e-35 27.179703000000003 -0.20999999999999994 -0.60749999999999804 54.522500000000008 -0.82499999999999918 32.425000000000004 20.695000000000004 -1.2027440000000007 79.16500000000002 11.095000000000001 -47.779999999999994 27.179703000000003 29.458053000000003 73.607500000000016 16.145904500000004 17.511337000000001 1.0000000180025095e-35 7.1350000000000007 8.3350000000000026 1.0000000180025095e-35 102.59500000000001 11.545 -11.489999999999997 33.140000000000008
decision_type=2 2 2 2 2 2 2 2 2 2 2 2 2 2 2 2 2 2 2 2 2 2 2 2 2 2 2 2 2 2
left_child=3 2 7 11 17 10 -4 12 18 -10 -6 -1 13 -2 19 16 -9 -5 -7 20 -13 -22 -18 24 -14 -12 27 29 -29 -25
right_child=1 -3 6 4 5 8 -8 15 9 -11 25 14 23 -15 -16 -17 22 -19 -20 -21 21 -23 -24 26 -26 -27 -28 28 -30 -31
leaf_value=0.067607324291649909 0.3254293354600668 -0.051964075369532785 0.037328132852022522 -0.0072244638148506613 -0.023388970911150941 -0.0056427522588191684 0.11141827865582743 0.13344760720928511 -0.040837454159252162 0.12944633910166367 -0.21528147781888643 -0.051093058210214849 -0.023414817463068678 0.048053059741582013 0.1135254308126039 0.034059075833136616 -0.03231183483311896 0.16055075028620194 0.09240347446385222 -0.10958260434234274 0.1140056198147627 0.0088214833363593811 0.0010882075611155764 0.035137869646183768 0.01933004178584679 -0.076595580340799885 -0.083412467996988982 0.1573884056373076 0.044627534444852318 0.0030767926023116299
leaf_weight=222 20 491 778 1722 307 633 221 30 1454 28 24 171 464 114 45 507 542 20 61 46 65 251 3311 1333 571 629 35 55 238 785
leaf_count=222 20 491 778 1722 307 633 221 30 1454 28 24 171 464 114 45 507 542 20 61 46 65 251 3311 1333 571 629 35 55 238 785
internal_value=0.000382544 0.0119309 0.0154152 -0.0189291 -0.0253062 -0.0364203 0.0537184 0.010635 -0.024673 -0.0376202 -0.0630477 0.0199554 0.0215137 0.0894525 0.0016531 0.00167686 -0.00255126 -0.00529823 0.00297514 -0.00779204 0.00182268 0.0304575 -0.00361016 0.0188984 0.000167129 -0.0816928 0.0268243 0.0284246 0.0657943 0.023255
internal_weight=15173 9495 9004 5678 4878 3136 999 8005 2176 1482 960 800 3615 134 578 4390 3883 1742 694 533 487 316 3853 3481 1035 653 2446 2411 293 2118
internal_count=15173 9495 9004 5678 4878 3136 999 8005 2176 1482 960 800 3615 134 578 4390 3883 1742 694 533 487 316 3853 3481 1035 653 2446 2411 293 2118
is_linear=0
shrinkage=0.05


Tree=40
num_leaves=31
num_cat=0
split_feature=5 11 11 12 11 3 17 9 17 17 3 15 10 18 11 10 16 16 17 16 16 10 11 9 1 10 16 4 6 19
split_gain=1227.23 696.7 556.546 466.294 435.866 349.169 325.593 263.227 384.183 391.633 327.148 316.015 296.839 272.731 258.033 250.919 249.121 343.733 208.896 204.794 194.657 194.151 295.189 263.615 238.705 197.766 203.021 190.212 183.899 180.033
threshold=8.3050000000000015 2.5849999999999995 6.8850000000000007 13.955000000000002 27.895 27.586547500000005 20.725000000000005 -618841.89999999991 51.202500000000008 47.727500000000006 18.811752000000002 37.367500000000014 38.535000000000004 3.4974999999999992 -11.800000000000001 44.515000000000008 61.482500000000009 64.765000000000001 50.260000000000012 107.48750000000001 1.0000000180025095e-35 37.985000000000007 -5.7199999999999989 -727212.23999999987 3.5000000000000004 26.645000000000003 45.475000000000001 2643782.4000000004 16.965408500000002 -4.4249999999999998
decision_type=2 2 2 2 2 2 2 2 2 2 2 2 2 2 2 2 2 2 2 2 2 2 2 2 2 2 2 2 2 2
left_child=2 3 7 21 19 18 -7 8 9 11 -11 -1 14 -10 -9 27 -14 28 -5 -3 -16 22 24 -24 25 26 -2 -4 -18 -22
right_child=1 4 15 5 -6 6 -8 12 13 10 -12 -13 16 -15 20 -17 17 -19 -20 -21 29 -23 23 -25 -26 -27 -28 -29 -30 -31
leaf_value=0.039418213923522474 0.16274416573053482 0.00046715620414742589 -0.022966505445725018 0.056170720978086931 -0.066171648479447287 0.2137175756196181 0.045168636461757887 0.041920097195236997 -0.027584892534650865 0.21773736083802456 0.019890110552109579 -0.038571013462374716 -0.040507518742382717 -0.24230468585377649 -0.12212230662504833 -0.079400819245397866 0.19353272869731442 -0.01311486083231512 -0.081876327537385551 0.14141217819773233 -0.034983930220895944 -0.0068780398277830989 0.1646508670349916 0.015616936636689688 0.016334342996653737 0.046704209271482514 0.059092709299346263 -0.077941072917960139 0.0093567032731421609 0.00044152528272790073
leaf_weight=460 102 2946 1204 498 257 69 49 304 50 48 37 181 1186 21 36 318 33 473 29 26 425 569 30 2710 266 244 88 181 23 2297
leaf_count=460 102 2946 1204 498 257 69 49 304 50 48 37 181 1186 21 36 318 33 473 29 26 425 569 30 2710 266 244 88 181 23 2297
internal_value=0.000475328 0.0141436 -0.0143312 0.0265249 -0.00370181 0.065982 0.143727 -0.00668809 0.0199131 0.0307691 0.131616 0.0173963 -0.0111263 -0.0910936 -0.00179839 -0.0393473 -0.0277804 0.000753223 0.0485742 0.00170019 -0.00661726 0.0201768 0.0246518 0.0172487 0.0536298 0.0764882 0.114737 -0.0301509 0.117889 -0.00508964
internal_weight=15160 7883 7277 4654 3229 645 118 5574 797 726 85 641 4777 71 3062 1703 1715 529 527 2972 2758 4009 3440 2740 700 434 190 1385 56 2722
internal_count=15160 7883 7277 4654 3229 645 118 5574 797 726 85 641 4777 71 3062 1703 1715 529 527 2972 2758 4009 3440 2740 700 434 190 1385 56 2722
is_linear=0
shrinkage=0.05


Tree=41
num_leaves=31
num_cat=0
split_feature=5 11 3 15 9 9 11 10 11 3 12 9 10 11 0 15 11 6 1 10 16 16 17 17 10 9 9 9 6 5
split_gain=1112.72 767.348 506.717 545.335 423.048 387.423 383.176 363.743 322.148 268.941 285.071 266.552 241.079 232.487 228.946 494.918 222.189 215.351 213.11 208.722 207.735 198.012 326.592 214.603 239.036 199.835 180.515 180.472 179.362 187.379
threshold=7.6950000000000012 27.895 27.121002000000001 20.640000000000004 -618841.89999999991 -68430.604999999909 1.5100000000000009 38.535000000000004 -11.800000000000001 13.839462000000003 7.5450000000000008 -122183.16000000005 19.215000000000003 -20.044999999999998 26.500000000000004 52.292500000000011 -6.1349999999999998 24.259673500000002 5.5000000000000009 20.455000000000002 114.97000000000001 94.502500000000012 51.202500000000008 48.877500000000005 76.350000000000009 -1684141.8749999998 230633.40500000003 -699683.2999999997 3.5328064000000006 14.235000000000001
decision_type=2 2 2 2 2 2 2 2 2 2 2 2 2 2 2 2 2 2 2 2 2 2 2 2 2 2 2 2 2 2
left_child=4 2 6 5 12 -4 9 8 -6 10 -2 -5 -1 26 -11 19 -12 -17 -10 27 -8 22 23 24 -14 -23 -9 -16 -18 -30
right_child=1 -3 3 11 7 -7 20 13 18 14 16 -13 21 -15 15 17 28 -19 -20 -21 -22 25 -24 -25 -26 -27 -28 -29 29 -31
leaf_value=0.098526478518033409 0.0043992545441241277 -0.062387269667111514 0.19945513499146211 -0.074736897424736534 0.043231137590862966 0.070448079044752587 -0.0031528037937285183 0.0016897003245230945 -0.010548718305006571 -0.0049995939876844179 0.076407062067844103 0.033344057313299605 0.011453018404715801 -0.050384245602875646 0.21792210146784782 -0.033350703616937004 -0.094358261560814255 -0.21704752930888424 -0.049056327825224587 0.021556658097306475 0.13867858860355159 -0.033424147255718704 -0.099592868205965371 0.11088441371917726 -0.12004409984156893 0.160970473375458 -0.078342518884511228 0.060925811554760137 0.028714518559271873 0.10250761221007754
leaf_weight=80 588 344 79 64 245 221 3667 437 2266 1378 418 525 524 1388 20 39 27 27 427 926 26 20 74 50 37 39 84 216 828 96
leaf_count=80 588 344 79 64 245 221 3667 437 2266 1378 418 525 524 1388 20 39 27 27 427 926 26 20 74 50 37 39 84 216 828 96
internal_value=0.000451562 0.0109237 0.0136813 0.0495483 -0.0170709 0.10442 0.00981921 -0.0227016 -0.0116606 0.0195098 0.0335174 0.0216001 0.0160505 -0.0396939 0.00899059 0.0246897 0.046024 -0.108499 -0.0166545 0.0322546 -0.00215426 0.00718208 -0.000388178 0.0116268 0.0027803 0.095074 -0.0112138 0.0742306 0.0326695 0.0363813
internal_weight=15160 9489 9145 889 5671 300 8256 4847 2938 4563 1957 589 824 1909 2606 1228 1369 66 2693 1162 3693 744 685 611 561 59 521 236 951 924
internal_count=15160 9489 9145 889 5671 300 8256 4847 2938 4563 1957 589 824 1909 2606 1228 1369 66 2693 1162 3693 744 685 611 561 59 521 236 951 924
is_linear=0
shrinkage=0.05


Tree=42
num_leaves=31
num_cat=0
split_feature=5 11 11 12 11 3 14 8 5 10 11 18 11 18 10 0 9 12 16 4 4 19 16 13 16 16 9 5 0 12
split_gain=1017.18 574.727 476.008 390.242 357.443 298.625 283.547 341.669 230.076 219.257 333.636 347.592 319.765 310.35 218.409 214.738 208.285 204.985 183.86 179.135 168.826 168.057 167.978 166.521 161.528 400.896 161.335 151.654 151.203 139.625
threshold=8.3050000000000015 2.5849999999999995 6.8850000000000007 13.955000000000002 31.190000000000005 27.586547500000005 20.695000000000004 -1.1416175000000013 17.965000000000003 31.785000000000004 -18.914999999999996 11.545 -12.844999999999997 23.732499999999998 44.515000000000008 30.500000000000004 -600043.70999999985 8.0850000000000026 1.0000000180025095e-35 1006883.5300000001 2643782.4000000004 -4.7549999999999946 107.48750000000001 11.925000000000002 95.782500000000013 89.277500000000003 230633.40500000003 15.105000000000002 26.500000000000004 9.7750000000000004
decision_type=2 2 2 2 2 2 2 2 2 2 2 2 2 2 2 2 2 2 2 2 2 2 2 2 2 2 2 2 2 2
left_child=2 3 9 6 22 19 7 -2 -7 12 11 15 -1 -13 20 17 -14 26 -18 -5 -4 -20 23 24 25 27 -11 -3 -29 -8
right_child=1 4 14 5 -6 8 29 -9 -10 10 -12 13 16 -15 -16 -17 18 -19 21 -21 -22 -23 -24 -25 -26 -27 -28 28 -30 -31
leaf_value=0.088305808624269774 0.26549545060033386 -0.0086901696846712877 -0.020837935593940878 0.053760897011349076 -0.065160814175633783 0.084925383409876154 0.0083603464576915039 0.053423964566713493 0.23541380545577489 0.0052183087015384736 -0.02803910897662526 0.14208657631358829 0.04955505654769074 -0.012791045797321033 -0.073555172099468283 0.059319259313086417 -0.11548875404728785 -0.068633956332906976 -0.036047039701184717 -0.043989089309560282 -0.072629828178400996 0.0036953098769391735 0.12768039243439069 0.038845772966337594 -0.098581224239685322 0.1341520174564618 -0.090904672527091307 -0.046399605240672825 0.050437913419535532 0.027866862230909201
leaf_weight=109 23 2377 1204 475 218 81 2387 109 37 613 1877 83 202 53 318 117 36 138 307 52 181 1992 26 253 44 53 47 50 208 1490
leaf_count=109 23 2377 1204 475 218 81 2387 109 37 613 1877 83 202 53 318 117 36 138 307 52 181 1992 26 253 44 53 47 50 208 1490
internal_value=0.000428983 0.0128727 -0.013051 0.0241181 -0.0033355 0.0602144 0.0183106 0.0903758 0.132112 -0.00598251 -0.0154095 0.00714599 0.00444916 0.0817299 -0.0361864 -0.0039397 0.000846331 -0.0132145 -0.00336744 0.0441157 -0.0276064 -0.00161174 0.00114073 3.8538e-05 -0.00355525 -0.00199977 -0.00162681 -0.0047383 0.031671 0.015857
internal_weight=15160 7883 7277 4654 3229 645 4009 132 118 5574 2928 1051 2646 136 1703 915 2537 798 2335 527 1385 2299 3011 2985 2732 2688 660 2635 258 3877
internal_count=15160 7883 7277 4654 3229 645 4009 132 118 5574 2928 1051 2646 136 1703 915 2537 798 2335 527 1385 2299 3011 2985 2732 2688 660 2635 258 3877
is_linear=0
shrinkage=0.05


Tree=43
num_leaves=31
num_cat=0
split_feature=11 5 11 12 4 8 17 1 18 10 11 8 18 11 11 18 18 17 0 16 0 10 14 16 15 10 6 16 17 11
split_gain=927.492 856.174 414.158 340.352 329.376 279.456 257.167 277.286 289.133 249.213 414.755 347.429 227.139 301.804 213.218 312.937 316.983 300.389 254.326 190.267 203.656 230.115 189.983 189.891 356.269 212.702 187.314 184.712 196.326 174.13
threshold=6.1700000000000017 9.8250000000000011 37.570000000000007 23.150000000000002 2687961.3000000003 3.2496947 49.555000000000007 3.5000000000000004 1.0050000000000028 29.565000000000001 -12.844999999999997 6.9212345000000015 1.9974999999999989 -3.9799999999999991 -17.124999999999996 11.545 12.010000000000009 55.970000000000006 30.500000000000004 1.0000000180025095e-35 9.5000000000000018 19.135000000000002 19.437500000000004 89.767499999999998 50.475000000000009 35.165000000000006 27.960282000000003 38.260000000000012 19.182500000000005 -6.2599999999999989
decision_type=2 2 2 2 2 2 2 2 2 2 2 2 2 2 2 2 2 2 2 2 2 2 2 2 2 2 2 2 2 2
left_child=1 9 4 5 23 6 7 8 -3 10 -1 14 -10 -14 15 17 -17 18 -11 -12 -21 22 -22 25 -25 -2 -15 28 -24 -23
right_child=2 3 -4 -5 -6 -7 -8 -9 12 11 19 -13 13 26 -16 16 -18 -19 -20 20 21 29 27 24 -26 -27 -28 -29 -30 -31
leaf_value=0.12344365101059279 -0.0079354481320095382 0.064809782978272737 -0.072730181072653402 0.16365672111511231 -0.072125393483803243 -0.020217660432736071 -0.021050401449084599 0.016693945874048453 -0.048810094989281384 -0.010275561157264329 -0.10971431963973576 0.14807315972798013 0.091564825584375592 0.0072965286730671541 -0.02095386923707079 0.1949927489616369 0.030390368617968417 -0.11829670082245554 0.055098526929034275 -0.008050904191105027 0.16645182690450125 0.035358583668949541 0.059876425073441097 -0.11387145407497884 0.07334005902934132 -0.041708183625482585 0.121059593749352 0.069331562938217559 -0.0089270984733945246 -0.0061136573997803006
leaf_weight=75 2428 965 352 45 241 309 235 1421 94 906 36 34 172 501 2523 38 127 56 178 1534 28 334 159 31 141 577 39 238 298 1045
leaf_count=75 2428 965 352 45 241 309 235 1421 94 906 36 34 172 501 2523 38 127 56 178 1534 28 334 159 31 141 577 39 238 298 1045
internal_value=0.000407534 0.00752269 -0.0210889 0.0269696 -0.0157707 0.0253232 0.0294294 0.0331458 0.0463463 -0.00214068 0.00704593 -0.0110537 0.0242406 0.0338849 -0.0124671 0.00394066 0.0682988 -0.00537433 0.000459298 0.00466853 0.00580103 0.0159099 0.0387575 -0.0114957 0.0395984 -0.0144203 0.0155128 0.0336129 0.0150111 0.00393111
internal_weight=15160 11390 3770 3781 3418 3736 3427 3192 1771 7609 3747 3862 806 712 3828 1305 165 1140 1084 3672 3636 2102 723 3177 172 3005 540 695 457 1379
internal_count=15160 11390 3770 3781 3418 3736 3427 3192 1771 7609 3747 3862 806 712 3828 1305 165 1140 1084 3672 3636 2102 723 3177 172 3005 540 695 457 1379
is_linear=0
shrinkage=0.05


Tree=44
num_leaves=31
num_cat=0
split_feature=5 11 3 15 9 9 10 7 11 11 3 12 10 1 17 14 14 11 16 17 19 12 9 6 17 14 11 15 18 16
split_gain=860.237 585.217 482.853 433.131 338.231 335.44 296.647 283.534 266.583 264.661 255.038 243.632 199.382 182.206 179.917 311.862 219.207 178.974 177.014 277.468 197.432 183.217 178.458 176.551 173.26 169.995 169.897 230.054 169.849 167.692
threshold=7.6950000000000012 18.294999999999998 27.121002000000001 21.090000000000003 -618841.89999999991 -68430.604999999909 38.535000000000004 590820.85000000009 0.29999999999999988 -11.800000000000001 13.839462000000003 7.5450000000000008 19.215000000000003 5.5000000000000009 31.802500000000002 40.702500000000008 40.027500000000011 -20.044999999999998 94.502500000000012 51.202500000000008 1.4375000000000002 7.3850000000000007 -1684141.8749999998 17.381805500000002 24.460000000000004 65.015000000000001 47.045000000000002 64.935000000000016 3.4974999999999992 23.237500000000004
decision_type=2 2 2 2 2 2 2 2 2 2 2 2 2 2 2 2 2 2 2 2 2 2 2 2 2 2 2 2 2 2
left_child=4 2 8 5 12 -4 9 -5 10 -6 11 -2 -1 -11 15 16 29 -8 19 20 23 -22 -20 -14 -9 -25 27 -3 -21 -10
right_child=1 26 3 7 6 -7 17 24 14 13 -12 -13 18 -15 -16 -17 -18 -19 22 28 21 -23 -24 25 -26 -27 -28 -29 -30 -31
leaf_value=0.0896011559287581 0.0037709565253043736 -0.032856143037559626 0.18143077737451355 0.050161781529569183 0.039670107375773395 0.064904174655544253 -0.010411234669594699 0.01789472150860481 -0.029238987740072411 -0.0089641505459282615 0.0073396312964672241 0.045189768822698574 -0.02196543981457864 -0.044570351227031763 -0.011598463655182896 0.041954700390584292 -0.099349446733566854 -0.044779225073729043 -0.031798765147104856 -0.032967000853513249 -0.012817222419254518 -0.17143143191933632 0.15190428726088545 0.038054485581317007 -0.074977315034793351 0.15447667959249684 -0.092741439944115767 0.090004434104917985 -0.18915911137924665 0.01048918632383819
leaf_weight=80 503 539 79 285 245 283 521 103 336 2266 2230 1207 109 427 1795 560 55 1388 20 46 203 20 39 243 98 36 107 41 28 1268
leaf_count=80 503 539 79 285 245 283 521 103 336 2266 2230 1207 109 427 1795 560 55 1388 20 46 203 20 39 243 98 36 107 41 28 1268
internal_value=0.000387158 0.00959481 0.0130638 0.0489297 -0.0150195 0.090334 -0.0200542 0.0180895 0.00924005 -0.0100834 0.0184792 0.0330063 0.014596 -0.0146098 0.000171191 0.00969193 -0.00119845 -0.0353996 0.00653091 -0.000626707 0.0104479 -0.0270427 0.0896321 0.0319953 -0.0273862 0.0530767 -0.034851 -0.0241712 -0.0920667 0.00216708
internal_weight=15160 9489 8802 848 5671 362 4847 486 7954 2938 3940 1710 824 2693 4014 2219 1659 1909 744 685 611 223 59 388 201 279 687 580 74 1604
internal_count=15160 9489 8802 848 5671 362 4847 486 7954 2938 3940 1710 824 2693 4014 2219 1659 1909 744 685 611 223 59 388 201 279 687 580 74 1604
is_linear=0
shrinkage=0.05


Tree=45
num_leaves=31
num_cat=0
split_feature=11 10 0 11 10 8 9 4 11 10 5 10 8 18 12 11 18 8 16 19 17 3 11 10 16 1 0 3 4 19
split_gain=851.817 759.299 593.884 392.029 409.03 328.225 300.901 241.392 238.033 289.268 274.15 225.587 224.977 218.531 216.8 202.917 426.325 201.04 191.359 196.225 180.212 179.199 171.471 294.976 258.063 166.194 163.255 149.128 148.195 138.851
threshold=10.955000000000002 31.015000000000004 30.500000000000004 -5.7199999999999989 17.635000000000002 6.9212345000000015 -1334255.5499999996 2024534.9500000002 -5.3099999999999987 18.925000000000004 12.865 52.185000000000009 1.1181030000000003 -3.4774999999999952 1.0000000180025095e-35 -19.509999999999998 11.545 3.1568450000000019 107.48750000000001 20.875000000000004 53.840000000000011 22.898666500000001 1.4350000000000007 11.825000000000001 51.097500000000004 1.0000000180025095e-35 30.500000000000004 13.652587500000001 2869579.0000000005 -9.4949999999999939
decision_type=2 2 2 2 2 2 2 2 2 2 2 2 2 2 2 2 2 2 2 2 2 2 2 2 2 2 2 2 2 2
left_child=1 2 6 12 14 7 13 15 10 25 -8 18 29 -1 -5 16 20 -6 19 28 26 -14 23 -16 -24 -10 -3 -18 -2 -4
right_child=11 5 3 4 17 -7 8 -9 9 -11 -12 -13 21 -15 22 -17 27 -19 -20 -21 -22 -23 24 -25 -26 -27 -28 -29 -30 -31
leaf_value=-0.016615937093434775 -0.023034041980326877 -0.0040686084812978232 -0.042629737983788218 0.01856302819774213 0.017021901051988631 0.15367701578885318 0.022938204521142903 -0.037426826135108095 -0.021253242308211677 -0.019105392412614153 0.20189135731621222 -0.078416520942399648 0.091174949326298452 0.17284098072184459 0.27517816634340719 -0.013500548429693299 0.17965938018331695 -0.040241809497648003 0.105050662365453 0.068095254605369901 -0.094839949015042058 0.23589985096028873 0.019005313813598095 0.084589880544952561 0.14534132745489478 0.012872800066261569 0.057263633814689366 0.059261793032055726 -0.074794644229864121 0.068776844465987877
leaf_weight=23 1923 589 31 283 1647 30 787 784 419 1546 22 197 55 45 22 2751 43 169 29 56 46 35 211 263 50 2402 133 64 149 286
leaf_count=23 1923 589 31 283 1647 30 787 784 419 1546 22 197 55 45 22 2751 43 169 29 56 46 35 211 263 50 2402 133 64 149 286
internal_value=0.000432691 0.00553992 0.0144713 0.0320071 0.0249776 -0.011148 0.00426546 -0.0122693 0.00289266 -0.00172237 0.0278047 -0.0271993 0.0776899 0.10876 0.0540791 -0.00682981 0.014143 0.0116928 -0.0225216 -0.0242601 0.00111591 0.147457 0.0724876 0.099302 0.0432076 0.0078041 0.00722944 0.107646 -0.0267562 0.0578822
internal_weight=15090 12736 8296 3052 2645 4440 5244 4410 5176 4367 809 2354 407 68 829 3626 875 1816 2157 2128 768 90 546 285 261 2821 722 107 2072 317
internal_count=15090 12736 8296 3052 2645 4440 5244 4410 5176 4367 809 2354 407 68 829 3626 875 1816 2157 2128 768 90 546 285 261 2821 722 107 2072 317
is_linear=0
shrinkage=0.05


Tree=46
num_leaves=31
num_cat=0
split_feature=11 10 11 5 8 9 4 1 5 8 11 6 5 11 18 10 17 18 16 1 16 17 11 3 16 9 18 18 3 19
split_gain=768.765 685.267 495.407 481.562 296.223 264.348 217.857 216.499 228.588 233.318 214.226 196.447 189.97 183.133 384.758 164.9 208.378 188.152 173.786 167.439 162.906 162.642 158.947 158.588 158.444 151.064 143.642 193.968 148.759 206.993
threshold=10.955000000000002 31.015000000000004 -5.7199999999999989 13.005000000000001 6.9212345000000015 -1334255.5499999996 2024534.9500000002 3.5000000000000004 8.0750000000000011 1.1452483000000009 39.89500000000001 25.899963500000002 23.430000000000003 -19.509999999999998 11.545 17.415000000000003 12.770000000000001 0.077500000000002359 55.895000000000003 3.5000000000000004 114.97000000000001 53.840000000000011 -13.204999999999995 22.898666500000001 21.190000000000001 -201003.69999999992 0.31499999999999778 -0.092500000000002899 27.179703000000003 5.0000000000000027
decision_type=2 2 2 2 2 2 2 2 2 2 2 2 2 2 2 2 2 2 2 2 2 2 2 2 2 2 2 2 2 2
left_child=1 2 7 5 6 11 13 8 22 24 20 -4 26 14 21 16 -7 -18 25 -20 -2 -3 -1 -11 -10 -19 27 -5 29 -28
right_child=10 4 3 12 -6 15 -8 -9 9 23 -12 -13 -14 -15 -16 -17 17 18 19 -21 -22 -23 -24 -25 -26 -27 28 -29 -30 -31
leaf_value=0.11220419876418025 -0.021771507888620575 0.0068679642924197913 0.0017891615248200568 0.041198388204780848 0.14599316492676737 -0.086990208551287654 -0.035555484778353498 0.013644293733285646 0.20236792568117382 0.1137135036946607 -0.06656134053277718 0.19849751164515816 0.1388262373291784 -0.012825521083610406 0.10226357597335477 -0.0049525989481236515 0.029575128862761181 0.067651636739644944 0.10090794217772783 -0.017998661584359536 0.10925690863902371 -0.090097951812102742 0.018941055776834845 0.26314144444007143 0.056863998322394388 -0.0091351508256150883 -0.014669464790199142 0.13051261026944436 0.067750913987700376 0.06017489072978497
leaf_weight=53 2046 722 22 462 30 52 784 392 20 56 284 30 45 2751 107 3470 1083 68 80 47 24 46 331 26 290 1103 354 70 117 125
leaf_count=53 2046 722 22 462 30 52 784 392 20 56 284 30 45 2751 107 3470 1083 68 80 47 24 46 331 26 290 1103 354 70 117 125
internal_value=0.000411057 0.00526292 0.0137477 0.0088017 -0.0105906 0.00303377 -0.0116558 0.0439319 0.0592318 0.0860907 -0.0258393 0.115275 0.0380839 -0.00648832 0.0134358 0.00204503 0.0120252 0.0141877 0.00134895 0.0569031 -0.0202523 0.00106011 0.0318133 0.161093 0.0662513 -0.00467614 0.034065 0.0529503 0.0172076 0.00486194
internal_weight=15090 12736 8296 7128 4440 5955 4410 1168 776 392 2354 52 1173 3626 875 5903 2433 2381 1298 127 2070 768 384 82 310 1171 1128 532 596 479
internal_count=15090 12736 8296 7128 4440 5955 4410 1168 776 392 2354 52 1173 3626 875 5903 2433 2381 1298 127 2070 768 384 82 310 1171 1128 532 596 479
is_linear=0
shrinkage=0.05


Tree=47
num_leaves=31
num_cat=0
split_feature=0 9 10 12 4 0 10 9 14 14 16 15 15 0 19 9 19 3 11 5 15 16 14 16 11 3 10 8 10 11
split_gain=744.447 559.972 415.227 331.046 547.784 284.231 450.905 405.646 301.315 255.094 240.009 294.069 257.471 228.269 220.317 216.281 251.451 210.247 199.635 223.968 199.627 186.059 175.146 173.935 168.921 167.601 159.541 185.926 156.502 299.728
threshold=34.500000000000007 100923.10000000011 22.355000000000004 1.0000000180025095e-35 220014.86500000002 8.5000000000000018 20.005000000000006 -1091263.96 19.437500000000004 55.895000000000003 61.482500000000009 38.577500000000008 42.990000000000009 25.500000000000004 -0.82499999999999918 -399219.73999999993 3.1074999999999986 14.710861000000003 -2.4599999999999986 18.040000000000003 30.345000000000002 50.750000000000007 57.32500000000001 21.487500000000004 -29.555000000000003 27.179703000000003 63.845000000000006 0.4283599999999988 38.885000000000012 -8.6849999999999987
decision_type=2 2 2 2 2 2 2 2 2 2 2 2 2 2 2 2 2 2 2 2 2 2 2 2 2 2 2 2 2 2
left_child=1 3 18 4 17 25 7 -7 -9 14 11 26 -13 -3 -6 16 -16 -1 -2 -20 -17 -11 -14 -15 -4 -5 -8 -28 29 -26
right_child=2 13 24 5 9 6 10 8 -10 21 -12 12 22 23 15 20 -18 -19 19 -21 -22 -23 -24 -25 28 -27 27 -29 -30 -31
leaf_value=0.022685728638286808 0.088772553669711207 -0.041132115137309223 0.1427040429542894 -0.011001473625383937 0.010750576238794139 0.17961308225913317 0.0070604287782021187 0.16140872679481455 0.028165646707777155 -0.15221158397766069 0.031060331445418511 -0.092318116731586908 -0.055548805781152281 -0.11411139363040911 -0.10071669094460577 -0.016934018760999973 0.018394626738578456 -0.013183915413722859 0.025086443718633014 0.09236913888295456 -0.089812902210216081 -0.054671034879470608 0.0468628808968218 -0.0065799520054435172 0.062983711129888445 0.11681582950628722 0.0036844399456373031 -0.11934303932690196 -0.013399553165702283 0.0062760844626118294
leaf_weight=784 194 1359 23 1889 245 49 1552 44 1189 78 564 168 84 39 57 139 199 853 959 142 290 131 83 1052 268 26 68 56 721 1785
leaf_count=784 194 1359 23 1889 245 49 1552 44 1189 78 564 168 84 39 57 139 199 853 959 142 290 131 83 1052 268 26 68 56 721 1785
internal_value=0.000390504 -0.00638362 0.0185972 -0.000343478 -0.0145319 0.00648036 0.0142985 0.0385273 0.0329205 -0.0411593 0.00223581 -0.00584824 -0.0486147 -0.0274576 -0.0299419 -0.0444962 -0.00812625 0.00399495 0.0420048 0.0337641 -0.0661995 -0.0910737 -0.00464958 -0.0104239 0.00775959 -0.0092661 0.00269995 -0.0518764 0.00664072 0.0136787
internal_weight=15090 10998 4092 8548 2776 5772 3857 1282 1233 1139 2575 2011 335 2450 930 685 256 1637 1295 1101 429 209 167 1091 2797 1915 1676 124 2774 2053
internal_count=15090 10998 4092 8548 2776 5772 3857 1282 1233 1139 2575 2011 335 2450 930 685 256 1637 1295 1101 429 209 167 1091 2797 1915 1676 124 2774 2053
is_linear=0
shrinkage=0.05


Tree=48
num_leaves=31
num_cat=0
split_feature=0 4 10 11 12 9 10 9 16 11 11 12 15 3 9 3 14 15 9 11 6 4 17 16 14 6 6 0 19 18
split_gain=678.081 530.173 423.706 378.01 352.898 259.929 245.34 314.456 235.896 229.451 227.415 216.554 206.737 203.021 247.665 194.336 192.18 199.932 190.016 186.14 177.758 175.862 171.121 269.484 181.782 170.082 190.64 165.212 164.045 162.343
threshold=30.500000000000004 414242.26000000007 24.305000000000003 1.4350000000000007 1.0000000180025095e-35 230633.40500000003 23.405000000000005 -1137582.9499999997 54.997500000000009 -10.254999999999997 -23.715 20.230000000000004 50.475000000000009 14.622360000000002 -356428.93499999988 27.121002000000001 55.895000000000003 30.485000000000003 -727212.23999999987 -1.9250000000000005 13.334747000000002 2665367.0000000005 26.590000000000003 37.922500000000007 19.437500000000004 17.293686000000005 8.0156250000000018 11.500000000000002 -23.497499999999988 -9.7224999999999984
decision_type=2 2 2 2 2 2 2 2 2 2 2 2 2 2 2 2 2 2 2 2 2 2 2 2 2 2 2 2 2 2
left_child=1 13 3 9 16 6 7 -6 -5 -2 -4 -11 -10 20 29 -16 17 -3 -19 -9 22 -7 23 24 27 26 -20 -1 -24 -15
right_child=2 4 10 8 5 21 -8 19 12 11 -12 -13 -14 14 15 -17 -18 18 25 -21 -22 -23 28 -25 -26 -27 -28 -29 -30 -31
leaf_value=0.026277658449442583 0.1897107522065441 -0.0063704240534064845 0.071751474845631602 0.0022709622857421132 0.15813025168246694 -0.0181946147547269 -0.0093002232387468849 0.065603652386632988 0.039172205245624502 0.044249526244082432 -0.00023277732572046436 0.15532562851743856 0.17586490428075197 -0.031076371623203161 -0.010602984392931548 0.096537987229435948 -0.08255403784579611 0.011411972254180634 0.0036972708438105621 -0.0058842920966333517 0.039777520947815927 -0.06504851282489571 0.12812400474820448 0.070580608835803596 -0.0085497962561789757 -0.028635176512648044 -0.09468578212448836 0.19737252357992388 -0.0066512792738110992 0.10084141430195942
leaf_weight=43 30 460 114 1027 45 737 1530 139 204 952 2922 46 32 32 2690 43 227 115 58 264 518 275 23 233 387 281 326 21 1230 86
leaf_count=43 30 460 114 1027 45 737 1530 139 204 952 2922 46 32 32 2690 43 227 115 58 264 518 275 23 233 387 281 326 21 1230 86
internal_value=0.000370979 -0.0074582 0.0147198 0.0309528 -0.0201712 -0.0103163 0.000228501 0.0327708 0.0126295 0.0534648 0.00247019 0.0493693 0.0577068 0.00322066 -0.00585513 -0.00891727 -0.0402573 -0.0325142 -0.0479323 0.0187728 0.0137604 -0.0309267 0.00680281 0.0269171 0.00435918 -0.0581949 -0.0798258 0.0824182 -0.00417735 0.0650671
internal_weight=15090 9763 5327 2291 4457 2990 1978 448 1263 1028 3036 998 236 5306 2851 2733 1467 1240 780 403 2455 1012 1937 684 451 665 384 64 1253 118
internal_count=15090 9763 5327 2291 4457 2990 1978 448 1263 1028 3036 998 236 5306 2851 2733 1467 1240 780 403 2455 1012 1937 684 451 665 384 64 1253 118
is_linear=0
shrinkage=0.05


Tree=49
num_leaves=31
num_cat=0
split_feature=0 9 12 15 9 1 17 4 14 4 0 5 0 5 18 15 0 11 18 18 15 18 12 6 8 1 12 6 7 8
split_gain=623.732 460.173 319.774 279.224 260.19 234.732 218.578 217.975 216.143 201.292 215.815 194.674 192.862 190.556 187.428 166.353 166.343 166.174 157.339 243.724 433.345 164.447 195.42 156.638 152.348 165.811 240.476 237.845 206.816 140.035
threshold=34.500000000000007 100923.10000000011 14.005000000000001 14.697500000000002 -523605.04999999976 5.5000000000000009 26.590000000000003 518945.61000000004 35.117500000000007 3154311.3500000006 25.500000000000004 4.9150000000000009 46.500000000000007 11.905000000000003 2.1649999999999996 64.935000000000016 26.500000000000004 -20.044999999999998 15.002500000000003 11.6775 47.797500000000007 5.7650000000000015 11.705000000000002 28.543396000000005 0.57754549999999949 2.5000000000000004 1.0000000180025095e-35 24.956848000000004 1289708.9000000001 -5.7339939999999991
decision_type=2 2 2 2 2 2 2 2 2 2 2 2 2 2 2 2 2 2 2 2 2 2 2 2 2 2 2 2 2 2
left_child=1 3 12 4 16 15 -4 14 11 10 23 -9 -2 -6 -7 18 -1 -10 19 21 29 -5 -23 -3 25 27 -27 -12 -29 -21
right_child=2 9 6 5 13 7 -8 8 17 -11 24 -13 -14 -15 -16 -17 -18 -19 -20 20 -22 22 -24 -25 -26 26 -28 28 -30 -31
leaf_value=0.059762816876173019 0.014849613751520746 -0.038311584572571888 0.070945343705825503 0.0041347936622457369 0.011138919728559401 -0.036317246478862149 0.007313972002360971 0.11674804811676343 0.047349977716803548 -0.080873918231724712 -0.022856615399305495 -0.033877062182533467 -0.026235162703450887 0.14355040178183587 0.014016889164327749 0.10570897679579885 0.2520734443612721 -0.10461275492477434 -0.020881404632882003 0.12582787666469814 0.25616510088245076 -0.035030735167435184 0.062069939269587919 0.051951667584478861 0.014702397109386291 -0.04095078012856123 0.056170760553616743 -0.26527407226108374 -0.074560067794201046 0.011004399263616413
leaf_weight=22 3163 1241 415 5522 220 314 200 24 20 151 161 202 314 31 450 38 23 179 747 32 24 486 58 50 525 140 117 21 44 156
leaf_count=22 3163 1241 415 5522 220 314 200 24 20 151 161 202 314 31 450 38 23 179 747 32 24 486 58 50 525 140 117 21 44 156
internal_value=0.00035243 -0.00584819 0.0170177 -0.000372683 0.0473415 -0.0020842 0.0502522 -0.0226374 -0.0513409 -0.0249521 -0.0212792 -0.0178815 0.0111393 0.0274925 -0.00667018 0.00137578 0.158055 -0.0893401 0.000811414 0.00339258 0.0560903 0.00155085 -0.0246781 -0.0348157 -0.00394215 -0.024208 0.00326408 -0.0554483 -0.136175 0.0305488
internal_weight=15090 10998 4092 8548 296 8252 615 1189 425 2450 2299 226 3477 251 764 7063 45 199 7025 6278 212 6066 544 1291 1008 483 257 226 65 188
internal_count=15090 10998 4092 8548 296 8252 615 1189 425 2450 2299 226 3477 251 764 7063 45 199 7025 6278 212 6066 544 1291 1008 483 257 226 65 188
is_linear=0
shrinkage=0.05


Tree=50
num_leaves=31
num_cat=0
split_feature=5 4 11 12 0 14 16 15 11 18 17 19 16 6 17 4 3 0 10 15 10 18 10 18 16 19 14 17 17 19
split_gain=632.277 311.308 305.884 205.554 202.16 193.347 173.968 179.994 208.671 267.857 185.25 174.598 172.213 209.788 164.422 155.609 140.605 179.011 200.738 168.637 151.812 168.933 141.057 138.782 215.566 138.352 137.452 152.506 135.212 222.281
threshold=9.7150000000000016 1680670.4500000002 5.3749999999999973 18.005000000000006 26.500000000000004 18.892500000000002 107.48750000000001 28.700000000000003 -15.884999999999998 11.784999999999998 52.592500000000008 0.65499999999999947 1.0000000180025095e-35 6.5757752000000007 16.612500000000004 518945.61000000004 27.256103500000005 27.500000000000004 24.075000000000003 42.277500000000011 52.95000000000001 -27.632500000000004 54.600000000000009 2.6574999999999958 52.527500000000011 0.30250000000000027 36.972500000000004 48.877500000000005 49.555000000000007 -18.427499999999998
decision_type=2 2 2 2 2 2 2 2 2 2 2 2 2 2 2 2 2 2 2 2 2 2 2 2 2 2 2 2 2 2
left_child=1 6 3 5 -3 -2 7 12 9 10 26 -11 -1 15 -5 -14 19 18 -18 22 21 -21 -10 -23 -25 -19 -9 -28 29 -7
right_child=2 4 -4 14 -6 28 -8 8 16 11 -12 -13 13 -15 -16 -17 17 25 -20 20 -22 23 -24 24 -26 -27 27 -29 -30 -31
leaf_value=-0.099212611204869045 0.093276375956175966 -0.036320682901325535 -0.0054924460025668588 0.0062974440743741788 -0.0058448285496105323 0.18184413370631991 0.081349925513638829 0.082058215784352462 -0.020874456825503609 0.10594889265100618 -0.06550893682817166 -0.051499473587388093 0.084513691055277992 0.0048746277403952237 0.10038283522303125 -0.0096564731200135534 0.19397360466420652 0.049720472809769073 -0.0075840375785316749 0.12752232085248191 -0.029669726665470741 -0.016341040279516685 -0.11115656752477994 -0.0021087014440267157 0.054517435645638948 -0.071503404510575672 -0.010769702018705413 0.053183706010853461 -0.018772937310480978 0.018628008090191744
leaf_weight=37 85 1332 1437 69 920 21 61 63 2588 109 88 21 150 2182 142 62 30 52 21 28 386 525 44 493 255 43 406 121 246 3131
leaf_count=37 85 1332 1437 69 920 21 61 63 2588 109 88 21 150 2182 142 62 30 52 21 28 386 525 44 493 255 43 406 121 246 3131
internal_value=-0.000191957 -0.00750298 0.014081 0.0216953 -0.0238705 0.0187922 -0.00275608 -0.00342203 -0.00861127 0.0147705 0.00216462 0.0805149 0.00783378 0.00948822 0.0696156 0.0569734 -0.0128425 0.0354162 0.110979 -0.0144739 -0.00213312 0.00603684 -0.0223837 0.00336474 0.0171957 -0.00514928 0.0122583 0.0039141 0.016929 0.0197154
internal_weight=15148 10017 5131 3694 2252 3483 7765 7704 5273 808 678 130 2431 2394 211 212 4465 146 51 4319 1687 1301 2632 1273 748 95 590 527 3398 3152
internal_count=15148 10017 5131 3694 2252 3483 7765 7704 5273 808 678 130 2431 2394 211 212 4465 146 51 4319 1687 1301 2632 1273 748 95 590 527 3398 3152
is_linear=0
shrinkage=0.05


Tree=51
num_leaves=31
num_cat=0
split_feature=0 10 10 11 11 15 14 14 0 17 7 1 19 18 10 12 5 5 4 18 11 16 15 4 1 10 1 6 14 11
split_gain=591.496 406.218 379.886 286.22 242.467 274.233 211.997 214.167 196.038 222.426 183.693 209.863 312.271 179.626 175.138 188.619 162.355 160.331 158.495 161.988 157.483 152.428 151.179 151.039 151.96 280.571 199.701 207.018 275.833 167.449
threshold=34.500000000000007 15.315000000000003 22.355000000000004 -3.3499999999999983 -3.550000000000002 14.697500000000002 52.527500000000011 39.160000000000004 44.500000000000007 39.385000000000005 7776.9694500000014 4.5000000000000009 -5.4374999999999991 -27.632500000000004 55.440000000000005 10.275 14.235000000000001 6.745000000000001 1680670.4500000002 -0.30249999999999838 0.61500000000000032 54.760000000000005 47.797500000000007 3154311.3500000006 1.5000000000000002 12.135000000000003 3.5000000000000004 26.348907500000003 30.642500000000002 -0.78500000000000003
decision_type=2 2 2 2 2 2 2 2 2 2 2 2 2 2 2 2 2 2 2 2 2 2 2 2 2 2 2 2 2 2
left_child=2 16 4 6 5 -1 7 -4 9 -3 22 12 -12 -11 15 -14 21 -15 -9 -20 -18 -2 -5 24 -6 29 27 -27 -29 -26
right_child=1 8 3 10 23 -7 -8 18 -10 13 11 -13 14 17 -16 -17 20 -19 19 -21 -22 -23 -24 -25 25 26 -28 28 -30 -31
leaf_value=0.15038325178747378 -0.025891610742479133 0.026744327443738305 0.0024348116074770685 -0.021365771312563689 -0.01665604368046537 0.022764093022610697 0.013037283953429252 -0.019530624493442398 -0.0085700010960534836 0.073706572459024552 -0.080874467442127687 -0.052453232243373893 0.005714460241241919 0.1108451603195415 -0.061032623843264404 -0.068012559052902405 0.16646079462698915 -0.01552153190873857 -0.012659276701213624 -0.098322746948011824 0.069263615446208529 0.1010257866440548 0.03069207507677878 -0.099934111535549167 0.15928498836500304 0.0046375977229597748 -0.011078632168155097 0.026541422674138296 0.1503042276380426 0.033289275049164103
leaf_weight=45 69 2028 966 384 1034 652 1099 768 931 68 183 878 821 26 146 97 55 726 88 148 172 36 219 38 28 948 1793 190 59 453
leaf_count=45 69 2028 966 384 1034 652 1099 768 931 68 183 878 821 26 146 97 55 726 88 148 172 36 219 38 28 948 1793 190 59 453
internal_value=-0.000182359 0.0160066 -0.00621235 -0.0150317 0.00354444 0.0310035 -0.00455696 -0.0143722 0.011348 0.0178592 -0.0268157 -0.0337272 -0.0205425 -0.00411538 -0.0101658 -0.00207587 0.0690334 -0.0111525 -0.0305431 -0.0663804 0.0928136 0.0176229 -0.00245919 -0.000668402 0.000168912 0.00518101 -0.000520644 0.0152943 0.0558667 0.0406237
internal_weight=15148 4111 11037 5797 5240 697 3069 1970 3779 2848 2728 2125 1247 820 1064 918 332 752 1004 236 227 105 603 4543 4505 3471 2990 1197 249 481
internal_count=15148 4111 11037 5797 5240 697 3069 1970 3779 2848 2728 2125 1247 820 1064 918 332 752 1004 236 227 105 603 4543 4505 3471 2990 1197 249 481
is_linear=0
shrinkage=0.05


Tree=52
num_leaves=31
num_cat=0
split_feature=0 9 10 10 9 11 19 0 11 10 11 19 10 3 14 11 0 14 3 8 14 6 15 17 1 10 11 14 3 14
split_gain=533.825 383.283 366.906 207.485 326.951 238.404 203.048 195.103 185.158 208.619 243.636 249.941 185.043 203.585 179.183 177.567 270.148 221.092 177.213 168.163 167.484 157.215 150.917 145.277 140.736 138.254 280.862 165.139 267.077 186.703
threshold=34.500000000000007 111268.9999999999 15.215000000000002 20.005000000000006 -1219766.9499999997 -5.8449999999999998 5.4624999999999995 5.5000000000000009 -29.555000000000003 35.395000000000003 -9.6149999999999967 2.8074999999999997 52.95000000000001 28.76857 43.537500000000009 -0.78500000000000003 12.500000000000002 20.695000000000004 9.5052645000000009 0.44273350000000106 98.105000000000018 29.792359000000001 22.102500000000003 12.770000000000001 3.5000000000000004 30.615000000000006 -12.844999999999997 51.875000000000007 13.652587500000001 39.160000000000004
decision_type=2 2 2 2 2 2 2 2 2 2 2 2 2 2 2 2 2 2 2 2 2 2 2 2 2 2 2 2 2 2
left_child=1 3 22 4 24 6 25 -6 -4 10 11 -10 13 20 -14 16 -9 -18 -16 -12 -3 23 -2 -17 -1 26 -5 29 -29 -27
right_child=2 12 8 5 7 -7 -8 15 9 -11 19 -13 14 -15 18 21 17 -19 -20 -21 -22 -23 -24 -25 -26 27 -28 28 -30 -31
leaf_value=0.20610746248015044 0.10235040769490011 -0.02497391804355574 0.13669288417902486 0.11356472565454344 -0.0114918230607189 -0.018338468454795885 -0.037028461669317704 0.0093120781005821014 0.050334808343208172 -0.010106391967538285 0.024124013818285134 0.2247937589806194 -0.12827238738536836 0.030283600610187141 0.078056157740025695 -0.084034400344604548 0.19106982858741986 0.055692822994073077 -0.052035856934967123 -0.0014430836093929868 0.094157701383034392 -0.08485505555538421 0.033995705551593106 0.010105038800565687 0.038402217918668283 0.010490009805335826 0.015221395513965428 0.093678725852917588 0.0060026964924671114 -0.034105965777279264
leaf_weight=29 153 1779 29 84 1081 2550 275 433 142 970 1491 24 70 199 29 42 34 267 269 1131 30 47 171 1691 22 453 535 104 527 487
leaf_count=29 153 1779 29 84 1081 2550 275 433 142 970 1491 24 70 199 29 42 34 267 269 1131 30 47 171 1691 22 453 535 104 527 487
internal_value=-0.000173241 -0.00590173 0.0152063 -0.00102146 0.00805479 -0.00762007 0.00346792 0.00627144 0.0108371 0.00986593 0.0168147 0.0755578 -0.0236913 -0.0177178 -0.0562856 0.0139095 0.0346028 0.0709846 -0.0393759 0.0130956 -0.0229983 0.0053764 0.0662743 0.00782353 0.133764 0.00855309 0.0285669 0.000667331 0.0204533 -0.0126145
internal_weight=15148 11037 4111 8661 3646 5015 2465 3595 3787 3758 2788 166 2376 2008 368 2514 734 301 298 2622 1809 1780 324 1733 51 2190 619 1571 631 940
internal_count=15148 11037 4111 8661 3646 5015 2465 3595 3787 3758 2788 166 2376 2008 368 2514 734 301 298 2622 1809 1780 324 1733 51 2190 619 1571 631 940
is_linear=0
shrinkage=0.05


Tree=53
num_leaves=31
num_cat=0
split_feature=5 11 4 9 14 15 15 10 15 14 19 3 6 19 17 19 0 10 3 11 16 10 11 16 10 18 11 14 15 13
split_gain=486.99 249.934 249.913 183.166 240.534 184.106 228.968 184.818 175.277 161.514 161.044 153.512 153.175 149.314 133.527 194.188 164.481 235.268 161.537 133.203 131.212 126.728 249.953 233.857 225.627 143.129 211.289 121.942 187.012 166.942
threshold=9.7150000000000016 5.3749999999999973 2494360.6500000004 -618841.89999999991 20.695000000000004 28.700000000000003 42.277500000000011 65.52500000000002 42.170000000000009 18.892500000000002 -11.869999999999999 5.8918304500000014 28.76857 -1.6299999999999988 49.555000000000007 -18.427499999999998 29.500000000000004 15.215000000000002 29.132706000000002 -49.439999999999991 1.0000000180025095e-35 52.185000000000009 8.5350000000000019 52.527500000000011 13.975000000000003 11.6775 -2.259999999999994 52.932500000000005 40.582500000000003 8.2650000000000023
decision_type=2 2 2 2 2 2 2 2 2 2 2 2 2 2 2 2 2 2 2 2 2 2 2 2 2 2 2 2 2 2
left_child=2 9 3 4 -1 7 8 11 -7 -2 -6 -5 -4 19 15 -11 -17 18 -18 -12 -13 23 -23 -8 -25 -26 -27 28 -3 -30
right_child=1 27 12 5 10 6 21 -9 -10 14 13 20 -14 -15 -16 16 17 -19 -20 -21 -22 22 -24 24 25 26 -28 -29 29 -31
leaf_value=0.1640722613091822 0.083250446336266271 -0.0062296053627643351 -0.045508157072743277 0.051188260645772511 -0.067234670714932984 -0.018295521933857518 -0.011383215444013377 -0.12125999533796106 -0.097708254790222146 0.17171935495876134 0.17972818851470948 -0.090981748136314197 7.9513783655520381e-05 0.0069368812401439817 -0.017941709788071244 0.0056285617476508447 0.057176081450897781 0.021179785920647322 0.1796621203919252 0.043095161599727969 0.0038883317665815639 -0.0030880298392832531 -0.081919745661196169 0.19362955434247853 0.013752630647183873 0.15894939058356816 0.024686004231972175 -0.028661991838769059 -0.019715390773490073 0.081488366023908687
leaf_weight=27 96 847 621 173 59 3254 737 29 71 21 20 37 262 648 247 1337 262 1701 30 165 2436 572 122 20 635 45 84 403 60 127
leaf_count=27 96 847 621 173 59 3254 737 29 71 21 20 37 262 648 247 1337 262 1701 30 165 2436 572 122 20 635 45 84 403 60 127
internal_value=-0.000164579 0.0123616 -0.00658088 -0.00412534 0.017044 -0.00649353 -0.0116948 0.00427839 -0.0199913 0.0192444 0.0125936 0.00565428 -0.0319816 0.0182477 0.0175366 0.0201517 0.0191959 0.0282974 0.0697603 0.0578663 0.00246892 0.000759308 -0.0169461 0.00883789 0.0278468 0.0235069 0.0715221 -0.00533136 0.00376172 0.0490166
internal_weight=15148 5131 10017 9134 919 8215 5540 2675 3325 3694 892 2646 883 833 3598 3351 3330 1993 292 185 2473 2215 694 1521 784 764 129 1437 1034 187
internal_count=15148 5131 10017 9134 919 8215 5540 2675 3325 3694 892 2646 883 833 3598 3351 3330 1993 292 185 2473 2215 694 1521 784 764 129 1437 1034 187
is_linear=0
shrinkage=0.05


Tree=54
num_leaves=31
num_cat=0
split_feature=10 11 0 9 10 10 1 11 16 4 11 18 1 10 9 10 9 16 8 10 11 19 11 0 18 18 15 19 11 11
split_gain=460.072 478.525 338.663 293.83 260.123 251.453 236.681 200.483 206.443 189.278 190.887 233.958 187.223 179.38 176.248 184.303 168.101 166.057 156.573 186.72 156.54 136.667 136.166 135.904 130.455 182.64 212.443 129.89 153.048 127.673
threshold=30.205000000000002 -6.6949999999999976 34.500000000000007 -1219766.9499999997 15.215000000000002 17.415000000000003 3.5000000000000004 -0.78500000000000003 22.232500000000005 482331.47000000003 -31.149999999999999 2.4125000000000001 4.5000000000000009 10.615 68179.760000000024 24.875000000000004 -175919.84999999983 90.350000000000009 -5.4785159999999991 51.510000000000012 -12.844999999999997 -5.4374999999999991 -2.180000000000001 30.500000000000004 -33.637499999999996 -31.27249999999999 36.315000000000005 -4.7549999999999946 11.770000000000003 -24.750000000000004
decision_type=2 2 2 2 2 2 2 2 2 2 2 2 2 2 2 2 2 2 2 2 2 2 2 2 2 2 2 2 2 2
left_child=1 14 3 6 22 7 -3 16 -9 10 11 -2 18 -10 20 -16 -5 21 -11 27 -1 -7 -4 -21 -14 -26 -27 -20 -29 -28
right_child=9 2 4 5 -6 17 -8 8 13 12 -12 -13 24 -15 15 -17 -18 -19 19 23 -22 -23 -24 -25 25 26 29 28 -30 -31
leaf_value=0.096962973839518699 0.012141506331340399 0.19063148394227028 0.18107603149149906 0.11815883648746156 0.012635080166591548 -0.039763783908302798 0.01041816865388108 -0.04559440562039193 0.058225015420207964 0.053173005078421091 -0.004679855524869837 0.16251731860010249 -0.11203573934397981 0.00055029952968338588 0.18824226165190339 0.046638825248616442 0.023508708581445804 -0.1071525201201439 -0.040309006066049619 -0.038951708981347533 0.026006853906437755 -0.0085383702974694085 0.052218018645966785 0.025728104044165881 0.070803128225777889 -0.0036674889836670003 0.045871407926082616 -0.0038616897205906216 0.050164685561019301 -0.070731956774365862
leaf_weight=88 81 35 22 51 1999 401 38 229 144 86 2459 38 61 2114 40 54 585 47 195 832 666 2778 301 90 38 231 25 881 154 385
leaf_count=88 81 35 22 51 1999 401 38 229 144 86 2459 38 61 2114 40 54 585 47 195 832 666 2778 301 90 38 231 25 881 154 385
internal_value=-0.00015635 0.00647546 0.00299761 -0.0029193 0.0193621 -0.00406611 0.0968218 0.00604717 -0.000359221 -0.0116056 -0.00168683 0.0601607 -0.0201922 0.0042284 0.0423367 0.106896 0.0310986 -0.0138565 -0.0129832 -0.015627 0.0342882 -0.0124772 0.0609947 -0.0326381 -0.0419944 -0.035702 -0.0420159 -0.00287564 0.00417702 -0.063622
internal_weight=15148 9592 8744 6422 2322 6349 73 3123 2487 5556 2578 119 2978 2258 848 94 636 3226 2238 2152 754 3179 323 922 740 679 641 1230 1035 410
internal_count=15148 9592 8744 6422 2322 6349 73 3123 2487 5556 2578 119 2978 2258 848 94 636 3226 2238 2152 754 3179 323 922 740 679 641 1230 1035 410
is_linear=0
shrinkage=0.05


Tree=55
num_leaves=31
num_cat=0
split_feature=0 9 10 15 9 0 11 9 8 16 6 16 10 11 18 16 17 12 3 17 18 19 16 3 18 12 18 18 0 5
split_gain=483.949 370.578 262.945 220.015 210.657 178.522 161.636 149.128 145.305 156.222 542.616 218.689 154.051 183.2 253.323 171.043 213.15 340.827 247.57 194.438 308.082 154.666 144.911 136.45 135.335 174.815 163.857 134.948 127.524 127.197
threshold=34.500000000000007 100923.10000000011 22.355000000000004 14.697500000000002 -523605.04999999976 25.500000000000004 -6.6949999999999976 255572.53000000023 -5.7339939999999991 89.277500000000003 11.415710500000001 79.16500000000002 40.535000000000004 -14.984999999999999 11.784999999999998 35.917500000000011 19.382500000000004 7.1750000000000007 25.347275000000003 29.005000000000006 -24.632499999999997 -18.427499999999998 40.952500000000008 4.0913086500000011 -2.8174999999999932 8.8750000000000018 -1.1625000000000012 11.6775 46.500000000000007 7.705000000000001
decision_type=2 2 2 2 2 2 2 2 2 2 2 2 2 2 2 2 2 2 2 2 2 2 2 2 2 2 2 2 2 2
left_child=1 3 6 4 -1 -3 -2 28 27 11 -11 12 15 14 21 16 17 -10 -19 20 -17 -14 -16 -6 25 -23 -26 -5 -4 -15
right_child=2 5 7 8 23 -7 -8 -9 9 10 -12 -13 13 29 22 19 -18 18 -20 -21 -22 24 -24 -25 26 -27 -28 -29 -30 -31
leaf_value=0.14150526377889847 0.13218248523771764 -0.034442265786851785 0.0083349458544258303 0.019718147470584056 0.11884244351619573 -0.0074342971723089504 0.030110498101774314 0.089059851009328408 -0.036449956949007642 0.2514470389256111 0.011072102702253553 -0.095063697727340649 -0.12642090281338567 -0.048176969046386048 -0.026690443073554587 -0.030506389531791401 -0.020431096960223494 0.00024005921528699389 0.073612995447021809 -0.00034020497349585048 0.03913756260437385 -0.021782316965689451 0.11707464560293235 0.0097794063255343955 0.078381177176322259 -0.15526974644383482 -0.0044500832320866239 0.12063393519761473 -0.025627945144006167 -0.00056351311363171414
leaf_weight=45 40 1371 2363 220 33 1105 1277 53 235 26 242 66 28 544 24 198 1664 226 234 2797 802 159 65 219 70 29 406 39 313 189
leaf_count=45 40 1371 2363 220 33 1105 1277 53 235 26 242 66 28 544 24 198 1664 226 234 2797 802 159 65 219 70 29 406 39 313 189
internal_value=6.99939e-05 -0.0053531 0.0148622 -0.000425422 0.041856 -0.022389 0.0332106 0.00600737 -0.00194516 -0.00313788 0.0343921 -0.00443803 -0.0036582 -0.0179469 -0.00109701 -0.000144068 -0.0107178 0.0125381 0.0375646 0.00642521 0.0253481 -0.0113093 0.0783065 0.0240615 -0.00645521 -0.0423735 0.00773098 0.034914 0.00436246 -0.0359001
internal_weight=15082 11036 4046 8560 297 2476 1317 2729 8263 8004 268 7736 7670 1514 781 6156 2359 695 460 3797 1000 692 89 252 664 188 476 259 2676 733
internal_count=15082 11036 4046 8560 297 2476 1317 2729 8263 8004 268 7736 7670 1514 781 6156 2359 695 460 3797 1000 692 89 252 664 188 476 259 2676 733
is_linear=0
shrinkage=0.05


Tree=56
num_leaves=31
num_cat=0
split_feature=4 6 15 3 14 4 5 3 15 2 19 15 10 16 17 15 18 18 17 16 16 12 8 15 14 19 15 18 14 9
split_gain=427.847 355.439 426.741 270.587 263.672 244.902 240.347 189.495 197.336 168.216 170.267 230.462 221.702 169.553 159.728 253.33 280.412 393.918 351.756 363.246 382.324 246.225 212.424 208.84 199.865 195.065 193.28 193.216 171.684 161.278
threshold=526275.87000000011 16.694870000000005 36.315000000000005 27.121002000000001 17.750000000000004 3060716.0000000005 1.0000000180025095e-35 8.643631000000001 13.947500000000002 1.0000000180025095e-35 -4.922499999999995 24.542500000000004 64.605000000000004 45.140000000000008 55.970000000000006 42.277500000000011 -0.60749999999999804 -3.5475000000000025 25.595000000000002 30.407500000000002 31.802500000000002 7.0650000000000004 0.16708350000000041 24.542500000000004 23.305000000000003 6.3675000000000006 39.682500000000012 1.5499999999999938 73.432500000000019 -914740.69499999983
decision_type=2 2 2 2 2 2 2 2 2 2 2 2 2 2 2 2 2 2 2 2 2 2 2 2 2 2 2 2 2 2
left_child=3 2 6 7 -3 14 -2 8 -1 10 13 12 -12 -8 15 16 17 -6 24 21 -21 -20 -16 -23 -18 -26 27 29 -17 -22
right_child=1 4 -4 -5 5 -7 9 -9 -10 -11 11 -13 -14 -15 22 28 18 -19 19 20 26 23 -24 -25 25 -27 -28 -29 -30 -31
leaf_value=0.11448137166185512 -0.15186575409667247 0.17534822880600889 -0.056440837566246009 0.04367762447411605 -0.0037237049307759459 -0.054457726774634008 0.0032717812015482829 0.0013324502424784434 0.017181468573433289 -0.1252768957666282 -0.010707791215813802 0.027674555961527066 -0.14232021910803658 -0.076677383395976254 -0.13441864113509655 0.059921074599562286 -0.058257931931508022 0.06324485664537105 -0.04676169592157467 0.10256366829933793 0.10552830011942066 -0.041853038547560575 0.0040974211909117235 -0.21814065425922827 0.029399862746678308 -0.050764312526885548 -0.093570504252399725 -0.045314904897907633 0.00068718168409899461 -0.004432482239284107
leaf_weight=54 29 21 783 467 677 212 126 7437 1489 29 373 546 35 140 50 297 95 325 97 58 39 24 62 56 594 87 105 337 208 230
leaf_count=54 29 21 783 467 677 212 126 7437 1489 29 373 546 35 140 50 297 95 325 97 58 39 24 62 56 594 87 105 337 208 230
internal_value=6.64943e-05 -0.0108375 -0.027374 0.00657056 -0.00130146 -0.00234555 -0.00956544 0.00464083 0.0205866 -0.00626143 -0.00343237 0.00643092 -0.0219981 -0.0388067 0.000961184 0.00299728 -0.00303278 0.0179976 -0.01527 -0.0357372 -0.0208728 -0.100318 -0.0577401 -0.165254 0.00968108 0.0191586 -0.0309422 -0.0200907 0.0355237 0.0115098
internal_weight=15082 5635 2061 9447 3574 3553 1278 8980 1543 1249 1220 954 408 266 3341 3229 2724 1002 1722 946 769 177 112 80 776 681 711 606 505 269
internal_count=15082 5635 2061 9447 3574 3553 1278 8980 1543 1249 1220 954 408 266 3341 3229 2724 1002 1722 946 769 177 112 80 776 681 711 606 505 269
is_linear=0
shrinkage=0.05


Tree=57
num_leaves=31
num_cat=0
split_feature=0 9 10 15 0 18 6 0 4 17 11 6 3 7 1 15 4 14 19 18 3 15 9 1 6 3 16 14 3 11
split_gain=413.27 312.565 237.708 182.936 182.954 166.17 163.026 156.708 146.634 146.319 147.811 171.535 237.461 138.269 133.963 159.942 144.602 175.445 235.41 163.51 142.93 131.46 130.707 127.563 198.032 145.972 126.809 262.974 125.311 124.687
threshold=34.500000000000007 100923.10000000011 17.635000000000002 14.697500000000002 26.500000000000004 -36.962499999999999 28.76857 46.500000000000007 3000271.9000000004 39.160000000000004 -5.9749999999999979 26.097183500000003 24.956848000000004 468287.36000000004 5.5000000000000009 64.935000000000016 203014.47000000003 35.117500000000007 2.9050000000000034 2.1649999999999996 20.219147000000003 62.385000000000005 -166958.56999999998 1.5000000000000002 24.259673500000002 18.885605000000002 23.960000000000004 24.502500000000001 4.0913086500000011 -3.1599999999999979
decision_type=2 2 2 2 2 2 2 2 2 2 2 2 2 2 2 2 2 2 2 2 2 2 2 2 2 2 2 2 2 2
left_child=1 3 29 4 28 -3 8 9 13 10 11 12 -4 -7 15 21 19 18 -18 -16 -19 26 -6 24 25 -11 -5 -28 -1 -2
right_child=2 5 7 14 22 6 -8 -9 -10 23 -12 -13 -14 -15 16 -17 17 20 -20 -21 -22 -23 -24 -25 -26 -27 27 -29 -30 -31
leaf_value=0.10854521857743914 0.12553680190550429 -0.10817498947089572 0.046459918636147207 -0.021616161215155555 0.19477740605029145 -0.044327073409939577 0.032540196693956462 -0.025002520558616473 -0.063306553798670673 -0.03191614411874396 0.012460629171838546 -0.017251657841261477 0.18173848912119867 -0.011742517931730314 -0.031766575726701551 0.094734019598820149 -0.061485214839820147 -0.087718865977755439 0.03712881655268039 0.017615948827778654 0.017272933687155063 -0.10094252210110427 0.047902163705139451 0.0094210511780263798 -0.16132974793704657 0.063535878105842047 0.082704489278874485 0.0013837848872306829 0.0034904315308415391 0.03627998810112916
leaf_weight=33 42 53 328 587 28 404 146 315 196 271 1709 90 36 1677 287 45 114 192 129 403 39 32 33 610 26 47 101 6334 203 572
leaf_count=33 42 53 328 587 28 404 146 315 196 271 1709 90 36 1677 287 45 114 192 129 403 39 32 33 610 26 47 101 6334 203 572
internal_value=6.31695e-05 -0.00494829 0.0137326 -0.000422726 0.0381316 -0.020594 -0.0186783 0.00860647 -0.0219624 0.0120029 0.0191974 0.0445568 0.0598391 -0.0180684 -0.0018085 0.000769437 -0.0175308 -0.0387934 -0.00913456 -0.00292432 -0.069993 0.000170003 0.11532 -0.00430904 -0.028656 -0.0178085 0.000630783 0.00266015 0.0181803 0.0423855
internal_weight=15082 11036 4046 8560 297 2476 2423 3432 2277 3117 2163 454 364 2081 8263 7099 1164 474 243 690 231 7054 61 954 344 318 7022 6435 236 614
internal_count=15082 11036 4046 8560 297 2476 2423 3432 2277 3117 2163 454 364 2081 8263 7099 1164 474 243 690 231 7054 61 954 344 318 7022 6435 236 614
is_linear=0
shrinkage=0.05


Tree=58
num_leaves=31
num_cat=0
split_feature=0 9 10 15 9 0 11 9 8 9 16 8 16 0 4 12 14 16 15 0 18 17 9 16 10 12 15 9 5 17
split_gain=372.976 282.09 218.117 165.1 167.266 156.642 142.288 133.665 124.907 236.184 153.144 262.324 212.192 170.335 151.617 243.048 253.244 189.978 255.182 166.177 154.903 155.424 148.577 140.443 138.468 157.028 275.727 132.281 119.523 123.809
threshold=34.500000000000007 100923.10000000011 22.355000000000004 14.697500000000002 -600043.70999999985 25.500000000000004 -3.8649999999999998 255572.53000000023 -3.0070189999999992 -1283577.1999999997 89.277500000000003 1.9167785000000015 78.56750000000001 27.500000000000004 100225.94300000001 1.0000000180025095e-35 55.895000000000003 61.967500000000008 38.577500000000008 5.5000000000000009 -0.99000000000000543 44.837500000000013 -287332.24999999994 56.32 76.350000000000009 6.4650000000000007 23.522500000000004 -523605.04999999976 11.685 32.385000000000012
decision_type=2 2 2 2 2 2 2 2 2 2 2 2 2 2 2 2 2 2 2 2 2 2 2 2 2 2 2 2 2 2
left_child=1 3 6 4 -1 -3 -2 -4 9 -5 12 13 14 -12 19 16 22 18 23 -10 -20 -22 -16 24 25 26 -17 -25 -11 -30
right_child=2 5 7 8 -6 -7 -8 -9 10 28 11 -13 -14 -15 15 17 -18 -19 20 -21 21 -23 -24 27 -26 -27 -28 -29 29 -31
leaf_value=0.13133627891540528 0.080508289620280282 -0.030854776865816464 0.0034238793765772272 0.13819477350304002 0.021421723953422872 -0.0055560086069552745 0.024435240965394525 0.083610187752066925 -0.010311964452455764 0.0054785907811287756 -0.0071884862743143126 0.137290107563138 -0.089946760237216955 0.14693258164450526 0.004480678074712521 -0.044910514401271945 -0.084314751496127938 0.033497258908626669 -0.18581784807500387 0.010957240864236913 -0.066985130820243641 0.031012718307891124 -0.036348482034790089 0.027603157169439577 -0.086421234940373626 -0.0049978674343240659 0.056257478072136019 -0.12255642397583209 0.14566751085221769 -0.0028364739567041399
leaf_weight=40 125 1371 2676 38 257 1105 1192 53 1527 764 173 50 73 20 365 88 186 316 21 2304 171 53 572 22 43 1089 287 44 32 25
leaf_count=40 125 1371 2676 38 257 1105 1192 53 1527 764 173 50 73 20 365 88 186 316 21 2304 171 53 572 22 43 1089 287 44 32 25
internal_value=6.00111e-05 -0.00470088 0.013046 -0.00040159 0.036225 -0.0195643 0.0297573 0.00498118 -0.00171807 0.01633 -0.00381198 0.0352245 -0.00513664 0.00878261 -0.00426317 -0.0121942 -0.0310226 -0.00228588 -0.00850561 0.00247954 -0.0559713 -0.0437981 -0.0204438 -0.00111267 0.00201392 0.0046114 0.0325167 -0.0725032 0.0106895 0.0805342
internal_weight=15082 11036 4046 8560 297 2476 1317 2729 8263 859 7404 243 7161 193 7088 3257 1123 2134 1818 3831 245 224 937 1573 1507 1464 375 66 821 57
internal_count=15082 11036 4046 8560 297 2476 1317 2729 8263 859 7404 243 7161 193 7088 3257 1123 2134 1818 3831 245 224 937 1573 1507 1464 375 66 821 57
is_linear=0
shrinkage=0.05


Tree=59
num_leaves=31
num_cat=0
split_feature=0 9 10 4 7 15 0 0 10 14 17 11 6 3 9 5 16 3 1 15 6 11 3 1 15 4 14 5 18 3
split_gain=336.611 254.586 203.05 152.208 151.482 149.002 159.57 138.413 136.337 173.398 130.064 133.275 155.863 211.761 128.414 119.512 140.769 117.871 114.787 182.409 129.078 121.09 114.2 113.737 135.571 120.174 154.43 160.677 148.47 123.974
threshold=34.500000000000007 100923.10000000011 17.635000000000002 3000271.9000000004 468287.36000000004 14.697500000000002 26.500000000000004 46.500000000000007 56.885000000000005 43.537500000000009 39.160000000000004 -5.9749999999999979 26.097183500000003 24.956848000000004 1980523.6550000003 14.805000000000001 47.1175 9.7088925000000028 1.5000000000000002 36.182500000000012 24.259673500000002 -20.939999999999994 4.0913086500000011 5.5000000000000009 64.935000000000016 203014.47000000003 35.117500000000007 4.9150000000000009 2.6574999999999958 20.219147000000003
decision_type=2 2 2 2 2 2 2 2 2 2 2 2 2 2 2 2 2 2 2 2 2 2 2 2 2 2 2 2 2 2
left_child=1 5 15 4 -3 6 22 10 14 -10 11 12 13 -4 -6 16 -2 -11 19 -12 -21 -20 -1 24 -7 28 27 -27 -25 -28
right_child=2 3 7 -5 8 23 -8 -9 9 17 18 -13 -14 -15 -16 -17 -18 -19 21 20 -22 -23 -24 25 -26 26 29 -29 -30 -31
leaf_value=0.10204687269235201 -0.0095694681478381474 -0.041872377088461747 0.043644205012455271 -0.057141167365399925 -0.00055963509200757653 0.00019131883240718729 0.10650114044547082 -0.02393025839017586 -0.12551807323098182 0.066407625311694571 0.037980124332516657 0.011234123945806822 -0.017206084826029838 0.17139252103451227 -0.093610216912470373 0.060578438086145658 0.061232997353717282 -0.037692082636794771 0.12948898941278458 -0.036230627498058957 -0.15358865857124329 0.0043915999769351564 0.0017575179703253796 -0.027962156493188846 0.087253070316380923 0.12118633762001992 -0.081282706343336036 -0.020504744014428426 0.018578247194385642 0.016499324190693023
leaf_weight=33 191 415 328 232 1528 7054 61 315 50 32 81 1709 90 36 38 312 111 181 20 237 26 590 203 317 45 22 192 221 373 39
leaf_count=33 191 415 328 232 1528 7054 61 315 50 32 81 1709 90 36 38 312 111 181 20 237 26 590 203 317 45 22 192 221 373 39
internal_value=5.70105e-05 -0.00446583 0.0123937 -0.0185861 -0.0146 -0.00038151 0.0344138 0.00765595 -0.00841194 -0.0417229 0.010848 0.0176311 0.0417112 0.0562787 -0.00281757 0.0388755 0.016454 -0.0220527 -0.00453118 -0.0276267 -0.0478326 0.00849315 0.015781 -0.00163217 0.000743196 -0.016119 -0.0355026 -0.00767674 -0.00280336 -0.0647741
internal_weight=15082 11036 4046 2476 2244 8560 297 3432 1829 263 3117 2163 454 364 1566 614 302 213 954 344 263 610 236 8263 7099 1164 474 243 690 231
internal_count=15082 11036 4046 2476 2244 8560 297 3432 1829 263 3117 2163 454 364 1566 614 302 213 954 344 263 610 236 8263 7099 1164 474 243 690 231
is_linear=0
shrinkage=0.05


Tree=60
num_leaves=31
num_cat=0
split_feature=4 10 16 18 18 1 5 18 8 10 9 17 15 13 16 9 5 3 15 16 17 17 1 4 3 18 18 8 1 7
split_gain=311.355 222.734 224.287 202.352 170.703 216.998 240.099 173.141 261.443 191.913 163.563 204.462 219.765 160.498 159.733 158.404 149.904 148.017 139.885 213.203 167.981 179.48 164.142 156.255 156.206 150.407 139.144 163.192 172.932 150.77
threshold=2494360.6500000004 17.415000000000003 107.48750000000001 -1.0000000180025095e-35 -3.6599999999999997 3.5000000000000004 17.725000000000005 -7.0375000000000005 6.9212345000000015 55.440000000000005 -600043.70999999985 50.260000000000012 46.962500000000006 11.925000000000002 55.895000000000003 -762432.32499999984 14.535000000000002 13.983841000000002 28.700000000000003 38.605000000000004 30.407500000000002 31.380000000000003 1.0000000180025095e-35 825643.65000000002 27.256103500000005 27.355000000000011 -10.515000000000006 0.85069299999999981 1.5000000000000002 93781.660000000018
decision_type=2 2 2 2 2 2 2 2 2 2 2 2 2 2 2 2 2 2 2 2 2 2 2 2 2 2 2 2 2 2
left_child=1 3 4 16 7 10 -7 8 26 -9 11 12 -6 18 15 -5 -1 -11 19 -12 22 -22 23 -20 -24 -23 -3 -28 29 -29
right_child=-2 2 -4 14 5 6 -8 9 -10 17 13 -13 -14 -15 -16 -17 -18 -19 20 -21 21 25 24 -25 -26 -27 27 28 -30 -31
leaf_value=0.019013220372449371 -0.027322693056774424 -0.01478844161145389 0.086567636726188002 0.087598334796105834 0.041499158400144898 -0.0083041373321403444 -0.16709972514460486 -0.02324420996369983 0.17571478456258774 -0.0063180790965755781 0.0066010414860068938 -0.068173469897163538 0.19101077159521757 0.12443265321531467 0.049975530049123335 -0.0044145297757018842 0.060570641761072554 -0.14058520223658819 -0.036850935543274004 0.050373329627500088 0.072114786322646104 -0.0041594247511742939 -0.032017735320848326 -0.18182380395010114 0.10373584944754839 0.048201086441348379 -0.0035415113039485267 0.027600536415619509 -0.019188935818771524 0.15292102117756648
leaf_weight=1312 989 1215 71 48 274 2918 24 848 20 30 1341 38 27 28 160 1832 260 65 41 351 87 2263 181 34 24 146 284 42 45 56
leaf_count=1312 989 1215 71 48 274 2918 24 848 20 30 1341 38 27 28 160 1832 260 65 41 351 87 2263 181 34 24 146 284 42 45 56
internal_value=-0.000205573 0.00170121 -0.00199748 0.0124051 -0.00260315 0.00110748 -0.00959955 -0.0136809 -0.00397121 -0.0307939 0.00762249 0.0411135 0.0549105 0.00509726 0.00201637 -0.00206527 0.0258866 -0.0981851 0.00434941 0.0156815 -0.00255759 0.00156193 -0.0392802 -0.102572 -0.0161246 -0.00098606 -0.00615983 0.0183923 0.0619531 0.0992122
internal_weight=15054 14065 10453 3612 10382 7777 2942 2605 1662 943 4835 339 301 4496 2040 1880 1572 95 4468 1692 2776 2496 280 75 205 2409 1642 427 143 98
internal_count=15054 14065 10453 3612 10382 7777 2942 2605 1662 943 4835 339 301 4496 2040 1880 1572 95 4468 1692 2776 2496 280 75 205 2409 1642 427 143 98
is_linear=0
shrinkage=0.05


Tree=61
num_leaves=31
num_cat=0
split_feature=10 0 6 10 4 5 0 15 17 19 15 8 14 6 14 6 18 18 7 7 9 3 1 17 12 3 0 3 18 15
split_gain=290.93 182.953 251.826 245.388 200.873 168.685 167.81 163.181 274.047 196.434 189.507 154.981 322.527 164.697 153.344 147.753 142.963 195.398 146.634 140.95 137.108 134.334 129.315 195.117 201.553 164.49 132.504 128.64 242.149 118.394
threshold=56.105000000000011 25.500000000000004 15.757431500000001 11.825000000000001 240160.97000000003 15.505000000000001 5.5000000000000009 35.417500000000011 21.827500000000004 -4.2450000000000001 14.350000000000003 0.15004000000000065 61.242500000000007 12.261200000000001 25.807500000000001 18.059616500000001 -0.60749999999999804 -2.4275000000000015 375804.45000000007 1289708.9000000001 762497.9500000003 27.586547500000005 3.5000000000000004 41.035000000000011 7.1750000000000007 18.584289500000004 44.500000000000007 13.552276500000003 11.784999999999998 13.947500000000002
decision_type=2 2 2 2 2 2 2 2 2 2 2 2 2 2 2 2 2 2 2 2 2 2 2 2 2 2 2 2 2 2
left_child=1 4 7 14 6 16 -1 8 10 19 -3 21 -13 -14 -4 29 17 -6 20 -10 -18 27 23 26 -25 -24 -5 28 -2 -8
right_child=11 2 3 22 5 -7 15 -9 9 -11 -12 12 13 -15 -16 -17 18 -19 -20 -21 -22 -23 25 24 -26 -27 -28 -29 -30 -31
leaf_value=-0.0093900683790512987 0.0034229757505928795 0.06229294503215127 0.014817380020394922 0.034341272268726727 -0.012495319942358028 -0.10858786286825831 0.13649487205825392 -0.020261236403904679 -0.0027102017921942795 0.033774775034160938 -0.039479758852087946 -0.071226704132930543 0.12069899052924787 -0.014302609834771652 0.12019892989011068 -0.0048721993163205512 -0.049160842261833433 0.036413069884818267 -0.017121262967220843 -0.11557328316473192 -0.18288037506016819 0.12334889329969884 0.033875986787126118 0.046570770526994709 -0.034510848739283222 -0.0049668897891705322 -0.0062500895643285634 -0.021213947776483284 0.16295968057654267 0.01710917142727111
leaf_weight=1779 158 52 56 1507 702 47 21 967 257 744 380 361 24 385 90 1062 149 288 1304 31 22 20 345 108 264 1298 232 504 28 1869
leaf_count=1779 158 52 56 1507 702 47 21 967 257 744 380 361 24 385 90 1062 149 288 1304 31 22 20 345 108 264 1298 232 504 28 1869
internal_value=-0.000195294 0.00209988 0.0083087 0.0161818 -0.00332716 -0.0147543 0.00274027 -0.00432191 0.00620633 0.0202027 -0.0272293 -0.0212458 -0.0367826 -0.00638076 0.0797786 0.0100505 -0.0129652 0.00173258 -0.0228301 -0.0148587 -0.0663645 -0.00439599 0.0137084 0.0218953 -0.010971 0.00318941 0.028926 -0.00809874 0.0274393 0.0184357
internal_weight=15054 13574 6331 3900 7243 2512 4731 2431 1464 1032 432 1480 770 409 146 2952 2465 990 1475 288 171 710 3754 2111 372 1643 1739 690 186 1890
internal_count=15054 13574 6331 3900 7243 2512 4731 2431 1464 1032 432 1480 770 409 146 2952 2465 990 1475 288 171 710 3754 2111 372 1643 1739 690 186 1890
is_linear=0
shrinkage=0.05


Tree=62
num_leaves=31
num_cat=0
split_feature=4 3 11 12 8 4 10 11 8 0 18 18 8 10 17 15 8 19 18 16 16 10 0 0 7 13 18 14 17 17
split_gain=273.449 198.322 195.131 172.991 161.724 181.948 155.668 296.994 159.236 162.464 154.196 460.387 163.442 153.828 139.254 131.015 129.353 128.172 128.749 125.66 120.241 134.275 174.842 124.628 119.809 116.002 185.388 163.931 144.62 298.445
threshold=2494360.6500000004 27.121002000000001 1.5100000000000009 16.025000000000002 -0.19535799999999878 2004635.8000000003 29.565000000000001 -7.9699999999999944 0.68447900000000061 33.500000000000007 11.545 12.010000000000009 6.9212345000000015 10.255000000000001 25.745000000000005 43.75500000000001 5.4615173500000012 -0.40749999999999703 23.1525 107.48750000000001 1.0000000180025095e-35 14.935 35.500000000000007 25.500000000000004 1851614.7000000002 8.6050000000000022 2.6574999999999958 51.45000000000001 27.700000000000006 26.060000000000006
decision_type=2 2 2 2 2 2 2 2 2 2 2 2 2 2 2 2 2 2 2 2 2 2 2 2 2 2 2 2 2 2
left_child=1 2 6 4 5 -3 7 8 -1 -10 12 -12 19 15 -7 -4 20 18 -13 -8 -9 22 -22 -23 -25 28 -27 -28 29 -15
right_child=-2 3 13 -5 -6 14 10 16 9 -11 11 17 -14 25 -16 -17 -18 -19 -20 -21 21 23 -24 24 -26 26 27 -29 -30 -31
leaf_value=0.027880503462160301 -0.025598408621797082 0.0030372113125716766 0.022107764485602577 0.066294823297432498 0.023376086428770721 -0.020821453354188377 -0.010174360436608494 -0.078289478868246082 0.062047505875682973 0.18165718107610138 0.14459251149821636 0.052851898396207443 0.10296749418432063 -0.0070226242595415635 -0.16289904437794844 0.16475072123787621 -0.066113509808977441 -0.037802939314681754 -0.01476256535280236 0.085170942672661384 0.021643214456380521 -0.003718838764245877 0.11872606797656045 0.014165103628628835 0.092791480096239665 -0.012173678371133263 0.053435340529928613 -0.0083766225552143053 -0.018549225644611617 0.068574565500464466
leaf_weight=297 989 205 60 175 882 35 2732 40 122 37 67 155 33 1167 34 22 60 130 129 35 640 1828 50 969 51 595 285 172 2911 147
leaf_count=297 989 205 60 175 882 35 2732 40 122 37 67 155 33 1167 34 22 60 130 129 35 640 1828 50 969 51 595 285 172 2911 147
internal_value=-0.00018553 0.00160141 -0.000318105 0.0199659 0.0129524 -0.0206011 0.00495797 0.011461 0.0494992 0.0898812 -0.00315649 0.0229958 -0.00764909 -0.00757899 -0.0908307 0.0603778 0.00669321 0.00331713 0.0221397 -0.00896833 0.00791411 0.00888872 0.0286782 0.00409421 0.0180964 -0.00863498 0.00622144 0.0301713 -0.0123341 0.0014346
internal_weight=15054 14065 12734 1331 1156 274 7375 4094 456 159 3281 481 2800 5359 69 82 3638 414 284 2767 3578 3538 690 2848 1020 5277 1052 457 4225 1314
internal_count=15054 14065 12734 1331 1156 274 7375 4094 456 159 3281 481 2800 5359 69 82 3638 414 284 2767 3578 3538 690 2848 1020 5277 1052 457 4225 1314
is_linear=0
shrinkage=0.05


Tree=63
num_leaves=31
num_cat=0
split_feature=10 11 11 3 14 0 10 16 17 11 19 8 16 14 17 10 1 19 17 3 15 6 19 2 4 10 14 6 4 3
split_gain=254.432 211.825 187.477 201.171 344.744 145.727 204.156 204.375 149.321 170.867 142.724 142.095 137.017 146.015 133.62 157.136 133.518 139.054 131.848 123.912 259.706 196.952 147.159 198.657 144.837 117.554 115.721 114.729 112.575 142.59
threshold=57.990000000000002 2.4950000000000006 -24.750000000000004 13.552276500000003 54.720000000000006 25.500000000000004 23.015000000000004 16.755000000000006 54.372500000000009 -17.124999999999996 20.875000000000004 1.5560300000000005 66.96250000000002 102.59500000000001 37.367500000000014 68.250000000000014 3.5000000000000004 3.7975000000000034 54.245000000000005 21.911240000000003 36.805000000000007 19.684967500000003 0.69749999999999812 1.0000000180025095e-35 2869579.0000000005 12.295000000000002 100.40250000000002 12.639023000000002 268251.48500000004 14.523651000000003
decision_type=2 2 2 2 2 2 2 2 2 2 2 2 2 2 2 2 2 2 2 2 2 2 2 2 2 2 2 2 2 2
left_child=1 5 3 4 -2 28 7 -7 9 -8 19 16 -4 26 15 -5 17 -9 -16 21 24 -3 -22 -24 -21 -18 -14 -27 29 -1
right_child=2 10 12 14 -6 6 8 11 -10 -11 -12 -13 13 -15 18 -17 25 -19 -20 20 22 -23 23 -25 -26 27 -28 -29 -30 -31
leaf_value=0.016796983897305898 -0.00038951578239599868 -0.008359622013806127 -0.056911006685834487 0.0030831190714469322 0.2028282878920436 -0.075221612236716529 0.042623880819127255 0.06276048970546412 -0.077070588228415782 0.0028744493261161014 0.058099661321314271 -0.0034336108788166468 -0.0107948847496585 -0.077962487813415415 0.022819992706474397 -0.1056401611689259 0.12212461577011989 -0.039889449421316392 -0.092436722945421934 -0.0012234347013218157 0.088712637060148244 -0.048637638981091587 0.0039619713602349997 0.16938890635967255 -0.069331894563623223 0.067646137096390543 0.098683403446697279 -0.0021034689396940945 -0.011823220556382748 -0.0044027705944946743
leaf_weight=1524 60 3324 394 65 32 44 308 575 53 2212 86 205 337 79 218 68 26 35 28 1311 118 334 196 20 83 74 26 290 1275 1654
leaf_count=1524 60 3324 394 65 32 44 308 575 53 2212 86 205 337 79 218 68 26 35 28 1311 118 334 196 20 83 74 26 290 1275 1654
internal_value=-0.000176253 0.00182805 -0.0212575 0.00397141 0.0702949 0.00687517 0.0140372 0.0306233 0.00598589 0.00773271 -0.00580443 0.0344882 -0.0354714 -0.0163601 -0.0121282 -0.0525047 0.0422622 0.0568707 0.00970134 -0.00682481 0.00420946 -0.0120373 0.0438096 0.0192793 -0.00527867 0.0194129 -0.00295346 0.0120764 0.000728007 0.00576351
internal_weight=15054 13747 1307 471 92 8275 3822 1249 2573 2520 5472 1205 836 442 379 133 1000 610 246 5386 1728 3658 334 216 1394 390 363 364 4453 3178
internal_count=15054 13747 1307 471 92 8275 3822 1249 2573 2520 5472 1205 836 442 379 133 1000 610 246 5386 1728 3658 334 216 1394 390 363 364 4453 3178
is_linear=0
shrinkage=0.05


Tree=64
num_leaves=31
num_cat=0
split_feature=4 16 15 10 10 11 10 11 17 10 1 16 12 14 17 6 18 13 3 8 1 4 3 19 17 18 3 11 8 16
split_gain=232.149 176.833 189.905 208.186 207.61 153.452 215.656 195.541 136.801 140.538 155.96 188.548 130.86 130.534 267.334 273.234 268.084 186.669 199.694 432.912 336.027 176.255 177.639 175.811 175.702 156.987 156.88 457.832 149.522 142.15
threshold=2494360.6500000004 107.48750000000001 28.700000000000003 10.615 64.605000000000004 -5.7199999999999989 28.435000000000006 -12.559999999999995 12.770000000000001 16.105000000000004 1.0000000180025095e-35 22.232500000000005 18.005000000000006 64.495000000000005 38.102500000000006 12.847030500000001 4.3700000000000054 10.225000000000003 21.374283000000002 0.60533050000000099 1.5000000000000002 462567.43500000006 23.229187000000007 -0.78000000000000103 37.035000000000011 13.819999999999999 13.652587500000001 -24.750000000000004 2.5580445000000007 94.502500000000012
decision_type=2 2 2 2 2 2 2 2 2 2 2 2 2 2 2 2 2 2 2 2 2 2 2 2 2 2 2 2 2 2
left_child=1 2 4 -4 5 6 7 -1 -7 10 -10 -12 -13 17 -15 16 28 18 23 20 21 -20 -23 25 -21 -5 27 -17 -16 -29
right_child=-2 -3 3 13 -6 8 -8 -9 9 -11 11 12 -14 14 15 26 -18 -19 19 24 -22 22 -24 -25 -26 -27 -28 29 -30 -31
leaf_value=0.14947404109769399 -0.023582696346674377 0.080187945424670906 0.079348028221478073 -0.0067319925601194838 -0.098606152443422218 -0.055054389032465158 0.006035321859382093 0.040246109792090319 -0.023749689394389862 -0.00063324532169410381 -0.018072445665212742 0.027333697064086272 0.086752823801647283 0.047566557169176127 0.045528640390451375 0.20008332659216488 0.00056379008298630229 0.01629422300363776 -0.024668320433394009 0.016522473051366022 0.0067191945363097392 0.039187693578146755 -0.11788563631356708 -0.024322089560323241 0.073887049119660153 0.068312062705828722 -0.014924654290742271 0.029026717299947869 0.19097033981667011 -0.073954920160273704
leaf_weight=45 989 71 75 1537 45 93 625 458 192 2683 218 1012 102 337 30 34 85 721 219 322 655 21 126 2621 228 73 1235 111 43 48
leaf_count=45 989 71 75 1537 45 93 625 458 192 2683 218 1012 102 337 30 34 85 721 219 322 655 21 126 2621 228 73 1235 111 43 48
internal_value=-0.00016744 0.00147904 0.0010797 -0.00358834 0.00834744 0.00923412 0.0256482 0.050018 0.0049283 0.00625428 0.0183798 0.0244525 0.0327742 -0.00432481 0.00712348 -0.00147004 0.0609209 -0.0076998 -0.0106815 0.0045414 -0.0147228 -0.0530957 -0.0954466 -0.0163338 0.0403027 -0.00332937 -0.00837324 0.033549 0.1312 -0.00206208
internal_weight=15054 14065 13994 8521 5473 5428 1128 503 4300 4207 1524 1332 1114 8446 1923 1586 158 6523 5802 1571 1021 366 147 4231 550 1610 1428 193 73 159
internal_count=15054 14065 13994 8521 5473 5428 1128 503 4300 4207 1524 1332 1114 8446 1923 1586 158 6523 5802 1571 1021 366 147 4231 550 1610 1428 193 73 159
is_linear=0
shrinkage=0.05


Tree=65
num_leaves=31
num_cat=0
split_feature=10 11 10 0 16 11 8 10 1 13 3 11 1 9 5 0 3 19 19 16 17 6 15 15 11 16 3 3 5 19
split_gain=232.036 275.953 176.055 182.839 267.76 205.315 140.706 150.587 171.189 139.676 139.19 135.211 128.804 185.121 184.708 150.036 145.955 128.206 130.714 150.927 126.763 155.511 147.086 182.4 153.599 161.011 209.236 123.214 117.373 117.841
threshold=38.535000000000004 -8.3349999999999973 20.685000000000006 8.5000000000000018 16.755000000000006 5.1100000000000012 0.6684721499999996 27.895000000000003 3.5000000000000004 8.9450000000000021 8.8034360000000031 3.2799999999999989 3.5000000000000004 -227603.32999999996 7.2550000000000008 23.500000000000004 27.960282000000003 -5.4374999999999991 -0.78500000000000181 95.782500000000013 54.372500000000009 24.152404500000006 64.935000000000016 59.530000000000008 -24.750000000000004 54.845000000000006 13.652587500000001 25.347275000000003 7.7550000000000008 -0.77500000000000024
decision_type=2 2 2 2 2 2 2 2 2 2 2 2 2 2 2 2 2 2 2 2 2 2 2 2 2 2 2 2 2 2
left_child=1 6 3 9 -5 12 -1 8 -8 27 11 -11 13 14 15 -6 -16 -4 -19 -20 22 -22 23 24 25 -2 -27 -3 -26 -30
right_child=20 2 17 4 5 -7 7 -9 -10 10 -12 -13 -14 -15 16 -17 -18 18 19 -21 21 -23 -24 -25 28 26 -28 -29 29 -31
leaf_value=0.013818492798709293 -0.0053567535621363016 -0.018831714752282194 -0.02610574977728454 -0.08011321339535675 0.096684060320187587 -0.0005988610160455964 0.12583954315363929 0.026508774143834429 0.012485042874872381 0.03314276563003659 0.0090835589397241928 0.19856374206997099 0.0099527878316807844 0.026561904762601365 0.091900373547027514 -0.050915345130488281 0.23356484783192477 0.012285574100815553 -0.006863351642996964 -0.11279083060867645 -0.030767853472251014 -0.15825588840704699 0.059619082074660136 -0.12339307563645499 -0.022572445659536255 0.13244027548803475 0.020279849248026241 0.020566948062456136 0.023865085638674562 -0.015049671899564486
leaf_weight=748 477 1247 690 76 33 1401 104 249 49 30 208 21 1029 1246 75 36 24 1064 3067 34 299 26 78 35 1592 53 193 236 329 476
leaf_count=748 477 1247 690 76 33 1401 104 249 49 30 208 21 1029 1246 75 36 24 1064 3067 34 299 26 78 35 1592 53 193 236 329 476
internal_value=-2.31202e-05 0.00338561 0.000842816 0.00683324 0.0128229 0.0146603 0.02664 0.0504969 0.0895365 -0.00664515 0.0272336 0.101257 0.0234111 0.033205 0.0824744 0.0196757 0.126243 -0.00614334 -0.00283624 -0.00802476 -0.0112006 -0.0409669 -0.00820837 -0.00988524 -0.00861192 0.0115881 0.0444445 -0.0125619 -0.0147048 0.00085462
internal_weight=15225 11667 10517 5662 3920 3844 1150 402 153 1742 259 51 2443 1414 168 69 99 4855 4165 3101 3558 325 3233 3155 3120 723 246 1483 2397 805
internal_count=15225 11667 10517 5662 3920 3844 1150 402 153 1742 259 51 2443 1414 168 69 99 4855 4165 3101 3558 325 3233 3155 3120 723 246 1483 2397 805
is_linear=0
shrinkage=0.05


Tree=66
num_leaves=31
num_cat=0
split_feature=10 11 3 19 11 10 17 15 17 8 8 5 8 15 10 1 11 17 6 15 15 11 14 3 8 10 17 0 3 19
split_gain=209.413 249.048 162.529 200.839 180.611 133.34 197.612 196.049 191.79 131.253 127.865 126.716 120.316 194.636 118.777 159.475 135.442 114.403 140.348 132.745 164.616 138.623 184.437 197.333 117.524 136.917 130.037 112.416 111.987 110.129
threshold=38.535000000000004 -8.3349999999999973 27.530441000000003 -7.419999999999999 4.610000000000003 15.405000000000003 28.700000000000003 25.177500000000006 38.20000000000001 4.9167630500000019 0.48289525000000039 9.1350000000000033 0.26838700000000065 22.440000000000001 27.895000000000003 3.5000000000000004 -17.734999999999996 54.372500000000009 24.152404500000006 64.935000000000016 59.530000000000008 -24.750000000000004 52.527500000000011 13.909439000000001 -0.28537000000000029 67.160000000000011 38.050000000000004 18.500000000000004 23.038803000000005 7.3500000000000005
decision_type=2 2 2 2 2 2 2 2 2 2 2 2 2 2 2 2 2 2 2 2 2 2 2 2 2 2 2 2 2 2
left_child=1 10 9 -4 5 -5 7 -7 -8 11 28 -3 29 -14 15 -12 -16 19 -19 20 21 22 24 -24 -2 -26 -27 -25 -1 -13
right_child=17 2 3 4 -6 6 8 -9 -10 -11 14 12 13 -15 16 -17 -18 18 -20 -21 -22 -23 23 27 25 26 -28 -29 -30 -31
leaf_value=0.027129632646516567 0.025895405098195847 -0.005868873087078872 -0.06421999136236177 0.077020801419634272 -0.0065674031953771713 0.020935300090607234 0.11504083089150337 -0.089727042305647681 -0.012664710118302279 -0.033863339258550999 0.11238161483050689 0.010214890044140307 -0.028308821488011244 0.0063010638511955333 0.089767943167915712 0.0068642173723604252 0.0075762755390613862 -0.029229460912367274 -0.15034309579775884 0.056638128250741805 -0.11722342194723233 -0.013969543622665823 0.12152138309644872 0.099254548196729867 -0.0025148792523827595 -0.10997185995298867 0.016533431058217373 0.0052882042292942653 -0.014410843085079251 0.047469659075651267
leaf_weight=443 149 4752 67 177 306 308 98 46 42 299 115 2106 551 1546 65 52 219 299 26 78 35 2397 61 38 177 74 28 196 256 219
leaf_count=443 149 4752 67 177 306 308 98 46 42 299 115 2106 551 1546 65 52 219 299 26 78 35 2397 61 38 177 74 28 196 256 219
internal_value=-2.19642e-05 0.00321633 0.000800675 0.019524 0.0252669 0.0397845 0.0264427 0.00655545 0.0767292 -0.00126278 0.025308 -0.00020026 0.00589138 -0.0027929 0.0460642 0.0795259 0.0263877 -0.0106406 -0.0389186 -0.00779795 -0.00939098 -0.00818132 0.0110087 0.041427 -0.00995724 -0.0291044 -0.0752449 0.0205477 0.011916 0.013724
internal_weight=15225 11667 10517 1044 977 671 494 354 140 9473 1150 9174 4422 2097 451 167 284 3558 325 3233 3155 3120 723 295 428 279 102 234 699 2325
internal_count=15225 11667 10517 1044 977 671 494 354 140 9473 1150 9174 4422 2097 451 167 284 3558 325 3233 3155 3120 723 295 428 279 102 234 699 2325
is_linear=0
shrinkage=0.05


Tree=67
num_leaves=31
num_cat=0
split_feature=10 1 10 9 19 16 15 8 19 19 18 19 14 3 12 3 15 17 3 19 15 19 19 16 6 17 13 2 16 12
split_gain=188.995 170.43 232.849 221.307 312.902 160.164 142.001 128.453 144.173 245.583 181.955 183.095 158.56 230.718 228.954 177.811 158.237 137.487 162.731 139.924 134.391 127.723 154.218 137.109 119.485 119.345 116.451 163.3 115.449 113.464
threshold=38.535000000000004 3.5000000000000004 11.825000000000001 -227603.32999999996 6.3550000000000031 84.312500000000014 54.245000000000005 4.7003787499999996 8.547500000000003 2.3875000000000051 4.3225000000000025 -0.77500000000000024 36.380000000000003 21.374283000000002 8.8050000000000015 9.0695190000000014 37.577500000000008 20.725000000000005 25.899963500000002 -0.78500000000000181 28.700000000000003 3.1074999999999986 7.3500000000000005 50.885000000000012 29.907959000000002 52.292500000000011 8.6550000000000029 1.0000000180025095e-35 21.487500000000004 16.935000000000006
decision_type=2 2 2 2 2 2 2 2 2 2 2 2 2 2 2 2 2 2 2 2 2 2 2 2 2 2 2 2 2 2
left_child=1 3 -3 4 -1 24 7 8 9 10 12 29 17 14 -14 -16 -15 18 19 -5 -13 -11 23 -23 26 -8 27 -4 -2 -12
right_child=28 2 5 6 -6 -7 25 -9 -10 21 11 20 13 16 15 -17 -18 -19 -20 -21 -22 22 -24 -25 -26 -27 -28 -29 -30 -31
leaf_value=0.051533928000075335 -0.097969181906129868 0.040957574206973907 -0.0077711228038449577 0.042752789436793337 -0.081045374555551275 -0.077610545888446375 0.0088918983390362093 -0.035155175091955357 -0.033724345277875802 0.067198624054644468 -0.0039886620644005149 0.014302513281789241 -0.0085779001943728696 0.073477407543831613 0.072251209032696648 0.016247616183526027 -0.00083305211545726694 -0.013367377127830963 0.050701511918664045 -0.021192168810066758 -0.06253925875177184 -0.011444746328974671 0.079302994782152719 0.067683079622793893 -0.079607187952288383 0.10947447910284003 0.0077115084986634609 -0.094627252216027552 -0.0091853111027647375 0.11144139380617575
leaf_weight=485 37 278 3367 121 49 77 58 196 219 223 659 73 801 274 185 606 97 1059 221 292 258 265 88 69 53 60 1457 55 3521 22
leaf_count=485 37 278 3367 121 49 77 58 196 219 223 659 73 801 274 185 606 97 1059 221 292 258 265 88 69 53 60 1457 55 3521 22
internal_value=-2.0866e-05 0.00305551 -0.00358298 0.00855672 0.0393684 -0.00605498 0.00574224 0.00462376 0.00603314 0.00767193 0.00367603 -0.0150868 0.00886969 0.0185398 0.0102648 0.0293458 0.0540485 -0.00234261 0.0160726 -0.00245769 -0.0455923 0.0365911 0.0204169 0.00490202 -0.00493783 0.0600356 -0.00412671 -0.00916712 -0.0101086 -0.000259644
internal_weight=15225 11667 5287 6380 534 5009 5846 5728 5532 5313 4668 1012 3656 1963 1592 791 371 1693 634 413 331 645 422 334 4932 118 4879 3422 3558 681
internal_count=15225 11667 5287 6380 534 5009 5846 5728 5532 5313 4668 1012 3656 1963 1592 791 371 1693 634 413 331 645 422 334 4932 118 4879 3422 3558 681
is_linear=0
shrinkage=0.05


Tree=68
num_leaves=31
num_cat=0
split_feature=5 11 0 17 10 11 6 3 17 19 15 15 17 14 3 4 17 6 13 14 19 19 19 19 6 8 19 17 17 3
split_gain=190.247 136.665 135.788 202.962 164.856 212.606 142.226 140.256 147.028 132.405 164.548 151.284 170.11 131.039 119.896 131.513 118.683 113.868 114.188 106.587 105.748 107.375 192.628 138.389 137.986 124.755 123.359 123.459 236.223 124.398
threshold=7.3050000000000006 7.4150000000000018 25.500000000000004 49.247500000000002 13.125000000000002 0.61500000000000032 24.618271000000004 14.133926000000002 20.640000000000004 5.0000000000000027 38.102500000000006 49.827500000000008 51.972500000000004 36.380000000000003 17.589981000000005 393049.86000000004 48.877500000000005 13.334747000000002 11.225000000000003 52.527500000000011 14.192500000000003 -4.4249999999999998 -0.78500000000000181 -0.81749999999999889 28.166153500000004 0.4283599999999988 2.3875000000000051 21.442500000000006 25.085000000000004 27.179703000000003
decision_type=2 2 2 2 2 2 2 2 2 2 2 2 2 2 2 2 2 2 2 2 2 2 2 2 2 2 2 2 2 2
left_child=9 2 7 4 5 -4 -5 17 -9 11 13 12 16 -11 -13 -16 -1 -2 -19 -18 21 24 23 25 -6 -23 -24 29 -29 -28
right_child=1 -3 3 6 20 -7 -8 8 -10 10 -12 14 -14 -15 15 -17 19 18 -20 -21 -22 22 26 -25 -26 -27 27 28 -30 -31
leaf_value=-0.0072877945126330517 0.0040448220208085415 -0.0071400346930757409 0.17515235547633734 -0.014464975361843244 0.0024779225309893532 0.037087543934223151 -0.13606573549600751 0.014175421257159369 -0.014918969218177725 -0.038153148408405335 -0.015789913106669853 -0.0038650565683357625 -0.055939151587669801 -0.132289122644875 0.15344128983893568 0.035980178432073448 0.015373284860021054 0.02698225965649886 0.13936709274227421 0.13128406277724677 -0.03316145045277865 0.05076395430923341 0.0013524150571944395 0.15081739729201352 -0.09492043541887632 0.010635542083952823 -0.0291603477124966 0.11760894415400379 0.025711185271790449 0.054639984231682565
leaf_weight=3028 1596 2343 34 320 538 155 26 573 1793 99 584 177 177 59 28 160 68 388 24 28 115 519 1244 27 39 309 155 82 475 62
leaf_count=3028 1596 2343 34 320 538 155 26 573 1793 99 584 177 177 59 28 160 68 388 24 28 115 519 1244 27 39 309 155 82 475 62
internal_value=-1.98227e-05 0.00354812 0.00650332 0.0130407 0.016418 0.0619246 -0.0236026 0.000375461 -0.00787286 -0.00877536 -0.0280371 -0.00487678 -0.00825427 -0.0733052 0.0256687 0.0534744 -0.00555253 0.0100944 0.0335289 0.0491806 0.0140055 0.0155777 0.0195308 0.039421 -0.00410533 0.0357885 0.0111036 0.0267759 0.0392401 -0.0052174
internal_weight=15225 10817 8474 4100 3754 189 346 4374 2366 4408 742 3666 3301 158 365 188 3124 2008 412 96 3565 3450 2873 855 577 828 2018 774 557 217
internal_count=15225 10817 8474 4100 3754 189 346 4374 2366 4408 742 3666 3301 158 365 188 3124 2008 412 96 3565 3450 2873 855 577 828 2018 774 557 217
is_linear=0
shrinkage=0.05


Tree=69
num_leaves=31
num_cat=0
split_feature=4 0 16 3 13 16 17 14 19 18 18 13 15 16 6 15 14 8 18 14 5 6 3 6 5 11 15 15 0 1
split_gain=172.57 156.898 161.905 159 173.068 138.202 165.449 208.474 208.97 215.583 178.988 156.895 149.714 242.295 134.272 133.173 181.575 248.025 137.502 309.496 150.303 125.739 116.826 145.787 108.639 104.623 119.625 122.585 103.717 103.079
threshold=2939876.2500000005 25.500000000000004 1.0000000180025095e-35 8.643631000000001 12.895000000000001 107.48750000000001 39.315000000000005 54.720000000000006 0.027499999999999861 2.5475000000000017 14.355000000000002 12.485000000000001 34.875000000000007 51.662500000000001 29.132706000000002 28.700000000000003 49.205000000000005 -0.95750455000000134 -0.94999999999999918 21.920000000000005 14.645000000000001 25.725402500000005 24.152404500000006 29.573974500000002 6.5750000000000011 43.39500000000001 51.135000000000012 51.522500000000008 42.500000000000007 2.5000000000000004
decision_type=2 2 2 2 2 2 2 2 2 2 2 2 2 2 2 2 2 2 2 2 2 2 2 2 2 2 2 2 2 2
left_child=1 3 -3 4 -1 6 7 8 12 22 11 14 15 -14 -11 18 21 -18 28 -20 -21 -17 -10 -24 -25 26 -5 -28 29 -4
right_child=-2 2 5 25 -6 -7 -8 -9 9 10 -12 -13 13 -15 -16 16 17 -19 19 20 -22 -23 23 24 -26 -27 27 -29 -30 -31
leaf_value=0.0095754301350500157 -0.032806788662643846 -0.13214493166832697 0.071975458091264405 -0.0082299769870830906 0.14793673148986117 0.10745532893959214 -0.00662363309202375 0.037749378377566249 -0.026580889287072664 0.016377940212828894 -0.026404246869297873 0.11195915963214179 0.089389569258474452 -0.020975935632284261 0.12478728954990706 -0.017004054622861167 -0.0086302047256718983 0.19119033593063553 -0.12880049685016276 0.0030559279159199666 0.063141041052585931 -0.11756291291543415 0.014778329598428147 0.037491955518722538 -0.083273980921542604 -0.05265382072042174 0.090978074560360042 0.0084458605829647489 0.0010650811135640432 0.02620273421216775
leaf_weight=1303 391 21 247 6034 23 34 1789 640 868 596 190 52 166 71 30 278 44 24 40 557 128 35 454 25 73 123 49 550 145 245
leaf_count=1303 391 21 247 6034 23 34 1789 640 868 596 190 52 166 71 30 278 44 24 40 557 128 35 454 25 73 123 49 550 145 245
internal_value=-1.88316e-05 0.000845405 0.00647132 -0.00385469 0.0119754 0.00690379 0.0063933 0.0111381 0.00714761 -0.0031445 0.0164861 0.0285055 0.0190407 0.0563265 0.0215733 0.0139709 -0.0121601 0.0618947 0.0212806 0.00638922 0.0142835 -0.0282487 -0.0151441 0.00283996 -0.0524663 -0.00696166 -0.00611436 0.0151972 0.0382293 0.0491821
internal_weight=15225 14834 6752 8082 1326 6731 6697 4908 4268 2288 868 678 1980 237 626 1743 381 68 1362 725 685 313 1420 552 98 6756 6633 599 637 492
internal_count=15225 14834 6752 8082 1326 6731 6697 4908 4268 2288 868 678 1980 237 626 1743 381 68 1362 725 685 313 1420 552 98 6756 6633 599 637 492
is_linear=0
shrinkage=0.05


Tree=70
num_leaves=31
num_cat=0
split_feature=11 10 11 0 16 10 11 11 0 11 5 10 19 8 10 10 8 17 16 18 17 17 8 4 3 5 7 17 17 18
split_gain=189.993 142.788 190.138 146.074 161.547 157.787 183.622 130.522 124.412 122.773 119.366 110.977 144.543 108.57 118.607 96.8891 95.3437 187.834 95.1806 90.619 107.373 106.76 89.4617 89.2787 92.7247 105.872 99.3869 96.3956 216.271 159.845
threshold=2.9099999999999997 29.375000000000004 -12.844999999999997 9.5000000000000018 16.755000000000006 15.405000000000003 -3.550000000000002 -17.124999999999996 30.500000000000004 -2.8399999999999985 11.535000000000002 58.795000000000009 20.875000000000004 -3.1201479999999999 76.350000000000009 20.685000000000006 -0.62405449999999785 47.642500000000005 44.732500000000009 -7.2325000000000008 39.272500000000001 36.110000000000007 2.5020447000000008 3000271.9000000004 26.921142500000006 18.685000000000006 156897.29000000004 51.38750000000001 51.522500000000008 -6.0049999999999981
decision_type=2 2 2 2 2 2 2 2 2 2 2 2 2 2 2 2 2 2 2 2 2 2 2 2 2 2 2 2 2 2
left_child=1 2 -1 -4 22 6 -6 8 13 15 16 12 23 14 -3 -7 18 -18 -10 20 21 -17 -5 24 25 27 -26 29 -29 -2
right_child=11 7 3 4 5 9 -8 -9 10 -11 -12 -13 -14 -15 -16 19 17 -19 -20 -21 -22 -23 -24 -25 26 -27 -28 28 -30 -31
leaf_value=0.080367436911404633 -0.032852566803528292 0.022261374519968576 -0.0036549405799021491 -0.095196308195590981 0.14344151486446591 0.042497095279637485 0.030377870162925438 -0.0094530540716365949 0.074214400190182703 0.00082858920758631805 -0.07264688570391048 -0.041513175110816314 0.056218207164943884 -0.0034769964153542445 0.14978241764980813 0.049392480686630894 0.037907054810784761 0.1636532514031197 -0.018417527420446278 0.0068338286568716163 -0.0080278750863813225 0.18132605640136679 0.027078978566541557 -0.044599589643528309 0.05906866149804027 -0.082446105566729488 0.0033442606637203408 0.15967577385405701 0.0056739827071570484 -0.005840874720452611
leaf_weight=92 658 88 1831 52 38 385 653 2754 44 1619 22 233 91 985 23 46 96 43 75 811 42 23 21 156 97 48 457 24 455 3267
leaf_count=92 658 88 1831 52 38 385 653 2754 44 1619 22 233 91 985 23 46 96 43 75 811 42 23 21 156 97 48 457 24 455 3267
internal_value=-0.000304245 0.00388644 0.00907858 0.00789065 0.0136196 0.0151059 0.0365956 -0.0031701 0.00940495 0.0100309 0.0391502 -0.0077468 -0.00624907 0.0018058 0.0486847 0.02143 0.0486833 0.076807 0.0158329 0.012633 0.0550034 0.0933703 -0.0600212 -0.00735029 -0.00618951 -0.00859 0.0131011 -0.00778502 0.0133901 -0.0103692
internal_weight=15229 9743 5613 5521 3690 3617 691 4130 1376 2926 280 5486 5253 1096 111 1307 258 139 119 922 111 69 73 5162 5006 4452 554 4404 479 3925
internal_count=15229 9743 5613 5521 3690 3617 691 4130 1376 2926 280 5486 5253 1096 111 1307 258 139 119 922 111 69 73 5162 5006 4452 554 4404 479 3925
is_linear=0
shrinkage=0.05


Tree=71
num_leaves=31
num_cat=0
split_feature=11 10 6 6 18 0 16 19 1 8 4 15 15 12 6 16 10 11 11 9 18 8 16 19 16 7 19 13 18 1
split_gain=171.762 142.292 189.21 133.39 132.988 123.624 108.652 104.863 104.797 94.6041 92.9959 115.904 120.326 156.161 94.9575 87.0788 84.276 100.743 96.3102 149.245 88.2961 87.3443 81.7677 80.8218 144.818 154.878 133.447 128.523 193.323 132.401
threshold=3.9199999999999995 15.405000000000003 29.132706000000002 29.458053000000003 -1.0000000180025095e-35 25.500000000000004 52.527500000000011 20.875000000000004 3.5000000000000004 7.7931673500000018 2687961.3000000003 28.700000000000003 24.857500000000002 7.3850000000000007 6.7271270000000003 25.290000000000003 24.195000000000004 -17.124999999999996 -6.6949999999999976 45878.635000000017 -2.6624999999999974 1.7790987000000016 107.48750000000001 3.1650000000000031 92.095000000000013 232121.21000000002 -0.25749999999999668 7.785000000000001 3.2674999999999987 5.5000000000000009
decision_type=2 2 2 2 2 2 2 2 2 2 2 2 2 2 2 2 2 2 2 2 2 2 2 2 2 2 2 2 2 2
left_child=1 2 4 -4 -1 9 -6 10 -8 -3 11 12 14 -14 -2 -12 18 -18 19 20 -7 -20 23 26 27 -26 -13 -25 -29 -30
right_child=7 5 3 -5 6 16 8 -9 -10 -11 15 22 13 -15 -16 -17 17 -19 21 -21 -22 -23 -24 24 25 -27 -28 28 29 -31
leaf_value=0.031835485242264365 -0.047930575763138965 -0.0052912439456070277 0.20025440052799556 0.043397030033961392 -0.0060801451218537826 0.10911758108637655 0.087794841791574776 0.041853412432433339 -0.012820538384623307 0.096370005194583663 -0.12395312684774398 -0.0076441215254014197 -0.0053926697830613338 0.064441507759724737 0.0024385556179333805 -0.027082295387532124 0.021126253181571974 -0.0018825442797195963 0.019902532523605992 0.15405178911262943 0.0028904870305729064 -0.015550453331142794 0.064902193449875897 -0.020340853143334416 0.17105827623357375 -0.017337204329669478 -0.035049936275954256 -0.032025469036506757 0.096465486795283287 0.018065974227846806
leaf_weight=609 106 4552 23 33 713 26 65 103 43 23 25 985 149 173 798 322 589 2474 905 31 79 215 34 747 24 20 809 175 65 314
leaf_count=609 106 4552 23 33 713 26 65 103 43 23 25 985 149 173 798 322 589 2474 905 31 79 215 34 747 24 20 809 175 65 314
internal_value=-0.000289033 0.00334029 0.0176622 0.107821 0.0141315 0.0009474 0.000999072 -0.00805813 0.047735 -0.00478016 -0.00914133 -0.00717559 0.00588108 0.0321269 -0.00346756 -0.0340615 0.00701445 0.00254194 0.0179215 0.0576545 0.0291943 0.0130968 -0.0122205 -0.0130558 -0.00378992 0.085424 -0.0200027 -0.00680715 0.0114414 0.0315118
internal_weight=15229 10380 1486 56 1430 8894 821 4849 108 4575 4746 4399 1226 322 904 347 4319 3063 1256 136 105 1120 3173 3139 1345 44 1794 1301 554 379
internal_count=15229 10380 1486 56 1430 8894 821 4849 108 4575 4746 4399 1226 322 904 347 4319 3063 1256 136 105 1120 3173 3139 1345 44 1794 1301 554 379
is_linear=0
shrinkage=0.05


Tree=72
num_leaves=31
num_cat=0
split_feature=11 10 11 8 16 16 6 14 16 17 9 8 5 3 10 6 6 17 12 18 7 10 19 14 17 4 16 17 12 10
split_gain=156.261 123.082 180.541 127.868 113.745 293.346 190.106 148.623 139.753 153.983 146.794 132.564 138.235 147.281 131.854 119.493 179.683 112.915 105.97 111.265 206.003 102.647 127.816 96.3416 87.939 101.762 83.7867 83.4376 120.249 129.62
threshold=2.9099999999999997 29.565000000000001 -12.844999999999997 4.9167630500000019 61.482500000000009 61.525000000000006 12.161697500000001 92.095000000000013 44.732500000000009 26.810000000000006 -699683.2999999997 -4.4897004999999996 0.015000000000000001 12.636291500000002 72.515000000000015 15.473160000000002 11.611358500000003 55.970000000000006 7.5250000000000012 0.39250000000000368 344.88890000000009 52.95000000000001 20.875000000000004 54.720000000000006 52.292500000000011 2089676.9500000004 73.33750000000002 50.085000000000001 8.5950000000000006 64.605000000000004
decision_type=2 2 2 2 2 2 2 2 2 2 2 2 2 2 2 2 2 2 2 2 2 2 2 2 2 2 2 2 2 2
left_child=1 2 -1 18 8 -6 7 -7 9 -3 -11 -10 13 -13 -12 16 -14 24 -4 20 -20 22 -2 -21 25 -17 -8 28 -28 -30
right_child=21 4 3 -5 5 6 26 -9 11 10 14 12 15 -15 -16 17 -18 -19 19 23 -22 -23 -24 -25 -26 -27 27 -29 29 -31
leaf_value=0.076656218992644243 -0.006256596805574827 -0.018436503491334306 -0.00028623914674173696 -0.052308396097230786 0.14721287587461504 0.012779094608357321 0.015403236784533545 0.18026671862160717 0.029118244440779706 0.061559327242117545 0.010732283903551418 0.042005077779293062 -0.010709838415731927 -0.090269486718159875 -0.062507118731313802 -0.01130337727404967 -0.070111714493816535 -0.088486953156397624 0.0093942210688307826 -0.0037324523082995589 0.045468468803216512 -0.032947939213939896 0.054868375214523285 0.024034046470785705 0.07489462077418077 0.06256988356838486 -0.013503017807961443 -0.041001211721554735 0.0078869258193299176 0.15486790654249491
leaf_weight=95 5042 634 2227 89 38 26 501 27 121 134 892 25 306 133 66 341 218 34 1073 1102 627 357 87 436 42 54 260 178 40 24
leaf_count=95 5042 634 2227 89 38 26 501 27 121 134 892 25 306 133 66 341 218 34 1073 1102 627 357 87 436 42 54 260 178 40 24
internal_value=-0.000274581 0.00352592 0.00831012 0.00714107 -0.00307543 0.0107257 0.00581419 0.098103 -0.00810823 0.00116335 0.0125427 -0.0206693 -0.0258941 -0.06934 0.00568656 -0.0189952 -0.0354228 -0.000719024 0.00810923 0.0138834 0.0226993 -0.00702418 -0.00521977 0.00413893 0.0061096 -0.00120425 0.000937516 -0.0134994 0.00160964 0.0630048
internal_weight=15229 9743 5649 5554 4094 1094 1056 53 3000 1726 1092 1274 1153 158 958 995 524 471 5465 3238 1700 5486 5129 1538 437 395 1003 502 324 64
internal_count=15229 9743 5649 5554 4094 1094 1056 53 3000 1726 1092 1274 1153 158 958 995 524 471 5465 3238 1700 5486 5129 1538 437 395 1003 502 324 64
is_linear=0
shrinkage=0.05


Tree=73
num_leaves=31
num_cat=0
split_feature=4 0 4 7 10 11 16 16 18 11 15 5 15 5 3 17 16 14 16 17 18 0 17 6 12 18 18 9 3 16
split_gain=143.138 125.139 171.453 186.195 144.56 210.58 140.855 134.238 152.482 131.865 129.814 126.912 124.977 119.087 128.449 165.718 115.577 108.841 123.586 129.748 108.812 100.979 96.6241 93.6572 86.7415 90.2224 163.9 163.668 200.317 113.959
threshold=3000271.9000000004 25.500000000000004 268251.48500000004 544217.19000000006 18.925000000000004 -3.1599999999999979 45.340000000000011 107.48750000000001 -3.4774999999999952 -15.884999999999998 50.662500000000001 0.015000000000000001 15.700000000000001 7.455000000000001 29.014572500000003 22.102500000000003 28.362500000000001 26.745000000000005 48.925000000000004 38.20000000000001 -33.637499999999996 5.5000000000000009 37.367500000000014 17.381805500000002 8.4350000000000005 1.4899999999999951 1.7825000000000044 -848611.49999999988 13.909439000000001 43.037500000000009
decision_type=2 2 2 2 2 2 2 2 2 2 2 2 2 2 2 2 2 2 2 2 2 2 2 2 2 2 2 2 2 2
left_child=1 2 11 -4 5 12 13 8 17 -10 -11 -1 -3 -7 -15 16 -16 -6 19 22 -5 -13 -19 -23 25 -22 -27 28 -28 -30
right_child=-2 4 3 20 7 6 -8 -9 9 10 -12 21 -14 14 15 -17 -18 18 -20 -21 24 23 -24 -25 -26 26 27 -29 29 -31
leaf_value=0.078771041470737962 -0.033454233054701334 0.18298476397991181 -0.040588497198628164 -0.066471236853517204 0.02012721175074722 -0.052271997386069836 0.03972844254141944 0.095187854335496314 0.031697817607359451 0.0062537886205131614 -0.023175603524177607 -0.0081896414103764369 0.056615115453799575 0.003500585745149898 0.05286236063111574 -0.040829325327649713 0.19634431111812592 -0.039571982947557344 -0.0086216799551357675 -0.105464113984203 0.0075501609332001996 0.01312772751856426 0.051393911818211728 -0.0047066381590941215 -0.02911866082408765 -0.11255577923573584 0.19077518809586766 -0.017434256315695125 0.058787953215731506 -0.056500390928019499
leaf_weight=53 318 25 517 76 206 86 379 38 440 3060 427 1876 90 853 32 24 25 253 822 69 1139 1971 33 1175 339 40 20 751 58 34
leaf_count=53 318 25 517 76 206 86 379 38 440 3060 427 1876 90 853 32 24 25 253 822 69 1139 1971 33 1175 339 40 20 751 58 34
internal_value=-0.000260852 0.000447048 -0.00378224 -0.013315 0.00540793 0.0190475 0.0137012 0.0015466 0.000876478 0.00590467 0.00265002 0.00180405 0.0840868 0.0040303 0.00921445 0.0693864 0.115793 -0.013401 -0.0192691 -0.0439232 -0.00757614 0.000991773 -0.0290759 0.00646677 -0.00569624 -0.0018078 -0.0136115 -0.00902542 0.0473589 0.0161814
internal_weight=15229 14911 8049 2974 6862 1514 1399 5348 5310 3927 3487 5075 115 1020 934 81 57 1383 1177 355 2457 5022 286 3146 2381 2042 903 863 112 92
internal_count=15229 14911 8049 2974 6862 1514 1399 5348 5310 3927 3487 5075 115 1020 934 81 57 1383 1177 355 2457 5022 286 3146 2381 2042 903 863 112 92
is_linear=0
shrinkage=0.05


Tree=74
num_leaves=31
num_cat=0
split_feature=0 9 6 10 5 5 8 16 18 19 18 8 16 7 3 14 16 17 14 14 15 16 8 19 3 18 7 17 16 3
split_gain=122.864 176.429 140.633 138.436 128.044 156.264 123.224 122.742 145.321 119.992 119.414 237.956 108.474 225.88 99.4122 98.3166 103.737 117.384 97.1439 93.4902 96.266 128.071 167.456 137.504 125.202 129.396 93.3037 87.0338 86.6671 151.636
threshold=25.500000000000004 23822.279999999944 27.586547500000005 18.925000000000004 1.0000000180025095e-35 6.5750000000000011 -5.4785159999999991 107.48750000000001 -3.4774999999999952 4.5250000000000012 -1.5550000000000013 0.26838700000000065 45.340000000000011 1711215.6000000003 4.2728576500000006 26.745000000000005 48.925000000000004 38.20000000000001 18.892500000000002 23.960000000000004 50.662500000000001 62.432500000000012 -2.8138427500000005 -1.6299999999999988 20.507003500000003 8.1549999999999994 3060716.0000000005 37.367500000000014 36.380000000000003 26.979736000000003
decision_type=2 2 2 2 2 2 2 2 2 2 2 2 2 2 2 2 2 2 2 2 2 2 2 2 2 2 2 2 2 2
left_child=1 26 6 4 -2 -6 -3 8 15 -4 11 12 13 -10 -12 -5 17 27 -7 -16 21 -21 -23 -24 -22 -26 28 -17 -1 -30
right_child=3 2 9 7 5 18 -8 -9 10 -11 14 -13 -14 -15 19 16 -18 -19 -20 20 24 22 23 -25 25 -27 -28 -29 29 -31
leaf_value=-0.0074815521576726638 -0.07813818165484597 0.04297993544799586 0.036967317270474975 0.018149559686832694 0.11392811004852139 0.08181239062895268 -0.026885820071940503 0.090428462624549871 0.060188233052429402 -0.090017355339867738 0.083931588092693007 -0.013406088667608352 0.022795448763645254 0.21961418883553865 -0.032121729098069367 -0.037470273163041794 -0.0095092376513721457 -0.10019090710767964 0.014664948459758513 0.002848028019142238 -0.02864090433262519 -0.058684984837160559 -0.0061370454728603367 0.066042819599970257 0.10132144623231598 -0.03404927392520251 -0.047876253413054549 0.048824216686471397 0.0027358520170880033 0.056071119765967029
leaf_weight=2374 34 66 163 209 43 56 1442 38 95 21 37 159 80 29 195 255 852 69 1412 2601 396 43 91 240 41 31 103 33 3883 138
leaf_count=2374 34 66 163 209 43 56 1442 38 95 21 37 159 80 29 195 255 852 69 1412 2601 396 43 91 240 41 31 103 33 3883 138
internal_value=-0.00024781 -0.00441132 -0.0187928 0.00459651 0.0178192 0.0199784 -0.023828 0.000878084 0.000254383 0.0224745 0.00509 0.0324484 0.0681879 0.0974733 0.00238766 -0.0135159 -0.0189899 -0.0416159 0.0172264 0.00155833 0.00346585 0.00678187 0.03414 0.0461988 -0.0176136 0.0430368 -0.000666564 -0.0275824 9.38113e-05 0.00456631
internal_weight=15229 8190 1692 7039 1545 1511 1508 5494 5456 184 4038 363 204 124 3675 1418 1209 357 1468 3638 3443 2975 374 331 468 72 6498 288 6395 4021
internal_count=15229 8190 1692 7039 1545 1511 1508 5494 5456 184 4038 363 204 124 3675 1418 1209 357 1468 3638 3443 2975 374 331 468 72 6498 288 6395 4021
is_linear=0
shrinkage=0.05


Tree=75
num_leaves=31
num_cat=0
split_feature=14 4 6 15 17 18 18 18 15 17 16 16 12 16 15 10 3 15 14 9 16 16 15 10 16 16 15 3 10 14
split_gain=143.146 134.551 205.603 256.044 204.352 188.708 173.066 195.789 202.775 175.772 253.268 311.575 196.186 172.152 164.931 159.221 153.435 148.277 133.039 132.495 132.036 130.734 130.087 126.744 120.972 189.001 120.33 114.61 108.584 106.7
threshold=19.437500000000004 526275.87000000011 16.694870000000005 36.315000000000005 14.697500000000002 -3.8524999999999969 -33.637499999999996 -0.60749999999999804 42.277500000000011 25.177500000000006 30.407500000000002 31.067500000000006 6.8450000000000006 22.695000000000004 55.970000000000006 13.005000000000001 27.121002000000001 24.542500000000004 45.577500000000008 134463.62499999997 44.245000000000005 20.695000000000004 37.367500000000014 68.250000000000014 58.617500000000007 51.45000000000001 38.050000000000004 6.8519897500000004 35.165000000000006 46.767500000000005
decision_type=2 2 2 2 2 2 2 2 2 2 2 2 2 2 2 2 2 2 2 2 2 2 2 2 2 2 2 2 2 2
left_child=-1 16 3 4 -3 24 -4 -8 9 13 12 -12 -11 21 28 -15 -2 -14 20 -7 23 -9 -5 -13 25 -6 -24 -28 -10 -20
right_child=1 2 6 22 5 19 7 8 14 10 11 18 17 15 -16 -17 -18 -19 29 -21 -22 -23 26 -25 -26 -27 27 -29 -30 -31
leaf_value=0.033941202394447569 0.0022350514096397124 -0.14361279538044563 -0.052949271631151651 -0.11044031337258363 -0.044480285011023787 -0.007397521393506655 0.020942354248508783 0.032857010180417166 0.078162167742001742 -0.032233156460038957 0.14681819191780585 0.0023478551368521627 -0.027007159485441187 0.083445007233630603 -0.053758120667820763 0.0084699058666707419 0.031639850373471411 -0.17598381944489283 -0.10371930260832113 0.030745649798912235 0.1031324780235688 -0.059551443411358478 0.034198043377775898 -0.11465616416931153 -0.097570543004258076 0.063013176908189403 0.041508454963182791 -0.046911442440949414 0.020164444198810402 -0.028971223305606794
leaf_weight=318 8868 26 142 63 179 525 1083 52 110 103 29 312 23 82 59 519 467 61 54 402 30 145 57 25 64 53 39 608 303 412
leaf_count=318 8868 26 142 63 179 525 1083 52 110 103 29 312 23 82 59 519 467 61 54 402 30 145 57 25 64 53 39 608 303 412
internal_value=0.000747219 3.85455e-05 -0.00611908 -0.0188673 -0.00490366 -0.00195481 0.00113271 0.0033901 -0.004807 -0.0122812 -0.0257344 -0.0142914 -0.0784823 0.00540348 0.0244405 0.0186995 0.00370608 -0.135193 -0.0199002 0.00914353 0.00261608 -0.0351594 -0.041606 -0.00633197 -0.0367121 -0.0199236 -0.0354461 -0.0415816 0.0356118 -0.037633
internal_weight=15213 14895 5560 2016 1249 1223 3544 3402 2319 1847 1049 862 187 798 472 601 9335 84 833 927 367 197 767 337 296 232 704 647 413 466
internal_count=15213 14895 5560 2016 1249 1223 3544 3402 2319 1847 1049 862 187 798 472 601 9335 84 833 927 367 197 767 337 296 232 704 647 413 466
is_linear=0
shrinkage=0.05


Tree=76
num_leaves=31
num_cat=0
split_feature=5 10 11 10 3 19 18 18 3 15 9 8 12 6 10 15 3 11 12 13 9 6 18 15 3 8 18 3 12 19
split_gain=131.277 137.201 146.113 142.416 208.418 107.62 123.999 119.417 117.058 169.488 105.396 172.821 143.041 180.275 128.005 115.927 107.877 112.176 102.699 171.908 120.62 102.097 107.265 97.0941 95.9616 94.9201 91.5394 90.4457 131.334 88.0663
threshold=7.2750000000000012 9.6950000000000021 -0.54999999999999971 15.405000000000003 28.052505500000006 5.0000000000000027 19.822500000000002 -33.637499999999996 19.334762500000004 54.522500000000008 -287332.24999999994 -2.8138427500000005 7.8350000000000009 11.712234500000003 31.195000000000004 36.182500000000012 14.923309000000001 -40.445 6.5050000000000008 1.0050000000000001 332564.6750000001 29.014572500000003 -7.2325000000000008 64.935000000000016 16.519439500000004 0.57754549999999949 3.154999999999998 8.3138275000000004 11.755000000000001 14.65
decision_type=2 2 2 2 2 2 2 2 2 2 2 2 2 2 2 2 2 2 2 2 2 2 2 2 2 2 2 2 2 2
left_child=5 -2 3 4 -3 7 23 -1 10 18 11 26 13 15 -15 -13 17 -16 19 20 21 22 -10 -7 -12 -20 -9 28 -5 -29
right_child=1 2 -4 27 -6 6 -8 8 9 -11 24 12 -14 14 16 -17 -18 -19 25 -21 -22 -23 -24 -25 -26 -27 -28 29 -30 -31
leaf_value=-0.05518481400316564 0.079022968926777445 0.02752300824103019 -0.001759474389221738 0.014117642241861492 0.15852088097934469 -0.038491244791350084 0.044390053302825742 0.041556708940437864 0.09367466379077205 0.11109006515680216 -0.0094482347432917335 0.032006314193660561 -0.058629462947802885 0.1228480589389801 0.02811095492914319 0.19833285138010981 0.0079014217997020169 -0.11753494394704318 -0.017677315567233783 -0.0074376192219207729 -0.042884487236236654 0.096947643805931252 0.020566304743346607 0.016912466245096014 -0.039740557823867977 0.021013349775596601 0.18161235091276468 0.0048914666883342678 0.072886253887606153 -0.058885669472034691
leaf_weight=107 60 380 6267 599 33 563 60 28 62 39 992 22 84 20 20 20 222 39 581 363 41 82 263 92 355 218 20 3413 113 55
leaf_count=107 60 380 6267 599 33 563 60 28 62 39 992 22 84 20 20 20 222 39 581 363 41 82 263 92 355 218 20 3413 113 55
internal_value=0.000709858 0.00362208 0.00320551 0.00998006 0.0379902 -0.0066979 -0.0244073 -0.00315899 -0.0015552 0.00809658 -0.0102905 0.0099604 -0.000151395 0.0141698 0.000629346 0.111209 -0.00806949 -0.0681635 0.0056017 0.0181361 0.0388576 0.0470921 0.0345131 -0.0307093 -0.0174317 -0.00712091 0.0999132 0.00721255 0.0234447 0.00388001
internal_weight=15213 10920 10860 4593 413 4293 715 3578 3471 1649 1822 475 427 343 301 42 281 59 1610 811 448 407 325 655 1347 799 48 4180 712 3468
internal_count=15213 10920 10860 4593 413 4293 715 3578 3471 1649 1822 475 427 343 301 42 281 59 1610 811 448 407 325 655 1347 799 48 4180 712 3468
is_linear=0
shrinkage=0.05


Tree=77
num_leaves=31
num_cat=0
split_feature=14 4 6 15 17 18 18 18 15 17 16 16 12 15 11 11 15 19 19 11 3 15 16 16 10 14 16 15 16 11
split_gain=125.35 117.326 189.152 247.781 209.697 149.408 144.991 194.543 196.766 164.924 214.579 281.687 190.375 150.29 130.713 130.282 222.036 129.531 252.617 156.109 128.835 125.924 124.739 150.963 143.975 122.72 121.425 120.989 120.772 118.408
threshold=19.437500000000004 482331.47000000003 16.694870000000005 36.315000000000005 14.697500000000002 -3.8524999999999969 -33.637499999999996 -0.60749999999999804 42.277500000000011 25.177500000000006 30.407500000000002 31.067500000000006 6.8450000000000006 55.970000000000006 -32.54999999999999 -0.71999999999999964 51.710000000000008 -2.0924999999999971 -2.6250000000000004 -7.5049999999999999 27.121002000000001 24.542500000000004 22.695000000000004 20.695000000000004 13.005000000000001 45.577500000000008 40.620000000000012 47.797500000000007 44.245000000000005 11.175000000000002
decision_type=2 2 2 2 2 2 2 2 2 2 2 2 2 2 2 2 2 2 2 2 2 2 2 2 2 2 2 2 2 2
left_child=-1 14 3 4 -3 -6 -4 15 9 22 12 -12 -11 -10 27 16 17 18 19 26 -16 -14 23 -9 -24 28 -8 -2 -13 -7
right_child=1 2 6 -5 5 29 7 8 13 10 11 25 21 -15 20 -17 -18 -19 -20 -21 -22 -23 24 -25 -26 -27 -28 -29 -30 -31
leaf_value=0.031736541391678343 0.021739166448996577 -0.13940904099228127 -0.047933009147365944 -0.039678061233836964 -0.031623620187660843 -0.00096939700485003009 0.19824960340153089 0.04018879670388343 0.034019238968432265 -0.027168641776438351 0.13893651841368912 -0.0070701909580532371 -0.025393205728260395 -0.051128803768147858 0.0015776939387578935 0.003265204569628543 -0.12205100346888816 0.026881530162316505 0.23363711762687434 -0.0094739101794466644 0.028847448799244474 -0.16125088930853193 0.077915579514441696 -0.05566834947086402 0.0067304003827638658 -0.03640064647871348 0.063810633757794416 0.14835433366483655 0.092941285940733823 0.040949613187083615
leaf_weight=318 54 28 144 791 303 730 22 57 426 107 29 354 23 59 8634 552 21 368 23 57 456 66 82 147 531 479 71 29 33 219
leaf_count=318 54 28 144 791 303 730 22 57 426 107 29 354 23 59 8634 552 21 368 23 57 456 66 82 147 531 479 71 29 33 219
internal_value=0.000674365 1.12046e-05 -0.0056074 -0.0176777 -0.00408211 -0.00105563 0.00123936 0.00325841 -0.00477649 -0.0120051 -0.0247261 -0.0143492 -0.0721104 0.023661 0.00351602 0.0205183 0.0374644 0.0436564 0.0793392 0.0556802 0.00294568 -0.126142 0.00498217 -0.0288847 0.0162527 -0.0194823 0.0956134 0.0659782 0.00145792 0.00870422
internal_weight=15213 14895 5722 2071 1280 1252 3651 3507 2393 1908 1091 895 196 485 9173 1114 562 541 173 150 9090 89 817 204 613 866 93 83 387 949
internal_count=15213 14895 5722 2071 1280 1252 3651 3507 2393 1908 1091 895 196 485 9173 1114 562 541 173 150 9090 89 817 204 613 866 93 83 387 949
is_linear=0
shrinkage=0.05


Tree=78
num_leaves=31
num_cat=0
split_feature=10 11 18 15 6 18 15 6 4 11 3 19 6 18 15 18 11 3 1 17 3 19 0 1 18 18 18 17 19 11
split_gain=119.127 170.451 131.041 193.091 277.414 182.07 204.135 191.814 145.273 147.586 216.134 171.982 146.703 133.875 133.174 136.504 159.013 270.361 185.426 125.02 124.755 141.02 119.096 131.577 127.183 275.947 147.811 118.565 114.201 149.261
threshold=15.135000000000003 -3.8649999999999998 -3.6599999999999997 49.827500000000008 24.152404500000006 -0.5950000000000023 37.577500000000008 16.965408500000002 482331.47000000003 0.22000000000000067 14.425812000000002 2.3875000000000051 26.419876500000004 -0.049999999999997151 19.510000000000002 -7.0375000000000005 -4.0900000000000016 21.531677500000004 1.5000000000000002 47.727500000000006 19.875595000000004 -0.31249999999999639 17.500000000000004 5.5000000000000009 5.0275000000000025 5.3725000000000014 27.125000000000011 54.522500000000008 0.48500000000000038 -7.9699999999999944
decision_type=2 2 2 2 2 2 2 2 2 2 2 2 2 2 2 2 2 2 2 2 2 2 2 2 2 2 2 2 2 2
left_child=1 -1 3 14 19 6 7 -4 9 10 28 12 -11 -10 -2 16 17 -16 -19 -5 -9 -22 23 -15 -24 -26 -27 -3 29 -7
right_child=2 27 5 4 -6 8 -8 20 13 11 -12 -13 -14 22 15 -17 -18 18 -20 -21 21 -23 24 -25 25 26 -28 -29 -30 -31
leaf_value=0.13372650131350383 0.025966624467339564 0.0082424691325941376 0.009614760824044952 -0.02797016668277727 -0.13965699660778047 0.088906364438095783 -0.013261991792893968 0.097408317110239298 -0.045616927940958764 -0.025823956871278038 0.0016416777688089826 0.011395668475418558 0.021881993505235189 -0.029429127523675564 -0.007689593936956271 -0.032841324444227049 -0.019667548189130874 0.13668126727063809 0.022968646699891373 0.045308618199068701 0.012442872575720994 0.064359115983825183 0.0058987905576126818 -0.15427127433940768 -0.11972890666458894 -0.018633016290825095 0.028509429403580727 0.10517012481577695 0.01457791896245908 0.026862719017724964
leaf_weight=28 190 2244 992 71 25 165 500 96 246 1003 1574 837 192 175 427 929 1174 62 85 323 295 235 1411 24 61 986 200 32 396 235
leaf_count=28 190 2244 992 71 25 165 500 96 246 1003 1574 837 192 175 427 929 1174 62 85 323 295 235 1411 24 61 986 200 32 396 235
internal_value=0.000640647 0.0111137 -0.00122858 -0.0098494 0.0218553 0.0017152 0.0146615 0.0232905 -0.0019384 0.00390214 0.0123794 -0.00598519 -0.0181591 -0.0102239 -0.0144829 -0.0173538 -0.00912276 0.0124445 0.0709291 0.0321036 0.044962 0.0354623 -0.00717646 -0.0444855 -0.0043832 -0.0160174 -0.0106832 0.00960525 0.033612 0.0524557
internal_weight=15213 2304 12909 3286 419 9623 2118 1618 7505 4402 2370 2032 1195 3103 2867 2677 1748 574 147 394 626 530 2857 199 2658 1247 1186 2276 796 400
internal_count=15213 2304 12909 3286 419 9623 2118 1618 7505 4402 2370 2032 1195 3103 2867 2677 1748 574 147 394 626 530 2857 199 2658 1247 1186 2276 796 400
is_linear=0
shrinkage=0.05


Tree=79
num_leaves=31
num_cat=0
split_feature=10 11 9 1 9 0 1 7 18 18 8 6 5 18 13 18 18 14 10 14 18 6 11 8 1 10 18 0 5 16
split_gain=113.482 155.034 139.561 134.337 125.425 121.666 118.635 164.211 142.025 305.28 223.213 122.057 113.837 116.333 105.361 108.105 220.589 142.087 133.48 133.949 124.634 145.581 107.552 101.235 129.181 101.012 98.0505 98.8538 97.3697 159.069
threshold=24.305000000000003 -7.9699999999999944 -600043.70999999985 3.5000000000000004 6.1414135000000014 36.500000000000007 4.5000000000000009 143708.45000000004 -3.6599999999999997 -7.0375000000000005 2.5020447000000008 14.497070500000001 15.105000000000002 -33.637499999999996 3.8100000000000005 10.832499999999998 15.002500000000003 54.352500000000006 57.990000000000002 95.782500000000013 -1.1625000000000012 29.458053000000003 -40.445 0.8932955000000008 1.5000000000000002 46.435000000000009 -31.27249999999999 19.500000000000004 8.3450000000000006 44.95750000000001
decision_type=2 2 2 2 2 2 2 2 2 2 2 2 2 2 2 2 2 2 2 2 2 2 2 2 2 2 2 2 2 2
left_child=1 4 3 28 -1 -4 8 -8 9 10 11 -2 13 -9 15 20 22 -18 19 -19 21 -10 -17 -13 -25 -22 -15 -28 29 -3
right_child=6 2 5 -5 -6 -7 7 12 14 -11 -12 23 -14 26 -16 16 17 18 -20 -21 25 -23 -24 24 -26 -27 27 -29 -30 -31
leaf_value=0.027319880045795192 -0.056431254586006729 0.013400885686520245 -0.00045853021123971736 -0.00079050270249825672 0.12332411230097272 0.016925459045508625 0.0013701774964008382 -0.076420270822942268 0.014776147531468876 -0.041824010084690083 0.074408664459484491 -0.0056559996844787915 -0.14549192100763322 0.049896813028802472 0.046366880230330441 0.16695410165758362 -0.063136667738770677 0.017807775450637563 -0.022731618024016409 0.11037020240910352 0.0009248534129811637 0.13584916173265532 0.048637442159983849 0.12542567739917621 0.0027031597902760934 -0.019197870970953403 -0.057094018597192854 -0.015403019866962742 0.15013778528664262 0.15256694049707481
leaf_weight=150 94 77 5865 108 44 1215 925 100 551 569 107 352 20 48 143 21 73 260 178 46 2057 26 225 37 51 895 176 740 32 28
leaf_count=150 94 77 5865 108 44 1215 925 100 551 569 107 352 20 48 143 21 73 260 178 46 2057 26 225 37 51 895 176 740 32 28
internal_value=0.000608614 0.00497701 0.00380859 0.0409093 0.049094 0.00252474 -0.00366043 -0.0141046 3.04067e-05 -0.0151677 0.00849437 -0.00471318 -0.0273096 -0.0250881 0.00413985 0.00274593 0.0193042 0.00188841 0.0116959 0.0317224 -0.0010218 0.0202318 0.0587376 0.00633568 0.0543024 -0.00517604 -0.0197632 -0.0234135 0.0737821 0.0505118
internal_weight=15213 7519 7325 245 194 7080 7694 2009 5685 1210 641 534 1084 1064 4475 4332 803 557 484 306 3529 577 246 440 88 2952 964 916 137 105
internal_count=15213 7519 7325 245 194 7080 7694 2009 5685 1210 641 534 1084 1064 4475 4332 803 557 484 306 3529 577 246 440 88 2952 964 916 137 105
is_linear=0
shrinkage=0.05


Tree=80
num_leaves=31
num_cat=0
split_feature=10 11 16 17 17 15 3 6 19 8 5 16 6 12 15 3 14 5 3 17 16 14 14 17 11 14 9 8 19 9
split_gain=130.127 125.356 127.184 166.548 173.822 129.298 220.656 156.261 172.778 144.197 120.276 204.346 168.721 115.149 109.535 101.836 108.872 107.603 99.6419 125.633 99.0391 97.9437 133.721 102.704 122.922 141.315 140.984 102.61 125.053 94.4083
threshold=57.990000000000002 -0.54999999999999971 23.960000000000004 27.700000000000006 27.632500000000004 37.035000000000011 20.647140500000003 19.160781500000002 0.61500000000000032 -5.7339939999999991 6.5750000000000011 45.182500000000005 29.458053000000003 7.5850000000000009 36.402500000000011 8.4747620000000001 66.96250000000002 12.575000000000001 25.415893500000006 30.567500000000006 107.48750000000001 102.59500000000001 100.40250000000002 49.247500000000002 -49.439999999999991 74.792500000000018 -1334255.5499999996 0.11552449999999938 -1.2800000000000009 -600043.70999999985
decision_type=2 2 2 2 2 2 2 2 2 2 2 2 2 2 2 2 2 2 2 2 2 2 2 2 2 2 2 2 2 2
left_child=1 13 -3 4 -4 7 9 -5 14 -7 11 -8 -12 -1 18 17 29 -15 -9 -20 -11 22 23 27 25 -25 -26 28 -2 -17
right_child=21 2 3 5 -6 6 10 8 -10 20 12 -13 -14 15 -16 16 -18 -19 19 -21 -22 -23 -24 24 26 -27 -28 -29 -30 -31
leaf_value=-0.00074100907027401853 0.039008437838712967 -0.02236587792328051 0.0084871791835669005 -0.0033864965643107935 0.12078627956765038 0.090836789689369896 0.22227094315347218 -0.00061882896739656908 -0.056032851553572988 -0.0090477284608323199 0.03104356523944686 0.03892597902227532 -0.082277103886008271 0.024264924591552703 0.076846407834091232 0.051814513814259472 0.035105072676026375 0.090598990163490392 -0.15391808336438695 -0.031023407885418509 0.071417580525844529 -0.065360987677678964 0.092663413745661574 0.17365271792831749 -0.11931660735607148 0.004312825868172305 0.0034190040288615831 -0.042270116303288863 -0.025573419336724329 0.0030821357934418866
leaf_weight=2894 109 770 2226 1291 35 38 21 336 384 1965 375 55 36 440 32 104 351 71 23 217 39 91 30 22 25 28 365 411 240 2239
leaf_count=2894 109 770 2226 1291 35 38 21 336 384 1965 375 55 36 440 32 104 351 71 23 217 39 91 30 22 25 28 365 411 240 2239
internal_value=-0.000308557 0.00111254 -0.00306835 -0.000967533 0.0102256 -0.0062268 0.00156041 -0.0148531 -0.0297759 -0.00565216 0.0318028 0.0895871 0.0211177 0.00648895 -0.0131925 0.0130173 0.00913567 0.0334816 -0.0181947 -0.0428008 -0.00748179 -0.015307 -0.0116038 -0.0142105 0.00501396 0.0788224 -0.00444866 -0.0253404 -0.00540315 0.00524525
internal_weight=15263 13942 7843 7073 2261 4812 2529 2283 992 2042 487 76 411 6099 608 3205 2694 511 576 240 2004 1321 1230 1200 440 50 390 760 349 2343
internal_count=15263 13942 7843 7073 2261 4812 2529 2283 992 2042 487 76 411 6099 608 3205 2694 511 576 240 2004 1321 1230 1200 440 50 390 760 349 2343
is_linear=0
shrinkage=0.05


Tree=81
num_leaves=31
num_cat=0
split_feature=10 9 11 19 3 18 18 18 10 11 0 6 17 5 8 6 10 14 14 14 17 11 7 9 8 3 19 17 8 11
split_gain=117.44 116.887 100.028 108.805 127.322 106.025 114.796 160.168 105.763 159.703 107.649 105.577 110.76 108.951 98.9479 119.657 93.6112 114.735 88.3942 120.683 92.6904 110.937 152.572 127.238 92.6052 122.576 104.82 92.9625 87.6193 117.343
threshold=57.990000000000002 1858031.1850000003 -3.2549999999999986 -5.2674999999999956 27.530441000000003 -40.482499999999995 -28.865000000000002 -27.632500000000004 32.225000000000001 -15.439999999999998 8.5000000000000018 29.792359000000001 36.805000000000007 6.5750000000000011 3.8127901500000001 16.694870000000005 20.005000000000006 21.190000000000001 102.59500000000001 100.40250000000002 49.247500000000002 -49.439999999999991 2230547.3500000006 -1334255.5499999996 0.11552449999999938 27.586547500000005 -1.2800000000000009 38.577500000000008 0.8932955000000008 -9.6149999999999967
decision_type=2 2 2 2 2 2 2 2 2 2 2 2 2 2 2 2 2 2 2 2 2 2 2 2 2 2 2 2 2 2
left_child=1 2 8 -4 5 -5 -7 -8 9 -1 -11 12 -6 -13 -9 -16 17 -12 19 20 24 22 -22 -23 25 26 -2 -26 -18 -30
right_child=18 -3 3 4 11 6 7 14 -10 10 16 13 -14 -15 15 -17 28 -19 -20 -21 21 23 -24 -25 27 -27 -28 -29 29 -31
leaf_value=0.093637145558993023 0.029145310005372013 -0.048285289500065214 -0.015004546750736682 0.07199747249370024 0.017585616782528995 -0.033025114603016478 0.13117781825687574 0.00085772889037409551 -0.00060594097682698531 -0.0052001355545168437 0.14234255121576739 0.073475698158144961 0.071231997740333494 -0.058052206867550672 -0.023865930675372196 0.10042512156069279 0.0055215072784949278 0.034673539723086365 -0.0620929384133318 0.088030242572228121 0.17341600255194037 -0.11335077625513078 -0.0025388967778001512 0.0032480540704173488 -0.061251557356799428 0.11197504450877507 -0.031754927609529762 -0.013350876664372359 0.086185963855504755 0.018995987127359816
leaf_weight=63 103 119 1269 49 589 283 23 6478 1995 600 27 20 115 74 609 20 942 296 91 30 22 25 28 365 230 21 225 181 84 287
leaf_count=63 103 119 1269 49 589 283 23 6478 1995 600 27 20 115 74 609 20 942 296 91 30 22 25 28 365 230 21 225 181 84 287
internal_value=-0.000293129 0.00105691 0.00148169 -0.00137351 0.000720658 -0.00130938 -0.00179394 -0.000554333 0.00781778 0.0151276 0.0129156 0.0197033 0.0263489 -0.0300675 -0.00098065 -0.0199139 0.0195595 0.0436737 -0.0145416 -0.0110236 -0.0135 0.00476326 0.0748813 -0.00422623 -0.0240734 -0.005133 -0.0126308 -0.0401566 0.0136274 0.0342088
internal_weight=15263 13942 13823 9529 8260 7462 7413 7130 4294 2299 2236 798 704 94 7107 629 1636 323 1321 1230 1200 440 50 390 760 349 328 411 1313 371
internal_count=15263 13942 13823 9529 8260 7462 7413 7130 4294 2299 2236 798 704 94 7107 629 1636 323 1321 1230 1200 440 50 390 760 349 328 411 1313 371
is_linear=0
shrinkage=0.05


Tree=82
num_leaves=31
num_cat=0
split_feature=0 9 14 11 8 9 19 13 1 19 18 14 3 3 18 18 18 10 19 15 15 14 10 3 1 6 15 8 18 15
split_gain=107.269 175.193 165.528 148.384 113.921 107.018 115.88 106.751 103.13 138.439 118.715 138.757 106.212 99.7246 97.6312 98.107 95.529 94.6705 144.957 115.641 131.908 106.249 92.8287 91.8392 131.069 91.6307 90.5541 202.043 207.809 168.804
threshold=36.500000000000007 2814.7052499999936 31.802500000000002 -3.1599999999999979 1.3804629999999991 -287332.24999999994 -12.712500000000002 10.565000000000003 3.5000000000000004 6.3550000000000031 -3.3100000000000054 23.012500000000003 26.776077000000004 7.5291900000000007 11.385 3.154999999999998 -0.51999999999999769 57.990000000000002 -7.419999999999999 47.797500000000007 46.870000000000012 70.087500000000006 37.375000000000007 21.061279000000003 1.0000000180025095e-35 19.244888500000005 28.700000000000003 0.68447900000000061 1.8449999999999991 32.540000000000006
decision_type=2 2 2 2 2 2 2 2 2 2 2 2 2 2 2 2 2 2 2 2 2 2 2 2 2 2 2 2 2 2
left_child=5 4 3 -3 -2 6 -1 13 9 10 22 12 -12 -7 15 16 -10 19 25 20 21 26 -8 -21 -25 -19 -15 28 -28 -30
right_child=1 2 -4 -5 -6 7 8 -9 14 -11 11 -13 -14 17 -16 -17 -18 18 -20 23 -22 -23 -24 24 -26 -27 27 -29 29 -31
leaf_value=-0.040862670359671664 0.009106217868700011 0.22925662882626058 0.02463024534011277 0.064408269377295366 -0.013696739050992647 0.0082928012480271134 0.038898898711936046 0.018489950411227862 0.014188273517614224 -0.039768216084052302 0.05350380834369433 0.051244453501238886 -0.091209753131261104 -0.0021055658352398593 -0.047847764897160236 0.039732180905383788 -0.033068346402837033 0.0026089821405161067 -0.03535713628603554 0.0035578819839704118 -0.061580540704235964 0.035995226459843772 -0.019981380467975721 -0.050755037136118987 0.06655983958757461 0.10948526843761404 -0.011373147540897273 -0.00024600652291173735 -0.085920015713296993 -0.031268656490388042
leaf_weight=109 2505 20 216 43 701 1128 110 480 243 79 21 496 32 3277 100 155 191 122 602 662 113 140 171 29 133 24 1120 1514 192 535
leaf_count=109 2505 20 216 43 701 1128 110 480 243 79 21 496 32 3277 100 155 191 122 602 662 113 140 171 29 133 24 1120 1514 192 535
internal_value=-0.000278473 0.0074274 0.0454295 0.116741 0.00412029 -0.00255857 0.00901808 -0.00452077 0.0124205 0.0234791 0.029499 0.0430275 -0.0338704 -0.00567239 -0.00216922 0.00558605 -0.00660899 -0.00753375 -0.0245175 -0.00588711 -0.00800391 -0.00711071 0.00306784 0.0118154 0.045559 0.0201777 -0.00801984 -0.0137863 -0.0248854 -0.045702
internal_weight=15263 3485 279 63 3206 11778 1707 10071 1598 909 830 549 53 9591 689 589 434 8463 748 7715 6891 6778 281 824 162 146 6638 3361 1847 727
internal_count=15263 3485 279 63 3206 11778 1707 10071 1598 909 830 549 53 9591 689 589 434 8463 748 7715 6891 6778 281 824 162 146 6638 3361 1847 727
is_linear=0
shrinkage=0.05


Tree=83
num_leaves=31
num_cat=0
split_feature=9 10 8 10 1 19 1 10 9 15 18 10 8 11 6 7 6 16 5 19 19 18 18 8 19 16 14 5 19 11
split_gain=98.8325 101.004 89.1158 162.276 86.4586 148.185 150.923 131.437 118.275 154.073 110.485 137.47 109.731 120.174 163.969 108.472 136.07 102.574 97.8034 119.337 126.152 143.826 131.235 116.929 119.612 202.709 109.681 119.585 103.945 94.2176
threshold=1858031.1850000003 57.990000000000002 4.9167630500000019 46.935000000000009 3.5000000000000004 -5.2674999999999956 1.0000000180025095e-35 11.825000000000001 -227603.32999999996 54.245000000000005 -0.092500000000002899 26.955000000000002 3.6865688499999996 -1.1199999999999999 6.1634520000000004 1353481.4000000001 13.4702605 23.960000000000004 7.3750000000000009 -1.1874999999999962 2.3875000000000051 0.077500000000002359 -3.6599999999999997 3.0872345500000011 3.1074999999999986 50.885000000000012 21.190000000000001 17.725000000000005 -3.7425000000000028 1.8749999999999984
decision_type=2 2 2 2 2 2 2 2 2 2 2 2 2 2 2 2 2 2 2 2 2 2 2 2 2 2 2 2 2 2
left_child=1 2 4 -4 5 12 -7 -6 10 18 17 -12 13 14 -1 -15 -17 -8 -10 28 21 22 -21 24 -22 -26 -24 29 -20 -28
right_child=-2 -3 3 -5 7 6 8 -9 9 -11 11 -13 -14 15 -16 16 -18 -19 19 20 23 -23 26 -25 25 -27 27 -29 -30 -31
leaf_value=0.096484849584657098 -0.043507208048102965 -0.013164820990853447 -0.033528483058240348 0.075417479366603257 0.031689537948286974 -0.010388570689530847 -0.067043844402668945 -0.0040790604188010076 -0.0044715732135037246 0.064408511518687012 0.098343081169335531 0.017053913038163896 0.053101065326009646 -0.020931782593270425 -0.0039199807297618612 -0.1904941383918578 -0.034978858360017726 0.025423419073427173 -0.00058906063113125726 -0.016169629467640334 0.06805715657558227 -0.013081821725955085 -0.08684303074010781 -0.064522076293360445 -0.0088894996190101352 0.07586456286435081 0.015130935282687559 0.14663521299759549 0.038631923102375315 0.06036735509566013
leaf_weight=43 131 1309 340 38 269 851 33 5679 1145 125 118 93 69 573 748 22 39 329 229 256 171 945 21 32 234 101 506 21 644 149
leaf_count=43 131 1309 340 38 269 851 33 5679 1145 125 118 93 69 573 748 22 39 329 229 256 171 945 21 32 234 101 506 21 644 149
internal_value=-0.000264549 0.000109809 0.00136688 -0.0225762 0.00204003 0.0056114 0.00911827 -0.00246142 0.0123404 0.00966047 0.0337563 0.0625142 -0.00847944 -0.0114612 0.00153818 -0.0276797 -0.0910663 0.0169941 0.00812399 0.0124824 0.00679808 0.000740189 0.0144462 0.0281696 0.0340315 0.0166632 0.025691 0.0291869 0.0283437 0.0254214
internal_weight=15263 15132 13823 378 13445 7497 6003 5948 5152 4579 573 211 1494 1425 791 634 61 362 4454 3309 2436 1898 953 538 506 335 697 676 873 655
internal_count=15263 15132 13823 378 13445 7497 6003 5948 5152 4579 573 211 1494 1425 791 634 61 362 4454 3309 2436 1898 953 538 506 335 697 676 873 655
is_linear=0
shrinkage=0.05


Tree=84
num_leaves=31
num_cat=0
split_feature=0 4 9 4 19 0 19 14 14 6 8 17 14 19 10 14 0 12 16 14 17 8 1 19 18 14 19 14 8 14
split_gain=94.7175 174.017 91.9231 120.963 121.26 109.085 105.666 142.078 104.286 125.605 126.409 105.814 104.14 101.66 95.7127 90.5502 90.5306 88.8274 88.2889 120.705 129.565 85.9398 85.8997 122.497 102.882 119.984 88.8936 111.655 95.6312 93.1776
threshold=36.500000000000007 249276.76500000004 -287332.24999999994 86600.082000000009 0.027499999999999861 6.5000000000000009 0.16499999999999829 59.395000000000003 51.310000000000009 16.771530500000001 -2.8138427500000005 51.095000000000006 95.782500000000013 -12.712500000000002 37.695000000000007 50.885000000000012 46.500000000000007 5.0050000000000008 92.095000000000013 62.627500000000005 49.247500000000002 -3.1201479999999999 3.5000000000000004 6.3550000000000031 -3.3100000000000054 23.012500000000003 2.9850000000000017 56.730000000000004 -0.64807149999999847 65.897500000000022
decision_type=2 2 2 2 2 2 2 2 2 2 2 2 2 2 2 2 2 2 2 2 2 2 2 2 2 2 2 2 2 2
left_child=2 16 13 5 8 -4 7 -6 15 17 11 -11 14 -1 -12 21 -2 -10 19 -8 -21 -5 23 24 -15 -26 -24 28 -28 -29
right_child=1 -3 3 4 6 -7 18 -9 9 10 12 -13 -14 22 -16 -17 -18 -19 -20 20 -22 -23 26 -25 25 -27 27 29 -30 -31
leaf_value=-0.038384838762838359 0.0071236465927276647 0.055435496951792056 -0.0065981189971757379 0.033458149564061047 -0.10556003186904209 0.0084828546797082287 -0.017361061986276599 0.027437091405902593 -0.074613076316054211 -0.11373198699383509 0.02512515607337211 -0.0060790278017520908 0.078654962243551077 0.0026718792472419156 -0.022617256036848096 0.0822068946675171 -0.020819369180133784 -0.020875425756052668 -0.065624931566638955 0.044340748596142912 -0.032254284863337514 -0.00081800545916810687 -0.019674701768820135 -0.037879678425585407 -0.031635419609692864 0.047512453375313804 -0.0042651585257512383 -0.097478835532175651 0.056131682378575909 0.015594779817681564
leaf_weight=109 2988 176 2232 207 71 2591 2109 28 121 42 207 50 48 281 213 37 321 211 84 169 82 1569 346 79 53 496 112 35 158 38
leaf_count=109 2988 176 2232 207 71 2591 2109 28 121 42 207 50 48 281 213 37 321 211 84 169 82 1569 346 79 53 496 112 35 158 38
internal_value=-0.000251322 0.00698969 -0.00239387 -0.00421243 -0.0094656 0.00150364 -0.0173043 -0.0679447 -0.00209637 -0.0160927 -0.00164612 -0.0552249 0.00888647 0.0083353 0.000912933 0.00478987 0.00441295 -0.0404605 -0.015253 -0.0134601 0.0193177 0.00317702 0.0115221 0.0216147 0.0272775 0.0398716 -0.00179317 0.0162448 0.0310782 -0.0386186
internal_weight=15263 3485 11778 10071 5248 4823 2543 99 2705 892 560 92 468 1707 420 1813 3309 332 2444 2360 251 1776 1598 909 830 549 689 343 270 73
internal_count=15263 3485 11778 10071 5248 4823 2543 99 2705 892 560 92 468 1707 420 1813 3309 332 2444 2360 251 1776 1598 909 830 549 689 343 270 73
is_linear=0
shrinkage=0.05


Tree=85
num_leaves=31
num_cat=0
split_feature=10 1 16 16 0 5 9 8 6 14 8 18 5 10 18 8 9 10 19 14 8 19 8 16 6 15 18 14 15 7
split_gain=98.5014 164.05 107.03 98.079 86.3814 117.891 102.826 95.4812 90.8022 90.4865 87.4039 114.915 95.0698 84.6117 80.0159 100.072 80.4446 83.0352 140.818 103.355 99.1259 100.258 84.5809 127.41 184.839 160.214 139.341 256.112 146.216 131.491
threshold=12.135000000000003 1.5000000000000002 21.487500000000004 107.48750000000001 36.500000000000007 17.495000000000001 17048.556449999989 2.5020447000000008 28.656677500000004 31.580000000000002 -5.4785159999999991 11.6775 7.955000000000001 68.250000000000014 -35.36999999999999 0.11552449999999938 -618841.89999999991 57.990000000000002 -4.4249999999999998 107.48750000000001 2.3906399999999999 1.2025000000000008 0.57754549999999949 60.712500000000006 18.653045000000002 28.700000000000003 4.9450000000000029 48.590000000000011 32.540000000000006 1694733.3
decision_type=2 2 2 2 2 2 2 2 2 2 2 2 2 2 2 2 2 2 2 2 2 2 2 2 2 2 2 2 2 2
left_child=1 -1 -3 4 5 10 7 13 -7 -8 11 -2 -13 -6 15 -12 -16 19 -19 22 -20 -22 23 25 -25 -18 29 28 -28 -27
right_child=3 2 -4 -5 6 8 9 -9 -10 -11 14 12 -14 -15 16 -17 17 18 20 -21 21 -23 -24 24 -26 26 27 -29 -30 -31
leaf_value=-0.026237658960298602 0.0095120619865747616 -0.041370651172474029 0.036636386579680186 0.054559957070383608 0.0056583564046726867 -0.073155000808621112 0.12028445931932619 -0.02017621232081801 0.031623596167908267 0.025995676859583657 0.032741416600055813 0.029211124578224765 0.16810590441931378 0.096276752392833065 0.010306876420380402 -0.055532769239633475 -0.0013773861002422717 0.018157341795934676 -0.037303331653994978 0.10733889838059743 0.094209751474360628 -0.021409202421084048 0.0021391221844889309 0.029321439481814981 -0.02950552272645229 -0.018385156999352208 -0.13118767083855346 -0.012291943323857423 -0.052798598612195026 0.023873534536634256
leaf_weight=167 366 48 524 78 2785 101 31 381 26 142 41 28 22 26 950 148 2078 192 600 21 30 50 3549 467 187 1183 80 395 232 218
leaf_count=167 366 48 524 78 2785 101 31 381 26 142 41 28 22 26 950 148 2078 192 600 21 30 50 3549 467 187 1183 80 395 232 218
internal_value=-0.000442282 0.0173613 0.0300903 -0.00135551 -0.00165988 -0.00381058 0.00534763 0.00331284 -0.0517043 0.0428914 -0.00324931 0.0192251 0.0903248 0.00649652 -0.00414648 -0.0363833 -0.00355102 -0.00496935 -0.0196559 -0.00344656 -0.0303326 0.0219479 -0.00372389 -0.00802303 0.0125009 -0.0112296 -0.0209416 -0.0390376 -0.0728984 -0.0118096
internal_weight=15146 739 572 14407 14329 10964 3365 3192 127 173 10837 416 50 2811 10421 189 10232 9282 872 8410 680 80 8389 4840 654 4186 2108 707 312 1401
internal_count=15146 739 572 14407 14329 10964 3365 3192 127 173 10837 416 50 2811 10421 189 10232 9282 872 8410 680 80 8389 4840 654 4186 2108 707 312 1401
is_linear=0
shrinkage=0.05


Tree=86
num_leaves=31
num_cat=0
split_feature=4 5 0 10 11 3 6 18 18 18 15 17 16 17 14 14 14 14 10 16 18 18 15 15 14 8 15 4 0 7
split_gain=98.3784 136.957 133.818 97.9637 96.231 104.826 92.4807 84.9014 93.2381 135.085 151.37 127.226 101.294 154.149 169.269 132.972 127.552 123.436 107.057 104.366 97.3997 127.906 121.193 212.298 124.399 148.359 109.379 132.643 127.033 140.137
threshold=482331.47000000003 1.0000000180025095e-35 17.500000000000004 10.905000000000003 -32.54999999999999 17.424499500000003 20.219147000000003 -33.637499999999996 -0.78999999999999904 -3.5475000000000025 37.035000000000011 28.512500000000006 51.45000000000001 38.345000000000006 51.310000000000009 54.720000000000006 57.770000000000003 68.907500000000013 15.515000000000002 45.965000000000011 -0.024999999999995023 0.077500000000002359 35.26250000000001 37.577500000000008 42.032500000000006 3.6865688499999996 33.942500000000003 1300504.2500000002 35.500000000000007 908650.33000000019
decision_type=2 2 2 2 2 2 2 2 2 2 2 2 2 2 2 2 2 2 2 2 2 2 2 2 2 2 2 2 2 2
left_child=3 -2 6 -1 5 -5 -3 -4 9 -9 11 -11 13 15 19 20 -17 -16 -14 -15 -10 -22 26 -24 -25 -26 28 -28 29 -23
right_child=1 2 7 4 -6 -7 -8 8 12 10 -12 -13 18 14 17 16 -18 -19 -20 -21 21 22 23 24 25 -27 27 -29 -30 -31
leaf_value=0.035585470201273506 -0.10708304955200716 -0.059120593017228155 -0.0364278954279783 0.015936837540495963 0.0014449136583829462 0.12949419784825297 -0.010990559919294797 -0.0030651632140474847 -0.034103300699988674 0.018463597224106999 -0.0111931903764167 0.070297008016640045 0.11635108972373216 -0.017034407661765057 -0.078628330113897235 0.082941139249929366 0.0035020768941779225 0.013961363679101302 0.0066525673588740605 0.087752571196428375 0.07743372437746629 -0.040595861522255326 -0.085659193290305927 0.030962127401313235 -0.011101527712566572 -0.12335110053017334 0.0073419748862483068 0.14083744515975316 0.11601032344201073 0.0040147996993890557
leaf_weight=222 33 182 182 63 8997 30 221 1177 342 286 206 202 23 157 221 77 147 43 674 28 46 223 122 124 144 37 49 30 22 836
leaf_count=222 33 182 182 63 8997 30 221 1177 342 286 206 202 23 157 221 77 147 43 674 28 46 223 122 124 144 37 49 30 22 836
internal_value=-0.000420168 -0.00551124 -0.00493343 0.00276941 0.00196796 0.0525682 -0.0327267 -0.00285846 -0.00168713 0.00725125 0.0247475 0.0399192 -0.00668675 -0.0111507 -0.0378482 -0.00569951 0.0308093 -0.0635474 0.0102725 -0.00117476 -0.00984025 -0.00475883 -0.00714123 -0.0299151 -0.0076174 -0.0340476 0.0012419 0.0580365 -0.00290867 -0.00537914
internal_weight=15146 5834 5801 9312 9090 93 403 5398 5216 1871 694 488 3345 2648 449 2199 224 264 697 185 1975 1633 1587 427 305 181 1160 79 1081 1059
internal_count=15146 5834 5801 9312 9090 93 403 5398 5216 1871 694 488 3345 2648 449 2199 224 264 697 185 1975 1633 1587 427 305 181 1160 79 1081 1059
is_linear=0
shrinkage=0.05


Tree=87
num_leaves=31
num_cat=0
split_feature=10 5 16 18 17 6 10 6 10 0 18 6 14 17 14 16 18 17 18 4 14 14 18 18 18 16 8 0 7 0
split_gain=88.8405 184.994 92.4327 95.053 97.7936 190.521 153.858 234.707 94.9285 91.9517 93.2912 107.766 95.3653 131.601 103.188 95.0163 84.4063 110.936 118.415 82.4562 80.5826 129.161 93.9767 193.268 180.152 179.01 136.913 101.435 94.4828 91.3363
threshold=17.415000000000003 17.495000000000001 107.48750000000001 -3.6599999999999997 50.475000000000009 24.152404500000006 45.82500000000001 11.888275250000001 56.105000000000011 36.500000000000007 -1.4699999999999986 29.573974500000002 61.242500000000007 33.522500000000008 102.59500000000001 66.160000000000011 0.077500000000002359 12.770000000000001 -0.092500000000002899 1818877.7500000002 57.770000000000003 54.720000000000006 4.3225000000000025 1.7825000000000044 1.5499999999999938 44.732500000000009 0.56042449999999999 29.500000000000004 644579.25000000012 17.500000000000004
decision_type=2 2 2 2 2 2 2 2 2 2 2 2 2 2 2 2 2 2 2 2 2 2 2 2 2 2 2 2 2 2
left_child=16 2 3 4 8 6 -6 -8 -2 10 11 -5 20 15 -15 -14 17 -1 19 -19 21 22 23 24 27 26 -24 -12 -27 -23
right_child=1 -3 -4 9 5 -7 7 -9 -10 -11 12 -13 13 14 -16 -17 -18 18 -20 -21 -22 29 25 -25 -26 28 -28 -29 -30 -31
leaf_value=-0.050117842209147057 -0.011609679089425742 -0.068638558848982775 0.052277406016237829 0.010409509195638848 -0.0095253036335449324 -0.10612695328891278 0.1467811198419203 0.021283914686040479 -0.046338850839694731 0.0089156530904332312 -0.0036757988586978009 0.11607300783693791 0.023770006496495414 0.0047568520418413921 -0.049907063559619012 0.11020004010718804 -0.00067583812880131911 0.017427711394559717 0.073072104061577006 -0.022409683588397254 -0.035504639580708569 -0.0073740891441880429 -0.029582221442513452 0.018493479337060074 -0.084937605986663389 -0.038036707780109008 0.0080462841613043578 -0.036982244258557541 -0.12664786606578024 0.050845243211147521
leaf_weight=64 2020 105 78 694 275 34 46 196 218 2266 1331 25 103 1204 93 46 1987 1417 89 143 268 118 611 678 83 65 400 276 56 157
leaf_count=64 2020 105 78 694 275 34 46 196 218 2266 1331 25 103 1204 93 46 1987 1417 89 143 268 118 611 678 83 65 400 276 56 157
internal_value=-0.000399159 -0.00257637 -0.00196474 -0.00234038 -0.0103469 0.00852233 0.0160621 0.0451388 -0.0149926 0.000294772 -0.00285196 0.0140835 -0.00507032 0.0059498 0.000837234 0.0504531 0.00633607 0.0144696 0.0169763 0.013776 -0.00901172 -0.0071309 -0.00972335 -0.00405863 -0.0131062 -0.0215732 -0.0146946 -0.00939613 -0.0790468 0.0258639
internal_weight=15146 11446 11341 11263 2789 551 517 242 2238 8474 6208 719 5489 1446 1297 149 3700 1713 1649 1560 4043 3775 3500 2368 1690 1132 1011 1607 121 275
internal_count=15146 11446 11341 11263 2789 551 517 242 2238 8474 6208 719 5489 1446 1297 149 3700 1713 1649 1560 4043 3775 3500 2368 1690 1132 1011 1607 121 275
is_linear=0
shrinkage=0.05


Tree=88
num_leaves=31
num_cat=0
split_feature=16 3 16 12 12 18 6 11 5 16 16 3 11 17 3 16 6 3 9 8 6 12 16 15 8 19 18 14 3 0
split_gain=78.5379 76.3487 114.812 78.2848 120.191 69.075 131.775 67.9788 83.5417 117.269 75.0869 125.659 178.546 170.075 170.307 113.332 167.369 159.885 128.655 127.326 118.234 111.223 109.882 103.426 113.318 102.416 104.712 100.587 94.6823 121.68
threshold=107.48750000000001 8.643631000000001 1.0000000180025095e-35 17.660000000000004 15.085000000000003 10.832499999999998 9.6891325000000013 47.045000000000002 20.995000000000001 26.082500000000007 54.845000000000006 14.710861000000003 -37.304999999999993 30.567500000000006 12.062149000000002 45.140000000000008 21.531677500000004 12.636291500000002 -1219766.9499999997 0.93479900000000005 30.085068000000003 8.9950000000000028 44.95750000000001 54.047500000000007 -2.8138427500000005 1.0425000000000042 -35.36999999999999 54.720000000000006 21.061279000000003 30.500000000000004
decision_type=2 2 2 2 2 2 2 2 2 2 2 2 2 2 2 2 2 2 2 2 2 2 2 2 2 2 2 2 2 2
left_child=1 3 -3 4 5 -1 -7 8 10 -10 15 12 -12 -14 -15 18 17 21 -4 -18 22 27 -20 24 -13 26 -26 -17 -25 -30
right_child=-2 2 7 -5 -6 6 -8 -9 9 -11 11 23 13 14 -16 16 19 -19 20 -21 -22 -23 -24 28 25 -27 -28 -29 29 -31
leaf_value=0.005554248368064384 0.049663535720453816 -0.10699579308812435 0.044584961759698533 -0.077738138059010878 0.092269972937051636 0.019407457695637325 0.16308049038052561 -0.033711405241805499 -0.021447509617127224 0.11206072118917579 0.14712481777425165 -0.063751994838490131 0.05190783236388731 -0.033387883897287612 0.021348835171612332 -0.023711059200796861 -0.0056514788008862355 -0.033234441192523854 -0.0017896064755833969 0.045300919673849589 -0.063133170331517857 0.041697319710149998 0.070492292968732009 0.0065969591996690724 -0.061662453538256473 -0.01877607099981304 0.0067996823340331679 0.031964208280613408 0.019976164674652477 0.12535987708303664
leaf_weight=1833 78 26 152 26 43 79 20 165 29 38 27 79 246 214 423 382 427 1088 6610 172 78 121 53 256 58 697 1508 103 70 45
leaf_count=1833 78 26 152 26 43 79 20 165 29 38 27 79 246 214 423 382 427 1088 6610 172 78 121 53 256 58 697 1508 103 70 45
internal_value=-0.000379201 -0.000638249 -0.00203102 0.00845685 0.00959157 0.00775142 0.0484323 -0.00182175 -0.0014131 0.0542736 -0.00170438 0.00439132 0.0204695 0.0165967 0.00296005 -0.00410855 -0.0137376 -0.0217704 -0.000905365 0.00897926 -0.00193111 -0.00118801 -0.00121465 -0.00100165 -0.0048872 -0.00283227 0.00426405 -0.0118872 0.0235265 0.0612133
internal_weight=15146 15068 13067 2001 1975 1932 99 13041 12876 67 12809 3623 910 883 637 9186 2293 1694 6893 599 6741 606 6663 2713 2342 2263 1566 485 371 115
internal_count=15146 15068 13067 2001 1975 1932 99 13041 12876 67 12809 3623 910 883 637 9186 2293 1694 6893 599 6741 606 6663 2713 2342 2263 1566 485 371 115
is_linear=0
shrinkage=0.05


Tree=89
num_leaves=31
num_cat=0
split_feature=10 1 15 16 11 10 8 11 8 1 6 6 18 11 12 10 16 4 15 1 4 4 10 5 12 18 18 6 5 16
split_gain=81.5899 143.711 78.8848 73.1773 74.4042 142.143 107.323 101.131 90.813 136.954 82.2741 118.222 104.638 126.719 115.004 143.274 84.6583 110.373 83.2796 108.917 81.5862 76.9946 76.2468 110.764 140.585 77.8435 163.918 118.683 80.6244 74.7201
threshold=11.825000000000001 1.5000000000000002 43.75500000000001 107.48750000000001 -5.0349999999999993 28.755000000000006 6.9212345000000015 -14.574999999999999 1.1181030000000003 1.5000000000000002 25.031647000000003 21.193801500000003 3.5975000000000006 -37.304999999999993 7.6850000000000014 57.990000000000002 50.750000000000007 909389.90000000014 26.080000000000002 1.0000000180025095e-35 518945.61000000004 510079.35000000003 20.115000000000006 17.495000000000001 17.070000000000004 14.355000000000002 11.6775 15.757431500000001 5.4350000000000014 42.710000000000008
decision_type=2 2 2 2 2 2 2 2 2 2 2 2 2 2 2 2 2 2 2 2 2 2 2 2 2 2 2 2 2 2
left_child=1 -1 -3 4 5 7 10 -2 -9 -10 11 12 29 -14 16 -16 17 -15 21 -20 -18 -12 25 24 -24 26 28 -28 -6 -7
right_child=3 2 -4 -5 22 6 -8 8 9 -11 18 -13 13 14 15 -17 20 -19 19 -21 -22 -23 23 -25 -26 -27 27 -29 -30 -31
leaf_value=-0.026991439598293795 0.11131633633169635 0.023512362741911243 0.089866507135331633 0.047180358673899608 0.059745398440087839 0.011117719259719477 0.10615611737189086 0.0089863443729818592 0.095193973720251096 0.017667235853273809 -0.037399262099872148 0.032191741436204867 0.07276443842407547 0.0091939800083659633 0.056102732236290143 -0.019279965024787127 -0.021305144711264545 -0.068860754065099172 -0.11148234971222425 -0.025013300613160278 0.05680217824992724 0.018955460150242097 -0.0073416155766681439 -0.078137866079129967 0.11652702345796254 -0.018543520082921996 0.18359069002880937 0.028609584774821995 0.0013481563503364084 -0.015737180009976353
leaf_weight=141 29 430 50 78 60 335 23 869 84 177 89 283 81 78 180 97 70 108 42 274 64 190 5631 55 23 451 21 30 3961 1142
leaf_count=141 29 430 50 78 60 335 23 869 84 177 89 283 81 78 180 97 70 108 42 274 64 190 5631 55 23 451 21 30 3961 1142
internal_value=-0.000360241 0.0173878 0.0304243 -0.00111904 -0.00137981 0.00421083 -0.00144374 0.0191205 0.0167544 0.0426184 -0.0022597 0.00180855 -0.00218145 0.0140802 0.00611806 0.0297052 -0.0142995 -0.0361281 -0.0189292 -0.036506 0.0159998 0.000978506 -0.00368283 -0.00752463 -0.00683773 0.00116634 0.00334933 0.0924253 0.00221954 -0.00964619
internal_weight=15146 621 480 14525 14447 4215 3056 1159 1130 261 3033 2438 2155 678 597 277 320 186 595 316 134 279 10232 5709 5654 4523 4072 51 4021 1477
internal_count=15146 621 480 14525 14447 4215 3056 1159 1130 261 3033 2438 2155 678 597 277 320 186 595 316 134 279 10232 5709 5654 4523 4072 51 4021 1477
is_linear=0
shrinkage=0.05


Tree=90
num_leaves=31
num_cat=0
split_feature=0 3 6 19 9 9 5 13 4 17 16 11 19 16 16 18 17 10 16 6 6 9 11 10 8 19 9 16 18 18
split_gain=86.4969 106.054 163.131 152.554 141.712 112.155 125.542 104.031 89.6191 84.4677 132.741 152.727 213.139 128.425 111.478 111.207 104.263 98.2104 93.7665 195.42 85.6779 84.182 83.0981 130.145 81.6724 96.7596 110.938 81.6057 82.3526 138.925
threshold=25.500000000000004 14.056060500000003 13.334747000000002 -23.497499999999988 -463580.14999999997 878576.77000000014 15.505000000000001 11.005000000000001 1730618.2000000002 16.362500000000001 29.002500000000005 1.349999999999999 8.7750000000000039 23.237500000000004 30.407500000000002 0.79749999999999954 16.210000000000004 13.005000000000001 31.067500000000006 17.293686000000005 29.907959000000002 -1.0000000180025095e-35 -4.1999999999999975 21.605000000000004 -0.23174999999999987 1.5149999999999972 193132.87999999998 107.48750000000001 -3.0624999999999996 -1.5550000000000013
decision_type=2 2 2 2 2 2 2 2 2 2 2 2 2 2 2 2 2 2 2 2 2 2 2 2 2 2 2 2 2 2
left_child=1 2 3 -1 -4 6 -3 -6 -7 16 11 12 17 15 -12 -13 24 -11 19 -16 27 -14 23 -19 -2 -26 -27 28 -20 -30
right_child=9 5 4 -5 7 8 -8 -9 -10 10 14 13 21 -15 18 -17 -18 22 20 -21 -22 -23 -24 -25 25 26 -28 -29 29 -31
leaf_value=0.12428663097477209 0.019346761253865943 -0.004777580187130287 0.15184950576248496 -0.0023820654240578167 0.018304029241356847 -0.1043221885804087 -0.11095773740006346 0.11867341802420993 -0.025875835995944615 0.14884054038835609 -0.033354025787563239 -0.10945053024347438 -0.11698896059623132 0.015122030516608787 -0.0095517284373151309 -0.0072877294091241709 -0.09596002634222571 0.12588041558628901 -0.0051618476352784512 0.12580197313800454 -0.050252430755581251 -0.0019781928600334539 0.025172202564858304 0.04381095354544557 -0.070225423344904017 0.026066711346371747 -0.073640072059172848 0.082675414555000548 0.04200494156991301 0.0052619046152407633
leaf_weight=24 151 4819 22 2478 589 44 28 27 211 23 202 43 26 351 60 70 38 64 1700 48 73 41 294 197 85 98 39 33 281 3045
leaf_count=24 151 4819 22 2478 589 44 28 27 211 23 202 43 26 351 60 70 38 64 1700 48 73 41 294 197 85 98 39 33 281 3045
internal_value=0.000824287 -0.00264182 0.00458792 -0.00116702 0.0271567 -0.00709133 -0.00539096 0.0227033 -0.0394117 0.00492766 0.00630714 0.0220735 0.0378112 0.000196808 0.00309417 -0.0461638 -0.0170601 0.047597 0.00449924 0.0506055 0.00352896 -0.0466092 0.0434013 0.0639353 -0.00902205 -0.028318 -0.00231697 0.00430501 0.00379044 0.00836617
internal_weight=15204 8242 3140 2502 638 5102 4847 616 255 6962 6551 1109 645 464 5442 113 411 578 5240 108 5132 67 555 261 373 222 137 5059 5026 3326
internal_count=15204 8242 3140 2502 638 5102 4847 616 255 6962 6551 1109 645 464 5442 113 411 578 5240 108 5132 67 555 261 373 222 137 5059 5026 3326
is_linear=0
shrinkage=0.05


Tree=91
num_leaves=31
num_cat=0
split_feature=4 0 3 6 19 9 9 5 16 6 17 15 17 8 16 16 15 14 2 16 4 14 16 11 1 9 14 6 18 11
split_gain=79.1298 77.1672 86.915 145.864 137.316 127.21 99.0559 114.344 104.424 81.2912 128.359 144.417 137.533 113.517 111.436 315.411 105.29 193.795 181.394 119.879 102.721 103.604 100.457 97.2382 95.5785 101.21 91.1467 90.6119 89.8532 153.459
threshold=3205916.1500000004 25.500000000000004 13.983841000000002 13.334747000000002 -23.497499999999988 -463580.14999999997 878576.77000000014 15.505000000000001 36.072500000000012 15.757431500000001 21.577500000000004 14.350000000000003 30.892500000000002 1.1746825000000005 20.695000000000004 21.487500000000004 25.595000000000002 36.072500000000012 1.0000000180025095e-35 25.290000000000003 6055.4343000000017 65.260000000000005 22.695000000000004 -7.5049999999999999 4.5000000000000009 87293.749999999898 29.332500000000003 26.305374000000004 -1.1625000000000012 -8.6849999999999987
decision_type=2 2 2 2 2 2 2 2 2 2 2 2 2 2 2 2 2 2 2 2 2 2 2 2 2 2 2 2 2 2
left_child=1 2 3 4 -1 -5 7 -4 -8 10 11 -3 13 -12 -11 -16 20 19 -19 -18 -17 22 -22 26 25 -21 27 -24 -14 -30
right_child=-2 9 6 5 -6 -7 8 -9 -10 14 12 -13 28 -15 15 16 17 18 -20 24 21 -23 23 -25 -26 -27 -28 -29 29 -31
leaf_value=0.11807229855718714 -0.033549172580887347 0.046979457539938659 -0.004075193277913002 0.14425703260878273 -0.0021079705674918198 0.02182975918131801 0.032283674987653894 -0.1054098516702652 -0.055226536676833075 0.062571344926254824 0.038639575935244322 -0.039449610714273824 -0.021174709900535299 -0.0016202050895140604 -0.10977874197165616 0.0025416664118434393 0.069861887643734619 0.0074022965189396595 0.07132016988073149 -0.044208080101295982 -0.019771252604397507 -0.072665243660626197 0.19758363555778158 0.032252379654045676 -0.013894689166971314 -0.15755686591500823 0.020892858401287434 0.079717130562852304 0.045526193342803771 -0.0061695632733487936
leaf_weight=24 166 56 4811 22 2460 597 42 28 181 96 399 353 578 312 56 460 33 2164 117 137 76 23 22 606 352 23 43 63 179 725
leaf_count=24 166 56 4811 22 2460 597 42 28 181 96 399 353 578 312 56 460 33 2164 117 137 76 23 22 606 352 23 43 63 179 725
internal_value=0.000783072 0.00116206 -0.00212409 0.00446476 -0.000946809 0.026181 -0.00616304 -0.00466155 -0.0387448 0.00506593 -0.00190081 -0.0276158 0.0028951 0.0209728 0.00931025 0.00808556 0.00968799 0.00428069 0.0106809 -0.0225061 0.0215063 0.0319789 0.0349503 0.0406163 -0.0284595 -0.060502 0.0802142 0.110224 -0.00577782 0.00406665
internal_weight=15204 15038 8165 3103 2484 619 5062 4839 223 6873 2602 409 2193 711 4271 4175 4119 2826 2281 545 1293 833 810 734 512 160 128 85 1482 904
internal_count=15204 15038 8165 3103 2484 619 5062 4839 223 6873 2602 409 2193 711 4271 4175 4119 2826 2281 545 1293 833 810 734 512 160 128 85 1482 904
is_linear=0
shrinkage=0.05


Tree=92
num_leaves=31
num_cat=0
split_feature=10 5 11 15 16 3 6 8 1 17 6 13 7 1 0 16 8 16 11 10 8 1 12 17 16 6 3 17 17 5
split_gain=73.5765 145.126 109.429 163.115 111.856 85.3273 97.7621 91.194 73.5282 67.5496 79.8199 64.7255 63.6745 66.7435 82.3394 80.7597 63.2964 73.7117 62.491 130.966 126.252 122.514 76.6761 65.3955 123.127 85.2746 141.946 69.1564 67.195 65.6577
threshold=17.415000000000003 17.495000000000001 -3.550000000000002 16.922500000000003 22.232500000000005 29.014572500000003 29.573974500000002 0.24050900000000122 3.5000000000000004 14.697500000000002 5.3281708000000014 7.7750000000000012 2070604.6000000003 1.0000000180025095e-35 11.500000000000002 25.290000000000003 3.0872345500000011 55.095000000000006 -7.5049999999999999 28.755000000000006 0.6684721499999996 3.5000000000000004 16.235000000000003 31.732500000000005 31.802500000000002 24.152404500000006 21.193801500000003 55.970000000000006 31.212500000000002 14.005000000000001
decision_type=2 2 2 2 2 2 2 2 2 2 2 2 2 2 2 2 2 2 2 2 2 2 2 2 2 2 2 2 2 2
left_child=2 18 3 -1 9 12 7 -7 -3 10 -4 -10 13 14 -6 -15 17 -17 19 20 -2 -22 -20 28 -25 26 29 -27 -21 -26
right_child=1 8 4 -5 5 6 -8 -9 11 -11 -12 -13 -14 15 -16 16 -18 -19 22 23 21 -23 -24 24 25 27 -28 -29 -30 -31
leaf_value=0.12884730243145726 0.009665789610477352 -0.0033489986469871121 -0.039137699859122105 0.019439916826625606 -0.025322972142431361 0.16919133457399549 -0.0248944231819722 0.048128658752539195 -0.120898444403191 -0.039238547895120865 0.037123257850038414 -0.014160385802388193 -0.031525693250457863 0.042971458587109941 0.021052521117467513 0.0062793784925779987 -0.014225566267735235 0.029301414739248046 -0.0035390034036211025 -0.0072085505446841548 0.089074962627991139 0.0065745122012283129 0.041181318757613911 0.085747997970023054 0.0048681224977149664 -0.014565819010022097 0.058159857472906321 -0.10224406463652849 -0.063057725013791713 -0.084219219571068177
leaf_weight=43 357 38 59 164 298 21 31 60 49 217 82 20 108 180 141 1616 277 443 8082 754 126 70 97 47 1366 224 130 25 58 21
leaf_count=43 357 38 59 164 298 21 31 60 49 217 82 20 108 180 141 1616 277 443 8082 754 126 70 97 47 1366 224 130 25 58 21
internal_value=0.000743919 -0.00124276 0.00683358 0.0421671 0.00476337 0.0077508 0.0506162 0.0795153 -0.0592009 -0.0217312 0.00521264 -0.0899599 0.0061834 0.00756161 -0.0104279 0.0107005 0.00821384 0.0112326 -0.00069671 0.00525333 0.0273677 0.0596105 -0.00300864 0.000594571 0.00587609 0.00375039 0.00820174 -0.0233689 -0.0111978 0.00351929
internal_weight=15204 11464 3740 207 3533 3175 112 81 107 358 141 69 3063 2955 439 2516 2336 2059 11357 3178 553 196 8179 2625 1813 1766 1517 249 812 1387
internal_count=15204 11464 3740 207 3533 3175 112 81 107 358 141 69 3063 2955 439 2516 2336 2059 11357 3178 553 196 8179 2625 1813 1766 1517 249 812 1387
is_linear=0
shrinkage=0.05


Tree=93
num_leaves=31
num_cat=0
split_feature=0 3 6 19 9 13 9 5 4 8 17 17 1 9 14 17 16 6 5 10 17 11 17 16 16 15 16 8 6 5
split_gain=69.7901 85.1134 131.584 121.97 115.56 92.9015 89.6127 97.5404 79.917 75.0029 72.8543 111.064 151.013 127.182 88.7339 94.1779 94.8642 88.2272 86.3581 77.1046 121.99 120.754 98.2194 91.8894 84.4951 83.0101 81.2333 260.995 67.031 114.038
threshold=25.500000000000004 14.056060500000003 13.334747000000002 -23.497499999999988 -463580.14999999997 11.005000000000001 878576.77000000014 15.505000000000001 1730618.2000000002 -0.39624049999999927 16.362500000000001 18.752500000000001 3.5000000000000004 -330984.49999999971 19.437500000000004 15.487500000000002 21.487500000000004 29.907959000000002 12.095000000000001 21.865000000000006 21.442500000000006 -6.6949999999999976 21.320000000000004 44.165000000000006 107.48750000000001 24.542500000000004 43.537500000000009 2.9373784999999999 28.052505500000006 6.5750000000000011
decision_type=2 2 2 2 2 2 2 2 2 2 2 2 2 2 2 2 2 2 2 2 2 2 2 2 2 2 2 2 2 2
left_child=1 2 3 -1 -4 9 7 -3 -8 -6 14 12 13 -12 -2 -16 18 19 -17 21 22 25 -21 26 -25 -13 28 -28 -22 -30
right_child=10 6 4 -5 5 -7 8 -9 -10 -11 11 17 -14 -15 15 16 -18 -19 -20 20 23 -23 -24 24 -26 -27 27 -29 29 -31
leaf_value=0.11107695962612828 0.028162482132078306 -0.0043322217184438008 0.13694043757224625 -0.0021850005066480047 0.011608251850444918 0.11100954329250035 -0.096579328594221317 -0.097924768632011758 -0.02250085666514183 0.086090497113764292 0.17715879295553483 0.17146563766524198 -0.025784630714641779 0.046559627402955328 -0.011529685296577927 -0.053490735404193406 -0.024285349164468548 -0.043456322583124825 -0.198664708790325 -0.018875349030726487 0.013974084710223886 0.011925952144824531 -0.10578410519581093 -0.0032190695412448382 0.077305718488765496 0.030720337835902518 0.17401563715189697 -0.036339107926549589 0.025204468465686192 -0.068888279259093674
leaf_weight=24 89 4819 22 2478 553 27 44 28 211 36 21 20 68 166 233 20 48 95 21 225 1424 1709 38 2542 33 22 30 29 62 67
leaf_count=24 89 4819 22 2478 553 27 44 28 211 36 21 20 68 166 233 20 48 95 21 225 1424 1709 38 2542 33 22 30 29 62 67
internal_value=0.000706723 -0.0024067 0.00407006 -0.00109855 0.0243394 0.020318 -0.0063928 -0.00487288 -0.035283 0.0161606 0.00439257 0.00567371 0.0380231 0.0612258 -0.0160278 -0.0282419 -0.071994 0.0043635 -0.127848 0.00509611 0.00159873 0.0139844 -0.0314325 0.00367354 -0.0021871 0.0977419 0.0130353 0.0706209 0.0108476 -0.0236654
internal_weight=15204 8242 3140 2502 638 616 5102 4847 255 589 6962 6551 255 187 411 322 89 6296 41 6201 4450 1751 263 4187 2575 42 1612 59 1553 129
internal_count=15204 8242 3140 2502 638 616 5102 4847 255 589 6962 6551 255 187 411 322 89 6296 41 6201 4450 1751 263 4187 2575 42 1612 59 1553 129
is_linear=0
shrinkage=0.05


Tree=94
num_leaves=31
num_cat=0
split_feature=4 14 1 18 14 16 18 18 8 15 11 15 18 16 14 17 17 5 15 3 17 1 7 8 13 19 0 5 9 3
split_gain=68.9945 65.2343 76.4031 98.1917 160.786 151.888 129.788 130.597 118.054 107.873 90.9177 87.3366 150.322 147.31 233.406 152.565 185.039 148.314 179.936 146.466 111.893 111.158 109.697 91.5013 87.0912 85.1237 82.9739 127.485 85.9759 80.2347
threshold=3205916.1500000004 102.59500000000001 3.5000000000000004 -2.9749999999999992 21.920000000000005 24.9175 5.080000000000001 6.2075000000000005 -1.2027440000000007 28.700000000000003 -37.304999999999993 38.345000000000006 2.4125000000000001 55.095000000000006 51.45000000000001 31.732500000000005 19.510000000000002 7.2750000000000012 22.632500000000004 27.671173500000005 21.577500000000004 2.5000000000000004 1490663.4000000001 -2.6524049999999986 8.5250000000000004 3.255000000000003 30.500000000000004 6.8850000000000007 -330984.49999999971 9.8107452500000019
decision_type=2 2 2 2 2 2 2 2 2 2 2 2 2 2 2 2 2 2 2 2 2 2 2 2 2 2 2 2 2 2
left_child=1 2 3 5 -5 8 11 9 -1 -8 -9 13 22 14 15 16 25 -18 23 20 -20 -15 -13 -19 -4 -6 28 -28 -14 -22
right_child=-2 -3 24 4 6 -7 7 10 -10 -11 -12 12 26 21 -16 -17 17 18 19 -21 29 -23 -24 -25 -26 -27 27 -29 -30 -31
leaf_value=0.16023417087537384 -0.031386826568176547 -0.031456651022426445 -0.0064741856558104063 -0.028183729832263117 0.039048603285670364 -0.0090137448179392586 0.017883923198927707 0.077263351557094878 0.026936457747336936 -0.053471676750986845 0.0019357994467220153 -0.030489254171688525 -0.075868508821496594 0.033145040429827542 -0.035481265127902166 0.035719227142949887 -0.028445698429958602 0.039483647534219679 0.15370933013722865 -0.08580073709599674 0.068847719432154966 0.10021546574978112 0.027480796545457382 -0.016246367018777862 0.006416647623145858 -0.016967132634841595 0.1629582041501999 0.031666941227207722 0.022619307690300048 0.019620278595861421
leaf_weight=20 166 153 4557 303 569 1814 73 41 98 193 1742 379 26 297 222 835 345 86 21 24 121 78 104 513 1839 77 25 71 150 262
leaf_count=20 166 153 4557 303 569 1814 73 41 98 193 1742 379 26 297 222 835 345 86 21 24 121 78 104 513 1839 77 25 71 150 262
internal_value=0.000671387 0.00102527 0.00135914 0.00446855 0.00738752 -0.00543814 0.00911091 -0.00120769 0.0495293 -0.0338891 0.00366795 0.0141389 -0.00126464 0.0175099 0.0139018 0.0177445 0.0103069 -8.22108e-05 0.00944593 0.0342051 0.0413341 0.0470957 -0.0180071 -0.00824506 -0.00276777 0.0323718 0.0284655 0.0658574 0.00806997 0.0351726
internal_weight=15204 15038 14885 8489 6557 1932 6254 2049 118 266 1783 4205 755 3450 3075 2853 2018 1372 1027 428 404 375 483 599 6396 646 272 96 176 383
internal_count=15204 15038 14885 8489 6557 1932 6254 2049 118 266 1783 4205 755 3450 3075 2853 2018 1372 1027 428 404 375 483 599 6396 646 272 96 176 383
is_linear=0
shrinkage=0.05


Tree=95
num_leaves=31
num_cat=0
split_feature=13 11 15 4 13 16 13 11 14 18 14 15 19 19 16 6 4 18 14 16 16 5 12 12 15 1 18 5 18 4
split_gain=92.3759 81.8218 71.6172 66.0635 61.3426 171.773 153.747 107.056 106.091 164.696 103.489 99.564 122.874 163.355 119.171 198.16 275.761 144.119 119.234 160.328 260.766 131.18 113.652 108.025 110.16 108.17 105.573 103.88 99.1197 119.765
threshold=12.055000000000001 13.820000000000002 40.582500000000003 3000271.9000000004 1.0000000180025095e-35 92.095000000000013 6.5850000000000009 -12.844999999999997 34.455000000000005 3.154999999999998 35.620000000000012 35.26250000000001 2.3875000000000051 3.255000000000003 36.995000000000005 8.1694795000000013 518945.61000000004 -0.74749999999999861 33.535000000000011 45.340000000000011 47.715000000000011 13.145000000000001 0.015000000000000001 0.025000000000000005 54.047500000000007 1.0000000180025095e-35 3.3474999999999988 7.205000000000001 -0.59000000000000152 1434972.1500000001
decision_type=2 2 2 2 2 2 2 2 2 2 2 2 2 2 2 2 2 2 2 2 2 2 2 2 2 2 2 2 2 2
left_child=3 -2 -3 4 11 6 7 -6 9 -9 -10 12 14 -14 17 16 -16 -1 -17 21 -21 22 -20 -13 -25 -26 -22 -18 29 -19
right_child=1 2 -4 -5 5 -7 -8 8 10 -11 -12 23 13 -15 15 18 27 28 19 20 26 -23 -24 24 25 -27 -28 -29 -30 -31
leaf_value=0.012952262981422148 0.028904224474763075 -0.10094754608968895 0.017759436575902832 -0.023085673403310178 0.018385908427825642 0.061366502200008222 -0.0014609146444636055 -0.019033338765968272 -0.14195119629685696 0.11061709788110521 -0.039595096393162291 0.027233171987533573 0.053995177310853439 0.0036020956220577508 0.073017837625617796 -0.036502344675337604 -0.10295198349016053 -0.029184158589510668 0.13226345475349163 -0.038863248761394062 0.015773765125557754 -0.03419858330661165 0.027980203354654988 -0.0088392761381477954 -0.042997634157261537 0.053736327412171353 -0.046663487248428885 0.037713230897982918 -0.008388421293917479 -0.16733970329875039
leaf_weight=941 427 24 27 319 126 95 3230 264 26 27 492 250 294 355 240 152 35 62 27 350 933 84 808 3273 37 132 73 21 2021 21
leaf_count=941 427 24 27 319 126 95 3230 264 26 27 492 250 294 355 240 152 35 62 27 350 933 84 808 3273 37 132 73 21 2021 21
internal_value=0.000123725 0.021755 -0.0381027 -0.000580232 -8.05985e-05 -0.00511314 -0.00662948 -0.0244845 -0.0311615 -0.00700392 -0.0447327 0.00204015 0.00580399 0.0264304 0.00348317 0.0110831 0.0497059 -0.00331313 0.00637265 0.00923727 -0.00169001 0.0253606 0.0313522 -0.00450173 -0.0068067 0.0325579 0.011243 -0.0502025 -0.0105877 -0.0641392
internal_weight=15166 478 51 14688 14369 4260 4165 935 809 291 518 10109 6417 649 5768 2723 296 3045 2427 2275 1356 919 835 3692 3442 169 1006 56 2104 83
internal_count=15166 478 51 14688 14369 4260 4165 935 809 291 518 10109 6417 649 5768 2723 296 3045 2427 2275 1356 919 835 3692 3442 169 1006 56 2104 83
is_linear=0
shrinkage=0.05


Tree=96
num_leaves=31
num_cat=0
split_feature=13 11 15 14 16 17 1 3 18 15 18 5 6 19 19 19 19 16 0 15 16 3 7 8 14 18 18 5 7 18
split_gain=83.3692 73.8442 64.6345 64.1605 72.5402 102.437 235.97 120.286 88.9098 120.289 113.644 137.466 130.465 97.7287 274.652 239.357 153.22 124.935 114.098 95.436 98.5177 143.651 127.794 174.863 127.414 120.759 99.2326 93.8144 93.5685 91.2468
threshold=12.055000000000001 13.820000000000002 40.582500000000003 19.437500000000004 23.960000000000004 19.182500000000005 3.5000000000000004 25.511505000000003 -3.6599999999999997 64.935000000000016 0.56500000000000317 11.425000000000002 29.907959000000002 2.8074999999999997 -0.78500000000000181 3.1074999999999986 -2.6250000000000004 43.537500000000009 33.500000000000007 38.20000000000001 30.642500000000002 22.255066000000003 1490663.4000000001 0.15004000000000065 36.380000000000003 -0.30249999999999838 -1.8950000000000029 0.025000000000000005 232121.21000000002 1.0000000180025095e-35
decision_type=2 2 2 2 2 2 2 2 2 2 2 2 2 2 2 2 2 2 2 2 2 2 2 2 2 2 2 2 2 2
left_child=3 -2 -3 -1 -5 6 7 -6 9 -7 11 19 13 14 16 18 -12 27 -15 20 21 -10 -22 24 -24 -25 -26 -18 -11 -27
right_child=1 2 -4 4 5 8 -8 -9 10 28 12 -13 -14 15 -16 -17 17 -19 -20 -21 22 -23 23 25 26 29 -28 -29 -30 -31
leaf_value=0.022941143521712278 0.027459013105241421 -0.095900169759988788 0.01687146329430915 -0.013062030680366266 -0.0014018013554492168 -0.0090282982944212171 -0.020666866540081902 0.061506434821269731 0.019681953316764304 0.133662381180777 -0.0043552116810357316 0.033886197895163554 -0.081323881757159086 0.034521376635048458 -0.021507155860041646 0.0013777802055954913 0.094502681081750153 0.041659413160922386 0.11800856000486891 -0.012020198388208855 0.0079868709527753778 -0.036249370246745287 0.18890725118773324 0.038921477347698616 -0.0012509598070755603 -0.098085441445245558 0.081124765041065139 -0.011149516980328556 0.008440805811967168 0.012225021482319446
leaf_weight=285 427 24 27 1150 105 3389 223 275 213 26 1274 479 52 139 1701 2032 23 426 58 642 1279 249 21 108 50 38 136 243 35 37
leaf_count=285 427 24 27 1150 105 3389 223 275 213 26 1274 479 52 139 1701 2032 23 426 58 642 1279 249 21 108 50 38 136 243 35 37
internal_value=0.000117539 0.0206672 -0.0361975 -0.000551221 -0.00101608 2.91845e-05 0.0201631 0.0441239 -0.00093056 -0.00777573 0.00163638 0.0091519 -0.00247265 -0.00177721 -0.00679604 0.00647942 0.00593215 0.0248716 0.0591014 0.00487936 0.00997064 -0.0104629 0.0156269 0.0406822 0.0721617 0.00507431 0.0589808 -0.00201418 0.0618139 -0.0436656
internal_weight=15166 478 51 14688 14403 13253 603 380 12650 3450 9200 3252 5948 5896 3667 2229 1966 692 197 2773 2131 462 1669 390 207 183 186 266 61 75
internal_count=15166 478 51 14688 14403 13253 603 380 12650 3450 9200 3252 5948 5896 3667 2229 1966 692 197 2773 2131 462 1669 390 207 183 186 266 61 75
is_linear=0
shrinkage=0.05


Tree=97
num_leaves=31
num_cat=0
split_feature=13 19 19 11 10 5 9 11 1 0 9 3 3 11 10 6 15 12 8 15 19 11 15 17 4 17 10 15 3 11
split_gain=75.2407 67.5426 171.701 85.7382 60.0219 100.877 86.4737 135.134 79.6395 70.011 74.1806 64.0089 61.521 56.3849 104.007 98.1046 128.406 74.2377 69.0305 81.4216 68.0811 104.648 84.2139 73.6736 132.859 77.765 69.8092 110.191 68.619 76.4262
threshold=12.055000000000001 12.042500000000004 7.3500000000000005 13.820000000000002 18.115000000000006 17.725000000000005 -160684.34999999983 -3.8649999999999998 3.5000000000000004 36.500000000000007 19176.705000000049 29.014572500000003 27.862945500000002 -7.9699999999999944 28.435000000000006 28.404663000000003 23.912500000000005 17.070000000000004 1.2687990000000007 26.810000000000006 -0.78500000000000181 -49.439999999999991 37.767500000000005 51.907500000000006 1353789.7500000002 31.670000000000005 74.360000000000014 42.537500000000009 21.692368000000005 -12.844999999999997
decision_type=2 2 2 2 2 2 2 2 2 2 2 2 2 2 2 2 2 2 2 2 2 2 2 2 2 2 2 2 2 2
left_child=4 2 3 -2 6 13 7 -1 -7 -8 -11 12 -9 14 15 18 -17 -15 -6 -20 21 22 -16 25 -25 -23 -22 -28 -27 -30
right_child=1 -3 -4 -5 5 8 9 11 -10 10 -12 -13 -14 17 20 16 -18 -19 19 -21 26 23 -24 24 -26 28 27 -29 29 -31
leaf_value=0.1239567021784537 0.023959473396727868 -0.022288095425465143 0.12242181350823578 -0.065755197200281876 0.02356673617194454 0.0030319795478135347 0.00031558798620864024 0.022162482925859303 -0.10583088497320813 0.016225960397795572 0.09305494543098447 0.10248143542557955 -0.044501458798966761 -0.0047791643734790895 0.009837107768370993 0.033438181659827634 -0.10538702506427429 0.055167922578178923 0.13424401889719509 0.035817085545171393 -0.0034152413295695395 -0.012869283793920059 0.14694201055293282 -0.045728027107601134 0.048307181999087338 0.013549695932568545 -0.090196845911088452 -0.0097261774251486341 0.09809480782791552 0.00023873804602772
leaf_weight=34 326 80 43 29 316 28 3279 222 42 307 35 21 41 7565 21 36 31 52 34 55 1141 258 24 151 50 666 63 131 53 32
leaf_count=34 326 80 43 29 316 28 3279 222 42 307 35 21 41 7565 21 36 31 52 34 55 1141 258 24 151 50 666 63 131 53 32
internal_value=0.000111662 0.0196338 0.0280604 0.0166307 -0.00052366 -0.00245853 0.00475635 0.0297552 -0.0622857 0.00256092 0.0240886 0.0184775 0.01177 -0.00206637 0.00366391 0.0252502 -0.0307944 -0.00436992 0.0345218 0.0734184 -0.000269969 0.00809092 0.0829597 0.00530654 -0.0223362 0.0108132 -0.00812983 -0.0358584 0.0189491 0.0612549
internal_weight=15166 478 398 355 14688 10749 3939 318 70 3621 342 284 263 10679 3062 472 67 7617 405 89 2590 1255 45 1210 201 1009 1335 194 751 85
internal_count=15166 478 398 355 14688 10749 3939 318 70 3621 342 284 263 10679 3062 472 67 7617 405 89 2590 1255 45 1210 201 1009 1335 194 751 85
is_linear=0
shrinkage=0.05


Tree=98
num_leaves=31
num_cat=0
split_feature=13 11 10 8 3 6 3 4 1 17 15 3 15 18 17 17 16 17 8 17 16 5 15 4 5 7 6 11 18 9
split_gain=67.9048 60.9987 58.3024 70.2585 116.607 74.7837 72.7972 66.5508 65.0408 116.629 112.436 132.182 113.341 152.818 91.9462 206.304 123.229 100.807 161.903 92.6172 166.45 125.79 104.189 101.936 116.01 100.055 89.674 192.605 91.5573 88.1717
threshold=12.055000000000001 13.820000000000002 56.105000000000011 0.32092250000000005 15.913757000000002 27.862945500000002 25.841888000000001 3283394.2000000007 3.5000000000000004 59.530000000000008 42.277500000000011 24.036941500000005 45.402500000000011 -27.632500000000004 19.382500000000004 16.362500000000001 34.455000000000005 29.257500000000004 3.3318024999999998 29.347500000000004 29.002500000000005 14.905000000000003 26.080000000000002 1165702.1500000001 7.2550000000000008 568695.63000000012 27.179703000000003 -5.1749999999999989 19.955000000000005 228.84850000000003
decision_type=2 2 2 2 2 2 2 2 2 2 2 2 2 2 2 2 2 2 2 2 2 2 2 2 2 2 2 2 2 2
left_child=2 -2 7 5 -5 6 -4 8 9 14 -10 12 -12 -14 15 -1 19 18 -18 20 21 -16 -22 -24 -25 -21 28 -28 -19 -30
right_child=1 -3 3 4 -6 -7 -8 -9 10 -11 11 -13 13 -15 16 -17 17 26 -20 25 22 -23 23 24 -26 -27 27 -29 29 -31
leaf_value=-0.0037642359026936012 0.024825026291210982 -0.033030535912542951 -0.00020372205248300767 -0.054908427219662374 -0.0087311248487663192 0.076235782598415694 -0.088685230157958969 -0.048071496813957185 -0.0068062311992201849 -0.07007056589958803 0.03978484959437853 0.081275428357046278 0.13178327339036125 -0.0048027026636197909 -0.0072102754058462051 0.041484805239319258 0.030163010935541197 -0.0016910577001145875 -0.023806388716357541 -0.0056565379377545482 -0.023308306885641401 0.072345002304832901 -0.048779498623782953 -0.056506085917353635 -0.22680743873119355 0.042327412189740059 -0.029380792757155189 0.074356059408708181 0.0077082148387540728 0.063125315551749536
leaf_weight=514 427 51 740 191 481 31 24 70 4485 53 208 63 21 825 795 494 804 3162 168 343 337 53 113 20 20 159 71 121 214 108
leaf_count=514 427 51 740 191 481 31 24 70 4485 53 208 63 21 825 795 494 804 3162 168 343 337 53 113 20 20 159 71 121 214 108
internal_value=0.000106079 0.0186522 -0.000497477 -0.00995438 -0.0218559 0.000105798 -0.00298325 0.00055186 0.000810671 0.00383975 -0.00327118 0.0109228 0.00671771 -0.00141227 0.00436233 0.0184114 0.00217961 0.00651519 0.020835 -0.00877243 -0.0156436 -0.00223807 -0.0388434 -0.0730611 -0.141657 0.00954157 0.00272879 0.035995 0.000895513 0.0262953
internal_weight=15166 478 14688 1467 672 795 764 13221 13151 7549 5602 1117 1054 846 7496 1008 6488 4648 972 1840 1338 848 490 153 40 502 3676 192 3484 322
internal_count=15166 478 14688 1467 672 795 764 13221 13151 7549 5602 1117 1054 846 7496 1008 6488 4648 972 1840 1338 848 490 153 40 502 3676 192 3484 322
is_linear=0
shrinkage=0.05


Tree=99
num_leaves=31
num_cat=0
split_feature=14 16 10 18 14 15 6 8 6 14 17 8 18 16 1 18 15 6 12 7 4 16 11 7 6 19 11 18 17 8
split_gain=70.5965 74.232 75.0436 93.5301 132.599 116.95 145.224 83.9282 78.3687 128.588 123.83 98.9503 75.0553 87.7481 76.3884 68.1514 70.776 76.462 66.4456 87.7222 66.2707 65.5033 65.2983 93.723 79.8799 107.744 167.035 74.287 67.0845 118.231
threshold=19.437500000000004 23.960000000000004 14.465000000000002 -3.6599999999999997 24.560000000000006 49.827500000000008 24.152404500000006 5.2127072500000011 12.351349000000001 65.592500000000015 51.38750000000001 1.0573424999999992 0.72750000000000281 52.527500000000011 3.5000000000000004 0.79749999999999954 33.767500000000005 27.586547500000005 7.9250000000000007 568695.63000000012 845804.60000000021 94.502500000000012 12.790000000000004 544217.19000000006 15.648742500000003 -1.9699999999999986 -8.3349999999999973 -13.524999999999997 38.20000000000001 0.8932955000000008
decision_type=2 2 2 2 2 2 2 2 2 2 2 2 2 2 2 2 2 2 2 2 2 2 2 2 2 2 2 2 2 2
left_child=-1 15 12 5 18 7 8 22 9 -7 11 -10 -3 -14 -15 -2 17 -17 19 -5 -18 -6 24 -24 27 26 28 -4 29 -26
right_child=1 2 3 4 21 6 -8 -9 10 -11 -12 -13 13 14 -16 16 20 -19 -20 -21 -22 -23 23 -25 25 -27 -28 -29 -30 -31
leaf_value=0.023600405982247153 -0.029665944170101755 0.022179770173409923 0.0037089607547550058 0.066015589963644747 0.0018280241963404547 0.020056528235745424 -0.10492182706037295 -0.062261703049858355 0.037199353312070554 0.1270371563153255 0.031697148282162767 -0.081525040369618829 -0.0049800234704099359 0.079601251408457752 -0.020414935092308694 -0.0069210138906253584 -0.014894844858713872 0.034660165541572495 0.099814304663818715 -0.058286733383482149 -0.1089106179516891 -0.034631182003021239 -0.055024669066712752 -0.0084639934539816105 0.018312291838228703 -0.010079037358480099 -0.0021866070243090185 -0.027746217460812257 0.039209746138973017 0.18141369074583055
leaf_weight=313 385 762 267 40 8526 81 23 79 26 43 182 54 755 60 28 591 53 136 49 22 29 125 183 264 20 905 360 632 148 25
leaf_count=313 385 762 267 40 8526 81 23 79 26 43 182 54 755 60 28 591 53 136 49 22 29 125 183 264 20 905 360 632 148 25
internal_value=0.000100775 -0.000394437 0.000650647 -0.000701704 0.00199795 -0.00788712 0.0171337 -0.0114367 0.0244064 0.0571546 0.0089073 -0.0429396 0.0108072 0.00052733 0.0477779 -0.0123499 -0.00410924 0.000857584 0.0562992 0.0219083 -0.0481443 0.00130122 -0.0100048 -0.0275257 -0.00668197 0.000545901 0.0179339 -0.0184041 0.0554644 0.108924
internal_weight=15166 14853 13659 12054 8762 3292 409 2883 386 124 262 80 1605 843 88 1194 809 727 111 62 82 8651 2804 447 2357 1458 553 899 193 45
internal_count=15166 14853 13659 12054 8762 3292 409 2883 386 124 262 80 1605 843 88 1194 809 727 111 62 82 8651 2804 447 2357 1458 553 899 193 45
is_linear=0
shrinkage=0.05


Tree=100
num_leaves=31
num_cat=0
split_feature=14 16 14 5 0 10 11 14 12 9 14 16 16 5 16 3 14 18 18 11 5 6 16 13 9 6 11 6 15 16
split_gain=74.3632 89.9283 84.7025 127.933 67.7582 83.5818 109.495 65.8817 123.312 106.892 84.4614 131.259 156.642 114.935 92.6551 106.314 135.697 126.096 123.892 127.003 116.988 131.971 110.517 109.074 106.358 146.114 106.138 164.208 105.495 138.899
threshold=19.437500000000004 23.960000000000004 21.190000000000001 14.025 13.500000000000002 21.485000000000003 -5.7199999999999989 24.560000000000006 7.705000000000001 -175919.84999999983 36.072500000000012 28.530000000000005 28.362500000000001 18.685000000000006 28.712500000000002 21.061279000000003 38.102500000000006 -27.632500000000004 6.0999999999999988 -6.2599999999999989 7.8150000000000004 19.684967500000003 29.135000000000005 8.9950000000000028 -880333.89999999991 29.907959000000002 -34.569999999999993 11.510757500000002 42.277500000000011 54.352500000000006
decision_type=2 2 2 2 2 2 2 2 2 2 2 2 2 2 2 2 2 2 2 2 2 2 2 2 2 2 2 2 2 2
left_child=4 2 3 -2 -1 6 -6 8 -3 -10 11 12 -9 -13 -12 17 -17 -16 19 -18 26 22 23 -22 -21 28 27 -19 29 -26
right_child=1 7 -4 -5 5 -7 -8 10 9 -11 14 13 -14 -15 15 16 18 20 -20 24 21 -23 -24 -25 25 -27 -28 -29 -30 -31
leaf_value=-0.012354543187378095 -0.023845117815459768 0.005673745469329119 -0.0093758216462366609 -0.14307100442548593 0.16952909111976625 -0.0014999660926268382 0.043663015100356986 0.0019952151032531919 0.15860717321435613 0.038798331828361537 -0.028989486594218763 -0.014589585430421978 0.074068460070792541 0.087302756881607435 0.034017215918266404 0.059313992745985561 -0.0037769599385121576 0.14662677049636841 -0.007241303674468221 0.13971159796823154 0.0160542877735915 -0.030114498619113018 0.0061543337037403721 0.16798983817653998 0.039696064775821452 -0.09877587887035176 -0.010989275430199102 0.0096091827674867295 0.078882502149609693 -0.012044771169689862
leaf_weight=94 90 429 1082 30 20 85 127 1088 24 83 232 2394 81 28 266 148 387 24 688 22 27 254 3608 21 434 22 2896 246 103 185
leaf_count=94 90 429 1082 30 20 85 127 1088 24 83 232 2394 81 28 266 148 387 24 688 22 27 254 3608 21 434 22 2896 246 103 185
internal_value=-0.000166224 -0.000683358 -0.013796 -0.0536516 0.0234569 0.0379668 0.0607877 0.000467952 0.0176509 0.0656713 -0.000232219 -0.00677044 0.00698917 -0.0134116 0.00222295 0.00299899 0.0132529 0.000221131 0.00955002 0.0195695 -0.00104933 0.00473581 0.00715703 0.0825261 0.0313646 0.0281608 -0.00819395 0.0217885 0.0320287 0.0242323
internal_weight=15218 14892 1202 120 326 232 147 13690 536 107 13154 3591 1169 2422 9563 9331 1989 7342 1841 1153 7076 3910 3656 48 766 744 3166 270 722 619
internal_count=15218 14892 1202 120 326 232 147 13690 536 107 13154 3591 1169 2422 9563 9331 1989 7342 1841 1153 7076 3910 3656 48 766 744 3166 270 722 619
is_linear=0
shrinkage=0.05


Tree=101
num_leaves=31
num_cat=0
split_feature=14 16 14 5 10 11 16 18 18 12 18 15 18 18 16 16 4 14 4 0 11 3 18 6 11 18 13 18 14 0
split_gain=67.1128 81.1603 76.8956 102.044 63.5468 95.7343 74.7024 70.6106 115.165 185.895 141.698 107.484 106.571 131.472 113.201 125.309 102.885 168.147 129.461 158.003 96.1207 102.238 94.9019 90.1288 88.5018 87.2465 168.926 107.103 89.0979 166.83
threshold=19.437500000000004 23.960000000000004 21.487500000000004 12.955000000000002 51.510000000000012 -24.750000000000004 107.48750000000001 -3.0624999999999996 0.077500000000002359 11.975000000000003 -0.092500000000002899 64.935000000000016 2.4125000000000001 4.3225000000000025 55.895000000000003 44.732500000000009 268251.48500000004 65.725000000000009 2335045.2000000007 28.500000000000004 -7.5049999999999999 25.247040000000002 5.3725000000000014 13.404113500000001 -1.9250000000000005 14.355000000000002 10.695000000000002 19.822500000000002 50.197500000000012 25.500000000000004
decision_type=2 2 2 2 2 2 2 2 2 2 2 2 2 2 2 2 2 2 2 2 2 2 2 2 2 2 2 2 2 2
left_child=-1 2 3 -2 7 -6 -7 11 9 -9 -11 -3 24 20 15 22 -17 18 19 -18 -14 -22 23 -15 -10 26 28 -27 -24 -30
right_child=1 4 -4 -5 5 6 -8 8 12 10 -12 -13 13 14 -16 16 17 -19 -20 -21 21 -23 25 -25 -26 27 -28 -29 29 -31
leaf_value=0.022284087762408006 -0.017319255702787164 -0.0050738446625058168 -0.0074223582570906738 -0.094031009314552189 0.0082166439787975491 -0.018352950387464897 0.067337302777629643 0.0067255796567805533 0.0048467337712717502 0.027198133699528948 0.094376849703490751 0.09697544616288864 0.05773522905295804 -0.0014806612267916949 0.025146517983067253 -0.0080607951067739499 -0.14841481917796448 0.014823180997175063 0.015622397614342552 -0.04044178978647324 0.0082058047709241983 0.064198294751714555 0.0061475764514310636 -0.057958499177445867 -0.018354375064211875 -0.03027687296916215 0.088388491131655589 0.0071774571826540047 -0.01506352533896764 0.15033477597659636
leaf_weight=326 139 3399 1000 63 584 1168 26 2113 647 365 100 26 147 176 382 426 72 72 31 64 783 91 748 118 1127 278 77 609 30 31
leaf_count=326 139 3399 1000 63 584 1168 26 2113 647 365 100 26 147 176 382 426 72 72 31 64 783 91 748 118 1127 278 77 609 30 31
internal_value=-0.000157913 -0.00064919 -0.0131062 -0.0412442 0.000444555 -0.00837287 -0.016487 0.00176065 0.00420614 0.0130241 0.0416452 -0.00429916 0.00035901 0.00475718 -0.000347891 -0.00391263 -0.0227917 -0.0490484 -0.0765859 -0.097604 0.0203274 0.0140357 0.00216119 -0.0241486 -0.00989264 0.0065239 0.0176216 -0.00456133 0.0108861 0.0689913
internal_weight=15218 14892 1202 202 13690 1778 1194 11912 8487 2578 465 3425 5909 4135 3114 2732 665 239 167 136 1021 874 2067 294 1774 1773 886 887 809 61
internal_count=15218 14892 1202 202 13690 1778 1194 11912 8487 2578 465 3425 5909 4135 3114 2732 665 239 167 136 1021 874 2067 294 1774 1773 886 887 809 61
is_linear=0
shrinkage=0.05


Tree=102
num_leaves=31
num_cat=0
split_feature=14 16 14 5 10 5 11 16 18 17 19 6 14 0 17 14 19 19 18 6 16 17 17 11 16 14 11 19 14 3
split_gain=60.5693 73.2472 71.2949 108.108 61.9074 66.1485 97.1275 65.1377 61.2105 112.931 165.821 216.071 107.272 73.4753 88.0801 106.052 78.1489 110.25 134.677 105.265 139.095 95.9391 92.0045 115.999 103.339 110.496 121.06 132.649 91.636 83.3245
threshold=19.437500000000004 23.960000000000004 21.190000000000001 14.025 12.135000000000003 15.675000000000002 1.5100000000000009 33.225000000000001 -3.0624999999999996 50.475000000000009 -3.7425000000000028 12.161697500000001 24.560000000000006 25.500000000000004 48.039999999999999 68.825000000000003 12.270000000000005 2.3875000000000051 0.56500000000000317 9.6891325000000013 49.912500000000001 38.345000000000006 37.035000000000011 -3.550000000000002 55.095000000000006 45.802500000000009 9.9350000000000005 -0.95000000000000095 27.660000000000004 9.3874965000000028
decision_type=2 2 2 2 2 2 2 2 2 2 2 2 2 2 2 2 2 2 2 2 2 2 2 2 2 2 2 2 2 2
left_child=-1 2 3 -2 5 7 -7 -3 9 -6 -11 -12 -10 -14 15 16 17 18 21 20 -20 22 24 -24 25 26 27 -15 -19 -29
right_child=1 4 -4 -5 8 6 -8 -9 12 10 11 -13 13 14 -16 -17 -18 28 19 -21 -22 -23 23 -25 -26 -27 -28 29 -30 -31
leaf_value=0.021169883472147894 -0.021616428368983587 -0.021046648108986793 -0.0083956082684397623 -0.13121590425570806 -0.0096692797073443509 0.14252018585153248 0.027388423801037589 0.020367637147319331 0.05011006224279603 -0.0048347296846801774 0.16768788692425007 0.027802299457921911 -0.0028816776804590702 0.052216057342152594 -0.01381510425048255 0.045157847486291008 -0.01878309685531802 -0.056383369607604386 0.068072010627254209 -0.012307386704928605 -0.040492521360689815 -0.015966969661931611 0.03417333467412622 0.15969953691730132 0.056987895937837499 -0.032641199461760972 0.12887314481971165 0.060476298284317768 0.027342483844514948 -0.0089416845554133179
leaf_weight=326 90 135 1082 30 3117 23 90 320 114 456 32 201 4896 165 493 189 277 34 94 1179 43 196 63 26 139 126 24 49 842 367
leaf_count=326 90 135 1082 30 3117 23 90 320 114 456 32 201 4896 165 493 189 277 34 94 1179 43 196 63 26 139 126 24 49 842 367
internal_value=-0.000150017 -0.00061673 -0.0124509 -0.0490163 0.000422327 0.0165832 0.0508223 0.00807988 -0.000277215 -0.00561994 0.012699 0.0470141 0.00190553 0.00130834 0.00607247 0.00864382 0.00673953 0.0088518 0.00344866 -0.00748694 0.033997 0.0159086 0.0224233 0.0708439 0.01747 0.00995561 0.018827 0.0142812 0.0240929 -0.000765047
internal_weight=15218 14892 1202 120 13690 568 113 455 13122 3806 689 233 9316 9202 4306 3813 3624 3347 2471 1316 137 1155 959 89 870 731 605 581 876 416
internal_count=15218 14892 1202 120 13690 568 113 455 13122 3806 689 233 9316 9202 4306 3813 3624 3347 2471 1316 137 1155 959 89 870 731 605 581 876 416
is_linear=0
shrinkage=0.05


Tree=103
num_leaves=31
num_cat=0
split_feature=11 0 0 15 9 9 19 9 14 1 10 9 10 5 0 3 19 19 3 6 8 15 16 6 15 5 14 15 3 7
split_gain=56.5167 56.2655 58.5535 72.2519 93.6724 84.3032 65.529 62.4 80.1962 83.3917 64.7431 59.2819 77.556 146.176 75.9874 76.0205 71.5494 101.049 64.0912 84.132 83.5934 82.7041 110.211 102.271 82.4756 76.8188 74.6201 83.3228 122.199 82.266
threshold=39.89500000000001 46.500000000000007 36.500000000000007 54.047500000000007 -287332.24999999994 -1006947.9149999999 -18.427499999999998 2814.7052499999936 28.877500000000001 2.5000000000000004 67.160000000000011 -71258.750000000102 22.745000000000001 10.975000000000003 29.500000000000004 16.889877000000002 3.1650000000000031 12.697500000000003 14.133926000000002 13.243820000000001 -2.8138427500000005 35.417500000000011 36.972500000000004 9.7911530000000013 13.947500000000002 11.655000000000003 102.59500000000001 42.277500000000011 21.061279000000003 349843.07000000007
decision_type=2 2 2 2 2 2 2 2 2 2 2 2 2 2 2 2 2 2 2 2 2 2 2 2 2 2 2 2 2 2
left_child=1 2 3 4 6 -5 -1 10 9 -9 -4 12 -6 14 16 -16 -14 -18 19 21 -20 22 24 -24 -13 -26 27 28 -22 -29
right_child=-2 -3 7 5 11 -7 -8 8 -10 -11 -12 18 13 -15 15 -17 17 -19 20 -21 26 -23 23 -25 25 -27 -28 29 -30 -31
leaf_value=-0.044855777377745626 -0.023209013996674355 -0.020682055615763639 0.0038450378806973926 -0.070995094880461698 0.0052808767786585512 0.023388324992925504 0.011161762833756838 0.16502183310687543 0.016370757040072313 0.035632824220440611 0.089946292577819387 0.05372129906542026 -0.00097471726340984911 -0.14588187473515671 -0.086966091151038816 -0.017709083005874642 -0.071192298299249487 0.053720053955912596 -0.039631222918798024 0.018206453831284795 -0.019001977864200395 -0.01381530825253191 0.032389316456460107 -0.0023783391279532029 -0.0037554461662755302 -0.042430613644614396 -0.067346225887972941 -0.00047513408231714252 -0.00070532805558114718 0.036715710638131636
leaf_weight=54 261 314 2877 25 316 441 1572 20 235 33 22 52 396 24 75 84 85 20 177 719 1351 859 503 365 667 159 47 424 2812 229
leaf_count=54 261 314 2877 25 316 441 1572 20 235 33 22 52 396 24 75 84 85 20 177 719 1351 859 503 365 667 159 47 424 2812 229
internal_value=-0.000142517 0.000259994 0.000709069 -0.000958584 -0.00177624 0.0183248 0.0093014 0.00670362 0.0289009 0.0844589 0.00449845 -0.00369981 -0.0152054 -0.0246698 -0.020262 -0.0503775 -0.0107045 -0.0473995 -0.0023242 0.00306528 -0.00587869 -0.0011138 0.0051351 0.0177693 -0.00735517 -0.0112002 -0.00465019 -0.00403833 -0.00664306 0.0125673
internal_weight=15218 14957 14643 11456 10990 466 1626 3187 288 53 2899 9364 1000 684 660 159 501 105 8364 3324 5040 2605 1746 868 878 826 4863 4816 4163 653
internal_count=15218 14957 14643 11456 10990 466 1626 3187 288 53 2899 9364 1000 684 660 159 501 105 8364 3324 5040 2605 1746 868 878 826 4863 4816 4163 653
is_linear=0
shrinkage=0.05


Tree=104
num_leaves=31
num_cat=0
split_feature=10 8 9 11 6 3 16 3 16 9 16 17 8 16 16 16 4 7 11 9 16 11 16 17 6 11 15 3 16 16
split_gain=52.0938 108.585 92.3583 71.4682 102.438 91.6138 99.5008 78.8534 81.0219 67.1307 69.5081 60.0968 118.845 59.7123 125.324 137.144 83.2774 155.025 92.501 79.6394 75.6548 114.034 109.801 116.651 106.491 96.6596 109.428 105.699 108.067 76.5851
threshold=54.600000000000009 -5.7339939999999991 -1970602.3400000001 -32.54999999999999 11.510757500000002 13.552276500000003 60.442500000000003 19.088943500000003 104.90750000000001 -2578.7472000000002 89.277500000000003 39.160000000000004 0.15004000000000065 36.072500000000012 44.732500000000009 46.470000000000006 536711.09500000009 2018146.8500000003 18.294999999999998 1338339.9500000002 48.732500000000009 3.5200000000000018 54.720000000000006 30.345000000000002 7.5291900000000007 43.39500000000001 54.047500000000007 19.247925000000006 56.32 49.912500000000001
decision_type=2 2 2 2 2 2 2 2 2 2 2 2 2 2 2 2 2 2 2 2 2 2 2 2 2 2 2 2 2 2
left_child=2 -2 -1 4 -3 6 -6 8 9 10 -5 12 -9 -4 19 16 -16 18 -18 -15 21 -17 23 24 -22 26 27 28 -24 -25
right_child=1 3 13 7 5 -7 -8 11 -10 -11 -12 -13 -14 14 15 20 17 -19 -20 -21 22 -23 25 29 -26 -27 -28 -29 -30 -31
leaf_value=0.091581912804394969 0.072663531461730602 0.10012966064470155 -0.0034289848771378731 -0.049083917041691294 -0.012422164157032968 -0.0087530455973811611 0.14006688776223555 0.050475044057090239 0.068803411463032593 -0.014923162992006267 0.035800130471873741 0.032914902190448812 -0.046398993557530271 0.014268384034256017 -0.0098729107740775247 0.0058939332038991984 -0.092225771912398127 0.041064193984493617 -0.013014452735770425 -0.040998299820209617 0.11305348918988155 0.068458904490734523 0.066767816722437923 0.0022562712511911267 0.0078447922629759741 -0.046602214294321403 0.035353616231808528 -0.010129034453650123 0.0083807447569003348 -0.024650188067686818
leaf_weight=28 40 28 5358 333 20 309 23 47 23 529 26 122 97 2405 455 243 121 40 53 67 26 104 83 371 321 85 315 871 1754 921
leaf_count=28 40 28 5358 333 20 309 23 47 23 529 26 122 97 2405 455 243 121 40 53 67 26 104 83 371 321 85 315 871 1754 921
internal_value=-0.000135391 -0.0086789 0.000866296 -0.0107686 0.0080843 0.000762511 0.0691417 -0.0168554 -0.0238485 -0.0262483 -0.0429363 0.0070949 -0.0147804 0.000679433 0.00335252 -0.000687238 -0.0219711 -0.047694 -0.0680982 0.0127705 0.002108 0.0246454 0.000460541 -0.0100111 0.0157279 0.00598274 0.00746131 0.00421683 0.0110188 -0.016924
internal_weight=15218 1597 13621 1557 380 352 43 1177 911 888 359 266 144 13593 8235 5763 669 214 174 2472 5094 347 4747 1639 347 3108 3023 2708 1837 1292
internal_count=15218 1597 13621 1557 380 352 43 1177 911 888 359 266 144 13593 8235 5763 669 214 174 2472 5094 347 4747 1639 347 3108 3023 2708 1837 1292
is_linear=0
shrinkage=0.05


Tree=105
num_leaves=31
num_cat=0
split_feature=10 3 1 15 11 4 11 10 0 14 3 7 3 12 6 6 14 12 3 12 6 15 15 8 4 14 8 17 17 6
split_gain=76.8701 98.4018 69.7579 71.7365 94.6696 45.5151 42.4412 86.1111 124.373 109.9 116.052 153.076 86.1074 76.5805 73.1923 65.0768 63.7592 180.348 79.4664 77.6665 138.121 103.769 85.2901 81.8319 72.973 70.4385 59.8857 77.136 63.1161 68.5742
threshold=12.135000000000003 29.132706000000002 1.5000000000000002 43.75500000000001 -0.63999999999999957 3000271.9000000004 -3.4449999999999998 23.405000000000005 12.500000000000002 52.527500000000011 13.652587500000001 1851614.7000000002 8.930221750000003 7.455000000000001 6.7271270000000003 17.206894000000002 45.577500000000008 10.105000000000002 5.8918304500000014 6.2300000000000013 15.648742500000003 34.582500000000003 34.047500000000007 2.5580445000000007 1300504.2500000002 50.197500000000012 0.6247714999999997 40.012500000000003 51.710000000000008 12.161697500000001
decision_type=2 2 2 2 2 2 2 2 2 2 2 2 2 2 2 2 2 2 2 2 2 2 2 2 2 2 2 2 2 2
left_child=1 2 -1 4 -4 6 7 8 -2 16 11 15 13 -10 -15 -11 19 18 -18 20 23 22 24 -9 -22 -19 27 -12 29 -28
right_child=5 -3 3 -5 -6 -7 -8 9 12 10 26 -13 -14 14 -16 -17 17 25 -20 -21 21 -23 -24 -25 -26 -27 28 -29 -30 -31
leaf_value=-0.016610136061021484 -0.0018413841967853521 0.1132100064456463 0.10946845364570619 0.073278930185940769 0.0096889065034867442 -0.019117368203474257 -0.0022920012905470566 -0.025064482853100773 -0.0094126533716917052 0.031384144870078297 0.018842133028242228 0.12653705310076477 0.023572814645859995 0.17080880776047708 0.065867254310460005 -0.056403140675114552 0.044816042168531571 -0.0035291345790028576 -0.036534617136751026 -0.0098710809121909954 -0.0055110475134202523 0.05392331474490844 -0.070672024576924744 0.039447481273673479 0.062245754198339144 0.088017819812422265 0.095587851798960149 -0.016958312520746557 0.053480240177920038 0.0024298639333172069
leaf_weight=162 482 25 25 58 484 328 9200 272 21 257 220 42 426 24 54 23 32 38 485 1160 114 216 32 60 61 47 21 476 97 333
leaf_count=162 482 25 25 58 484 328 9200 272 21 257 220 42 426 24 54 23 32 38 485 1160 114 216 32 60 61 47 21 476 97 333
internal_value=0.000104952 0.0156707 0.0123258 0.0205932 0.0145897 -0.000703298 -0.000277749 0.00343367 0.0164976 0.000133283 0.0110008 0.0375249 0.0333345 0.0753392 0.098157 0.024173 -0.00620935 -0.0204027 -0.0314994 -0.00174751 0.0107337 0.0296801 0.00438274 -0.0134057 0.018107 0.0470909 0.00355465 -0.00564208 0.0177474 0.00795619
internal_weight=15275 754 729 567 509 14521 14193 4993 1007 3986 1469 322 525 99 78 280 2517 602 517 1915 755 423 207 332 175 85 1147 696 451 354
internal_count=15275 754 729 567 509 14521 14193 4993 1007 3986 1469 322 525 99 78 280 2517 602 517 1915 755 423 207 332 175 85 1147 696 451 354
is_linear=0
shrinkage=0.05


Tree=106
num_leaves=31
num_cat=0
split_feature=4 3 14 16 6 9 3 17 15 5 11 12 11 19 19 19 4 14 14 14 11 8 18 12 11 12 5 9 12 11
split_gain=45.98 65.6637 68.9561 61.6547 60.7557 220.093 123.047 96.6314 95.7736 67.1314 52.9994 66.6173 74.8535 50.7729 144.927 108.161 95.8258 87.8439 71.7249 104.903 92.7075 70.072 66.3419 76.5329 73.1005 68.1162 105.026 75.2686 143.271 65.0526
threshold=2665367.0000000005 29.573974500000002 28.362500000000001 25.722500000000004 29.573974500000002 -971548.69999999984 29.014572500000003 38.20000000000001 24.542500000000004 27.005000000000006 -4.915 6.8450000000000006 1.090000000000001 2.3875000000000051 3.1074999999999986 0.41000000000000197 2335045.2000000007 104.90750000000001 64.495000000000005 60.442500000000003 37.570000000000007 5.2127072500000011 6.0999999999999988 8.6250000000000018 11.465000000000002 1.0000000180025095e-35 7.0650000000000004 -1537298.7499999998 0.99500000000000011 -49.439999999999991
decision_type=2 2 2 2 2 2 2 2 2 2 2 2 2 2 2 2 2 2 2 2 2 2 2 2 2 2 2 2 2 2
left_child=4 2 -2 -4 6 -6 9 10 -7 13 -8 -12 -13 15 17 21 22 -15 19 -16 -20 29 25 -24 -25 26 -17 -27 -29 -1
right_child=1 -3 3 -5 5 8 7 -9 -10 -11 11 12 -14 14 18 16 -18 -19 20 -21 -22 -23 23 24 -26 27 -28 28 -30 -31
leaf_value=0.055681194561267536 -0.066012571169666842 0.016061732376942788 -0.097339139594918203 -0.0098569709477583922 0.13105001747608186 -0.012058938991960031 0.012846157624833772 -0.042498028970190456 -0.078581842628904108 0.089839687411274238 0.034970111049840165 0.15324420618879445 0.046699103503488007 0.032917512481544425 0.00023496647069890693 -0.091971294689350405 0.056217798175146952 -0.052308967080898584 0.027022613264755892 -0.04949941214343364 -0.046337192497837049 -0.035317373962516288 -0.011510212177868356 -0.048039010250620781 -0.15275327740237118 -0.083554730435897562 -0.01732296678905498 0.089938269530865936 -0.0048700864480668649 0.0015865257414051752
leaf_weight=56 71 163 21 492 21 138 77 35 89 21 87 34 32 548 2935 52 52 32 419 110 48 128 145 100 20 29 502 41 1418 7359
leaf_count=56 71 163 21 492 21 138 77 35 89 21 87 34 32 548 2935 52 52 32 419 110 48 128 145 100 20 29 502 41 1418 7359
internal_value=9.9704e-05 -0.0119981 -0.0198299 -0.0134381 0.000721748 -0.023814 0.00114786 0.0349011 -0.0381406 0.000509642 0.0466793 0.0637064 0.101586 0.000375589 0.00506058 -0.00156048 -0.0109049 0.0282154 0.00123661 -0.00156168 0.0194824 0.00136189 -0.0124179 -0.0359545 -0.0654914 -0.00936339 -0.0243297 -0.00379126 -0.00220584 0.00199506
internal_weight=15275 747 584 513 14528 248 14280 265 227 14015 230 153 66 13994 4092 9902 2359 580 3512 3045 467 7543 2307 265 120 2042 554 1488 1459 7415
internal_count=15275 747 584 513 14528 248 14280 265 227 14015 230 153 66 13994 4092 9902 2359 580 3512 3045 467 7543 2307 265 120 2042 554 1488 1459 7415
is_linear=0
shrinkage=0.05


Tree=107
num_leaves=31
num_cat=0
split_feature=10 5 9 3 19 11 16 14 11 15 11 12 1 7 3 4 17 17 19 17 5 18 15 10 15 15 16 4 12 1
split_gain=72.3592 70.3626 62.4805 60.7745 104.117 64.0753 75.1871 71.0223 56.9794 53.4663 55.783 50.1435 49.2734 52.4291 60.6069 58.5885 48.6786 169.16 58.6064 56.9598 89.3955 48.6574 47.7543 115.552 76.6633 59.2012 54.598 53.0431 49.0936 54.1875
threshold=18.115000000000006 17.725000000000005 -1219766.9499999997 29.014572500000003 -1.9699999999999986 -0.63999999999999957 36.380000000000003 22.232500000000005 37.570000000000007 14.697500000000002 -1.7299999999999984 18.005000000000006 1.0000000180025095e-35 2036953.3000000003 25.347275000000003 4961.2929500000009 21.442500000000006 21.320000000000004 6.3550000000000031 21.577500000000004 8.5550000000000015 2.5475000000000017 33.840000000000011 10.905000000000003 24.857500000000002 36.805000000000007 36.995000000000005 835586.60000000009 14.995000000000003 3.5000000000000004
decision_type=2 2 2 2 2 2 2 2 2 2 2 2 2 2 2 2 2 2 2 2 2 2 2 2 2 2 2 2 2 2
left_child=2 16 -1 5 -5 7 12 9 22 10 -4 -3 -7 14 -14 -16 17 18 -2 20 -18 -17 24 -24 27 26 -25 -8 29 -26
right_child=1 11 3 4 -6 6 8 -9 -10 -11 -12 -13 13 -15 15 21 19 -19 -20 -21 -22 -23 23 25 28 -27 -28 -29 -30 -31
leaf_value=0.070378025799889027 -0.0015304854985347821 -0.094190810386623663 0.16019372411072255 -0.048551670872959599 0.057016824989113958 -0.024564398423241027 0.011027017911154853 0.011122411088210209 -0.046751047012706604 0.023240581972106378 0.042101649791002276 -0.010705744314032633 -0.008015925226186672 -0.047072585407526249 0.045716460803523665 -0.014362602307334205 -0.0067692406215640009 -0.079905836808881386 -0.029068261210592989 -0.0007360496076625157 0.10002700298921102 0.026627715397445673 0.087251038601001113 0.041572260049482189 0.042271431808971541 0.0052797525719424686 -0.039333568673885468 -0.036088128633136991 0.1056704648193859 0.0079768706658436671
leaf_weight=37 1181 35 20 29 120 316 245 784 45 49 20 37 839 63 115 165 43 82 231 9439 36 129 36 24 268 426 159 79 21 202
leaf_count=37 1181 35 20 29 120 316 245 784 45 49 20 37 839 63 115 165 43 82 231 9439 36 129 36 24 268 426 159 79 21 202
internal_value=9.47188e-05 -0.00202138 0.00569121 0.00511504 0.0364699 0.00394852 0.000609571 0.0159275 0.0086644 0.058255 0.101148 -0.0512888 -0.00684127 -0.00256933 -0.000322774 0.0154585 -0.00169926 -0.0100901 -0.0060356 -0.000382189 0.0418974 0.00362295 0.0103724 0.000207611 0.0184169 -0.00493781 -0.028723 -0.000460934 0.030874 0.0275321
internal_weight=15275 11084 4191 4154 149 4005 3132 873 1505 89 40 72 1627 1311 1248 409 11012 1494 1412 9518 79 294 1460 645 815 609 183 324 491 470
internal_count=15275 11084 4191 4154 149 4005 3132 873 1505 89 40 72 1627 1311 1248 409 11012 1494 1412 9518 79 294 1460 645 815 609 183 324 491 470
is_linear=0
shrinkage=0.05


Tree=108
num_leaves=31
num_cat=0
split_feature=10 0 11 17 14 13 3 1 5 14 3 4 7 5 16 5 3 17 3 11 19 13 5 1 5 17 17 0 3 6
split_gain=65.3041 73.5946 80.0336 75.0868 73.0469 70.7561 68.9869 71.4273 63.5022 62.3967 66.0506 57.0611 121.141 54.4472 50.5918 54.0654 58.5099 53.6429 67.635 49.6007 46.5907 59.6354 45.3044 44.8563 44.3142 43.9324 152.667 66.6157 86.2194 72.3115
threshold=18.115000000000006 8.5000000000000018 -0.63999999999999957 36.402500000000011 20.695000000000004 8.9450000000000021 25.347275000000003 1.0000000180025095e-35 17.725000000000005 60.712500000000006 29.132706000000002 402971.80000000005 143708.45000000004 7.0650000000000004 37.380000000000003 7.7950000000000008 11.357757500000002 22.655000000000005 9.8107452500000019 15.295 0.30250000000000027 8.1450000000000014 19.005000000000006 2.5000000000000004 7.2550000000000008 21.442500000000006 21.320000000000004 19.500000000000004 5.5449677000000008 28.543396000000005
decision_type=2 2 2 2 2 2 2 2 2 2 2 2 2 2 2 2 2 2 2 2 2 2 2 2 2 2 2 2 2 2
left_child=1 5 4 9 -3 6 19 -8 25 10 11 14 -13 -5 15 16 -4 18 -16 -1 -15 -22 -6 -19 -12 26 -2 -27 -29 -30
right_child=8 2 3 13 22 -7 7 -9 -10 -11 24 12 -14 20 17 -17 -18 23 -20 -21 21 -23 -24 -25 -26 27 -28 28 29 -31
leaf_value=-0.011951654693490762 -0.005733823067818309 0.082631628552697747 0.11284655789379031 0.083101422986701923 0.017719190172798202 0.022650606323546475 -0.03207676579643573 0.045180149341467774 -0.04872432476323512 0.057471936519675873 -0.018491604314609011 -0.10269294034157482 -0.0075483574813603807 0.033596622428417003 0.12709930955121915 -0.0061180168000042195 0.010738928643788429 0.04221928594900029 0.029652651054852142 -0.079460168762930813 -0.032600797031930577 0.042572415874498649 0.088071253554274642 -0.00651872546090905 0.063606485128402709 -0.0062796361604607739 -0.075910544804320107 0.037000975386886785 0.0030533507113921303 -0.018654875319287941
leaf_weight=963 1412 53 20 38 492 207 42 104 72 49 22 35 758 216 24 605 47 70 69 28 74 41 24 145 65 3172 82 177 5758 411
leaf_count=963 1412 53 20 38 492 207 42 104 72 49 22 35 758 216 24 605 47 70 69 28 74 41 24 145 65 3172 82 177 5758 411
internal_value=8.99829e-05 0.00540665 0.00995904 0.00576926 0.0267329 -0.00423671 -0.00913177 0.0229556 -0.00192031 0.00177823 0.000311027 -0.00177614 -0.0117477 0.0264166 0.00629267 -0.00139842 0.0412188 0.0230732 0.0548002 -0.0138591 0.019909 -0.00579991 0.0209914 0.00934946 0.042846 -0.00161429 -0.00958556 -0.00036308 0.00259427 0.00160707
internal_weight=15275 4191 2847 2278 569 1344 1137 146 11084 1909 1860 1773 793 369 980 672 67 308 93 991 331 115 516 215 87 11012 1494 9518 6346 6169
internal_count=15275 4191 2847 2278 569 1344 1137 146 11084 1909 1860 1773 793 369 980 672 67 308 93 991 331 115 516 215 87 11012 1494 9518 6346 6169
is_linear=0
shrinkage=0.05


Tree=109
num_leaves=31
num_cat=0
split_feature=10 3 1 3 17 0 11 16 0 0 16 17 14 17 12 4 7 10 16 16 6 1 15 17 14 14 1 14 11 6
split_gain=63.4354 74.6197 55.4075 56.6894 63.4572 64.0637 50.308 62.0577 39.3287 52.873 72.4423 77.8246 65.7855 48.8876 58.9055 40.4686 56.3897 39.4055 47.7094 85.7205 90.4543 66.6129 68.2457 66.0385 82.0894 55.3312 55.1291 54.3079 60.373 53.2603
threshold=12.135000000000003 29.132706000000002 1.5000000000000002 11.267150750000001 45.037500000000001 35.500000000000007 -0.54999999999999971 37.380000000000003 46.500000000000007 36.500000000000007 18.892500000000002 21.442500000000006 96.915000000000006 21.827500000000004 9.3250000000000011 249276.76500000004 58850.261500000008 65.52500000000002 45.140000000000008 40.540000000000006 25.122756500000005 1.5000000000000002 50.260000000000012 37.940000000000005 49.025000000000006 26.975000000000001 5.5000000000000009 64.495000000000005 19.695000000000004 12.457489000000001
decision_type=2 2 2 2 2 2 2 2 2 2 2 2 2 2 2 2 2 2 2 2 2 2 2 2 2 2 2 2 2 2
left_child=1 2 -1 6 5 -5 -4 -8 9 -2 -11 15 13 14 -13 16 -12 18 19 20 25 22 -20 24 -21 -15 -25 -23 -29 -27
right_child=8 -3 3 4 -6 -7 7 -9 -10 10 11 12 -14 17 -16 -17 -18 -19 21 23 -22 27 -24 26 -26 29 -28 28 -30 -31
leaf_value=-0.014475492780229055 -0.0018785605389520764 0.099164292275905619 0.11362071122441973 -0.0088739930010969127 0.079617879090281882 0.04691284612515971 -0.0030170366540079232 0.0573815050367266 -0.01841375683495378 0.066452159018566215 -0.013028128125120468 0.11964666961946271 -0.037712116644635037 0.062703427852336638 0.0052063732772417697 0.04621776545213329 -0.096814730994048581 0.069782868597114717 -0.0088546534747285018 0.044591429679201461 -0.021159589317102004 0.00047086190327838903 -0.073408608485013252 -0.0095170140431986919 0.14427903999264044 -0.0089634468009815883 0.067795732124678557 0.019697298154404217 0.10483449285283038 0.022775992972340793
leaf_weight=162 11114 25 21 281 28 63 74 100 305 48 459 22 76 59 23 27 21 26 226 148 211 731 50 90 24 201 31 220 23 386
leaf_count=162 11114 25 21 281 28 63 74 100 305 48 459 22 76 59 23 27 21 26 226 148 211 731 50 90 24 201 31 220 23 386
internal_value=8.54837e-05 0.0142258 0.0113129 0.018681 0.00723446 0.00134278 0.0405176 0.0316948 -0.000648747 -0.000267604 0.00550421 0.00454629 0.00810738 0.00951664 0.061155 -0.0133435 -0.0166938 0.0085588 0.00789554 0.0152453 0.00726337 0.00113377 -0.0205492 0.0385917 0.0585013 0.016547 0.0102904 0.00727803 0.0277556 0.0119078
internal_weight=15275 754 729 567 372 344 195 174 14521 14216 3102 3054 2547 2471 45 507 480 2426 2400 1150 857 1250 276 293 172 646 121 974 243 587
internal_count=15275 754 729 567 372 344 195 174 14521 14216 3102 3054 2547 2471 45 507 480 2426 2400 1150 857 1250 276 293 172 646 121 974 243 587
is_linear=0
shrinkage=0.05


Tree=110
num_leaves=31
num_cat=0
split_feature=10 0 17 1 11 15 11 8 18 18 10 3 6 18 0 18 5 6 19 19 6 19 3 5 11 11 14 0 18 3
split_gain=50.0378 68.7243 86.9935 81.4422 65.0378 105.683 62.9023 79.1335 107.512 165.446 120.322 78.4059 154.327 72.932 72.0801 78.7438 79.4467 71.7941 69.2073 64.0786 61.0859 72.2324 62.8689 77.2773 59.8514 59.5034 58.9517 58.7263 57.6758 81.3136
threshold=20.685000000000006 9.5000000000000018 12.770000000000001 1.0000000180025095e-35 -2.7399999999999962 14.697500000000002 -7.5049999999999999 0.6247714999999997 -6.7599999999999936 -9.7224999999999984 61.560000000000009 18.811752000000002 20.800705000000004 2.4125000000000001 30.500000000000004 6.7174999999999985 9.2750000000000004 6.5757752000000007 -6.5249999999999941 8.7750000000000039 26.305374000000004 2.3875000000000051 8.643631000000001 10.765000000000002 15.295 -17.734999999999996 40.540000000000006 30.500000000000004 11.6775 13.552276500000003
decision_type=2 2 2 2 2 2 2 2 2 2 2 2 2 2 2 2 2 2 2 2 2 2 2 2 2 2 2 2 2 2
left_child=1 3 -3 -1 5 -4 7 17 9 27 13 -11 -13 18 -15 16 -16 -2 -10 28 21 24 23 -23 -5 -21 -7 -9 -19 -30
right_child=6 2 4 20 -6 26 -8 8 10 11 -12 12 -14 14 15 -17 -18 19 -20 25 -22 22 -24 -25 -26 -27 -28 -29 29 -31
leaf_value=-0.026915086516091837 0.048096077045614742 -0.047945787481612705 0.11295784845045119 -0.0077474729011536569 0.0063087171602954142 0.0059799208224018798 -0.0050900117410714527 -0.022543186569787765 -0.069284000764450723 0.15557058278936894 -0.029607296796166339 0.0047327519232488197 0.15049920509258907 0.016239814377123758 0.14630917154252529 0.01344489602808608 0.032686615382321177 -0.0055682137825032244 0.00862612990599315 0.0059545974242168342 0.033671422718479047 0.016892969934269787 0.005283286444229502 0.11528972627655153 -0.081862636757016716 -0.077441685240377089 0.04655314946601935 0.057662513603766764 0.058329526485686893 0.0015385072733301464
leaf_weight=320 69 69 33 1003 3266 262 6305 74 31 32 180 46 30 175 40 40 25 1640 354 35 129 56 423 31 28 55 136 33 89 216
leaf_count=320 69 69 33 1003 3266 262 6305 74 31 32 180 46 30 175 40 40 25 1640 354 35 129 56 423 31 28 55 136 33 89 216
internal_value=3.17082e-05 0.00370819 0.00767966 -0.00380767 0.00871784 0.0269735 -0.00220314 0.00354961 0.01469 0.0462586 0.00665778 0.0899161 0.0622721 0.0164739 0.0358903 0.0686412 0.102608 -0.00206296 0.00235285 -0.00376369 0.000620097 -0.00214669 0.0132447 0.0519539 -0.0097603 -0.0450098 0.0198441 0.00219315 -0.00185513 0.0181103
internal_weight=15225 5756 3766 1990 3697 431 9469 3164 1060 215 845 108 76 665 280 105 65 2104 385 2035 1670 1541 510 87 1031 90 398 107 1945 305
internal_count=15225 5756 3766 1990 3697 431 9469 3164 1060 215 845 108 76 665 280 105 65 2104 385 2035 1670 1541 510 87 1031 90 398 107 1945 305
is_linear=0
shrinkage=0.05


Tree=111
num_leaves=31
num_cat=0
split_feature=10 0 13 6 17 3 14 18 14 18 19 15 6 8 14 5 1 4 13 14 5 9 18 6 14 15 6 3 1 14
split_gain=45.1591 62.0237 117.237 79.3802 78.5117 74.3841 58.7154 140.687 97.473 95.6605 74.8209 64.1487 96.7118 61.0624 59.1416 57.9317 63.0444 55.2641 55.6417 49.9633 49.5167 71.5849 47.7647 47.4704 83.741 119.537 136.287 109.441 103.16 99.7251
threshold=20.685000000000006 9.5000000000000018 8.9450000000000021 26.459640500000003 12.770000000000001 8.8034360000000031 40.540000000000006 14.355000000000002 38.95000000000001 10.832499999999998 0.34499999999999892 13.947500000000002 7.8842163500000009 -0.32753010000000055 45.890000000000008 17.495000000000001 3.5000000000000004 2474999.0000000005 7.9250000000000007 28.877500000000001 6.5950000000000006 -209987.90500000006 16.235000000000003 15.757431500000001 35.917500000000011 25.970000000000002 28.656677500000004 15.323959500000003 1.5000000000000002 38.95000000000001
decision_type=2 2 2 2 2 2 2 2 2 2 2 2 2 2 2 2 2 2 2 2 2 2 2 2 2 2 2 2 2 2
left_child=1 2 3 -1 -3 19 8 9 11 10 14 12 -6 -11 20 23 -17 18 -12 -4 -8 -22 -9 -2 25 28 27 -27 -25 -26
right_child=15 4 5 -5 6 -7 7 22 -10 13 17 -13 -14 -15 -16 16 -18 -19 -20 -21 21 -23 -24 24 29 26 -28 -29 -30 -31
leaf_value=-0.011422201267553439 -0.0060586300933390957 -0.045548497317223879 0.030642081729390404 0.032681588746538946 0.13541815436404686 0.01230865144922561 0.12891031500129474 -0.06016498474319551 -0.040372458811228473 0.13732358987132709 -0.0083153759182640653 0.0041099721633493409 0.017445688398266344 0.038030943350167948 0.021445242140242564 0.017556873001158237 -0.093725275908197681 0.066963783885751457 0.037077340193439362 0.1190411456409962 -0.036695758659731258 0.059684968978286748 -0.0042188077348930186 0.018755336572311137 0.029458196582640279 0.080451267269941479 -0.10931131327929705 -0.024764391446998345 -0.01261086872170015 0.0025079650943673035
leaf_weight=1594 3854 69 33 109 23 223 21 44 120 30 314 2142 71 32 315 20 35 35 86 31 22 155 287 479 380 26 46 500 579 3550
leaf_count=1594 3854 69 33 109 23 223 21 44 120 30 314 2142 71 32 315 20 35 35 86 31 22 155 287 479 380 26 46 500 579 3550
internal_value=3.01228e-05 0.00352278 -0.00361729 -0.00859935 0.00729567 0.0259453 0.00828195 0.016634 0.00352807 0.0259052 0.02197 0.00588409 0.0463113 0.0860758 0.0349049 -0.00209299 -0.053259 0.00671576 0.00144406 0.0734604 0.0563181 0.0477054 -0.0116558 -0.00179406 0.001162 -0.00836606 -0.0267811 -0.0195636 0.0015899 0.00511384
internal_weight=15225 5756 1990 1703 3766 287 3697 1341 2356 1010 948 2236 94 62 513 9469 55 435 400 64 198 177 331 9414 5560 1630 572 526 1058 3930
internal_count=15225 5756 1990 1703 3766 287 3697 1341 2356 1010 948 2236 94 62 513 9469 55 435 400 64 198 177 331 9414 5560 1630 572 526 1058 3930
is_linear=0
shrinkage=0.05


Tree=112
num_leaves=31
num_cat=0
split_feature=0 0 9 14 8 11 18 10 10 14 11 19 18 5 16 18 11 0 18 8 17 14 14 16 6 16 17 4 9 3
split_gain=42.0508 50.0006 77.3764 158.716 60.2327 78.8908 80.9915 64.1038 87.2557 81.1991 66.2894 62.0199 60.1247 63.9488 60.4974 56.6358 53.1044 53.0426 52.1472 48.6653 46.4213 46.0562 56.3641 47.4262 128.162 101.072 78.8427 78.5456 87.5742 77.4242
threshold=46.500000000000007 36.500000000000007 28177.030000000002 36.972500000000004 0.82498200000000044 -8.3349999999999973 2.8225000000000002 65.52500000000002 39.275000000000013 36.072500000000012 13.820000000000002 2.0025000000000017 0.79749999999999954 7.6650000000000009 44.95750000000001 10.465000000000003 -22.809999999999999 43.500000000000007 19.130000000000006 1.2687990000000007 21.717500000000005 114.97000000000001 102.59500000000001 68.907500000000013 11.415710500000001 71.427500000000023 47.727500000000006 2317502.1000000006 -1450586.8499999999 18.238769500000004
decision_type=2 2 2 2 2 2 2 2 2 2 2 2 2 2 2 2 2 2 2 2 2 2 2 2 2 2 2 2 2 2
left_child=1 21 4 19 7 6 -6 8 9 10 -3 12 14 -14 -11 20 -10 -18 -13 -4 -7 22 23 -1 -25 -26 -27 28 -28 -30
right_child=-2 2 3 -5 5 15 -8 -9 16 11 -12 18 13 -15 -16 -17 17 -19 -20 -21 -22 -23 -24 24 25 26 27 -29 29 -31
leaf_value=-0.0019141141942204982 -0.017516935225834088 0.0036120614569398178 0.073329662744488031 0.0081719540004782827 0.0063217687328726473 -0.036223943692659293 0.10430698566138746 0.09196720507157885 0.047806262550875549 0.067016978539703856 -0.079188655704259869 0.057522753936759929 0.066279459945067315 -0.0070764670442264761 0.017971176613238642 -0.045694768498873432 -0.038013433346110348 0.0014504396051052027 -0.00052115292649488069 0.17544856421649457 -0.0011268328112530646 0.058821970224380495 -0.039200266432461148 0.10206918680212565 0.039714483660131243 -0.025554159237868908 -0.073722991954397285 -0.059681653928680301 0.0082527293824884839 0.056578831030231605
leaf_weight=10595 334 730 28 119 71 111 30 23 32 84 25 184 33 298 250 105 182 160 49 20 623 32 97 36 181 241 27 39 380 106
leaf_count=10595 334 730 28 119 71 111 30 23 32 84 25 184 33 298 250 105 182 160 49 20 623 32 97 36 181 241 27 39 380 106
internal_value=2.86167e-05 0.000422157 0.00600791 0.0391297 0.00415796 -0.0063221 0.0354263 0.00896345 0.00802162 0.0129561 0.000870316 0.0231173 0.0153393 0.000236964 0.030306 -0.0113478 -0.0137876 -0.0195508 0.0453161 0.115879 -0.00643443 -0.00108067 -0.00124448 -0.000927229 0.00942529 0.00600109 -0.0016939 0.00872335 0.0139237 0.018793
internal_weight=15225 14891 3157 167 2990 940 101 2050 2027 1653 755 898 665 331 334 839 374 342 233 48 734 11734 11702 11605 1010 974 793 552 513 486
internal_count=15225 14891 3157 167 2990 940 101 2050 2027 1653 755 898 665 331 334 839 374 342 233 48 734 11734 11702 11605 1010 974 793 552 513 486
is_linear=0
shrinkage=0.05


Tree=113
num_leaves=31
num_cat=0
split_feature=10 0 13 16 1 4 17 7 11 3 3 11 9 12 17 11 9 18 4 17 11 10 8 4 10 17 18 10 9 17
split_gain=41.2616 55.2008 105.336 72.0025 70.3766 100.47 81.6342 81.3755 69.852 69.4963 67.4055 108.078 62.3949 57.8532 55.7481 54.8045 54.1958 50.7354 51.0061 61.3224 50.427 119.205 82.1037 108.137 67.525 59.4553 68.8312 68.0963 58.9217 126.456
threshold=20.685000000000006 9.5000000000000018 8.9450000000000021 16.755000000000006 3.5000000000000004 1203109.5000000002 36.402500000000011 928451.57500000007 -7.3249999999999993 25.415893500000006 8.8034360000000031 2.4149999999999996 -618841.89999999991 6.5850000000000009 20.725000000000005 6.1700000000000017 1451823.8650000002 1.9974999999999989 1853723.4500000002 21.717500000000005 -14.984999999999999 28.435000000000006 2.3906399999999999 167316.69000000003 59.725000000000001 52.592500000000008 4.3700000000000054 68.250000000000014 660888.34999999998 36.912500000000009
decision_type=2 2 2 2 2 2 2 2 2 2 2 2 2 2 2 2 2 2 2 2 2 2 2 2 2 2 2 2 2 2
left_child=1 2 9 -3 5 8 7 15 -5 -1 11 -4 -10 -8 -11 -7 20 18 19 -9 21 -2 -23 -24 28 -26 27 -27 -22 -30
right_child=16 3 10 4 -6 6 13 17 12 14 -12 -13 -14 -15 -16 -17 -18 -19 -20 -21 24 22 23 -25 25 26 -28 -29 29 -31
leaf_value=-0.012505847429233878 0.11705869175493717 -0.045656312599385275 0.017861200802219222 0.092697048435608553 0.00087279709583731142 -0.10743626759180591 0.11742072614841165 -0.03221730154007673 0.071337424557317383 0.043826828699988815 0.011670590750455456 0.15103717374801637 0.017026674774749236 0.010250008511630928 -0.0027003035242407526 -0.018230199497757536 -0.031919067064589267 0.019094927218975502 -0.04917251191773387 0.062349305227398878 -0.0030230870537126288 0.001265737092758755 0.14871667064726354 0.023427503406550858 -0.031579887467407468 -0.019804118201136589 -0.031012902538387635 0.0663074768389222 0.048377448097083046 -0.008717652858521668
leaf_weight=1430 24 64 39 33 1833 36 20 40 55 104 223 25 1374 34 169 33 149 128 86 30 6749 1468 20 124 369 38 78 58 176 216
leaf_count=1430 24 64 39 33 1833 36 20 40 55 104 223 25 1374 34 169 33 149 128 86 30 6749 1468 20 124 369 38 78 58 176 216
internal_value=2.71858e-05 0.00336572 -0.00337018 0.00692506 0.00783408 0.0146613 -0.00731028 -0.0160686 0.0207778 -0.00809261 0.0246518 0.0698831 0.019117 0.0499429 0.0150243 -0.0647725 -0.00200224 -0.00423556 -0.0233785 0.00831124 -0.00152395 0.00644673 0.0047999 0.0408288 -0.00322099 -0.0202186 0.00387512 0.0322216 -0.0019285 0.0169169
internal_weight=15225 5756 1990 3766 3702 1869 407 353 1462 1703 287 64 1429 54 273 69 9469 284 156 70 9320 1636 1612 144 7684 543 174 96 7141 392
internal_count=15225 5756 1990 3766 3702 1869 407 353 1462 1703 287 64 1429 54 273 69 9469 284 156 70 9320 1636 1612 144 7684 543 174 96 7141 392
is_linear=0
shrinkage=0.05


Tree=114
num_leaves=31
num_cat=0
split_feature=3 6 3 5 9 9 3 11 5 6 19 7 6 0 12 9 14 14 14 15 9 5 6 17 8 19 11 12 19 15
split_gain=38.7147 97.4396 67.0276 59.2445 41.4312 83.3493 40.8163 41.5543 93.3038 55.4055 47.6795 74.4656 88.8028 46.5522 45.0957 38.8479 77.1796 62.4772 62.2433 81.0294 50.9508 46.0061 68.8475 119.027 90.3028 70.1479 70.0297 83.0066 69.7407 61.4221
threshold=8.3138275000000004 6.0297547000000007 12.249328500000003 9.9950000000000028 660888.34999999998 460650.08000000007 2.1736908000000006 -1.7299999999999984 12.665000000000001 2.1736908000000006 7.4925000000000042 42312.40400000001 9.5904240000000005 16.500000000000004 13.005000000000001 -600043.70999999985 92.095000000000013 73.607500000000016 65.897500000000022 55.087500000000006 -1283577.1999999997 7.5850000000000009 20.361786000000002 29.257500000000004 2.3906399999999999 7.3500000000000005 20.915000000000003 5.995000000000001 2.8074999999999997 52.420000000000009
decision_type=2 2 2 2 2 2 2 2 2 2 2 2 2 2 2 2 2 2 2 2 2 2 2 2 2 2 2 2 2 2
left_child=4 2 3 -2 5 6 -1 8 14 -9 -11 12 -12 -10 -8 16 17 18 19 -3 -20 22 24 -24 26 29 -17 -28 -26 -25
right_child=1 15 -4 -5 -6 -7 7 9 13 10 11 -13 -14 -15 -16 21 -18 -19 20 -21 -22 -23 23 25 28 -27 27 -29 -30 -31
leaf_value=-0.039033153558031046 -0.0072793912712095232 0.00974877955652401 -0.10539625866545572 -0.062785222624061693 0.064020469027661508 -0.08494396260380746 0.0087377998279690571 0.069304805146209125 0.13121082403443077 -0.004679161267171386 0.022972753706077736 -0.054479775273721325 0.1446299021691084 0.044193587127579925 0.072331396930305089 -0.019804128656976873 0.085593983647413552 -0.038821542140628613 0.11852321382611991 -0.076775277592241772 0.020959611615398901 0.0010418443724374321 -0.011511735610602493 0.0083307062617545679 0.031713427433302417 0.10274347019466488 -0.0067315669047109785 0.064644040821014714 -0.013351803887998323 0.056243960880865786
leaf_weight=47 177 805 27 66 31 25 720 29 22 853 60 20 20 51 29 1575 32 70 23 28 32 8155 857 799 194 22 176 53 154 73
leaf_count=47 177 805 27 66 31 25 720 29 22 853 60 20 20 51 29 1575 32 70 23 28 32 8155 857 799 194 22 176 53 154 73
internal_value=2.58265e-05 -0.000928254 -0.0306592 -0.022355 0.00668888 0.0057415 0.00696632 0.00816476 0.016459 0.00122188 -0.000849902 0.0318137 0.053387 0.070418 0.0112 -0.000313037 0.00920838 0.00665688 0.0102419 0.00684041 0.0617589 -0.00109478 -0.00555907 0.00180288 -0.0115492 0.0145664 -0.0160477 0.00978768 0.0117708 0.0123418
internal_weight=15225 13318 270 243 1907 1876 1851 1804 822 982 953 100 80 73 749 13048 990 958 888 833 55 12058 3903 1751 2152 894 1804 229 348 872
internal_count=15225 13318 270 243 1907 1876 1851 1804 822 982 953 100 80 73 749 13048 990 958 888 833 55 12058 3903 1751 2152 894 1804 229 348 872
is_linear=0
shrinkage=0.05


Tree=115
num_leaves=31
num_cat=0
split_feature=10 8 3 6 9 4 17 4 8 0 6 19 14 9 4 19 5 19 17 3 14 14 14 19 8 9 17 9 6 4
split_gain=47.5889 76.5902 81.0359 70.675 56.4783 49.6183 50.9011 46.4976 44.9222 65.2203 49.9036 73.592 72.2719 58.2394 46.9747 43.021 71.9061 76.8848 79.7221 73.6887 66.9896 53.3073 101.632 96.9456 62.9107 77.8836 66.8057 62.6052 70.8742 95.0814
threshold=58.795000000000009 0.28402700000000008 15.913757000000002 27.862945500000002 -1970602.3400000001 2256279.8500000006 38.20000000000001 3283394.2000000007 -0.051849500000000319 26.500000000000004 17.563187000000003 -0.83999999999999619 47.642500000000005 -47048.999999999993 896333.25000000012 -7.9375000000000009 17.495000000000001 -10.004999999999999 59.530000000000008 27.761230500000003 43.812500000000007 64.495000000000005 65.190000000000012 5.1850000000000014 3.2496947 -134920.97499999995 21.577500000000004 -129607.75499999993 19.244888500000005 2089676.9500000004
decision_type=2 2 2 2 2 2 2 2 2 2 2 2 2 2 2 2 2 2 2 2 2 2 2 2 2 2 2 2 2 2
left_child=4 3 -3 8 -1 -4 -7 15 10 -10 11 14 -13 -12 -2 16 17 18 19 20 -6 24 -23 27 -17 -26 -27 -24 -29 -30
right_child=1 2 5 -5 7 6 -8 -9 9 -11 13 12 -14 -15 -16 21 -18 -19 -20 -21 -22 22 23 -25 25 26 -28 28 29 -31
leaf_value=0.059275452978909016 0.0074393998908207698 -0.052009922864875102 -0.00060774652663917275 0.086857308074831968 -0.0042301984350845102 -0.078740422871518653 -0.013760291801909694 -0.038496933098557701 0.0081818289589136849 0.1065484612248838 -0.00070900851074052421 -0.082614552021464893 0.0060358520682481393 -0.047912878043249126 0.063904700594452718 0.0016757947262355849 -0.093470154454310742 -0.026240347808660854 -0.052585829918344429 -0.051996904121780846 0.023583990331355702 0.070374546757460951 -0.035884777217299914 0.035956956995052684 0.021276520634550725 -0.057735520425242381 -0.012446423420235164 0.011176325177569576 -0.041815190976485617 0.053715536324307325
leaf_weight=41 85 165 324 24 485 47 84 76 72 22 148 34 71 117 65 9954 24 352 65 54 391 68 102 249 155 91 774 843 140 32
leaf_count=41 85 165 324 24 485 47 84 76 72 22 148 34 71 117 65 9954 24 352 65 54 391 68 102 249 155 91 774 843 140 32
internal_value=-0.000164829 -0.00947728 -0.0219923 0.00268464 0.000678224 -0.0111068 -0.0370738 0.000504822 -0.0006055 0.0312038 -0.00635564 0.00943453 -0.02267 -0.02155 0.0319077 0.000719941 -0.00768498 -0.00615651 0.000948525 0.00469017 0.00818458 0.00164863 0.0107147 0.00774484 0.000463938 -0.0113624 -0.0172109 0.00145583 0.00520829 -0.024042
internal_weight=15154 1258 620 638 13896 455 131 13855 614 94 520 255 105 265 150 13779 1371 1347 995 930 876 12408 1434 1366 10974 1020 865 1117 1015 172
internal_count=15154 1258 620 638 13896 455 131 13855 614 94 520 255 105 265 150 13779 1371 1347 995 930 876 12408 1434 1366 10974 1020 865 1117 1015 172
is_linear=0
shrinkage=0.05


Tree=116
num_leaves=31
num_cat=0
split_feature=10 9 8 8 6 8 16 16 11 16 4 7 17 16 15 17 9 15 16 11 11 9 8 11 18 9 7 9 6 6
split_gain=43.3912 65.5734 57.1174 67.7173 61.2761 54.8617 60.296 102.396 84.0266 69.9744 100.989 144.743 100.745 80.133 95.3358 91.2566 129.234 107.413 97.2983 87.1318 72.944 72.8508 70.1171 72.9923 69.3602 67.6024 74.4966 71.1861 65.391 78.8608
threshold=48.695000000000007 -1970602.3400000001 0.32092250000000005 4.0019075000000006 14.336425750000002 4.9167630500000019 35.917500000000011 44.732500000000009 0.37000000000000283 46.470000000000006 322762.03000000009 1878472.1000000003 38.577500000000008 47.715000000000011 22.602500000000003 31.732500000000005 -217648.89999999988 43.247500000000009 49.2575 15.740000000000002 -7.3249999999999993 224634.48500000004 -0.80006450000000118 -15.884999999999998 4.9450000000000029 -175919.84999999983 480033.2900000001 460650.08000000007 8.1694795000000013 21.911240000000003
decision_type=2 2 2 2 2 2 2 2 2 2 2 2 2 2 2 2 2 2 2 2 2 2 2 2 2 2 2 2 2 2
left_child=1 -1 -2 4 -4 6 -3 8 -8 10 -9 12 -12 14 -11 16 22 18 -17 24 -20 -21 -15 -24 -18 -19 27 -27 -16 -30
right_child=2 5 3 -5 -6 -7 7 9 -10 13 11 -13 -14 15 28 17 19 25 20 21 -22 -23 23 -25 -26 26 -28 -29 29 -31
leaf_value=0.074753737036759665 0.00082398549090795378 -0.0029731284208573371 -0.04109916399018123 0.025105988341586102 -0.011735745535583764 -0.018391344395890234 0.022060251707478121 -0.00092135288979304291 0.003309874559506756 -0.013471355598748609 -0.02114235088652508 0.05365086454346029 -0.094845099257761425 -0.00088662140452387672 0.13841680173169485 0.023159251883417869 0.008716800928895244 -0.035840799166111367 0.0054105621218662409 -0.054978190811181618 -0.021081982477198835 0.0071772496402263651 0.0082343484849843659 0.096416950219480158 0.070819524775675324 0.0068737154016056436 0.036265375352072804 -0.070220459126416709 -0.024680069591850044 0.072007698615566954
leaf_weight=30 1129 5001 247 92 633 364 1193 417 1197 68 88 33 98 44 22 179 1036 84 326 99 1280 90 32 88 47 878 227 31 30 71
leaf_count=30 1129 5001 247 92 633 364 1193 417 1197 68 88 33 98 44 22 179 1036 84 326 99 1280 90 32 88 47 878 227 31 30 71
internal_value=-0.000156587 0.000916821 -0.00682541 -0.0157104 -0.0199775 0.000746729 0.00129703 0.00408563 0.0126694 0.000191328 -0.0153602 -0.0428533 -0.059975 0.00232664 0.034038 0.000962785 0.0113311 -0.00399191 -0.0118071 0.00594515 -0.0157043 -0.0253804 0.0531048 0.0729016 0.0114119 0.00744254 0.0106431 0.00424454 0.0603034 0.0432886
internal_weight=15154 13053 2101 972 880 13023 12659 7658 2390 5268 636 219 186 4632 191 4441 1436 3005 1785 1272 1606 189 164 120 1083 1220 1136 909 123 101
internal_count=15154 13053 2101 972 880 13023 12659 7658 2390 5268 636 219 186 4632 191 4441 1436 3005 1785 1272 1606 189 164 120 1083 1220 1136 909 123 101
is_linear=0
shrinkage=0.05


Tree=117
num_leaves=31
num_cat=0
split_feature=4 17 18 18 6 5 19 16 7 9 9 11 1 18 18 12 4 19 19 14 17 3 19 15 14 17 15 18 14 17
split_gain=37.4151 34.3572 32.5269 85.5832 121.91 87.2801 62.2131 62.0436 84.5722 69.9229 59.1917 56.4626 49.5707 77.8031 80.3314 76.2667 74.5199 82.3409 121.43 74.9163 67.2956 65.2864 64.3644 62.6639 60.3642 95.1302 72.9861 62.7989 117.519 118.2
threshold=3000271.9000000004 12.770000000000001 -3.0624999999999996 -1.6875000000000033 28.903946000000001 12.425000000000002 -0.5124999999999974 24.9175 1851614.7000000002 -1079.5995000000073 1546518.3500000001 -22.809999999999999 3.5000000000000004 2.6574999999999958 1.5499999999999938 13.865 402971.80000000005 -9.4949999999999939 5.0000000000000027 47.802500000000002 27.700000000000006 4.0913086500000011 -1.4674999999999991 44.327500000000008 21.920000000000005 19.382500000000004 20.010000000000002 3.4974999999999992 59.645000000000003 50.260000000000012
decision_type=2 2 2 2 2 2 2 2 2 2 2 2 2 2 2 2 2 2 2 2 2 2 2 2 2 2 2 2 2 2
left_child=1 -1 7 4 5 6 11 8 9 -3 -9 -4 24 14 21 16 19 -18 -19 -15 -20 -14 -23 -22 -5 -26 -27 -28 -29 -30
right_child=-2 2 3 12 -6 -7 -8 10 -10 -11 -12 -13 13 15 -16 -17 17 18 20 -21 23 22 -24 -25 25 26 27 28 29 -31
leaf_value=-0.02749528456647117 -0.016983784608948029 0.12858043591314483 0.056786016840487723 -0.01809278442577936 0.10085221629235007 0.069901428272527072 0.025485843917879017 -0.0038643422490277773 -0.063043551963000072 0.027950989339289439 -0.057069784812277785 -0.01173472116265953 -0.065479330735450439 0.022248951536993335 -0.030557969432030364 0.067063011725743624 -0.071697933411262196 0.011589911913148931 0.0032949977283065848 -0.0021337446451302369 -0.073033994540214683 -0.047336372533441771 -0.00079616833547164621 -0.021781485257670284 0.024736312877660982 -0.023229945993337497 0.0096139959567046723 -0.010669395416721754 0.023326239912598221 -0.014481057439838544
leaf_weight=111 323 21 33 307 42 62 283 3818 21 97 53 338 44 579 420 45 51 439 121 691 99 79 1246 150 535 260 2448 1465 675 298
leaf_count=111 323 21 33 307 42 62 283 3818 21 97 53 338 44 579 420 45 51 439 121 691 99 79 1246 150 535 260 2448 1465 675 298
internal_value=-0.000148758 0.000217887 0.000426865 0.00186505 0.0180604 0.0132039 0.00782889 -0.00341427 0.0294066 0.0458596 -0.00459281 -0.00563988 0.000631523 -0.0037056 -0.0114293 0.00264738 0.00128648 -0.0100785 -0.00619397 0.00898246 -0.0272943 -0.00556077 -0.00357102 -0.042159 0.00350266 0.00466967 0.00258346 0.00395707 -0.00172305 0.011747
internal_weight=15154 14831 14720 10710 758 716 654 4010 139 118 3871 371 9952 3964 1789 2175 2130 860 809 1270 370 1369 1325 249 5988 5681 5146 4886 2438 973
internal_count=15154 14831 14720 10710 758 716 654 4010 139 118 3871 371 9952 3964 1789 2175 2130 860 809 1270 370 1369 1325 249 5988 5681 5146 4886 2438 973
is_linear=0
shrinkage=0.05


Tree=118
num_leaves=31
num_cat=0
split_feature=0 0 8 18 4 3 14 18 8 14 7 19 11 14 0 15 17 6 19 6 3 17 8 18 14 8 19 14 6 15
split_gain=40.1569 48.752 69.9331 62.4102 58.9165 90.7132 54.8887 48.993 57.8871 48.2709 45.1121 40.79 38.2907 36.2985 44.5334 43.7898 39.2422 59.3425 57.9398 133.355 91.0819 55.1898 69.486 54.0533 64.7626 53.522 90.452 53.3137 48.4903 76.2526
threshold=46.500000000000007 36.500000000000007 2.7317348000000008 -36.962499999999999 249276.76500000004 28.298676000000004 114.97000000000001 -35.36999999999999 0.11552449999999938 102.59500000000001 1178628.5000000002 9.0975000000000037 4.2400000000000002 76.375000000000014 42.500000000000007 50.952500000000008 21.442500000000006 7.5291900000000007 2.5175000000000005 25.183593500000004 24.389984500000004 29.257500000000004 0.68447900000000061 5.0275000000000025 33.820000000000007 0.41105650000000088 3.255000000000003 24.9175 27.179703000000003 36.402500000000011
decision_type=2 2 2 2 2 2 2 2 2 2 2 2 2 2 2 2 2 2 2 2 2 2 2 2 2 2 2 2 2 2
left_child=1 6 3 -3 13 -6 7 8 -1 -9 -10 12 -4 16 -15 -16 23 -18 28 20 21 22 -20 25 -25 26 -5 -27 -19 -30
right_child=-2 2 11 4 5 -7 -8 9 10 -11 -12 -13 -14 14 15 -17 17 18 19 -21 -22 -23 -24 24 -26 27 -28 -29 29 -31
leaf_value=0.02354521355777979 -0.01786468245608646 0.065398437268239393 -0.022281979079326164 0.013237455801622614 0.060563084539026028 -0.021270089643076064 0.064137915382161736 -0.00068827543359599767 -0.015763796889888392 -0.038074661178471546 -0.065963372173241511 -0.047006751753297854 0.018301970557760946 -0.04228081074321554 0.04932065990354334 -0.043424004592234271 0.04424478628304826 -0.0011364452224791502 0.08774355679124711 -0.057480923292484692 0.11234756517224015 0.014861696589966569 -0.0055541955448430158 0.10774746626792919 0.004531263663348827 -0.077451153618114249 -0.050881260583021996 -0.0087390518111000164 0.0038488112737439456 0.071581018839271801
leaf_weight=50 313 47 145 233 115 48 32 11334 105 87 78 81 97 84 35 20 119 1192 64 47 32 318 29 21 55 55 72 58 126 62
leaf_count=50 313 47 145 233 115 48 32 11334 105 87 78 81 97 84 35 20 119 1192 64 47 32 318 29 21 55 55 72 58 126 62
internal_value=-0.00014132 0.00023247 0.00574775 0.00826176 0.00729751 0.036465 -0.00125655 -0.00143612 -0.0241334 -0.000973068 -0.0371603 -0.0162946 -0.00601486 0.00548428 -0.0193802 0.0155953 0.00687621 0.0100088 0.00783015 0.0226001 0.0310963 0.0247702 0.0586507 -0.00573661 0.0330515 -0.012789 -0.00189877 -0.042183 0.00258575 0.026186
internal_weight=15154 14841 3155 2832 2785 163 11686 11654 233 11421 183 323 242 2622 139 55 2483 1989 1870 490 443 411 93 494 76 418 305 113 1380 188
internal_count=15154 14841 3155 2832 2785 163 11686 11654 233 11421 183 323 242 2622 139 55 2483 1989 1870 490 443 411 93 494 76 418 305 113 1380 188
is_linear=0
shrinkage=0.05


Tree=119
num_leaves=31
num_cat=0
split_feature=10 8 3 6 18 6 9 8 0 3 14 4 0 0 17 0 3 6 19 12 1 16 16 5 5 18 8 12 6 3
split_gain=38.7168 63.2551 69.0081 61.8133 52.4514 46.2172 45.7617 40.8893 58.5261 46.5354 72.1413 38.7 37.8328 41.7452 44.7998 46.2754 41.9848 73.3673 41.7099 78.802 54.7376 82.605 70.3968 88.0772 82.6257 80.5619 60.2693 67.8183 49.5389 69.3854
threshold=58.795000000000009 0.28402700000000008 15.913757000000002 27.862945500000002 -6.0049999999999981 13.541519500000001 -1970602.3400000001 -0.051849500000000319 26.500000000000004 13.552276500000003 43.537500000000009 3283394.2000000007 46.500000000000007 4.5000000000000009 12.770000000000001 15.500000000000002 22.400192000000004 19.684967500000003 -6.6999999999999966 17.405000000000005 1.0000000180025095e-35 60.442500000000003 51.875000000000007 15.675000000000002 6.5450000000000008 4.8175000000000034 1.5245359999999997 12.055000000000001 29.458053000000003 28.903946000000001
decision_type=2 2 2 2 2 2 2 2 2 2 2 2 2 2 2 2 2 2 2 2 2 2 2 2 2 2 2 2 2 2
left_child=6 3 4 7 -3 -4 -1 9 -9 10 -2 12 13 16 15 -15 17 -8 19 20 21 -16 23 24 -22 -26 27 -27 29 -20
right_child=1 2 5 -5 -6 -7 11 8 -10 -11 -12 -13 -14 14 18 -17 -18 -19 28 -21 22 -23 -24 -25 25 26 -28 -29 -30 -31
leaf_value=0.053371929638542051 -0.057948343283855001 -0.10097207182811366 0.06083455828246026 0.081237578392028817 -0.03271551181944881 -0.013454072922454744 -0.0087835008654681915 0.0079810627839631502 0.10116289873522791 -0.0154787657469491 0.033784802403056723 -0.035111445369696077 -0.016985677048777192 0.028695631384228665 0.012373278289424083 -0.051202470547444118 0.0054198203729362232 -0.05987566007993577 0.0033224445546894336 -0.075420507674033826 -0.083061164164024856 -0.052657567316068798 0.0039469099654745538 -0.11588083054870367 -0.033265154615633084 0.010937595623056892 0.074934137417303939 -0.087362573966383944 -0.01589296961959917 0.026637683271881984
leaf_weight=41 26 36 22 24 129 433 931 72 22 372 122 76 297 24 621 74 473 76 9662 39 46 53 396 25 218 143 31 20 320 330
leaf_count=41 26 36 22 24 129 433 931 72 22 372 122 76 297 24 621 74 473 76 9662 39 46 53 396 25 218 143 31 20 320 330
internal_value=-0.000134254 -0.00853389 -0.0199073 0.00251867 -0.0476079 -0.0098621 0.000626162 -0.000558293 0.0297896 -0.00604425 0.0176695 0.000470076 0.000666331 0.00105519 0.00203221 -0.0316356 -0.00686785 -0.0126395 0.00230938 -0.00522319 -0.00346035 0.00725958 -0.0116802 -0.0244925 -0.019504 -0.0124078 0.0110298 -0.00112377 0.00347228 0.00409246
internal_weight=15154 1258 620 638 165 455 13896 614 94 520 148 13855 13779 13482 12002 98 1480 1007 11904 1592 1553 674 879 483 458 412 194 163 10312 9992
internal_count=15154 1258 620 638 165 455 13896 614 94 520 148 13855 13779 13482 12002 98 1480 1007 11904 1592 1553 674 879 483 458 412 194 163 10312 9992
is_linear=0
shrinkage=0.05


Tree=120
num_leaves=31
num_cat=0
split_feature=16 0 10 17 5 12 8 15 3 8 15 6 19 19 13 17 16 3 17 5 17 6 15 17 15 7 16 16 12 7
split_gain=35.9366 37.9077 58.3809 53.6188 44.5809 54.2327 98.7475 43.9268 71.5779 56.9551 52.8185 49.8575 59.6807 127.731 68.6826 55.9826 80.919 78.632 54.2767 63.9727 136.679 60.3636 48.436 53.9503 61.5675 54.0549 46.5803 58.8952 94.3719 57.3336
threshold=107.48750000000001 5.5000000000000009 22.355000000000004 12.770000000000001 17.495000000000001 17.070000000000004 0.68447900000000061 45.037500000000001 23.359573500000003 3.6865688499999996 22.440000000000001 16.525452000000005 7.8424999999999985 14.367500000000003 10.115 20.692500000000006 26.332500000000007 26.659958000000003 20.850000000000005 6.3950000000000005 29.645000000000003 29.573974500000002 13.947500000000002 21.717500000000005 31.670000000000005 1116303.8500000003 20.695000000000004 21.682500000000001 13.005000000000001 1568777.4000000001
decision_type=2 2 2 2 2 2 2 2 2 2 2 2 2 2 2 2 2 2 2 2 2 2 2 2 2 2 2 2 2 2
left_child=1 -1 3 -3 5 -4 -7 9 -9 11 -11 12 22 14 -14 16 26 -18 -17 20 -20 -21 -5 -24 25 -25 -13 28 29 -28
right_child=-2 2 4 7 -6 6 -8 8 -10 10 -12 15 13 -15 -16 18 17 -19 19 21 -22 -23 23 24 -26 -27 27 -29 -30 -31
leaf_value=-0.0066371580348204354 0.032744016542675947 -0.0354075357530634 -0.0018676808258373261 0.061497564563019719 -0.04936015917634478 -0.0026880862883159095 0.13658439066261052 0.013420625531167929 0.076637011269728342 -0.057674170653412099 -0.0062796755898866796 0.031015194295290507 0.054571909547573141 -0.0286623749953623 0.15919484269051326 -0.049650026426192317 0.0084726842299390308 0.056932644134447465 -0.011481539017210406 -0.0022780633303097031 0.12771613988383065 -0.047971460492791315 -0.0075717899627853512 0.019392040047798376 -0.0012150771786155327 0.085774668886733713 0.0098056038210709261 0.0028141311995568685 -0.13641935747116804 -0.079889422448351982
leaf_weight=1909 84 81 7828 44 49 35 20 367 51 61 277 106 62 39 21 63 182 155 45 1476 29 76 401 736 445 32 62 447 20 25
leaf_count=1909 84 81 7828 44 49 35 20 367 51 61 277 106 62 39 21 63 182 155 45 1476 29 76 401 736 445 32 62 447 20 25
internal_value=0.000130513 -5.03864e-05 0.000899681 0.00496107 -0.00181559 -0.00152006 0.0479565 0.00558724 0.0211336 0.00423453 -0.015555 0.00573226 0.0122219 0.0459731 0.0810428 0.00143162 0.0108269 0.0307614 -0.00411433 -0.00235003 0.0430689 -0.00451563 0.00973838 0.00832734 0.0135834 0.022158 0.000648261 -0.00516202 -0.0384829 -0.0159688
internal_weight=15228 15144 13235 5303 7932 7883 55 5222 418 4804 338 4466 1780 122 83 2686 997 337 1689 1626 74 1552 1658 1614 1213 768 660 554 107 87
internal_count=15228 15144 13235 5303 7932 7883 55 5222 418 4804 338 4466 1780 122 83 2686 997 337 1689 1626 74 1552 1658 1614 1213 768 660 554 107 87
is_linear=0
shrinkage=0.05


Tree=121
num_leaves=31
num_cat=0
split_feature=11 16 16 6 3 16 3 8 11 19 17 19 7 19 10 6 16 14 14 14 11 8 10 12 6 14 16 4 19 19
split_gain=34.8006 48.4466 100.844 123.86 138.346 110.008 95.1253 118.334 107.783 113.686 86.581 77.4757 77.2334 74.0279 68.653 68.1818 75.6003 67.8414 76.4932 66.1491 121.965 86.7889 69.6124 77.2121 136.767 107.321 133.349 61.6694 86.0334 106.785
threshold=37.570000000000007 54.69250000000001 45.140000000000008 21.531677500000004 13.983841000000002 36.995000000000005 15.473739750000002 -2.8138427500000005 -37.304999999999993 -21.215 38.952500000000008 4.5250000000000012 2188642.8500000006 -0.39500000000000485 11.975000000000003 17.206894000000002 94.502500000000012 54.69250000000001 43.812500000000007 36.380000000000003 10.720000000000002 3.0872345500000011 76.350000000000009 6.3850000000000007 29.132706000000002 45.182500000000005 43.812500000000007 993983.05000000016 1.2025000000000008 1.582499999999998
decision_type=2 2 2 2 2 2 2 2 2 2 2 2 2 2 2 2 2 2 2 2 2 2 2 2 2 2 2 2 2 2
left_child=1 2 5 4 -4 -1 8 13 -3 -10 19 15 -6 -8 -9 16 -11 18 -5 20 -7 22 23 25 -25 26 -21 -16 -29 -30
right_child=-2 6 3 17 12 10 7 14 9 11 -12 -13 -14 -15 27 -17 -18 -19 -20 21 -22 -23 -24 24 -26 -27 -28 28 29 -31
leaf_value=-0.0023608525035795219 -0.01581316210593639 0.094032011267750765 -0.0050944130074808726 0.0033743537595417382 -0.02639466796323775 0.0099674611500192318 -0.14301701022223348 0.082270199920122453 -0.082633755703767145 0.019824955761851348 -0.004755174337452879 0.043563751674013301 -0.080294583186711357 -0.030812821415614113 -0.0050680345460675305 -0.024211691435988225 -0.027966308346240906 -0.024676454311815425 0.046140437899692653 0.056404413672009851 -0.063111428056350533 -0.0074582892987127246 -0.062212499264966359 0.025755610628903219 -0.052253326257923616 0.005869679238689556 0.18295029962124926 0.024388591172801351 -0.089970855663220092 0.0016257646483416759
leaf_weight=5733 335 43 1339 262 742 356 21 26 30 823 718 210 73 49 1619 126 92 103 174 157 68 231 22 884 60 88 24 510 36 274
leaf_count=5733 335 43 1339 262 742 356 21 26 30 823 718 210 73 49 1619 126 92 103 174 157 68 231 22 884 60 88 24 510 36 274
internal_value=0.000123987 0.000482474 -0.00120401 -0.00961639 -0.0149804 0.00151204 0.00530461 -0.000368686 0.016167 0.0135533 0.0100256 0.0158599 -0.0312225 -0.0644741 0.00145175 0.0102712 0.0150197 0.0118197 0.0204416 0.0156407 -0.00175274 0.0206712 0.0259327 0.0275314 0.0207974 0.0511629 0.073184 0.000590218 0.0117618 -0.00901126
internal_weight=15228 14893 11034 2693 2154 8341 3859 2535 1324 1281 2608 1251 815 70 2465 1041 915 539 436 1890 424 1466 1235 1213 944 269 181 2439 820 310
internal_count=15228 14893 11034 2693 2154 8341 3859 2535 1324 1281 2608 1251 815 70 2465 1041 915 539 436 1890 424 1466 1235 1213 944 269 181 2439 820 310
is_linear=0
shrinkage=0.05


Tree=122
num_leaves=31
num_cat=0
split_feature=0 0 17 4 0 0 5 10 19 4 8 16 3 19 12 12 19 19 11 15 7 3 3 12 8 12 8 5 17 16
split_gain=34.3441 43.9619 54.3188 53.5408 103.819 88.6643 68.3743 61.2715 62.4956 55.3465 90.5396 83.2925 53.3113 80.5387 74.9435 50.3782 53.5498 102.442 57.9652 69.034 51.0325 65.5256 61.0923 57.6307 60.2361 56.5281 52.9433 51.3472 51.0317 70.7918
threshold=46.500000000000007 25.500000000000004 12.770000000000001 100225.94300000001 15.500000000000002 11.500000000000002 13.410000000000002 9.6950000000000021 2.3875000000000051 402971.80000000005 4.4051211000000006 41.777500000000011 13.652587500000001 -0.83999999999999619 7.5450000000000008 8.3350000000000026 5.0000000000000027 6.3675000000000006 13.820000000000002 35.417500000000011 2518705.3500000006 27.586547500000005 29.573974500000002 6.4250000000000007 1.4089510000000003 6.9350000000000014 -4.3301084999999997 7.4750000000000005 30.407500000000002 44.425000000000004
decision_type=2 2 2 2 2 2 2 2 2 2 2 2 2 2 2 2 2 2 2 2 2 2 2 2 2 2 2 2 2 2
left_child=1 3 -3 5 -5 7 9 -1 -9 10 11 -6 13 14 -7 16 20 18 19 -18 21 25 23 24 -22 -11 -27 -28 -19 -30
right_child=-2 2 -4 4 6 12 -8 8 -10 15 -12 -13 -14 -15 -16 -17 17 28 -20 -21 22 -23 -24 -25 -26 26 27 -29 29 -31
leaf_value=0.074597281862336856 -0.016327266751899359 -0.046470384203173502 0.0038808789255853644 -0.030515347307462633 0.040596016435583519 0.008823272101581096 -0.047261582797757169 -0.0064684718294248308 0.007779027397262453 -0.0056474254762696047 0.11855930742763339 -0.015583189287229527 0.0020136525974320022 0.0091538391413475469 0.070609531774838183 -0.020934938877966051 -0.017634660512208938 -0.024076404408986559 0.0032051686123013498 -0.12009888723647844 0.00067965028787492427 0.032203391850913969 0.032226394309565941 -0.055843887214238441 -0.081983738660812377 0.071840187314993295 0.027736292054773681 -0.0074293547136774626 0.061544723813845348 -0.0075223743829778145
leaf_weight=26 311 54 6628 404 124 75 87 2710 1075 862 21 141 415 296 142 398 25 166 25 48 186 206 58 96 25 39 217 199 55 114
leaf_count=26 311 54 6628 404 124 75 87 2710 1075 862 21 141 415 296 142 398 25 166 25 48 186 206 58 96 25 39 217 199 55 114
internal_value=0.000117788 0.000460646 0.00347397 -0.00198441 -0.00667836 0.00147836 -0.00356382 -0.0018965 -0.00242196 -0.0022987 0.0186239 0.0107044 0.0153378 0.0261166 0.0492548 -0.00449945 -0.00168113 -0.0175399 -0.0625049 -0.0850084 0.00195596 0.00598025 -0.0148358 -0.023727 -0.00911459 0.00187853 0.0161365 0.0109143 -0.00438589 0.0149551
internal_weight=15228 14917 6682 8235 3496 4739 3092 3811 3785 3005 286 265 928 513 217 2719 2321 433 98 73 1888 1523 365 307 211 1317 455 416 335 169
internal_count=15228 14917 6682 8235 3496 4739 3092 3811 3785 3005 286 265 928 513 217 2719 2321 433 98 73 1888 1523 365 307 211 1317 455 416 335 169
is_linear=0
shrinkage=0.05


Tree=123
num_leaves=31
num_cat=0
split_feature=16 11 18 15 5 0 10 11 16 9 15 15 6 3 14 16 16 4 13 9 16 14 3 14 12 4 6 13 9 15
split_gain=33.1098 33.5315 48.6594 42.4614 37.1223 36.1599 51.7664 65.6354 50.795 67.8696 47.847 74.1487 55.4836 63.0719 62.8017 50.9129 57.0848 64.692 47.1662 56.1885 46.8515 43.4392 44.3003 129.889 68.4704 57.1414 75.3266 41.0596 39.7208 40.285
threshold=107.48750000000001 37.570000000000007 6.2075000000000005 71.155000000000015 7.2750000000000012 5.5000000000000009 22.355000000000004 -9.8650000000000002 36.380000000000003 -1137582.9499999997 34.582500000000003 36.315000000000005 29.792359000000001 23.359573500000003 44.95750000000001 42.032500000000006 47.1175 580800.30000000016 11.975000000000003 -4.5252526749999999 45.872500000000009 16.755000000000006 29.132706000000002 26.082500000000007 9.9950000000000028 2627191.5000000005 27.049454000000004 8.3350000000000026 1158309.7800000003 38.867500000000007
decision_type=2 2 2 2 2 2 2 2 2 2 2 2 2 2 2 2 2 2 2 2 2 2 2 2 2 2 2 2 2 2
left_child=1 3 -3 5 -4 -1 7 -7 21 -10 15 -12 13 27 -15 18 17 20 19 -11 -17 -9 25 -24 -25 28 -27 -13 29 -23
right_child=-2 2 4 -5 -6 6 -8 8 9 10 11 12 -14 14 -16 16 -18 -19 -20 -21 -22 22 23 24 -26 26 -28 -29 -30 -31
leaf_value=-0.0062876871715600016 0.031416451283508826 -0.027005831738424899 -0.018193532675504685 0.051736307415412741 0.048006913397047261 0.085788951512426145 -0.0014979134754240231 0.052201802457803308 0.079912885848213655 0.064520881136258451 -0.030558906604620673 -0.0049839562303546879 -0.0685575927918156 -0.011075007503754215 0.066683425627103665 0.017260724792556307 0.014451003264432076 -0.063406496106360399 0.10408160366117954 0.016603706072993489 -0.04901391660129386 -0.0041534645945916814 -0.044402212617879216 0.026435524716638816 0.11032419849086453 -0.12755733636163533 0.002111369580961764 0.021634045234404323 0.053798907459713524 0.019949825790195549
leaf_weight=1900 84 247 40 40 45 25 7698 39 34 75 162 494 24 38 82 112 800 52 20 332 35 2225 47 71 37 21 24 205 32 188
leaf_count=1900 84 247 40 40 45 25 7698 39 34 75 162 494 24 38 82 112 800 52 20 332 35 2225 47 71 37 21 24 205 32 188
internal_value=0.000111898 -6.17403e-05 -0.0157767 0.000290499 0.0168538 0.000151193 0.00110162 0.00496926 0.00457686 0.00975891 0.00877774 0.00042206 0.0063757 0.00857155 0.0420599 0.0146666 0.00848987 -0.0154745 0.0291174 0.0254337 0.00148105 -0.000182367 -0.000954761 0.0249807 0.0551752 -0.00256922 -0.0584007 0.00282247 -0.00154165 -0.00227555
internal_weight=15228 15144 332 14812 85 14772 12872 5174 5149 2465 2431 1005 843 819 120 1426 999 199 427 407 147 2684 2645 155 108 2490 45 699 2445 2413
internal_count=15228 15144 332 14812 85 14772 12872 5174 5149 2465 2431 1005 843 819 120 1426 999 199 427 407 147 2684 2645 155 108 2490 45 699 2445 2413
is_linear=0
shrinkage=0.05


Tree=124
num_leaves=31
num_cat=0
split_feature=0 0 6 3 14 14 8 8 10 0 6 15 10 7 10 11 8 1 4 0 0 5 9 4 10 3 3 10 15 9
split_gain=30.801 37.9769 54.0763 81.8553 52.6058 62.9631 52.3355 85.076 52.2249 50.4435 64.0865 60.444 59.0863 102.503 66.6572 70.8142 94.7075 52.9187 47.6851 94.426 77.4478 63.9541 76.4327 68.1954 72.3847 77.4565 65.5518 55.022 56.924 50.4235
threshold=46.500000000000007 25.500000000000004 6.0297547000000007 5.5449677000000008 18.892500000000002 21.920000000000005 -2.0362544999999996 -0.80006450000000118 15.515000000000002 29.500000000000004 10.147217000000003 37.127500000000005 68.250000000000014 2018146.8500000003 40.535000000000004 -16.375 -0.070876999999999399 1.0000000180025095e-35 100225.94300000001 15.500000000000002 11.500000000000002 10.735000000000001 -116103.45499999994 706108.44000000006 19.025000000000002 11.952926750000001 9.5052645000000009 9.6950000000000021 54.245000000000005 513.61615800000015
decision_type=2 2 2 2 2 2 2 2 2 2 2 2 2 2 2 2 2 2 2 2 2 2 2 2 2 2 2 2 2 2
left_child=1 18 3 -3 -4 6 -6 8 -8 10 11 -7 14 -14 15 16 -11 -16 20 -20 27 23 -23 24 -21 26 -26 -1 -29 -22
right_child=-2 2 4 -5 5 9 7 -9 -10 12 -12 -13 13 -15 17 -17 -18 -19 19 21 29 22 -24 -25 25 -27 -28 28 -30 -31
leaf_value=0.070760041819168978 -0.015467383018530116 0.042739632136599967 0.047215945306234068 -0.033267781061620746 -0.1001303027290851 0.082440005807626643 0.10251547044143082 -0.035691740266349255 0.00012141011556554023 -0.018999699130654336 0.010317285791016758 0.00098597462573606119 0.087241240024853214 -0.026495533261913808 -0.041753236902877688 0.0031693867696069803 0.093802358369742128 -0.0061553353186777444 -0.029004501525066579 0.055566752495198872 0.020116658612578844 -0.091961530615624634 -0.015727753417955743 -0.0049522861593251435 -0.0047933612801134597 0.019267000027297851 -0.084298511414921715 -0.0035012842079114107 0.027250290409050838 -0.0092978095201947802
leaf_weight=26 311 43 70 201 20 62 20 139 33 30 1097 36 52 32 126 4063 49 609 404 90 747 38 244 2240 100 345 35 3628 157 181
leaf_count=26 311 43 70 201 20 62 20 139 33 30 1097 36 52 32 126 4063 49 609 404 90 747 38 244 2240 100 345 35 3628 157 181
internal_value=0.000106303 0.000430994 0.0032317 -0.019873 0.00410737 0.0036335 -0.0231577 -0.0151398 0.0387607 0.00455613 0.0137781 0.0525181 0.00233476 0.0439129 0.00161863 0.00408101 0.0509661 -0.0122578 -0.00184154 -0.00627137 0.00142638 -0.00330106 -0.0260004 -0.00102305 0.0144181 0.00670277 -0.0254058 -0.00172779 -0.00222572 0.0143796
internal_weight=15228 14917 6682 244 6438 6368 212 192 53 6156 1195 98 4961 84 4877 4142 79 735 8235 3496 4739 3092 282 2810 570 480 135 3811 3785 928
internal_count=15228 14917 6682 244 6438 6368 212 192 53 6156 1195 98 4961 84 4877 4142 79 735 8235 3496 4739 3092 282 2810 570 480 135 3811 3785 928
is_linear=0
shrinkage=0.05


Tree=125
num_leaves=31
num_cat=0
split_feature=3 19 12 13 4 6 18 11 17 17 17 14 9 4 15 10 6 3 13 0 13 15 16 1 13 16 15 15 14 16
split_gain=42.3672 113.15 49.6276 92.672 162.888 80.5074 88.6248 72.6299 93.7173 106.964 77.4813 75.5877 69.0202 56.9602 48.3216 50.0063 47.4142 46.76 43.42 41.9293 41.4439 70.4167 61.4457 109.235 59.5744 102.187 61.4414 123.513 142.079 85.8921
threshold=27.530441000000003 -9.4949999999999939 6.4650000000000007 3.0050000000000003 1630220.9000000001 29.458053000000003 -1.6875000000000033 -5.0349999999999993 28.700000000000003 20.725000000000005 39.602500000000006 23.305000000000003 -201003.69999999992 2973022.4000000004 31.732500000000005 35.915000000000006 29.250916000000004 28.903946000000001 8.1250000000000018 26.500000000000004 8.5250000000000004 33.942500000000003 30.467500000000001 5.5000000000000009 1.0000000180025095e-35 92.095000000000013 35.26250000000001 42.990000000000009 49.2575 35.620000000000012
decision_type=2 2 2 2 2 2 2 2 2 2 2 2 2 2 2 2 2 2 2 2 2 2 2 2 2 2 2 2 2 2
left_child=20 -2 3 4 -3 7 -7 -4 9 11 17 -9 -8 14 15 -5 -13 -10 -16 -11 24 -22 23 -23 26 -26 29 28 -28 -1
right_child=1 2 5 13 -6 6 12 8 10 19 -12 16 -14 -15 18 -17 -18 -19 -20 -21 21 22 -24 -25 25 -27 27 -29 -30 -31
leaf_value=-0.0044144228124310498 -0.059283399168157683 0.170658626043587 -0.0098727150752744748 0.013258767531938907 0.032250318399214897 0.058238617728153863 -0.068335857399027131 -0.019195462915408631 0.068008544858145933 -0.091933377796695359 -0.0017479115676495337 0.040474109620360355 -0.0097452721138516964 -0.073535157669158219 0.0022098776172189151 0.090071586875811877 0.11904714442789555 0.1554966236509028 -0.090634870194480757 -0.013302891324036122 -0.0051900313238007097 0.091626807233461977 0.0096165845250937524 -0.0032013346686175 -0.01119484048391586 0.050959967027473102 -0.00023136923456574577 0.0028646322721749659 -0.030122723482816062 0.0077186484915165807
leaf_weight=2623 61 24 233 269 186 30 85 46 56 21 31 96 123 21 34 23 24 21 20 88 878 65 945 57 2402 68 743 1804 855 3286
leaf_count=2623 61 24 233 269 186 30 85 46 56 21 31 96 123 21 34 23 24 21 20 88 878 65 945 57 2402 68 743 1804 855 3286
internal_value=-0.000594229 0.00740768 0.0102506 0.0215785 0.0480684 0.00259686 -0.0221011 0.0121393 0.0255303 0.0100305 0.0649974 0.0352991 -0.0336885 0.00642086 0.0112737 0.0193091 0.0561887 0.0918689 -0.0321771 -0.0284519 -0.00146403 0.00529773 0.0139278 0.0473219 -0.00258037 -0.0094837 -0.00074907 -0.00610201 -0.0162246 0.00233279
internal_weight=15218 1492 1431 577 210 854 238 616 383 275 108 166 208 367 346 292 120 77 54 109 13726 1945 1067 122 11781 2470 9311 3402 1598 5909
internal_count=15218 1492 1431 577 210 854 238 616 383 275 108 166 208 367 346 292 120 77 54 109 13726 1945 1067 122 11781 2470 9311 3402 1598 5909
is_linear=0
shrinkage=0.05


Tree=126
num_leaves=31
num_cat=0
split_feature=3 19 8 5 19 6 5 18 11 15 14 17 16 17 17 10 7 6 6 3 10 15 5 10 16 11 10 0 8 3
split_gain=38.2364 102.118 50.7219 99.2768 102.159 90.6247 99.4852 51.6512 49.6368 85.9871 96.458 81.7045 66.3655 74.0509 55.3945 69.1808 53.5469 58.0003 47.7213 50.1234 54.4509 42.8159 40.5497 38.886 77.6911 61.0493 75.0282 85.5194 89.9932 58.901
threshold=27.530441000000003 -9.4949999999999939 -0.17814650000000218 6.3950000000000005 2.0025000000000017 28.543396000000005 7.3350000000000009 -1.4150000000000007 -4.915 25.745000000000005 40.540000000000006 24.837500000000002 56.107500000000009 28.700000000000003 39.602500000000006 34.375000000000007 2267975.1500000004 27.121002000000001 29.132706000000002 29.792359000000001 16.865000000000006 25.970000000000002 7.1750000000000007 15.035000000000002 33.225000000000001 -5.0349999999999993 28.275000000000002 34.500000000000007 0.36218249999999946 22.255066000000003
decision_type=2 2 2 2 2 2 2 2 2 2 2 2 2 2 2 2 2 2 2 2 2 2 2 2 2 2 2 2 2 2
left_child=23 -2 3 4 -3 -5 22 -8 9 11 -11 -4 13 18 -15 -16 17 -14 -10 20 -20 -9 -7 24 -1 26 27 -25 -29 -26
right_child=1 2 8 5 -6 6 7 21 12 10 -12 -13 16 14 15 -17 -18 -19 19 -21 -22 -23 -24 25 29 -27 -28 28 -30 -31
leaf_value=-0.0063825909941608791 -0.056319229671212494 0.12842670252919197 0.0084505928807960696 0.045823310989265648 -0.023184240609407426 -0.050644201503421832 0.065326548103687612 0.0025533089555705652 0.0086353237746110145 -0.096605854930403912 -0.0057100610516499731 0.1018625927882062 -0.060865516689690681 0.074723904358116211 -0.044710649399516675 0.069559301463542153 -0.065216395653346013 0.033434795925305009 0.1466424672678113 0.015320653771050276 0.042089018505066633 -0.062622579338180051 -0.12354278042912484 0.0077397907622227743 0.010348087863296388 -0.0049855405426148369 -0.0013205185894474636 0.01835449791316866 0.091988874942675908 0.053833864711313732
leaf_weight=854 61 25 176 45 20 65 22 79 344 39 116 27 22 122 26 27 34 63 20 62 33 37 27 767 1067 7932 2846 109 67 84
leaf_count=854 61 25 176 45 20 65 22 79 344 39 116 27 22 122 26 27 34 63 20 62 33 37 27 767 1067 7932 2846 109 67 84
internal_value=-0.000564517 0.00703729 0.00973803 -0.00780199 0.0610441 -0.0190677 -0.0317638 -0.00491406 0.0147901 -0.000537433 -0.0285806 0.0208748 0.0220772 0.0285081 0.0561825 0.0135023 -0.0121849 0.00902766 0.0179569 0.0458406 0.0815432 -0.0182356 -0.0720383 -0.00139083 0.00504375 -0.00249153 0.00272951 0.0149526 0.0463858 0.0135217
internal_weight=15218 1492 1431 320 45 275 230 138 1111 358 155 203 753 634 175 53 119 85 459 115 53 116 92 13726 2005 11721 3789 943 176 1151
internal_count=15218 1492 1431 320 45 275 230 138 1111 358 155 203 753 634 175 53 119 85 459 115 53 116 92 13726 2005 11721 3789 943 176 1151
is_linear=0
shrinkage=0.05


Tree=127
num_leaves=31
num_cat=0
split_feature=3 19 12 5 9 9 5 17 7 6 11 17 17 18 5 19 10 5 7 3 13 13 16 11 13 0 9 2 17 19
split_gain=34.5083 92.1614 42.0576 80.9719 80.3632 68.9063 62.1896 51.5758 74.1395 60.9839 68.2065 56.916 52.9925 50.4956 45.4244 43.3675 47.3669 42.5453 40.8564 39.4352 37.4651 52.5421 92.5021 57.1959 84.44 106.467 69.8341 62.1698 59.042 52.3755
threshold=27.530441000000003 -9.4949999999999939 6.4650000000000007 7.4350000000000014 -484999.73999999993 -134920.97499999995 2.9950000000000006 20.725000000000005 1529877.0000000002 28.404663000000003 -6.1349999999999998 16.612500000000004 22.632500000000004 -0.33000000000000002 3.9650000000000003 -3.7425000000000028 45.355000000000011 7.1750000000000007 1866810.8000000003 29.014572500000003 8.5250000000000004 1.0000000180025095e-35 92.095000000000013 -12.844999999999997 3.8100000000000005 19.500000000000004 403827.64999999997 1.0000000180025095e-35 64.935000000000016 -11.354999999999995
decision_type=2 2 2 2 2 2 2 2 2 2 2 2 2 2 2 2 2 2 2 2 2 2 2 2 2 2 2 2 2 2
left_child=20 -2 4 5 -3 17 -6 8 11 12 -11 -5 -9 -14 -7 16 -8 -4 -10 -12 21 -1 23 -23 25 27 28 -25 29 -26
right_child=1 2 3 7 6 14 15 9 18 10 19 -13 13 -15 -16 -17 -18 -19 -20 -21 -22 22 -24 24 26 -27 -28 -29 -30 -31
leaf_value=-0.00066286783592474634 -0.053503268377351587 0.1073613731265068 -0.025750987060488235 -0.047321532182395459 0.062464996637214748 -0.053197380264892305 0.021776484840549531 -0.039381190113447331 0.12281512482010799 -0.10756663832636107 -0.045768635850399732 0.029272007670170991 0.08355985121917911 0.012951585747456799 0.008977987651774634 0.0023728625154238537 0.10837760150432588 -0.087967983719248036 0.047505620721144136 0.019478671361099591 0.0051077073583619403 0.014368746324480397 0.048642382528358966 -0.052671466055816331 0.032497257807605616 -0.019058246318595557 0.021440095113884245 -0.1398261280996459 0.062107565878304072 -0.014441951795466361
leaf_weight=9311 61 25 93 35 63 34 75 27 23 21 40 79 40 69 216 394 20 39 83 55 1945 211 68 76 62 381 184 28 27 1433
leaf_count=9311 61 25 93 35 63 34 75 27 23 21 40 79 40 69 216 394 20 39 83 55 1945 211 68 76 62 381 184 28 27 1433
internal_value=-0.000536292 0.00668543 0.00925112 0.00220531 0.0196794 -0.0149085 0.0157083 0.0160559 0.0337452 0.000612871 -0.02602 0.00575645 0.0233291 0.0388629 0.000522138 0.00968445 0.0400083 -0.0441333 0.0638464 -0.00799388 -0.00132128 -0.00238269 -0.00886578 -0.0104938 -0.0128882 -0.0312976 -0.00765452 -0.0761362 -0.0111719 -0.0124953
internal_weight=15218 1492 1431 854 577 382 552 472 220 252 116 114 136 109 250 489 95 132 106 95 13726 11781 2470 2402 2191 485 1706 104 1522 1495
internal_count=15218 1492 1431 854 577 382 552 472 220 252 116 114 136 109 250 489 95 132 106 95 13726 11781 2470 2402 2191 485 1706 104 1522 1495
is_linear=0
shrinkage=0.05


Tree=128
num_leaves=31
num_cat=0
split_feature=10 16 0 19 18 13 19 16 0 17 12 4 1 18 10 12 14 6 5 17 16 18 15 9 11 11 14 15 15 15
split_gain=33.7615 49.8214 67.233 107.732 109.162 81.2332 78.9026 68.0883 56.648 54.3341 82.6478 71.2647 54.0793 63.0259 71.9409 87.6239 56.1628 116.562 80.2337 56.7345 92.7291 51.6766 68.0157 47.6043 74.9601 67.2784 46.7474 60.845 71.3162 69.1896
threshold=22.355000000000004 36.380000000000003 11.500000000000002 0.48500000000000038 6.5025000000000004 8.8750000000000018 -0.55749999999999733 49.670000000000009 18.500000000000004 20.692500000000006 7.205000000000001 2729713.1000000006 2.5000000000000004 1.0050000000000028 14.365 16.385000000000002 25.807500000000001 19.076278500000004 11.535000000000002 15.487500000000002 23.305000000000003 -1.3175000000000023 33.140000000000008 367072.34999999992 10.445000000000002 3.0799999999999996 64.495000000000005 33.840000000000011 41.345000000000006 31.670000000000005
decision_type=2 2 2 2 2 2 2 2 2 2 2 2 2 2 2 2 2 2 2 2 2 2 2 2 2 2 2 2 2 2
left_child=1 9 5 4 6 21 -4 -8 -6 10 -1 23 13 -12 -15 -16 18 -18 -14 -20 -21 -3 -23 -11 25 -25 27 29 -29 -5
right_child=-2 2 3 26 8 -7 7 -9 -10 11 12 -13 16 14 15 -17 17 -19 19 20 -22 22 -24 24 -26 -27 -28 28 -30 -31
leaf_value=-0.014013926061335381 -0.002576792422552307 -0.017577399409887482 0.0195824885270987 0.0039214627225720869 0.023711427323745961 0.026715301880507136 0.076084592054875957 0.026489917188882828 -0.058874568728996185 -0.0085782342677462892 0.047281480319413947 -0.07963337784304339 0.0082448060034463807 -0.036943421183922701 0.0076459594321380735 0.098737786552219681 -0.02741154070567102 0.039882522571247581 -0.012330949005924843 -0.14484332565750396 -0.014976409705424751 0.020981269295027735 -0.010114763448977385 0.040632554783445338 0.064817579286663152 -0.07903796412283555 0.046240287811423725 -0.030279487755143865 0.012065297453451196 0.0685985709917038
leaf_weight=408 8595 560 592 344 33 220 142 135 56 1696 194 34 195 63 132 33 94 204 66 28 27 298 429 23 57 24 52 284 153 47
leaf_count=408 8595 560 592 344 33 220 142 135 56 1696 194 34 195 63 132 33 94 204 66 28 27 298 429 23 57 24 52 284 153 47
internal_value=-0.000509477 0.00217338 0.00646634 0.012885 0.0244869 -0.00136217 0.0298884 0.0519139 -0.0282528 -0.00220732 0.00504735 -0.00791929 0.0125541 0.0263336 0.00850955 0.0258643 0.0030835 0.0186555 -0.0116015 -0.0435853 -0.0810905 -0.00616174 0.00263162 -0.00656469 0.0262715 -0.0204758 0.000254803 -0.00263317 -0.015454 0.0116959
internal_weight=15218 6623 3345 1838 958 1507 869 277 89 3278 1444 1834 1036 422 228 165 614 298 316 121 55 1287 727 1800 104 47 880 828 437 391
internal_count=15218 6623 3345 1838 958 1507 869 277 89 3278 1444 1834 1036 422 228 165 614 298 316 121 55 1287 727 1800 104 47 880 828 437 391
is_linear=0
shrinkage=0.05


Tree=129
num_leaves=31
num_cat=0
split_feature=3 12 8 12 8 16 16 16 5 11 17 4 4 14 14 18 16 8 11 16 16 16 9 16 17 13 5 15 19 19
split_gain=31.4994 69.9137 46.9642 48.2703 46.6973 43.6083 40.5001 60.1155 42.8351 40.1466 39.7346 39.6045 35.8437 69.0002 42.6121 35.2006 33.3566 29.6316 29.3874 33.5756 105.933 120.509 100.922 84.0585 119.842 136.65 78.8756 87.7056 78.0823 70.6523
threshold=29.132706000000002 7.9250000000000007 -0.16357469999999938 6.4250000000000007 0.035171499999998808 65.260000000000005 47.1175 40.620000000000012 7.035000000000001 -0.3499999999999987 24.542500000000004 2643782.4000000004 2627191.5000000005 28.362500000000001 26.195000000000004 37.292500000000011 26.332500000000007 0.24050900000000122 47.045000000000002 36.072500000000012 45.140000000000008 46.470000000000006 990309.5 29.002500000000005 28.877500000000001 8.9950000000000028 0.025000000000000005 37.767500000000005 8.7750000000000039 2.3875000000000051
decision_type=2 2 2 2 2 2 2 2 2 2 2 2 2 2 2 2 2 2 2 2 2 2 2 2 2 2 2 2 2 2
left_child=12 2 3 -2 16 6 7 10 -8 -6 -4 -9 18 14 -14 -15 -3 -12 19 22 -21 -22 23 24 28 -26 -25 -28 29 -1
right_child=1 4 5 -5 9 -7 8 11 -10 -11 17 -13 13 15 -16 -17 -18 -19 -20 20 21 -23 -24 26 25 -27 27 -29 -30 -31
leaf_value=-0.0035520637450393113 0.0079930869912779017 0.041482865133394414 0.0027086875855553251 -0.069903779800894655 -0.002772175191113582 -0.043212126016717506 0.076842541926436969 -0.087423060264438399 0.011064315634271639 0.062471268220326386 0.09737861263363258 -0.0075772325167568731 -0.028843801841139795 -0.0039143934056458888 -0.11148073647457819 -0.067321135686791475 0.12414526772563872 0.020785443697656905 -0.024794474690092532 0.009760544039714476 -0.023588719667287331 0.00021582985675917669 0.057875800087596435 0.040668561295880118 0.025899875524919482 0.1664350974559784 -0.018661516764057397 0.010874383439433758 -0.025108460167702896 0.015436732886110164
leaf_weight=1779 37 26 121 43 65 37 45 25 55 37 23 41 39 453 26 23 23 28 123 2746 587 5640 66 68 128 20 1635 297 306 676
leaf_count=1779 37 26 121 43 65 37 45 25 55 37 23 41 39 453 26 23 23 28 123 2746 587 5640 66 68 128 20 1635 297 306 676
internal_value=-0.000484003 0.0106862 0.000902623 -0.0338765 0.0401665 0.00832216 0.0139635 0.00274457 0.0406645 0.0208946 0.0183108 -0.0378219 -0.000947262 -0.0135767 -0.0618986 -0.00697816 0.0802836 0.0553275 -0.000461686 -0.000247108 0.00157953 -0.00202815 -0.00354167 -0.00436741 0.00105769 0.0448911 -0.0122582 -0.0141211 -0.00129195 0.00167662
internal_weight=15218 606 455 80 151 375 338 238 100 102 172 66 14612 541 65 476 49 51 14071 13948 8973 6227 4975 4909 2909 148 2000 1932 2761 2455
internal_count=15218 606 455 80 151 375 338 238 100 102 172 66 14612 541 65 476 49 51 14071 13948 8973 6227 4975 4909 2909 148 2000 1932 2761 2455
is_linear=0
shrinkage=0.05


Tree=130
num_leaves=31
num_cat=0
split_feature=3 6 3 12 16 6 9 9 14 7 7 19 19 18 18 0 14 18 6 5 5 12 17 17 17 18 5 0 16 12
split_gain=48.1564 56.9646 68.655 49.0486 46.7643 63.9635 45.8361 89.1042 71.0782 53.698 90.6121 51.1952 176.534 40.2259 53.4238 55.1194 50.5315 61.0578 61.5655 54.276 51.0612 49.0001 45.8375 38.2195 74.8843 61.0626 67.0342 40.8886 37.5417 141.011
threshold=8.643631000000001 6.1634520000000004 12.249328500000003 9.9950000000000028 20.695000000000004 29.132706000000002 587068.45500000019 247125.00000000026 24.9175 1410269.05 1266763.0000000002 7.4925000000000042 12.480000000000002 -1.2399999999999982 -1.8950000000000029 18.500000000000004 22.232500000000005 0.077500000000002359 8.8034360000000031 10.685 12.955000000000002 14.995000000000003 33.415000000000006 36.805000000000007 35.417500000000011 4.3225000000000025 8.8850000000000033 17.500000000000004 21.487500000000004 11.805000000000001
decision_type=2 2 2 2 2 2 2 2 2 2 2 2 2 2 2 2 2 2 2 2 2 2 2 2 2 2 2 2 2 2
left_child=6 2 3 -2 5 -3 7 9 -9 10 11 13 -13 14 22 -16 20 18 -18 -20 -15 23 -1 24 -19 26 27 -25 29 -6
right_child=1 4 -4 -5 28 -7 -8 8 -10 -11 -12 12 -14 16 15 -17 17 21 19 -21 -22 -23 -24 25 -26 -27 -28 -29 -30 -31
leaf_value=0.016640885925216266 -0.0038968274833599062 0.010817503678770617 -0.0981994286844773 -0.062661364395171407 -0.0014668140949292497 0.087438515706382919 0.063291029673483643 -0.12798295095562937 -0.017640595572690168 0.03986755275079526 -0.07995091547568639 0.15692035055160525 0.01127520711010983 0.007821499385141038 -0.075256788737925837 0.0055496035971575319 0.07177306918482132 0.0014628969088653825 0.0038810271307035595 0.083624959722734427 -0.046951420208695686 0.084794455468654634 -0.014857575801015708 -0.0054225474995161808 -0.078310951409917895 -0.0033442902821265402 0.088546205520629889 0.070151402436196816 -0.00060107887344249987 -0.14003508797563288
leaf_weight=231 184 156 28 44 91 33 36 20 54 127 30 25 124 111 51 36 85 271 119 26 69 20 231 63 33 156 50 25 12591 23
leaf_count=231 184 156 28 44 91 33 36 20 54 127 30 25 124 111 51 36 85 271 119 26 69 20 231 63 33 156 50 25 12591 23
internal_value=0.000141561 -0.000956135 -0.0243113 -0.0152374 -0.000492436 0.0241958 0.00738426 0.00635582 -0.0474629 0.00847084 0.00620013 0.00769754 0.0357123 0.00505061 -0.0058768 -0.0418197 0.0108864 0.0159937 0.0379861 0.0181799 -0.0131748 0.0078088 0.000891655 0.00523403 -0.00719676 0.0180876 0.042315 0.0160473 -0.000859699 -0.0294236
internal_weight=15143 13150 256 228 12894 189 1993 1957 74 1883 1756 1726 149 1577 549 87 1028 848 230 145 180 618 462 598 304 294 138 88 12705 114
internal_count=15143 13150 256 228 12894 189 1993 1957 74 1883 1756 1726 149 1577 549 87 1028 848 230 145 180 618 462 598 304 294 138 88 12705 114
is_linear=0
shrinkage=0.05


Tree=131
num_leaves=31
num_cat=0
split_feature=3 6 3 5 10 7 5 15 8 14 7 16 16 4 14 16 6 16 12 7 10 8 19 4 0 8 7 1 3 15
split_gain=43.7851 46.6639 64.2667 46.755 42.6113 40.7608 64.2279 62.9972 61.2107 96.8108 79.5507 45.3908 62.8121 63.3105 36.2484 35.4562 61.7525 42.5361 134.781 46.4963 41.3072 45.1618 52.5296 49.6087 61.0452 43.4509 83.4499 37.9233 34.4339 37.8933
threshold=8.1694795000000013 6.0297547000000007 12.249328500000003 9.9950000000000028 9.6950000000000021 1451750.1500000001 7.205000000000001 20.062500000000004 -3.1201479999999999 48.925000000000004 311324.13000000006 37.922500000000007 44.732500000000009 167316.69000000003 57.522500000000001 20.695000000000004 29.132706000000002 21.487500000000004 11.805000000000001 1309505.9000000001 14.165000000000001 1.1181030000000003 0.30250000000000027 2089676.9500000004 11.500000000000002 -0.75198350000000136 215493.81500000003 3.5000000000000004 7.1562806000000014 35.620000000000012
decision_type=2 2 2 2 2 2 2 2 2 2 2 2 2 2 2 2 2 2 2 2 2 2 2 2 2 2 2 2 2 2
left_child=4 2 3 -2 -1 6 8 -7 -6 -10 -11 -8 13 -13 28 16 -3 18 19 -17 21 22 23 24 -19 26 -24 -26 -14 -30
right_child=1 15 -4 -5 5 7 11 -9 9 10 -12 12 14 -15 -16 17 -18 20 -20 -21 -22 -23 25 -25 27 -27 -28 -29 29 -31
leaf_value=0.075050082292569723 0.0012803766793706064 0.0080253352615177447 -0.093289457101907058 -0.047442942894995212 0.012614521261088418 -0.019223773854901084 -5.3359425603699543e-05 0.060738359567207793 -0.0026322583398340569 -0.04729880578815937 -0.17520199554972352 0.050744702277523979 -0.0062100990665875056 -0.037351233544556987 0.041471615678165111 0.022066134085217792 0.083066589515091799 0.0093204744237291217 -0.13370455296337605 -0.052930875657306566 -0.0014270561457215454 -0.0054153368896547914 0.0069494116955491556 -0.024835874249295491 0.065778050721356909 0.016811647539653068 -0.06343584561445674 0.022272953314658922 0.065974757457390815 0.0036329936995529218
leaf_weight=23 166 162 28 70 70 36 810 78 57 31 20 180 312 23 68 62 33 157 25 31 11483 417 136 41 140 241 61 78 39 65
leaf_count=23 166 162 28 70 70 36 810 78 57 31 20 180 312 23 68 62 33 157 25 31 11483 417 136 41 140 241 61 78 39 65
internal_value=0.000134483 -0.000856749 -0.0216688 -0.0131715 0.00742704 0.00655765 0.00458872 0.0354872 -0.0238052 -0.0474106 -0.0974569 0.00796488 0.0174187 0.0407634 0.00762744 -0.000436271 0.0207246 -0.00075684 -0.0306387 -0.00293287 -0.000480373 0.00807255 0.0146585 0.0273828 0.0330921 0.00257338 -0.014845 0.050212 0.00209521 0.0270112
internal_weight=15143 13331 264 236 1812 1789 1675 114 178 108 51 1497 687 203 484 13067 195 12872 118 93 12754 1271 854 416 375 438 197 218 416 104
internal_count=15143 13331 264 236 1812 1789 1675 114 178 108 51 1497 687 203 484 13067 195 12872 118 93 12754 1271 854 416 375 438 197 218 416 104
is_linear=0
shrinkage=0.05


Tree=132
num_leaves=31
num_cat=0
split_feature=3 9 9 14 7 7 19 19 11 12 18 12 10 18 18 16 15 5 5 9 8 15 16 9 16 16 18 17 17 11
split_gain=39.6285 41.3277 79.5717 63.1317 44.7151 77.6202 45.9478 157.471 38.6391 77.748 58.1307 51.8824 46.8832 39.8968 41.0967 38.4804 38.0411 42.367 44.2263 37.8887 37.201 36.251 34.4186 43.9035 32.7365 30.6345 36.9176 62.5525 80.8194 56.8496
threshold=8.643631000000001 587068.45500000019 247125.00000000026 24.9175 1410269.05 1235870.7000000002 7.4925000000000042 12.480000000000002 -1.9250000000000005 13.005000000000001 -0.84500000000000053 10.655000000000003 11.335000000000003 -1.6875000000000033 -1.2399999999999982 1.0000000180025095e-35 37.577500000000008 7.1750000000000007 7.5850000000000009 34468.552499999911 0.7311709999999999 20.062500000000004 20.695000000000004 -31594.670000000009 57.522500000000001 107.48750000000001 -3.6599999999999997 54.372500000000009 50.475000000000009 12.790000000000004
decision_type=2 2 2 2 2 2 2 2 2 2 2 2 2 2 2 2 2 2 2 2 2 2 2 2 2 2 2 2 2 2
left_child=1 2 4 -4 5 6 8 -8 9 10 13 -12 20 -1 -15 -2 17 -14 -19 24 -10 -6 23 -17 -20 26 27 28 29 -24
right_child=15 -3 3 -5 21 -7 7 -9 12 -11 11 -13 16 14 -16 22 -18 18 19 -21 -22 -23 25 -25 -26 -27 -28 -29 -30 -31
leaf_value=0.0023371568540263487 -0.064121902702997127 0.059784075773010648 -0.12102274496108295 -0.017031284828704817 -0.0078098882030805247 -0.070311298356814822 0.14811760252714157 0.01056085626083997 0.058725066911966474 0.066494162404917248 0.013845232007169417 0.066131639138288928 -0.068045504923793493 -0.079571204457212899 -0.0043634018741357024 0.06099286385412727 0.01736969245587295 0.028025548564086501 -0.021293464635429603 0.028698637702829266 -0.0097938374470686543 0.052522584405397213 -0.0042800004768722213 0.0064345446598853594 0.042593407879273099 0.029394797464014917 0.0003139039622201661 -0.042046619763840803 0.015437087305017735 -0.022845674320539036
leaf_weight=266 24 36 20 54 34 33 25 124 52 62 283 57 32 34 39 49 134 71 444 47 32 93 2247 149 21 82 9541 115 438 505
leaf_count=266 24 36 20 54 34 33 25 124 52 62 283 57 32 34 39 49 134 71 444 47 32 93 2247 149 21 82 9541 115 438 505
internal_value=0.000127759 0.00669794 0.00572139 -0.0451371 0.00772008 0.00564797 0.00710279 0.0336408 0.00459062 0.0128967 0.00800264 0.0226109 -0.00279808 -0.0066487 -0.0393917 -0.000868011 -0.0067705 -0.0120303 -0.00895572 -0.014084 0.0326226 0.0363706 -0.000752355 0.0199364 -0.0184083 -0.00106922 -0.00126368 -0.0058179 -0.00451184 -0.00768686
internal_weight=15143 1993 1957 74 1883 1756 1723 149 1574 741 679 340 833 339 73 13150 749 615 583 512 84 127 13126 198 465 12928 12846 3305 3190 2752
internal_count=15143 1993 1957 74 1883 1756 1723 149 1574 741 679 340 833 339 73 13150 749 615 583 512 84 127 13126 198 465 12928 12846 3305 3190 2752
is_linear=0
shrinkage=0.05


end of trees

feature_importances:
reserve_ratio_diff_96=378
weekly_min_reserve=308
weekly_max_reserve_prev=288
reserve_ratio_prev_96=283
temp=237
weekly_min_reserve_prev=233
weekly_max_reserve=229
slot=228
weekly_max_reserve_diff=228
solar_diff_96=210
temp_prev_96=209
solar=205
jepx_price_prev_96=194
weekly_min_reserve_diff=179
temp_diff_96=167
price_prev_weekday_96=156
weekday=114
solar_prev_96=81
price_prev_holiday_96=57
holiday=6

parameters:
[boosting: gbdt]
[objective: regression]
[metric: rmse,l2]
[tree_learner: serial]
[device_type: cpu]
[data_sample_strategy: bagging]
[data: ]
[valid: ]
[num_iterations: 2000]
[learning_rate: 0.05]
[num_leaves: 31]
[num_threads: 10]
[seed: 42]
[deterministic: 0]
[force_col_wise: 0]
[force_row_wise: 0]
[histogram_pool_size: -1]
[max_depth: -1]
[min_data_in_leaf: 20]
[min_sum_hessian_in_leaf: 0.001]
[bagging_fraction: 0.8]
[pos_bagging_fraction: 1]
[neg_bagging_fraction: 1]
[bagging_freq: 5]
[bagging_seed: 400]
[bagging_by_query: 0]
[feature_fraction: 0.9]
[feature_fraction_bynode: 1]
[feature_fraction_seed: 30056]
[extra_trees: 0]
[extra_seed: 12879]
[early_stopping_round: 0]
[early_stopping_min_delta: 0]
[first_metric_only: 0]
[max_delta_step: 0]
[lambda_l1: 0]
[lambda_l2: 0]
[linear_lambda: 0]
[min_gain_to_split: 0]
[drop_rate: 0.1]
[max_drop: 50]
[skip_drop: 0.5]
[xgboost_dart_mode: 0]
[uniform_drop: 0]
[drop_seed: 17869]
[top_rate: 0.2]
[other_rate: 0.1]
[min_data_per_group: 100]
[max_cat_threshold: 32]
[cat_l2: 10]
[cat_smooth: 10]
[max_cat_to_onehot: 4]
[top_k: 20]
[monotone_constraints: ]
[monotone_constraints_method: basic]
[monotone_penalty: 0]
[feature_contri: ]
[forcedsplits_filename: ]
[refit_decay_rate: 0.9]
[cegb_tradeoff: 1]
[cegb_penalty_split: 0]
[cegb_penalty_feature_lazy: ]
[cegb_penalty_feature_coupled: ]
[path_smooth: 0]
[interaction_constraints: ]
[verbosity: 1]
[saved_feature_importance_type: 0]
[use_quantized_grad: 0]
[num_grad_quant_bins: 4]
[quant_train_renew_leaf: 0]
[stochastic_rounding: 1]
[linear_tree: 0]
[max_bin: 255]
[max_bin_by_feature: ]
[min_data_in_bin: 3]
[bin_construct_sample_cnt: 200000]
[data_random_seed: 175]
[is_enable_sparse: 1]
[enable_bundle: 1]
[use_missing: 1]
[zero_as_missing: 0]
[feature_pre_filter: 1]
[pre_partition: 0]
[two_round: 0]
[header: 0]
[label_column: ]
[weight_column: ]
[group_column: ]
[ignore_column: ]
[categorical_feature: ]
[forcedbins_filename: ]
[precise_float_parser: 0]
[parser_config_file: ]
[objective_seed: 16083]
[num_class: 1]
[is_unbalance: 0]
[scale_pos_weight: 1]
[sigmoid: 1]
[boost_from_average: 1]
[reg_sqrt: 0]
[alpha: 0.9]
[fair_c: 1]
[poisson_max_delta_step: 0.7]
[tweedie_variance_power: 1.5]
[lambdarank_truncation_level: 30]
[lambdarank_norm: 1]
[label_gain: ]
[lambdarank_position_bias_regularization: 0]
[eval_at: ]
[multi_error_top_k: 1]
[auc_mu_weights: ]
[num_machines: 1]
[local_listen_port: 12400]
[time_out: 120]
[machine_list_filename: ]
[machines: ]
[gpu_platform_id: -1]
[gpu_device_id: -1]
[gpu_use_dp: 0]
[num_gpu: 1]

end of parameters

pandas_categorical:[]
