tree
version=v4
num_class=1
num_tree_per_iteration=1
label_index=0
max_feature_idx=19
objective=regression
feature_names=slot weekday holiday temp solar jepx_price_prev_96 temp_prev_96 solar_prev_96 temp_diff_96 solar_diff_96 reserve_ratio_prev_96 reserve_ratio_diff_96 price_prev_weekday_96 price_prev_holiday_96 weekly_max_reserve weekly_min_reserve weekly_max_reserve_prev weekly_min_reserve_prev weekly_max_reserve_diff weekly_min_reserve_diff
feature_infos=[0:47] [0:6] [0:1] [-4.1207886:29.110657] [0:3387915.2000000002] [0:50] [-4.1207886:29.110657] [0:3387915.2000000002] [-10.130188:9.2403563000000002] [-2709475.1600000001:2579252.46] none none [0:50] [0:23.16] [8.2749999999999986:68.200000000000003] [4.5350000000000001:31.960000000000001] [0:68.200000000000003] [0:31.960000000000001] [-39.770000000000003:40.224999999999994] [-12.234999999999999:13.380000000000001]
tree_sizes=2632 2787 2793 2791 2786 2799 2803 2802 2811 2781 2788 2815 2812 2790 2811 2799 2806 2804 2775 2808 2799 2826 2794 2812 2826 2834 2820 2814 2822 2829 2796 2823 2817 2829 2807 2829 2837 2811 2829 2818 2819 2830 2828 2785 2808 2817 2838 2821 2840 2824 2809 2841 2814 2827 2817 2836 2830 2848 2833 2848 2823 2818 2809 2836 2843 2835 2815 2809 2817 2847 2836 2854 2837 2855 2844

Tree=0
num_leaves=31
num_cat=0
split_feature=12 4 5 15 4 4 12 3 0 16 3 3 15 9 5 8 0 0 4 14 0 1 16 17 9 14 3 17 8 1
split_gain=80830.6 45440 12936.7 11246.9 9308.98 5334.03 4766.49 4475.67 3764.58 3479.49 3215.95 2957.16 2783.32 2283.09 2122.58 2063.67 1982.71 1902.74 1706.32 1703.6 1641.71 1526.94 1395.25 1314.01 1269.87 1269.82 1201.88 1127.7 1044.77 1044.18
threshold=16.005000000000006 1231743.0000000002 12.365 11.642500000000002 1737180.3500000003 2009267.8500000003 18.485000000000003 23.064895500000002 29.500000000000004 64.475000000000009 23.675415000000005 14.056015 6.1225000000000005 67459.132500000022 16.515000000000004 2.41113285 30.500000000000004 28.500000000000004 355584.90500000009 60.167500000000011 25.500000000000004 3.5000000000000004 63.960000000000008 14.915000000000001 253459.99799999999 64.475000000000009 14.841964500000001 10.152500000000002 -1.7492676349999996 2.5000000000000004
decision_type=2 2 2 2 2 2 2 2 2 2 2 2 2 2 2 2 2 2 2 2 2 2 2 2 2 2 2 2 2 2
left_child=1 2 8 17 6 11 25 26 13 12 -6 27 -8 22 21 -11 18 -3 -14 29 -13 -4 23 -1 28 -2 -7 -5 -16 -18
right_child=4 3 14 5 10 7 9 -9 -10 15 -12 20 16 -15 24 -17 19 -19 -20 -21 -22 -23 -24 -25 -26 -27 -28 -29 -30 -31
leaf_value=11.58137118112208 11.843680231555302 11.501677554934274 11.721048107384103 11.622047457315968 11.303744747002922 11.104773482696087 12.470369312309669 11.418701855241283 11.632508518102698 12.694503889219154 11.80595637345967 11.394474991783541 11.961444693819384 11.438781975156195 11.624540733182549 12.061311083531102 12.065704042236927 11.712552290227846 11.608688360818672 12.260190595966723 11.582186582626987 11.638612221568042 11.91226887026496 11.528498268336016 11.522626018613455 12.105327442058373 11.241123443240724 11.308268992169358 11.836326660197521 11.92780700771964
leaf_weight=2691 639 779 1068 30 74 388 32 227 1916 31 56 236 91 420 67 22 303 124 55 73 230 1185 28 2086 42 50 277 629 445 251
leaf_count=2691 639 779 1068 30 74 388 32 227 1916 31 56 236 91 420 67 22 303 124 55 73 230 1185 28 2086 42 50 277 629 445 251
internal_value=11.6 11.5574 11.6083 11.384 11.9265 11.3183 11.9606 11.227 11.5726 12.0393 11.5201 11.3907 12.0134 11.5506 11.6992 12.4317 11.9945 11.5306 11.8286 12.0331 11.4871 11.6777 11.5603 11.5583 11.7869 11.8627 11.1616 11.3226 11.8086 12.0032
internal_weight=14545 12868 9948 2920 1677 2017 1547 892 7141 858 130 1125 805 5225 2807 53 773 903 146 627 466 2253 4805 4777 554 689 665 659 512 554
internal_count=14545 12868 9948 2920 1677 2017 1547 892 7141 858 130 1125 805 5225 2807 53 773 903 146 627 466 2253 4805 4777 554 689 665 659 512 554
is_linear=0
shrinkage=1


Tree=1
num_leaves=31
num_cat=0
split_feature=12 4 5 15 4 4 6 12 0 0 16 6 15 16 8 5 0 0 9 4 14 1 8 17 14 4 13 0 1 15
split_gain=72949.6 41078.7 11222.8 10244.1 8401.36 5913.36 4459.85 4301.76 3282.63 3146.89 3140.24 2819.75 2511.94 1966.17 1865.89 1846.4 1837.12 1789.4 1696.41 1539.96 1537.5 1301.15 1223.35 1207.2 1157.27 1132.97 1461.44 1040.66 942.375 1194.31
threshold=16.005000000000006 1113801.9000000001 12.505000000000001 11.642500000000002 1737180.3500000003 1797391.0500000003 22.172790000000003 18.485000000000003 26.500000000000004 30.500000000000004 64.475000000000009 21.095199500000003 6.1225000000000005 64.475000000000009 2.0134735000000004 16.705000000000002 28.500000000000004 30.500000000000004 67459.132500000022 355584.90500000009 60.167500000000011 3.5000000000000004 -1.7492676349999996 15.605000000000002 64.930000000000021 2364519.8000000003 1.0000000180025095e-35 42.500000000000007 2.5000000000000004 14.915000000000001
decision_type=2 2 2 2 2 2 2 2 2 2 2 2 2 2 2 2 2 2 2 2 2 2 2 2 2 2 2 2 2 2
left_child=1 2 9 16 7 8 25 24 -5 13 12 -6 -9 18 -12 21 -3 19 23 -14 28 -4 -17 -1 -2 26 -7 -11 29 -19
right_child=4 3 15 5 11 6 -8 10 -10 27 14 -13 17 -15 -16 22 -18 20 -20 -21 -22 -23 -24 -25 -26 -27 -28 -29 -30 -31
leaf_value=-0.013006508682791088 0.23403706244066541 -0.087788100600362309 0.12280799450557583 -0.23599439506766751 -0.30092604680737456 -0.2660138809532821 -0.1676109289304786 0.82765340213227323 -0.055377825532042194 0.071700859514046408 1.0607748031616211 0.16502398612598579 0.34417500804372869 0.4542033928632736 0.46477531542380651 -0.0053136225337059133 0.11010368687977248 0.49305983169758616 -0.14334308831334849 0.0090564922852949658 0.62798360994417379 0.042677725259975492 0.21676630947761805 -0.063845073954848161 0.50795312741907628 -0.45556758736789349 -0.45105744069442155 -0.0022303612560205079 0.31221921751980647 0.24550168836703068
leaf_weight=2777 648 852 955 699 67 271 297 32 393 947 29 63 91 20 24 72 136 242 386 55 73 1079 447 2015 41 389 176 957 251 61
leaf_count=2777 648 852 955 699 67 271 297 32 393 947 29 63 91 20 24 72 136 242 386 55 73 1079 447 2015 41 389 176 957 251 61
internal_value=0.000757739 -0.0396659 0.0118691 -0.194528 0.310938 -0.254021 -0.334044 0.343379 -0.170992 -0.0204516 0.418095 -0.0751195 0.393551 -0.0405951 0.790888 0.101779 -0.0605479 0.375581 -0.0425062 0.217932 0.41229 0.0803003 0.185958 -0.0343837 0.250337 -0.393172 -0.338872 0.0345411 0.383868 0.443221
internal_weight=14545 12868 9655 3213 1677 2225 1133 1547 1092 7102 858 130 805 5198 53 2553 988 773 5178 146 627 2034 519 4792 689 836 447 1904 554 303
internal_count=14545 12868 9655 3213 1677 2225 1133 1547 1092 7102 858 130 805 5198 53 2553 988 773 5178 146 627 2034 519 4792 689 836 447 1904 554 303
is_linear=0
shrinkage=0.05


Tree=2
num_leaves=31
num_cat=0
split_feature=12 4 0 15 4 12 3 4 4 5 16 3 15 16 15 6 0 5 13 4 0 14 14 15 0 15 3 6 0 17
split_gain=66012.8 36130.2 10630.3 8705.22 8270.91 5718.55 4396.98 3765.51 3213.02 2936.4 2863.48 2409.95 2286.9 1846.21 1760.38 1724.78 1680.87 1671.34 1434.23 1414.73 1337.05 1307.9 1294.7 1172.65 1092.18 1241.37 1035.62 996.197 959.216 853.102
threshold=15.445000000000002 1338392.2000000004 30.500000000000004 11.642500000000002 1797391.0500000003 18.485000000000003 23.064895500000002 2009267.8500000003 825446.07500000007 14.505000000000001 64.475000000000009 23.675415000000005 6.1225000000000005 64.475000000000009 14.165000000000001 7.610977150000001 30.500000000000004 11.655000000000003 1.0000000180025095e-35 355584.90500000009 26.500000000000004 54.82500000000001 64.475000000000009 16.285000000000004 42.500000000000007 14.112500000000002 14.841964500000001 26.832977500000002 26.500000000000004 15.775000000000002
decision_type=2 2 2 2 2 2 2 2 2 2 2 2 2 2 2 2 2 2 2 2 2 2 2 2 2 2 2 2 2 2
left_child=1 2 8 20 5 22 7 18 13 24 12 -6 -7 17 -10 -12 19 29 28 -14 -3 27 -2 -23 25 -4 -9 -18 -5 -1
right_child=4 3 9 6 11 10 -8 26 14 -11 15 -13 16 -15 -16 -17 21 -19 -20 -21 -22 23 -24 -25 -26 -27 -28 -29 -30 -31
leaf_value=-0.01726007703194039 0.20144113163323804 -0.10929849781846041 0.13215385249299422 -0.23040759234499297 -0.26457626045827409 0.7862707213498652 -0.11503211792556522 -0.44956446415865364 -0.048247253073234297 0.14735096525126287 0.38495577782392504 0.14196960099614583 0.32696626841366949 0.45919103741645817 -0.17212016013524242 0.97339716824618261 0.32686669992775408 0.026881442546676772 -0.32119179206607434 0.010982117737675537 0.037938543960290894 0.64633518501564313 0.45832067865591786 0.29273940740209636 0.0082747216628002336 0.038278573581725796 -0.32218327601440255 0.51784336846551782 -0.078954232232998828 -0.064163378996024603
leaf_weight=2145 865 596 550 309 83 32 366 386 552 920 20 65 91 20 597 33 435 1305 287 58 208 81 52 33 1197 979 272 81 158 1769
leaf_count=2145 865 596 550 309 83 32 366 386 552 920 20 65 91 20 597 33 435 1305 287 58 208 81 52 33 1197 979 272 81 158 1769
internal_value=0.000719852 -0.0409318 0.00199074 -0.207735 0.273129 0.302975 -0.269471 -0.309503 -0.0368898 0.0701116 0.395276 -0.0860257 0.372007 -0.0202832 -0.112609 0.751344 0.354989 -0.0221206 -0.233226 0.203966 -0.0712073 0.390708 0.216008 0.543979 0.0440441 0.0720467 -0.396908 0.356846 -0.179166 -0.0384588
internal_weight=14545 12616 10034 2582 1929 1781 1778 1412 6388 3646 864 148 811 5239 1149 53 779 5219 754 149 804 630 917 114 2726 1529 658 516 467 3914
internal_count=14545 12616 10034 2582 1929 1781 1778 1412 6388 3646 864 148 811 5239 1149 53 779 5219 754 149 804 630 917 114 2726 1529 658 516 467 3914
is_linear=0
shrinkage=0.05


Tree=3
num_leaves=31
num_cat=0
split_feature=12 4 5 15 4 4 12 0 0 16 0 3 3 15 15 6 0 4 5 13 4 17 5 6 4 4 3 1 15 12
split_gain=59587.1 33575 8934.62 8694.52 6848.12 5106.02 3464.06 3186.55 2722.91 2557.35 2456.86 2426.52 2207.62 2045.71 1653.24 1556.62 1458.98 1258.67 1191.55 1138.18 1284.51 1124.46 1106.03 1058.75 1049.18 962.215 942.3 903.317 1234.33 891.699
threshold=16.005000000000006 890699.10000000021 13.205000000000002 14.202500000000002 1737180.3500000003 1776194.8 18.485000000000003 28.500000000000004 19.500000000000004 64.475000000000009 26.500000000000004 23.675415000000005 23.064895500000002 6.1225000000000005 11.625000000000002 7.610977150000001 30.500000000000004 815606.92000000004 0.015000000000000001 1.0000000180025095e-35 2478247.5000000005 15.775000000000002 17.285000000000004 12.459411500000002 1697285.5000000002 384387.14000000007 18.077575500000005 2.5000000000000004 16.285000000000004 11.825000000000001
decision_type=2 2 2 2 2 2 2 2 2 2 2 2 2 2 2 2 2 2 2 2 2 2 2 2 2 2 2 2 2 2
left_child=1 2 8 7 6 10 -2 14 21 13 -5 -6 19 -8 -3 -11 17 -15 -10 20 -7 -1 -4 -9 -16 -23 -26 28 -18 -20
right_child=4 3 22 5 11 12 9 23 18 15 -12 -13 -14 16 24 -17 27 -19 29 -21 -22 25 -24 -25 26 -27 -28 -29 -30 -31
leaf_value=-0.011286048681495065 0.22681588455283622 -0.073043254443838371 0.092389602835007523 -0.22005236490087499 -0.25544627912946649 -0.22977250148521533 0.74695720039308078 -0.060780055772942987 0.22526609529860511 0.36570799112319952 -0.063454806189984087 0.1807915464908417 -0.1587008624275813 0.28993328173573202 -0.11803280573163824 0.92472733728813405 0.46325069885218267 -0.034376822802282513 0.0074438026600261433 -0.44000644157608182 -0.40684167681895994 -0.048234604729380272 0.18319283163282038 0.11919722783072345 -0.34743194967927771 -0.15784220501551766 -0.1644533579727929 0.30489454720815873 0.19023015039468494 0.073956307050719539
leaf_weight=2734 689 943 1464 670 74 225 32 130 78 20 400 56 162 104 331 33 301 42 1736 287 188 1644 435 220 131 228 152 278 48 710
leaf_count=2734 689 943 1464 670 74 225 32 130 78 20 400 56 162 104 331 33 301 42 1736 287 188 1644 435 220 131 228 152 278 48 710
internal_value=0.000683859 -0.0358504 0.0168133 -0.159711 0.281019 -0.234469 0.310309 -0.0839733 -0.00885548 0.377357 -0.161511 -0.0675284 -0.325031 0.355208 -0.114617 0.713777 0.33899 0.196639 0.0328852 -0.363524 -0.310375 -0.0317286 0.11319 0.0523485 -0.178468 -0.0615842 -0.249154 0.372137 0.425701 0.0267504
internal_weight=14545 12868 9029 3839 1677 1932 1547 1907 7130 858 1070 130 862 805 1557 53 773 146 2524 700 413 4606 1899 350 614 1872 283 627 349 2446
internal_count=14545 12868 9029 3839 1677 1932 1547 1907 7130 858 1070 130 862 805 1557 53 773 146 2524 700 413 4606 1899 350 614 1872 283 627 349 2446
is_linear=0
shrinkage=0.05


Tree=4
num_leaves=31
num_cat=0
split_feature=12 4 0 15 4 12 3 4 4 5 16 3 15 16 8 15 5 0 14 13 0 9 0 15 3 14 7 17 16 1
split_gain=53933.5 29701.6 8754.49 7119.4 6774.73 4617.11 3673.01 3060.36 2569.96 2458.29 2321.01 1992.68 1789.96 1627.24 1592 1466.48 1396.5 1260.21 1384.69 1230.28 1147.39 1118.43 1114.28 1393.89 908.672 908.42 834.448 827.448 822.415 820.252
threshold=15.445000000000002 1338392.2000000004 30.500000000000004 11.642500000000002 1797391.0500000003 18.295000000000005 23.064895500000002 2009267.8500000003 825446.07500000007 16.515000000000004 64.475000000000009 21.358978500000003 6.1225000000000005 64.475000000000009 2.0134735000000004 14.165000000000001 11.425000000000002 31.500000000000004 60.167500000000011 1.0000000180025095e-35 26.500000000000004 80080.949999999852 41.500000000000007 14.112500000000002 14.841964500000001 64.930000000000021 26087.747000000003 12.645000000000001 51.932500000000012 2.5000000000000004
decision_type=2 2 2 2 2 2 2 2 2 2 2 2 2 2 2 2 2 2 2 2 2 2 2 2 2 2 2 2 2 2
left_child=1 2 8 20 5 25 7 19 13 22 12 -6 -7 16 -12 -10 -1 21 26 -5 -3 -14 23 -4 -9 -2 -19 -21 -11 -28
right_child=4 3 9 6 11 10 -8 24 15 28 14 -13 17 -15 -16 -17 -18 18 -20 27 -22 -23 -24 -25 -26 -27 29 -29 -30 -31
leaf_value=-0.037629861073543741 0.18095119093979772 -0.10005499205783311 0.14014171308680209 -0.16182111152896472 -0.26666714240693384 0.68283149582999103 -0.10291333809314306 -0.4087754239883139 -0.04234088003391609 0.2028943592984204 0.92272173289594983 0.10040055145019372 0.26748524911864829 0.43162921309471136 0.37825698935985569 -0.15540146432546711 0.018226001549541699 0.23430491772722145 0.54628436067436315 -0.11073203234403742 0.036340205379439376 -0.033032711800187825 0.018926245845761164 0.044472867464875089 -0.28945673329923438 0.43413008483680521 0.43384676633937524 -0.33282773517451048 -0.050831738625253954 0.28728253481631782
leaf_weight=3594 835 596 582 467 72 35 366 386 552 365 29 76 137 20 25 597 1625 181 79 51 208 40 1563 1101 272 37 202 236 35 181
leaf_count=3594 835 596 582 467 72 35 366 386 552 365 29 76 137 20 25 597 1625 181 79 51 208 40 1563 1101 272 37 202 236 35 181
internal_value=0.000649666 -0.0369989 0.00191822 -0.188236 0.246878 0.273889 -0.244067 -0.280655 -0.0333655 0.0637373 0.352739 -0.0781729 0.33266 -0.0185134 0.670655 -0.101085 -0.0202384 0.317713 0.350235 -0.21189 -0.0647687 0.199572 0.049325 0.0775562 -0.359452 0.191694 0.322774 -0.293361 0.180693 0.364583
internal_weight=14545 12616 10034 2582 1929 1781 1778 1412 6388 3646 909 148 855 5239 54 1149 5219 820 643 754 804 177 3246 1683 658 872 564 287 400 383
internal_count=14545 12616 10034 2582 1929 1781 1778 1412 6388 3646 909 148 855 5239 54 1149 5219 820 643 754 804 177 3246 1683 658 872 564 287 400 383
is_linear=0
shrinkage=0.05


Tree=5
num_leaves=31
num_cat=0
split_feature=12 4 0 4 3 12 4 4 5 9 3 15 0 14 13 5 5 9 3 0 15 0 4 13 0 7 15 17 17 3
split_gain=49221.8 28986.1 8936.55 7097.02 6951.96 4327.24 3192.57 2990.89 2252.53 1966.71 1771.24 1638.8 1552.23 1675.93 1541.07 1538.05 1250.91 1206.37 1011.49 1003.18 1213 1001 992.994 1181.77 990.766 985.399 941.04 906.587 863.444 793.311
threshold=15.555000000000001 1455452.2500000002 30.500000000000004 1902024.6000000003 23.614364500000004 19.625000000000004 2009267.8500000003 605272.02500000014 14.505000000000001 195060.6699999999 21.358978500000003 13.155000000000001 32.500000000000007 59.495000000000012 1.0000000180025095e-35 13.205000000000002 16.635000000000002 -640751.09999999986 9.5351870000000023 42.500000000000007 14.112500000000002 25.500000000000004 2603940.5000000005 1.0000000180025095e-35 27.500000000000004 1790119.0000000002 5.8225000000000007 15.775000000000002 14.807500000000003 26.826264000000005
decision_type=2 2 2 2 2 2 2 2 2 2 2 2 2 2 2 2 2 2 2 2 2 2 2 2 2 2 2 2 2 2
left_child=1 2 7 5 6 9 14 15 19 16 -5 17 -7 -14 -3 25 26 -9 -15 20 -4 -13 23 -8 -6 27 -2 -1 -16 -18
right_child=3 4 8 10 24 12 22 11 -10 -11 -12 21 13 18 28 -17 29 -19 -20 -21 -22 -23 -24 -25 -26 -27 -28 -29 -30 -31
leaf_value=-0.0066595585328009443 0.40920426081388428 -0.13682415540684739 0.12333705629642427 -0.3120573055348359 -0.10185202192935408 0.23554481903261598 -0.22435839476735817 0.16536644429598057 0.12668716496146723 -0.0083664578003318692 0.069433883307822825 -0.15844610460595909 0.381599557326747 0.91231692035992951 -0.15406718071964054 0.077909336508033097 0.26620106551625317 -0.051849266969890867 0.5133603243117637 0.0044378678251856141 0.031088743059494214 -0.056610025223051023 -0.39689334933905573 -0.3866198835187945 0.034033366859401185 0.26224810022860767 0.15391269572300012 -0.053070389356334895 -0.35339608820437485 0.53458116383388121
leaf_weight=2621 39 541 565 64 554 142 316 71 972 95 58 782 347 24 81 410 545 641 47 1225 965 349 305 174 177 30 485 1758 165 29
leaf_count=2621 39 541 565 64 554 142 316 71 972 95 58 782 347 24 81 410 545 641 47 1225 965 349 305 174 177 30 485 1758 165 29
internal_value=-0.0010932 -0.0363936 -0.00075425 0.238046 -0.19647 0.263708 -0.255394 -0.0354396 0.0612456 0.209886 -0.130693 -0.0896127 0.378368 0.426887 -0.184005 -0.0147213 0.22877 -0.0301887 0.648219 0.038157 0.0651543 -0.127022 -0.326065 -0.281978 -0.0689495 -0.0233352 0.172913 -0.0252917 -0.287763 0.27976
internal_weight=14577 12702 10389 1875 2313 1753 1582 6662 3727 1193 122 1843 560 418 787 4819 1098 712 71 2755 1530 1131 795 490 731 4409 524 4379 246 574
internal_count=14577 12702 10389 1875 2313 1753 1582 6662 3727 1193 122 1843 560 418 787 4819 1098 712 71 2755 1530 1131 795 490 731 4409 524 4379 246 574
is_linear=0
shrinkage=0.05


Tree=6
num_leaves=31
num_cat=0
split_feature=12 4 5 6 4 12 4 3 0 4 16 5 9 13 8 0 3 12 14 8 0 14 13 17 4 5 9 17 17 12
split_gain=44422.7 26159.9 8131.27 6653.5 6439.44 3628.89 2761.79 2251.36 2229.57 2231.41 1615.65 1568.63 1402.2 1325.03 1306 1263.91 1218.61 1139.24 1127.08 1121.45 1041.69 1025.85 1002.37 997.649 977.559 899.606 895.957 849.568 752.668 725.21
threshold=15.555000000000001 1455452.2500000002 12.005000000000001 21.665329000000003 1737180.3500000003 19.625000000000004 2009267.8500000003 23.675415000000005 28.500000000000004 825446.07500000007 64.475000000000009 16.515000000000004 195060.6699999999 1.0000000180025095e-35 -1.6799014999999995 32.500000000000007 26.068313500000002 8.7650000000000023 64.475000000000009 2.0134735000000004 32.500000000000007 54.82500000000001 1.0000000180025095e-35 11.187500000000002 2603940.5000000005 0.015000000000000001 -640751.09999999986 19.685000000000006 12.645000000000001 22.050000000000004
decision_type=2 2 2 2 2 2 2 2 2 2 2 2 2 2 2 2 2 2 2 2 2 2 2 2 2 2 2 2 2 2
left_child=1 2 8 6 5 12 13 -6 9 25 15 20 16 -3 -13 -7 18 -5 -2 -12 -4 -17 24 -11 -8 27 -10 -1 -27 -23
right_child=4 3 11 17 7 10 22 -9 26 23 19 14 -14 -15 -16 21 -18 -19 -20 -21 -22 29 -24 -25 -26 28 -28 -29 -30 -31
leaf_value=0.23213067393629783 0.19099692321275233 -0.13808630271738084 0.010497328325624338 -0.12445882816661012 -0.2494222613115763 0.19075590621586108 -0.22190843430990484 0.12855486855324771 0.16158910807922927 -0.029494959870511196 0.84089202199663449 -0.034278367684928923 0.0089338457102284725 -0.28392644047868992 0.17184918718940395 0.33163862902941799 0.41021367869316006 -0.007655174490487711 0.40476400545149138 0.36969443005712138 0.075068551691306371 0.38919349123941777 -0.41349380349829085 -0.13629510937430814 -0.3610893785559659 -0.0050407978771135828 0.0084931971061319791 -0.073245472957690558 -0.049602295337176736 0.67333844567454149
leaf_weight=62 938 501 1043 513 87 119 284 72 101 295 28 91 85 226 494 289 78 352 66 23 1557 47 210 845 227 1492 1776 36 2597 43
leaf_count=62 938 501 1043 513 87 119 284 72 101 295 28 91 85 226 494 289 78 352 66 23 1557 47 210 845 227 1492 1776 36 2597 43
internal_value=-0.00103854 -0.0345739 -0.000716538 -0.186647 0.226143 0.254349 -0.25219 -0.0782628 -0.0301289 -0.0466404 0.360359 0.0658099 0.204478 -0.183423 0.139785 0.33291 0.219839 -0.0769272 0.205049 0.628391 0.0491656 0.377544 -0.32153 -0.108658 -0.283736 -0.0297547 0.0167312 0.119952 -0.0333426 0.524952
internal_weight=14577 12702 10389 2313 1875 1716 1448 159 7204 5327 549 3185 1167 727 585 498 1082 865 1004 51 2600 379 721 1140 511 4187 1877 98 4089 90
internal_count=14577 12702 10389 2313 1875 1716 1448 159 7204 5327 549 3185 1167 727 585 498 1082 865 1004 51 2600 379 721 1140 511 4187 1877 98 4089 90
is_linear=0
shrinkage=0.05


Tree=7
num_leaves=31
num_cat=0
split_feature=12 4 5 6 4 12 4 12 5 9 4 16 15 3 5 15 13 8 7 9 5 12 8 1 13 4 15 3 9 6
split_gain=40091.5 23609.3 7338.47 6004.79 5837.58 3531.52 2492.51 2066.13 1660.83 1594.59 1472.7 1462.61 1464.16 1456.48 1415.69 1325.33 1195.84 1178.67 1114.77 1109.61 1088.04 1029.24 1017.24 1000.5 904.642 882.247 848.663 794.56 753.135 688.137
threshold=15.555000000000001 1455452.2500000002 12.005000000000001 21.665329000000003 1902024.6000000003 19.625000000000004 2009267.8500000003 10.845000000000001 1.0000000180025095e-35 195060.6699999999 643058.17500000016 64.475000000000009 6.1225000000000005 25.789642500000003 16.515000000000004 14.595000000000001 1.0000000180025095e-35 -1.6799014999999995 1676731.2000000004 -335671.00000000006 16.635000000000002 8.6350000000000033 2.41113285 3.5000000000000004 1.0000000180025095e-35 2603940.5000000005 5.8225000000000007 13.112243500000002 -414624.03000000003 3.1091308500000006
decision_type=2 2 2 2 2 2 2 2 2 2 2 2 2 2 2 2 2 2 2 2 2 2 2 2 2 2 2 2 2 2
left_child=1 2 7 6 5 9 16 8 -1 20 18 12 -7 -6 23 19 -3 -16 -10 -12 26 -5 -13 -4 25 -8 -2 -17 -9 -18
right_child=4 3 14 21 13 11 24 28 10 -11 15 22 -14 -15 17 27 29 -19 -20 -21 -22 -23 -24 -25 -26 -27 -28 -29 -30 -31
leaf_value=0.2097653361097459 0.37879221531061025 -0.13118198714832482 0.080208852727798041 -0.11880261520442635 -0.24476356246974321 0.73543362319469452 -0.21081301233613156 0.16450629669646 -0.035698219098281102 -0.0070350587760147302 0.060070382229528055 0.78380107601483662 0.29896476224706658 0.11884385776661693 -0.032564453215716958 -0.17886386793879594 -0.08711464965627308 0.16325672666055835 0.21486687620066935 -0.081278637946621046 0.25404722597336443 -0.0080200901813283348 0.33007232490040006 0.017991644375983534 -0.39281911782122086 -0.34303489993162262 0.13635451271677554 -0.070854197023174817 0.0045187920783934521 -0.31141408220257449
leaf_weight=62 39 501 1200 508 80 20 284 76 3274 95 188 30 489 42 91 470 42 494 45 531 574 357 21 1400 210 227 485 267 2291 184
leaf_count=62 39 501 1200 508 80 20 284 76 3274 95 188 30 489 42 91 470 42 494 45 531 574 357 21 1400 210 227 485 267 2291 184
internal_value=-0.000986613 -0.0328452 -0.000680711 -0.177314 0.214836 0.23811 -0.239581 -0.0286225 -0.047354 0.189488 -0.0506925 0.341693 0.316115 -0.119587 0.0625194 -0.0926166 -0.174252 0.132796 -0.032301 -0.0443195 0.206492 -0.0730808 0.596972 0.0467073 -0.305453 -0.26955 0.154399 -0.139734 0.0096557 -0.26973
internal_weight=14577 12702 10389 2313 1875 1753 1448 7204 4837 1193 4775 560 509 122 3185 1456 727 585 3319 719 1098 865 51 2600 721 511 524 737 2367 226
internal_count=14577 12702 10389 2313 1875 1753 1448 7204 4837 1193 4775 560 509 122 3185 1456 727 585 3319 719 1098 865 51 2600 721 511 524 737 2367 226
is_linear=0
shrinkage=0.05


Tree=8
num_leaves=31
num_cat=0
split_feature=12 4 5 15 0 4 4 6 6 16 1 4 4 15 5 13 5 13 15 7 14 0 0 4 0 15 0 14 0 4
split_gain=36465.7 19405.7 7082.6 5077.51 4856.65 3661.44 2747.26 2506.51 2022.25 1969.91 2017.61 1911.65 1803.22 1578.25 1527.33 1512.86 1464.25 1297.15 1264.96 1215.31 927.466 858.151 827.04 821.276 818.773 1071.15 803.988 772.072 739.549 874.191
threshold=13.835000000000003 1338392.2000000004 16.095000000000002 12.117500000000001 30.500000000000004 1378742.2000000002 2287541.5000000005 21.396850500000003 7.4739838000000001 64.475000000000009 2.5000000000000004 2348659.0000000005 355584.90500000009 5.8225000000000007 17.005000000000006 1.0000000180025095e-35 16.635000000000002 1.0000000180025095e-35 12.300000000000002 1715926.3500000003 64.930000000000021 27.500000000000004 28.500000000000004 253085.86500000002 43.500000000000007 14.112500000000002 25.500000000000004 54.82500000000001 30.500000000000004 364893.97500000003
decision_type=2 2 2 2 2 2 2 2 2 2 2 2 2 2 2 2 2 2 2 2 2 2 2 2 2 2 2 2 2 2
left_child=1 4 6 21 12 8 13 11 -4 10 23 17 16 -2 24 19 -1 26 -7 -14 -12 -3 -9 27 25 -6 -5 -10 29 -15
right_child=2 3 5 7 14 18 -8 22 9 -11 20 -13 15 28 -16 -17 -18 -19 -20 -21 -22 -23 -24 -25 -26 -27 -28 -29 -30 -31
leaf_value=-0.018196086529330899 0.37634760112154719 -0.085221236660291161 0.18744033194832452 -0.20479993332671576 0.10715130088899874 0.1348693991133145 -0.21556252524466585 -0.15097773786638066 0.26711383294716157 0.67158132348305144 0.19008491575875164 -0.34325556230088256 -0.057034276128318552 0.10246056762605121 0.1454388472199396 -0.12979571645869875 0.14975100810736863 -0.27862446726241458 -0.18395374325503197 0.08925061799311565 0.38941331994202405 0.048773374857976004 0.0056270597527314607 0.49329366349812709 -0.0034081732758016688 0.025481706859050286 -0.071308058280309491 0.47812079919709105 0.11742141870833658 -0.047347998338095339
leaf_weight=4122 51 702 409 294 608 70 71 332 139 39 308 378 1101 218 339 700 134 367 56 163 72 144 113 132 992 1182 183 63 919 176
leaf_count=4122 51 702 409 294 608 70 71 332 139 39 308 378 1101 218 339 700 134 367 56 163 72 144 113 132 992 1182 183 63 919 176
internal_value=-0.000937283 -0.0388399 0.164064 -0.162179 -0.00565799 0.24918 0.0876671 -0.21281 0.27694 0.325552 0.306651 -0.249809 -0.0311964 0.103451 0.0452388 -0.0708268 -0.0129083 -0.207957 -0.00682978 -0.03817 0.227852 -0.0624136 -0.111211 0.396303 0.0330289 0.053222 -0.153586 0.332923 0.0928511 0.035541
internal_weight=14577 11854 2723 2513 9341 1288 1435 1667 1162 753 714 1222 6220 1364 3121 1964 4256 844 126 1264 380 846 445 334 2782 1790 477 202 1313 394
internal_count=14577 11854 2723 2513 9341 1288 1435 1667 1162 753 714 1222 6220 1364 3121 1964 4256 844 126 1264 380 846 445 334 2782 1790 477 202 1313 394
is_linear=0
shrinkage=0.05


Tree=9
num_leaves=31
num_cat=0
split_feature=12 4 12 0 6 4 4 4 4 0 14 4 15 4 15 6 3 17 12 0 12 6 14 0 14 13 3 8 16 3
split_gain=32910.3 17549.7 5926.95 4825.14 4758.14 3977.21 2271.92 2059.43 2024.44 1393.9 1764.31 1604.45 1432.9 1327.43 1206.92 1202.44 1086.87 966.414 946.455 915.698 915.662 783.569 737.975 717.575 712.658 679.553 670.014 668.603 662.513 660.755
threshold=13.835000000000003 1455452.2500000002 17.435000000000006 29.500000000000004 22.705184500000005 1902024.6000000003 605272.02500000014 1737180.3500000003 2009267.8500000003 31.500000000000004 59.495000000000012 364893.97500000003 6.1225000000000005 149842.19500000004 13.155000000000001 23.674316500000007 25.789642500000003 11.187500000000002 24.780000000000005 27.500000000000004 0.015000000000000001 27.618591500000004 28.802500000000006 43.500000000000007 40.557500000000005 16.565000000000001 13.112243500000002 -1.2213290000000006 65.360000000000014 20.753693000000002
decision_type=2 2 2 2 2 2 2 2 2 2 2 2 2 2 2 2 2 2 2 2 2 2 2 2 2 2 2 2 2 2
left_child=1 3 7 6 8 9 25 -2 17 11 12 -4 13 -11 -8 23 -7 -3 -12 -6 -19 28 -13 -5 -9 -1 -16 -27 -14 -10
right_child=2 4 5 15 19 16 14 24 29 10 18 22 21 -15 26 -17 -18 20 -20 -21 -22 -23 -24 -25 -26 27 -28 -29 -30 -31
leaf_value=-0.017867690606419889 0.1058684892408788 -0.049209667068480713 0.25515646544786602 0.047015165570625725 -0.089910371279564957 -0.23789779768799835 -0.02904037096518643 0.0017268922946908896 -0.29822287159786265 0.28856683865837429 0.38319669077473306 0.19049311923946061 0.22937088976020481 0.84553540766239166 -0.14524320364249574 0.12537887643358889 0.16204522669315338 -0.25913371326572515 0.71801807195879519 0.044622113725737385 -0.13182578393583974 0.49209817722439769 -0.068699933218426615 -0.0063573806005564702 -0.23913771748609311 -0.11734057274602711 -0.06038826516262568 0.20908766194817519 0.4968703692158063 -0.18063588031133015
leaf_weight=4557 1350 162 208 2025 590 53 637 68 587 23 62 43 651 20 686 376 25 251 32 161 323 32 76 914 56 21 352 62 24 150
leaf_count=4557 1350 162 208 2025 590 53 637 68 587 23 62 43 651 20 686 376 25 251 32 161 323 32 76 914 56 21 352 62 24 150
internal_value=-0.000890419 -0.0368979 0.155861 -0.00766132 -0.163493 0.235997 -0.0333042 0.0879567 -0.215714 0.259024 0.29298 0.171384 0.267387 0.547622 -0.0832192 0.0411878 -0.109711 -0.157057 0.497178 -0.0610692 -0.187495 0.250343 0.0249581 0.0304168 -0.107051 -0.0152853 -0.116468 0.126497 0.238882 -0.274291
internal_weight=14577 11854 2723 9630 2224 1249 6315 1474 1473 1171 844 327 750 43 1675 3315 78 736 94 751 574 707 119 2939 124 4640 1038 83 675 737
internal_count=14577 11854 2723 9630 2224 1249 6315 1474 1473 1171 844 327 750 43 1675 3315 78 736 94 751 574 707 119 2939 124 4640 1038 83 675 737
is_linear=0
shrinkage=0.05


Tree=10
num_leaves=31
num_cat=0
split_feature=12 4 5 6 4 12 4 0 4 0 12 16 6 5 8 0 4 14 17 3 7 1 17 5 5 17 17 5 3 5
split_gain=30056.5 17542.7 5259.24 4800.75 3927.87 3037.07 2398.23 1519.71 1378.12 1237.24 1232.3 1208.07 1080.38 1055.02 1117.89 1043.76 1080.43 1046.78 1009.07 929.998 909.308 951.522 944.802 898.072 887.845 765.527 674.811 1164.28 630.519 625.577
threshold=15.235000000000001 1338392.2000000004 12.215000000000002 21.396850500000003 2028379.6500000001 18.075000000000003 2009267.8500000003 28.500000000000004 825446.07500000007 26.500000000000004 6.0150000000000006 64.475000000000009 7.4739838000000001 16.855000000000004 -1.6799014999999995 30.500000000000004 364893.97500000003 60.167500000000011 11.187500000000002 25.789642500000003 26087.747000000003 2.5000000000000004 19.972500000000004 3.0050000000000003 10.535000000000002 11.445000000000002 19.737500000000004 0.015000000000000001 25.085892000000005 18.735000000000003
decision_type=2 2 2 2 2 2 2 2 2 2 2 2 2 2 2 2 2 2 2 2 2 2 2 2 2 2 2 2 2 2
left_child=1 2 7 6 5 24 10 8 26 -5 18 15 -13 28 29 16 -7 20 -3 -6 -17 22 -22 -9 -2 -10 27 -1 -4 -15
right_child=4 3 13 9 19 11 -8 23 25 -11 -12 12 -14 14 -16 17 -18 -19 -20 -21 21 -23 -24 -25 -26 -27 -28 -29 -30 -31
leaf_value=0.18613848085974305 -0.098609913485806167 0.0057525124168023474 0.037522029149569834 -0.097418783180713175 -0.19537462624440713 0.22445950192900807 -0.27111728137939534 0.23861016843213956 -0.013791421257968371 0.023721322728055078 -0.0923572583718235 0.20304917232556777 0.65019667335918974 0.085745143811735855 0.15383737539253031 0.16113301452160592 -0.019187861462788922 0.43752838925998888 -0.23216783803194851 0.11841892417181621 0.40606436391380873 0.21353255501977531 0.14116107374429704 0.010189841561362115 0.13930422968251838 -0.11727219049403044 -0.062915835611446758 -0.018416070947012291 0.15582863674577357 -0.18425345081018241
leaf_weight=71 41 50 2101 629 83 130 669 44 240 317 490 22 35 45 448 210 70 81 410 33 188 223 41 1954 900 700 895 3438 119 41
leaf_count=71 41 50 2101 629 83 130 669 44 240 317 490 22 35 45 448 210 70 81 410 33 188 223 41 1954 900 700 895 3438 119 41
internal_value=-0.000746194 -0.0295465 0.000119028 -0.146312 0.176522 0.193413 -0.1986 -0.021983 -0.0358924 -0.0568253 -0.147533 0.254084 0.477613 0.0590416 0.122141 0.240572 0.139183 0.267864 -0.206307 -0.106106 0.247105 0.287047 0.358636 0.0152201 0.128938 -0.0908516 -0.0241617 -0.0142772 0.0438637 -0.0429751
internal_weight=14718 12661 10096 2565 2057 1941 1619 7342 5344 946 950 1000 57 2754 534 943 200 743 460 116 662 452 229 1998 941 940 4404 3509 2220 86
internal_count=14718 12661 10096 2565 2057 1941 1619 7342 5344 946 950 1000 57 2754 534 943 200 743 460 116 662 452 229 1998 941 940 4404 3509 2220 86
is_linear=0
shrinkage=0.05


Tree=11
num_leaves=31
num_cat=0
split_feature=12 4 5 6 0 9 9 4 4 13 5 15 5 6 3 5 3 1 17 0 13 18 4 0 9 12 5 15 15 9
split_gain=27222.8 14654 5381.71 4022.85 3608.68 2606.33 2128.69 2040.53 1996.34 1585.73 1396.19 1395.42 1362.35 1322.4 1317.53 1449.01 1474.84 1157.9 906.936 895.305 879.886 876.175 872.833 869.748 839.667 758.536 747.665 749.637 669.916 625.055
threshold=13.735000000000001 1338392.2000000004 16.095000000000002 23.189407500000005 28.500000000000004 451441.49999999994 74975.659999999829 2287541.5000000005 2364519.8000000003 1.0000000180025095e-35 18.205000000000002 9.1100000000000012 16.635000000000002 7.1251525000000013 12.544418000000002 23.005000000000006 9.9669797500000019 2.5000000000000004 12.645000000000001 25.500000000000004 5.0050000000000008 -33.287499999999987 869606.05000000016 26.500000000000004 195060.6699999999 18.075000000000003 3.0050000000000003 14.165000000000001 12.117500000000001 -640751.09999999986
decision_type=2 2 2 2 2 2 2 2 2 2 2 2 2 2 2 2 2 2 2 2 2 2 2 2 2 2 2 2 2 2
left_child=1 4 7 8 6 13 12 11 9 19 26 25 18 -4 15 -15 -17 -16 29 -3 -11 -12 -20 -5 -13 -2 -6 -28 -8 -1
right_child=2 3 5 23 10 -7 28 -9 -10 20 21 24 -14 14 17 16 -18 -19 22 -21 -22 -23 -24 -25 -26 -27 27 -29 -30 -31
leaf_value=0.14053094236180186 0.14802740934750311 -0.15366717375671282 0.15553946432041665 -0.082781102229228756 0.23411195084106093 -0.044971214984026224 -0.022759845172430376 -0.1807773389274607 -0.27555239604534892 -0.31714778351972162 -0.15844387841366589 0.079739086434250775 0.13926833135853137 0.30202486167721743 0.30959980714001828 0.91637089933667859 0.37711380273103717 0.16109177506343708 -0.029445869626264068 -0.047538885380572819 -0.17154135214933106 0.17919307896719042 -0.10879702808444434 0.031964164659378992 -0.051935444761445564 0.35626373600076744 0.054135425696715249 0.0040777749573189734 -0.15065591112245946 -0.0020574953487274327
leaf_weight=80 230 509 372 520 43 90 134 74 445 174 21 987 133 241 224 21 32 317 2932 326 257 226 393 242 138 54 1250 1862 434 1957
leaf_count=80 230 509 372 520 43 90 134 74 445 174 21 987 133 241 224 21 32 317 2932 326 257 226 393 242 138 54 1250 1862 434 1957
internal_value=-0.000708884 -0.0335236 0.140206 -0.141899 -0.00520752 0.214595 -0.0283339 0.0751466 -0.184456 -0.152436 0.036008 0.0885876 -0.0188087 0.233949 0.268881 0.35408 0.590782 0.222581 -0.0227297 -0.112233 -0.230324 0.150487 -0.0388248 -0.0463397 0.063587 0.187622 0.0270456 0.0241845 -0.120483 0.00354244
internal_weight=14718 11938 2780 2473 9465 1297 6063 1483 1711 1266 3402 1409 5495 1207 835 294 53 541 5362 835 431 247 3325 762 1125 284 3155 3112 568 2037
internal_count=14718 11938 2780 2473 9465 1297 6063 1483 1711 1266 3402 1409 5495 1207 835 294 53 541 5362 835 431 247 3325 762 1125 284 3155 3112 568 2037
is_linear=0
shrinkage=0.05


Tree=12
num_leaves=31
num_cat=0
split_feature=12 4 5 6 0 9 9 4 17 5 15 6 5 3 5 3 15 13 4 12 16 14 17 4 0 9 5 6 6 15
split_gain=24700.4 12809.6 6216.17 3608.1 3229.3 2390.41 2169.77 1651.63 1596.59 1226.45 1222.27 1187.56 1171.04 1163.59 1307.73 1331.04 1036.36 1010.61 1101.12 841.762 781.08 772.167 764.43 911.569 704.733 696.885 696.805 753.958 661.425 630.815
threshold=12.815000000000003 1455452.2500000002 16.095000000000002 23.755432000000003 28.500000000000004 451441.49999999994 74975.659999999829 2249029.2500000005 12.225000000000001 16.635000000000002 9.1575000000000006 7.1251525000000013 16.855000000000004 12.544418000000002 23.005000000000006 9.9669797500000019 9.0650000000000013 1.0000000180025095e-35 2603940.5000000005 18.075000000000003 51.932500000000012 39.830000000000005 12.437500000000002 869606.05000000016 25.500000000000004 195060.6699999999 0.18000000000000002 11.533615000000001 16.608093000000004 16.992500000000003
decision_type=2 2 2 2 2 2 2 2 2 2 2 2 2 2 2 2 2 2 2 2 2 2 2 2 2 2 2 2 2 2
left_child=1 4 7 8 6 11 9 10 -3 22 19 -4 26 14 -13 -16 -15 18 24 -2 -14 -9 -1 -24 -10 -12 -6 -28 -19 -8
right_child=2 3 5 -5 12 -7 29 21 17 -11 25 13 20 16 15 -17 -18 28 -20 -21 -22 -23 23 -25 -26 -27 27 -29 -30 -31
leaf_value=0.00029614700348095453 0.12508185363215646 -0.090140060440877065 0.14945576932852864 -0.045163758351729859 0.24190081868852889 -0.041241183796006706 -0.0836229647948077 -0.01030041845057343 -0.18975795030490394 0.13024040846303392 0.066380817634195441 0.2869236181274924 0.13886074030055448 0.3117162972563805 0.87055237406776065 0.35825810804963115 0.16503725420967069 -0.32111250083161785 -0.28905713215291418 0.33984124727968901 -0.13195797112481347 -0.28161530970879228 -0.028645803381811909 -0.10410661339636387 -0.076329229722364195 -0.044684988932825534 -0.0063899245150925215 0.045857993815380589 -0.18984423430260966 -0.18892987669940201
leaf_weight=1951 328 330 378 632 35 92 445 61 360 131 1331 241 325 179 21 32 368 280 177 53 29 46 2911 464 221 158 1516 1268 146 209
leaf_count=1951 328 330 378 632 35 92 445 61 360 131 1331 241 325 179 21 32 368 280 177 53 29 46 2911 464 221 158 1516 1268 146 209
internal_value=-0.00067344 -0.0354143 0.120095 -0.145509 -0.00996579 0.20452 -0.0312146 0.0641115 -0.187397 -0.0209005 0.0750434 0.223068 0.0309582 0.256154 0.336376 0.561243 0.213036 -0.214505 -0.179874 0.154957 0.116675 -0.12694 -0.024618 -0.0390203 -0.146612 0.0545955 0.0201942 0.0174069 -0.276124 -0.117276
internal_weight=14718 11430 3288 2146 9284 1311 6111 1977 1514 5457 1870 1219 3173 841 294 53 547 1184 758 381 354 107 5326 3375 581 1489 2819 2784 426 654
internal_count=14718 11430 3288 2146 9284 1311 6111 1977 1514 5457 1870 1219 3173 841 294 53 547 1184 758 381 354 107 5326 3375 581 1489 2819 2784 426 654
is_linear=0
shrinkage=0.05


Tree=13
num_leaves=31
num_cat=0
split_feature=12 4 5 6 0 4 4 9 9 12 6 5 12 15 5 5 16 3 17 15 5 5 5 0 18 12 15 15 7 18
split_gain=22292.1 11579.3 5610.1 3033.24 2694 2233.87 1736.99 1722.39 1514.16 1280.31 1211.97 1130.28 1224.06 1112.51 1090.2 1070.08 1059.12 980.156 931.19 700.123 1088.4 695.009 688.991 672.735 646.963 657.765 628.779 609.72 586.728 659.307
threshold=12.815000000000003 1338392.2000000004 16.095000000000002 22.445999500000003 28.500000000000004 1378742.2000000002 2364519.8000000003 74975.659999999829 852656.51500000013 5.9850000000000012 7.1251525000000013 9.1250000000000018 17.105000000000004 5.8225000000000007 16.635000000000002 14.595000000000001 64.475000000000009 22.975067500000005 11.187500000000002 19.415000000000003 0.015000000000000001 3.0050000000000003 23.005000000000006 27.500000000000004 9.2275000000000027 21.145000000000003 9.0650000000000013 8.9250000000000025 116936.308 -26.779999999999998
decision_type=2 2 2 2 2 2 2 2 2 2 2 2 2 2 2 2 2 2 2 2 2 2 2 2 2 2 2 2 2 2
left_child=1 4 8 6 7 10 9 14 11 18 -4 -2 -13 -14 19 21 24 -7 -3 20 -1 -6 -18 -5 26 -26 27 -12 -21 -30
right_child=2 3 5 23 15 17 -8 -9 -10 -11 16 12 13 -15 -16 -17 22 -19 -20 28 -22 -23 -24 -25 25 -27 -28 -29 29 -31
leaf_value=0.1427174791388891 -0.064234832316941146 0.010535995167231671 0.14230228541909082 -0.074730112001306095 0.21670426069980575 -0.13380888424375478 -0.25635127208353775 -0.11120672834829409 -0.17641728067913881 -0.08558811629044033 0.25569033753286063 0.063990800110356363 0.54416334092617036 0.15381593137899299 0.12372838660278394 0.087305963992922578 0.30013421164906545 0.14224453787090349 -0.20652962281351042 -0.030715901556606723 -0.016755138316867681 0.011561031622151342 0.69625663757324219 0.035781859378795425 0.28214265362076135 0.56061331904851475 0.1868042945183056 0.51543538655553556 -0.34861536026000978 -0.088316592897680249
leaf_weight=110 147 54 380 597 42 68 424 556 65 586 117 1536 20 209 131 646 23 61 581 773 3914 2433 21 179 115 26 472 28 26 378
leaf_count=110 147 54 380 597 42 68 424 556 65 586 117 1536 20 209 131 646 23 61 581 773 3914 2433 21 179 115 26 472 28 26 378
internal_value=-0.000639768 -0.0336436 0.114091 -0.130723 -0.00755523 0.194294 -0.169163 -0.0274617 0.0609059 -0.138886 0.215856 0.0689739 0.0800684 0.187907 -0.0187291 0.0299998 0.250706 -0.00327199 -0.18807 -0.0223172 -0.0123958 0.0150423 0.489193 -0.0492383 0.236863 0.333492 0.214781 0.305848 -0.0562371 -0.105068
internal_weight=14718 11430 3288 2421 9009 1311 1645 5888 1977 1221 1182 1912 1765 229 5332 3121 802 129 635 5201 4024 2475 44 776 758 141 617 145 1177 404
internal_count=14718 11430 3288 2421 9009 1311 1645 5888 1977 1221 1182 1912 1765 229 5332 3121 802 129 635 5201 4024 2475 44 776 758 141 617 145 1177 404
is_linear=0
shrinkage=0.05


Tree=14
num_leaves=31
num_cat=0
split_feature=5 4 12 12 9 14 12 9 0 0 5 6 6 9 14 12 18 3 9 9 12 5 6 16 14 3 3 4 9 9
split_gain=20160.9 9144.52 6001.97 3671.88 3481.96 2352.83 2062.67 1811.68 1603.65 1455.04 1148.04 973.45 1020.26 879.402 843.364 1222.88 778.307 862.259 769.895 764.114 721.69 702.27 664.902 620.834 583.399 751.051 561.733 546.151 543.081 533.282
threshold=13.785000000000002 1113801.9000000001 17.105000000000004 6.1650000000000009 503703.67499999999 39.175000000000004 11.505000000000001 823655.15700000001 27.500000000000004 30.500000000000004 1.0000000180025095e-35 17.989685000000005 3.1091308500000006 67459.132500000022 59.495000000000012 24.780000000000005 -13.297499999999998 24.659363000000003 -347678.09999999992 -1594159.7999999996 18.075000000000003 10.765000000000002 23.092605500000001 20.610000000000003 42.782500000000006 23.962768000000001 14.365158250000002 1636597.1500000001 -440680.74999999994 -335671.00000000006
decision_type=2 2 2 2 2 2 2 2 2 2 2 2 2 2 2 2 2 2 2 2 2 2 2 2 2 2 2 2 2 2
left_child=1 6 4 11 24 9 10 14 18 29 -1 12 -3 19 16 -16 -4 -18 -7 -12 28 -21 -11 -19 25 -2 -6 -14 -8 -5
right_child=2 3 7 5 26 8 20 -9 -10 22 13 -13 27 -15 15 -17 17 23 -20 21 -22 -23 -24 -25 -26 -27 -28 -29 -30 -31
leaf_value=0.18629419126293878 0.049042671337008611 -0.05234886192036077 0.47969686777695364 0.050753318833375582 -0.21931010632287889 0.016135870511917508 0.18916392229819814 -0.12087412977287935 -0.029206952236611679 0.041363960877060894 0.12483356356742266 -0.11354842588067837 -0.16538811815354004 -0.092614082891074298 0.24378777329550416 0.58287004999378156 0.15651413396325947 0.40374970357926171 -0.23499916620465033 -0.038003036534081026 0.17728991740664771 -0.0020590333101983349 0.37038681699949155 0.22005444712897038 0.13349845531399027 0.13310000529220306 -0.053726596111431713 -0.25224658302755387 0.025574621828549027 -0.044630795041440713
leaf_weight=66 1400 104 23 178 105 34 52 43 197 28 92 533 292 426 122 34 689 61 298 2787 86 2652 34 187 379 328 100 476 2083 829
leaf_count=66 1400 104 23 178 105 34 52 43 197 28 92 533 292 426 122 34 689 61 298 2787 86 2652 34 187 379 328 100 476 2083 829
internal_value=-0.000607779 -0.0331173 0.104732 -0.107818 0.05818 -0.0559752 -0.00590649 0.197595 -0.142221 -0.0132961 -0.0210939 -0.166782 -0.19932 -0.0233916 0.209865 0.31769 0.192344 0.18529 -0.209281 -0.0180601 0.0352793 -0.0204771 0.221796 0.265238 0.0773196 0.064998 -0.138538 -0.219222 0.029559 -0.0277704
internal_weight=14718 11247 3471 3003 2312 1598 8244 1159 529 1069 6023 1405 872 5957 1116 156 960 937 332 5531 2221 5439 62 248 2107 1728 205 768 2135 1007
internal_count=14718 11247 3471 3003 2312 1598 8244 1159 529 1069 6023 1405 872 5957 1116 156 960 937 332 5531 2221 5439 62 248 2107 1728 205 768 2135 1007
is_linear=0
shrinkage=0.05


Tree=15
num_leaves=31
num_cat=0
split_feature=5 4 15 12 9 12 0 0 16 9 5 5 15 14 9 12 4 1 4 0 15 4 13 1 0 12 17 9 9 18
split_gain=17884.3 8352.02 4587.07 4457.37 2764.43 2153.26 1740.96 1667.59 1556.01 1330.36 971.351 1048.42 911.179 969.299 896.341 851.721 840.93 835.504 825.262 816.878 769.654 983.174 710.35 673.412 568.438 549.946 548.92 539.311 526.062 436.434
threshold=14.505000000000001 1231743.0000000002 11.625000000000002 17.105000000000004 267751.73000000004 11.775 25.500000000000004 30.500000000000004 64.475000000000009 823655.15700000001 1.0000000180025095e-35 10.765000000000002 6.1225000000000005 50.367500000000007 -775582.74999999977 22.050000000000004 2232097.7500000005 2.5000000000000004 2424543.3000000003 30.500000000000004 14.595000000000001 258885.39000000004 1.0000000180025095e-35 2.5000000000000004 33.500000000000007 9.4250000000000025 11.187500000000002 102723.28000000007 -167741.35000000001 0.88250000000000217
decision_type=2 2 2 2 2 2 2 2 2 2 2 2 2 2 2 2 2 2 2 2 2 2 2 2 2 2 2 2 2 2
left_child=1 5 7 4 17 8 16 25 10 12 -1 14 -5 23 -12 27 26 -2 22 -6 -16 -22 -8 -14 -17 -3 -4 -15 29 -7
right_child=3 2 6 9 19 28 18 -9 -10 -11 11 -13 13 15 20 24 -18 -19 -20 -21 21 -23 -24 -25 -26 -27 -28 -29 -30 -31
leaf_value=0.18000934045822894 0.14855056597740482 -0.06889000751627801 -0.033469113616627598 0.43479541769394514 -0.14599539548148469 0.214380155152992 -0.011153792838114455 0.27766093681566417 0.39332795713258828 -0.11569056547113828 0.048488268200659532 -0.00047998894542847134 0.20988743480527083 0.23368619321422146 -0.023177325642728078 0.17703488518794377 -0.24299432235695512 0.065910437863870866 -0.18459473295501 0.04158218171009246 -0.042505782729420738 -0.12562120793256876 -0.12407065357001407 0.11432554405297013 0.45850894852003582 0.012682157930627264 -0.16935327201092601 -0.032796838737669441 0.034194288849950204 0.035336650468286927
leaf_weight=61 410 388 84 39 183 77 330 48 23 35 265 3341 337 198 1620 24 413 1204 169 85 985 557 241 407 71 442 645 21 1935 61
leaf_count=61 410 388 84 39 183 77 330 48 23 35 265 3341 337 198 1620 24 413 1204 169 85 985 557 241 407 71 442 645 21 1935 61
internal_value=0.000773766 -0.0272366 -0.103252 0.109368 0.06221 -0.0037294 -0.147279 -0.00887937 -0.0172378 0.187769 -0.0186206 -0.0204109 0.197451 0.188702 -0.0398416 0.26237 -0.18599 0.0869033 -0.0875382 -0.0865025 -0.0472443 -0.0725287 -0.0588122 0.157611 0.3874 -0.0254504 -0.153696 0.208133 0.0409208 0.135238
internal_weight=14699 11685 2760 3014 1882 8925 1882 878 6852 1132 6829 6768 1097 1058 3427 314 1142 1614 740 268 3162 1542 571 744 95 830 729 219 2073 138
internal_count=14699 11685 2760 3014 1882 8925 1882 878 6852 1132 6829 6768 1097 1058 3427 314 1142 1614 740 268 3162 1542 571 744 95 830 729 219 2073 138
is_linear=0
shrinkage=0.05


Tree=16
num_leaves=31
num_cat=0
split_feature=0 4 12 15 12 4 5 16 16 0 14 15 4 9 3 15 0 17 1 5 0 3 3 3 14 3 17 9 1 9
split_gain=16391.5 8415.63 7530.64 4396.1 2770.1 1683.58 1377.21 1181.1 1054.47 987.303 937.169 1057.89 1103.03 872.591 723.282 687.956 680.954 616.167 614.365 600.95 549.459 543.561 520.269 519.818 515.934 493.628 462.48 514.532 460.494 460.431
threshold=30.500000000000004 972299.68000000017 17.105000000000004 11.625000000000002 13.225000000000003 2364519.8000000003 14.845000000000001 64.475000000000009 45.687500000000007 25.500000000000004 59.495000000000012 6.1225000000000005 343020.12500000006 67459.132500000022 18.432022500000006 12.437500000000002 42.500000000000007 11.187500000000002 2.5000000000000004 16.635000000000002 26.500000000000004 9.5351870000000023 24.830154500000003 13.239258000000001 36.565000000000005 25.789642500000003 14.915000000000001 -428441.04499999998 4.5000000000000009 -414624.03000000003
decision_type=2 2 2 2 2 2 2 2 2 2 2 2 2 2 2 2 2 2 2 2 2 2 2 2 2 2 2 2 2 2
left_child=1 4 6 20 7 9 15 13 -6 17 11 12 -4 19 -7 16 22 -5 -8 26 24 -12 -2 28 -3 -13 27 -1 -19 -11
right_child=2 3 10 5 8 14 18 -9 -10 29 21 25 -14 -15 -16 -17 -18 23 -20 -21 -22 -23 -24 -25 -26 -27 -28 -29 -30 -31
leaf_value=0.091256125322061371 0.090009356579362543 -0.027024533954913998 0.19692190576876914 -0.045662893918789416 0.038752098899486886 -0.25594504835432047 0.15322268946828055 0.36883950769901275 0.16804768941564752 0.017097539807656322 0.49538401639139329 0.14978768970694001 0.67002836056053638 -0.094384458784744552 -0.14143448142578138 0.010774495227128492 0.020465499605547558 -0.15262674927975187 0.069084157299870289 0.096015651791822171 0.041434282372151882 0.2553146636958879 0.28120086639164349 -0.11190541376831101 -0.1821886029736749 0.25289257837736862 -0.031410245527485781 -0.005446487159367245 -0.243384406660442 -0.086753465533909058
leaf_weight=145 406 702 28 146 361 364 287 20 280 138 37 657 22 334 222 2179 470 396 889 128 296 65 39 410 58 141 2113 2679 216 471
leaf_count=145 406 702 28 146 361 364 287 20 280 138 37 657 22 334 222 2179 470 396 889 128 296 65 39 410 58 141 2113 2679 216 471
internal_value=0.000735078 -0.0384471 0.0718861 -0.101169 -0.00306 -0.13907 0.0435592 -0.0146866 0.0952307 -0.114834 0.199208 0.181984 0.405089 -0.0161073 -0.212564 0.0260527 0.0624365 -0.141746 0.089618 -0.0109455 -0.0163576 0.342399 0.106765 -0.155472 -0.038866 0.168005 -0.0137186 -0.000481233 -0.184659 -0.0632207
internal_weight=14699 9479 5220 3419 6060 2363 4270 5419 641 1777 950 848 50 5399 586 3094 915 1168 1176 5065 1056 102 445 1022 760 798 4937 2824 612 609
internal_count=14699 9479 5220 3419 6060 2363 4270 5419 641 1777 950 848 50 5399 586 3094 915 1168 1176 5065 1056 102 445 1022 760 798 4937 2824 612 609
is_linear=0
shrinkage=0.05


Tree=17
num_leaves=31
num_cat=0
split_feature=0 4 12 15 12 4 3 15 0 6 16 9 16 14 15 4 17 17 6 18 12 9 13 14 0 15 12 6 6 0
split_gain=14793.3 7622.19 6796.4 3891.09 2683.41 1941.03 1159.05 1124.8 1347.12 1149.18 1098.24 914.482 1301.49 845.795 954.742 995.487 784.785 713.018 686.297 678.167 643.228 608.696 584.659 883.979 536.64 529.474 511.681 484.534 479.619 475.805
threshold=30.500000000000004 825446.07500000007 17.105000000000004 11.625000000000002 15.555000000000001 1636597.1500000001 14.469314500000001 12.437500000000002 40.500000000000007 13.558670000000001 64.475000000000009 -428441.04499999998 19.862500000000001 59.495000000000012 6.1225000000000005 343020.12500000006 9.3625000000000025 10.412500000000001 26.832977500000002 -26.779999999999998 10.705000000000002 74975.659999999829 13.705000000000002 44.750000000000007 26.500000000000004 22.590000000000003 22.050000000000004 6.3247986500000009 13.818695000000002 25.500000000000004
decision_type=2 2 2 2 2 2 2 2 2 2 2 2 2 2 2 2 2 2 2 2 2 2 2 2 2 2 2 2 2 2
left_child=1 4 7 24 10 11 17 8 9 -2 20 12 -5 14 15 -4 -13 -7 -16 -14 21 -1 23 -9 -3 29 -15 -25 -26 -8
right_child=2 3 13 5 -6 6 25 22 -10 -11 -12 16 19 26 18 -17 -18 -19 -20 -21 -22 -23 -24 27 28 -27 -28 -29 -30 -31
leaf_value=-0.019721362234493053 0.079990069303737837 -0.03619485535075611 0.18707581107903803 -0.30152056817896666 0.12785506452341119 0.052065100117276109 -0.14432269405444323 -0.0021126552360757325 0.035130318361323278 0.22509904955903537 0.33543360168519232 0.13228990683770356 -0.2277068238366734 0.23158327426761388 0.14205440308586467 0.63652692769061447 -0.11216265388483633 -0.22564013438007705 0.28210974895954133 0.063096027315256348 0.010810859086450277 -0.11747408475875135 0.074063766391247024 0.19356251021518428 -0.042366779945683629 -0.27278089357746976 0.45912933470237827 0.051651435348092661 0.086041704340787672 -0.055914942499995235
leaf_weight=3058 342 831 28 32 382 24 389 1891 726 227 23 34 22 60 698 22 956 626 100 226 2087 168 495 68 113 54 42 521 204 250
leaf_count=3058 342 831 28 32 382 24 389 1891 726 227 23 34 22 60 698 22 956 626 100 226 2087 168 495 68 113 54 42 521 204 250
internal_value=0.000698324 -0.0365248 0.0682918 -0.0918087 -0.000161893 -0.125518 -0.167425 0.0413812 0.080277 0.137881 -0.00932652 -0.0812033 -0.00142324 0.189247 0.172885 0.384834 -0.103767 -0.215386 0.159605 0.037299 -0.010819 -0.024812 0.0244501 0.0145474 -0.0150809 -0.122439 0.325279 0.0680351 0.0402683 -0.109734
internal_weight=14699 9479 5220 3761 5718 2613 1343 4270 1295 569 5336 1270 280 950 848 50 990 650 798 248 5313 3226 2975 2480 1148 693 102 589 317 639
internal_count=14699 9479 5220 3761 5718 2613 1343 4270 1295 569 5336 1270 280 950 848 50 990 650 798 248 5313 3226 2975 2480 1148 693 102 589 317 639
is_linear=0
shrinkage=0.05


Tree=18
num_leaves=31
num_cat=0
split_feature=5 4 12 9 3 12 5 9 16 4 9 15 4 15 1 9 12 15 3 5 3 9 4 1 15 3 0 16 0 4
split_gain=13537.2 5497.35 5187.89 2453.85 2350.73 1540.66 1361.4 1150.22 1091.23 1100.06 1347.19 940.142 922.5 846.024 820.843 816.656 721.109 890.987 867.974 713.225 712.094 602.732 592.769 590.321 556.103 531.103 491.303 489.053 456.279 445.509
threshold=12.365 1776194.8 17.105000000000004 267751.73000000004 20.753693000000002 10.135000000000003 1.0000000180025095e-35 823655.15700000001 64.475000000000009 270952.315 -809768.72999999986 6.1225000000000005 149842.19500000004 14.595000000000001 3.5000000000000004 -414624.03000000003 22.050000000000004 13.640000000000002 9.5351870000000023 18.925000000000004 14.711716000000001 -10056.999999999998 2508119.2500000005 4.5000000000000009 16.515000000000004 26.826264000000005 25.500000000000004 55.440000000000005 25.500000000000004 1345086.1500000001
decision_type=2 2 2 2 2 2 2 2 2 2 2 2 2 2 2 2 2 2 2 2 2 2 2 2 2 2 2 2 2 2
left_child=1 5 3 14 22 6 -1 11 9 -8 -11 12 -4 -12 21 -7 25 -18 -19 -16 29 -2 23 28 26 -13 -6 -21 -3 -5
right_child=2 4 7 20 24 15 8 -9 -10 10 13 16 -14 -15 19 -17 17 18 -20 27 -22 -23 -24 -25 -26 -27 -28 -29 -30 -31
leaf_value=0.18778561113485651 0.16772855213308271 -0.15756616441130236 0.19169945179764181 -0.057415572577651508 -0.067394121277409527 0.1309780573436001 -0.017376762027533955 -0.11306673340700768 0.28374521801104913 0.028763361118035392 -0.046773929612801302 0.12994635773536106 0.64728980231564492 -0.11432443758824384 0.019494152707553364 0.0025444847034265081 0.18047173972091368 0.6487096740499787 0.25549088935755815 0.13704690526420665 -0.0079509988235550357 0.071322180504280602 -0.23719658046607456 -0.23052061244472866 -0.13842126610778993 0.27439033328623014 0.028700439393177703 -0.088658760874359699 -0.0430445924459898 -0.20387420504964116
leaf_weight=67 188 222 25 94 357 128 2350 37 26 316 867 819 20 996 1469 3747 155 23 36 216 209 1178 282 150 155 69 212 27 143 116
leaf_count=67 188 222 25 94 357 128 2350 37 26 316 867 819 20 996 1469 3747 155 23 36 216 209 1178 282 150 155 69 212 27 143 116
internal_value=0.000663408 -0.0321363 0.0708593 0.0402309 -0.11968 -0.0164656 -0.03596 0.161322 -0.0392511 -0.0411054 -0.0666962 0.170173 0.394184 -0.0828879 0.0556841 0.00678694 0.161026 0.243416 0.40878 0.0326199 -0.0732893 0.0845904 -0.178924 -0.147016 -0.054462 0.14117 -0.0315909 0.111968 -0.112699 -0.138317
internal_weight=14699 10018 4681 3497 1521 8497 4622 1184 4555 4529 2179 1147 45 1863 3078 3875 1102 214 59 1712 419 1366 797 515 724 888 569 243 365 210
internal_count=14699 10018 4681 3497 1521 8497 4622 1184 4555 4529 2179 1147 45 1863 3078 3875 1102 214 59 1712 419 1366 797 515 724 888 569 243 365 210
is_linear=0
shrinkage=0.05


Tree=19
num_leaves=31
num_cat=0
split_feature=0 4 12 15 5 9 5 15 9 4 1 3 17 14 1 9 0 15 6 5 4 15 16 12 0 14 6 15 15 0
split_gain=12346.6 6308.24 5563.01 3035.37 2170.01 1447.29 1369.46 1014.71 966.96 1202.96 1112.88 893.355 1185.5 773.923 738.927 639.869 622.821 759.069 704.813 556.471 525.181 522.933 519.265 471.457 460.481 439.191 464.729 417.041 414.02 412.58
threshold=30.500000000000004 1315499.5000000002 18.075000000000003 11.642500000000002 16.315000000000001 105615.50000000001 14.845000000000001 6.1225000000000005 -775582.74999999977 270952.315 4.5000000000000009 14.469314500000001 10.152500000000002 59.495000000000012 2.5000000000000004 -414624.03000000003 42.500000000000007 14.112500000000002 12.044754000000003 5.0050000000000008 1830859.1000000003 22.590000000000003 60.082500000000003 13.225000000000003 21.500000000000004 28.802500000000006 28.381973500000004 18.730000000000004 23.797500000000003 15.500000000000002
decision_type=2 2 2 2 2 2 2 2 2 2 2 2 2 2 2 2 2 2 2 2 2 2 2 2 2 2 2 2 2 2
left_child=1 4 6 25 8 -6 16 -4 22 23 29 12 -5 -9 27 -13 17 18 -2 -12 24 -17 -1 -10 -14 26 -3 -8 -22 -11
right_child=2 3 7 11 5 -7 14 13 9 10 19 15 20 -15 -16 21 -18 -19 -20 -21 28 -23 -24 -25 -26 -27 -28 -29 -30 -31
leaf_value=0.049739242533363703 0.041612252679965683 -0.0077265689111775506 0.44049882963299752 0.11381375245483859 0.12811830350209211 -0.14725281322995823 0.16045468767512253 0.15281576102978475 -0.010196988572852971 -0.082575118369434861 -0.33787178573785009 0.0058495453772608383 -0.21348591804840511 0.30484423364978286 0.060506482022504832 -0.10571976586939867 -0.0040379800529120515 0.015468051576008311 0.14300479784236142 -0.10463486448399846 -0.23864793585426419 -0.26772651494377192 0.2868575148582459 0.057717638964263296 -0.09808917746174306 -0.077172368829131366 0.22644046179272911 -0.040531008956687792 -0.12461095673862299 -0.015122841622443964
leaf_weight=302 437 574 37 35 410 54 330 654 3995 291 27 122 133 96 955 642 1288 1113 282 484 406 54 25 273 247 258 22 28 99 1026
leaf_count=302 437 574 37 35 410 54 330 654 3995 291 27 122 133 96 955 642 1288 1113 282 484 406 54 25 273 247 258 22 28 99 1026
internal_value=0.000630238 -0.0333756 0.0623814 -0.0998631 -0.00835222 0.0960708 0.0406329 0.184886 -0.0158958 -0.020389 -0.0543278 -0.137791 -0.171593 0.172275 0.0834721 -0.0997747 0.0226048 0.0413362 0.0813796 -0.116959 -0.18288 -0.118289 0.0678676 -0.00585287 -0.138478 -0.0226743 0.000917181 0.144735 -0.216292 -0.0300269
internal_weight=14699 9479 5220 2592 6887 464 4433 787 6423 6096 1828 1738 920 750 1313 818 3120 1832 719 511 885 696 327 4268 380 854 596 358 505 1317
internal_count=14699 9479 5220 2592 6887 464 4433 787 6423 6096 1828 1738 920 750 1313 818 3120 1832 719 511 885 696 327 4268 380 854 596 358 505 1317
is_linear=0
shrinkage=0.05


Tree=20
num_leaves=31
num_cat=0
split_feature=0 4 12 15 12 4 6 0 15 0 6 14 17 1 15 4 6 16 16 9 16 15 9 5 4 5 14 0 6 5
split_gain=11324.6 5571.63 5022 2818.58 2144.22 1355.6 1047.6 775.616 745.227 849.577 1055.19 675.656 641.603 622.622 788.442 812.328 578.349 527.344 515.226 683.159 505.814 483.539 463.376 460.579 449.623 445.989 427.818 422.472 491.941 421.108
threshold=30.500000000000004 825446.07500000007 17.105000000000004 11.625000000000002 13.225000000000003 2364519.8000000003 25.130554500000006 25.500000000000004 14.202500000000002 40.500000000000007 10.652008000000002 59.495000000000012 11.187500000000002 2.5000000000000004 16.017500000000002 47980.013500000008 17.798813000000006 45.687500000000007 21.740000000000006 -370605.51999999984 63.960000000000008 5.8225000000000007 160163.80000000008 3.0050000000000003 2669811.5000000005 11.045000000000002 15.020000000000001 34.500000000000007 9.5000610000000005 18.925000000000004
decision_type=2 2 2 2 2 2 2 2 2 2 2 2 2 2 2 2 2 2 2 2 2 2 2 2 2 2 2 2 2 2
left_child=1 4 6 24 20 7 8 12 9 10 -2 13 23 14 15 -4 -7 26 -14 -20 22 -17 25 -5 -3 -1 -6 -13 -29 -10
right_child=2 3 11 5 17 16 -8 -9 29 -11 -12 27 18 -15 -16 21 -18 -19 19 -21 -22 -23 -24 -25 -26 -27 -28 28 -30 -31
leaf_value=-0.023121619961789797 0.045764271433296554 -0.006175565807177652 0.11636119600799349 0.20413962960243226 0.24192772461817813 -0.21637926793979778 0.13451849655302581 -0.046191556143061717 0.0065658037763421037 0.022010654966956616 0.1619327654455438 0.091007407027341072 -0.18239103101213042 0.10295501685288205 0.02388441761234595 0.49769014829681035 -0.11079046898964429 0.14164495727776802 -0.026800474578862272 -0.13028717656733321 0.193268629933397 0.24736091711967087 -0.10403200717573918 -0.051100950032062102 -0.11358348771529359 0.007416457694469929 0.030772671495008494 0.19915759264011726 0.45580799995466725 0.095422213203208137
leaf_weight=2810 486 1090 135 20 26 353 257 683 2186 902 327 21 292 381 62 21 205 263 209 673 30 237 135 152 107 2081 310 33 43 142
leaf_count=2810 486 1090 135 20 26 353 257 683 2186 902 327 21 292 381 62 21 205 263 209 673 30 237 135 152 107 2081 310 33 43 142
internal_value=0.000452477 -0.0322552 0.0594488 -0.0792164 -0.000831493 -0.10857 0.0366328 -0.089589 0.0304106 0.055421 0.0924889 0.164603 -0.11161 0.150109 0.189595 0.215737 -0.177588 0.0886182 -0.124823 -0.105765 -0.0114289 0.267737 -0.0126507 -0.0214218 -0.0157768 -0.0101284 0.0471121 0.289516 0.344368 0.0119857
internal_weight=14672 9439 5233 3784 5655 2587 4300 2029 4043 1715 813 933 1346 836 455 393 558 599 1174 882 5056 258 5026 172 1197 4891 336 97 76 2328
internal_count=14672 9439 5233 3784 5655 2587 4300 2029 4043 1715 813 933 1346 836 455 393 558 599 1174 882 5056 258 5026 172 1197 4891 336 97 76 2328
is_linear=0
shrinkage=0.05


Tree=21
num_leaves=31
num_cat=0
split_feature=0 4 12 15 12 9 6 17 0 15 18 16 14 17 14 6 3 15 9 16 16 9 1 5 9 14 15 5 16 14
split_gain=10220.5 5028.4 4532.36 2543.77 1935.16 1257.85 945.46 776.713 690.447 909.161 627.826 611.989 668.628 664.551 609.78 581.36 569.524 725.187 490.532 475.928 471.345 598.801 515.539 436.117 435.726 575.229 448.064 428.371 427.821 418.955
threshold=30.500000000000004 825446.07500000007 17.105000000000004 11.625000000000002 13.225000000000003 351077.23000000004 25.130554500000006 10.877500000000001 42.500000000000007 13.127500000000003 -27.574999999999999 44.750000000000007 59.857500000000009 14.447500000000003 59.495000000000012 10.251815500000001 24.904159500000002 6.580000000000001 -893023.7999999997 45.687500000000007 21.740000000000006 -506453.70000000001 4.5000000000000009 10.765000000000002 -347678.09999999992 36.565000000000005 10.877500000000001 5.0150000000000006 58.212500000000013 42.992500000000007
decision_type=2 2 2 2 2 2 2 2 2 2 2 2 2 2 2 2 2 2 2 2 2 2 2 2 2 2 2 2 2 2
left_child=1 4 6 24 18 7 8 27 9 15 -9 12 20 -13 16 -2 -4 -18 -1 -6 22 -22 -12 -20 26 -26 -3 -5 -7 -11
right_child=2 3 14 5 19 28 -8 10 -10 29 11 13 -14 -15 -16 -17 17 -19 23 -21 21 -23 -24 -25 25 -27 -28 -29 -30 -31
leaf_value=0.084634701795307285 0.052765469604529061 0.015704905757718168 0.11832129138764805 0.21130970095594725 0.044756447798517049 -0.13813884978811372 0.1277925714083987 -0.24063967510835449 0.0002970596834921185 0.01241718234348451 -0.075821679236101266 -0.14222603081757432 -0.29040849533948032 0.03579294472727524 0.27504067212035976 0.14064210748220035 0.48472527184269643 0.18173800520574762 -0.029449195273436188 0.13456270943179782 0.01880691715339625 -0.091315962313397475 -0.19375052020322475 0.00039413936990390585 -0.021165231819789607 -0.20052704715982395 0.20314899384975435 -0.013571617022777597 -0.23765290933331165 0.069075713428069979
leaf_weight=131 451 198 621 24 336 722 257 67 1387 1462 175 73 44 186 97 323 22 193 2276 263 153 639 197 2649 914 47 38 180 127 420
leaf_count=131 451 198 621 24 336 722 257 67 1387 1462 175 73 44 186 97 323 22 193 2276 263 153 639 197 2649 914 47 38 180 127 420
internal_value=0.000429853 -0.0306425 0.0564764 -0.0752556 -0.000789918 -0.103141 0.0348012 -0.0787735 0.02889 0.0438217 -0.0909628 -0.0841268 -0.0990803 -0.0143823 0.156373 0.0894375 0.142604 0.212741 -0.0108574 0.0841872 -0.091848 -0.0700422 -0.138273 -0.0133974 -0.0149879 -0.0299373 0.0458866 0.012885 -0.153025 0.0250615
internal_weight=14672 9439 5233 3784 5655 2587 4300 1738 4043 2656 1534 1467 1208 259 933 774 836 215 5056 599 1164 792 372 4925 1197 961 236 204 849 1882
internal_count=14672 9439 5233 3784 5655 2587 4300 1738 4043 2656 1534 1467 1208 259 933 774 836 215 5056 599 1164 792 372 4925 1197 961 236 204 849 1882
is_linear=0
shrinkage=0.05


Tree=22
num_leaves=31
num_cat=0
split_feature=0 4 12 15 12 3 3 16 16 9 17 15 0 14 6 15 14 13 9 16 17 6 4 14 12 16 17 9 15 3
split_gain=9223.99 4580.03 4090.98 2229.85 1701.83 1056.81 921.46 846.799 800.783 708.77 684.909 654.575 703.69 653.417 626.241 588.779 565.019 552.139 477.178 471.253 578.607 497.489 469.875 459.291 420.742 420.582 398.051 393.357 378.283 374.19
threshold=30.500000000000004 1431707.5000000002 18.295000000000005 12.117500000000001 11.855000000000002 25.085892000000005 14.469314500000001 64.475000000000009 44.750000000000007 51941.274999999987 10.507500000000002 13.127500000000003 40.500000000000007 44.362500000000004 10.652008000000002 6.1225000000000005 59.495000000000012 12.245000000000003 -440680.74999999994 43.51250000000001 12.437500000000002 4.8143310500000007 270952.315 16.245000000000005 9.5050000000000008 36.105000000000004 19.937500000000004 -506453.70000000001 22.590000000000003 7.9889373000000008
decision_type=2 2 2 2 2 2 2 2 2 2 2 2 2 2 2 2 2 2 2 2 2 2 2 2 2 2 2 2 2 2
left_child=1 4 5 24 7 11 10 9 18 19 -5 12 14 17 -2 -4 -17 -13 -6 20 -1 -21 -22 -20 -3 -7 -10 -8 -29 -15
right_child=2 3 15 6 8 25 27 -9 26 -11 -12 13 -14 29 -16 16 -18 -19 23 21 22 -23 -24 -25 -26 -27 -28 28 -30 -31
leaf_value=0.001937634778706724 0.056576303772549755 -0.060494129941404122 0.3794760207086802 0.11077334569259123 0.17890254985127185 0.14986940667595502 0.010029685865807277 0.3041190913319588 0.14038746101552591 -0.067754400131032455 -0.1722918337673397 -0.014069215588349379 0.0234041347987132 0.1293045349875275 0.15753231371063892 0.13605434040917222 0.26824494462500337 0.043113643013117514 0.14847105189772516 0.17765717158714933 -0.022449347173507092 0.011112296689649095 -0.068929408838147632 0.003185829439691638 0.01004731096472488 0.010476695131236578 0.0098398195898258389 -0.089047105365455903 -0.23348842123333291 0.038197030362867854
leaf_weight=1640 409 413 30 22 45 265 93 20 252 732 746 1551 743 147 246 618 93 580 58 48 1886 681 764 876 433 68 76 605 49 483
leaf_count=1640 409 413 30 22 45 265 93 20 252 732 746 1551 743 147 246 618 93 580 58 48 1886 681 764 876 433 68 76 605 49 483
internal_value=0.000408361 -0.0291103 0.0536526 -0.0894146 -0.00899469 0.0356971 -0.125726 -0.0206624 0.0425235 -0.0217919 -0.164183 0.0288347 0.056711 0.0147198 0.0944926 0.1625 0.153345 0.0014944 0.01987 -0.0150884 -0.0214042 0.0220782 -0.0358496 0.0122078 -0.0243896 0.121405 0.110139 -0.086187 -0.0998692 0.0594554
internal_weight=14672 9439 5233 2361 7078 4492 1515 5771 1307 5751 768 4159 1398 2761 655 741 711 2131 979 5019 4290 729 2650 934 846 333 328 747 654 630
internal_count=14672 9439 5233 2361 7078 4492 1515 5771 1307 5751 768 4159 1398 2761 655 741 711 2131 979 5019 4290 729 2650 934 846 333 328 747 654 630
is_linear=0
shrinkage=0.05


Tree=23
num_leaves=31
num_cat=0
split_feature=5 4 9 12 3 12 1 5 15 16 14 4 9 15 16 18 13 18 4 9 18 13 8 15 15 9 14 5 15 12
split_gain=8621.61 3744.88 2627.78 2185.37 1600.95 1328.73 889.419 867.141 681.211 656.367 655.904 633.719 859.964 654.493 585.737 695.242 573.316 520.929 516.316 510.555 604.246 482.519 498.848 477.259 426.258 478.677 418.762 423.682 413.383 526.635
threshold=13.285000000000002 1797391.0500000003 823655.15700000001 18.405000000000005 24.111526500000004 10.755000000000001 2.5000000000000004 1.0000000180025095e-35 6.1225000000000005 64.475000000000009 65.480000000000004 270952.315 -347678.09999999992 14.595000000000001 20.500000000000004 -26.779999999999998 1.0000000180025095e-35 10.420000000000002 2478247.5000000005 -167741.35000000001 0.19749999999999804 12.365 -1.3523713499999992 18.447500000000005 14.622500000000002 -30896.499999999996 49.952500000000008 25.005000000000006 13.127500000000003 17.905000000000005
decision_type=2 2 2 2 2 2 2 2 2 2 2 2 2 2 2 2 2 2 2 2 2 2 2 2 2 2 2 2 2 2
left_child=1 5 3 6 16 7 24 -1 -5 11 21 -9 14 -14 23 -16 18 -17 -3 20 -7 -8 -23 -13 25 -2 -10 -28 29 -21
right_child=2 4 -4 8 -6 19 10 9 26 -11 -12 12 13 -15 15 17 -18 -19 -20 28 -22 22 -24 -25 -26 -27 27 -29 -30 -31
leaf_value=0.15518378278974332 0.26060856088463752 -0.073710532385377975 -0.11739937741259064 0.39599345231221783 -0.024638552472752054 0.18265469438059534 0.015264468101694996 -0.013475562437307097 0.11550075596393575 0.22357384469360114 0.23454984455573849 -0.0061280018569510666 -0.035460754369465199 -0.094856397783649085 -0.13678439056532363 0.062111925061977116 -0.19323676052263053 -0.11485987795192912 -0.16206399013363099 0.01928795706255863 0.021783459540713555 -0.020670416579407647 0.092094322442029475 -0.18725836454241565 0.037777149252275509 0.10679812580667594 0.16729326057109503 0.35348113812506199 -0.011328345383702705 0.17361703556880617
leaf_weight=66 56 417 185 27 520 94 1302 3218 525 26 41 81 947 909 59 433 283 46 274 1830 154 123 484 66 205 523 202 36 1483 57
leaf_count=66 56 417 185 27 520 94 1302 3218 525 26 41 81 947 909 59 433 283 46 274 1830 154 123 484 66 205 523 202 36 1483 57
internal_value=0.000387943 -0.0219058 0.0662834 0.0759263 -0.0954758 -0.0102981 0.0547607 -0.0250265 0.149175 -0.0270825 0.036678 -0.0282141 -0.0468794 -0.0645505 0.00100031 0.0251685 -0.133294 0.0451167 -0.108745 0.0135206 0.0827588 0.0324282 0.0692441 -0.0874518 0.099737 0.121674 0.140441 0.195456 0.00842528 0.0239497
internal_weight=14672 10963 3709 3524 1494 9469 2734 5851 790 5785 1950 5759 2541 1856 685 538 974 479 691 3618 248 1909 607 147 784 579 763 238 3370 1887
internal_count=14672 10963 3709 3524 1494 9469 2734 5851 790 5785 1950 5759 2541 1856 685 538 974 479 691 3618 248 1909 607 147 784 579 763 238 3370 1887
is_linear=0
shrinkage=0.05


Tree=24
num_leaves=31
num_cat=0
split_feature=5 4 12 9 6 9 15 9 14 8 5 12 5 1 15 8 3 12 4 0 17 17 3 9 4 17 9 14 12 14
split_gain=7811.82 3136.62 2848.72 1475.5 1366.21 990.906 828.055 791.846 733.155 672.164 611.694 669.155 560.826 615.65 547.141 528.116 517.038 511.245 495.823 444.458 442.038 508.762 387.207 416.872 382.463 371.131 367.86 364.583 349.25 406.763
threshold=12.005000000000001 1636597.1500000001 17.105000000000004 253459.99799999999 22.792633000000006 823655.15700000001 19.415000000000003 -809768.72999999986 55.440000000000005 3.8995053250000011 1.0000000180025095e-35 10.135000000000003 17.525000000000002 3.5000000000000004 5.8225000000000007 -1.7147521999999997 14.365158250000002 20.005000000000006 6401.122800000001 26.500000000000004 11.187500000000002 14.340000000000002 13.919845500000003 -359911.54999999987 270952.315 12.117500000000001 329336.54999999999 25.372500000000002 8.4550000000000018 28.627500000000005
decision_type=2 2 2 2 2 2 2 2 2 2 2 2 2 2 2 2 2 2 2 2 2 2 2 2 2 2 2 2 2 2
left_child=1 6 3 12 9 14 7 8 -1 19 -9 24 13 18 -4 -14 -5 -16 -2 25 -19 -22 -21 -24 -12 -3 -8 -18 -6 -30
right_child=2 4 5 16 28 -7 26 10 -10 -11 11 -13 15 -15 17 -17 27 20 -20 22 21 -23 23 -25 -26 -27 -28 -29 29 -31
leaf_value=0.055347218507640933 0.036469208621754338 -0.076702320583347916 0.33152187908999625 -0.10745734914089554 -0.061424665884612685 -0.11154512445131937 -0.039760933289613443 0.14428414257673117 0.34671525073548159 -0.0046486134473066616 -0.010051323132924006 0.0058210480908183586 -0.053452792233572556 0.011944017099368516 0.095995251898295539 0.11689209218493889 0.074172468481916248 0.10952542571350932 0.097159423602875272 -0.13494235103879171 0.29971875203203185 0.14498240815411353 0.18545390481040591 -0.057655015481974596 -0.047880901928346736 -0.17267305840203173 -0.17479648647400051 -0.047866275043465023 0.069777832164533982 -0.05730595268585064
leaf_weight=215 1021 122 32 224 318 45 1675 65 24 111 1386 3108 52 1583 696 364 95 180 502 158 98 116 21 110 1290 578 52 172 151 108
leaf_count=215 1021 122 32 224 318 45 1675 65 24 111 1386 3108 52 1583 696 364 95 180 502 158 98 116 21 110 1290 578 52 172 151 108
internal_value=0.000368546 -0.0265832 0.0497559 0.0297604 -0.0886301 0.118515 -0.0132688 -0.00460026 0.0846059 -0.121316 -0.00824538 -0.00995949 0.0410805 0.0337786 0.127742 0.095599 -0.05144 0.121759 0.0564735 -0.13441 0.167272 0.215843 -0.0822436 -0.0186834 -0.0282876 -0.155947 -0.0438269 -0.00444425 -0.0263183 0.0167854
internal_weight=14672 9492 5180 4013 1677 1167 7815 6088 239 1100 5849 5784 3522 3106 1122 416 491 1090 1523 989 394 214 289 131 2676 700 1727 267 577 259
internal_count=14672 9492 5180 4013 1677 1167 7815 6088 239 1100 5849 5784 3522 3106 1122 416 491 1090 1523 989 394 214 289 131 2676 700 1727 267 577 259
is_linear=0
shrinkage=0.05


Tree=25
num_leaves=31
num_cat=0
split_feature=12 4 5 6 13 9 13 14 5 7 13 9 4 3 5 1 16 9 16 5 4 13 0 6 17 6 16 3 15 1
split_gain=7339.12 3434.3 2373.87 1297.48 1281.59 1130.41 788.838 788.349 970.602 792.434 786.926 760.983 728.181 679.032 671.13 662.537 641.935 610.683 600.171 555.356 484.971 535.712 420.655 391.176 371.256 351.345 345.709 433.023 336.174 336.597
threshold=12.005000000000001 1650166.5500000003 16.095000000000002 23.755432000000003 11.675000000000002 195060.6699999999 1.0000000180025095e-35 50.367500000000007 25.005000000000006 290459.39000000007 7.2650000000000006 -428441.04499999998 2478247.5000000005 11.845672500000001 1.0000000180025095e-35 1.5000000000000002 25.537500000000005 -12975.100000000091 24.397500000000004 10.245000000000003 2603940.5000000005 1.0000000180025095e-35 32.500000000000007 24.874450500000005 23.025000000000002 2.7771911500000006 21.485000000000003 11.525879000000002 15.802500000000002 2.5000000000000004
decision_type=2 2 2 2 2 2 2 2 2 2 2 2 2 2 2 2 2 2 2 2 2 2 2 2 2 2 2 2 2 2
left_child=1 4 12 20 6 7 11 9 -9 -4 13 18 17 25 -13 -11 -7 24 -1 -16 21 26 -18 -6 -2 -8 -3 -28 29 -19
right_child=2 3 5 -5 23 16 10 8 -10 15 -12 14 -14 -15 19 -17 22 28 -20 -21 -22 -23 -24 -25 -26 -27 27 -29 -30 -31
leaf_value=-0.039254143719507147 0.10724377773731995 0.0043673996653524226 0.068494334175344923 -0.021310366730598999 0.028715224067319162 0.14512989160386808 -0.024874485589754889 0.17071520096764267 0.47844177197132798 0.35643493917194152 -0.02711404408625287 0.14416696823242567 -0.12890116363878537 -0.032559397171349508 -0.034562943971804587 0.14054833789037549 -0.13406647761287055 0.055520007885403157 0.10246220404925921 0.0014399068278320522 -0.17108639766532319 -0.14861253005631778 0.082147905711204783 0.132061374279661 -0.013554407851877746 -0.19008895178355845 -0.1453589595526148 -0.046255970167282404 -0.0095232026912795316 0.0091136167762551692
leaf_weight=103 390 128 518 534 1219 47 39 302 28 42 2323 69 69 190 1786 231 82 926 272 2676 292 322 31 99 76 184 193 257 545 676
leaf_count=103 390 128 518 534 1219 47 39 302 28 42 2323 69 69 190 1786 231 82 926 272 2676 292 322 31 99 76 184 193 257 545 676
internal_value=5.53209e-05 -0.0214969 0.0581697 -0.0860795 -0.00905613 0.114164 -0.0169093 0.131908 0.196825 0.104826 -0.0384206 -0.00491279 0.0314254 -0.102016 -0.010578 0.173762 -0.010161 0.0356591 0.0635374 -0.0129709 -0.115095 -0.0969292 -0.074751 0.0364779 0.0875428 -0.161195 -0.0681367 -0.0887601 0.0243979 0.0359378
internal_weight=14649 10686 3963 1726 8960 1281 7642 1121 330 791 2736 4906 2682 413 4531 273 160 2613 375 4462 1192 900 113 1318 466 223 578 450 2147 1602
internal_count=14649 10686 3963 1726 8960 1281 7642 1121 330 791 2736 4906 2682 413 4531 273 160 2613 375 4462 1192 900 113 1318 466 223 578 450 2147 1602
is_linear=0
shrinkage=0.05


Tree=26
num_leaves=31
num_cat=0
split_feature=12 4 5 6 13 9 14 12 9 14 15 6 4 18 1 0 9 9 15 4 8 7 17 18 3 0 18 15 5 3
split_gain=6623.56 3099.46 2142.41 1170.98 1156.64 1020.2 723.873 845.075 723.691 683.257 723.481 722.022 657.184 607.662 593.763 585.363 584.476 551.141 508.309 497.093 463.52 452.172 446.196 444.491 398.685 428.538 389.094 378.136 372.783 365.843
threshold=12.005000000000001 1650166.5500000003 16.095000000000002 23.755432000000003 11.675000000000002 195060.6699999999 59.495000000000012 24.780000000000005 160163.80000000008 43.367500000000007 13.640000000000002 6.1391602500000007 2478247.5000000005 -13.297499999999998 2.5000000000000004 30.500000000000004 -359911.54999999987 -12975.100000000091 22.130000000000003 418449.07000000007 3.8995053250000011 290459.39000000007 12.300000000000002 24.477500000000003 13.112243500000002 27.500000000000004 0.19749999999999804 14.030000000000001 9.8250000000000011 11.436721500000003
decision_type=2 2 2 2 2 2 2 2 2 2 2 2 2 2 2 2 2 2 2 2 2 2 2 2 2 2 2 2 2 2
left_child=1 4 12 20 8 6 13 -8 9 10 -1 -11 17 -4 21 -7 23 26 -10 -12 22 -15 -3 -13 -24 -26 -2 -6 -28 -21
right_child=2 3 5 -5 27 15 7 -9 18 11 19 16 -14 14 -16 -17 -18 -19 -20 29 -22 -23 24 -25 25 -27 28 -29 -30 -31
leaf_value=0.00047049373723236218 0.14128093937087513 -0.056077170248746006 0.3812647019326687 -0.02024484847189182 0.091413722826982846 -0.11809428531676532 0.17644007927575311 0.50298259102779885 -0.053252461081207292 0.14601183638891632 -0.022080560260830377 0.12791102343213021 -0.12245610620610524 0.11288193580876166 0.06516244163145217 0.074690298565352961 -0.0088234219511982639 0.023177958788423644 -0.21221723168580373 -0.098934269295699581 -0.01299361536955148 0.22500578862197315 -0.17088104932436182 -0.11339212141253732 -0.12913309189629449 -0.011043681170452726 -0.051281441000497176 0.022017388068919688 0.080090036772997808 -0.033434490501760616
leaf_weight=2890 178 221 20 534 240 70 143 23 587 114 2304 144 69 314 495 90 673 2147 55 434 113 126 416 22 343 99 72 1078 216 419
leaf_count=2890 178 221 20 534 240 70 143 23 587 114 2304 144 69 314 495 90 673 2147 55 434 113 126 416 22 343 99 72 1078 216 419
internal_value=5.25548e-05 -0.0204221 0.0552612 -0.0817755 -0.00860332 0.108455 0.125313 0.221684 -0.0160638 -0.0114041 -0.0176055 0.0279452 0.0298541 0.108562 0.102728 -0.00965296 0.0119027 0.0338761 -0.0668709 -0.0341527 -0.10934 0.14499 -0.119431 0.0959311 -0.135749 -0.102683 0.0831656 0.034654 0.0472472 -0.0667603
internal_weight=14649 10686 3963 1726 8960 1281 1121 166 7642 7000 6047 953 2682 955 935 160 839 2613 642 3157 1192 440 1079 166 858 442 466 1318 288 853
internal_count=14649 10686 3963 1726 8960 1281 1121 166 7642 7000 6047 953 2682 955 935 160 839 2613 642 3157 1192 440 1079 166 858 442 466 1318 288 853
is_linear=0
shrinkage=0.05


Tree=27
num_leaves=31
num_cat=0
split_feature=0 9 12 5 15 5 13 0 15 6 4 16 15 14 7 7 0 14 7 16 16 5 9 13 5 14 4 18 18 15
split_gain=6140.09 3096.55 2902.34 1727.22 1227.8 1005.18 1029.69 865.494 1027.17 733.343 680.993 680.498 624.192 975.449 699.047 576.998 1000.92 553.735 623.306 542.349 528.565 508.569 505.368 498.172 476.342 470.15 443.068 373.953 481.45 373.435
threshold=30.500000000000004 164730.34999999995 18.485000000000003 14.845000000000001 12.117500000000001 10.085000000000003 1.0000000180025095e-35 41.500000000000007 13.127500000000003 10.652008000000002 2508119.2500000005 44.750000000000007 15.665000000000001 54.82500000000001 264138.45000000007 322137.16000000003 41.500000000000007 29.402500000000003 2072961.4000000001 43.872500000000009 55.440000000000005 19.145000000000003 -893023.7999999997 3.0050000000000003 1.0000000180025095e-35 61.377500000000005 418449.07000000007 0.48250000000000176 -0.71999999999999875 22.130000000000003
decision_type=2 2 2 2 2 2 2 2 2 2 2 2 2 2 2 2 2 2 2 2 2 2 2 2 2 2 2 2 2 2
left_child=1 3 7 5 -3 6 10 8 9 -2 11 17 13 14 -4 16 -15 18 -1 -5 22 -16 -8 -24 -19 29 -22 28 -11 -6
right_child=2 4 12 19 25 -7 20 -9 -10 27 -12 -13 -14 15 21 -17 -18 24 -20 -21 26 -23 23 -25 -26 -27 -28 -29 -30 -31
leaf_value=-0.020234593807768323 0.047926561261415312 -0.016293030651825434 0.064960930369746414 0.027200052498779406 -0.090745610893180367 -4.6255621470898842e-05 0.021832427903721037 0.0015005050967826844 0.025593234298409963 0.1504673677431026 -0.14008542358338297 0.044393827338017916 0.02133408524848596 0.53594715031908791 0.27775055584848246 0.098081228377010971 0.16281343221198769 0.16136149971381478 0.087197212511202021 0.12571773073751102 -0.028060660824179653 0.1345486038899292 -0.17001254963853682 -0.065826954168544227 -0.070161343236600962 -0.22291235622318314 -0.28121408202818465 0.097425129666302915 0.34685190871357918 -0.17200460900580794
leaf_weight=928 454 475 233 293 988 3954 129 1746 1846 142 111 416 99 41 93 26 32 23 158 267 25 186 141 616 652 87 56 227 40 165
leaf_count=928 454 475 233 293 988 3954 129 1746 1846 142 111 416 99 41 93 26 32 23 158 267 25 186 141 616 652 87 56 227 40 165
internal_value=4.99271e-05 -0.0238388 0.0439145 -0.0104154 -0.0846472 -0.0169862 -0.0375639 0.0289516 0.0466444 0.0916739 -0.0192815 -0.013122 0.137801 0.156672 0.128892 0.300343 0.372382 -0.0267089 -0.00460455 0.0741719 -0.0808214 0.182283 -0.0696442 -0.0852327 -0.0622724 -0.110831 -0.20308 0.140235 0.193629 -0.102374
internal_weight=14649 9484 5165 7769 1715 7209 3255 4455 2709 863 2288 2177 710 611 512 99 73 1761 1086 560 967 279 886 757 675 1240 81 409 182 1153
internal_count=14649 9484 5165 7769 1715 7209 3255 4455 2709 863 2288 2177 710 611 512 99 73 1761 1086 560 967 279 886 757 675 1240 81 409 182 1153
is_linear=0
shrinkage=0.05


Tree=28
num_leaves=31
num_cat=0
split_feature=0 9 5 5 15 15 0 5 13 3 14 9 4 8 7 3 5 14 16 8 19 5 1 8 4 16 14 16 15 3
split_gain=5541.43 2794.64 2212.23 1558.82 1108.09 1008.75 1122.34 907.173 929.292 852.465 807.813 632.454 570.042 512.933 702.004 662.483 498.413 493.796 489.897 485.45 484.784 499.492 483.057 539.456 401.799 396.407 463.721 372.363 360.913 411.6
threshold=30.500000000000004 164730.34999999995 18.205000000000002 14.845000000000001 12.117500000000001 13.127500000000003 40.500000000000007 10.085000000000003 1.0000000180025095e-35 7.7583313500000015 54.82500000000001 -1594159.7999999996 2508119.2500000005 0.80894470000000107 322137.16000000003 7.7583313500000015 1.0000000180025095e-35 44.362500000000004 41.127500000000005 3.9747467500000009 7.1650000000000018 6.5750000000000011 2.5000000000000004 -1.021255269999999 253085.86500000002 49.952500000000008 33.085000000000001 55.440000000000005 19.482500000000005 10.944335750000002
decision_type=2 2 2 2 2 2 2 2 2 2 2 2 2 2 2 2 2 2 2 2 2 2 2 2 2 2 2 2 2 2
left_child=1 3 5 7 -3 6 9 8 11 -2 22 -1 16 14 15 -12 -13 -7 -5 -6 21 27 24 -24 -4 26 -18 -10 29 -19
right_child=2 4 10 18 19 17 -8 -9 20 -11 13 12 -14 -15 -16 -17 25 28 -20 -21 -22 -23 23 -25 -26 -27 -28 -29 -30 -31
leaf_value=0.14187374271452427 0.048369905326417537 -0.015478379176500696 0.10034742095469545 0.024360879170198017 -0.11557720271197179 -0.0028512112340037671 0.01629185823969689 -4.3942764667598996e-05 -0.11710433922555359 0.15186408439295243 0.21734951478242875 0.14594510200069002 -0.13308115145946678 0.063118111367883353 0.083352087104382619 0.56585372040669124 -0.013052497518245233 0.14964499296485514 0.11790198310602294 -0.010151812863586209 0.019108233625743667 -0.062020778784078391 -0.018729277676533138 0.099361412421030068 0.24113291203561757 0.035214185416160511 -0.069442106850540419 -0.26688205641508106 0.0083000263914551689 0.03618883471886971
leaf_weight=60 393 475 116 284 1119 2104 777 3954 244 403 25 46 111 29 24 30 1285 138 276 121 116 557 126 416 90 277 509 50 304 190
leaf_count=60 393 475 116 284 1119 2104 777 3954 244 403 25 46 111 29 24 30 1285 138 276 121 116 557 126 416 90 277 509 50 304 190
internal_value=4.74307e-05 -0.0226468 0.0417188 -0.0098946 -0.0804149 0.027134 0.0590397 -0.0161369 -0.0356857 0.100767 0.115137 -0.0183174 -0.0226314 0.242965 0.308985 0.407443 -0.0168402 0.00879062 0.0704633 -0.10529 -0.0767803 -0.0898509 0.0966801 0.0719086 0.161856 -0.0204559 -0.0290516 -0.142577 0.0475476 0.0839234
internal_weight=14649 9484 5165 7769 1715 4309 1573 7209 3255 796 856 2288 2228 108 79 55 2117 2736 560 1240 967 851 748 542 206 2071 1794 294 632 328
internal_count=14649 9484 5165 7769 1715 4309 1573 7209 3255 796 856 2288 2228 108 79 55 2117 2736 560 1240 967 851 748 542 206 2071 1794 294 632 328
is_linear=0
shrinkage=0.05


Tree=29
num_leaves=31
num_cat=0
split_feature=12 4 5 3 0 9 4 15 14 5 7 9 4 1 16 3 9 14 4 13 18 5 16 13 7 15 0 0 0 3
split_gain=5046.55 2366.13 1569.48 921.973 915.435 800.436 727.827 674.848 578.104 740.111 611.339 543.933 519.539 511.693 499.94 481.279 475.035 386.917 370.753 399.03 356.958 336.544 325.971 325.878 318.113 313.7 310.017 300.376 280.561 338.897
threshold=12.005000000000001 1847668.2500000002 16.095000000000002 24.179168500000003 26.500000000000004 195060.6699999999 238562.92500000002 14.595000000000001 50.367500000000007 25.005000000000006 290459.39000000007 -1594159.7999999996 2450210.7500000005 1.5000000000000002 25.537500000000005 19.417557000000006 -12975.100000000091 45.210000000000008 890699.10000000021 17.345000000000002 -0.17499999999999358 10.855000000000002 14.797500000000003 1.0000000180025095e-35 80753.852000000014 21.787500000000005 25.500000000000004 32.500000000000007 17.500000000000004 14.711716000000001
decision_type=2 2 2 2 2 2 2 2 2 2 2 2 2 2 2 2 2 2 2 2 2 2 2 2 2 2 2 2 2 2
left_child=1 4 12 23 6 8 -1 -8 10 -10 -4 -9 16 -12 -7 17 20 18 19 -6 -2 -22 -23 26 -13 -17 -3 -16 -26 -30
right_child=2 3 5 -5 15 14 7 11 9 -11 13 24 -14 -15 27 25 -18 -19 -20 -21 21 22 -24 -25 28 -27 -28 -29 29 -31
leaf_value=-0.0064683813245335542 0.13533257913843888 -0.11456089052215257 0.053593578489616871 -0.021207749092642992 0.00044558227621223009 0.12619157547250073 -0.015953830364407062 0.098764639576573096 0.14148700056313876 0.41020263772723936 0.30659036111264004 0.11598926559090615 -0.10600714589365655 0.11686489152605142 -0.1179757680039762 0.058974712635302934 0.020225486955955038 0.058585230508867339 -0.04567255600747186 0.11745085514787781 -0.028576086745597425 0.25103014743328095 0.057663121775943127 -0.15055326973710909 -0.11505073158303276 -0.046412788616799858 -0.041657936286268772 0.06473075461483771 -0.081795970205956761 -0.0012019244311698553
leaf_weight=3661 164 387 518 462 1768 47 1198 46 302 28 42 21 72 231 82 665 2146 271 443 76 105 25 170 300 380 79 234 31 521 174
leaf_count=3661 164 387 518 462 1768 47 1198 46 302 28 42 21 72 231 82 665 2146 271 443 76 105 25 170 300 380 79 234 31 521 174
internal_value=4.50592e-05 -0.0178267 0.0482353 -0.0788481 -0.00875517 0.0937646 -0.0203897 -0.04217 0.108697 0.164287 0.0855045 -0.0696718 0.0264892 0.146053 -0.0108522 0.0123892 0.0301442 0.00209449 -0.00459943 0.00526793 0.0760184 0.0435933 0.0824538 -0.107762 -0.0767412 0.0477844 -0.0870902 -0.0678527 -0.0805062 -0.0616185
internal_weight=14649 10686 3963 1383 9303 1281 6001 2340 1121 330 791 1142 2682 273 160 3302 2610 2558 2287 1844 464 300 195 921 1096 744 621 113 1075 695
internal_count=14649 10686 3963 1383 9303 1281 6001 2340 1121 330 791 1142 2682 273 160 3302 2610 2558 2287 1844 464 300 195 921 1096 744 621 113 1075 695
is_linear=0
shrinkage=0.05


Tree=30
num_leaves=31
num_cat=0
split_feature=5 4 1 9 16 3 15 5 4 12 14 5 17 16 3 16 5 5 5 18 16 15 9 13 1 1 12 6 3 18
split_gain=4678.56 2037.93 1315.71 1138.41 1106 994.331 953.678 730.965 662.773 629.378 591.351 566.325 535.526 533.836 468.757 459.579 410.872 390.94 583.302 389.392 499.134 376.095 374.892 356.565 356.75 352.045 344.846 319.477 312.198 285.568
threshold=14.845000000000001 1830859.1000000003 2.5000000000000004 105615.50000000001 55.795000000000009 24.111526500000004 17.572500000000002 1.0000000180025095e-35 815606.92000000004 11.855000000000002 15.020000000000001 23.005000000000006 8.7100000000000026 64.475000000000009 12.442612000000002 53.750000000000007 19.640000000000004 18.455000000000002 18.735000000000003 -31.134999999999994 21.740000000000006 15.3025 -428441.04499999998 11.305000000000001 2.5000000000000004 2.5000000000000004 13.935 9.2281955000000018 6.6001435000000006 -8.6224999999999987
decision_type=2 2 2 2 2 2 2 2 2 2 2 2 2 2 2 2 2 2 2 2 2 2 2 2 2 2 2 2 2 2
left_child=1 6 17 4 15 12 9 -8 29 13 26 28 25 23 27 16 -4 21 -19 -10 -21 -2 -12 24 -1 -3 -11 -5 -6 -9
right_child=2 5 3 14 11 -7 7 8 19 10 22 -13 -14 -15 -16 -17 -18 18 -20 20 -22 -23 -24 -25 -26 -27 -28 -29 -30 -31
leaf_value=0.0030776153861057191 0.10662198428045876 0.21360401335087689 0.029401957697481058 -0.059494044835894155 0.20601318089470066 -0.012758887065150396 0.13168024933083741 0.014280448067255503 -0.25603829971675218 0.077685118442581552 0.13837724711907948 0.36491124217789017 -0.10596420087174936 0.24112588426267562 0.0025338216573758008 -0.15734504460646162 0.099479587281221582 0.41854054167866706 0.13851271735539414 -0.13985456888108735 -0.041308841819875451 0.00381456937573783 0.019513514437649034 0.036198788571662165 -0.02375088225680283 -0.066165362525245422 0.32727427464723591 -0.21657100751044905 0.063851555603238325 -0.029157780596648759
leaf_weight=2625 448 22 1007 104 73 527 69 473 29 31 69 31 938 22 258 29 264 20 265 178 462 111 1718 465 2347 23 25 47 82 1891
leaf_count=2625 448 22 1007 104 73 527 69 473 29 31 69 31 938 22 258 29 264 20 265 178 462 111 1718 465 2347 23 25 47 82 1891
internal_value=-0.000345179 -0.0138918 0.0585793 0.0354522 0.0557836 -0.0681728 -0.00601362 -0.0292394 -0.0329003 0.00385305 0.0291168 0.169823 -0.0978809 -0.0046762 -0.0384169 0.0394672 0.0439578 0.110506 0.158164 -0.0768369 -0.0687169 0.0862076 0.0241031 -0.0056708 -0.0095866 0.0706108 0.189109 -0.108386 0.130805 -0.0204665
internal_weight=14653 11914 2739 1895 1486 1510 10404 3102 3033 7302 1843 186 983 5459 409 1300 1271 844 285 669 640 559 1787 5437 4972 45 56 151 155 2364
internal_count=14653 11914 2739 1895 1486 1510 10404 3102 3033 7302 1843 186 983 5459 409 1300 1271 844 285 669 640 559 1787 5437 4972 45 56 151 155 2364
is_linear=0
shrinkage=0.05


Tree=31
num_leaves=31
num_cat=0
split_feature=5 4 1 9 16 3 12 0 5 16 5 0 14 12 9 13 9 18 16 16 5 5 19 17 8 19 0 18 8 13
split_gain=4222.75 1826.99 1221.1 1027.33 1002.71 910.871 873.89 680.313 573.849 547.669 526.014 521.864 474.241 488.328 453.539 443.327 404.961 486.594 484.888 402.149 372.957 363.256 405.292 362.635 410.458 463.739 496.027 426.325 401.927 313.664
threshold=14.785000000000002 1830859.1000000003 2.5000000000000004 105615.50000000001 55.795000000000009 20.753693000000002 10.585000000000003 30.500000000000004 1.0000000180025095e-35 64.475000000000009 22.050000000000004 25.500000000000004 15.020000000000001 13.735000000000001 -359911.54999999987 10.975000000000003 -335671.00000000006 -27.574999999999999 47.360000000000007 55.440000000000005 19.640000000000004 7.995000000000001 1.1849999999999989 19.882500000000004 0.33113099999999923 -3.9399999999999991 38.500000000000007 4.0600000000000032 0.014861500000002083 1.0000000180025095e-35
decision_type=2 2 2 2 2 2 2 2 2 2 2 2 2 2 2 2 2 2 2 2 2 2 2 2 2 2 2 2 2 2
left_child=1 6 23 4 19 29 8 -5 -1 15 -6 -7 13 -8 -14 16 17 -10 -19 20 -4 22 -18 24 25 26 -2 28 -27 -3
right_child=2 5 3 7 10 11 12 -9 9 -11 -12 -13 14 -15 -16 -17 21 18 -20 -21 -22 -23 -24 -25 -26 27 -28 -29 -30 -31
leaf_value=0.12509623565129005 0.4888877347111702 -0.084781707555608155 0.026610858863622092 -0.095247584236868188 0.11798717704960469 -0.060696776051404867 0.04937191856872352 0.033485905991550144 -0.15869673355704261 0.22906958880749617 0.32610971038474851 0.022922462475727486 0.091659466278850577 0.30815378681469996 0.0056033549093078006 0.0044009316482293932 -0.040264148026193457 -0.0054728010656267759 0.098383151487141218 -0.18578255165368318 0.092963171935696309 -0.02786020443392705 -0.12410674382191661 0.02452402539889921 0.075937693196420492 0.15082427636720241 0.14095943186964308 0.058763813079586107 0.36631146945680182 -0.15842533086736998
leaf_weight=69 20 536 1039 226 151 462 61 188 42 22 38 313 159 26 4130 1341 418 525 143 20 266 3203 220 121 325 220 21 126 24 198
leaf_count=69 20 536 1039 226 151 462 61 188 42 22 38 313 159 26 4130 1341 418 525 143 20 266 3203 220 121 325 220 21 126 24 198
internal_value=-0.00032792 -0.0133305 0.0550811 0.0330077 0.0520934 -0.0647305 -0.005843 -0.0367889 -0.0182629 -0.0199355 0.159832 -0.0269254 0.0111379 0.126709 0.00879359 -0.0208653 -0.0283102 0.00638071 0.0167598 0.0367255 0.0401355 -0.0347228 -0.0691754 0.10474 0.117928 0.151131 0.310681 0.133452 0.17202 -0.104647
internal_weight=14653 11868 2785 1928 1514 1509 10359 414 5983 5914 189 775 4376 87 4289 5892 4551 710 668 1325 1305 3841 638 857 736 411 41 370 244 734
internal_count=14653 11868 2785 1928 1514 1509 10359 414 5983 5914 189 775 4376 87 4289 5892 4551 710 668 1325 1305 3841 638 857 736 411 41 370 244 734
is_linear=0
shrinkage=0.05


Tree=32
num_leaves=31
num_cat=0
split_feature=0 9 12 5 14 15 1 0 3 5 14 15 0 3 15 19 5 7 14 13 4 15 4 5 9 1 9 8 15 18
split_gain=3841.09 2263.87 1823.69 1190.64 698.4 695.639 662.441 647.491 674.908 600.471 575.123 568.913 534.496 855.817 516.239 490.944 493.865 428.966 426.895 577.531 426.028 425.428 403.923 393.788 417.68 341.761 426.253 301.09 566.568 297.773
threshold=28.500000000000004 164730.34999999995 18.485000000000003 10.135000000000003 39.962500000000013 13.127500000000003 4.5000000000000009 41.500000000000007 10.741928000000001 16.185000000000006 51.117500000000007 16.285000000000004 42.500000000000007 10.071976000000001 21.137500000000003 7.1650000000000018 7.1450000000000005 26087.747000000003 44.525000000000006 11.335000000000003 2646820.8000000003 9.1575000000000006 542822.72500000009 1.0000000180025095e-35 -156555.92499999987 3.5000000000000004 -20265.354999999985 -1.2783201499999997 18.447500000000005 -9.3675000000000015
decision_type=2 2 2 2 2 2 2 2 2 2 2 2 2 2 2 2 2 2 2 2 2 2 2 2 2 2 2 2 2 2
left_child=1 3 5 6 14 7 20 8 22 -5 17 12 13 -12 -3 16 -8 -4 19 -7 23 -19 -2 -1 27 26 -10 28 -25 -29
right_child=2 4 10 9 -6 18 15 -9 25 -11 11 -13 -14 -15 -16 -17 -18 21 -20 -21 -22 -23 -24 24 -26 -27 -28 29 -30 -31
leaf_value=0.13369711249373681 0.059361386747782352 -0.043274102440851961 0.003929887473350391 0.0011640210303601555 -0.13070978189458254 -0.021198019254809547 -0.13829740464117288 0.0086876216355387635 0.216819147523996 0.064985020809803451 0.48638125509023666 0.024738435956036173 0.062218402605503799 0.17862463225449982 -0.16413830681418887 0.040806453286287646 -0.052328993410812423 0.16867708664048803 0.041149885366282522 0.027874091260156303 -0.13501499735598022 0.065718599135652769 -0.034233255370338334 -0.012250520039671437 -0.035074568429133472 0.040239663477987055 0.10143593280147828 0.14081721022311186 -0.27470926642417909 0.017469466201810887
leaf_weight=43 388 897 136 3902 442 1578 281 708 111 407 37 41 32 58 98 84 412 165 716 967 78 256 164 194 1443 130 287 54 23 521
leaf_count=43 388 897 136 3902 442 1578 281 708 111 407 37 41 32 58 98 84 412 165 716 967 78 256 164 194 1443 130 287 54 23 521
internal_value=-0.000311524 -0.0209554 0.0314336 -0.00986112 -0.0784107 0.0207855 -0.0333155 0.0458495 0.0702113 0.00719214 0.105589 0.186676 0.238955 0.298488 -0.0551783 -0.0733505 -0.0871878 0.0811313 0.00704296 -0.00255255 -0.020112 0.106071 0.0315543 -0.0161777 -0.0190612 0.110625 0.133616 0.0101147 -0.0400687 0.0290534
internal_weight=14653 8879 5774 7442 1437 5049 3133 1788 1080 4309 725 168 127 95 995 777 693 557 3261 2545 2356 421 552 2278 2235 528 398 792 217 575
internal_count=14653 8879 5774 7442 1437 5049 3133 1788 1080 4309 725 168 127 95 995 777 693 557 3261 2545 2356 421 552 2278 2235 528 398 792 217 575
is_linear=0
shrinkage=0.05


Tree=33
num_leaves=31
num_cat=0
split_feature=0 4 12 15 12 6 1 0 9 14 15 0 3 15 6 0 7 15 6 9 9 18 16 3 13 14 1 16 8 4
split_gain=3466.58 2052.08 1645.88 829.294 638.974 628.009 630.176 549.531 527.967 519.049 513.444 482.383 772.375 455.195 441.151 413.649 387.142 383.949 369.96 505.403 328.547 328.439 532.091 360.772 302.33 299.489 347.513 282.239 279.893 276.665
threshold=28.500000000000004 825446.07500000007 18.485000000000003 11.625000000000002 14.625000000000002 25.304870500000003 2.5000000000000004 41.500000000000007 351077.23000000004 51.117500000000007 16.285000000000004 42.500000000000007 10.071976000000001 19.415000000000003 0.14584351000000004 32.500000000000007 26087.747000000003 9.1575000000000006 23.755432000000003 -12975.100000000091 -522784.49999999971 -27.574999999999999 42.210000000000001 23.349518000000003 1.0000000180025095e-35 36.565000000000005 2.5000000000000004 58.212500000000013 3.9747467500000009 229079.35000000003
decision_type=2 2 2 2 2 2 2 2 2 2 2 2 2 2 2 2 2 2 2 2 2 2 2 2 2 2 2 2 2 2
left_child=1 4 5 25 20 6 7 13 14 16 11 12 -11 18 -5 24 -4 -18 -2 -20 -1 -16 23 -23 -8 -3 -27 28 -10 -22
right_child=2 3 9 8 -6 -7 15 -9 27 10 -12 -13 -14 -15 21 -17 17 -19 19 -21 29 22 -24 -25 -26 26 -28 -29 -30 -31
leaf_value=0.056116672265992054 0.062381320209810978 -0.0059713989367862963 0.0037333927743876463 0.13488028924311363 0.055388377589444995 0.08787694893357248 0.00074577941178753692 0.0016522296110941396 -0.10050619181935744 0.46206219855293229 0.023501514897840779 0.059107482992112638 0.16969340148157086 -0.0096105938682907732 -0.16305094432660983 0.0094070855450026948 0.16024323202782509 0.062432668833571375 0.39482303678989417 0.091686937996101656 -0.0039756908793817996 -0.08068132634384681 0.0056271939159890901 -0.0086663837401740537 -0.073320548892215606 0.019635595429328183 -0.1979225218627188 -0.17956099527222769 0.027794561162590981 -0.036384100131025804
leaf_weight=201 991 935 136 31 453 317 257 719 560 37 41 32 58 217 68 2187 165 256 20 44 4171 910 326 215 297 31 45 105 46 782
leaf_count=201 991 935 136 31 453 317 257 719 560 37 41 32 58 217 68 2187 165 256 20 44 4171 910 326 215 297 31 45 105 46 782
internal_value=-0.000295948 -0.0199076 0.029862 -0.0513737 -0.00154532 0.0197462 0.0151821 0.0365912 -0.068206 0.100309 0.177342 0.227008 0.283563 0.0563405 -0.0518419 -0.000368932 0.0770748 0.100767 0.0699058 0.186417 -0.00654938 -0.0556526 -0.0506194 -0.0669185 -0.0389613 -0.01373 -0.109182 -0.10388 -0.0907672 -0.00909246
internal_weight=14653 8879 5774 3272 5607 5049 4732 1991 2261 725 168 127 95 1272 1550 2741 557 421 1055 64 5154 1519 1451 1125 554 1011 76 711 606 4953
internal_count=14653 8879 5774 3272 5607 5049 4732 1991 2261 725 168 127 95 1272 1550 2741 557 421 1055 64 5154 1519 1451 1125 554 1011 76 711 606 4953
is_linear=0
shrinkage=0.05


Tree=34
num_leaves=31
num_cat=0
split_feature=5 9 5 1 9 16 9 5 12 0 15 15 12 15 5 19 18 16 8 9 0 14 3 15 3 13 15 15 9 17
split_gain=3246.3 1407.14 1043.55 945.9 832.044 832.241 701.954 721.275 690.339 531.066 490.092 471.526 587.691 450.888 567.898 412.064 535.091 438.713 395.963 371.477 348.886 318.923 318.614 314.223 368.813 345.114 337.013 305.346 308.979 384.246
threshold=14.785000000000002 319462.39999999997 10.135000000000003 2.5000000000000004 105615.50000000001 55.795000000000009 -809768.72999999986 1.0000000180025095e-35 6.1650000000000009 30.500000000000004 21.060000000000002 12.225000000000001 14.810000000000002 16.285000000000004 22.050000000000004 1.2375000000000005 10.420000000000002 55.440000000000005 -1.4371793699999995 -156555.92499999987 26.500000000000004 55.440000000000005 14.571273500000002 19.360000000000003 11.525879000000002 14.410000000000002 19.855 18.730000000000004 -28372.54999999981 8.7875000000000014
decision_type=2 2 2 2 2 2 2 2 2 2 2 2 2 2 2 2 2 2 2 2 2 2 2 2 2 2 2 2 2 2
left_child=1 2 6 27 5 18 15 -8 -9 -6 20 12 -4 14 -7 16 21 -17 -5 -10 -3 -1 -22 -20 25 -25 -26 28 29 -2
right_child=3 10 11 4 9 13 7 8 19 -11 -12 -13 -14 -15 -16 17 -18 -19 23 -21 22 -23 -24 24 26 -27 -28 -29 -30 -31
leaf_value=0.079669270784568008 0.019754191922644774 -0.07391843578169266 0.016264272773361701 -0.019702284368783057 -0.085589658978922636 0.1482075730440911 0.1208145186531584 -0.064531231792268204 0.017308601483343233 0.02814986540358811 -0.14609997625660265 -0.0042434644661442974 0.10965393357117058 0.055985707855533542 0.42042755718529223 0.00046652315688304236 -0.077571602991352295 -0.24695566168853214 0.028863564498158689 -0.031031102360309121 -0.069587459148428704 0.26839654707908628 0.037743640591775235 0.062482435129337259 0.18013032543659213 0.19803993376259954 -0.027897418685130439 -0.016767808152362704 0.08715354941296323 0.2266695206963949
leaf_weight=214 30 598 2264 289 226 82 74 1379 526 188 165 4335 182 82 25 122 52 21 735 1626 118 25 167 91 25 97 88 60 678 89
leaf_count=214 30 598 2264 289 226 82 74 1379 526 188 165 4335 182 82 25 122 52 21 735 1626 118 25 167 91 25 97 88 60 678 89
internal_value=-0.000281151 -0.0116817 -0.00632351 0.0483011 0.0288736 0.0460498 -0.0264432 -0.0336756 -0.0369133 -0.0339398 -0.0670018 0.00566051 0.0232131 0.144204 0.21181 0.0336319 0.0677849 -0.0358682 0.0320489 -0.0192157 -0.0522212 0.0994106 -0.0066952 0.0464853 0.0895152 0.132424 0.0181264 0.0920073 0.100196 0.174506
internal_weight=14653 11868 10820 2785 1928 1514 4039 3605 3531 414 1048 6781 2446 189 107 434 291 143 1325 2152 883 239 285 1036 301 188 113 857 797 119
internal_count=14653 11868 10820 2785 1928 1514 4039 3605 3531 414 1048 6781 2446 189 107 434 291 143 1325 2152 883 239 285 1036 301 188 113 857 797 119
is_linear=0
shrinkage=0.05


Tree=35
num_leaves=31
num_cat=0
split_feature=0 4 12 15 3 0 12 1 17 0 18 16 16 17 17 16 16 3 16 3 3 16 18 4 19 0 1 16 17 18
split_gain=2919.68 1410.42 1071.77 928.028 637.893 623.893 550.216 430.068 673.963 547.979 395.816 432.975 420.945 350.903 345.191 309.505 323.258 315.411 308.475 632.414 295.368 292.243 360.581 280.978 269.215 258.376 251.399 298.949 251.152 344.284
threshold=30.500000000000004 825446.07500000007 19.625000000000004 11.625000000000002 25.085892000000005 26.500000000000004 15.365 2.5000000000000004 18.245000000000005 40.500000000000007 9.9874999999999989 57.400000000000006 42.210000000000001 19.772500000000004 9.3625000000000025 23.582500000000003 28.627500000000005 25.276535000000006 43.51250000000001 10.655426 24.037567000000003 36.105000000000004 -0.08249999999999956 1378742.2000000002 -1.5849999999999989 17.500000000000004 2.5000000000000004 41.362500000000004 13.155000000000001 -21.412499999999994
decision_type=2 2 2 2 2 2 2 2 2 2 2 2 2 2 2 2 2 2 2 2 2 2 2 2 2 2 2 2 2 2
left_child=1 6 4 26 7 10 13 8 9 24 11 12 14 18 -5 17 -17 -4 28 -20 -16 22 -6 -18 -2 -21 -3 -28 29 -1
right_child=2 3 15 5 21 -7 -8 -9 -10 -11 -12 -13 -14 -15 20 16 23 -19 19 25 -22 -23 -24 -25 -26 -27 27 -29 -30 -31
leaf_value=0.20425947775894945 0.13176921265062702 0.015938633826096955 0.11772898277515068 0.079988177574092628 0.18041928697533482 -0.017382361273198685 0.054972937204472633 0.0035085381091556362 -0.0077661098067625615 0.02165635800842684 -0.12143005158589636 -0.13029652860667557 -0.0034657243486286259 -0.031303931491612785 -0.08578649048098258 -0.010228276789365781 0.12204237572172692 0.28110371172428134 0.11307772243364229 -0.017254940429813164 -0.010214694873913639 -0.012379159531829989 0.067877109516972359 -0.069860907253764926 0.064336516025919208 0.12078699475448383 -0.020886699921057489 -0.18135903320320312 -0.01852339722747649 0.0054004123223088318
leaf_weight=22 231 682 113 38 101 709 405 2491 605 584 338 200 341 1055 806 84 208 40 179 314 154 68 241 21 412 38 455 31 1679 2041
leaf_count=22 231 682 113 38 101 709 405 2491 605 584 338 200 341 1055 806 84 208 40 179 314 154 68 241 21 412 38 455 31 1679 2041
internal_value=-0.000306152 -0.0168099 0.0298094 -0.0406344 0.022686 -0.0573418 -0.00120943 0.0170331 0.0354226 0.0567177 -0.0724357 -0.0616755 -0.0514259 -0.00548005 -0.067813 0.102159 0.0736695 0.160441 0.000895842 0.0365589 -0.0736635 0.0822901 0.101113 0.104444 0.0885619 -0.00235269 -0.00364335 -0.0311226 -0.00416484 0.00752106
internal_weight=14686 9487 5199 3754 4733 2586 5733 4323 1832 1227 1877 1539 1339 5328 998 466 313 153 4273 531 960 410 342 229 643 352 1168 486 3742 2063
internal_count=14686 9487 5199 3754 4733 2586 5733 4323 1832 1227 1877 1539 1339 5328 998 466 313 153 4273 531 960 410 342 229 643 352 1168 486 3742 2063
is_linear=0
shrinkage=0.05


Tree=36
num_leaves=31
num_cat=0
split_feature=0 9 12 14 15 3 12 14 0 1 17 9 0 9 5 5 12 9 4 18 16 16 15 16 16 9 0 5 16 18
split_gain=2635.01 1500.81 967.272 799.847 721.512 575.698 567.545 440.304 397.476 433.497 623.845 373.785 317.306 310.288 309.59 432.712 491.714 421.008 287.263 349.065 279.328 308.866 335.923 291.74 271.861 355.259 269.639 269.436 263.75 325.424
threshold=30.500000000000004 49500.266999999934 19.625000000000004 64.475000000000009 11.625000000000002 25.085892000000005 10.495000000000003 61.377500000000005 44.500000000000007 2.5000000000000004 18.245000000000005 -440680.74999999994 32.500000000000007 -428441.04499999998 1.0000000180025095e-35 6.7750000000000012 1.0000000180025095e-35 -475440.11000000004 2287541.5000000005 10.162500000000005 23.582500000000003 16.130000000000003 9.1100000000000012 28.627500000000005 55.440000000000005 -928725.92999999982 26.500000000000004 20.145000000000003 36.105000000000004 -0.08249999999999956
decision_type=2 2 2 2 2 2 2 2 2 2 2 2 2 2 2 2 2 2 2 2 2 2 2 2 2 2 2 2 2 2
left_child=1 3 5 6 -3 8 14 26 9 10 13 -8 -11 -2 -1 16 24 -17 19 -18 21 -4 -23 -22 25 -16 -6 -14 29 -7
right_child=2 4 20 -5 7 28 11 -9 -10 12 -12 -13 27 -15 15 17 18 -19 -20 -21 23 22 -24 -25 -26 -27 -28 -29 -30 -31
leaf_value=0.10366721815604392 0.23188202229461502 -0.0040125018267038589 0.01694934364323589 0.17124554789043034 -0.073044900138190344 0.17139832197623972 0.090644302725105 -0.16361008376282241 -0.01395804706554463 -0.042409603482916614 -0.0013038417037644582 0.0070906441544875218 0.01241840474301169 0.062969865211190579 0.017183801110728949 0.049539031237451681 0.015629394829613709 -0.01608688856514516 -0.1121661316995558 -0.085403664587988523 -0.0097168632361683115 0.30798150188755247 0.13051949134183816 0.099222043087893064 -0.20274470936296121 -0.11292286692418863 -0.025650811427422288 0.11325592760374581 -0.011760201987207813 0.064483254409638618
leaf_weight=52 28 600 33 64 1184 101 141 112 873 264 492 2641 1659 938 71 265 372 3142 76 111 84 40 80 229 53 201 402 69 68 241
leaf_count=52 28 600 33 64 1184 101 141 112 873 264 492 2641 1659 938 71 265 372 3142 76 111 84 40 80 229 53 201 402 69 68 241
internal_value=-0.000290844 -0.0159694 0.0283189 -0.00472565 -0.0511439 0.0215517 -0.00630631 -0.0677981 0.0161814 0.023808 0.0445247 0.0113254 0.00864491 0.0678659 -0.0176007 -0.0190702 -0.0502412 -0.0109824 -0.0218073 -0.00758938 0.097051 0.152419 0.189673 0.069986 -0.0991474 -0.0789612 -0.061032 0.0164449 0.0781756 0.0960576
internal_weight=14686 9487 5199 7189 2298 4733 7125 1698 4323 3450 1458 2782 1992 966 4343 4291 884 3407 559 483 466 153 120 313 325 272 1586 1728 410 342
internal_count=14686 9487 5199 7189 2298 4733 7125 1698 4323 3450 1458 2782 1992 966 4343 4291 884 3407 559 483 466 153 120 313 325 272 1586 1728 410 342
is_linear=0
shrinkage=0.05


Tree=37
num_leaves=31
num_cat=0
split_feature=0 9 5 14 15 0 1 5 13 6 19 9 15 18 12 16 15 14 14 16 14 14 14 8 18 4 14 14 8 18
split_gain=2378.1 1380.45 881.885 753.219 608.759 636.889 617.669 582.906 506.1 499.013 464.976 411.49 401.676 391.387 368.429 357.499 318.545 320.454 373.868 311.12 339.295 298.7 297.19 293.616 280.51 275.523 249.37 272.101 246.475 243.104
threshold=30.500000000000004 319462.39999999997 18.205000000000002 64.475000000000009 13.127500000000003 40.500000000000007 2.5000000000000004 10.505000000000001 1.0000000180025095e-35 24.874450500000005 -2.1750000000000012 -347678.09999999992 12.117500000000001 10.420000000000002 1.0000000180025095e-35 55.440000000000005 8.7875000000000014 25.372500000000002 26.845000000000002 29.002500000000001 36.565000000000005 44.362500000000004 61.377500000000005 0.036132749999999943 -33.287499999999987 65555.875000000015 23.582500000000003 21.695000000000004 2.3768311500000001 1.3525000000000011
decision_type=2 2 2 2 2 2 2 2 2 2 2 2 2 2 2 2 2 2 2 2 2 2 2 2 2 2 2 2 2 2
left_child=1 3 4 7 5 6 9 8 11 19 -4 13 26 -1 -13 -10 17 -16 -19 -2 -21 -6 28 -11 -12 -17 27 -3 -14 -18
right_child=2 12 10 -5 21 -7 -8 -9 15 23 24 14 22 -15 16 25 29 18 -20 20 -22 -23 -24 -25 -26 -27 -28 -29 -30 -31
leaf_value=0.048535766082859977 0.060488258015278275 -0.0101226419097165 0.18554600120342551 0.15770643122754446 -0.0063338665043344679 0.011188699251572374 0.011358577693053694 0.0043894902984769179 -0.040487338520169787 0.3766928578811613 -0.1149339727380059 0.1039318733422433 -0.087256719220338952 -0.064290959391021918 -0.0061341383440316703 0.012365493579241245 -0.013854418616742862 0.20614473728224808 0.0041264512148514697 0.29334393795579672 0.10322151606669649 0.033020638022036773 -0.17850337585283294 0.15999307772662077 0.066173904317054458 -0.18514742079056112 -0.051668316787000491 0.15747366348902386 -0.017343907774043963 -0.049589670491367678
leaf_weight=443 346 74 83 68 2044 848 270 3977 1227 22 22 59 657 93 356 23 964 43 49 32 88 631 74 54 759 76 172 36 156 940
leaf_count=443 346 74 83 68 2044 848 270 3977 1227 22 22 59 657 93 356 23 964 43 49 32 88 631 74 54 759 76 172 36 156 940
internal_value=-0.000276302 -0.0151709 0.026903 -0.00802077 0.0177095 0.0414947 0.0731442 -0.00938676 -0.0222087 0.103923 0.0730298 -0.0106661 -0.0660475 0.0289595 -0.0194754 -0.0478618 -0.0225711 0.0153631 0.098548 0.0845481 0.153921 0.00294938 -0.0825734 0.222722 0.0610723 -0.139261 -0.0140673 0.0447271 -0.0738417 -0.0314968
internal_weight=14686 9487 5199 8318 4335 1660 812 8250 4273 542 864 2947 1169 536 2411 1326 2352 448 92 466 120 2675 887 76 781 99 282 110 813 1904
internal_count=14686 9487 5199 8318 4335 1660 812 8250 4273 542 864 2947 1169 536 2411 1326 2352 448 92 466 120 2675 887 76 781 99 282 110 813 1904
is_linear=0
shrinkage=0.05


Tree=38
num_leaves=31
num_cat=0
split_feature=0 4 15 3 7 15 12 18 16 14 3 15 17 16 9 14 5 4 18 14 17 19 3 4 14 3 12 16 17 15
split_gain=2166.93 1464.75 853.061 840.772 856.031 644.564 452.184 411.291 453.635 451.921 384.953 378.612 357.126 359.332 327.483 318.525 317.195 512.892 356.829 300.777 299.96 494.671 292.678 251.061 342.596 529.389 249.081 235.977 226.763 224.944
threshold=27.500000000000004 605272.02500000014 14.562500000000002 7.1052397500000009 569.82457000000011 11.625000000000002 15.365 9.9874999999999989 57.400000000000006 50.367500000000007 11.051193250000003 9.1100000000000012 9.3625000000000025 22.190000000000001 -167741.35000000001 28.627500000000005 18.995000000000001 1613977.5000000002 -33.287499999999987 60.655000000000008 7.6325000000000012 0.21750000000000028 -1.7589110999999997 972299.68000000017 54.82500000000001 11.845672500000001 20.695000000000004 47.360000000000007 16.437500000000004 16.885000000000002
decision_type=2 2 2 2 2 2 2 2 2 2 2 2 2 2 2 2 2 2 2 2 2 2 2 2 2 2 2 2 2 2
left_child=1 6 3 22 10 15 14 8 9 12 -5 20 -7 29 28 -3 -4 18 -18 -9 26 -22 -2 24 -13 -26 -6 -24 -1 -14
right_child=2 5 16 4 11 7 -8 19 -10 -11 -12 23 13 -15 -16 -17 17 -19 -20 -21 21 -23 27 -25 25 -27 -28 -29 -30 -31
leaf_value=0.09740354515862866 0.090158852929076591 0.0078262864603761018 -0.0028126052680622704 0.087977435137145232 0.0033314517249578035 0.092849604495180149 0.052964953002581999 -0.085901334348167185 -0.11176367195315316 0.047863860888340111 0.0070646855260007267 0.079730350340524184 -0.046800822138693701 -0.034748713118896747 -0.0070711720058501404 -0.054807912758184356 -0.11873559384118944 -0.16480088960379363 0.097291565300011901 -0.21282942085354417 0.13695608882569008 0.34945627728646456 -0.0050063598291456256 0.040399297580230413 0.3712356717825902 0.072701407585180164 0.19778018848079704 0.11445249877978377 0.002694272768600443 -0.12036526250408688
leaf_weight=130 97 745 2586 184 58 45 375 344 239 140 731 443 181 1078 4597 279 21 24 213 54 161 33 1071 364 27 33 23 43 123 244
leaf_count=130 97 745 2586 184 58 45 375 344 239 140 731 443 181 1078 4597 279 21 24 213 54 161 33 1071 364 27 33 23 43 123 244
internal_value=-0.000262487 -0.0164784 0.0224854 0.0399112 0.0593703 -0.0422918 6.68969e-05 -0.0568492 -0.0472919 -0.0381635 0.0233357 0.0882422 -0.0459438 -0.0500993 -0.00402316 -0.00923909 0.00246169 0.0553273 0.0779045 -0.103123 0.139361 0.173103 0.00685801 0.0720281 0.0949166 0.207042 0.0585453 -0.000395291 0.0513591 -0.0890355
internal_weight=14686 8574 6112 3268 2057 3349 5225 2325 1927 1688 915 1142 1548 1503 4850 1024 2844 258 234 398 275 194 1211 867 503 60 81 1114 253 425
internal_count=14686 8574 6112 3268 2057 3349 5225 2325 1927 1688 915 1142 1548 1503 4850 1024 2844 258 234 398 275 194 1211 867 503 60 81 1114 253 425
is_linear=0
shrinkage=0.05


Tree=39
num_leaves=31
num_cat=0
split_feature=0 4 1 17 9 15 5 5 3 8 16 9 0 5 16 6 17 9 18 16 15 18 14 17 9 4 8 17 0 13
split_gain=1965.32 1500.18 849.015 733.218 774.397 605.841 475.425 463.843 425.236 421.331 397.366 393.979 393.755 377.356 360.87 358.717 320.093 316.755 358.452 492.582 341.474 294.412 277.372 268.684 355.875 371.627 378.646 278.63 246.484 312.445
threshold=26.500000000000004 605272.02500000014 2.5000000000000004 18.245000000000005 -428441.04499999998 11.625000000000002 12.145000000000001 18.925000000000004 7.1885223000000007 -1.8411716000000002 43.51250000000001 695471.90000000014 15.500000000000002 13.285000000000002 32.715000000000011 1.0000000180025095e-35 14.165000000000001 -233324.99999999997 -27.574999999999999 27.355 22.130000000000003 9.9874999999999989 28.802500000000006 7.6325000000000012 -8587.6775000000034 343020.12500000006 0.33113099999999923 7.9875000000000007 32.500000000000007 1.0000000180025095e-35
decision_type=2 2 2 2 2 2 2 2 2 2 2 2 2 2 2 2 2 2 2 2 2 2 2 2 2 2 2 2 2 2
left_child=1 10 3 4 14 22 -6 28 -5 -9 16 -11 13 -12 -2 -7 -1 18 -17 20 -20 -19 -3 -8 25 -25 -27 -26 29 -4
right_child=2 5 7 8 6 15 23 9 -10 11 12 -13 -14 -15 -16 17 -18 21 19 -21 -22 -23 -24 24 27 26 -28 -29 -30 -31
leaf_value=0.0060124834665017416 0.1209144153602181 0.0058115906815085373 0.0053788589675921004 -0.064934271021367437 0.024663765220217057 0.091297817552605506 0.020225479787394487 -0.048171736756339671 0.021142093644300228 0.080749473934902949 -0.0013628859793133408 -0.10406756862517326 0.16309079059328024 0.067878268724390567 0.31823217868804932 -0.16988739863570249 -0.021450708957311479 -0.062912943455029915 -0.096605558035368425 0.025736334782184945 0.084412988567103941 -0.11896066375650388 -0.055809607325508881 0.0828446342019548 0.24754725982519715 0.36714618005154825 0.12576049288036303 0.066416914432652685 0.006430509287612564 -0.052448846067028779
leaf_weight=2323 62 685 455 182 881 39 177 95 678 413 595 31 52 294 37 42 1953 1238 198 286 30 289 249 71 22 33 32 608 2156 480
leaf_count=2323 62 685 455 182 881 39 177 95 678 413 595 31 52 294 37 42 1953 1238 198 286 30 289 249 71 22 33 32 608 2156 480
internal_value=-0.000249363 -0.0163534 0.0205254 0.0413029 0.0584657 -0.0441725 0.0510737 0.00459593 0.00292593 0.0473973 -5.75466e-05 0.0678456 0.0293581 0.0215358 0.194659 -0.0589422 -0.00653093 -0.0617552 -0.0294428 -0.0179668 -0.0727873 -0.0735205 -0.0106163 0.0757471 0.0885766 0.161927 0.24831 0.0727421 -0.00286764 -0.0243081
internal_weight=14686 8273 6413 2783 1923 3056 1824 3630 860 539 5217 444 941 889 99 2122 4276 2083 556 514 228 1527 934 943 766 136 65 630 3091 935
internal_count=14686 8273 6413 2783 1923 3056 1824 3630 860 539 5217 444 941 889 99 2122 4276 2083 556 514 228 1527 934 943 766 136 65 630 3091 935
is_linear=0
shrinkage=0.05


Tree=40
num_leaves=31
num_cat=0
split_feature=0 4 12 15 12 5 4 12 15 16 0 3 14 15 19 4 1 18 8 18 18 19 17 19 16 14 17 16 18 15
split_gain=1932.33 1094.57 783.228 592.718 553.694 501.781 456.075 428.099 400.857 430.26 396.269 383.722 356.331 351.487 347.638 328.577 312.326 325.061 296.252 295.111 307.999 356.666 400.452 293.526 358.681 284.718 283.38 267.627 266.94 252.635
threshold=28.500000000000004 355584.90500000009 17.105000000000004 17.572500000000002 16.295000000000005 1.0000000180025095e-35 2603940.5000000005 15.365 15.665000000000001 64.475000000000009 43.500000000000007 15.138199000000002 36.040000000000006 13.952500000000002 -2.1750000000000012 542822.72500000009 2.5000000000000004 9.9874999999999989 -5.1610106999999985 3.635000000000002 3.1425000000000005 1.4374999999999989 9.0650000000000013 -1.3025 19.092500000000005 64.930000000000021 12.117500000000001 17.020000000000003 -5.6749999999999998 6.3875000000000002
decision_type=2 2 2 2 2 2 2 2 2 2 2 2 2 2 2 2 2 2 2 2 2 2 2 2 2 2 2 2 2 2
left_child=1 7 10 4 6 -5 16 -1 9 14 11 12 15 -13 29 27 17 18 -3 20 21 -16 -23 28 -25 -21 -18 -2 -7 -4
right_child=2 3 8 5 -6 23 -8 -9 -10 -11 -12 13 -14 -15 19 -17 26 -19 -20 25 -22 22 -24 24 -26 -27 -28 -29 -30 -31
leaf_value=-0.0020440283503410082 0.055373420050836633 -0.073841347637292207 0.27108863277567757 0.17980027998841944 -0.13073892102322796 0.038027382148024834 -0.075773028420988528 0.055618834513262543 -0.0087450773781165472 0.26690698602590068 -0.010784119906719855 0.07192321650258654 0.045920977373657891 0.019663352306950457 0.041660670073348692 -0.036776676239452487 -0.0045709787156319121 -0.044037382869038168 0.028885542165183065 -0.024941386723348613 0.23222461070480019 0.05973894526495746 0.30410873783131442 -0.12654590076267325 -0.042829257978608738 0.16704633980989458 -0.052517500730720271 0.0009136455204845355 -0.14309971158667892 0.10617383900940058
leaf_weight=4446 286 76 27 21 110 23 289 347 160 29 1155 619 554 670 326 453 655 238 917 158 29 38 30 151 838 22 582 1068 176 166
leaf_count=4446 286 76 27 21 110 23 289 347 160 29 1155 619 554 670 326 453 655 238 917 158 29 38 30 151 838 22 582 1068 176 166
internal_value=0.000599968 -0.0140677 0.0230675 -0.0331153 -0.0207337 -0.0624768 -0.0163447 0.0021306 0.0636841 0.077731 0.0147414 0.0228186 0.0108399 0.0447594 0.0708389 8.45253e-05 -0.00938573 0.00844452 0.0210233 0.0521451 0.0749627 0.0633876 0.167549 -0.0667595 -0.0556111 -0.00147622 -0.0271295 0.012417 -0.122165 0.129245
internal_weight=14659 8869 5790 4076 2867 1209 2757 4793 985 825 4805 3650 2361 1289 796 1807 2468 1231 993 603 423 394 68 1188 989 180 1237 1354 199 193
internal_count=14659 8869 5790 4076 2867 1209 2757 4793 985 825 4805 3650 2361 1289 796 1807 2468 1231 993 603 423 394 68 1188 989 180 1237 1354 199 193
is_linear=0
shrinkage=0.05


Tree=41
num_leaves=31
num_cat=0
split_feature=0 9 5 1 9 17 5 19 0 14 17 16 3 13 5 19 3 16 17 16 17 0 5 4 17 4 3 19 16 18
split_gain=1748.55 1139.65 731.933 498.789 518.567 461.302 459.024 387.989 378.323 377.395 338.843 325.046 320.078 303.5 360.17 333.304 280.061 352.896 272.57 264.666 335.048 345.797 342.874 270.537 269.359 262.301 293.424 250.521 231.859 229.564
threshold=27.500000000000004 74975.659999999829 18.205000000000002 2.5000000000000004 -617823.64999999979 18.245000000000005 10.975000000000003 -2.1750000000000012 41.500000000000007 56.690000000000005 21.682500000000005 64.475000000000009 7.3496703000000005 1.0000000180025095e-35 6.7750000000000012 7.1650000000000018 6.6001435000000006 41.127500000000005 20.845000000000002 44.750000000000007 12.995000000000003 12.500000000000002 6.2150000000000007 1017729.1250000001 12.437500000000002 2249029.2500000005 20.280960000000004 -1.5849999999999989 42.210000000000001 33.26250000000001
decision_type=2 2 2 2 2 2 2 2 2 2 2 2 2 2 2 2 2 2 2 2 2 2 2 2 2 2 2 2 2 2
left_child=1 6 3 4 28 8 13 -4 25 10 18 -9 -7 19 15 -15 17 -8 29 24 22 -22 -21 -23 27 26 -6 -1 -2 -3
right_child=2 9 7 -5 5 12 16 11 -10 -11 -12 -13 -14 14 -16 -17 -18 -19 -20 20 21 23 -24 -25 -26 -27 -28 -29 -30 -31
leaf_value=0.079193304287708516 0.079240822210907946 -0.03432575027947584 0.1736791337762649 -0.0002364203457739302 0.050533956564951799 -0.061671864408161983 0.014917353149929839 0.046280492606661956 0.0074421254419453188 -0.11700316536304681 -0.10610790913707097 0.20192270408783641 0.013283146636650792 -0.10498909545422067 -0.02124305951209127 0.053701860031211059 -0.0007211005127279852 0.084458583307864724 0.1084574667144228 -0.1347461439752359 -0.0072073305866306092 0.14109665765737495 0.031518689614227595 0.02974314060434699 -0.029157030041969612 -0.042224100411965934 0.11502640148991072 -0.0028422226673149964 0.24309082390054276 -0.19718217026780954
leaf_weight=104 50 1318 72 2860 673 189 723 807 503 188 182 35 578 256 962 38 1856 244 33 57 154 120 68 100 1247 58 239 885 38 22
leaf_count=104 50 1318 72 2860 673 189 723 807 503 188 182 35 578 256 962 38 1856 244 33 57 154 120 68 100 1247 58 239 885 38 22
internal_value=0.00056997 -0.0140126 0.0210194 0.013751 0.0309348 0.0262575 -0.00478382 0.0622763 0.0426307 -0.0500909 -0.0420012 0.0527502 -0.00518686 -0.0156983 -0.0360449 -0.084478 0.0106464 0.0324645 -0.0335035 -0.00635443 0.0265706 0.0502566 -0.0442981 0.0904814 -0.0137022 0.060878 0.0674349 0.00578436 0.149994 -0.0369995
internal_weight=14659 8557 6102 5188 2328 2240 6814 914 1473 1743 1555 842 767 3991 1256 294 2823 967 1373 2735 499 374 125 220 2236 970 912 989 88 1340
internal_count=14659 8557 6102 5188 2328 2240 6814 914 1473 1743 1555 842 767 3991 1256 294 2823 967 1373 2735 499 374 125 220 2236 970 912 989 88 1340
is_linear=0
shrinkage=0.05


Tree=42
num_leaves=31
num_cat=0
split_feature=5 15 9 9 6 19 5 15 4 14 8 3 12 16 15 12 17 14 15 16 15 7 19 12 3 6 8 1 18 16
split_gain=1598.6 751.088 630.64 628.986 610.05 523.309 514.164 448.397 393.871 376.094 344.211 343.237 318.695 312.673 321.554 397.436 300.521 299.714 296.712 296.008 277.835 456.386 277.783 264.749 295.014 257.362 253.656 308.78 232.653 302.05
threshold=12.995000000000003 17.572500000000002 823655.15700000001 -347678.09999999992 1.9596710500000001 0.54249999999999965 8.6150000000000002 14.737500000000002 881949.52000000014 44.362500000000004 -2.2886199999999994 9.6274565000000027 20.390000000000004 27.355 10.097500000000002 1.0050000000000001 19.792500000000004 47.192500000000003 16.825000000000003 21.740000000000006 6.9600000000000017 542494.09500000009 -1.2874999999999994 17.905000000000005 11.948028500000001 3.4249725500000006 3.0570376500000007 2.5000000000000004 -28.944999999999997 48.237500000000004
decision_type=2 2 2 2 2 2 2 2 2 2 2 2 2 2 2 2 2 2 2 2 2 2 2 2 2 2 2 2 2 2
left_child=1 3 5 13 16 7 17 20 -6 10 -7 12 -11 -1 -15 18 -3 26 22 -10 21 -2 -16 -8 -25 -12 27 -5 -21 -30
right_child=2 4 -4 6 8 9 23 -9 19 11 25 -13 -14 14 15 -17 -18 -19 -20 28 -22 -23 -24 24 -26 -27 -28 -29 29 -31
leaf_value=0.0023586520499766883 0.096228960258159663 0.076407516543673337 -0.062175382149995288 -0.011200355892141122 -0.023837679204186869 -0.051327928064113605 -0.00029178660048716736 0.010054712560233131 -0.11350528969570794 0.078372900028763404 -0.023428673467821848 0.0014957031091593161 0.28215903685916038 -0.064955919245496777 0.062420079336029437 0.13344136747884855 -0.021594780530366633 -0.086162729406648361 0.14832083571690885 -0.14537562697864415 0.058493058751634866 0.34607610262575605 -0.081816688416496156 0.20002997632537572 -0.010018747486174108 0.025308546599682125 0.039279467509795274 -0.073399965370798945 -0.06155978939179331 0.0097777583711378957
leaf_weight=266 141 186 188 570 1838 235 5457 465 224 222 355 159 21 39 71 203 135 230 41 57 1103 21 63 35 32 1143 141 307 500 211
leaf_count=266 141 186 188 570 1838 235 5457 465 224 222 355 159 21 39 71 203 135 230 41 57 1103 21 63 35 32 1143 141 307 500 211
internal_value=0.000541471 -0.00966558 0.0272516 -0.0010151 -0.0301319 0.0316014 -0.00562741 0.05204 -0.0375414 0.01504 0.00493273 0.0586118 0.095984 0.0447163 0.0717358 0.085839 0.0351916 -0.034613 0.0306202 -0.0629318 0.0674733 0.128617 -0.00539273 0.000921102 0.0997082 0.0137587 -0.0229662 -0.0329738 -0.0481812 -0.0403893
internal_weight=14659 10606 4053 7455 3151 3865 6772 1730 2830 2135 1733 402 243 683 417 378 321 1248 175 992 1265 162 134 5524 67 1498 1018 877 768 711
internal_count=14659 10606 4053 7455 3151 3865 6772 1730 2830 2135 1733 402 243 683 417 378 321 1248 175 992 1265 162 134 5524 67 1498 1018 877 768 711
is_linear=0
shrinkage=0.05


Tree=43
num_leaves=31
num_cat=0
split_feature=0 4 15 3 7 15 4 14 3 9 16 18 12 14 14 3 3 7 16 14 16 8 9 15 12 15 7 15 16 12
split_gain=1493.98 1093.11 667.405 715.451 713.315 498.88 447.459 413.591 532.954 400.589 492.045 347.519 320.332 314.628 397.268 311.912 270.953 265.503 261.237 257.89 257.204 254.972 251.407 239.459 426.745 222.4 216.564 249.514 225.68 301.18
threshold=26.500000000000004 355584.90500000009 14.737500000000002 7.1885223000000007 1.0000000180025095e-35 8.7100000000000026 1483002.1500000001 54.82500000000001 11.845672500000001 -347678.09999999992 19.862500000000001 -27.574999999999999 14.810000000000002 36.900000000000006 35.82500000000001 15.491790500000002 -1.7589110999999997 73804.463000000018 60.267500000000005 27.705000000000002 47.360000000000007 -2.410415 -359911.54999999987 17.572500000000002 16.845000000000002 8.5675000000000008 486427.3000000001 9.2225000000000019 21.120000000000005 15.625000000000002
decision_type=2 2 2 2 2 2 2 2 2 2 2 2 2 2 2 2 2 2 2 2 2 2 2 2 2 2 2 2 2 2
left_child=1 12 3 16 18 25 7 13 -9 10 -7 -12 -1 14 15 -6 -2 -11 -5 -8 -15 -17 -21 24 -19 -3 -23 28 -28 -30
right_child=2 5 -4 4 6 9 19 8 -10 17 11 -13 -14 20 -16 21 -18 23 -20 22 -22 26 -24 -25 -26 -27 27 -29 29 -31
leaf_value=-0.001927411837387337 0.080425719658915817 0.010564535755308808 0.0007883160089210456 0.0099725536761678668 0.0052675246223047069 -0.11998811806496008 0.069483615272797256 0.35757796722464263 0.09186771329006424 0.13071316927671434 -0.15509300063053766 0.019833191556082864 0.045409006203924594 -0.023999520060111794 0.29496064815854578 -0.0058582293782748433 -0.0038164774653229872 -0.037201475344657536 0.18075960388650067 0.11399481234633749 0.1086578539883097 0.078574406191953189 -0.034520844074325978 -0.075658235764580667 -0.18270848980889873 0.17814492505221141 0.29949190966986322 0.10375154444072805 0.31753739714622498 0.093016933933910681
leaf_weight=4399 104 346 2885 845 98 83 194 32 46 20 30 530 389 113 24 51 1161 1627 23 34 54 272 176 752 52 21 37 182 20 59
leaf_count=4399 104 346 2885 845 98 83 194 32 46 20 30 530 389 113 24 51 1161 1627 23 34 54 272 176 752 52 21 37 182 20 59
internal_value=0.000514398 -0.0135564 0.0186221 0.0332179 0.0500707 -0.0349645 0.0722525 0.09038 0.200877 -0.0415025 -0.00637669 0.0104621 0.00191842 0.0809088 0.0948472 0.0881675 0.00310936 -0.0507174 0.014498 0.0279207 0.0188957 0.10125 -0.0104755 -0.0522101 -0.0417079 0.0201536 0.110833 0.140278 0.197586 0.149858
internal_weight=14659 8249 6410 3525 2260 3461 1392 988 78 3094 643 560 4788 910 743 719 1265 2451 868 404 167 621 210 2431 1679 367 570 298 116 79
internal_count=14659 8249 6410 3525 2260 3461 1392 988 78 3094 643 560 4788 910 743 719 1265 2451 868 404 167 621 210 2431 1679 367 570 298 116 79
is_linear=0
shrinkage=0.05


Tree=44
num_leaves=31
num_cat=0
split_feature=0 9 5 16 4 0 17 1 0 17 14 4 17 3 15 9 17 3 8 3 8 14 17 9 6 16 3 15 15 9
split_gain=1355.42 881.955 582.031 380.755 467.016 457.558 405.539 378.963 407.991 405.268 359.486 311.836 308.773 306.295 276.419 264.498 258.6 256.881 250.754 387.128 229.266 228.178 217.526 222.07 217.22 403.515 297.673 539.476 269.953 306.239
threshold=28.500000000000004 74975.659999999829 18.205000000000002 43.51250000000001 1079376.7500000002 15.500000000000002 12.437500000000002 2.5000000000000004 41.500000000000007 18.245000000000005 56.690000000000005 270952.315 21.682500000000005 10.173660000000002 23.797500000000003 -775582.74999999977 20.845000000000002 7.4479523500000004 -2.410415 8.0857240000000008 2.757705720000001 60.422500000000007 19.482500000000005 -63320.900000000016 3.9682007000000001 20.610000000000003 9.5351870000000023 14.860000000000001 13.612500000000002 -30896.499999999996
decision_type=2 2 2 2 2 2 2 2 2 2 2 2 2 2 2 2 2 2 2 2 2 2 2 2 2 2 2 2 2 2
left_child=1 3 7 6 5 13 -1 8 9 15 12 -8 16 22 -12 -2 -3 -11 19 -4 -14 -6 23 -5 -20 -26 27 -27 29 -28
right_child=2 10 18 4 21 -7 11 -9 -10 17 14 -13 20 -15 -16 -17 -18 -19 24 -21 -22 -23 -24 -25 25 26 28 -29 -30 -31
leaf_value=0.0062957720674544238 0.22040292356306546 -0.03004261444691534 0.12511214707868504 0.22852760024723554 -0.065239843987607557 0.10897457073916193 -0.0099378861423110258 -5.1795847022018843e-05 -0.0021661174928917178 -0.059010414386700308 -0.13423535766778513 -0.042946560398349626 -0.11328779553854569 -0.015410856658260969 0.012536236140877009 0.058647646503327037 0.10749527135065624 0.026453830715107179 -0.049001042530513732 -0.078283049866557125 0.054739953593715376 0.067417135739173642 0.0033458283418749874 0.060109567652034457 0.20503409752305948 0.32913902059749323 0.13968249156873311 0.078050253623915683 -0.0023004878429990069 0.041430910844250789
leaf_weight=2456 26 1452 34 21 192 177 2219 2696 744 112 162 1056 173 348 40 903 35 409 39 75 23 39 188 288 53 27 113 103 190 266
leaf_count=2456 26 1452 34 21 192 177 2219 2696 744 112 162 1056 173 348 40 903 35 409 39 75 23 39 188 288 53 27 113 103 190 266
internal_value=0.000488678 -0.0117958 0.0193058 -0.00360437 0.0213634 0.0358759 -0.00906322 0.0125048 0.0279344 0.0433791 -0.0421454 -0.0205813 -0.0345807 0.0205641 -0.105172 0.0631747 -0.0268053 0.00808148 0.0562577 -0.0148387 -0.0935703 -0.0428432 0.0457538 0.0715555 0.0660548 0.0720218 0.0619365 0.130199 0.0463403 0.0707249
internal_weight=14659 8869 5790 6984 1253 1022 5731 4890 2194 1450 1885 3275 1683 845 202 929 1487 521 900 109 196 231 497 309 791 752 699 130 569 379
internal_count=14659 8869 5790 6984 1253 1022 5731 4890 2194 1450 1885 3275 1683 845 202 929 1487 521 900 109 196 231 497 309 791 752 699 130 569 379
is_linear=0
shrinkage=0.05


Tree=45
num_leaves=31
num_cat=0
split_feature=12 9 5 3 6 8 5 1 4 3 17 8 12 9 16 9 5 3 8 6 9 16 18 18 3 16 14 14 19 14
split_gain=1371.25 791.466 511.926 480.17 660.638 591.166 354.356 364.743 334.345 367.438 319.298 449.542 381.562 345.544 317.34 282.331 447.14 280.228 268.26 244.886 240.048 347.473 293.858 719.588 246.001 206.374 192.911 187.044 216.18 186.71
threshold=11.855000000000002 319462.39999999997 20.145000000000003 9.5351870000000023 7.4739838000000001 -1.8411716000000002 11.045000000000002 2.5000000000000004 2249029.2500000005 27.450058000000002 18.245000000000005 -0.71055624999999967 3.0050000000000003 -370605.51999999984 20.795000000000005 -893023.7999999997 6.7750000000000012 14.711716000000001 3.1221619999999999 5.7355804500000014 -10056.999999999998 29.002500000000001 -1.4974999999999985 -0.36750000000000321 -2.3690185499999994 18.642500000000002 40.557500000000005 24.457500000000003 -2.4399999999999991 32.562500000000007
decision_type=2 2 2 2 2 2 2 2 2 2 2 2 2 2 2 2 2 2 2 2 2 2 2 2 2 2 2 2 2 2
left_child=1 6 8 4 -4 -6 7 10 9 20 13 12 -12 -1 -13 25 18 19 -17 -3 21 27 -23 -24 -22 -9 -10 28 -2 -5
right_child=2 17 3 29 5 -7 -8 15 26 -11 11 14 -14 -15 -16 16 -18 -19 -20 -21 24 22 23 -25 -26 -27 -28 -29 -30 -31
leaf_value=0.071771631595986221 0.12160782934451063 -0.00550311786797829 0.02309137564655897 0.089489835745802049 0.15512637600302698 0.49636212120001971 0.0071624033993465883 -0.10432879379577936 -0.0056448963781197872 0.15570656512955242 -0.16677534300833941 -0.045277448373337532 -0.039713804466614863 0.004601433704367882 0.032312548464191633 -0.0932878973723167 -0.020693946849339877 -0.024218055606898679 0.027372810342964141 -0.092257468992152147 0.16492832292009285 0.036816001316219628 0.34992522858083253 0.080254826843396798 0.013333595796097842 0.048534597945276398 -0.11791878240612837 -0.015961275462992489 0.011845155160075851 -0.0048850099527344261
leaf_weight=218 72 100 37 114 30 22 3670 25 93 51 80 214 226 1573 343 352 2396 507 53 436 27 128 32 109 3028 189 65 200 119 97
leaf_count=218 72 100 37 114 30 22 3670 25 93 51 80 214 226 1573 343 352 2396 507 53 436 27 128 32 109 3028 189 65 200 119 97
internal_value=0.000215992 -0.00955604 0.0242343 0.0871871 0.184586 0.299495 -0.00494247 -0.0127789 0.0194214 0.0224108 0.000738792 -0.0242451 -0.0729325 0.0127774 0.00250239 -0.0246781 -0.0289073 -0.0508659 -0.0774977 -0.076072 0.0205809 0.0479256 0.0916648 0.141457 0.0146734 0.0306767 -0.0518335 0.017834 0.0532217 0.0461042
internal_weight=14606 10382 4224 300 89 52 9339 5669 3924 3766 2654 863 306 1791 557 3015 2801 1043 405 536 3715 660 269 141 3055 214 158 391 191 211
internal_count=14606 10382 4224 300 89 52 9339 5669 3924 3766 2654 863 306 1791 557 3015 2801 1043 405 536 3715 660 269 141 3055 214 158 391 191 211
is_linear=0
shrinkage=0.05


Tree=46
num_leaves=31
num_cat=0
split_feature=5 9 14 5 0 0 14 3 9 1 5 18 18 1 17 7 17 17 3 4 17 8 17 18 9 17 5 3 17 18
split_gain=1255.87 804.636 490.345 487.177 384.649 490.872 382.006 337.002 313.315 343.749 400.025 307.904 274.696 265.207 466.596 406.619 257.363 363.51 264.798 248.534 247.362 242.104 238.903 280.604 218.188 215.782 212.991 211.192 206.73 202.663
threshold=15.965000000000002 319462.39999999997 64.475000000000009 10.995000000000003 32.500000000000007 12.500000000000002 59.495000000000012 14.711716000000001 -893023.7999999997 2.5000000000000004 6.7750000000000012 2.1550000000000016 -27.574999999999999 2.5000000000000004 14.737500000000002 331.90175000000005 17.787500000000005 16.907500000000002 21.208664000000002 324.82807000000008 19.792500000000004 3.1221619999999999 14.915000000000001 8.8475000000000019 3231.7753500000017 8.3225000000000016 25.005000000000006 19.274048000000004 25.050000000000004 0.097500000000003709
decision_type=2 2 2 2 2 2 2 2 2 2 2 2 2 2 2 2 2 2 2 2 2 2 2 2 2 2 2 2 2 2
left_child=1 2 3 8 5 -2 16 -3 11 28 21 12 -1 14 15 -5 17 18 27 -20 24 -11 -7 -24 -18 -17 -8 -6 29 -10
right_child=4 7 -4 13 6 22 26 -9 9 10 -12 -13 -14 -15 -16 25 20 -19 19 -21 -22 -23 23 -25 -26 -27 -28 -29 -30 -31
leaf_value=-0.092056024136642614 0.054964656960523141 -0.072066468974095133 0.23418460769409483 0.024124342626147616 0.025278544695497368 3.9249900192879267e-05 0.10892614590346866 -0.018773165087885232 0.017148535205447728 -0.088623502920514019 -0.019672679538005357 -0.030087884272850019 0.0867289397011443 0.00016190991331399096 -0.0043459303619731368 0.027497598396849288 0.11244623055975689 -0.12857244459517075 -0.0089949213878262307 0.084853739891670665 0.038492403509175904 0.026004168992194366 -0.10621990250984975 0.091422798342648007 0.29053751258623034 0.11339364790224604 0.28668740107254548 -0.083625336920842536 -0.086040887175995395 -0.010831239830810847
leaf_weight=24 337 582 22 796 406 313 72 605 1008 352 2266 123 205 3393 883 103 95 33 87 373 104 53 124 21 21 252 22 50 73 1808
leaf_count=24 337 582 22 796 406 313 72 605 1008 352 2266 123 205 3393 883 103 95 33 87 373 104 53 124 21 21 252 22 50 73 1808
internal_value=0.000205192 -0.00573242 -0.00163982 -0.00209737 0.0364079 0.00916225 0.0535578 -0.0449035 -0.0120271 -0.0149233 -0.0278531 0.0337195 0.0679917 0.0087198 0.0229956 0.0439708 0.0457602 0.0344645 0.0403381 0.0671041 0.0944859 -0.0736228 -0.0245395 -0.0775958 0.144687 0.0884717 0.15053 0.0133373 -0.00296924 -0.000815752
internal_weight=14606 12548 11361 11339 2058 795 1263 1187 5912 5560 2671 352 229 5427 2034 1151 1169 949 916 460 220 405 458 145 116 355 94 456 2889 2816
internal_count=14606 12548 11361 11339 2058 795 1263 1187 5912 5560 2671 352 229 5427 2034 1151 1169 949 916 460 220 405 458 145 116 355 94 456 2889 2816
is_linear=0
shrinkage=0.05


Tree=47
num_leaves=31
num_cat=0
split_feature=12 4 5 3 6 8 6 4 3 3 0 16 5 4 0 3 1 5 8 5 6 19 4 3 9 16 18 18 3 14
split_gain=1144.14 657.119 423.498 424.899 575.707 535.979 341.036 290.474 350.84 248.999 263.047 244.307 219.779 258.56 460.832 310.356 372.686 279.475 351.355 276.604 245.889 281.004 241.334 233.181 216.096 322.514 264.744 647.725 220.755 210.352
threshold=11.855000000000002 1993130.4500000004 20.145000000000003 9.5351870000000023 7.4739838000000001 -1.8411716000000002 23.614364500000004 2424543.3000000003 27.450058000000002 15.345840500000001 25.500000000000004 64.475000000000009 1.0000000180025095e-35 238562.92500000002 15.500000000000002 13.394989000000001 4.5000000000000009 16.635000000000002 -1.7492676349999996 18.735000000000003 5.4621123500000008 4.4000000000000012 1176469.3000000003 10.173660000000002 -10056.999999999998 29.002500000000001 -1.4974999999999985 -0.36750000000000321 -2.3690185499999994 19.622500000000006
decision_type=2 2 2 2 2 2 2 2 2 2 2 2 2 2 2 2 2 2 2 2 2 2 2 2 2 2 2 2 2 2
left_child=1 6 7 4 -4 -6 11 8 24 -3 -11 12 -1 17 -15 16 22 -14 19 -19 -18 -22 23 -16 25 -2 -27 -28 -26 -20
right_child=2 9 3 -5 5 -7 -8 -9 -10 10 -12 -13 13 14 15 -17 20 18 29 -21 21 -23 -24 -25 28 26 27 -29 -30 -31
leaf_value=0.076585465940067821 0.015359663035007038 -0.075689380700365072 0.02025741192738752 0.040746253738852919 0.14081789201746384 0.46573583018034698 0.02347234512893295 -0.06636698543280363 0.13697306183610289 -0.04928630264193868 0.011882925374348733 0.15513940788805486 -0.0048841522061659499 -0.079151594604365536 -0.0051994745573286198 0.012914559994308164 -0.022320883526941237 0.058842445835471158 0.00883471618561695 -0.16164621051513789 -0.059871604770806233 -0.16803752854956611 -0.032221817671489537 0.061753227007820426 0.15475476803602997 0.034030869504931616 0.33113794168457389 0.075287226348295128 0.011156676118568638 0.10438508184626699
leaf_weight=76 402 406 37 211 30 22 990 100 63 487 275 23 4749 300 543 776 318 25 90 33 286 76 598 171 27 128 32 109 3063 160
leaf_count=76 402 406 37 211 30 22 990 100 63 487 275 23 4749 300 543 776 318 25 90 33 286 76 598 171 27 128 32 109 3063 160
internal_value=0.000194932 -0.00873123 0.0221342 0.0793924 0.171014 0.278283 -0.00425257 0.0177567 0.0199565 -0.0440621 -0.0272108 -0.00759007 -0.00804646 -0.00883809 -0.0202895 -0.0139099 -0.0243596 -0.00189072 0.0442645 -0.066608 -0.0544003 -0.0825805 -0.00878976 0.0108354 0.0179964 0.0437157 0.0860917 0.133353 0.0124114 0.069987
internal_weight=14606 10382 4224 300 89 52 9214 3924 3824 1168 762 8224 8201 8125 3068 2768 1992 5057 308 58 680 362 1312 714 3761 671 269 141 3090 250
internal_count=14606 10382 4224 300 89 52 9214 3924 3824 1168 762 8224 8201 8125 3068 2768 1992 5057 308 58 680 362 1312 714 3761 671 269 141 3090 250
is_linear=0
shrinkage=0.05


Tree=48
num_leaves=31
num_cat=0
split_feature=12 9 4 18 15 4 14 12 15 13 17 16 17 1 17 8 16 9 12 19 19 17 14 4 9 0 16 9 16 17
split_gain=1032.58 601.883 302.012 373.349 304.22 366.747 330.884 307.357 295.661 286.09 281.93 314.715 647.089 277.997 363.585 356.673 351.872 287.156 282.858 263.63 481.795 270.308 252.651 250.604 250.565 248.769 467.857 240.204 256.209 201.28
threshold=11.855000000000002 319462.39999999997 2249029.2500000005 -13.297499999999998 9.2225000000000019 79.382458000000014 59.230000000000011 24.780000000000005 22.130000000000003 12.295000000000002 7.6325000000000012 23.375000000000004 8.9250000000000025 2.5000000000000004 18.245000000000005 -0.71055624999999967 20.795000000000005 -347678.09999999992 0.015000000000000001 3.9799999999999991 4.9450000000000012 14.675000000000002 58.212500000000013 264732.1700000001 -398200.1999999999 26.500000000000004 32.715000000000011 -359911.54999999987 19.862500000000001 12.117500000000001
decision_type=2 2 2 2 2 2 2 2 2 2 2 2 2 2 2 2 2 2 2 2 2 2 2 2 2 2 2 2 2 2
left_child=1 9 3 -2 5 -5 24 -8 22 13 -7 -12 -13 14 17 18 -17 25 -16 -11 -21 -22 -3 -15 -6 -1 -27 28 -25 -29
right_child=2 8 -4 4 6 10 7 -9 -10 19 11 12 -14 23 15 16 -18 -19 -20 20 21 -23 -24 27 -26 26 -28 29 -30 -31
leaf_value=0.03329323607222999 0.21253486901808244 -0.024864213876391643 -0.046573295201754794 0.01295985881681554 0.075476213023913177 0.033652035677598578 0.042200778957880547 0.18936579628632622 -0.10617352271669665 0.039499631106614363 0.076439985974015287 0.37624524625639122 0.081391430606267287 -0.0053160567610722395 -0.13953700307973249 -0.043992583940545206 0.028736000404928193 0.0085774319542730442 -0.036284596097398682 -0.093650727379949755 -0.0073622619838152135 0.11574513620983523 -0.12261050151040156 -0.072772025771658214 0.0048168344703187248 0.031736578000709413 0.29052492966575011 -0.015333851542423614 0.014583177922243441 -0.053377472519323094
leaf_weight=170 26 808 159 425 132 225 393 39 163 657 212 30 49 2824 86 272 428 2158 290 123 142 65 72 102 2534 40 31 560 474 917
leaf_count=170 26 808 159 425 132 225 393 39 163 657 212 30 49 2824 86 272 428 2158 290 123 142 65 72 102 2534 40 31 560 474 917
internal_value=0.000185186 -0.00829467 0.0210275 0.0236717 0.0224559 0.0473544 0.0148931 0.0554865 -0.0443188 -0.00427142 0.0756832 0.108181 0.193361 -0.00727981 0.0035269 -0.0206224 0.00047575 0.0143584 -0.0599008 0.0211856 -0.0152759 0.0312947 -0.0328616 -0.0149799 0.00831535 0.0661228 0.144729 -0.028273 -0.000885973 -0.0389534
internal_weight=14606 10382 4224 4065 4039 941 3098 432 1043 9339 516 291 79 8352 3475 1076 700 2399 376 987 330 207 880 4877 2666 241 71 2053 576 1477
internal_count=14606 10382 4224 4065 4039 941 3098 432 1043 9339 516 291 79 8352 3475 1076 700 2399 376 987 330 207 880 4877 2666 241 71 2053 576 1477
is_linear=0
shrinkage=0.05


Tree=49
num_leaves=31
num_cat=0
split_feature=5 9 14 5 9 9 6 3 14 5 5 3 17 19 12 1 4 15 17 17 17 3 3 4 4 14 18 15 6 15
split_gain=972.552 619.589 426.588 397.928 323.499 315.108 302.186 279.649 278.287 292.221 259.782 239.958 229.149 239.442 224.185 221.046 471.155 243.447 298.781 291.142 216.067 213.878 206.938 204.485 189.227 188.9 188.447 172.661 286.956 245.036
threshold=15.965000000000002 319462.39999999997 64.475000000000009 10.135000000000003 -809768.72999999986 105615.50000000001 27.030609000000002 14.711716000000001 47.002500000000005 25.005000000000006 1.0000000180025095e-35 -2.3690185499999994 22.392500000000002 1.2375000000000005 6.0150000000000006 2.5000000000000004 57229.922500000008 13.155000000000001 8.3225000000000016 10.252500000000003 18.245000000000005 13.919845500000003 11.343856500000001 837322.87500000012 5.2771930000000014 25.747500000000002 -33.287499999999987 19.360000000000003 9.3267975000000032 13.155000000000001
decision_type=2 2 2 2 2 2 2 2 2 2 2 2 2 2 2 2 2 2 2 2 2 2 2 2 2 2 2 2 2 2
left_child=1 2 3 4 12 8 -7 -3 26 22 24 -5 13 -1 -12 16 20 18 -18 25 -13 23 -10 -15 -6 -20 -2 29 -29 -28
right_child=5 7 -4 11 10 6 -8 -9 9 -11 14 15 -14 21 -16 -17 17 -19 19 -21 -22 -23 -24 -25 -26 -27 27 28 -30 -31
leaf_value=0.072875482455960344 -0.09072788520716131 -0.064166051869118015 0.21850125593217939 0.073083886752816241 -0.015851435448755235 -0.023098668434019937 0.1399313624843114 -0.015619011820978985 0.076545929439495078 0.24115122640132905 -0.03756632262370662 0.013794756150365663 -0.057948580948692374 0.031062899918659875 -0.011440211315011956 -0.0034761093872459239 0.013009040648075962 0.01350677601840965 0.10600281084577244 0.076222837867308837 -0.019302840694023334 0.054130639447407293 -0.04298623980022967 -0.16197172311298991 0.14282218724755305 0.27814059906009148 0.04030572762152447 0.12207818058580161 0.0071350432350300256 -0.013209401043042968
leaf_weight=231 32 582 22 127 34 342 31 605 382 25 1345 1560 66 23 2108 4307 134 269 30 219 721 55 40 34 42 34 671 125 96 314
leaf_count=231 32 582 22 127 34 342 31 605 382 25 1345 1560 66 23 2108 4307 134 269 30 219 721 55 40 34 42 34 671 125 96 314
internal_value=0.000175926 -0.00504919 -0.00145789 -0.00188466 -0.0147255 0.0320344 -0.00954926 -0.0394222 0.0412396 0.0750557 -0.0196042 0.00494781 0.0273697 0.0437867 -0.0216168 0.00375819 0.0142597 0.0505921 0.0745153 0.103638 0.00333296 -0.016209 0.0652159 -0.0840806 0.0718366 0.197451 0.0290298 0.0322074 0.0721481 0.0232461
internal_weight=14606 12548 11361 11339 3938 2058 373 1187 1685 447 3529 7401 409 343 3453 7274 2967 686 417 283 2281 112 422 57 76 64 1238 1206 221 985
internal_count=14606 12548 11361 11339 3938 2058 373 1187 1685 447 3529 7401 409 343 3453 7274 2967 686 417 283 2281 112 422 57 76 64 1238 1206 221 985
is_linear=0
shrinkage=0.05


Tree=50
num_leaves=31
num_cat=0
split_feature=0 4 6 15 0 5 0 4 1 6 19 16 16 15 9 15 3 14 3 17 15 17 16 3 14 14 7 14 16 5
split_gain=921.835 732.152 463.192 466.435 492.269 390.121 356.175 353.838 326.933 325.699 309.091 272.649 269.368 264.862 258.077 258.881 254.977 255.147 210.278 205.413 271.954 333.934 266.928 204.258 202.622 210.227 371.811 230.099 182.494 180.887
threshold=26.500000000000004 355584.90500000009 9.1260985000000012 14.562500000000002 38.500000000000007 14.505000000000001 15.500000000000002 1126395.3000000003 3.5000000000000004 19.000122500000003 2.9225000000000008 43.872500000000009 65.360000000000014 8.7100000000000026 490688.90000000008 6.580000000000001 10.944335750000002 55.795000000000009 23.962768000000001 7.6325000000000012 9.1100000000000012 8.9250000000000025 23.375000000000004 -2.3690185499999994 20.610000000000003 53.750000000000007 264138.45000000007 39.175000000000004 14.112500000000002 1.0000000180025095e-35
decision_type=2 2 2 2 2 2 2 2 2 2 2 2 2 2 2 2 2 2 2 2 2 2 2 2 2 2 2 2 2 2
left_child=1 12 5 4 8 23 9 11 10 -3 14 -8 -1 -9 15 -4 17 -6 28 -17 21 22 -21 -2 -22 27 -27 -26 -15 -25
right_child=2 6 3 -5 16 -7 7 13 -10 -11 -12 -13 -14 18 -16 19 -18 -19 -20 20 24 -23 -24 29 25 26 -28 -29 -30 -31
leaf_value=0.00017151017003670194 0.10105416874090832 -0.1289258975992722 0.20771707644736448 0.0059586035023487961 0.043129086956226581 0.027065416494643182 -0.011286587038701992 0.012324573510501292 0.014807148227016396 -0.026470824474519167 0.21828715093433859 0.057811029630168133 0.15570991003353682 0.045926218784491844 -0.0044432254912296553 -0.0030099720073242984 8.0783459144067427e-05 0.22854169250830361 -0.010307807083649839 0.11611462108790876 0.16111423659324647 0.090141530743115872 0.3590800123719069 0.08996498557562764 0.061389963629490313 0.27980819995756501 0.059065431998326229 -0.026166993468580063 -0.053142690019446853 -0.021851562973963314
leaf_weight=4759 36 163 37 1855 96 727 756 261 301 148 36 176 28 48 106 81 736 23 427 20 50 98 26 37 310 27 65 99 1473 1610
leaf_count=4759 36 163 37 1855 96 727 756 261 301 148 36 176 28 48 106 81 736 23 427 20 50 98 26 37 310 27 65 99 1473 1610
internal_value=-0.000529165 -0.0115759 0.0137453 0.0242506 0.0403244 -0.00354266 -0.029128 -0.0240743 0.0602456 -0.0801691 0.074567 0.00176189 0.00108128 -0.0349749 0.068937 0.0785044 0.01106 0.0789651 -0.0413122 0.0723435 0.0811257 0.142307 0.253443 -0.0167643 0.0651364 0.0555577 0.123849 0.0401965 -0.0500163 -0.0193396
internal_weight=14615 8239 6376 3966 2111 2410 3452 3141 1256 311 955 932 4787 2209 919 813 855 119 1948 776 695 144 46 1683 551 501 92 409 1521 1647
internal_count=14615 8239 6376 3966 2111 2410 3452 3141 1256 311 955 932 4787 2209 919 813 855 119 1948 776 695 144 46 1683 551 501 92 409 1521 1647
is_linear=0
shrinkage=0.05


Tree=51
num_leaves=31
num_cat=0
split_feature=0 7 3 9 15 14 14 3 5 5 15 5 0 17 8 13 6 1 9 6 3 8 3 9 5 5 3 14 17 18
split_gain=831.956 584.724 419.16 386.517 444.637 437.052 360.552 336.114 600.015 298.283 280.623 261.396 255.981 239.433 237.306 236.598 227.554 302.539 536.293 237.713 572.157 221.956 217.904 211.763 204.193 204.148 200.193 185.083 191.01 184.109
threshold=26.500000000000004 21257.993000000006 24.111526500000004 -214200.76199999999 14.447500000000003 28.627500000000005 44.362500000000004 9.6274565000000027 22.050000000000004 6.7750000000000012 6.580000000000001 12.805000000000001 11.500000000000002 20.780000000000005 3.9747467500000009 18.760000000000002 10.251815500000001 3.5000000000000004 -971.79085000000066 17.188660000000002 11.617523000000002 -0.20469660000000053 -2.3690185499999994 -1594159.7999999996 19.065000000000001 17.525000000000002 7.5641174500000004 36.172500000000007 7.6325000000000012 -15.004999999999997
decision_type=2 2 2 2 2 2 2 2 2 2 2 2 2 2 2 2 2 2 2 2 2 2 2 2 2 2 2 2 2 2
left_child=1 11 6 9 5 -5 15 8 13 23 -4 12 -1 -8 24 16 22 18 19 20 -18 25 -2 -3 -6 -19 -13 28 -12 -24
right_child=2 3 10 4 14 -7 7 -9 -10 -11 27 26 -14 -15 -16 -17 17 21 -20 -21 -22 -23 29 -25 -26 -27 -28 -29 -30 -31
leaf_value=-0.0069647395021037633 0.088984326337679082 0.062270369389582247 0.15663820624935862 0.0059360608917613626 -0.056720226872989055 -0.045608010235609231 0.081651762865832561 0.01204403921664788 0.31606711214003358 0.028640683453376937 -0.019195832256401812 0.052464722510885367 0.044419923869312206 -8.1571367659340915e-05 0.0079302724735397425 0.1026065333380497 0.038274364016950134 -0.018097031419608649 0.0099514195928658081 0.055028956183009105 0.28125931588893244 0.016406577357175312 0.050220916216046768 -0.035171177570237633 -0.19088241704579056 -0.10705467427247449 -0.0052405900407106951 -0.030369595513540383 0.052065786487466695 -0.018021209014195894
leaf_weight=3090 52 63 51 995 1287 701 259 762 23 530 107 417 263 137 144 56 50 426 756 146 47 464 104 485 29 76 235 94 776 1990
leaf_count=3090 52 63 51 995 1287 701 259 762 23 530 107 417 263 137 144 56 50 426 756 146 47 464 104 485 29 76 235 94 776 1990
internal_value=-0.000502706 -0.0109971 0.013058 -0.023952 -0.0327812 -0.0153684 0.0074374 0.0318237 0.0677952 0.00189664 0.0422985 0.00269854 -0.00293427 0.0533753 -0.0530086 0.000525915 -0.000864626 0.0114288 0.0307211 0.095338 0.156009 -0.00852261 -0.0121212 -0.023969 -0.0596767 -0.0315647 0.031666 0.0363299 0.0434305 -0.0146319
internal_weight=14615 8239 6376 4234 3156 1696 5348 1181 419 1078 1028 4005 3353 396 1460 4167 4111 1965 999 243 97 966 2146 548 1316 502 652 977 883 2094
internal_count=14615 8239 6376 4234 3156 1696 5348 1181 419 1078 1028 4005 3353 396 1460 4167 4111 1965 999 243 97 966 2146 548 1316 502 652 977 883 2094
is_linear=0
shrinkage=0.05


Tree=52
num_leaves=31
num_cat=0
split_feature=0 9 0 1 6 9 19 16 5 16 5 6 13 0 19 15 15 16 18 13 8 15 12 9 8 17 3 15 18 1
split_gain=750.84 537.364 390.688 403.721 320.524 412.11 392.045 311.442 288.481 286.064 325.724 250.231 248.386 297.927 231.528 240.656 436.072 228.689 240.779 232.479 218.913 238.194 193.979 190.507 184.766 183.464 182.496 180.683 178.198 267.517
threshold=26.500000000000004 164730.34999999995 44.500000000000007 2.5000000000000004 10.147827000000001 -8587.6775000000034 2.1775000000000007 65.360000000000014 6.7750000000000012 63.717500000000008 23.005000000000006 3.6516876500000004 11.655000000000003 34.500000000000007 0.8825000000000004 9.2225000000000019 8.9250000000000025 43.51250000000001 -22.914999999999996 10.165000000000001 3.9747467500000009 13.640000000000002 5.0050000000000008 -775582.74999999977 1.2805324999999999 18.245000000000005 25.085892000000005 13.820000000000002 1.6549999999999978 2.5000000000000004
decision_type=2 2 2 2 2 2 2 2 2 2 2 2 2 2 2 2 2 2 2 2 2 2 2 2 2 2 2 2 2 2
left_child=1 7 3 4 25 6 14 8 11 12 -11 -1 -5 -14 15 16 26 18 19 -10 21 -3 -17 -20 -15 27 -6 -2 29 -23
right_child=2 20 -4 9 5 -7 -8 -9 17 10 -12 -13 13 24 -16 22 -18 -19 23 -21 -22 28 -24 -25 -26 -27 -28 -29 -30 -31
leaf_value=0.049901650521914941 0.011992817170187575 -0.021637699615977109 -0.018383875848901832 -0.0049639269122418936 -0.017739590654230638 0.030347660687635877 0.23966776967908326 0.14813122443403259 -0.0042808158988399169 0.025523400306701662 0.27981820747256281 -0.038943353284829237 -0.02743317159183789 0.059820392379854995 -0.038995957356400608 0.17883839434193027 0.36234252842143183 0.021307871659959055 0.072775705412307101 0.23098937584575091 0.037400528115321352 0.051856246948936736 0.04542622252926231 -0.0080437716114029542 -0.0016113195052168455 -0.024576423294730452 0.15244063534587624 0.084191619670462042 -0.10062716352654909 -0.064040328825307219
leaf_weight=87 496 518 887 2255 23 1049 39 33 21 34 20 890 192 466 41 31 20 913 74 21 83 59 225 4975 166 277 50 105 246 319
leaf_count=87 496 518 887 2255 23 1049 39 33 21 34 20 890 192 466 41 31 20 913 74 21 83 59 225 4975 166 277 50 105 246 319
internal_value=-0.000477571 -0.0104473 0.0124051 0.0173805 0.0330176 0.0472318 0.0885174 -0.00511081 -0.0058352 0.0056215 0.119707 -0.0310319 0.00362066 0.0271137 0.0734024 0.0866068 0.155493 -0.00173508 -0.00586751 0.113354 -0.0410022 -0.0467005 0.0615816 -0.00685925 0.0436848 0.00908985 0.0988222 0.0246066 -0.0675058 -0.0459507
internal_weight=14615 8239 6376 5489 2356 1478 429 7014 6981 3133 54 977 3079 824 390 349 93 6004 5091 42 1225 1142 256 5049 632 878 73 601 624 378
internal_count=14615 8239 6376 5489 2356 1478 429 7014 6981 3133 54 977 3079 824 390 349 93 6004 5091 42 1225 1142 256 5049 632 878 73 601 624 378
is_linear=0
shrinkage=0.05


Tree=53
num_leaves=31
num_cat=0
split_feature=0 4 9 14 14 1 17 4 9 5 1 12 14 8 6 3 8 18 18 8 19 19 14 5 5 17 0 3 17 0
split_gain=681.685 599.02 458.091 403.547 314.1 261.693 441.658 409.038 229.388 296.412 250.162 225.988 391.109 321.362 225.376 237.055 212.875 204.787 233.605 203.38 279.404 194.162 191.663 184.743 235.792 212.167 304.284 180.545 159.424 157.78
threshold=31.500000000000004 25.038596500000004 8337.4100000000199 61.377500000000005 63.347500000000004 1.5000000000000002 10.252500000000003 643058.17500000016 -809768.72999999986 9.9950000000000028 1.5000000000000002 8.3550000000000022 39.107500000000009 4.5102993500000021 13.266266000000003 2.0507965000000001 0.15702799999999953 -27.574999999999999 2.1550000000000016 -0.6062317500000004 -0.014999999999999679 0.17250000000000124 51.705000000000005 18.455000000000002 18.735000000000003 10.840000000000002 34.500000000000007 9.5351870000000023 16.285000000000004 44.500000000000007
decision_type=2 2 2 2 2 2 2 2 2 2 2 2 2 2 2 2 2 2 2 2 2 2 2 2 2 2 2 2 2 2
left_child=2 29 4 11 8 6 7 16 17 10 -10 13 -13 14 15 -4 -3 -1 -19 21 -21 -14 -17 -7 -25 -26 -27 -28 -22 -2
right_child=1 5 3 -5 -6 23 -8 -9 9 -11 -12 12 19 -15 -16 22 -18 18 -20 20 28 -23 -24 24 25 26 27 -29 -30 -31
leaf_value=-0.093253746412454111 0.0079896080452986715 0.18796685499449572 0.0097533079224728786 -0.11200661229813705 0.083746447355788914 0.011535147403168544 0.045425532779363162 0.33808349394798282 0.0029927921028944128 0.0027733718583082736 -0.032106464233119254 0.013490108908907264 -0.057809679399073971 0.052573153397486527 -0.0220834567410878 -0.089396860262680677 0.0054997010456938897 0.068329380726614028 -0.0063339909976896126 -0.022709547376382304 -0.17868082826957107 0.059967764547985539 -0.0013970483388725877 0.1763022119398503 0.0084364108044676766 0.0002756698150187731 0.22327170242719793 0.089008793062530456 -0.059627411423369928 -0.017464681970552211
leaf_weight=31 1941 33 93 128 107 958 486 25 782 4192 1447 847 71 98 705 440 31 273 170 122 70 69 72 34 247 80 34 95 47 887
leaf_count=31 1941 33 93 128 107 958 486 25 782 4192 1447 847 71 98 705 440 31 273 170 122 70 69 72 34 247 80 34 95 47 887
internal_value=-0.000453693 0.0148664 -0.00806509 -0.0253088 -0.00126315 0.0356402 0.0641779 0.166578 -0.00258237 -0.00506023 -0.0197926 -0.0210957 -0.00540073 -0.0347619 -0.0412954 -0.0636829 0.0995843 0.0309837 0.0396775 -0.0476185 -0.0756515 0.000237775 -0.0770219 0.0243079 0.04928 0.039809 0.0768858 0.124396 -0.130856 5.88978e-06
internal_weight=14615 4851 9764 2762 7002 2023 575 89 6895 6421 2229 2634 1226 1408 1310 605 64 474 443 379 239 140 512 1448 490 456 209 129 117 2828
internal_count=14615 4851 9764 2762 7002 2023 575 89 6895 6421 2229 2634 1226 1408 1310 605 64 474 443 379 239 140 512 1448 490 456 209 129 117 2828
is_linear=0
shrinkage=0.05


Tree=54
num_leaves=31
num_cat=0
split_feature=5 9 15 15 7 9 5 19 19 8 5 9 19 15 16 14 14 3 12 1 19 19 14 8 8 19 1 0 15 12
split_gain=629.559 358.149 348.003 333.31 367.079 288.289 298.125 279.481 229.172 235.218 296.415 230.517 227.675 223.48 222.724 214.96 277.306 252.317 484.874 209.901 203.824 201.535 231.333 210.085 237.579 360.773 196.527 376.364 229.588 191.051
threshold=12.925000000000002 823655.15700000001 17.572500000000002 6.1225000000000005 426979.36000000004 -347678.09999999992 9.4950000000000028 -1.3925000000000016 2.395 -0.86799615000000008 6.5750000000000011 -838069.49999999977 4.9450000000000012 16.437500000000004 24.017500000000002 44.222500000000004 36.900000000000006 9.6274565000000027 24.780000000000005 1.5000000000000002 -3.5099999999999985 0.49499999999999972 34.480000000000011 -0.22552500000000017 0.47207650000000007 0.11249999999999895 2.5000000000000004 25.500000000000004 16.825000000000003 12.115
decision_type=2 2 2 2 2 2 2 2 2 2 2 2 2 2 2 2 2 2 2 2 2 2 2 2 2 2 2 2 2 2
left_child=2 3 5 4 -2 14 13 -4 9 10 -9 -11 -10 19 -1 16 21 18 -17 -7 -19 23 -23 -5 25 -25 27 -16 -28 -27
right_child=1 -3 7 15 -6 6 -8 8 12 11 -12 -13 -14 -15 26 17 -18 20 -20 -21 -22 22 -24 24 -26 29 28 -29 -30 -31
leaf_value=-0.013349406157809003 0.057259061073343602 -0.052804026612753255 -0.058094503823881864 0.0077069301931609923 0.2991297648066566 -0.0085341687696184835 0.0018874831243719571 -0.1317939984088298 -0.053106141116410724 0.083300757668912415 -0.015589499996639425 0.0034832951229324519 -0.0093839479754522382 0.037402009599658496 0.030177390117508668 0.049806484617143376 -0.036647327514564176 0.14850740321385472 0.29463117725792387 -0.045848137682700796 -0.0055455499417335951 -0.00071643745478177983 0.072870618445980972 0.060995127759121651 0.031962674678277014 0.12291545357022966 0.0024952898790547235 0.17655753990685619 0.11756593871615686 0.3361953293549873
leaf_weight=206 62 180 435 463 21 715 5050 64 596 100 385 948 595 142 108 547 281 23 21 797 323 1498 115 130 403 21 238 74 53 21
leaf_count=206 62 180 435 463 21 715 5050 64 596 100 385 948 595 142 108 547 281 23 21 797 323 1498 115 130 403 21 238 74 53 21
internal_value=-0.000431008 0.0161625 -0.00692091 0.0193221 0.118455 -0.0010024 -0.00414678 -0.0209127 -0.0148956 -0.00187344 -0.0321532 0.0110995 -0.0312634 -0.0225706 0.0300432 0.0171827 0.0105829 0.0383543 0.0588581 -0.028203 0.00469496 0.0155892 0.00453 0.0327745 0.0529594 0.102155 0.0489414 0.0896946 0.0234532 0.229555
internal_weight=14615 4109 10506 3929 83 7383 6704 3123 2688 1497 449 1048 1191 1654 679 3846 2932 914 568 1512 346 2651 1613 1038 575 172 473 182 291 42
internal_count=14615 4109 10506 3929 83 7383 6704 3123 2688 1497 449 1048 1191 1654 679 3846 2932 914 568 1512 346 2651 1613 1038 575 172 473 182 291 42
is_linear=0
shrinkage=0.05


Tree=55
num_leaves=31
num_cat=0
split_feature=0 4 9 6 13 4 16 17 9 5 4 14 17 16 16 3 14 7 9 3 17 16 9 16 14 3 17 17 0 19
split_gain=761.814 597.923 498.48 292.613 281.175 365.263 303.951 290.613 469.883 315.901 293.314 230.705 227.923 254.774 267.817 214.062 205.31 319.103 291.24 265.631 221.692 201.967 189.844 187.772 210.786 251.929 196.325 170.872 167.997 167.544
threshold=32.500000000000007 1.0000000180025095e-35 319462.39999999997 27.618591500000004 1.0000000180025095e-35 2678.5685000000008 44.750000000000007 12.995000000000003 -640.78599999999972 0.18000000000000002 1003236.0200000001 50.367500000000007 14.807500000000003 15.865000000000002 55.440000000000005 14.711716000000001 33.085000000000001 882468.63000000012 -775582.74999999977 7.6665648500000012 9.4350000000000005 63.960000000000008 -721870.40000000002 17.020000000000003 44.362500000000004 10.071976000000001 20.780000000000005 10.507500000000002 13.500000000000002 -1.49
decision_type=2 2 2 2 2 2 2 2 2 2 2 2 2 2 2 2 2 2 2 2 2 2 2 2 2 2 2 2 2 2
left_child=2 23 4 21 6 29 16 9 10 -8 -9 -12 -7 -14 22 27 18 20 -1 -19 28 -3 -15 -2 -25 26 -26 -4 -18 -6
right_child=1 3 15 -5 5 12 7 8 -10 -11 11 -13 13 14 -16 -17 17 19 -20 -21 -22 -23 -24 24 25 -27 -28 -29 -30 -31
leaf_value=0.082280646091801052 0.032313212880479364 0.034983995230519621 0.022793951169511335 0.22052348682826217 -0.034484037636624026 -0.0092845751863618303 -0.15330971841041635 0.13323777818911228 0.012629591391216485 0.0026543907940578767 -0.063283412562062352 0.077217148876904201 -0.22006568035909108 0.01922579401949967 -0.1292425270946253 -0.016499152108045617 -0.005007117688655853 -0.16918353661489877 0.00033216369981844008 -0.042002925120256537 -0.0088775997706351546 0.18104870139310758 -0.045698046941964887 -0.010688231168325712 0.095228255080403224 -0.01206771726858879 0.001242504036595482 -0.065013847177900638 0.18774461471117462 0.013220278617416396
leaf_weight=112 435 1702 61 22 228 635 41 165 638 156 42 96 21 133 84 643 20 46 3392 382 816 24 734 1923 157 218 86 604 26 955
leaf_count=112 435 1702 61 22 228 635 41 165 638 156 42 96 21 133 84 643 20 46 3392 382 816 24 734 1923 157 218 86 604 26 955
internal_value=-0.000577969 0.0163497 -0.00828572 0.0393246 -0.00396914 -0.0170594 0.00218761 0.0254176 0.0369786 -0.0298051 0.0882481 0.0344561 -0.0325817 -0.0478015 -0.0439976 -0.0370695 -0.00332673 -0.0203802 0.00295152 -0.0556719 -0.0028572 0.037015 -0.0357386 0.00210348 -0.00340878 0.0269565 0.0619658 -0.0569593 0.10394 0.00402621
internal_weight=14597 4567 10030 1748 8722 2790 5932 1138 941 197 303 138 1607 972 951 1308 4794 1290 3504 428 862 1726 867 2819 2384 461 243 665 46 1183
internal_count=14597 4567 10030 1748 8722 2790 5932 1138 941 197 303 138 1607 972 951 1308 4794 1290 3504 428 862 1726 867 2819 2384 461 243 665 46 1183
is_linear=0
shrinkage=0.05


Tree=56
num_leaves=31
num_cat=0
split_feature=0 0 9 16 15 7 15 13 4 16 17 9 5 4 15 12 8 8 17 15 14 17 16 16 14 12 18 14 12 9
split_gain=687.537 553.57 449.878 410.496 420.646 357.078 256.958 253.761 329.65 274.316 262.278 424.07 285.101 264.716 250.462 324.639 235.76 383.232 346.8 246.022 208.212 205.7 229.933 241.705 203.437 195.701 178.275 178.141 176.011 171.334
threshold=32.500000000000007 40.500000000000007 319462.39999999997 64.475000000000009 9.1575000000000006 1019014.6300000001 14.675000000000002 1.0000000180025095e-35 2678.5685000000008 44.750000000000007 12.995000000000003 -640.78599999999972 0.18000000000000002 1003236.0200000001 16.992500000000003 1.0000000180025095e-35 0.44714299999999968 -0.22552500000000017 8.7100000000000026 8.7875000000000014 50.367500000000007 14.807500000000003 15.865000000000002 55.440000000000005 27.765000000000004 19.015000000000004 33.345000000000006 19.897500000000004 8.7650000000000023 -721870.40000000002
decision_type=2 2 2 2 2 2 2 2 2 2 2 2 2 2 2 2 2 2 2 2 2 2 2 2 2 2 2 2 2 2
left_child=2 3 7 4 5 16 24 9 -9 14 12 13 -11 -12 -1 -16 17 19 -19 -2 -15 -10 -23 29 28 -8 -6 -17 -4 -24
right_child=1 -3 6 -5 26 -7 25 8 21 10 11 -13 -14 20 15 27 -18 18 -20 -21 -22 22 23 -25 -26 -27 -28 -29 -30 -31
leaf_value=0.00087310370064675672 0.01086474253161631 -0.003194557934834274 -0.030818429160272401 0.25730885003693399 0.019574073286856689 0.22475440735487562 -0.052704619166693639 0.0038248986328040962 -0.0088203463856842169 -0.14564423183115519 0.12657588906360395 0.011998111673981663 0.0025216709941816638 -0.060119241580278399 0.076102799601082155 -0.17394408186276755 0.0037264310926836625 0.081783228165337021 0.30771262727000498 0.16668738817626783 0.073356290985733125 -0.20906239707422045 0.018264503900794999 -0.12278040175636609 -0.041751929448038252 -0.21158484853804113 0.15390687784552576 -0.041682576482610222 0.04287190586192216 -0.043413144949448049
leaf_weight=4263 109 2117 134 20 2046 38 627 1183 635 41 165 638 156 42 58 27 111 35 33 33 96 21 133 84 322 20 25 446 205 734
leaf_count=4263 109 2117 134 20 2046 38 627 1183 635 41 165 638 156 42 58 27 111 35 33 33 96 21 133 84 322 20 25 446 205 734
internal_value=-0.00054907 0.0155322 -0.00787143 0.0317137 0.029857 0.0798222 -0.035216 -0.00377069 -0.0162065 0.00207823 0.0241467 0.0351297 -0.0283149 0.0838357 -0.00316039 -0.0355423 0.0626651 0.0938184 0.191425 0.047077 0.0327333 -0.0309526 -0.0454115 -0.0417977 -0.0132905 -0.0576159 0.0211957 -0.0492324 0.0137436 -0.0339516
internal_weight=14597 4567 10030 2450 2430 359 1308 8722 2790 5932 1138 941 197 303 4794 531 321 210 68 142 138 1607 972 951 661 647 2071 473 339 867
internal_count=14597 4567 10030 2450 2430 359 1308 8722 2790 5932 1138 941 197 303 4794 531 321 210 68 142 138 1607 972 951 661 647 2071 473 339 867
is_linear=0
shrinkage=0.05


Tree=57
num_leaves=31
num_cat=0
split_feature=0 0 9 16 6 16 1 7 14 18 18 9 12 18 19 14 17 8 6 3 8 7 18 16 17 3 7 3 8 19
split_gain=620.502 499.597 406.015 370.473 276.661 231.917 224.884 344.78 207.836 230.434 201.776 219.143 255.794 229.324 197.571 192.343 191.854 243.625 214.075 189.164 205.716 187.523 199.93 181.143 177.73 211.646 174.202 218.249 165.878 163.158
threshold=32.500000000000007 40.500000000000007 319462.39999999997 64.475000000000009 27.618591500000004 65.360000000000014 3.5000000000000004 17140.771000000004 15.020000000000001 -2.4299999999999984 9.9874999999999989 -617823.64999999979 0.015000000000000001 0.32999999999999835 -0.82249999999999879 61.377500000000005 19.817500000000003 -1.4853824999999996 7.4739838000000001 13.919845500000003 3.3017119500000005 1179115.4500000002 33.345000000000006 19.092500000000005 25.097500000000004 0.66221617500000007 38582.570000000007 5.9743194500000012 2.1853784999999992 -1.0424999999999993
decision_type=2 2 2 2 2 2 2 2 2 2 2 2 2 2 2 2 2 2 2 2 2 2 2 2 2 2 2 2 2 2
left_child=2 3 5 4 8 6 10 -8 9 -2 11 12 13 -1 -11 -4 -13 -18 -19 24 23 22 -10 -21 25 -9 27 -12 -27 -28
right_child=1 -3 15 -5 -6 -7 7 19 21 14 26 16 -14 -15 -16 -17 17 18 -20 20 -22 -23 -24 -25 -26 28 29 -29 -30 -31
leaf_value=-0.066350090865577971 0.037666800962840648 -0.0030348299480082463 -0.028659858295584675 0.24444341182708743 0.20486941151320937 0.11362747351772018 0.0034363740282739685 0.01249903144977779 0.017894847653688716 0.28637050375342371 0.069068224907387052 0.0088484946071762331 0.076728274915957351 0.12203954664014637 0.094684915685253904 -0.11011857484261711 -0.070685957419272097 -0.048178177880085757 0.027423617540533463 -0.15778133191845634 0.10267542520243872 0.089518162170425061 0.16940855274654248 -0.012573323859544719 0.015623149359520494 -0.074226671839354247 -0.022994292595978367 -0.015748467129969579 -0.026507177499324193 -0.091497436734321327
leaf_weight=70 117 2117 1231 20 22 42 1647 121 2108 20 100 3231 221 21 41 77 180 149 252 22 38 100 22 904 119 547 356 314 273 115
leaf_count=70 117 2117 1231 20 22 42 1647 121 2108 20 100 3231 221 21 41 77 180 149 252 22 38 100 22 904 119 547 356 314 273 115
internal_value=-0.000521617 0.0147556 -0.00747786 0.030128 0.0283641 -0.00358215 -0.0041493 -0.0135503 0.0267515 0.0787444 0.00274049 0.0073893 0.0476772 -0.0228756 0.157533 -0.0334552 0.00409187 -0.0223602 -0.000667823 -0.0273729 -0.0113442 0.0226014 0.0194598 -0.0160232 -0.0419499 -0.0492307 -0.0189225 0.00473866 -0.0583396 -0.0397201
internal_weight=14597 4567 10030 2450 2430 8722 8680 3671 2408 178 5009 4124 312 91 61 1308 3812 581 401 2024 964 2230 2130 926 1060 941 885 414 820 471
internal_count=14597 4567 10030 2450 2430 8722 8680 3671 2408 178 5009 4124 312 91 61 1308 3812 581 401 2024 964 2230 2130 926 1060 941 885 414 820 471
is_linear=0
shrinkage=0.05


Tree=58
num_leaves=31
num_cat=0
split_feature=0 4 9 15 6 15 14 6 4 9 3 18 18 7 15 14 14 5 12 6 15 14 6 17 14 14 14 3 15 0
split_gain=560.003 458.706 366.429 239.443 237.452 230.547 217.206 192.797 195.258 276.648 234.9 218.894 287.638 191.871 194.441 200.035 181.056 176.017 158.85 157.707 146.223 195.999 386.194 143.625 136.732 133.976 162.883 158.582 168.351 196.846
threshold=32.500000000000007 1.0000000180025095e-35 319462.39999999997 6.1225000000000005 27.618591500000004 14.675000000000002 64.475000000000009 28.067291500000007 1087862.7000000004 -475440.11000000004 19.800735500000005 -26.779999999999998 -0.13749999999999571 892478.40000000002 24.170000000000002 56.837500000000006 27.765000000000004 19.955000000000002 8.7650000000000023 13.434952000000001 15.775000000000002 54.82500000000001 11.533615000000001 19.772500000000004 25.050000000000004 59.230000000000011 17.020000000000003 10.071976000000001 22.007500000000004 43.500000000000007
decision_type=2 2 2 2 2 2 2 2 2 2 2 2 2 2 2 2 2 2 2 2 2 2 2 2 2 2 2 2 2 2
left_child=2 25 6 -3 20 16 7 8 9 11 13 -1 -13 -10 15 -15 18 -7 -4 -16 21 -5 -23 -11 -25 26 -2 28 29 -27
right_child=1 3 5 4 -6 17 -8 -9 10 23 -12 12 -14 14 19 -17 -18 -19 -20 -21 -22 22 -24 24 -26 27 -28 -29 -30 -31
leaf_value=-0.094695331026189808 0.026918122795674845 0.15998276033111522 -0.027844514842831476 0.035132223688777976 0.1946259440113367 -0.046394905348217053 0.079659977556468975 0.07168524147134768 0.11519231333989988 0.00050118956069045877 0.0022876518541475274 0.085619219096853605 0.0010372124645411155 -0.035059778685730167 0.041428029349572175 -0.11707193910377101 -0.037864522844761245 -0.15597099134555231 0.042161303450936938 -0.098243300120035806 0.012329829588307646 0.24498172007939398 0.025663723659758664 -0.040997004237687595 -0.005496142329989755 0.27160409887631737 -0.0063866665975018727 -0.015274458112461226 0.018651754810259893 0.057587814541065291
leaf_weight=29 439 37 134 881 22 608 78 83 22 4803 872 223 183 1053 128 80 322 39 205 24 725 34 49 442 702 21 2242 56 39 22
leaf_count=29 439 37 134 881 22 608 78 83 22 4803 872 223 183 1053 128 80 322 39 205 24 725 34 49 442 702 21 2242 56 39 22
internal_value=-0.000495536 0.0140178 -0.00710397 0.0341411 0.0314198 -0.0317825 -0.00340305 -0.00415257 -0.00488783 -0.00047556 -0.0178108 0.0380155 0.0474948 -0.03122 -0.0337267 -0.0408506 -0.0110143 -0.053 0.0144894 0.0193747 0.029294 0.0420523 0.115505 -0.00329103 -0.0192124 0.00153984 -0.000933178 0.0495845 0.0938785 0.162107
internal_weight=14597 4567 10030 1748 1711 1308 8722 8644 8561 6382 2179 435 406 1307 1285 1133 661 647 339 152 1689 964 83 5947 1144 2819 2681 138 82 43
internal_count=14597 4567 10030 1748 1711 1308 8722 8644 8561 6382 2179 435 406 1307 1285 1133 661 647 339 152 1689 964 83 5947 1144 2819 2681 138 82 43
is_linear=0
shrinkage=0.05


Tree=59
num_leaves=31
num_cat=0
split_feature=0 0 4 16 15 7 13 4 3 6 19 9 4 3 18 15 19 16 19 19 1 15 18 19 17 7 12 3 18 17
split_gain=505.403 418.769 334.264 327.249 351.816 304.196 280.221 335.076 267.743 302.697 246.074 240.307 236.049 215.961 212.683 168.6 212.087 165.003 163.652 256.42 276.895 211.822 156.193 248.043 150.549 185 272.411 173.351 211.091 192.184
threshold=32.500000000000007 40.500000000000007 2450210.7500000005 64.475000000000009 9.1575000000000006 1019014.6300000001 1.0000000180025095e-35 2678.5685000000008 13.919845500000003 3.9682007000000001 -2.2374999999999994 -475440.11000000004 635280.40000000014 27.618591500000004 -5.6749999999999998 8.7100000000000026 -6.0024999999999986 27.765000000000004 1.6849999999999998 0.32499999999999934 5.5000000000000009 22.392500000000002 10.420000000000002 -1.432499999999999 9.1100000000000012 806872.67500000016 14.225000000000003 10.886764750000003 -5.3749999999999991 13.375000000000002
decision_type=2 2 2 2 2 2 2 2 2 2 2 2 2 2 2 2 2 2 2 2 2 2 2 2 2 2 2 2 2 2
left_child=2 3 6 4 5 15 11 -8 9 -9 14 12 -1 24 -10 16 -2 -17 19 20 -11 -21 23 -14 -13 -26 27 28 -27 -30
right_child=1 -3 -4 -5 -6 -7 7 8 10 18 -12 13 22 -15 -16 17 -18 -19 -20 21 -22 -23 -24 -25 25 26 -28 -29 29 -31
leaf_value=0.098811741448854185 0.14355721038423086 -0.0029709309482994065 -0.041002442158629096 0.22881642490625384 0.017812145581165506 0.20519841678048434 0.0037466316635187732 -0.0047883105353484388 -0.016265554744322067 -0.013061886848707764 0.0040162079228321093 0.013505849865661633 0.090322143134215604 0.088574610362676054 -0.13689463755359785 0.068128777882800653 0.014950997458498289 0.22239640281320763 -0.088348244836132198 -0.024664870767782517 -0.1243546206985688 0.12338671003069197 -0.054659313324552317 0.001814441478996369 -0.00012842527548844154 -0.16064480571977555 -0.08101025076750884 0.0050891616278890776 -0.067352775150472347 -0.003432275845858871
leaf_weight=110 38 2117 665 20 2071 38 1183 290 87 107 660 1184 115 66 63 52 205 26 371 78 117 35 65 254 3268 31 172 597 183 329
leaf_count=110 38 2117 665 20 2071 38 1183 290 87 107 660 1184 115 66 63 52 205 26 371 78 117 35 65 254 3268 31 172 597 183 329
internal_value=-0.000470759 0.0133169 -0.00674877 0.027391 0.0257332 0.0714281 -0.00431645 -0.0169424 -0.0304795 -0.0478139 -0.00912194 0.00160828 0.0333904 -0.00135731 -0.0669298 0.0555923 0.0350623 0.119551 -0.0654373 -0.0402149 -0.0711925 0.0211918 0.0168089 0.0293981 -0.00238707 -0.00649563 -0.0223554 -0.0135057 -0.0339498 -0.0262789
internal_weight=14597 4567 10030 2450 2430 359 9365 2991 1808 998 810 6374 544 5830 150 321 243 78 708 337 224 113 434 369 5764 4580 1312 1140 543 512
internal_count=14597 4567 10030 2450 2430 359 9365 2991 1808 998 810 6374 544 5830 150 321 243 78 708 337 224 113 434 369 5764 4580 1312 1140 543 512
is_linear=0
shrinkage=0.05


Tree=60
num_leaves=31
num_cat=0
split_feature=4 1 17 14 13 3 16 17 8 7 4 18 16 14 17 17 15 12 15 17 17 14 19 7 8 6 3 14 15 6
split_gain=353.208 312.474 525.052 297.053 363.64 312.398 271.429 304.525 278.095 298.295 270.982 198.535 275.524 197.166 200.926 213.825 196.064 194.409 224.602 197.483 579.033 423.77 314.253 190.256 187.553 370.315 185.098 417.503 335.214 276.651
threshold=2406963.6500000004 2.5000000000000004 18.245000000000005 44.362500000000004 11.505000000000001 6.9025726500000006 19.990000000000006 20.230000000000004 -0.68875074999999952 1179115.4500000002 1.0000000180025095e-35 11.137500000000001 14.510000000000002 36.172500000000007 12.437500000000002 10.81 10.152500000000002 12.255000000000001 16.647500000000004 7.6325000000000012 9.7300000000000022 26.845000000000002 -1.7000000000000008 1028307.65 1.7667545000000013 2.3118133500000004 7.5641174500000004 19.692500000000006 19.792500000000004 25.226181
decision_type=2 2 2 2 2 2 2 2 2 2 2 2 2 2 2 2 2 2 2 2 2 2 2 2 2 2 2 2 2 2
left_child=1 2 10 4 13 -5 -4 -8 -9 -10 -1 17 -13 14 15 16 -3 18 -12 -19 21 23 -22 -21 25 -17 27 -6 -28 -30
right_child=-2 3 6 5 26 -7 7 8 9 -11 11 12 -14 -15 -16 24 -18 19 -20 20 22 -23 -24 -25 -26 -27 28 -29 29 -31
leaf_value=0.0069577014440282111 -0.033968628644917509 0.008810165055917904 -0.050041697697581614 0.079437121959616913 0.0084831543073626992 0.0076089570873691253 0.044961855228576236 -0.044347082333154729 -0.010596757998102479 0.065613904443603974 0.021610523915953295 0.051864359524915929 -0.057498678359300351 -0.040243625673289984 -0.019923270140022077 0.25243770494347528 -0.02510067935806988 0.012873733823352884 0.10306264777708758 0.063916606566420314 0.09933809452720227 0.32858855123772768 0.0032892988669493842 0.24127981488903366 -0.015312376363103146 0.036029964994372478 0.029538738160528162 0.12219095933485871 -0.039199696124066825 0.14288212326778607
leaf_weight=1907 724 850 365 183 251 876 281 444 619 162 1210 101 134 637 2672 21 855 155 91 54 155 33 189 21 168 337 542 119 403 22
leaf_count=1907 724 850 365 183 251 876 281 444 619 162 1210 101 134 637 2672 21 855 155 91 54 155 33 189 21 168 337 542 119 403 22
internal_value=7.66647e-05 0.00185546 0.010548 -0.00462997 -0.00842604 0.0200212 -0.0113581 -0.00198258 -0.0127511 0.00521134 0.020668 0.0328685 -0.0104958 -0.0140743 -0.0106744 0.000402676 -0.00819498 0.0382095 0.0273078 0.0615755 0.0782763 0.179276 0.0465671 0.113578 0.0282715 0.0487243 0.0149783 0.045054 0.00347045 -0.0297743
internal_weight=14581 13857 5921 7936 6877 1059 1871 1506 1225 781 4050 2143 235 5540 4903 2231 1705 1908 1301 607 452 108 344 75 526 358 1337 370 967 425
internal_count=14581 13857 5921 7936 6877 1059 1871 1506 1225 781 4050 2143 235 5540 4903 2231 1705 1908 1301 607 452 108 344 75 526 358 1337 370 967 425
is_linear=0
shrinkage=0.05


Tree=61
num_leaves=31
num_cat=0
split_feature=0 4 19 19 6 5 18 14 0 4 7 8 8 0 17 6 19 15 14 6 8 12 15 14 16 9 5 13 6 16
split_gain=463.541 418.923 417.78 715.979 360.994 343.155 300.963 242.263 236.839 231.964 226.699 254.225 217.102 246.82 207.14 201.444 191.419 189.171 269.614 165.677 189.338 164.846 181.348 161.318 160.755 160.083 159.708 159.686 157.017 156.677
threshold=25.500000000000004 355584.90500000009 4.0725000000000007 3.8050000000000006 9.5000610000000005 13.975000000000003 -33.287499999999987 44.362500000000004 15.500000000000002 2603940.5000000005 5.2771930000000014 -0.22552500000000017 0.42898616349999985 30.500000000000004 9.2225000000000019 19.000122500000003 4.6700000000000017 9.0650000000000013 26.845000000000002 5.6506957000000009 2.41113285 15.155000000000003 18.730000000000004 17.020000000000003 41.127500000000005 319462.39999999997 6.2150000000000007 17.520000000000003 8.123504500000001 41.127500000000005
decision_type=2 2 2 2 2 2 2 2 2 2 2 2 2 2 2 2 2 2 2 2 2 2 2 2 2 2 2 2 2 2
left_child=1 29 3 4 7 -5 -4 23 15 14 -6 25 13 -13 26 -3 -8 18 -15 -9 -21 -16 -23 -2 -18 -12 -10 -25 -26 -1
right_child=2 8 6 5 10 -7 16 19 9 -11 11 12 -14 17 21 -17 24 -19 -20 20 -22 22 -24 27 28 -27 -28 -29 -30 -31
leaf_value=-0.0035212690243780899 0.012782389449999074 -0.10385279556712471 -0.21723630275577308 0.098688701229334319 0.005033764350126077 0.35969903230667116 -0.066129629581567193 0.08694984429862862 0.12073006822934583 -0.061447602168402893 0.021716399299371181 0.023156323576712927 0.033264384302618653 0.089465456349509101 -0.016237006224154953 -0.021990433105685075 -0.020636209339993911 0.085442199053593251 0.32050328212992651 0.036717087534350989 -0.050694289328142385 -0.12544085193371429 0.034124243492260578 -0.021570247024064026 0.1229559593967029 -0.031690232044861037 0.010205990928421978 0.12075267590582371 0.0035699845408089462 0.018529426429766988
leaf_weight=3697 539 156 20 34 1227 20 174 102 36 275 878 132 926 28 2101 145 414 194 23 236 84 69 24 1353 42 167 355 20 80 1030
leaf_count=3697 539 156 20 34 1227 20 174 102 36 275 878 132 926 28 2101 145 414 194 23 236 84 69 24 1353 42 167 355 20 80 1030
internal_value=7.28315e-05 -0.00813914 0.00975101 0.0141218 0.0124656 0.195359 -0.0259519 -0.00282947 -0.0222299 -0.0177899 0.0224512 0.0315531 0.0462869 0.0782733 -0.0131454 -0.0644174 -0.0205637 0.107969 0.193659 0.0314592 0.0137716 -0.0191205 -0.0842628 -0.0103974 -0.00577172 0.0131816 0.0203821 -0.0194971 0.0446701 0.00128352
internal_weight=14581 7888 6693 5963 5909 54 730 2334 3161 2860 3575 2348 1303 377 2585 301 710 245 51 422 320 2194 93 1912 536 1045 391 1373 122 4727
internal_count=14581 7888 6693 5963 5909 54 730 2334 3161 2860 3575 2348 1303 377 2585 301 710 245 51 422 320 2194 93 1912 536 1045 391 1373 122 4727
is_linear=0
shrinkage=0.05


Tree=62
num_leaves=31
num_cat=0
split_feature=0 4 19 19 5 3 14 18 14 0 4 3 16 3 15 3 3 18 18 19 3 17 17 14 19 16 7 0 3 5
split_gain=418.346 378.078 377.046 646.171 309.698 293.888 371.081 271.619 263.618 213.747 214.873 183.793 182.079 241.979 188.751 180.004 176.385 207.053 183.167 172.755 171.299 240.496 169.04 384.958 324.329 221.357 195.715 186.736 285.311 175.69
threshold=25.500000000000004 355584.90500000009 4.0725000000000007 3.8050000000000006 13.975000000000003 21.056930500000004 44.525000000000006 -33.287499999999987 29.927500000000006 15.500000000000002 1830859.1000000003 16.959991500000005 16.752500000000001 13.778946000000003 7.1250000000000009 -1.7589110999999997 13.919845500000003 -21.144999999999992 1.9549999999999976 4.6700000000000017 9.4556735000000014 17.825000000000003 7.6325000000000012 26.727500000000003 0.21750000000000028 22.545000000000005 732.74387000000013 30.500000000000004 24.111526500000004 11.915000000000001
decision_type=2 2 2 2 2 2 2 2 2 2 2 2 2 2 2 2 2 2 2 2 2 2 2 2 2 2 2 2 2 2
left_child=1 -1 3 5 -5 6 12 -4 22 11 16 -3 13 15 -14 -2 17 -11 -19 -9 21 -8 25 -24 29 -7 -26 -28 -29 -25
right_child=2 9 7 4 -6 8 20 19 -10 10 -12 -13 14 -15 -16 -17 -18 18 -20 -21 -22 -23 23 24 26 -27 27 28 -30 -31
leaf_value=0.0012193397503065593 0.084091647525594851 -0.10510825316764807 -0.20637449149973694 0.093754266837940498 0.34171408236026768 0.11003744610718319 0.099430254245353816 -0.06282314800111384 -0.00394123763628694 -0.11703358275048875 -0.036333052094553994 -0.026433148090325723 0.1033985916625809 0.12173735275864601 -0.010320141474502123 0.00014591073505420543 0.013483521849956381 0.0012360968220529742 -0.039136561612385261 -0.0054831334353692193 0.016240542367094667 0.019835532443035431 0.038309423760039686 -0.086474235320375084 0.061135552912950523 -0.031066789952693165 0.11787535677878902 0.15956672612916342 0.41421023483642128 0.10484226502261923
leaf_weight=4727 74 133 20 34 20 35 179 174 394 51 950 168 37 55 2643 466 668 737 454 536 770 202 775 21 25 135 26 22 22 28
leaf_count=4727 74 133 20 34 20 35 179 174 394 51 950 168 37 55 2643 466 668 737 454 536 770 202 775 21 25 135 26 22 22 28
internal_value=6.91899e-05 -0.00773218 0.00926346 0.0134157 0.185591 0.0118423 0.0053877 -0.0246544 0.0311059 -0.0211184 -0.0169004 -0.0611966 -0.00319513 0.0218258 -0.00875014 0.0116496 -0.00723493 -0.0183782 -0.0141536 -0.0195355 0.0298089 0.0572304 0.043786 0.0522586 0.127332 -0.00201592 0.181224 0.224112 0.286888 0.0228495
internal_weight=14581 7888 6693 5963 54 5909 4426 730 1483 3161 2860 301 3275 595 2680 540 1910 1242 1191 710 1151 381 1089 919 144 170 95 70 44 49
internal_count=14581 7888 6693 5963 54 5909 4426 730 1483 3161 2860 301 3275 595 2680 540 1910 1242 1191 710 1151 381 1089 919 144 170 95 70 44 49
is_linear=0
shrinkage=0.05


Tree=63
num_leaves=31
num_cat=0
split_feature=0 4 19 19 6 5 19 9 0 17 14 3 3 3 12 1 17 14 4 8 17 14 8 4 3 6 16 13 16 6
split_gain=377.557 347.874 340.284 583.169 310.929 279.502 231.827 201.169 200.913 243.956 196.674 247.561 196.561 189.939 174.392 169.673 201.037 304.047 172.156 245.269 163.84 154.458 153.898 152.464 166.221 211.25 150.086 145.472 143.278 141.708
threshold=25.500000000000004 605272.02500000014 4.0725000000000007 3.8050000000000006 9.5000610000000005 13.975000000000003 4.8425000000000038 -522784.49999999971 38.500000000000007 25.050000000000004 44.362500000000004 11.252899500000003 -1.7589110999999997 8.3026580000000028 15.915000000000001 1.5000000000000002 9.7300000000000022 27.862500000000004 765780.55000000016 -0.71055624999999967 21.635000000000005 24.017500000000002 -4.514632999999999 2603940.5000000005 13.394989000000001 0.14584351000000004 55.440000000000005 17.740000000000006 41.127500000000005 8.123504500000001
decision_type=2 2 2 2 2 2 2 2 2 2 2 2 2 2 2 2 2 2 2 2 2 2 2 2 2 2 2 2 2 2
left_child=1 7 3 4 10 -5 26 -1 9 15 12 -12 -2 -10 23 16 17 -6 -17 -20 -16 -15 -18 24 25 -3 -4 -14 -8 -30
right_child=2 14 6 5 8 -7 28 -9 13 -11 11 -13 27 21 20 18 22 -19 19 -21 -22 -23 -24 -25 -26 -27 -28 -29 29 -31
leaf_value=0.074046520142212177 0.059963013633387165 0.03464628509900048 -0.052651804137992891 0.089066552809056121 0.21545661421016207 0.32462837755680085 -0.019567924704598755 -0.00096393156446026489 0.075763650136879454 -0.034711483107420844 0.045464494629119862 -0.055784984785195904 -0.01534472376517744 0.024342733663178042 -0.13678062173490554 0.044832180055318159 -0.01957353801570005 -0.0066890189424157146 -0.032293968872571611 0.027252236062077901 0.028816372044384482 -0.01262339301437403 0.053962966790890445 -0.055192470798081962 -0.0019063625969181236 -0.034860698193230101 -0.19605576623231175 0.092214018851518642 0.11708231798506208 0.0036656421655789015
leaf_weight=91 96 121 208 34 43 20 380 5032 89 138 349 73 1784 432 59 559 81 24 251 556 20 817 585 269 1164 1132 20 32 42 80
leaf_count=91 96 121 208 34 43 20 380 5032 89 138 349 73 1784 432 59 559 81 24 251 556 20 817 585 269 1164 1132 20 32 42 80
internal_value=6.57303e-05 -0.00734557 0.00880028 0.0127449 0.0112502 0.176312 -0.0234216 0.000368481 0.0205175 0.0296846 -0.00294468 0.0279498 -0.00976344 0.00519112 -0.0216382 0.0339184 0.0533247 0.135882 0.0235049 0.00873167 -0.0948573 0.000162329 0.0450193 -0.0194847 -0.0155106 -0.0281485 -0.0652311 -0.0134494 -0.00443248 0.0427107
internal_weight=14581 7888 6693 5963 5909 54 730 5123 3575 2237 2334 422 1912 1338 2765 2099 733 67 1366 807 79 1249 666 2686 2417 1253 228 1816 502 122
internal_count=14581 7888 6693 5963 5909 54 730 5123 3575 2237 2334 422 1912 1338 2765 2099 733 67 1366 807 79 1249 666 2686 2417 1253 228 1816 502 122
is_linear=0
shrinkage=0.05


Tree=64
num_leaves=31
num_cat=0
split_feature=0 4 19 19 5 3 7 14 18 4 13 9 3 17 17 3 12 19 14 17 1 17 8 4 8 19 8 18 19 4
split_gain=340.745 313.956 307.106 526.31 252.251 250.527 326.544 233.876 221.236 220.665 195.534 183.144 172.431 253.405 166.594 164.482 157.388 150.686 149.171 147.866 147.354 173.025 283.94 147.072 145.448 143.254 142.924 181.555 207.916 137.599
threshold=25.500000000000004 605272.02500000014 4.0725000000000007 3.8050000000000006 13.975000000000003 14.571273500000002 569.82457000000011 44.525000000000006 -33.287499999999987 2424543.3000000003 17.740000000000006 -475440.11000000004 9.4556735000000014 17.825000000000003 24.017500000000002 -1.7589110999999997 15.915000000000001 1.3075000000000003 24.017500000000002 21.635000000000005 1.5000000000000002 10.252500000000003 0.15702799999999953 1583622.7500000002 0.49430849999999898 4.6700000000000017 -1.021255269999999 0.29999999999999899 -1.2874999999999994 2603940.5000000005
decision_type=2 2 2 2 2 2 2 2 2 2 2 2 2 2 2 2 2 2 2 2 2 2 2 2 2 2 2 2 2 2
left_child=1 11 3 5 -5 7 18 10 -4 12 15 -1 13 -9 20 -2 29 -14 -7 -18 21 22 -8 24 -17 -10 -22 28 -28 -3
right_child=2 16 8 4 -6 6 14 9 25 -11 -12 -13 17 -15 -16 23 19 -19 -20 -21 26 -23 -24 -25 -26 -27 27 -29 -30 -31
leaf_value=0.064169973134147851 0.056964863541361412 -0.014735068431907064 -0.18625297820195558 0.084613224864006048 0.30839696049690252 0.025836597333803682 0.26072349239278725 0.10000957936543778 -0.057049400989841348 -0.074135789344156239 0.092584786832332622 -0.0010503398483695521 0.026802998141426112 0.017464280062104896 -0.064752053574491777 0.0042955262983217137 -0.12994158983356871 -0.03654909037850014 -0.017445264561846162 0.027375552691519263 -0.0066683046944645413 0.047768886836378706 0.069073555212782911 -0.055947846472726104 -0.021047298563393907 -0.0048344184881911976 -0.0022285564790439348 0.0072031969938857049 0.074142270506303204 -0.052432847275748352
leaf_weight=110 96 2417 20 34 20 316 27 173 174 54 50 5013 368 201 39 1326 59 126 538 20 217 364 68 161 988 536 115 286 396 269
leaf_count=110 96 2417 20 34 20 316 27 173 174 54 50 5013 368 201 39 1326 59 126 538 20 217 364 68 161 988 536 115 286 396 269
internal_value=6.24438e-05 -0.0069783 0.00836027 0.0121077 0.167496 0.0106877 0.0232862 0.00227445 -0.0222506 0.0239338 -0.00534475 0.000350057 0.0300349 0.055647 0.0372462 -0.00724926 -0.0205563 0.0106444 -0.00142996 -0.0901145 0.0399467 0.0634519 0.123542 -0.00973999 -0.00652501 -0.0176308 0.0293069 0.0391018 0.0569551 -0.0185105
internal_weight=14581 7888 6693 5963 54 5909 2366 3543 730 922 2621 5123 868 374 1512 2571 2765 494 854 79 1473 459 95 2475 2314 710 1014 797 511 2686
internal_count=14581 7888 6693 5963 54 5909 2366 3543 730 922 2621 5123 868 374 1512 2571 2765 494 854 79 1473 459 95 2475 2314 710 1014 797 511 2686
is_linear=0
shrinkage=0.05


Tree=65
num_leaves=31
num_cat=0
split_feature=5 9 3 16 3 3 4 1 15 8 16 19 9 16 16 0 14 12 14 18 18 3 19 17 15 15 4 15 3 4
split_gain=329.837 224.035 185.197 190.888 204.073 171.811 166.307 171.886 231.584 251.506 166.224 164.157 159.391 157.024 150.97 142.398 157.973 141.496 218.587 135.404 181.039 169.427 159.87 142.596 132.058 165.21 150.903 150.844 161.913 135.968
threshold=11.335000000000003 823655.15700000001 -2.0280456499999997 44.362500000000004 9.5351870000000023 23.962768000000001 2603940.5000000005 2.5000000000000004 17.825000000000003 -0.55587775000000128 64.475000000000009 -0.92749999999999833 -640751.09999999986 58.702500000000008 54.597500000000011 27.500000000000004 38.872500000000009 12.255000000000001 44.362500000000004 1.6549999999999978 -26.779999999999998 9.2683715000000024 2.3774999999999999 20.642500000000002 21.787500000000005 21.565000000000005 149842.19500000004 6.580000000000001 24.418976000000004 972299.68000000017
decision_type=2 2 2 2 2 2 2 2 2 2 2 2 2 2 2 2 2 2 2 2 2 2 2 2 2 2 2 2 2 2
left_child=6 2 -2 5 10 -4 7 8 12 13 14 -9 15 -10 17 -1 -17 -5 -19 20 -13 -22 -21 -23 25 26 -7 -28 -29 -30
right_child=1 -3 3 4 -6 24 -8 11 9 -11 -12 19 -14 -15 -16 16 -18 18 -20 22 21 23 -24 -25 -26 -27 27 28 29 -31
leaf_value=0.023668012466932675 0.071965685203845095 -0.036491724597358895 -0.0002444354413081191 0.1226365020376091 0.0062681050045604834 0.0024119011335755431 -0.038904345585992373 -0.033190846224694148 -0.076211194326509551 -0.00057293446611291919 0.15324651138131123 -0.056731930075085348 0.0056667400297462636 0.041908636677544568 0.013295866126213932 0.04130958366311259 0.21573581351712345 -0.10962109473489581 0.058776139374188067 -0.048644042587964925 -0.012169044832397209 0.014149166385483414 -0.0059301153016833802 0.10435373932123185 -0.0603043649484344 0.15788090143190781 0.16023661482334139 0.13009728304133183 0.062828007876350164 0.007777615683510374
leaf_weight=103 118 271 4120 76 665 499 386 787 233 451 34 131 2873 32 289 27 25 21 234 370 849 921 537 46 47 23 25 41 171 326
leaf_count=103 118 271 4120 76 665 499 386 787 233 451 34 131 2873 32 289 27 25 21 234 370 849 921 537 46 47 23 25 41 171 326
internal_value=0.000170255 0.0080759 0.00988152 0.00876663 0.0257719 0.00449589 -0.00691033 -0.00523807 0.00228434 -0.0232884 0.0456037 -0.0129733 0.00833128 -0.0619477 0.0397007 0.0577197 0.125168 0.0627551 0.0449081 -0.00739822 3.50551e-05 0.00413003 -0.0233548 0.0184402 0.0217487 0.025303 0.0224318 0.0401758 0.0345968 0.0267185
internal_weight=14731 6960 6689 6571 1319 5252 7771 7385 3744 716 654 3641 3028 265 620 155 52 331 255 2854 1947 1816 907 967 1132 1085 1062 563 538 497
internal_count=14731 6960 6689 6571 1319 5252 7771 7385 3744 716 654 3641 3028 265 620 155 52 331 255 2854 1947 1816 907 967 1132 1085 1062 563 538 497
is_linear=0
shrinkage=0.05


Tree=66
num_leaves=31
num_cat=0
split_feature=4 5 3 15 14 6 16 4 1 16 17 13 8 17 14 16 6 16 18 9 18 17 15 5 8 16 17 5 0 1
split_gain=309.582 235.345 207.155 146.986 168.211 215.389 208.915 189.985 223.589 184.774 246.974 151.368 269.46 253.612 252.459 237.265 230.904 144.75 166.48 189.095 197.973 195.52 152.841 147.782 141.592 151.486 140.371 134.876 130.99 128.692
threshold=1847668.2500000002 12.005000000000001 20.903427000000004 14.737500000000002 47.002500000000005 11.3508455 41.687500000000007 324.82807000000008 2.5000000000000004 28.802500000000006 9.1575000000000006 14.745000000000003 -1.3124999499999992 14.447500000000003 34.022500000000008 41.127500000000005 12.044754000000003 14.112500000000002 1.8825000000000023 -414624.03000000003 -27.574999999999999 22.130000000000003 11.585000000000003 6.9850000000000012 3.4639283999999999 47.360000000000007 10.507500000000002 6.7750000000000012 15.500000000000002 3.5000000000000004
decision_type=2 2 2 2 2 2 2 2 2 2 2 2 2 2 2 2 2 2 2 2 2 2 2 2 2 2 2 2 2 2
left_child=1 17 24 4 6 -6 7 -3 9 -9 -11 15 16 14 -14 -5 -13 22 19 20 -19 -22 -1 -20 25 26 -2 -26 -24 -21
right_child=2 3 -4 11 5 -7 -8 8 -10 10 -12 12 13 -15 -16 -17 -18 18 23 29 21 -23 28 -25 27 -27 -28 -29 -30 -31
leaf_value=0.0066157448394186195 0.045633345800969338 0.0023377043643875027 -0.0028508135851060359 -0.021544431206850186 0.075509195471184232 -0.0021832845307438189 -0.058227208280004564 0.043964243340731346 0.012359163434360054 0.27014572815334592 0.070298465198049179 -0.14236501066920323 -0.084433125508102502 0.083169957843961806 0.085882146560793959 0.01583255164823049 0.02385145729252448 -0.074068858476710464 -0.044633870271184845 0.0063179991912649391 0.028525193991683895 0.13598418246875418 0.010773556549021783 -0.0096477189436331295 0.089728443939238789 -0.018925210189702994 -0.072204279410947536 -0.031893351104743083 0.10920628038965119 -0.010630836091492851
leaf_weight=369 27 1112 872 948 263 135 96 416 662 22 52 37 55 206 36 769 48 42 347 2275 426 47 58 2319 40 317 395 53 81 2206
leaf_count=369 27 1112 872 948 263 135 96 416 662 22 52 37 55 206 36 769 48 42 347 2275 426 47 58 2319 40 317 395 53 81 2206
internal_value=0.000161742 0.00278327 -0.0198797 0.0114995 0.0190876 0.0491562 0.0140167 0.01708 0.0313104 0.056914 0.129713 0.00152902 0.0299956 0.0524611 -0.0170557 -0.00480424 -0.0485016 -0.00239845 -0.00411212 0.0012718 0.0299652 0.0392029 0.0234484 -0.0142014 -0.0377273 -0.0450445 -0.0646649 0.0204171 0.0681336 -0.00202593
internal_weight=14731 13027 1704 4857 2758 398 2360 2264 1152 490 74 2099 382 297 91 1717 85 8170 7662 4996 515 473 508 2666 832 739 422 93 139 4481
internal_count=14731 13027 1704 4857 2758 398 2360 2264 1152 490 74 2099 382 297 91 1717 85 8170 7662 4996 515 473 508 2666 832 739 422 93 139 4481
is_linear=0
shrinkage=0.05


Tree=67
num_leaves=31
num_cat=0
split_feature=5 15 9 8 14 6 3 15 9 16 18 16 16 4 15 18 1 16 9 5 12 15 15 5 17 5 6 6 4 4
split_gain=282.056 196.386 230.725 191.028 226.584 183.905 284.109 173.545 156.713 189.236 158.515 156.343 475.34 154.403 207.139 182.509 208.472 173.968 353.318 153.779 144.864 139.585 132.033 132.907 131.615 129.534 129.062 127.406 124.647 120.199
threshold=10.135000000000003 14.737500000000002 386989.54999999999 1.4184722800000009 51.117500000000007 10.741378750000001 7.7583313500000015 13.820000000000002 -617823.64999999979 24.397500000000004 -27.574999999999999 41.127500000000005 41.960000000000001 324.82807000000008 6.1225000000000005 3.635000000000002 3.5000000000000004 30.460000000000004 -167741.35000000001 20.145000000000003 20.005000000000006 16.115000000000006 22.130000000000003 1.0050000000000001 16.285000000000004 1.0000000180025095e-35 25.226181 26.832977500000002 5.2771930000000014 343020.12500000006
decision_type=2 2 2 2 2 2 2 2 2 2 2 2 2 2 2 2 2 2 2 2 2 2 2 2 2 2 2 2 2 2
left_child=8 3 11 4 13 6 7 -6 9 22 -11 19 -13 -2 29 16 17 20 -19 26 -16 -4 23 -1 -12 28 -3 -27 -10 -15
right_child=1 2 21 -5 5 -7 -8 -9 25 10 24 12 -14 14 15 -17 -18 18 -20 -21 -22 -23 -24 -25 -26 27 -28 -29 -30 -31
leaf_value=-0.1301201139887174 0.0040871593848043576 -0.0105665190051034 -0.15477852678298953 -0.0065122984197962738 -0.055517594438667099 0.024335627660555064 0.23123989317453272 0.10319633588698679 -0.02773158683651878 -0.064958288601121392 0.017856501990822813 0.2218964183772052 0.009970651016869201 0.040587016246798974 0.026184966217345784 -0.0040538190568003615 0.0066918695372762587 0.2222256446699612 0.050272324426352225 0.082981768073365492 0.10071645179964804 -0.032497406632777441 0.075764009420974901 -0.020258613820705151 0.079245432012557182 -0.016814569254905608 0.045003859480894221 0.029444220860999439 0.10142866360776602 0.18600425293707912
leaf_weight=36 2325 2522 25 1243 24 159 33 61 31 37 207 27 1321 27 548 543 547 40 118 47 74 351 26 117 151 3750 109 155 47 30
leaf_count=36 2325 2522 25 1243 24 159 33 61 31 37 207 27 1321 27 548 543 547 40 118 47 74 351 26 117 151 3750 109 155 47 30
internal_value=0.000153655 0.00478402 -0.00317056 0.0108506 0.0156159 0.0594326 0.106724 0.058383 -0.0101841 0.0142407 0.0335668 0.000327679 0.0142155 0.0127614 0.0232272 0.0203651 0.0303572 0.0469533 0.0938048 -0.00666288 0.0350521 -0.0406278 -0.0284062 -0.0461084 0.0437496 -0.0137041 -0.00826429 -0.0149784 0.0500957 0.117122
internal_weight=14731 10174 4402 5772 4529 277 118 85 4557 574 395 4026 1348 4252 1927 1870 1327 780 158 2678 622 376 179 153 358 3983 2631 3905 78 57
internal_count=14731 10174 4402 5772 4529 277 118 85 4557 574 395 4026 1348 4252 1927 1870 1327 780 158 2678 622 376 179 153 358 3983 2631 3905 78 57
is_linear=0
shrinkage=0.05


Tree=68
num_leaves=31
num_cat=0
split_feature=4 5 3 19 3 15 6 3 17 5 14 8 14 19 4 17 5 0 14 6 4 7 3 18 6 1 8 18 1 4
split_gain=270.53 196.793 175.717 152.589 151.571 131.473 185.943 194.351 135.648 247.514 147.442 127.731 129.554 143.616 168.575 130.882 126.558 135.931 125.397 155.664 118.894 138.324 131.65 225.206 278.46 216.789 117.389 115.11 114.921 141.167
threshold=1847668.2500000002 11.505000000000001 20.903427000000004 -9.5899999999999999 -2.0280456499999997 18.282500000000006 2.3118133500000004 11.729095500000001 22.130000000000003 7.7550000000000008 58.055000000000007 3.4639283999999999 51.932500000000012 2.3250000000000006 2527790.1000000006 10.507500000000002 20.145000000000003 43.500000000000007 58.055000000000007 5.2607726500000007 1026795.2250000001 957823.67000000004 9.803192000000001 -4.8724999999999996 7.4739838000000001 5.5000000000000009 3.1221619999999999 -1.4800000000000002 2.5000000000000004 1.0000000180025095e-35
decision_type=2 2 2 2 2 2 2 2 2 2 2 2 2 2 2 2 2 2 2 2 2 2 2 2 2 2 2 2 2 2
left_child=1 5 11 -4 -3 28 -7 8 9 -8 -11 12 15 14 -14 -2 26 20 19 -13 21 22 23 24 -18 -24 -6 -25 29 -1
right_child=2 4 3 -5 16 6 7 -9 -10 10 -12 18 13 -15 -16 -17 17 -19 -20 -21 -22 -23 25 27 -26 -27 -28 -29 -30 -31
leaf_value=-0.0039841593254285402 0.029010572881461718 0.068499636441581219 0.10603535709782475 -0.0069209014180663976 0.0088463780306107988 0.021482810720365932 -0.13695018555388436 -0.0018226216837043151 -0.016026090070995518 -0.030357994985129921 -0.14748030037715518 -0.03348972752552342 0.031645815075693917 -0.10889985379245547 -0.052275646392256028 -0.066793121275974518 0.050561280380934485 -0.091675404086709031 -0.068261881971765054 0.12352731039649563 -0.023149070642509706 0.16701922929286958 -0.0021278655593231412 -0.067616971535608181 0.31440768659114843 0.1589574456214905 -0.013979735777763069 0.074313321579247721 -0.007350303200492625 0.018323473150233808
leaf_weight=1342 39 106 31 841 4865 308 77 736 426 366 29 27 149 36 100 415 20 20 28 38 59 25 161 20 20 24 637 50 2232 1504
leaf_count=1342 39 106 31 841 4865 308 77 736 426 366 29 27 149 36 100 415 20 20 28 38 59 25 161 20 20 24 637 50 2232 1504
internal_value=0.000145972 0.00259658 -0.0185888 -0.00290525 0.00924002 -0.00308819 -0.0141529 -0.0208701 -0.0364813 -0.054943 -0.0389568 -0.0350264 -0.0419763 -0.0155534 -0.00205758 -0.0585633 0.00817553 0.0353666 0.0201987 0.0583048 0.0420707 0.0540956 0.0445258 0.0878428 0.182484 0.0187697 0.00620366 0.0337618 0.00114334 0.00780455
internal_weight=14731 13027 1704 872 6007 7020 1942 1634 898 472 395 832 739 285 249 454 5901 399 93 65 379 320 295 110 40 185 5502 70 5078 2846
internal_count=14731 13027 1704 872 6007 7020 1942 1634 898 472 395 832 739 285 249 454 5901 399 93 65 379 320 295 110 40 185 5502 70 5078 2846
is_linear=0
shrinkage=0.05


Tree=69
num_leaves=31
num_cat=0
split_feature=4 6 16 19 15 13 3 14 16 3 15 18 3 17 4 16 17 17 6 17 19 17 18 6 19 0 1 12 7 8
split_gain=244.153 188.585 199.801 217.086 194.457 199.052 211.803 313.261 232.31 182.793 166.773 168.987 162.07 157.341 243.339 155.281 153.89 188.685 147.26 139.003 166.287 246.398 183.158 169.953 186.148 174.756 136.668 131.973 131.661 126.697
threshold=1847668.2500000002 26.519608000000002 44.222500000000004 -3.9399999999999991 15.775000000000002 10.165000000000001 4.8143310500000007 20.795000000000005 31.73 -1.7589110999999997 15.605000000000002 21.015000000000004 26.068313500000002 16.965000000000003 1442841.1000000003 46.757500000000007 8.7100000000000026 8.3225000000000016 0.14584351000000004 16.992500000000003 -1.6249999999999989 9.1575000000000006 0.29999999999999899 10.490737750000003 2.9225000000000008 25.500000000000004 2.5000000000000004 13.655000000000003 1057477.3500000003 3.8995053250000011
decision_type=2 2 2 2 2 2 2 2 2 2 2 2 2 2 2 2 2 2 2 2 2 2 2 2 2 2 2 2 2 2
left_child=1 2 4 -4 9 18 7 8 -7 27 11 19 16 14 -5 -15 17 -2 -6 20 21 -11 23 -22 -25 -26 -23 -1 -12 -18
right_child=12 -3 3 13 5 6 -8 -9 -10 10 28 -13 -14 15 -16 -17 29 -19 -20 -21 22 26 -24 24 25 -27 -28 -29 -30 -31
leaf_value=0.028856101376818946 -0.018397170290046807 0.045829472249767522 0.13521731266298809 0.033042497900836791 0.032904977665796552 -0.0038948423800651329 -0.0044656994441317115 0.17662976827376931 0.15037123478090006 0.14540309277740684 0.030664473823092592 0.043274566245630447 0.0088828257496230481 0.071096204523928466 -0.059698954045674525 -0.0047825147078222659 -0.035753588685147934 0.14251484199073808 -0.023919865680025364 -0.02000475767801288 -0.0064376859207598809 0.023585975371061815 -0.012279584612244347 0.018107038246573205 0.042607265301538931 0.21722800109697427 -0.016551512601023371 0.12484188665680232 0.14956204513708751 0.025318262539803984
leaf_weight=243 49 246 37 1020 121 154 1453 39 29 37 104 227 430 72 76 1061 1104 29 1974 806 900 927 2219 874 38 23 275 42 30 92
leaf_count=243 49 246 37 1020 121 154 1453 39 29 37 104 227 430 72 76 1061 1104 29 1974 806 900 927 2219 874 38 23 275 42 30 92
internal_value=0.000138674 0.00246675 0.00163214 0.0150988 -0.00126996 -0.0103648 0.0024841 0.0479708 0.0205517 0.00381347 0.00208459 0.000915349 -0.0176594 0.0131049 0.0266115 3.94339e-05 -0.0266179 0.0414291 -0.0206379 -0.000661228 0.00228434 0.0183151 -0.00261506 0.00907191 0.0240009 0.108448 0.0144031 0.0430014 0.0572833 -0.0310558
internal_weight=14731 13027 12781 2266 10515 3770 1675 222 183 6745 6460 6326 1704 2229 1096 1133 1274 78 2095 6099 5293 1239 4054 1835 935 61 1202 285 134 1196
internal_count=14731 13027 12781 2266 10515 3770 1675 222 183 6745 6460 6326 1704 2229 1096 1133 1274 78 2095 6099 5293 1239 4054 1835 935 61 1202 285 134 1196
is_linear=0
shrinkage=0.05


Tree=70
num_leaves=31
num_cat=0
split_feature=4 6 17 1 4 15 19 3 3 3 17 15 5 9 18 14 4 14 14 7 14 4 14 17 8 8 17 18 14 1
split_gain=228.239 232.978 211.449 281.265 300.96 228.349 377.342 211.414 221.847 216.517 189.232 585.4 206.167 202.829 172.346 166.448 162.751 199.623 243.78 159.734 155.141 230.179 152.728 146.77 137.86 135.246 134.316 128.62 124.181 122.968
threshold=2744004.7000000007 26.832977500000002 19.772500000000004 2.5000000000000004 740056.10000000009 22.130000000000003 4.0074999999999994 13.535339500000001 16.427048000000003 0.49270629500000007 17.975000000000005 21.565000000000005 19.955000000000002 -122705.76999999995 10.065000000000001 32.245000000000012 1.0000000180025095e-35 64.475000000000009 62.667500000000011 732.74387000000013 20.342500000000005 985076.10000000009 56.837500000000006 19.937500000000004 1.6657105000000005 2.1853784999999992 17.737500000000001 -1.4450000000000001 13.7125 5.5000000000000009
decision_type=2 2 2 2 2 2 2 2 2 2 2 2 2 2 2 2 2 2 2 2 2 2 2 2 2 2 2 2 2 2
left_child=1 2 3 5 10 6 16 9 -9 -6 13 12 -12 15 25 -5 -1 18 19 -18 21 -4 26 -22 28 -11 -10 -27 -15 -13
right_child=-2 -3 20 4 7 -7 -8 8 22 14 11 29 -14 24 -16 -17 17 -19 -20 -21 23 -23 -24 -25 -26 27 -28 -29 -30 -31
leaf_value=0.0025012311408784699 -0.042636178180925743 0.03872561785095098 -0.021090440813364933 0.0084175616341394081 0.026692388076792542 -0.079881799467980408 0.17733574524521828 0.046678558869201241 -0.017954770199335262 -0.055509951163644482 -0.004361368041197404 0.088904102913175645 0.15328332788564944 0.037508649726389981 -0.18559165908531711 0.080614754215066309 0.076659739823662684 0.17528165763332731 -0.1124601934762562 0.019102625891951084 -0.05487615222531611 -0.11872400935739279 -0.14887564742848988 -0.005239108703748145 -0.019773663373349598 0.035502916099199942 0.063829393815939078 -0.048104529532745646 -0.0011640345273576072 0.20113157953905023
leaf_weight=2103 311 391 246 202 112 66 35 173 714 579 362 52 22 224 22 132 128 21 34 2069 159 80 21 2350 993 92 54 92 2832 46
leaf_count=2103 311 391 246 202 112 66 35 173 714 579 362 52 22 224 22 132 128 21 34 2069 159 80 21 2350 993 92 54 92 2832 46
internal_value=-0.000257573 0.000657306 -0.00040475 0.00268791 -0.00376813 0.0124299 0.0138177 -0.0208806 -0.00459867 -0.0383423 0.00277084 0.0325072 0.00467036 -0.000499284 -0.0476212 0.0369506 0.0125036 0.0218442 0.0203999 0.022456 -0.0126008 -0.0450496 -0.015842 -0.0083847 -0.0035885 -0.043643 -0.0122043 -0.00630081 0.00167061 0.141582
internal_weight=14717 14406 14015 11180 6724 4456 4390 1859 962 897 4865 482 384 4383 785 334 4355 2252 2231 2197 2835 326 789 2509 4049 763 768 184 3056 98
internal_count=14717 14406 14015 11180 6724 4456 4390 1859 962 897 4865 482 384 4383 785 334 4355 2252 2231 2197 2835 326 789 2509 4049 763 768 184 3056 98
is_linear=0
shrinkage=0.05


Tree=71
num_leaves=31
num_cat=0
split_feature=4 6 17 1 17 13 4 0 3 19 3 8 16 18 8 17 17 12 19 7 8 12 17 3 17 16 0 8 14 0
split_gain=211.44 214.479 189.787 240.712 209.58 203.419 197.893 180.018 175.703 221.45 195.566 181.197 170.367 159.299 158.731 161.707 521.293 354.986 232.701 287.057 200.089 153.159 152.109 140.81 140.248 137.312 195.468 132.224 173.384 301.477
threshold=2424543.3000000003 27.855469000000003 19.772500000000004 2.5000000000000004 18.890000000000004 16.255000000000003 740056.10000000009 11.500000000000002 13.394989000000001 -1.2774999999999996 0.49270629500000007 2.1853784999999992 62.242500000000007 0.99000000000000121 0.49430849999999898 9.1575000000000006 8.7875000000000014 12.425000000000002 0.39999999999999997 1129274.5000000002 -1.0000000180025095e-35 13.735000000000001 11.445000000000002 10.944335750000002 19.592500000000005 59.495000000000012 42.500000000000007 -1.1636654999999998 21.695000000000004 34.500000000000007
decision_type=2 2 2 2 2 2 2 2 2 2 2 2 2 2 2 2 2 2 2 2 2 2 2 2 2 2 2 2 2 2
left_child=1 2 3 7 6 24 25 -1 10 -10 -8 -12 27 -11 15 16 18 23 19 -9 22 -22 -17 -18 -6 -5 -27 28 29 -4
right_child=-2 -3 12 4 5 -7 8 14 9 13 11 -13 -14 -15 -16 20 17 -19 -20 -21 21 -23 -24 -25 -26 26 -28 -29 -30 -31
leaf_value=-0.0042472349705284665 -0.027225346925245825 0.070001253775054853 -0.14889330035469062 -0.00085863504563378457 0.046116180589576422 0.15186365201617735 0.025357768588998755 0.046839700530082393 -0.071086441092538075 0.02320775819091386 -0.060554631447026455 -0.0023147343803592568 0.047579555478641546 -0.022937832628468088 0.0037785379910494328 -0.050791939564949866 0.17174955467062614 0.34201607026837094 -0.0043661842935939317 0.22850678354501724 0.035976651153143711 0.12476387133150746 0.016125972470305977 0.0063508400038699625 -0.019012692198157311 0.076393938556961402 -0.083280175924301147 -0.0069200456262703122 -0.022166185133297139 0.040152952255060277
leaf_weight=1184 692 112 71 4464 224 33 112 167 108 481 526 179 118 306 1172 91 31 22 226 25 170 68 1271 22 131 115 23 1914 629 30
leaf_count=1184 692 112 71 4464 224 33 112 167 108 481 526 179 118 306 1172 91 31 22 226 25 170 68 1271 22 131 115 23 1914 629 30
internal_value=-0.000244694 0.00108654 0.000531778 0.00343813 -0.00254724 0.0331208 -0.00473907 0.0124545 -0.019252 -0.00394791 -0.0360171 -0.0457675 -0.011202 0.00526551 0.0185112 0.0267609 0.0517981 0.173177 0.0300195 0.0704943 0.0190463 0.0613444 0.011655 0.103093 0.0220827 0.000659911 0.0497816 -0.0138254 -0.0319306 -0.0927409
internal_weight=14717 14025 13913 11151 6702 388 6314 4449 1712 895 817 705 2762 787 3265 2093 493 75 418 192 1600 238 1362 53 355 4602 138 2644 730 101
internal_count=14717 14025 13913 11151 6702 388 6314 4449 1712 895 817 705 2762 787 3265 2093 493 75 418 192 1600 238 1362 53 355 4602 138 2644 730 101
is_linear=0
shrinkage=0.05


Tree=72
num_leaves=31
num_cat=0
split_feature=9 6 16 5 18 1 18 15 8 8 9 1 19 9 19 3 14 15 8 15 6 6 13 0 14 6 18 14 14 17
split_gain=197.76 169.904 171.173 186.479 245.962 289.344 177.033 172.865 202.745 164.449 221.745 153.838 160.102 185.764 145.186 142.427 163.331 138.052 128.321 123.496 118.337 168.703 111.159 110.08 109.74 143.005 124.417 131.507 121.627 109.451
threshold=823655.15700000001 26.832977500000002 43.51250000000001 10.085000000000003 -22.914999999999996 5.5000000000000009 -33.287499999999987 13.640000000000002 0.93200699999999881 -0.16456650000000048 -335671.00000000006 1.5000000000000002 -8.0349999999999984 -809768.72999999986 4.7725000000000017 7.3496703000000005 26.167500000000004 13.612500000000002 6.5364224999999996 11.357500000000002 7.2963867500000008 -1.5021973 11.045000000000002 34.500000000000007 22.215 3.6516876500000004 -2.4149999999999978 27.622500000000002 26.727500000000003 15.005000000000001
decision_type=2 2 2 2 2 2 2 2 2 2 2 2 2 2 2 2 2 2 2 2 2 2 2 2 2 2 2 2 2 2
left_child=1 2 3 11 5 -5 14 8 9 17 -11 12 -1 -14 -4 16 -2 -6 22 -8 21 -10 -9 -24 -15 -26 -27 28 -28 -25
right_child=15 -3 6 4 7 -7 19 18 20 10 -12 -13 13 24 -16 -17 -18 -19 -20 -21 -22 -23 23 29 25 26 27 -29 -30 -31
leaf_value=-0.043286835543749576 -0.038702348406825751 0.031778842286210023 -0.013239278586808637 0.2196242634739195 0.0044462055946842445 0.0010968813898436952 -0.035301806397017153 -0.012752072177829952 0.019739307141061993 0.15395213167582242 0.025920136505688526 -0.021641876170694043 0.090090183902066204 -0.019567010625577232 -0.12264848103797116 -0.041187545054116002 0.11634622593269205 0.11429118681056748 -0.07155737092162108 0.018048468614582043 0.005723989878998254 -0.040093075877284418 -0.01065795225519032 -0.0085708161477090917 0.075222836388275038 0.063524398918229127 0.011653626604550859 -0.01878171106976732 0.11614466297129791 0.035469650309352917
leaf_weight=181 35 431 168 28 2093 33 114 2245 157 35 1002 1966 64 372 37 442 33 29 77 2237 612 472 519 214 84 81 123 383 36 414
leaf_count=181 35 431 168 28 2093 33 114 2245 157 35 1002 1966 64 372 37 442 33 29 77 2237 612 472 519 214 84 81 123 383 36 414
internal_value=-0.00023246 0.000865696 -0.000101462 -0.00276164 0.00139029 0.101405 0.0115758 0.00061499 0.0071952 0.0139223 0.0302414 -0.0127692 0.000405838 0.0073248 -0.0329863 -0.0308236 0.0365418 0.00594739 -0.0077312 0.0154615 -0.00992891 -0.0251588 -0.00628231 0.00638082 0.00241564 0.0139822 0.00572502 -0.0029129 0.035312 0.0204622
internal_weight=14717 14207 13776 11220 7930 61 2556 7869 4400 3159 1037 3290 1324 1143 205 510 68 2122 3469 2351 1241 629 3392 1147 1079 707 623 542 159 628
internal_count=14717 14207 13776 11220 7930 61 2556 7869 4400 3159 1037 3290 1324 1143 205 510 68 2122 3469 2351 1241 629 3392 1147 1079 707 623 542 159 628
is_linear=0
shrinkage=0.05


Tree=73
num_leaves=31
num_cat=0
split_feature=4 6 17 1 4 15 19 18 19 8 3 17 15 9 13 14 13 16 19 18 4 18 0 16 3 14 19 15 14 19
split_gain=189.398 175.686 160.753 211.508 238.511 215.582 316.125 171.278 205.978 183.306 223.184 162.396 474.638 192.69 185.561 173.324 168.454 149.419 143.786 177.886 128.835 192.239 268.984 257.117 210.744 166.265 127.505 125.286 122.775 133.34
threshold=2858217.3000000003 26.832977500000002 19.772500000000004 2.5000000000000004 662316.70000000007 22.130000000000003 4.0074999999999994 1.6549999999999978 1.8050000000000017 2.6580044499999995 14.571273500000002 17.975000000000005 21.565000000000005 -113451.85000000008 17.345000000000002 32.245000000000012 10.335000000000003 62.242500000000007 -2.7149999999999994 -2.8850000000000011 1.0000000180025095e-35 11.137500000000001 32.500000000000007 14.510000000000002 19.960220000000003 64.475000000000009 1.6849999999999998 15.005000000000001 10.870000000000003 -1.8724999999999994
decision_type=2 2 2 2 2 2 2 2 2 2 2 2 2 2 2 2 2 2 2 2 2 2 2 2 2 2 2 2 2 2
left_child=1 2 3 5 11 6 20 9 26 18 -11 13 14 15 -13 -5 -14 -4 19 -6 -1 25 23 24 -23 28 27 -9 -22 -30
right_child=-2 -3 17 4 7 -7 -8 8 -10 10 -12 12 16 -15 -16 -17 -18 -19 -20 -21 21 22 -24 -25 -26 -27 -28 -29 29 -31
leaf_value=0.0018993282794763462 -0.047138757556501147 0.032729081398830177 -0.013475690465948952 0.0088988757784908973 -0.033743383663193308 -0.077052395379143782 0.16168599116216814 -0.040140916318472095 -0.017122723086228631 0.0059826713034242061 0.13026373979325098 -0.0037694819199513745 0.047156070288572764 -0.0031997259675197519 0.14285575016199245 0.087629198292623722 0.18369530184065988 0.043078596718975758 -0.0097964351039159479 -0.17471484973512849 -0.061444253013247546 0.11522275749593974 0.070518921226836173 -0.0834001621639677 -0.051356460268680876 0.16456320796694077 -0.17604328013699633 -0.13192543122172357 0.045957417724290468 0.016703092033033978
leaf_weight=2103 212 410 2736 186 98 69 35 145 359 146 48 349 37 3968 23 112 58 122 1120 29 42 37 65 148 39 21 29 50 543 1378
leaf_count=2103 212 410 2736 186 98 69 35 145 359 146 48 349 37 3968 23 112 58 122 1120 29 42 37 65 148 39 21 29 50 543 1378
internal_value=-0.000220837 0.000464899 -0.000473612 0.00221931 -0.0033663 0.0106438 0.0120157 -0.0177315 -0.0405987 -0.00847985 0.0367326 0.00277676 0.0307692 -0.000287588 0.00529606 0.0384888 0.130517 -0.0110615 -0.0155137 -0.0659337 0.0108186 0.0190707 -0.0190282 -0.0450129 0.0297413 0.0246204 -0.078223 -0.0636754 0.0231233 0.0249723
internal_weight=14717 14505 14095 11237 6757 4480 4411 2024 583 1441 194 4733 467 4266 372 298 95 2858 1247 127 4376 2273 289 224 76 1984 224 195 1963 1921
internal_count=14717 14505 14095 11237 6757 4480 4411 2024 583 1441 194 4733 467 4266 372 298 95 2858 1247 127 4376 2273 289 224 76 1984 224 195 1963 1921
is_linear=0
shrinkage=0.05


Tree=74
num_leaves=31
num_cat=0
split_feature=4 6 14 15 13 16 14 14 12 3 9 4 6 4 16 18 16 19 19 14 3 19 13 15 16 16 14 14 6 15
split_gain=171.211 179.461 153.955 167.593 200.451 185.797 156.363 209.767 368.333 153.364 159.101 150.417 247.098 147.44 146.883 143.365 138.404 136.203 403.278 410.62 407.089 242.206 162.79 181.536 133.929 133.815 290.689 253.534 230.358 149.807
threshold=2424543.3000000003 28.067291500000007 44.362500000000004 13.640000000000002 10.165000000000001 15.865000000000002 37.342500000000008 35.82500000000001 14.810000000000002 6.4357757500000004 19081.524999999969 575500.15000000014 3.7429352000000002 324.82807000000008 16.245000000000005 21.015000000000004 25.372500000000002 4.9450000000000012 6.8150000000000004 18.040000000000003 4.8143310500000007 4.4000000000000012 14.745000000000003 20.845000000000002 60.837500000000006 28.882500000000004 26.915000000000006 26.727500000000003 23.189407500000005 13.402500000000002
decision_type=2 2 2 2 2 2 2 2 2 2 2 2 2 2 2 2 2 2 2 2 2 2 2 2 2 2 2 2 2 2
left_child=1 2 3 6 5 -5 7 13 -9 10 -4 -8 -13 -1 -7 25 -3 21 19 -19 -21 22 -6 -24 -16 26 27 29 -29 -15
right_child=-2 16 9 4 17 14 11 8 -10 -11 -12 12 -14 15 24 -17 -18 18 -20 20 -22 -23 23 -25 -26 -27 -28 28 -30 -31
leaf_value=-0.0037674610132468356 -0.024488429057834445 0.13220776208554921 0.05211851707268083 -0.12760126932045898 -0.0048407391970369607 0.043245987108065972 -0.0032740727561392288 0.032696154910719775 0.26057030175413404 0.0063717977086656377 -0.041578028207788102 -0.22379250556230545 -0.03775844794266061 0.0095316383277618388 -0.01589225993948979 0.1373339423018953 0.00026838515486036027 -0.024457206832999928 -0.010684051073518688 0.27450965770653318 0.078729694745164711 -0.059671965768261996 0.016060226235695318 0.11326182824788525 -0.1257451990885394 0.034756626788394494 -0.028433337194268739 0.026181924480068331 0.2180062359397637 0.093446658064018598
leaf_weight=2498 692 46 352 37 1316 105 397 114 21 2064 52 20 166 1612 3052 23 35 66 310 35 110 173 226 61 28 521 467 34 29 55
leaf_count=2498 692 46 352 37 1316 105 397 114 21 2064 52 20 166 1612 3052 23 35 66 310 35 110 173 226 61 28 521 467 34 29 55
internal_value=-0.000209795 0.000988124 0.000557049 -0.00187936 -0.00815685 -0.0162025 0.00393656 0.0066047 0.0681432 0.0118862 0.0400586 -0.0206579 -0.0577621 0.00501896 -0.0149084 0.0130264 0.0751969 0.00312877 0.0256082 0.0789286 0.125987 -0.0034657 0.00260023 0.0367198 -0.0168909 0.0119745 0.00657195 0.0160213 0.114482 0.0123003
internal_weight=14717 14025 13944 11476 5519 3222 5957 5374 135 2468 404 583 186 5239 3185 2741 81 2297 521 211 145 1776 1603 287 3080 2718 2197 1730 63 1667
internal_count=14717 14025 13944 11476 5519 3222 5957 5374 135 2468 404 583 186 5239 3185 2741 81 2297 521 211 145 1776 1603 287 3080 2718 2197 1730 63 1667
is_linear=0
shrinkage=0.05


end of trees

feature_importances:
solar=208
weekly_min_reserve=200
jepx_price_prev_96=178
temp=177
slot=171
weekly_max_reserve=171
solar_diff_96=169
weekly_max_reserve_prev=163
weekly_min_reserve_prev=145
price_prev_weekday_96=129
temp_prev_96=109
weekly_max_reserve_diff=94
temp_diff_96=82
weekday=77
weekly_min_reserve_diff=76
price_prev_holiday_96=59
solar_prev_96=42

parameters:
[boosting: gbdt]
[objective: regression]
[metric: rmse,l2]
[tree_learner: serial]
[device_type: cpu]
[data_sample_strategy: bagging]
[data: ]
[valid: ]
[num_iterations: 2000]
[learning_rate: 0.05]
[num_leaves: 31]
[num_threads: 10]
[seed: 42]
[deterministic: 0]
[force_col_wise: 0]
[force_row_wise: 0]
[histogram_pool_size: -1]
[max_depth: -1]
[min_data_in_leaf: 20]
[min_sum_hessian_in_leaf: 0.001]
[bagging_fraction: 0.8]
[pos_bagging_fraction: 1]
[neg_bagging_fraction: 1]
[bagging_freq: 5]
[bagging_seed: 400]
[bagging_by_query: 0]
[feature_fraction: 0.9]
[feature_fraction_bynode: 1]
[feature_fraction_seed: 30056]
[extra_trees: 0]
[extra_seed: 12879]
[early_stopping_round: 0]
[early_stopping_min_delta: 0]
[first_metric_only: 0]
[max_delta_step: 0]
[lambda_l1: 0]
[lambda_l2: 0]
[linear_lambda: 0]
[min_gain_to_split: 0]
[drop_rate: 0.1]
[max_drop: 50]
[skip_drop: 0.5]
[xgboost_dart_mode: 0]
[uniform_drop: 0]
[drop_seed: 17869]
[top_rate: 0.2]
[other_rate: 0.1]
[min_data_per_group: 100]
[max_cat_threshold: 32]
[cat_l2: 10]
[cat_smooth: 10]
[max_cat_to_onehot: 4]
[top_k: 20]
[monotone_constraints: ]
[monotone_constraints_method: basic]
[monotone_penalty: 0]
[feature_contri: ]
[forcedsplits_filename: ]
[refit_decay_rate: 0.9]
[cegb_tradeoff: 1]
[cegb_penalty_split: 0]
[cegb_penalty_feature_lazy: ]
[cegb_penalty_feature_coupled: ]
[path_smooth: 0]
[interaction_constraints: ]
[verbosity: 1]
[saved_feature_importance_type: 0]
[use_quantized_grad: 0]
[num_grad_quant_bins: 4]
[quant_train_renew_leaf: 0]
[stochastic_rounding: 1]
[linear_tree: 0]
[max_bin: 255]
[max_bin_by_feature: ]
[min_data_in_bin: 3]
[bin_construct_sample_cnt: 200000]
[data_random_seed: 175]
[is_enable_sparse: 1]
[enable_bundle: 1]
[use_missing: 1]
[zero_as_missing: 0]
[feature_pre_filter: 1]
[pre_partition: 0]
[two_round: 0]
[header: 0]
[label_column: ]
[weight_column: ]
[group_column: ]
[ignore_column: ]
[categorical_feature: ]
[forcedbins_filename: ]
[precise_float_parser: 0]
[parser_config_file: ]
[objective_seed: 16083]
[num_class: 1]
[is_unbalance: 0]
[scale_pos_weight: 1]
[sigmoid: 1]
[boost_from_average: 1]
[reg_sqrt: 0]
[alpha: 0.9]
[fair_c: 1]
[poisson_max_delta_step: 0.7]
[tweedie_variance_power: 1.5]
[lambdarank_truncation_level: 30]
[lambdarank_norm: 1]
[label_gain: ]
[lambdarank_position_bias_regularization: 0]
[eval_at: ]
[multi_error_top_k: 1]
[auc_mu_weights: ]
[num_machines: 1]
[local_listen_port: 12400]
[time_out: 120]
[machine_list_filename: ]
[machines: ]
[gpu_platform_id: -1]
[gpu_device_id: -1]
[gpu_use_dp: 0]
[num_gpu: 1]

end of parameters

pandas_categorical:[]
