tree
version=v4
num_class=1
num_tree_per_iteration=1
label_index=0
max_feature_idx=14
objective=regression
feature_names=slot jepx_price_prev_ma3 reserve_ratio reserve_ratio_prev reserve_ratio_diff reserve_ratio_inv reserve_low_gap weekday holiday temp solar temp_diff solar_diff price_prev_weekday price_prev_holiday
feature_infos=[0:47] [0:34.893333333333338] [6.0700000000000003:169.62] [0:169.62] [-90.620000000000005:117.75] [0.0058955311526026934:0.16474461865821768] none [0:6] [0:1] [0.73535156000000002:31.256073000000001] [0:3593250.2000000002] [-11.1557011:7.426391999999999] [-2984413.2399999998:3000445.4399999999] [0:35] [0:19.719999999999999]
tree_sizes=2685 2798 2806 2784 2798 2816 2831 2841 2799 2821 2823 2810 2835 2817 2821 2811 2826 2821 2817 2814 2854 2827 2840 2838 2838 2821 2848 2845 2837 2851 2850 2835 2828 2827 2840 2865 2858 2833 2850 2834 2826 2833 2842 2850 2840 2842 2838 2819 2843 2830 2829 2852 2818 2838 2835 2828 2854 2826 2834 2843 2846 2832 2825 2843 2826 2839 2853 2856 2834 2839 2845 2830 2828 2844 2868 2832 2819 2797 2842 2830 2775 2846 2817 2839 2812 2866 2823 2816 2837 2806 2806 2828 2762 2831 2839 2839 2811 2839 2839 2812 2804 2839 2847 2779

Tree=0
num_leaves=31
num_cat=0
split_feature=1 2 13 1 12 2 12 1 1 2 2 12 0 2 13 12 4 2 0 12 1 12 4 12 2 12 2 0 13 13
split_gain=51855 19215.6 11541.4 7762.04 6213.14 5599.9 4341.49 4013.7 3354.88 2138.43 1814.76 1749.66 1578.26 1762.71 1388.19 1362.8 1246.61 1163.02 1082.76 1027.03 1140.18 935.911 882.365 881.001 862.876 732.721 669.692 669.247 652.078 640.49
threshold=9.9999999999999982 35.82500000000001 15.425000000000002 6.1466666666666603 639837.40000000002 21.675000000000004 87089.800000000061 6.6916666666666638 12.553333333333333 12.455000000000002 62.400000000000006 -1206904.2799999998 32.500000000000007 15.905000000000003 19.505000000000006 1094180.8750000002 2.5350000000000006 18.345000000000002 36.500000000000007 -899267.86499999999 2.209999999999996 -266948.85000000003 19.565000000000001 5417.0350000000481 24.735000000000003 361771.55100000004 70.695000000000007 31.500000000000004 18.715000000000003 1.0050000000000001
decision_type=2 2 2 2 2 2 2 2 2 2 2 2 2 2 2 2 2 2 2 2 2 2 2 2 2 2 2 2 2 2
left_child=1 7 4 10 8 9 26 19 16 14 21 -9 13 -13 -4 -8 -2 27 -7 -1 -21 -3 -6 -15 -14 28 -5 -10 -11 -23
right_child=2 3 5 6 22 18 15 11 17 25 -12 12 24 23 -16 -17 -18 -19 -20 20 -22 29 -24 -25 -26 -27 -28 -29 -30 -31
leaf_value=8.7667972397569169 8.8729707579527179 8.6506075491912728 9.1942244082643025 8.7152274121887991 8.6930086769538644 8.6696077910331706 8.5945496863412902 9.0175310998526026 8.9257462535308569 9.0866643325445295 8.4338038100073334 8.8005970338519379 8.8682854411410954 8.7418707463001049 9.5125531470650593 8.4278629492758714 8.8014016438403981 8.9150097341331769 8.9604883793875505 8.5593165997885823 8.6775647646127361 8.4788532417544857 8.4437810848878918 8.6754389323383023 8.7800984721413862 8.8564093342070525 8.5739198884252783 9.0640809371187689 9.2446425333106443 8.5841473294789967
leaf_weight=215 1824 191 69 1448 61 65 560 68 130 200 519 1166 447 2477 68 157 913 844 63 275 788 342 85 625 731 25 89 267 97 250
leaf_count=215 1824 191 69 1448 61 65 560 68 130 200 519 1166 447 2477 68 157 913 844 63 275 788 342 85 625 731 25 89 267 97 250
internal_value=8.76027 8.69767 8.89778 8.60351 8.86826 9.10522 8.65965 8.74697 8.88002 9.18677 8.50631 8.76547 8.76233 8.74819 9.35223 8.55805 8.8491 8.94821 8.81278 8.66713 8.64697 8.55437 8.54791 8.72849 8.81356 9.11638 8.70704 9.01878 9.13826 8.52332
internal_weight=15059 10348 4711 3556 4124 587 2254 6792 3978 459 1302 5514 5446 4268 137 717 2737 1241 128 1278 1063 783 146 3102 1178 322 1537 397 297 592
internal_count=15059 10348 4711 3556 4124 587 2254 6792 3978 459 1302 5514 5446 4268 137 717 2737 1241 128 1278 1063 783 146 3102 1178 322 1537 397 297 592
is_linear=0
shrinkage=1


Tree=1
num_leaves=31
num_cat=0
split_feature=1 10 1 2 2 4 1 13 13 10 10 4 5 11 2 4 2 2 9 2 2 0 5 0 10 1 10 0 2 10
split_gain=46811.4 23147.2 10985.4 6412.44 5236.61 4691.94 3050.15 2305.53 2208.85 2143.33 2053.46 1305.43 1190.75 1176.95 1172.53 1126.79 1031.05 1025.74 969.14 871.31 814.432 793.783 766.798 694.146 654.812 624.813 580.597 564.757 670.091 524.042
threshold=9.759999999999998 1575768.9500000002 14.691666666666665 35.82500000000001 19.975000000000005 21.290000000000003 7.2533333333333276 12.365 19.505000000000006 2438757.1500000004 433764.51000000007 3.3800000000000003 0.050645733779641482 0.5839534999999999 31.015000000000004 2.9899999999999998 61.585000000000008 18.245000000000001 24.259673500000002 13.245000000000003 81.450000000000017 34.500000000000007 0.068704915788677892 13.500000000000002 1690958.9000000001 11.363333333333335 1203109.5000000002 32.500000000000007 26.645000000000003 647165.40000000002
decision_type=2 2 2 2 2 2 2 2 2 2 2 2 2 2 2 2 2 2 2 2 2 2 2 2 2 2 2 2 2 2
left_child=1 6 5 17 8 7 14 15 -4 16 -6 19 21 22 -1 25 -5 -3 -11 23 -16 -9 -10 -8 -17 -2 -7 -21 -29 -13
right_child=2 3 4 9 10 26 11 12 13 18 -12 29 -14 -15 20 24 -18 -19 -20 27 -22 -23 -24 -25 -26 -27 -28 28 -30 -31
leaf_value=-0.034644929352874956 0.078780071503706778 -0.014130795866682611 0.32574403869007662 -0.16347833088395142 0.19831815404978434 -0.039957697317004208 0.051133014349261575 0.0044050049082922545 0.44434657386831333 -0.36570357824994143 -0.10569934108320417 -0.021359713279310962 0.23008843042394697 0.25045657062530519 -0.096523913983159612 0.045462236240113606 -0.27504284210824437 -0.12728725025188153 -0.23026100398729676 -0.0040112925628871376 -0.29957264272066264 0.15640739719005858 0.7231225545341905 0.20770674188793437 -0.15178606567735023 0.1328970366016072 -0.27754336517718103 0.095296193742348503 0.0098322706552711608 -0.091427178112763685
leaf_weight=1241 1320 277 382 525 243 36 307 121 37 468 72 1084 442 25 982 962 342 723 184 2397 52 296 74 92 44 895 90 360 632 354
leaf_count=1241 1320 277 382 525 243 36 307 121 37 468 72 1084 442 25 982 962 342 723 184 2397 52 296 74 92 44 895 90 360 632 354
internal_value=-0.000610129 -0.0631254 0.123701 -0.194264 0.28959 0.0908464 -0.0190862 0.100127 0.38735 -0.258991 0.128828 0.00195049 0.172909 0.560392 -0.0674104 0.0807167 -0.207486 -0.0959429 -0.327481 0.0173475 -0.106735 0.112301 0.630197 0.0872352 0.0368351 0.100647 -0.209662 0.00911937 0.0408474 -0.0386086
internal_weight=15059 10020 5039 2519 833 4206 7501 4080 518 1519 315 5226 859 136 2275 3221 867 1000 652 3788 1034 417 111 399 1006 2215 126 3389 992 1438
internal_count=15059 10020 5039 2519 833 4206 7501 4080 518 1519 315 5226 859 136 2275 3221 867 1000 652 3788 1034 417 111 399 1006 2215 126 3389 992 1438
is_linear=0
shrinkage=0.05


Tree=2
num_leaves=31
num_cat=0
split_feature=1 10 1 2 2 12 1 10 12 2 1 4 5 2 4 1 2 9 9 2 12 0 5 2 12 12 12 1 0 2
split_gain=42299.5 21657.9 9289.58 5884.67 4726.04 4581.66 2978.91 1915.81 1907.6 1796.44 1741.53 1287.22 1155.88 1058.21 1056.08 1025.29 939.425 923.892 915.05 849.586 748.484 748.463 736.04 735.025 721.394 659.824 645.85 612.177 566.987 677.222
threshold=9.9999999999999982 1575768.9500000002 14.691666666666665 35.82500000000001 19.975000000000005 639837.40000000002 7.2533333333333276 2438757.1500000004 96585.659000000116 12.455000000000002 12.410000000000002 3.3800000000000003 0.066028395045580529 31.015000000000004 2.9899999999999998 5.9399999999999951 59.740000000000002 24.259673500000002 24.259673500000002 13.245000000000003 -577399.24999999988 32.500000000000007 0.073072711758699352 81.450000000000017 424805.50000000012 -529507.54999999993 1788409.8500000003 1.5266666666666684 32.500000000000007 26.645000000000003
decision_type=2 2 2 2 2 2 2 2 2 2 2 2 2 2 2 2 2 2 2 2 2 2 2 2 2 2 2 2 2 2
left_child=1 6 5 15 9 10 13 16 -6 17 14 19 21 20 -2 -3 -5 -4 -9 25 -1 -12 -17 -15 -13 -8 -7 -22 -21 -30
right_child=2 3 4 7 8 26 11 18 -10 -11 12 24 -14 23 -16 22 -18 -19 -20 28 27 -23 -24 -25 -26 -27 -28 -29 29 -31
leaf_value=0.03788329333566675 0.10004657644200257 -0.15896672004212936 0.33013961453263357 -0.15329848284190906 0.18573464373627821 -0.13605691811428705 0.3651864638924599 -0.34755888030266585 -0.11660632327424758 0.31353202478410047 0.045815826196000373 -0.025222907859559003 0.27696118439401846 -0.091697718630283559 0.030769608891418478 -0.06973771887304786 -0.2581604776883108 0.61600070923239325 -0.21675000138142531 -0.0023440829872497684 -0.18570271480230638 0.15723790532919962 0.11539888064045523 -0.28459400345499697 -0.15345166300681712 0.071174088815370434 -0.40155599199492359 -0.042010566380228598 0.09253237780277615 0.010561584536732067
leaf_weight=287 1908 351 41 509 249 109 20 469 66 386 192 1401 166 982 773 596 368 91 187 2499 81 701 59 52 119 416 29 873 401 678
leaf_count=287 1908 351 41 509 249 109 20 469 66 386 192 1401 166 982 773 596 368 91 187 2499 81 701 59 52 119 416 29 873 401 678
internal_value=-0.000579623 -0.0571212 0.123617 -0.183979 0.275111 0.0910764 -0.015875 -0.245642 0.122387 0.367983 0.101516 0.00392528 0.155804 -0.0640399 0.0800723 -0.0900124 -0.1973 0.527211 -0.31027 0.0187645 -0.0329127 0.133282 -0.0530613 -0.101398 -0.0352619 0.0846609 -0.19185 -0.0542108 0.0107346 0.0410252
internal_weight=15059 10348 4711 2539 833 3878 7809 1533 315 518 3740 5534 1059 2275 2681 1006 877 132 656 4014 1241 893 655 1034 1520 436 138 954 3578 1079
internal_count=15059 10348 4711 2539 833 3878 7809 1533 315 518 3740 5534 1059 2275 2681 1006 877 132 656 4014 1241 893 655 1034 1520 436 138 954 3578 1079
is_linear=0
shrinkage=0.05


Tree=3
num_leaves=31
num_cat=0
split_feature=1 10 13 2 12 2 1 10 2 10 2 0 2 13 4 1 10 1 2 7 9 13 4 2 12 1 0 9 0 13
split_gain=38186 18851.7 9122.93 5172.02 4665.22 4390.52 2820.99 2681.83 1799.64 1716.4 1644.22 1082.19 1240.62 1046.35 1040.86 979.775 930.422 877.278 866.415 834.498 787.99 785.67 743.438 648.969 642.552 573.788 566.31 560.917 560.417 516.546
threshold=9.759999999999998 1588718.55 15.425000000000002 35.82500000000001 639837.40000000002 21.675000000000004 12.553333333333333 751049.05000000016 21.095000000000002 2438757.1500000004 12.455000000000002 19.500000000000004 25.035000000000004 19.505000000000006 3.1350000000000011 7.688333333333329 305284.20500000002 6.378333333333333 18.345000000000002 4.5000000000000009 24.259673500000002 6.5650000000000004 19.565000000000001 13.375000000000002 361771.55100000004 1.0416666666666663 19.500000000000004 23.645599500000007 29.500000000000004 11.515000000000002
decision_type=2 2 2 2 2 2 2 2 2 2 2 2 2 2 2 2 2 2 2 2 2 2 2 2 2 2 2 2 2 2
left_child=1 7 4 17 6 10 14 11 25 19 13 15 -13 -4 29 -1 -7 -3 28 -5 -11 26 -6 -19 27 -9 -10 -12 -8 -2
right_child=2 3 5 9 22 16 18 8 21 20 24 12 -14 -15 -16 -17 -18 23 -20 -21 -22 -23 -24 -25 -26 -27 -28 -29 -30 -31
leaf_value=-0.05048335323162767 0.075770797504604137 -0.14591699873244041 0.37699038364749027 -0.14910289763089177 -0.051831994194915333 0.15786624393753104 0.13598739926724931 -0.19547044614950815 -0.20722815337235195 -0.33004044754722689 0.24491274729678947 0.091774348110820872 0.0036376637331151825 0.6533598703496597 0.025076767903964875 0.0022075861213291573 -0.11091086683435399 0.12697793891032536 0.13204494417050269 -0.25090157601466551 -0.20791045415782086 -0.056480399605993138 -0.26844462503989541 -0.064697977217282099 0.063974840164184574 0.031075271104706093 -0.10872582870235895 0.38459720454983792 0.2628280711485379 0.13221264386995385
leaf_weight=1367 1635 387 69 529 69 74 129 30 199 468 121 564 1367 68 871 2488 57 48 844 325 184 556 93 552 25 409 547 177 268 539
leaf_count=1367 1635 387 69 529 69 74 129 30 199 468 121 564 1367 68 871 2488 57 48 844 325 184 556 93 552 25 409 547 177 268 539
internal_value=-0.000550642 -0.0570135 0.111725 -0.176182 0.0872019 0.296292 0.0971572 -0.017544 -0.0719522 -0.234484 0.369018 -0.00117263 0.0293803 0.514166 0.071261 -0.0164769 0.0409174 -0.0872221 0.160698 -0.187844 -0.295574 -0.10147 -0.176184 -0.0493639 0.307454 0.0155938 -0.135002 0.32788 0.221613 0.0897644
internal_weight=15059 10020 5039 2493 4448 591 4286 7527 1741 1506 460 5786 1931 137 3045 3855 131 987 1241 854 652 1302 162 600 323 439 746 298 397 2174
internal_count=15059 10020 5039 2493 4448 591 4286 7527 1741 1506 460 5786 1931 137 3045 3855 131 987 1241 854 652 1302 162 600 323 439 746 298 397 2174
is_linear=0
shrinkage=0.05


Tree=4
num_leaves=31
num_cat=0
split_feature=1 10 13 2 12 2 2 1 10 10 2 0 2 2 13 10 4 1 5 1 9 0 12 1 0 4 2 12 2 9
split_gain=34507.5 17632.7 7894.07 4799.24 4213.95 3854.01 2510.62 2242.08 1857.45 1582.13 1478.89 1423.34 1134.33 945.322 944.332 871.14 861.391 848.807 806.853 708.32 702.126 682.579 666.422 648.205 625.826 621.151 619.314 581.895 546.498 522.243
threshold=9.9999999999999982 1575768.9500000002 15.425000000000002 35.82500000000001 639837.40000000002 21.675000000000004 30.615000000000006 12.553333333333333 656615.42500000016 2494360.6500000004 12.455000000000002 32.500000000000007 14.365 61.585000000000008 19.505000000000006 1129308.4500000004 2.0849999999999995 5.1766666666666676 0.041692724693114691 7.5200000000000022 24.259673500000002 19.500000000000004 -1411799.8499999999 6.6916666666666638 29.500000000000004 19.565000000000001 18.245000000000001 339171.90000000014 16.505000000000006 23.645599500000007
decision_type=2 2 2 2 2 2 2 2 2 2 2 2 2 2 2 2 2 2 2 2 2 2 2 2 2 2 2 2 2 2
left_child=1 6 4 17 7 10 11 16 -8 13 14 12 -1 -5 -4 -7 -2 -3 -9 22 -11 -10 23 -14 -20 -6 -19 29 -13 -12
right_child=2 3 5 9 25 15 8 18 21 20 27 28 19 -15 -16 -17 -18 26 24 -21 -22 -23 -24 -25 -26 -27 -28 -29 -30 -31
leaf_value=0.048666139492746147 0.093429611028798418 -0.15131944292340591 0.35814086708469667 -0.13863823006407974 -0.05484701842069626 0.12694511668903105 -0.023244328599441543 0.098930515667269431 -0.17447269723429162 -0.31862451764352756 0.23282092080761987 0.16395322984810604 0.0033895491633886173 -0.24187445829532322 0.62069188075907089 -0.15644951361494186 0.035530455116458352 0.015347220250912822 0.10265626929580206 -0.0010260110090105068 -0.20108738824518191 -0.08154802028140104 -0.060901458290492184 0.29924027969439826 0.2074653172154764 -0.26395498443175763 -0.084205888146138261 0.074522199135805878 0.048593950693484891 0.36840690573056545
leaf_weight=778 1707 302 69 549 61 89 1879 447 281 432 120 118 81 372 68 39 1030 234 186 2106 180 666 1086 24 608 85 470 28 790 174
leaf_count=778 1707 302 69 549 61 89 1879 447 281 432 120 118 81 372 68 39 1030 234 186 2106 180 666 1086 24 608 85 470 28 790 174
internal_value=-0.00052311 -0.0515921 0.111653 -0.166056 0.0872342 0.283208 -0.0143756 0.096917 -0.0520219 -0.221742 0.350864 0.00697462 -0.00563955 -0.180336 0.488458 0.0405983 0.0716407 -0.0811968 0.152663 -0.0184542 -0.284055 -0.109121 -0.0492718 0.0710126 0.182913 -0.176588 -0.0511158 0.292323 0.0635856 0.313066
internal_weight=15059 10348 4711 2539 4124 587 7809 3978 2826 1533 459 4983 4075 921 137 128 2737 1006 1241 3297 612 947 1191 105 794 146 704 322 908 294
internal_count=15059 10348 4711 2539 4124 587 7809 3978 2826 1533 459 4983 4075 921 137 128 2737 1006 1241 3297 612 947 1191 105 794 146 704 322 908 294
is_linear=0
shrinkage=0.05


Tree=5
num_leaves=31
num_cat=0
split_feature=1 10 13 5 12 2 2 1 10 0 5 2 2 10 2 5 13 5 1 0 2 12 0 0 0 5 10 10 0 5
split_gain=32014.5 17482.9 7564.58 4843.72 3438.01 3162.86 2919.59 1963.45 1784.15 1495.43 1344.3 1294.56 1212.73 1089.27 987.529 854.562 763.494 716.231 680.338 625.291 608.64 600.866 579.045 551.718 536.151 532.931 516.15 503.7 502.17 547.432
threshold=10.419999999999993 1661661.1000000003 16.190000000000005 0.030134096506478757 639837.40000000002 21.675000000000004 30.205000000000002 12.924999999999999 571668.68000000017 32.500000000000007 0.085142622059514478 13.245000000000003 62.400000000000006 3000271.9000000004 24.875000000000004 0.041467966059375388 20.555000000000003 0.010822511212426259 7.4266666666666685 29.500000000000004 18.345000000000002 -1411799.8499999999 23.500000000000004 32.500000000000007 32.500000000000007 0.058190283762725468 2272686.2500000005 1129308.4500000004 31.500000000000004 0.066028395045580529
decision_type=2 2 2 2 2 2 2 2 2 2 2 2 2 2 2 2 2 2 2 2 2 2 2 2 2 2 2 2 2 2
left_child=1 6 4 12 7 10 9 15 -8 11 19 -1 13 -3 28 24 -12 -10 21 -4 -5 -13 -19 -17 -2 -11 -14 -7 -9 -30
right_child=2 3 5 20 -6 27 8 14 17 25 16 18 26 -15 -16 23 -18 22 -20 -21 -22 -23 -24 -25 -26 -27 -28 -29 29 -31
leaf_value=0.069232097674665871 -0.024594169389456511 -0.15691843923753793 0.14073465220306233 -0.010547743920236826 -0.16054131030286956 0.10225144301851591 -0.020590736003916602 0.11269845124668705 -0.28570403619384277 0.050219682305786106 0.4089143467446168 0.066623546779155732 -0.21716360150246447 -0.29625337790697814 0.090012236537164475 0.079710357003170348 0.684129612218766 -0.1233427124997538 0.0016993424609542858 0.34231652783586625 -0.098886752082620155 -0.056317309501068891 -0.051266422337767549 0.14403776226020101 0.062415978013068078 0.1500189156499955 -0.31128906556015962 -0.17452341026067736 0.18972963327927705 0.31882056435760187
leaf_weight=561 239 802 46 300 128 48 1959 167 49 843 63 110 251 170 369 1008 42 610 2665 235 557 1030 513 498 683 159 347 25 507 98
leaf_count=561 239 802 46 300 128 48 1959 167 49 843 63 110 251 170 369 1008 42 610 2665 235 557 1030 513 498 683 159 347 25 507 98
internal_value=-0.000282885 -0.0452113 0.117833 -0.163569 0.0940639 0.309277 -0.0114128 0.103195 -0.0497846 0.0109683 0.366356 -0.00167437 -0.215756 -0.181288 0.157294 0.0777722 0.519 -0.0985821 -0.0121286 0.309317 -0.0679629 -0.0444546 -0.0904174 0.100982 0.0398613 0.0660561 -0.271782 0.00746553 0.189453 0.21064
internal_weight=15082 10926 4156 2427 3697 459 8499 3569 3131 5368 386 4366 1570 972 1141 2428 105 1172 3805 281 857 1140 1123 1506 922 1002 598 73 772 605
internal_count=15082 10926 4156 2427 3697 459 8499 3569 3131 5368 386 4366 1570 972 1141 2428 105 1172 3805 281 857 1140 1123 1506 922 1002 598 73 772 605
is_linear=0
shrinkage=0.05


Tree=6
num_leaves=31
num_cat=0
split_feature=1 10 13 5 12 2 1 1 2 2 2 5 13 0 10 0 12 10 2 5 12 0 7 12 5 1 2 10 0 7
split_gain=28893.1 15778.3 6827.03 4371.46 3102.81 2854.48 2729.33 1780.21 1369.04 1217.9 1094.49 1042.15 1023.79 993.189 983.07 884.237 1069.96 860.776 859.102 642.092 627.725 621.666 577.328 572.217 559.389 480.635 468.733 465.826 464.953 459.551
threshold=10.419999999999993 1661661.1000000003 16.190000000000005 0.030134096506478757 639837.40000000002 21.675000000000004 7.2333333333333334 12.410000000000002 13.245000000000003 12.455000000000002 62.400000000000006 0.054659744194175526 19.505000000000006 12.500000000000002 3000271.9000000004 32.500000000000007 11350.309999999985 918382.87000000011 29.375000000000004 0.041467966059375388 -340214.55999999988 34.500000000000007 1.0000000180025095e-35 -1206904.2799999998 0.049640109802104697 7.7283333333333291 36.895000000000003 2272686.2500000005 29.500000000000004 4.5000000000000009
decision_type=2 2 2 2 2 2 2 2 2 2 2 2 2 2 2 2 2 2 2 2 2 2 2 2 2 2 2 2 2 2
left_child=1 6 4 10 7 9 17 19 13 12 14 21 -4 -8 -3 16 23 20 -17 -2 29 -9 -13 -10 -5 -26 -6 -12 -11 -1
right_child=2 3 5 24 26 -7 8 11 15 28 27 22 -14 -15 -16 18 -18 -19 -20 -21 -22 -23 -24 -25 25 -27 -28 -29 -30 -31
leaf_value=0.059192391677353268 0.033221263228989037 -0.14907251748960684 0.32024986566002694 -0.10079089582642223 -0.034946579745441096 0.0070922574819359055 0.040501097457030649 0.035576675591351983 0.19594856955938869 0.12378318279981614 -0.20630542206247729 0.39101997178954051 0.58753445086541112 0.19467307965011418 -0.28144070563509183 0.070436196216602118 -0.073121347538890658 -0.096263225597054219 -0.00035501510421468411 0.090104856386745591 -0.052786132559042132 0.1322003798323422 0.18535904254157581 -0.0044990360144107006 -0.052012928740049785 0.077284799777650431 -0.23038374161009087 -0.29572461715437098 0.31036803814591751 -0.063184038700040329
leaf_weight=259 793 802 67 475 51 73 361 213 36 40 251 37 77 147 170 728 637 876 1042 1325 1067 762 439 3237 286 96 77 347 202 109
leaf_count=259 793 802 67 475 51 73 361 213 36 40 251 37 77 147 170 728 637 876 1042 1325 1067 762 439 3237 286 96 77 347 202 109
internal_value=-0.000268741 -0.0429508 0.111941 -0.15539 0.0893607 0.293813 -0.0108422 0.0980354 0.00647349 0.348038 -0.204968 0.140699 0.463173 0.0851139 -0.172223 -0.000559842 -0.0138331 -0.0572071 0.0287614 0.0688071 -0.0333652 0.111092 0.201345 -0.0022943 -0.0645648 -0.0195193 -0.152514 -0.258192 0.279528 0.022945
internal_weight=15082 10926 4156 2427 3697 459 8499 3569 6188 386 1570 1451 144 508 972 5680 3910 2311 1770 2118 1435 975 476 3273 857 382 128 598 242 368
internal_count=15082 10926 4156 2427 3697 459 8499 3569 6188 386 1570 1451 144 508 972 5680 3910 2311 1770 2118 1435 975 476 3273 857 382 128 598 242 368
is_linear=0
shrinkage=0.05


Tree=7
num_leaves=31
num_cat=0
split_feature=1 10 1 12 5 5 13 10 13 10 10 5 5 5 9 0 5 13 5 5 0 5 4 0 1 5 9 1 0 0
split_gain=26164.1 11445.9 7819.25 3755.62 3499.65 3484.06 1995.34 1751.96 1679.56 1249.97 991.482 939.54 899.348 794.922 706.806 692.273 906.444 708.381 684.701 671.042 568.386 530.239 516.781 482.941 462.161 453.862 446.375 445.457 420.617 411.691
threshold=9.1783333333333328 1661661.1000000003 13.948333333333334 639837.40000000002 0.030134096506478757 0.050415932096204645 18.715000000000003 835586.60000000009 11.575000000000001 825643.65000000002 2627191.5000000005 0.055540128940711649 0.042167404692593037 0.079649548303599396 28.052505500000006 21.500000000000004 0.040040040041644791 7.205000000000001 0.016187778071441946 0.033161996164183485 34.500000000000007 0.085142622059514478 21.290000000000003 24.500000000000004 2.209999999999996 0.010822511212426259 23.792175000000004 0.011666666666660748 32.500000000000007 28.500000000000004
decision_type=2 2 2 2 2 2 2 2 2 2 2 2 2 2 2 2 2 2 2 2 2 2 2 2 2 2 2 2 2 2
left_child=1 7 3 8 10 9 -7 15 19 26 18 20 25 -8 -12 17 -17 -1 -3 23 -10 -19 -5 -2 -14 -9 -4 -6 -21 -13
right_child=2 4 5 22 27 6 13 12 11 -11 14 29 24 -15 -16 16 -18 21 -20 28 -22 -23 -24 -25 -26 -27 -28 -29 -30 -31
leaf_value=-0.042083177632866453 -0.058275508812452442 -0.21609093329012918 0.091778391343990934 -0.068660464676117514 -0.19668271048304936 0.2230710392427625 0.32004161645536838 -0.25101539501033371 0.011807966257815493 -0.10157754419183831 -0.28418292812529111 0.12482640515221671 -0.17103491663932802 0.53345343104328025 -0.15120584673331636 -0.0029764250728387814 0.078881885285605191 -0.0021168844843495425 -0.13026995897820515 0.043855695860171337 0.10917285928684042 0.15557625591754914 -0.22939777575466819 0.029079414256545373 0.0064783866062167704 -0.08360572469915005 0.20039765199758863 -0.055036672147691749 0.086237426701436345 0.21887424389190147
leaf_weight=1740 214 391 259 91 60 463 92 42 219 67 393 241 40 83 134 1233 466 1732 573 1741 475 55 111 607 440 1123 149 741 882 225
leaf_count=1740 214 391 259 91 60 463 92 42 219 67 393 241 40 83 134 1233 466 1732 573 1741 475 55 111 607 440 1123 149 741 882 225
internal_value=-0.000255303 -0.0531849 0.0816832 0.0540275 -0.149941 0.201102 0.277433 -0.0209094 0.0632857 0.0985772 -0.195226 0.115321 -0.0659105 0.42126 -0.250371 -0.00674425 0.0194756 -0.0193747 -0.165079 0.0457591 0.0784482 0.00273657 -0.156986 0.00630968 -0.00831439 -0.0896411 0.131446 -0.0656469 0.0581068 0.170236
internal_weight=15082 9163 5919 4806 2292 1113 638 6871 4604 475 1491 1160 1645 175 527 5226 1699 3527 964 3444 694 1787 202 821 480 1165 408 801 2623 466
internal_count=15082 9163 5919 4806 2292 1113 638 6871 4604 475 1491 1160 1645 175 527 5226 1699 3527 964 3444 694 1787 202 821 480 1165 408 801 2623 466
is_linear=0
shrinkage=0.05


Tree=8
num_leaves=31
num_cat=0
split_feature=10 13 2 13 14 5 10 13 9 9 5 0 2 0 0 7 12 13 2 2 5 0 0 9 2 5 12 11 2 0
split_gain=23532.7 12169.8 7755.61 3781.74 2733.24 2689.92 2179.24 1416.75 1367.16 1288.31 1268.35 938.686 872.275 1086.39 768.084 755.438 686.678 651.534 612.984 600.883 577.156 552.858 519.045 496.109 449.014 447.477 421.841 408.425 375.985 370.594
threshold=1081997.2500000002 11.575000000000001 29.745000000000001 18.715000000000003 11.675000000000002 0.076775437281092943 2073702.5000000002 9.7250000000000032 24.036941500000005 24.259673500000002 0.050645733779641482 32.500000000000007 14.465000000000002 32.500000000000007 30.500000000000004 4.5000000000000009 101033.34999999999 3.1700000000000004 28.955000000000002 12.455000000000002 0.051085569050207454 35.500000000000007 17.500000000000004 21.061279000000003 54.600000000000009 0.013402130819383462 -1206904.2799999998 -1.603088499999999 12.865 12.500000000000002
decision_type=2 2 2 2 2 2 2 2 2 2 2 2 2 2 2 2 2 2 2 2 2 2 2 2 2 2 2 2 2 2
left_child=1 4 5 10 7 14 15 12 17 -5 21 27 29 16 26 -4 25 -8 -15 -11 -16 -3 -12 -6 -17 -14 -2 -7 -24 -1
right_child=2 3 6 9 23 11 8 -9 -10 19 22 -13 13 18 20 24 -18 -19 -20 -21 -22 -23 28 -25 -26 -27 -28 -29 -30 -31
leaf_value=0.024753017170431296 0.1304216693187582 0.022160422575377328 -0.083641897387693107 0.091881498793760952 0.081598714855791524 0.29490148368335906 -0.26745594453405969 0.053483460067841382 -0.11981208250374581 0.57693172295888262 0.12532085718311745 0.37130135684749305 -0.16486103322868254 0.055628177792248226 -0.026178851418989416 -0.12268461853287399 -0.1032729187677334 -0.17461277155239946 -6.3131943593323068e-05 0.3596334242158466 0.098735915372769045 0.11324645242868708 0.3052968777164265 0.17781275873479649 -0.21944162341439158 -0.015804690187835407 -0.063117339630940489 0.044295388729208046 0.18821877120958613 0.097907511343736764
leaf_weight=596 29 224 859 30 319 21 590 1377 343 57 318 49 51 802 221 304 249 278 1287 72 159 650 81 231 198 3958 966 72 447 244
leaf_count=596 29 224 859 30 319 21 590 1377 343 57 318 49 51 802 221 304 249 278 1287 72 159 650 81 231 198 3958 966 72 447 244
internal_value=-0.000242538 0.0378489 -0.102649 0.153712 0.0139619 -0.0129859 -0.155533 0.00702285 -0.204324 0.387014 0.132145 0.194197 -0.00187882 -0.00821574 -0.0343823 -0.112119 -0.022705 -0.23772 0.0213176 0.455649 0.0260881 0.0899017 0.175786 0.122009 -0.160848 -0.0177009 -0.0574765 0.100884 0.20618 0.0460027
internal_weight=15082 10993 4089 1879 9114 1517 2572 8564 1211 159 1720 142 7187 6347 1375 1361 4258 868 2089 129 380 874 846 550 502 4009 995 93 528 840
internal_count=15082 10993 4089 1879 9114 1517 2572 8564 1211 159 1720 142 7187 6347 1375 1361 4258 868 2089 129 380 874 846 550 502 4009 995 93 528 840
is_linear=0
shrinkage=0.05


Tree=9
num_leaves=31
num_cat=0
split_feature=10 13 5 13 14 5 10 13 5 9 9 10 7 0 0 2 13 5 9 2 9 5 14 12 13 0 5 0 12 4
split_gain=21247.3 11602 6413.7 3665.76 2639.48 2517.1 1745.96 1502.3 1250.89 1182.51 1095.17 928.096 835.708 668.148 660.479 841.662 651.69 650.678 562.125 519.636 514.141 503.805 493.35 474.974 429.425 382.845 357.273 577.929 346.351 345.704
threshold=1203109.5000000002 11.575000000000001 0.033687047151200293 18.715000000000003 10.985000000000001 0.08322930419880091 2272686.2500000005 9.7250000000000032 0.041937513190663044 24.259673500000002 24.152404500000006 835586.60000000009 4.5000000000000009 30.500000000000004 21.500000000000004 25.035000000000004 13.995000000000003 0.072020169798518899 26.979736000000003 12.455000000000002 27.960282000000003 0.051085569050207454 4.8750000000000009 62097.796999999984 0.015000000000000001 21.500000000000004 0.063031833362335796 30.500000000000004 -630803.41149999981 12.404999999999999
decision_type=2 2 2 2 2 2 2 2 2 2 2 2 2 2 2 2 2 2 2 2 2 2 2 2 2 2 2 2 2 2
left_child=1 4 6 8 7 13 12 11 -3 -5 24 14 25 -4 17 -16 -10 23 29 -11 -7 -15 -14 -1 -8 -2 27 -18 -27 -6
right_child=2 3 5 9 18 20 10 -9 16 19 -12 -13 22 21 15 -17 26 -19 -20 -21 -22 -23 -24 -25 -26 28 -28 -29 -30 -31
leaf_value=-0.014980079166386044 -0.14000041357485457 0.061577002919877014 -0.053437573315007959 0.087287423536181463 0.090130731647939985 0.14461321019464068 -0.27539781088374021 0.050549022121359949 0.11928516662218898 0.544007869164149 -0.12240932808724947 -0.05905956434334151 -0.22319634448539977 -0.027590841356705611 0.072147703156932905 0.0031633306332423949 -0.015629509162335169 0.039855966377662803 0.19140533910029467 0.34659286586443588 0.41573824531891773 0.094918199693483696 -0.12663474228991084 -0.097173849215126937 -0.19443631708838863 0.055267795811064738 0.23729137886899065 0.18400185313427225 -0.07915192468978012 -0.043061047637799998
leaf_weight=3521 262 542 935 30 603 36 373 1395 659 60 283 743 227 183 608 1621 42 536 135 75 34 155 317 185 292 52 249 265 611 53
leaf_count=3521 262 542 935 30 603 36 373 1395 659 60 283 743 227 183 608 1621 42 536 135 75 34 155 317 185 292 52 249 265 611 53
internal_value=-0.000230412 0.0339694 -0.103212 0.145904 0.0110825 -0.0156067 -0.15189 0.00305134 0.124743 0.371234 -0.20479 -0.00613348 -0.117751 -0.0316582 -5.65076e-05 0.0219801 0.152921 -0.0116358 0.0984909 0.434333 0.276303 0.0285893 -0.166928 -0.0190831 -0.239848 -0.0888303 0.192787 0.156691 -0.0686092 0.0793698
internal_weight=15082 11322 3760 1922 9400 1343 2417 8609 1757 165 948 7214 1469 1273 6471 2229 1215 4242 791 135 70 338 544 3706 665 925 556 307 663 656
internal_count=15082 11322 3760 1922 9400 1343 2417 8609 1757 165 948 7214 1469 1273 6471 2229 1215 4242 791 135 70 338 544 3706 665 925 556 307 663 656
is_linear=0
shrinkage=0.05


Tree=10
num_leaves=31
num_cat=0
split_feature=1 10 1 4 5 1 2 0 5 0 2 5 10 13 0 0 0 2 10 13 7 3 2 11 1 5 7 11 2 10
split_gain=20053.8 8377.49 5919.68 2509.1 2423.02 2216.21 2186.9 1279.57 1231.74 1152.74 1059.3 956.789 941.61 765.764 730.038 723.187 667.585 602.686 579.509 526.976 503.099 434.772 428.903 423.132 423.106 416.51 404.179 506.237 393.823 375.222
threshold=9.1783333333333328 1897873.1500000001 13.948333333333334 20.420000000000005 0.068282693634718283 6.4799999999999995 55.440000000000005 32.500000000000007 0.039785160126767957 27.500000000000004 25.335000000000004 0.067773639244866304 3060716.0000000005 20.555000000000003 34.500000000000007 20.500000000000004 33.500000000000007 28.955000000000002 930513.42500000016 0.015000000000000001 1.0000000180025095e-35 56.910000000000004 11.975000000000003 -1.5672607500000006 18.698333333333334 0.049640109802104697 4.5000000000000009 4.2208102500000013 12.865 1971205.5000000002
decision_type=2 2 2 2 2 2 2 2 2 2 2 2 2 2 2 2 2 2 2 2 2 2 2 2 2 2 2 2 2 2
left_child=1 5 3 8 7 18 12 -4 14 28 15 -11 25 -6 29 -7 26 24 -1 23 -13 22 -17 -20 -9 -3 27 -12 -10 -2
right_child=2 6 4 -5 13 10 -8 17 9 11 16 20 -14 -15 -16 21 -18 -19 19 -21 -22 -23 -24 -25 -26 -27 -28 -29 -30 -31
leaf_value=-0.043659864523224845 -0.014555661123984457 -0.10217529454341086 0.0091443400903988403 -0.15222820472641807 0.25632892793818424 -0.0028931720171943651 -0.21528426826581223 0.16747276610912956 0.093816859848148595 0.093622204160651284 -0.036951951890464095 0.39999512957804129 -0.21348362023263801 0.45293582659214737 0.041811359893958323 0.22343699652137181 0.00013421653619642246 0.057299918437426073 -0.031667110591285651 -0.067825031021139223 0.18013345902043632 0.2835268967598677 0.039003329143418919 -0.17452843696279807 0.29887004920414517 -0.028663635416797107 -0.082649744122424235 0.21661015713587403 0.036828685477775562 -0.15019945067010429
leaf_weight=605 483 770 170 153 219 2282 654 491 379 1013 1248 33 162 64 1129 33 1097 113 62 382 123 20 704 316 70 257 604 20 1515 57
leaf_count=605 483 770 170 153 219 2282 654 491 379 1013 1248 33 162 64 1129 33 1097 113 62 382 123 20 704 316 70 257 604 20 1515 57
internal_value=-0.00015387 -0.046497 0.0708871 0.0470563 0.174182 -0.0226631 -0.141846 0.131729 0.0534998 0.0723303 -0.0095967 0.111373 -0.101452 0.300791 0.0189414 0.011155 -0.0308377 0.162648 -0.0801742 -0.109241 0.226643 0.0535037 0.0472616 -0.151096 0.183868 -0.0837795 -0.0489873 -0.0329525 0.0482323 -0.0288736
internal_weight=15228 9216 6012 4885 1127 7373 1843 844 4732 3063 6008 1169 1189 283 1669 3039 2969 674 1365 760 156 757 737 378 561 1027 1872 1268 1894 540
internal_count=15228 9216 6012 4885 1127 7373 1843 844 4732 3063 6008 1169 1189 283 1669 3039 2969 674 1365 760 156 757 737 378 561 1027 1872 1268 1894 540
is_linear=0
shrinkage=0.05


Tree=11
num_leaves=31
num_cat=0
split_feature=1 10 2 2 13 0 1 1 10 7 12 10 0 2 12 13 5 5 13 13 13 2 2 12 11 11 3 12 0 12
split_gain=18228.9 10373.2 3763.58 3403.12 2433 1761.85 1357.93 1354.83 1309.69 908.845 805.623 802.129 799.905 722.494 707.914 631.682 567.458 543.258 528.831 502.843 494.24 476.26 466.518 456.412 460.894 410.491 386.623 356.685 333.414 331.058
threshold=11.055000000000001 1092313.5500000003 44.215000000000011 18.245000000000001 16.865000000000006 33.500000000000007 8.4849999999999977 5.1766666666666676 2494360.6500000004 4.5000000000000009 447274.04999999999 74044.12000000001 30.500000000000004 14.365 81254.800000000061 20.005000000000006 0.041692724693114691 0.012012733396539263 10.435 0.015000000000000001 6.5650000000000004 32.865000000000002 12.135000000000003 -353322.02999999985 -2.0301514999999983 -2.2804869999999995 58.025000000000006 -1135356.0999999999 12.500000000000002 1346491.5300000005
decision_type=2 2 2 2 2 2 2 2 2 2 2 2 2 2 2 2 2 2 2 2 2 2 2 2 2 2 2 2 2 2
left_child=1 6 7 4 12 11 13 19 9 -4 15 -5 -2 28 22 -6 -7 -15 -8 25 -19 -13 -9 24 -22 -3 -11 -24 -1 -16
right_child=3 2 8 5 10 16 18 14 -10 26 -12 21 -14 17 29 -17 -18 20 -20 -21 23 -23 27 -25 -26 -27 -28 -29 -30 -31
leaf_value=0.0065371095047642783 0.085229066513121537 -0.0032135875218293887 -0.086018621128136005 0.051427915286562965 0.25616736990460276 0.06576434363229168 0.014877157890651896 0.16104904392734171 -0.22513788171171789 -0.1486965019655738 0.001306798512285406 -0.018501565363275945 0.17473494277228829 -0.21887889088796719 -0.064452300351709124 0.41278491472968692 0.12852788487204175 -0.041800585729272477 0.061121671466045517 -0.078369803414115632 0.18507868806863656 -0.14702805601256461 0.16925996989011766 -0.012828439122393467 0.017633209295953949 -0.19075058225971012 -0.25119551782212829 -0.018571988291931536 0.10329781906252884 -0.21645352732586232
leaf_weight=192 511 33 584 276 169 867 3010 40 503 276 22 196 488 35 625 104 616 1656 778 330 58 114 26 2078 141 252 138 906 166 38
leaf_count=192 511 33 584 276 169 867 3010 40 503 276 22 196 488 35 625 104 616 1656 778 330 58 114 26 2078 141 252 138 906 166 38
internal_value=-0.000146177 -0.0292707 -0.0980307 0.102608 0.166208 0.0628311 0.00251618 -0.0571238 -0.15935 -0.126192 0.292375 -0.0105689 0.128952 -0.0166243 -0.0333281 0.315831 0.0918347 -0.0227619 0.0243751 -0.120386 -0.0210166 -0.0657661 -0.00615586 -0.00590103 0.0664364 -0.169036 -0.182863 -0.013332 0.0514038 -0.0731643
internal_weight=15228 11865 3751 3363 1294 2069 8114 2250 1501 998 295 586 999 4326 1635 273 1483 3968 3788 615 3933 310 972 2277 199 285 414 932 358 663
internal_count=15228 11865 3751 3363 1294 2069 8114 2250 1501 998 295 586 999 4326 1635 273 1483 3968 3788 615 3933 310 972 2277 199 285 414 932 358 663
is_linear=0
shrinkage=0.05


Tree=12
num_leaves=31
num_cat=0
split_feature=1 10 2 2 13 0 1 1 2 10 4 12 0 10 13 12 14 13 5 13 2 14 12 12 10 2 2 12 4 9
split_gain=16451.6 9361.78 3405.62 3071.31 2195.78 1598.9 1415.42 1265.4 939.535 869.168 819.494 728.165 721.914 692.984 618.026 580.654 576.102 559.169 533.981 480.565 406.034 403.659 365.985 355.856 353.97 347.314 324.579 322.259 316.084 311.63
threshold=11.055000000000001 1092313.5500000003 55.440000000000005 18.245000000000001 16.865000000000006 32.500000000000007 6.378333333333333 7.4149999999999947 22.835000000000004 414242.26000000007 3.040000000000004 424805.50000000012 30.500000000000004 2335045.2000000007 5.0050000000000008 -608325.52499999991 1.0000000180025095e-35 20.005000000000006 0.041692724693114691 10.395000000000001 35.305000000000007 10.985000000000001 -251831.64999999988 101033.34999999999 2494360.6500000004 11.975000000000003 14.165000000000001 -353322.02999999985 -0.77500000000000024 7.4034270000000015
decision_type=2 2 2 2 2 2 2 2 2 2 2 2 2 2 2 2 2 2 2 2 2 2 2 2 2 2 2 2 2 2
left_child=1 7 6 4 12 9 14 20 25 -5 19 17 -2 16 15 -3 -4 -6 -7 21 22 27 -1 -16 -10 -8 -14 -9 -19 -29
right_child=3 2 13 5 11 18 8 10 24 -11 -12 -13 26 -15 23 -17 -18 28 -20 -21 -22 -23 -24 -25 -26 -27 -28 29 -30 -31
leaf_value=0.024986509706273124 0.08096761343860133 -0.031462818850678476 -0.084603373016453473 0.036689275531098249 0.24445560692173773 0.061155824896724977 0.16289258542625856 0.086032840809383934 -0.051587782799861162 -0.091937213069889875 -0.0159391211559782 0.013787377998232842 0.23820537134247313 -0.22081624689347606 -0.02160534958694146 -0.15649204527550603 -0.18535404810426784 0.51721892567241889 0.1213563381069446 0.061606852889906319 -0.064954419149609935 0.10931386364095018 -0.03319142828494908 -0.13240506005934619 -0.12692256671420873 0.0029448516746593441 0.14296996223765451 0.048273614131752594 0.33139579994337898 0.0052432172667468266
leaf_weight=378 511 110 276 340 167 883 36 151 891 214 1700 24 118 425 239 596 292 34 632 742 646 116 949 104 189 593 370 491 70 2941
leaf_count=378 511 110 276 340 167 883 36 151 891 214 1700 24 118 425 239 596 292 34 632 742 646 116 949 104 189 593 370 491 70 2941
internal_value=-0.000138868 -0.0278072 -0.0931291 0.0974776 0.157898 0.0596895 -0.0645419 0.00239037 -0.036479 -0.0129968 0.0135824 0.277756 0.122504 -0.172529 -0.110261 -0.137012 -0.136398 0.301134 0.0862692 0.0248832 -0.0324452 0.0175166 -0.0166193 -0.0552006 -0.0647714 0.0120993 0.165998 0.0145447 0.392146 0.0113994
internal_weight=15228 11865 3751 3363 1294 2069 2758 8114 1709 554 6141 295 999 993 1049 706 568 271 1515 4441 1973 3699 1327 343 1080 629 488 3583 104 3432
internal_count=15228 11865 3751 3363 1294 2069 2758 8114 1709 554 6141 295 999 993 1049 706 568 271 1515 4441 1973 3699 1327 343 1080 629 488 3583 104 3432
is_linear=0
shrinkage=0.05


Tree=13
num_leaves=31
num_cat=0
split_feature=1 10 1 2 1 2 5 10 13 2 10 2 0 0 10 10 2 13 0 13 2 0 0 4 2 0 4 2 5 9
split_gain=14909.6 6240.1 4513.34 2111.16 1695.27 1642.2 1562.15 1314.43 1070.17 835.533 782.951 764.04 642.169 562.698 538.619 507.37 492.195 485.237 473.188 468.418 382.468 380.223 375.995 348.005 405.709 342.363 328.995 350.431 312.531 307.194
threshold=9.1783333333333328 1897873.1500000001 14.691666666666665 30.205000000000002 6.4799999999999995 55.440000000000005 0.068282693634718283 1680670.4500000002 11.575000000000001 25.035000000000004 3154311.3500000006 30.205000000000002 20.500000000000004 31.500000000000004 526275.87000000011 132327.43000000002 12.865 1.0000000180025095e-35 25.500000000000004 19.505000000000006 54.600000000000009 25.500000000000004 31.500000000000004 -9.9349999999999969 12.595000000000001 23.500000000000004 -33.960000000000001 17.205000000000002 0.049640109802104697 19.247925000000006
decision_type=2 2 2 2 2 2 2 2 2 2 2 2 2 2 2 2 2 2 2 2 2 2 2 2 2 2 2 2 2 2
left_child=1 4 3 8 17 10 11 18 -2 12 28 22 23 -8 -11 -13 -10 20 -5 -15 -1 -19 -4 24 -6 -16 -14 -28 -3 -7
right_child=2 5 6 7 9 29 13 -9 16 14 -12 15 26 19 25 -17 -18 21 -20 -21 -22 -23 -24 -25 -26 -27 27 -29 -30 -31
leaf_value=-0.082565859309534695 0.044006724689244811 -0.089406147798912899 0.041678511529271288 -0.050552132479204072 0.26922341712883541 -0.21000305467533431 0.13504965728414911 -0.14857951129710525 0.18023773976518009 -0.012005166343114463 -0.2101934277261488 0.08832171927604901 0.2510161620751023 0.24509876818883988 -0.086844173426946891 -0.12979814349895433 0.087689565130552927 -0.073490760718280812 0.026049610651018851 0.40350901470297862 -0.18148128787514325 -0.0055626099034031826 0.1690998417152608 -0.0086692684987947043 0.03627492554595365 -0.027737216134654814 0.094341611450177776 0.020624339206013947 -0.026743823088084658 -0.13705501691156693
leaf_weight=361 2768 808 67 274 21 439 56 159 167 2039 117 73 20 105 487 42 1028 535 763 84 134 335 426 2056 170 493 243 479 264 215
leaf_count=361 2768 808 67 274 21 439 56 159 167 2039 117 73 20 105 487 42 1028 535 763 84 134 335 426 2056 170 493 243 479 264 215
internal_value=-0.000131924 -0.0400914 0.0611233 0.0435076 -0.0195214 -0.122383 0.167665 -0.0147154 0.0610788 -0.00809342 -0.0873786 0.124712 0.010646 0.274257 -0.0266466 0.00866055 0.100623 -0.0698211 0.00580961 0.315503 -0.109343 -0.0473345 0.151783 -0.00267182 0.0618871 -0.0571098 0.0509763 0.045435 -0.0739744 -0.186022
internal_weight=15228 9216 6012 5159 7373 1843 853 1196 3963 6008 1189 608 2989 245 3019 115 1195 1365 1037 189 495 870 493 2247 191 980 742 722 1072 654
internal_count=15228 9216 6012 5159 7373 1843 853 1196 3963 6008 1189 608 2989 245 3019 115 1195 1365 1037 189 495 870 493 2247 191 980 742 722 1072 654
is_linear=0
shrinkage=0.05


Tree=14
num_leaves=31
num_cat=0
split_feature=1 10 2 2 13 0 2 1 10 1 10 7 0 12 0 12 13 13 5 13 4 2 12 9 9 12 7 2 4 4
split_gain=13527 7714.76 2799.45 2550.81 1802.67 1359.99 1067.47 1050.8 1035.79 804.86 746.462 740.615 718.453 637.14 623.535 597.237 510.859 462.279 445.275 425.369 403.421 356.695 344.019 321.673 338.036 317.154 310.493 296.153 289.242 281.098
threshold=11.055000000000001 1092313.5500000003 44.215000000000011 18.245000000000001 16.865000000000006 32.500000000000007 16.875000000000004 5.1766666666666676 2494360.6500000004 7.4149999999999947 414242.26000000007 4.5000000000000009 14.500000000000002 447274.04999999999 30.500000000000004 81254.800000000061 7.5850000000000009 20.005000000000006 0.041692724693114691 0.015000000000000001 3.040000000000004 12.135000000000003 -608325.52499999991 23.038803000000005 7.7700042500000004 -1135356.0999999999 1.0000000180025095e-35 81.450000000000017 -7.9499999999999966 -0.77500000000000024
decision_type=2 2 2 2 2 2 2 2 2 2 2 2 2 2 2 2 2 2 2 2 2 2 2 2 2 2 2 2 2 2
left_child=1 6 7 4 14 10 12 19 11 27 -5 -4 -1 17 28 21 -14 -6 -7 22 -11 -9 -3 24 -13 -23 -16 -8 -2 -19
right_child=3 2 8 5 13 18 9 15 -10 20 -12 23 16 -15 26 -17 -18 29 -20 -21 -22 25 -24 -25 -26 -27 -28 -29 -30 -31
leaf_value=0.017197579265859252 0.20014511601227089 -0.033408165866365802 -0.071644464750252532 0.032961910098845908 0.2218729643691221 0.055533337138333742 -0.034710364439143125 0.14288776626810432 -0.19590298350174609 0.014396027402072561 -0.086239766560181563 -0.0050322169581284888 0.032462662216779348 -0.0067952053113417192 0.27397346246115706 -0.064865404638766597 0.13629456862851272 0.47380224957185635 0.11050659359426862 -0.06630148839576798 -0.016676360250460133 0.16258419442635319 -0.17564240141487941 -0.058766509848299314 -0.19247870364217698 -0.014533577620917336 0.13878560159113365 -0.18829916967079044 0.061670560411603605 0.29856480479240421
leaf_weight=1471 41 52 584 340 169 883 1636 40 503 2850 214 26 222 22 47 663 254 34 632 330 1649 26 233 67 321 906 441 32 470 70
leaf_count=1471 41 52 584 340 169 883 1636 40 503 2850 214 26 222 22 47 663 254 34 632 330 1649 26 233 67 321 906 441 32 470 70
internal_value=-0.000125328 -0.025214 -0.0845122 0.0883901 0.143453 0.0539526 0.00219877 -0.0492319 -0.137397 -0.0079913 -0.0130835 -0.10791 0.0344752 0.252054 0.111384 -0.0282755 0.0878688 0.272913 0.0784661 -0.104945 0.00300719 -0.00331761 -0.149691 -0.159067 -0.178434 -0.00959252 0.151806 -0.0376569 0.072781 0.355854
internal_weight=15228 11865 3751 3363 1294 2069 8114 2250 1501 6167 554 998 1947 295 999 1635 476 273 1515 615 4499 972 285 414 347 932 488 1668 511 104
internal_count=15228 11865 3751 3363 1294 2069 8114 2250 1501 6167 554 998 1947 295 999 1635 476 273 1515 615 4499 972 285 414 347 932 488 1668 511 104
is_linear=0
shrinkage=0.05


Tree=15
num_leaves=31
num_cat=0
split_feature=1 10 1 2 2 5 2 13 0 1 14 10 13 12 11 13 0 1 2 2 12 2 12 10 9 10 9 12 5 12
split_gain=12410.4 5376.46 3588.49 1920.18 1632.95 1546.49 1066.88 1016.04 946.273 839.646 794.894 712.284 657.101 637.164 632.06 563.835 485.294 478.492 450.686 432.968 431.079 419.967 380.435 373.744 383.434 364.751 359.203 346.094 343.403 331.417
threshold=9.1783333333333328 1661661.1000000003 13.948333333333334 26.955000000000002 30.205000000000002 0.017830079167651138 12.455000000000002 6.4650000000000007 32.500000000000007 1.8649999999999953 7.955000000000001 1560318.3500000003 11.845000000000001 -414603.89999999997 -2.1586764999999999 20.555000000000003 27.500000000000004 18.043333333333333 48.215000000000011 10.615 570318.25000000012 13.005000000000001 -899267.86499999999 656615.42500000016 18.514953500000004 2768279.2500000005 18.885605000000002 230.14149499999996 0.044893378473266209 -1206904.2799999998
decision_type=2 2 2 2 2 2 2 2 2 2 2 2 2 2 2 2 2 2 2 2 2 2 2 2 2 2 2 2 2 2
left_child=1 7 4 6 12 25 15 10 20 -7 22 -5 -2 14 29 -4 27 -18 -16 -15 -6 -14 -1 -24 -25 26 -3 -8 -11 -9
right_child=2 5 3 11 8 9 16 13 -10 28 -12 -13 21 19 18 -17 17 -19 -20 -21 -22 -23 23 24 -26 -27 -28 -29 -30 -31
leaf_value=0.00081469451215525628 0.042159582050722955 -0.17188024853414063 0.22510577407041898 0.0413904145038465 -0.039014081205209709 -0.14262523365431223 0.1210963530590137 0.26418276894092563 0.021263412228262012 -0.072555374625171448 0.0013049576901232489 -0.2270799015249525 0.17431485702831101 0.20299540901184085 0.043913589717589296 0.42992769181728363 0.13744408346130746 0.24142412612555733 -0.20260536616668104 -0.0057769685506756131 -0.14613572417933871 0.077109154848104516 -0.043439523079677057 -0.12118380570628991 -0.046331446162253251 -0.22452839368974772 -0.085288623118392345 -0.064759266307187632 -0.014646860805491137 0.077145514244006744
leaf_weight=256 2897 354 112 210 294 351 60 50 685 831 900 28 131 25 254 48 501 142 20 3744 138 732 907 435 282 182 181 43 370 45
leaf_count=256 2897 354 112 210 294 351 60 50 685 831 900 28 131 25 254 48 501 142 20 3744 138 732 907 435 282 182 181 43 370 45
internal_value=0.000700892 -0.0358648 0.0564938 0.136193 0.0377987 -0.102654 0.169394 -0.013959 -0.0152833 -0.0745969 -0.0373371 0.00980567 0.0535679 0.00174687 0.0644516 0.286552 0.144267 0.160407 0.0259195 -0.00439217 -0.0732335 0.0918646 -0.0558359 -0.0647661 -0.091744 -0.163385 -0.142585 0.0435061 -0.0547151 0.175586
internal_weight=15208 9187 6021 1144 4877 2269 906 6918 1117 1552 2780 238 3760 4138 369 160 746 643 274 3769 432 863 1880 1624 717 717 535 103 1201 95
internal_count=15208 9187 6021 1144 4877 2269 906 6918 1117 1552 2780 238 3760 4138 369 160 746 643 274 3769 432 863 1880 1624 717 717 535 103 1201 95
is_linear=0
shrinkage=0.05


Tree=16
num_leaves=31
num_cat=0
split_feature=1 10 1 12 5 13 4 13 10 1 2 0 0 9 12 11 1 14 5 9 9 0 7 0 9 7 10 0 10 9
split_gain=11233 5563.55 2640.11 1789.7 1502.45 1356.71 1249.85 1156.81 783.302 776.986 705.444 773.146 680.647 524.944 470.022 465.265 457.834 408.256 398.524 374.688 370.758 367.106 360.062 350.455 340.76 335.013 322.327 320.557 317.904 331.103
threshold=9.9633333333333365 1661661.1000000003 14.878333333333332 361771.55100000004 0.017830079167651138 19.505000000000006 19.565000000000001 7.205000000000001 656615.42500000016 1.8649999999999953 16.605000000000004 28.500000000000004 32.500000000000007 18.984528000000001 -414603.89999999997 -5.6715239999999998 0.34166666666666173 8.5050000000000008 0.044893378473266209 23.645599500000007 5.3281708000000014 17.500000000000004 1.0000000180025095e-35 32.500000000000007 24.825302500000003 5.5000000000000009 61747.071000000004 31.500000000000004 2768279.2500000005 18.885605000000002
decision_type=2 2 2 2 2 2 2 2 2 2 2 2 2 2 2 2 2 2 2 2 2 2 2 2 2 2 2 2 2 2
left_child=1 7 6 5 28 19 10 8 17 -6 11 -2 26 15 16 -10 -9 21 -11 -4 -16 -1 -13 25 -7 -17 -12 -5 29 -3
right_child=2 4 3 27 9 24 -8 14 13 18 12 22 -14 -15 20 23 -18 -19 -20 -21 -22 -23 -24 -25 -26 -27 -28 -29 -30 -31
leaf_value=-0.040531031197554079 0.061324218241136701 -0.16471039650002214 0.10005721222300819 -0.13374027631810456 -0.13549397128987048 0.13183174688707699 -0.10457804931158371 -0.104768993242672 0.13875133009542795 -0.070049638238966747 0.02774859470035277 0.28514712337890397 0.056791218123740633 -0.022672701806330416 0.071320829180704051 -0.085429310949719811 0.092807469584097371 0.018695092483119288 -0.009297619690606251 0.17946052165398152 0.0014814498517324206 0.0044454465397187216 0.1321796049223222 0.011549388038277228 0.34661211431026462 -0.16871245209914373 -0.03064654276271013 0.088890551437031146 -0.21330196276143357 -0.082375738346625288
leaf_weight=1286 834 363 314 61 351 22 132 33 22 882 617 46 1808 536 201 483 263 747 389 282 3483 701 235 70 115 161 383 22 182 184
leaf_count=1286 834 363 314 61 351 22 132 33 22 882 617 46 1808 536 201 483 263 747 389 282 3483 701 235 70 115 161 383 22 182 184
internal_value=0.000665848 -0.0288322 0.0632652 0.145323 -0.0964385 0.170241 0.0467524 -0.00892959 -0.0278977 -0.0696418 0.0518443 0.0854918 0.0384835 -0.0603118 0.0101624 -0.0877229 0.0707804 -0.0128169 -0.051456 0.137627 0.0052919 -0.0246636 0.157221 -0.0947011 0.312122 -0.10625 0.00538326 -0.0747297 -0.15606 -0.137015
internal_weight=15208 10337 4871 816 2351 733 4055 7986 4006 1622 3923 1115 2808 1272 3980 736 296 2734 1271 596 3684 1987 281 714 137 644 1000 83 729 547
internal_count=15208 10337 4871 816 2351 733 4055 7986 4006 1622 3923 1115 2808 1272 3980 736 296 2734 1271 596 3684 1987 281 714 137 644 1000 83 729 547
is_linear=0
shrinkage=0.05


Tree=17
num_leaves=31
num_cat=0
split_feature=10 13 5 2 14 13 0 5 2 0 5 3 10 12 2 10 0 13 0 2 3 12 13 13 13 12 14 3 4 11
split_gain=10201.2 5172.37 2921.87 1697.1 1404.18 1323.59 1061.52 1040.33 848.236 868.887 846.628 539.387 527.996 488.506 482.266 445.217 444.68 425.086 420.348 398.805 354.794 341.576 277.122 274.408 269.784 252.925 245.436 276.942 238.797 235.419
threshold=1092313.5500000003 11.575000000000001 0.03342804594711047 16.505000000000006 12.275 19.505000000000006 30.500000000000004 0.017830079167651138 30.205000000000002 22.500000000000004 0.076775437281092943 35.675000000000004 3000271.9000000004 33612.890000000007 13.245000000000003 2272686.2500000005 34.500000000000007 1.0000000180025095e-35 19.500000000000004 14.365 94.055000000000021 -673860.84999999986 5.0050000000000008 14.005000000000001 9.3250000000000011 46645.629999999976 6.7550000000000008 43.035000000000004 -8.4749999999999961 1.5900725
decision_type=2 2 2 2 2 2 2 2 2 2 2 2 2 2 2 2 2 2 2 2 2 2 2 2 2 2 2 2 2 2
left_child=1 4 7 5 8 -3 21 15 9 14 -8 16 22 20 -1 17 -5 -2 -15 28 -10 -4 26 -18 -16 -24 27 -9 -11 -29
right_child=2 3 6 11 -6 -7 10 12 13 19 -12 -13 -14 18 24 -17 23 -19 -20 -21 -22 -23 25 -25 -26 -27 -28 29 -30 -31
leaf_value=0.044199919080138886 -0.15294280650406858 0.13689224359020591 0.054849067111178464 0.022164544625528689 0.099885056457949067 0.34409774128305781 0.022441385576755485 -0.13752691564374031 -0.0067896754055675581 0.053814407673721414 0.21147653316812859 -0.020604188332357741 -0.16007297299518364 -0.11346336072485944 -0.009429746467946698 -0.17817740821519279 0.071557107117926871 -0.06268509901858059 -0.0055019806489969292 0.039705146490347037 -0.17188189901185758 -0.048633478351382327 -0.00022110265718462566 0.12990809501443282 0.024325218132941865 -0.065522789972661463 -0.042422683680333417 -0.091268246001170131 0.20048241166150549 0.024653597964373018
leaf_weight=641 274 575 87 267 413 89 385 286 2352 49 70 158 164 226 2991 441 473 249 150 1607 33 956 240 351 738 388 234 201 64 56
leaf_count=641 274 575 87 267 413 89 385 286 2352 49 70 158 164 226 2991 441 473 249 150 1607 33 956 240 351 738 388 234 201 64 56
internal_value=0.000632555 0.0252251 -0.0675568 0.100076 0.00976866 0.164665 -0.0122019 -0.100293 0.0055637 0.0159858 0.0515237 0.065738 -0.0751764 -0.0174246 0.00413725 -0.141173 0.0782422 -0.109971 -0.0703937 0.0460895 -0.00907397 -0.0400017 -0.0652668 0.0964129 -0.00274936 -0.0405667 -0.0852303 -0.103678 0.136883 -0.066009
internal_weight=15208 11177 4031 1913 9264 664 1498 2533 8851 6090 455 1249 1569 2761 4370 964 1091 523 376 1720 2385 1043 1405 824 3729 628 777 543 113 257
internal_count=15208 11177 4031 1913 9264 664 1498 2533 8851 6090 455 1249 1569 2761 4370 964 1091 523 376 1720 2385 1043 1405 824 3729 628 777 543 113 257
is_linear=0
shrinkage=0.05


Tree=18
num_leaves=31
num_cat=0
split_feature=1 1 10 2 12 13 13 0 13 9 12 13 12 11 2 2 11 3 5 9 10 9 0 3 12 1 10 11 0 12
split_gain=9407.11 3352.98 3015.9 1541.03 1431.58 1159.76 829.801 798.879 722.942 627.789 596.04 889.631 475.041 678.228 444.801 434.695 425.527 399.788 380.493 372.901 359.41 443.432 354.227 353.209 324.181 298.102 285.22 305.125 282.557 277.052
threshold=8.4849999999999977 13.130000000000001 1705161.0500000003 16.775000000000002 243965.73000000001 2.9950000000000006 6.4650000000000007 32.500000000000007 11.145000000000001 25.122756500000005 361771.55100000004 19.505000000000006 -987015.83000000007 -2.1586764999999999 20.545000000000005 24.575000000000003 -2.0895847999999995 78.795000000000016 0.068282693634718283 4.4919433500000006 656615.42500000016 18.514953500000004 13.500000000000002 35.955000000000005 -608325.52499999991 17.17166666666667 2687961.3000000003 0.3781280000000003 32.500000000000007 1652220.1800000004
decision_type=2 2 2 2 2 2 2 2 2 2 2 2 2 2 2 2 2 2 2 2 2 2 2 2 2 2 2 2 2 2
left_child=2 4 6 10 8 9 20 22 -2 16 11 -3 13 -8 -10 -6 -4 -15 28 -20 -1 24 -5 25 -22 -9 -7 -28 -14 -17
right_child=1 3 5 7 15 26 12 23 14 -11 -12 -13 18 17 -16 29 -18 -19 19 -21 21 -23 -24 -25 -26 -27 27 -29 -30 -31
leaf_value=-0.02588259731540234 0.020597173054302028 0.1498481044198943 -0.040808449833524191 0.073160536594789577 0.020787532661083366 -0.033545601037916366 0.22980147372358123 0.090023364668140704 0.088941145812987343 -0.068982098248284482 -0.054911779032813184 0.30648876500268613 -0.022984975575589862 0.060976572925845789 0.030056897052270656 -0.06738474805765278 -0.16334226367284452 -0.18142132163047792 0.255928597021848 0.031970349122538183 -0.010401955855163778 -0.027111482290058411 -0.061438550901463412 -0.010504561285177868 -0.11344711608170266 0.18177545400193107 -0.05012669427460939 -0.15873532289117917 0.01333206615322048 -0.20182931145956351
leaf_weight=1339 4345 391 79 74 139 692 52 595 730 339 27 118 1974 75 572 352 687 22 20 263 92 414 144 75 448 104 159 109 735 43
leaf_count=1339 4345 391 79 74 139 692 52 595 730 339 27 118 1974 75 572 352 687 22 20 263 92 414 144 75 448 104 159 109 735 43
internal_value=0.000600927 0.039386 -0.0392703 0.105708 0.0229907 -0.0907074 -0.0197234 0.0687978 0.0303903 -0.125633 0.174018 0.186162 -0.00302924 0.084105 0.0630719 -0.0552596 -0.150705 0.00599973 -0.00736848 0.0477978 -0.0425915 -0.0660434 -0.015749 0.0926107 -0.0958913 0.103675 -0.0505061 -0.0942996 -0.0131315 -0.0820205
internal_weight=15208 7709 7499 1528 6181 2065 5434 992 5647 1105 536 509 3141 149 1302 534 766 97 2992 283 2293 954 218 774 540 699 960 268 2709 395
internal_count=15208 7709 7499 1528 6181 2065 5434 992 5647 1105 536 509 3141 149 1302 534 766 97 2992 283 2293 954 218 774 540 699 960 268 2709 395
is_linear=0
shrinkage=0.05


Tree=19
num_leaves=31
num_cat=0
split_feature=1 1 2 5 4 10 0 1 10 10 13 9 11 5 0 3 1 2 11 2 13 10 14 2 13 13 11 11 10 7
split_gain=8489.92 3026.07 2814.61 1402.88 1326.96 1302.81 850.344 817.029 641.297 626.831 625.286 491.021 474.382 469.616 371.457 362.895 343.154 340.621 403.171 337.185 321.156 319.22 303.518 282.702 256.738 251.978 467.761 264.365 251.691 250.098
threshold=8.4849999999999977 13.130000000000001 58.025000000000006 0.066028395045580529 5.4800000000000022 1081997.2500000002 32.500000000000007 3.3483333333333287 344923.15000000008 1971205.5000000002 11.145000000000001 24.259673500000002 1.1845399999999999 0.085142622059514478 20.500000000000004 35.955000000000005 17.17166666666667 25.035000000000004 -5.0733339999999991 20.545000000000005 20.555000000000003 2089676.9500000004 11.365 25.475000000000005 6.4650000000000007 0.015000000000000001 -2.2804869999999995 1.5404055000000005 2790753.0000000005 2.5000000000000004
decision_type=2 2 2 2 2 2 2 2 2 2 2 2 2 2 2 2 2 2 2 2 2 2 2 2 2 2 2 2 2 2
left_child=2 4 5 6 10 13 21 25 -4 -6 22 -5 20 14 -1 16 -8 18 -16 -12 -13 -3 -2 -9 -20 26 -7 -28 -10 -15
right_child=1 3 8 11 9 7 15 23 28 -11 19 12 -14 29 17 -17 -18 -19 24 -21 -22 -23 -24 -25 -26 -27 27 -29 -30 -31
leaf_value=-0.02114305364650149 0.01933011307144844 0.015541559166684388 -0.03161006641281746 0.12345082851651623 -0.011006522458958924 0.029582756633559866 0.089540496090185551 -0.010840329072960368 -0.11768768228112242 -0.12080552506317595 0.085647656002778558 0.21641069950555294 0.017677480524236507 0.20417583406162568 0.24970951067364733 -0.0099793310761451728 0.17274203029289648 -0.0063807652962001929 -0.013402784400455215 0.031291698894435262 0.35808724236985046 -0.13875229516997933 0.073386348724643641 -0.051888398900015953 0.064441355904796258 -0.065472231630213124 -0.16355301543291603 -0.025063691125848355 -0.18852113058038106 0.023937767077433437
leaf_weight=2482 3422 207 205 181 1123 42 671 692 740 147 746 120 22 39 23 75 152 950 170 462 60 40 281 1065 281 286 296 39 151 38
leaf_count=2482 3422 207 205 181 1123 42 671 692 740 147 746 120 22 39 23 75 152 950 170 462 60 40 281 1065 281 286 296 39 151 38
internal_value=0.000570881 0.0374167 -0.0373068 0.100422 0.0218412 -0.0246334 0.0727136 -0.0535679 -0.111346 -0.0237155 0.0336223 0.183259 0.236849 -0.00705333 -0.00946388 0.0953118 0.104907 0.0108927 0.0455124 0.0648592 0.263636 -0.0094453 0.0234321 -0.0357215 0.0350988 -0.100862 -0.12771 -0.14743 -0.129692 0.115227
internal_weight=15208 7709 7499 1528 6181 6403 1145 2420 1096 1270 4911 383 202 3983 3906 898 823 1424 474 1208 180 247 3703 1757 451 663 377 335 891 77
internal_count=15208 7709 7499 1528 6181 6403 1145 2420 1096 1270 4911 383 202 3983 3906 898 823 1424 474 1208 180 247 3703 1757 451 663 377 335 891 77
is_linear=0
shrinkage=0.05


Tree=20
num_leaves=31
num_cat=0
split_feature=5 1 10 1 5 1 5 7 10 1 12 1 1 12 5 12 5 9 12 9 10 13 13 10 11 14 8 9 12 13
split_gain=7589.37 4570.61 3121.64 1307.59 1182.15 751.014 609.236 719.869 550.686 537.636 426.507 502.296 464.471 411.89 390.239 387.358 386.804 364.468 364.322 330.699 322.325 316.952 299.753 260.025 255.878 251.446 240.815 232.027 212.317 212.749
threshold=0.032515038007337148 12.410000000000002 1661661.1000000003 8.8099999999999952 0.084068944314477478 8.0383333333333358 0.085142622059514478 1.0000000180025095e-35 2850362.1500000004 15.539999999999997 -1333152.6699999997 0.011666666666660748 6.6916666666666638 -467518.02000000008 0.014922032241209341 639837.40000000002 0.010822511212426259 29.458053000000003 -13728.955000000029 19.334762500000004 1804793.3000000003 11.145000000000001 7.3850000000000007 54669.89850000001 2.5232999999999994 10.695000000000002 1.0000000180025095e-35 24.152404500000006 -243298.64999999999 3.0050000000000003
decision_type=2 2 2 2 2 2 2 2 2 2 2 2 2 2 2 2 2 2 2 2 2 2 2 2 2 2 2 2 2 2
left_child=2 3 5 6 9 16 10 -8 14 24 12 -12 -2 -5 19 22 -1 -10 -6 -4 27 -15 25 26 -3 -13 -7 -11 -16 -30
right_child=1 4 8 13 18 23 7 -9 17 20 11 15 -14 21 28 -17 -18 -19 -20 -21 -22 -23 -24 -25 -26 -27 -28 -29 29 -31
leaf_value=-0.20282635984844283 0.019766846093300143 0.077817552121063435 -0.15153363411472395 0.15580427703628344 0.35110831603090814 0.006696790938539793 0.33025336552549295 0.038349559008307069 -0.17929876461577188 0.098726711060140249 -0.11995382198322289 -0.023517226538806273 0.21779517099261284 0.022041690423465824 -0.0024173950883742499 -0.12032237124358175 -0.041583394161667592 -0.050732271795842193 0.18386194587175578 -0.036890050969444789 -0.045167208525041747 0.056029817286775065 0.0066433344648919443 -0.029143189940979565 0.00024301266790298392 0.093403454281468984 0.10063493819971983 0.17242433790829076 -0.10352540868939725 -0.053098752252621263
leaf_weight=38 114 875 325 67 47 1301 27 97 311 178 108 2126 40 2696 102 79 1753 67 106 78 24 920 1790 547 121 47 72 267 427 410
leaf_count=38 114 875 325 67 47 1301 27 97 311 178 108 2126 40 2696 102 79 1753 67 106 78 24 920 1790 547 121 47 72 267 427 410
internal_value=-0.000172918 0.026259 -0.0475226 0.0109525 0.10299 -0.0217155 -0.0073565 0.101909 -0.103203 0.0891784 -0.0105045 -0.0135365 0.0712028 0.0329652 -0.088188 -0.0106931 -0.0450045 -0.156511 0.235238 -0.129345 0.133319 0.0306891 -0.00850772 8.81024e-06 0.0683933 -0.0209883 0.0116229 0.142945 -0.0705244 -0.0788242
internal_weight=15160 9729 5431 8111 1618 3711 4428 124 1720 1465 4304 4150 154 3683 1342 4042 1791 378 153 403 469 3616 3963 1920 996 2173 1373 445 939 837
internal_count=15160 9729 5431 8111 1618 3711 4428 124 1720 1465 4304 4150 154 3683 1342 4042 1791 378 153 403 469 3616 3963 1920 996 2173 1373 445 939 837
is_linear=0
shrinkage=0.05


Tree=21
num_leaves=31
num_cat=0
split_feature=5 0 10 5 2 0 1 5 10 12 1 12 5 13 5 12 1 1 9 3 3 7 2 9 13 11 1 7 1 0
split_gain=6849.4 4142.86 2817.28 2232.49 1210.75 879.535 714.522 521.257 501.018 483.946 478.748 620.827 424.273 402.309 401.266 348.831 299.142 289.179 280.797 277.329 266.151 263.031 258.674 239.093 236.118 231.338 230.563 227.238 215.32 213.097
threshold=0.032515038007337148 32.500000000000007 1661661.1000000003 0.067773639244866304 15.905000000000003 31.500000000000004 13.834999999999996 0.086393097209593886 3060716.0000000005 -577399.24999999988 6.6649999999999965 -1411799.8499999999 0.010822511212426259 9.8450000000000006 0.014922032241209341 9850.5020000000077 8.8099999999999952 7.2716666666666621 9.9607085000000009 1.0000000180025095e-35 20.945000000000004 1.0000000180025095e-35 21.225000000000005 19.334762500000004 20.555000000000003 -5.0733339999999991 18.698333333333334 1.5000000000000002 8.0383333333333358 25.500000000000004
decision_type=2 2 2 2 2 2 2 2 2 2 2 2 2 2 2 2 2 2 2 2 2 2 2 2 2 2 2 2 2 2
left_child=2 4 5 6 9 12 22 21 14 17 -6 -12 -1 19 23 28 -13 -2 20 -11 -15 -5 -3 -4 -9 -18 -8 -19 -14 -16
right_child=1 3 8 7 10 -7 26 24 -10 13 11 16 15 18 29 -17 25 27 -20 -21 -22 -23 -24 -25 -26 -27 -28 -29 -30 -31
leaf_value=-0.18145766356890952 0.052915985586919956 0.0684071022131547 -0.14602511470039869 0.27210443096235393 -0.049778924673547262 0.005602109569342385 0.09392583945123277 0.23601543020922691 -0.16742595763942969 -0.17384377373615281 0.22140286870300774 -0.019159883386113883 -0.04100699720585136 0.084693541451978188 -0.09309353611218589 -0.071363004174585326 0.17861091002821924 0.3175881609916687 0.034600210768612437 0.013731919231849566 0.27081666113365266 0.13327411633037065 0.031045796423473444 -0.055130767886741809 0.40601512332757317 0.0074603496088255332 0.1928078173151748 0.12719411773806705 0.00013571692795306083 -0.04804284444196557
leaf_weight=54 70 690 353 40 716 1717 552 64 226 20 30 2130 834 225 528 592 20 25 468 1337 21 232 1410 91 30 1541 66 42 514 522
leaf_count=54 70 690 353 40 716 1717 552 64 226 20 30 2130 834 225 528 592 20 25 468 1337 21 232 1410 91 30 1541 66 42 514 522
internal_value=-0.000164273 0.0249461 -0.0451465 0.0728395 0.00271832 -0.0206297 0.0572288 0.188768 -0.0980429 0.0329732 -0.0123375 -0.00513299 -0.0432175 0.0269526 -0.0875472 -0.0393696 -0.00697424 0.123985 0.0573335 0.0109674 0.100582 0.15369 0.0433217 -0.127396 0.290271 0.00965318 0.104486 0.198237 -0.025319 -0.0706969
internal_weight=15160 9729 5431 3084 6645 3711 2718 366 1720 2208 4437 3721 1994 2071 1494 1940 3691 137 714 1357 246 272 2100 444 94 1561 618 67 1348 1050
internal_count=15160 9729 5431 3084 6645 3711 2718 366 1720 2208 4437 3721 1994 2071 1494 1940 3691 137 714 1357 246 272 2100 444 94 1561 618 67 1348 1050
is_linear=0
shrinkage=0.05


Tree=22
num_leaves=31
num_cat=0
split_feature=1 1 2 5 12 10 0 12 0 0 5 0 5 1 11 9 5 0 7 12 9 1 11 13 2 2 10 0 12 9
split_gain=6225.25 2409.76 2014.35 1373.94 1292.17 1068.45 716.8 545.143 569.125 489.787 457.972 665.432 438.652 428.334 389.486 388.123 363.193 345.747 417.654 327.896 323.696 321.892 307.317 327.777 294.825 263.883 260.278 259.92 263.136 252.336
threshold=8.4366666666666621 12.410000000000002 33.495000000000012 0.066028395045580529 639837.40000000002 2073702.5000000002 34.500000000000007 -1206904.2799999998 32.500000000000007 32.500000000000007 0.046200046530887419 27.500000000000004 0.076775437281092943 6.6649999999999965 -2.2169644999999991 24.152404500000006 0.086393097209593886 32.500000000000007 4.5000000000000009 19465.367500000004 5.3281708000000014 18.698333333333334 -1.5324550000000003 5.995000000000001 69.235000000000014 14.585000000000003 61747.071000000004 25.500000000000004 -552244.09999999974 19.797836500000006
decision_type=2 2 2 2 2 2 2 2 2 2 2 2 2 2 2 2 2 2 2 2 2 2 2 2 2 2 2 2 2 2
left_child=2 4 7 6 10 17 24 14 13 19 26 -12 -13 -9 -1 22 -11 18 -4 -5 -15 -8 -7 -24 -3 -16 -2 28 -28 -20
right_child=1 3 5 9 -6 15 21 8 -10 16 11 12 -14 20 25 -17 -18 -19 29 -21 -22 -23 23 -25 -26 -27 27 -29 -30 -31
leaf_value=0.16151499307403963 0.014963077032286984 0.0095062201787458403 -0.037467258651063123 0.11924700324957752 -0.096662524273342279 -0.040475410521849171 0.070951282416417141 -0.054218363093160506 0.029132332242030143 0.16220857798281113 0.020707923658543497 0.066417827515543468 0.21919034574838248 0.06470431520428975 0.15740689659225091 -0.053678055201946274 0.29064753452291736 -0.0098932991067205069 -0.11284196703978207 -0.077773632794618616 -0.016911004668048433 0.19094876768225333 -0.16048186628923047 -0.077943799992097662 -0.18735086075961591 -0.013331779335641256 0.1257561586309402 0.010732423341483791 -0.055973363442055273 -0.039419256037792672
leaf_weight=72 2029 388 1065 136 249 91 1059 828 620 193 2172 597 51 128 28 248 77 548 391 25 2388 59 459 163 20 118 21 383 387 167
leaf_count=72 2029 388 1065 136 249 91 1059 828 620 193 2172 597 51 128 28 248 77 548 391 25 2388 59 459 163 20 118 21 383 387 167
internal_value=-0.000156059 0.0307791 -0.0333413 0.0788473 0.0148053 -0.0636621 0.0565824 -0.0106334 -0.0148668 0.157678 0.0197265 0.0339744 0.0784416 -0.0230246 0.0663455 -0.107556 0.198837 -0.0442323 -0.0558268 0.0886537 -0.0127589 0.0772839 -0.126296 -0.138852 -0.000143637 0.0194126 0.00547865 -0.0188499 -0.0466196 -0.0908678
internal_weight=15160 7846 7314 1957 5889 3132 1526 4182 3964 431 5640 2820 648 3344 218 961 270 2171 1623 161 2516 1118 713 622 408 146 2820 791 408 558
internal_count=15160 7846 7314 1957 5889 3132 1526 4182 3964 431 5640 2820 648 3344 218 961 270 2171 1623 161 2516 1118 713 622 408 146 2820 791 408 558
is_linear=0
shrinkage=0.05


Tree=23
num_leaves=31
num_cat=0
split_feature=2 1 10 0 5 5 10 2 1 9 0 5 5 3 11 1 0 11 3 9 13 10 12 12 2 12 7 13 12 9
split_gain=5659.76 3420.17 2355.39 979.12 872.81 814.316 746.894 499.562 441.417 390.354 360.671 359.546 344.903 368.482 327.061 318.828 305.351 265.767 257.165 257.134 256.947 251.761 250.28 233.544 232.976 230.328 229.743 224 209.041 207.386
threshold=30.205000000000002 12.410000000000002 918382.87000000011 32.500000000000007 0.084068944314477478 0.058190283762725468 2665367.0000000005 59.740000000000002 17.17166666666667 29.458053000000003 29.500000000000004 0.07748935084274422 0.085142622059514478 20.385000000000002 -5.0733339999999991 7.5200000000000022 32.500000000000007 3.2585293500000008 1.0000000180025095e-35 18.666763500000005 6.4250000000000007 1399107.2000000002 62097.796999999984 -1.0000000180025095e-35 21.225000000000005 7803.7840000000278 1.0000000180025095e-35 20.555000000000003 660371.7000000003 26.921142500000006
decision_type=2 2 2 2 2 2 2 2 2 2 2 2 2 2 2 2 2 2 2 2 2 2 2 2 2 2 2 2 2 2
left_child=1 3 10 5 8 14 7 20 17 -8 22 24 18 -14 23 -16 -6 -3 -7 28 -4 -10 -2 -1 -5 29 -15 -18 -9 -17
right_child=2 4 6 11 16 12 9 19 21 -11 -12 -13 13 26 15 25 27 -19 -20 -21 -22 -23 -24 -25 -26 -27 -28 -29 -30 -31
leaf_value=0.23334150083363056 -0.020487653746024393 0.071983988967913456 -0.061649700542988989 0.063484036048091955 0.11789839416141473 -0.1517282551640402 -0.14429840533872662 -0.098180602915645288 0.15420278818732919 -0.032970247926806272 0.0062423909223622781 0.1871544514738378 0.04826308204107644 0.32227641031855631 -0.037000814221229229 -0.0026862329199058093 0.20119142082699559 -0.016474234015660602 0.016327839801588626 -0.048942065981156829 -0.019422027759551194 -0.01290378201007843 -0.086843973848771197 0.035632228345404991 0.025274717749502747 -0.041353170443252318 0.095821370122333382 0.36334914485102193 -0.1780917193988959 0.068704849296180467
leaf_weight=20 1024 1102 856 625 62 23 460 371 229 95 1691 42 306 21 1288 1751 57 92 2216 206 622 25 165 59 1103 378 24 34 105 108
leaf_count=20 1024 1102 856 625 62 23 460 371 229 95 1691 42 306 21 1288 1751 57 92 2216 206 622 25 165 59 1103 378 24 34 105 108
internal_value=-0.000148256 0.0232174 -0.0400932 0.00981189 0.0899013 0.000440084 -0.073506 -0.0602127 0.0779009 -0.125242 -0.0085947 0.0426079 0.0218258 0.0679089 -0.0149287 -0.0171836 0.203474 0.0651681 0.0146015 -0.095611 -0.0438787 0.137755 -0.0296961 0.0856852 0.0390946 -0.00577334 0.2015 0.261778 -0.115808 0.00146129
internal_weight=15160 9565 5595 7964 1601 6194 2715 2160 1448 555 2880 1770 2590 351 3604 3525 153 1194 2239 682 1478 254 1189 79 1728 2237 45 91 476 1859
internal_count=15160 9565 5595 7964 1601 6194 2715 2160 1448 555 2880 1770 2590 351 3604 3525 153 1194 2239 682 1478 254 1189 79 1728 2237 45 91 476 1859
is_linear=0
shrinkage=0.05


Tree=24
num_leaves=31
num_cat=0
split_feature=1 1 2 12 12 9 10 12 1 5 5 0 5 13 11 10 2 14 0 0 7 10 12 12 13 9 13 9 14 4
split_gain=5167.4 1961.98 1672.65 1059.62 920.142 847.525 844.741 668.69 634.168 611.517 450.484 790.289 517.221 356.827 346.229 341.747 336.035 309.366 303.45 303.114 287.652 255.037 233.026 222.74 211.589 211.015 208.916 205.171 202.615 200.11
threshold=8.4366666666666621 13.834999999999996 56.910000000000004 639837.40000000002 290936.5500000001 23.792175000000004 3060716.0000000005 -608325.52499999991 6.4799999999999995 0.068704915788677892 0.046200046530887419 27.500000000000004 0.07748935084274422 4.0050000000000008 -1.8206630500000001 488687.52000000008 10.905000000000003 10.910000000000002 32.500000000000007 31.500000000000004 1.0000000180025095e-35 2135996.3500000006 639837.40000000002 1788409.8500000003 1.0000000180025095e-35 9.5052645000000009 9.2750000000000004 7.8842163500000009 12.475000000000003 -10.239999999999997
decision_type=2 2 2 2 2 2 2 2 2 2 2 2 2 2 2 2 2 2 2 2 2 2 2 2 2 2 2 2 2 2
left_child=2 3 6 10 5 -3 7 14 13 -7 17 25 -13 27 24 -4 -10 21 -6 -15 -14 26 28 -5 -1 29 -2 -9 -18 -12
right_child=1 4 15 23 18 9 -8 8 16 -11 11 12 20 19 -16 -17 22 -19 -20 -21 -22 -23 -24 -25 -26 -27 -28 -29 -30 -31
leaf_value=0.012272161650113189 -0.0065083058400245116 0.060322705413842492 -0.033208494453633927 -0.059879198357711577 -0.10889345054348853 0.11422451602684408 -0.13233519337294294 -0.0062349122391444529 0.14571803568890601 0.2367376963249766 0.17303586846281743 0.063771589424879746 0.357402009055728 -0.042211629046861536 0.0063967372654657592 -0.099745022328503893 -0.013103961362636279 0.053760833213263332 0.061092418713904008 0.05071553947060025 0.14040927192462344 -0.12068494038156621 -0.078586652557141271 -0.18625812470549491 0.12207347203330654 0.010666927599288806 0.021030365022105271 -0.086956465105904046 0.13905734717845916 0.038493421241058173
leaf_weight=65 1660 575 245 233 73 354 163 90 33 143 29 782 21 419 418 909 3939 337 41 111 56 41 137 41 135 1695 1177 628 22 588
leaf_count=65 1660 575 245 233 73 354 163 90 33 143 29 782 21 419 418 909 3939 337 41 111 56 41 137 41 135 1695 1177 628 22 588
internal_value=-0.000140843 0.0280436 -0.0303754 0.0174925 0.0872935 0.101655 -0.0200262 -0.0169736 -0.0226328 0.149475 0.0216236 0.0349954 0.0759462 -0.0538678 0.0322839 -0.085619 -0.0131965 0.00843492 -0.0477582 -0.0227495 0.199589 0.00312747 -0.0144762 -0.0787899 0.086388 0.0197805 0.0049168 -0.0768382 -0.0122588 0.0448171
internal_weight=15160 7846 7314 6660 1186 1072 6160 5997 5379 497 6386 3171 859 1248 618 1154 4131 3215 114 530 77 2878 4098 274 200 2312 2837 718 3961 617
internal_count=15160 7846 7314 6660 1186 1072 6160 5997 5379 497 6386 3171 859 1248 618 1154 4131 3215 114 530 77 2878 4098 274 200 2312 2837 718 3961 617
is_linear=0
shrinkage=0.05


Tree=25
num_leaves=31
num_cat=0
split_feature=5 1 10 13 0 1 7 11 9 2 0 12 14 13 0 12 11 9 13 7 12 1 1 11 12 11 5 11 11 2
split_gain=4677.33 2936.39 2080.72 992.566 834.103 582.554 476.414 690.192 449.68 437.648 475.611 434.15 407.771 352.27 334.354 279.7 280.5 279.461 277.794 264.099 249.383 339.07 262.334 243.761 236.22 234.328 233.36 226.705 224.439 218.842
threshold=0.03342804594711047 11.363333333333335 1971205.5000000002 16.190000000000005 32.500000000000007 7.358333333333329 4.5000000000000009 4.2208102500000013 24.152404500000006 11.975000000000003 11.500000000000002 361771.55100000004 6.0050000000000008 3.1700000000000004 30.500000000000004 -552244.09999999974 -2.0301514999999983 27.960282000000003 19.505000000000006 1.5000000000000002 -1206904.2799999998 1.5266666666666684 6.6916666666666638 1.3753510000000004 1788409.8500000003 -2.2169644999999991 0.058190283762725468 -0.80683834999999859 3.1507265000000024 12.455000000000002
decision_type=2 2 2 2 2 2 2 2 2 2 2 2 2 2 2 2 2 2 2 2 2 2 2 2 2 2 2 2 2 2
left_child=2 5 4 28 6 20 7 17 13 10 -7 18 -8 25 15 16 -11 23 -5 -12 22 27 -2 -1 -15 -4 -16 -22 -3 -20
right_child=1 3 8 11 -6 9 12 -9 -10 14 19 -13 -14 24 26 -17 -18 -19 29 -21 21 -23 -24 -25 -26 -27 -28 -29 -30 -31
leaf_value=-0.037143194615521624 0.0087982003114742344 0.059896621726660104 -0.02576123856160106 0.12529572904999328 0.0064276088404112575 0.023661755540443013 -0.11435497794477055 0.23353314749323406 -0.044649335886947666 0.20636933892892559 0.22588159588345313 -0.018394503806178509 -0.04321663043995972 -0.05144143052532895 0.02239757141163351 -0.00011363587508426226 0.028069408156607353 0.15969123338349164 0.2842658862235054 0.0789563423812841 -0.20495203443935939 -0.017299637086407086 0.16758450625929983 0.013786841399187198 -0.18404694591697895 -0.13960478229553633 0.080002372072104533 -0.062368040284087517 -0.0039558062798674878 0.15537332592235098
leaf_weight=1360 139 1802 49 222 1815 214 303 26 379 32 57 38 601 289 1007 3562 71 20 63 66 35 1514 32 284 38 583 213 137 149 69
leaf_count=1360 139 1802 49 222 1815 214 303 26 379 32 57 38 601 289 1007 3562 71 20 63 66 35 1514 32 284 38 583 213 137 149 69
internal_value=-0.000594702 0.0210893 -0.0361449 0.0696075 -0.0195714 0.00503081 -0.0377627 -0.0220909 -0.0907581 0.0135842 0.0686943 0.14221 -0.0670606 -0.10898 0.00978236 0.00223519 0.0834636 -0.026085 0.15945 0.147044 -0.0190219 -0.0248573 0.0385126 -0.0283451 -0.0668512 -0.130778 0.0324548 -0.0913822 0.0550201 0.21689
internal_weight=15169 9422 5747 2343 4409 7079 2594 1690 1338 5222 337 392 904 959 4885 3665 103 1664 354 123 1857 1686 171 1644 327 632 1220 172 1951 132
internal_count=15169 9422 5747 2343 4409 7079 2594 1690 1338 5222 337 392 904 959 4885 3665 103 1664 354 123 1857 1686 171 1644 327 632 1220 172 1951 132
is_linear=0
shrinkage=0.05


Tree=26
num_leaves=31
num_cat=0
split_feature=1 1 10 5 12 5 9 0 7 14 0 5 5 0 7 3 13 9 12 0 13 7 12 9 1 12 12 10 5 0
split_gain=4243.33 1595.06 1396.26 983.441 910.517 650.859 533.114 444.379 413.392 458.656 370.029 365.992 348.026 389.198 328.059 297.854 280.576 275.709 269.165 249.018 247.798 233.554 232.374 214.337 208.737 200.142 199.481 197.783 196.323 194.481
threshold=8.4366666666666621 12.410000000000002 2073702.5000000002 0.066028395045580529 570318.25000000012 0.034417483916592509 24.036941500000005 34.500000000000007 4.5000000000000009 6.785000000000001 32.500000000000007 0.073556459117862433 0.050645733779641482 27.500000000000004 1.0000000180025095e-35 72.300000000000026 4.9650000000000007 19.797836500000006 214318.93500000003 34.500000000000007 20.555000000000003 1.5000000000000002 8663.8774999999059 24.036941500000005 1.5266666666666684 -1411799.8499999999 1788409.8500000003 2850362.1500000004 0.076775437281092943 25.500000000000004
decision_type=2 2 2 2 2 2 2 2 2 2 2 2 2 2 2 2 2 2 2 2 2 2 2 2 2 2 2 2 2 2
left_child=2 4 5 7 12 8 16 18 29 17 21 19 15 -14 -13 22 -4 -10 -3 24 -12 -5 -2 -9 -7 -26 -6 -18 -15 -1
right_child=1 3 6 10 26 11 -8 23 9 -11 20 14 13 28 -16 -17 27 -19 -20 -21 -22 -23 -24 -25 25 -27 -28 -29 -30 -31
leaf_value=-0.035038750135400941 0.010148187658208406 0.027725884051197022 -0.11890226908526627 0.1947430327053993 -0.056872479600812466 -0.07506710741248343 -0.038641863756735506 0.043950242721737143 -0.12688667192907774 -0.029767562844151652 0.14213605130292439 0.15537497374539577 0.021080759191522205 0.060568210292230584 0.024768090115288612 0.16540308874742737 -0.024203473443310419 -0.037082880801948097 -0.060201416567208316 0.039642292368279694 0.25951056851629628 0.042125336213023154 -0.027507156676658109 0.089406318142887325 0.070227146048385355 -0.011142711906182531 -0.17159032552787623 -0.12334117727975052 0.164454152310888 -0.001786168597092872
leaf_weight=1051 2700 292 553 31 240 124 666 640 297 492 213 60 1914 420 242 29 167 120 124 259 57 131 483 436 78 2426 45 72 51 756
leaf_count=1051 2700 292 553 31 240 124 666 640 297 492 213 60 1914 420 242 29 167 120 124 259 57 131 483 436 78 2426 45 72 51 756
internal_value=-0.000564967 0.0251188 -0.027794 0.0646376 0.0121922 -0.0169748 -0.0716125 0.0454023 -0.0349621 -0.0624653 0.131071 -0.00165541 0.0166313 0.0311004 0.0507165 0.00588756 -0.0993378 -0.101044 0.00151678 -0.00713387 0.166915 0.07133 0.00443423 0.0623692 -0.0117438 -0.00860803 -0.0749858 -0.0540692 0.071817 -0.0211268
internal_weight=15169 7806 7363 1924 5882 5905 1458 1492 2716 909 432 3189 5597 2385 302 3212 792 417 416 2887 270 162 3183 1076 2628 2504 285 239 471 1807
internal_count=15169 7806 7363 1924 5882 5905 1458 1492 2716 909 432 3189 5597 2385 302 3212 792 417 416 2887 270 162 3183 1076 2628 2504 285 239 471 1807
is_linear=0
shrinkage=0.05


Tree=27
num_leaves=31
num_cat=0
split_feature=5 1 10 13 0 13 5 13 11 14 9 11 4 11 5 0 2 1 10 13 11 11 5 7 5 0 10 7 9 14
split_gain=3849.24 2434.91 1721.78 823.661 571.238 519.653 378.355 337.838 318.264 311.454 306.884 304.378 265.496 482.548 259.668 274.197 246.396 219.116 210.188 208.471 204.901 200.784 198.945 194.579 187.164 192.467 186.49 275.637 256.939 184.938
threshold=0.03342804594711047 11.363333333333335 1690958.9000000001 16.190000000000005 32.500000000000007 7.5650000000000004 0.010822511212426259 3.0050000000000003 1.3753510000000004 8.9000000000000021 24.152404500000006 1.5900725 5.6450000000000005 3.983032000000001 0.08322930419880091 11.500000000000002 11.505000000000001 0.013333333333331114 3205916.1500000004 15.425000000000002 -2.0895847999999995 2.6099545000000002 0.072490036888733761 3.5000000000000004 0.066028395045580529 34.500000000000007 50594.261500000008 4.5000000000000009 19.684967500000003 6.785000000000001
decision_type=2 2 2 2 2 2 2 2 2 2 2 2 2 2 2 2 2 2 2 2 2 2 2 2 2 2 2 2 2 2
left_child=2 5 4 21 6 9 -1 10 26 17 20 16 13 -10 23 -16 -5 -2 19 -9 -4 24 -19 -7 25 -3 -8 -28 -29 -12
right_child=1 3 7 11 -6 14 8 18 12 -11 29 -13 -14 -15 15 -17 -18 22 -20 -21 -22 -23 -24 -25 -26 -27 27 28 -30 -31
leaf_value=-0.16131230660460213 -0.082354178741419079 0.018793403354200832 -0.029209887313765365 0.22624475692046456 0.0061093822237068881 0.020669381168456007 -0.015727564826206873 -0.032692081870961766 0.022718792097724004 0.020359249538295484 -0.078126951293059022 0.0071060506275130641 -0.033057112805545331 0.2787725968100131 0.018270641217603672 0.12765966980390389 0.1233829365582666 -0.017885330846346078 -0.14809642731747094 -0.18946486779234628 -0.11492308701317869 0.0057128641850070876 0.026375162047120111 -0.0102626840238424 0.088302771674426905 0.059704883734411476 -0.033469035010474581 -0.12475028922384478 -0.039253721578426874 0.0084980604884279248
leaf_weight=55 120 410 77 74 1799 2617 589 587 230 730 158 45 210 20 122 108 273 2468 47 22 738 226 283 631 353 962 758 198 158 101
leaf_count=55 120 410 77 74 1799 2617 589 587 230 730 158 45 210 20 122 108 273 2468 47 22 738 226 283 631 353 962 758 198 158 101
internal_value=-0.000536718 0.0191344 -0.0327868 0.0633158 -0.0148266 0.00451126 -0.0318075 -0.0744897 -0.0285145 -0.0088023 -0.0917581 0.129453 0.00838865 0.0432031 0.0182957 0.0696359 0.145319 -0.0162171 -0.046218 -0.0383555 -0.106825 0.0500274 -0.0133322 0.0146601 0.0558332 0.0474791 -0.0384825 -0.0505136 -0.0868052 -0.0443465
internal_weight=15169 9422 5747 2343 4017 7079 2218 1730 2163 3601 1074 392 460 250 3478 230 347 2871 656 609 815 1951 2751 3248 1725 1372 1703 1114 356 259
internal_count=15169 9422 5747 2343 4017 7079 2218 1730 2163 3601 1074 392 460 250 3478 230 347 2871 656 609 815 1951 2751 3248 1725 1372 1703 1114 356 259
is_linear=0
shrinkage=0.05


Tree=28
num_leaves=31
num_cat=0
split_feature=0 2 2 10 5 13 10 7 9 9 1 1 12 9 9 12 13 12 7 2 1 12 1 1 12 3 12 1 4 12
split_gain=3533.91 2702.2 1833.15 933.879 591.779 525.237 411.619 446.942 463.702 357.25 345.986 306.445 420.711 277.498 266.114 258.281 245.349 210.349 314.646 208.803 208.424 193.552 239.768 226.608 193.516 189.965 187.342 186.575 195.116 181.512
threshold=32.500000000000007 25.885000000000002 19.085000000000004 2024534.9500000002 0.073072711758699352 19.505000000000006 148242.10500000001 4.5000000000000009 19.797836500000006 24.036941500000005 11.308333333333334 8.8099999999999952 -630803.41149999981 28.166153500000004 13.410217000000001 -529507.54999999993 3.1700000000000004 -282662.83249999984 1.0000000180025095e-35 12.455000000000002 7.3416666666666632 -1411799.8499999999 6.6916666666666638 1.8649999999999953 11350.309999999985 78.795000000000016 57617.120000000003 7.9333333333333309 -12.364999999999997 1419015.7700000003
decision_type=2 2 2 2 2 2 2 2 2 2 2 2 2 2 2 2 2 2 2 2 2 2 2 2 2 2 2 2 2 2
left_child=1 4 5 6 11 -2 27 13 14 16 -4 21 -13 17 -9 20 26 18 25 -7 -6 22 -1 -23 -14 -8 -5 -3 -29 -18
right_child=2 3 10 9 15 19 7 8 -10 -11 -12 12 24 -15 -16 -17 29 -19 -20 -21 -22 23 -24 -25 -26 -27 -28 28 -30 -31
leaf_value=0.0084080796911200472 0.081769634963762619 -0.030368435987937509 0.0078644607313540591 -0.083101974008043852 0.042354146518358372 0.25977870881557469 -0.025104922195896509 -0.057445928475410662 -0.021005815930918537 -0.042804942792892556 0.040055290413179338 0.23089125610210678 0.017707314231349931 0.13241015879644288 -0.13106272819351075 0.031838471078798496 -0.042791938005520648 -0.040168221646834229 0.027253002774280805 0.124253948998672 0.19991825370247973 -0.080138670032528614 0.18729667003767997 -0.01170144228364847 -0.026778849610087085 -0.218540714669507 -0.13963998373221145 0.11488522572746113 0.0045578096952551819 -0.13593779595738106
leaf_weight=67 915 439 2428 249 41 60 30 205 275 437 1272 22 1617 27 306 1032 252 1066 273 54 43 127 26 2542 288 22 356 43 589 66
leaf_count=67 915 439 2428 249 41 60 30 205 275 437 1272 22 1617 27 306 1032 252 1066 273 54 43 127 26 2542 288 22 356 43 589 66
internal_value=-0.000509883 -0.0167524 0.035348 -0.0452203 0.00597773 0.0943787 -0.0307574 -0.0431141 -0.0733565 -0.0800481 0.0189311 -0.00181053 0.0134925 -0.0263507 -0.10153 0.038701 -0.0976811 -0.0294323 0.00578162 0.195583 0.123012 -0.0124872 0.0584199 -0.0149579 0.0109818 -0.106943 -0.116371 -0.00532879 0.0120643 -0.0621241
internal_weight=15169 10440 4729 4635 5805 1029 3275 2204 786 1360 3700 4689 1927 1418 511 1116 923 1391 325 114 84 2762 93 2669 1905 52 605 1071 632 318
internal_count=15169 10440 4729 4635 5805 1029 3275 2204 786 1360 3700 4689 1927 1418 511 1116 923 1391 325 114 84 2762 93 2669 1905 52 605 1071 632 318
is_linear=0
shrinkage=0.05


Tree=29
num_leaves=31
num_cat=0
split_feature=0 2 5 10 2 5 10 7 11 12 11 5 0 3 11 12 12 10 1 1 13 1 11 1 1 0 12 12 5 0
split_gain=3189.36 2438.74 1679.77 842.826 587.356 534.08 371.486 403.365 322.585 391.131 310.106 296.847 271.469 255.982 248.112 237.802 233.098 232.68 230.315 225.87 223.926 196.96 196.863 188.103 186.304 168.323 184.621 164.027 161.216 251.329
threshold=32.500000000000007 25.885000000000002 0.046937339034991928 2024534.9500000002 12.455000000000002 0.073072711758699352 148242.10500000001 4.5000000000000009 -2.2169644999999991 -938135.62499999988 4.5382996499999999 0.018679368451360829 26.500000000000004 18.525000000000002 2.4555814000000007 -93744.529999999926 -529507.54999999993 3205916.1500000004 8.8099999999999952 11.308333333333334 3.0050000000000003 14.691666666666665 0.94047600000000042 7.3416666666666632 8.3633333333333315 15.500000000000002 1046835.6800000002 -552244.09999999974 0.090375066770556622 11.500000000000002
decision_type=2 2 2 2 2 2 2 2 2 2 2 2 2 2 2 2 2 2 2 2 2 2 2 2 2 2 2 2 2 2
left_child=1 5 19 6 13 8 10 14 9 12 -3 -9 -1 15 25 -4 23 20 -10 -2 -5 -6 -13 -7 -22 -8 -27 -16 -18 -30
right_child=2 3 4 17 21 16 7 11 18 -11 -12 22 -14 -15 27 -17 28 -19 -20 -21 24 -23 -24 -25 -26 26 -28 -29 29 -31
leaf_value=0.29962612519210036 0.0051712852590104696 -0.0090481268391741851 0.31135516205141622 -0.085559516246905748 0.054483466834111718 0.040236437647807891 -0.095190775045438825 -0.11228718563341311 -0.016235310784661193 0.021225059690199437 0.17655063822217609 -0.072533865933878477 0.066707109069002096 -0.0024857962504029277 0.16266597782572112 0.15614302738392649 0.020768204180869807 -0.13209024920853918 0.0075683955011400118 0.03327613698847761 -0.023069803343477385 0.098320175187964209 -0.0094608770082591151 0.18992234031821409 -0.096936813470767408 -0.022716420123109309 -0.13924557311194283 0.014833904606788312 0.026456249478476575 0.14380567621162818
leaf_weight=22 2263 1048 31 735 889 41 95 269 2435 459 23 312 29 20 24 121 839 163 1744 1045 349 360 205 43 113 1178 35 86 119 74
leaf_count=22 2263 1048 31 735 889 41 95 269 2435 459 23 312 29 20 24 121 839 163 1744 1045 349 360 205 43 113 1178 35 86 119 74
internal_value=-0.000484388 -0.0159148 0.0335806 -0.0429593 0.0790476 0.00567884 -0.0292196 -0.0409584 -0.00172001 0.0358208 -0.00506235 -0.0696887 0.167182 0.165672 -0.0250331 0.187798 0.0367659 -0.0760457 -0.00630144 0.0140496 -0.0684139 0.0671185 -0.0475243 0.116861 -0.0411368 -0.0310984 -0.0260788 0.0470882 0.0302465 0.0714503
internal_weight=15169 10440 4729 4635 1421 5805 3275 2204 4689 510 1071 786 51 172 1418 152 1116 1360 4179 3308 1197 1249 517 84 462 1308 1213 110 1032 193
internal_count=15169 10440 4729 4635 1421 5805 3275 2204 4689 510 1071 786 51 172 1418 152 1116 1360 4179 3308 1197 1249 517 84 462 1308 1213 110 1032 193
is_linear=0
shrinkage=0.05


Tree=30
num_leaves=31
num_cat=0
split_feature=1 13 12 2 2 10 14 13 9 12 14 9 12 13 11 9 9 0 2 10 1 12 14 12 13 11 11 10 11 0
split_gain=3181.77 1429.07 966.753 752.102 706.501 559.348 480.304 395.229 394.782 351.789 392.7 311.348 270.072 276.176 275.073 264.29 262.648 241.55 236.078 240.23 258.806 222.118 217.675 204.849 194.184 189.611 188.894 188.451 227.322 173.627
threshold=7.749999999999992 12.575000000000001 639837.40000000002 25.035000000000004 78.795000000000016 2939876.2500000005 12.895000000000001 6.4650000000000007 27.530441000000003 -608325.52499999991 6.8550000000000013 19.167434500000002 -353322.02999999985 9.7250000000000032 2.6099545000000002 8.1694795000000013 26.459640500000003 41.500000000000007 10.905000000000003 1369919.0500000003 17.17166666666667 -1411799.8499999999 1.0000000180025095e-35 -93744.529999999926 1.0000000180025095e-35 -2.2804869999999995 0.52168249999999994 268251.48500000004 -2.3403472500000002 30.500000000000004
decision_type=2 2 2 2 2 2 2 2 2 2 2 2 2 2 2 2 2 2 2 2 2 2 2 2 2 2 2 2 2 2
left_child=4 2 6 8 5 7 12 9 18 22 11 15 14 29 -2 -11 -4 -5 -3 20 -20 -9 -1 -10 27 -15 -8 -17 -29 -14
right_child=1 3 16 17 -6 -7 26 21 23 10 -12 -13 13 25 -16 24 -18 -19 19 -21 -22 -23 -24 -25 -26 -27 -28 28 -30 -31
leaf_value=0.045182765727219437 0.045143279289454219 0.16898623497479343 -0.090309836190193893 -0.032340883104908312 -0.10441923690607502 -0.093649541971734557 0.10414918844351671 0.078945638279805691 0.25353907197713854 -0.02282996732148708 -0.012254956955349134 -0.031206840912111091 -0.0042811667418963459 0.069797205216041089 0.23784722495824098 -0.029077371044291391 0.012680211432206517 0.053977102302308157 0.053822246467902846 -0.093842829290467 0.1277945540897496 -0.010217316930175704 -0.027947470277251904 0.12231211393686253 -0.069106863789802506 0.019112683556770704 0.021646275433401266 -0.0008293499196252715 -0.15731881956949278 0.014832816275088926
leaf_weight=194 250 55 300 224 304 289 194 72 36 175 677 620 3377 206 20 45 78 127 683 24 143 2337 214 171 399 1770 108 26 216 1833
leaf_count=194 250 55 300 224 304 289 194 72 36 175 677 620 3377 206 20 45 78 127 683 24 143 2337 214 171 399 1770 108 26 216 1833
internal_value=-0.000236752 0.017205 0.00902413 0.0627004 -0.0303057 -0.0260255 0.0128286 -0.0220972 0.0828417 -0.0357521 -0.043802 -0.0582228 0.0103248 0.0084802 0.0594176 -0.0776769 -0.0690579 -0.00110902 0.0685936 0.0620976 0.0666286 -0.00755242 0.00682524 0.145134 -0.0916684 0.0243966 0.0746448 -0.123035 -0.140506 0.00244358
internal_weight=15167 9599 8136 1463 5568 5264 7758 4975 1112 2566 2158 1481 7456 7186 270 861 378 351 905 850 826 2409 408 207 686 1976 302 287 242 5210
internal_count=15167 9599 8136 1463 5568 5264 7758 4975 1112 2566 2158 1481 7456 7186 270 861 378 351 905 850 826 2409 408 207 686 1976 302 287 242 5210
is_linear=0
shrinkage=0.05


Tree=31
num_leaves=31
num_cat=0
split_feature=1 13 12 2 2 13 14 12 1 9 12 4 4 0 2 12 9 4 9 14 12 12 13 0 12 9 11 9 0 2
split_gain=2871.54 1289.74 872.494 678.772 637.617 466.087 433.474 384.674 402.717 356.291 281.798 279.272 266.549 222.264 213.061 207.423 204.86 204.335 198.55 196.452 193.084 184.876 178.556 171.622 213.678 185.977 170.476 156.11 147.655 269.52
threshold=7.749999999999992 12.575000000000001 639837.40000000002 25.035000000000004 78.795000000000016 6.5050000000000008 12.895000000000001 -608325.52499999991 4.6083333333333298 27.530441000000003 339171.90000000014 1.0200000000000007 36.145000000000003 34.500000000000007 10.905000000000003 -1411799.8499999999 8.643631000000001 -21.274999999999995 5.8918304500000014 1.0000000180025095e-35 -414603.89999999997 -93744.529999999926 4.0050000000000008 34.500000000000007 -467518.02000000008 26.305374000000004 0.52168249999999994 18.238769500000004 29.500000000000004 15.215000000000002
decision_type=2 2 2 2 2 2 2 2 2 2 2 2 2 2 2 2 2 2 2 2 2 2 2 2 2 2 2 2 2 2
left_child=4 2 6 9 5 7 11 19 22 14 -10 16 -4 -5 -3 17 -2 -7 -17 -1 27 -11 -9 24 -16 -26 -8 -18 -22 -30
right_child=1 3 12 13 -6 15 26 8 10 21 -12 -13 -14 -15 23 18 20 -19 -20 -21 28 -23 -24 -25 25 -27 -28 -29 29 -31
leaf_value=0.042923627207391735 0.04315892243956522 0.16053692293438046 -0.041962572226450112 -0.048477836743896385 -0.099198274972456466 0.019125460065901281 0.09894172907950953 -0.080112340222745715 -0.023465068866226103 0.24086211644526989 -0.094123487685255372 -0.00063858588638916487 -0.14016968637377353 0.032327591686566626 0.18397904655763084 0.057421142573348516 0.023042054375472631 0.20198220681737769 -0.014241388620770174 -0.026550096305626852 0.002222039627185451 0.11619650734839036 -0.0030748325927429892 0.076319336939662502 0.032481300733842942 -0.096950740547430136 0.02056396208677648 0.12663498543428653 0.10870371063620868 0.017925427536466209
leaf_weight=194 709 55 287 145 304 50 194 802 1394 36 157 3443 91 206 21 101 81 22 2247 214 1915 171 83 533 265 31 108 66 88 1154
leaf_count=194 709 55 287 145 304 50 194 802 1394 36 157 3443 91 206 21 101 81 22 2247 214 1915 171 83 533 265 31 108 66 88 1154
internal_value=-0.000224914 0.0163448 0.00857293 0.0595654 -0.0287904 -0.0247243 0.0121872 -0.0384485 -0.0459741 0.0786996 -0.0306175 0.00980853 -0.065605 -0.00105357 0.0651639 -0.00859545 0.0187718 0.0749984 -0.0111588 0.00648398 0.0135386 0.137877 -0.0728874 0.0589928 0.02986 0.0189259 0.0709126 0.0695532 0.0109303 0.0243574
internal_weight=15167 9599 8136 1463 5568 5264 7758 2844 2436 1112 1551 7456 378 351 905 2420 4013 72 2348 408 3304 207 885 850 317 296 302 147 3157 1242
internal_count=15167 9599 8136 1463 5568 5264 7758 2844 2436 1112 1551 7456 378 351 905 2420 4013 72 2348 408 3304 207 885 850 317 296 302 147 3157 1242
is_linear=0
shrinkage=0.05


Tree=32
num_leaves=31
num_cat=0
split_feature=1 1 4 2 10 9 0 2 4 3 7 12 11 0 3 0 12 0 12 1 11 11 9 0 5 8 7 7 0 3
split_gain=2591.57 1105.4 717.056 654.724 583.215 395.895 313.688 292.918 289.624 260.199 244.23 230.17 229.476 218.819 274.688 206.698 202.813 194.49 190.613 199.322 190.514 193.849 557.639 220.764 259.317 191.908 260.356 190.891 189.454 264.164
threshold=7.749999999999992 12.410000000000002 23.340000000000003 16.685000000000006 2073702.5000000002 28.404663000000003 34.500000000000007 25.035000000000004 1.0200000000000007 1.0000000180025095e-35 1.5000000000000002 1094180.8750000002 -1.2643584999999999 31.500000000000004 11.505000000000001 25.500000000000004 19465.367500000004 13.500000000000002 -1206904.2799999998 6.6916666666666638 -2.2804869999999995 4.2208102500000013 16.274536000000001 27.500000000000004 0.074101523762456697 1.0000000180025095e-35 1.5000000000000002 1.5000000000000002 30.500000000000004 15.895000000000001
decision_type=2 2 2 2 2 2 2 2 2 2 2 2 2 2 2 2 2 2 2 2 2 2 2 2 2 2 2 2 2 2
left_child=4 2 8 10 7 12 17 9 20 -1 -3 -4 -6 16 -15 -9 -12 -5 19 -11 25 23 -23 -22 -25 -2 -27 -26 -20 -30
right_child=1 3 11 6 5 -7 -8 15 -10 18 13 -13 -14 14 -16 -17 -18 -19 28 -21 21 22 -24 24 27 26 -28 -29 29 -31
leaf_value=-0.13331751392499822 0.038041436999419198 0.14791658653039486 -0.036608225393276184 0.043210853133589411 -0.0087660896758149781 -0.017366717660173388 0.044706462524724586 -0.041131536476942919 -0.00093108582439996356 0.021194368716398324 0.051399795316575361 -0.1284295365072432 -0.085358032440566181 0.18873444623454955 0.073503662646401319 -0.012359581398213929 -0.10252113193273545 -0.035098089831237626 -0.01325316047888022 0.15566237198339927 0.0034887362782490302 -0.043355093291029337 0.31412548869848256 0.02388259154310314 0.22858574734284332 0.022316168426048191 0.26844771770252424 0.062115657008161733 0.16474161242896862 0.014631538108286258
leaf_weight=37 486 150 195 117 112 435 960 1481 3289 108 121 105 771 66 239 1079 26 246 1213 37 2139 24 20 1296 26 21 22 51 33 262
leaf_count=37 486 150 195 117 112 435 960 1481 3289 108 121 105 771 66 239 1079 26 246 1213 37 2139 24 20 1296 26 21 22 51 33 262
internal_value=-0.000213668 0.0155275 0.00702944 0.0494051 -0.0273509 -0.0564092 0.0297353 -0.0183393 0.0101122 -0.00218367 0.0926332 -0.0687457 -0.0756431 0.0742869 0.0984388 -0.0290046 0.0241757 -0.00985802 0.000751574 0.0555069 0.0190037 0.014839 0.119136 0.0135323 0.0291791 0.0469993 0.148244 0.118326 -0.00451336 0.0314235
internal_weight=15167 9599 7674 1925 5568 1318 1323 4250 7374 1690 602 300 883 452 305 2560 147 363 1653 145 4085 3556 44 3512 1373 529 43 77 1508 295
internal_count=15167 9599 7674 1925 5568 1318 1323 4250 7374 1690 602 300 883 452 305 2560 147 363 1653 145 4085 3556 44 3512 1373 529 43 77 1508 295
is_linear=0
shrinkage=0.05


Tree=33
num_leaves=31
num_cat=0
split_feature=1 13 12 2 2 10 14 9 13 12 14 9 4 11 10 13 11 10 13 10 1 2 12 11 12 14 11 12 4 1
split_gain=2338.89 1079.03 736.506 578.92 548.224 460.178 369.341 328.413 319.862 283.162 331.261 261.947 256.363 240.248 264.354 224.038 242.183 200.458 199.397 193.592 304.831 220.775 188.14 268.852 186.572 175.143 172.233 166.765 181.497 158.833
threshold=7.749999999999992 12.365 570318.25000000012 25.035000000000004 78.795000000000016 3060716.0000000005 12.275 27.530441000000003 6.4650000000000007 -608325.52499999991 6.8550000000000013 19.167434500000002 29.215000000000003 -2.0895847999999995 344923.15000000008 9.7250000000000032 -2.2804869999999995 132327.43000000002 1.0000000180025095e-35 1203109.5000000002 19.418333333333333 13.975000000000003 -353322.02999999985 2.3616790000000001 -93744.529999999926 1.0000000180025095e-35 3.3756865000000009 -1411799.8499999999 -21.274999999999995 4.3649999999999958
decision_type=2 2 2 2 2 2 2 2 2 2 2 2 2 2 2 2 2 2 2 2 2 2 2 2 2 2 2 2 2 2
left_child=4 2 6 7 5 8 15 19 9 25 11 13 -4 -11 -15 22 -17 -5 29 20 26 -22 23 -2 -9 -1 -3 28 -10 -16
right_child=1 3 12 17 -6 -7 -8 24 27 10 -12 -13 -14 14 18 16 -18 -19 -20 -21 21 -23 -24 -25 -26 -27 -28 -29 -30 -31
leaf_value=0.041362590689125678 0.030764713887358089 0.059901944030769955 -0.029186942078081052 0.025381476089261158 -0.0912693845034626 -0.096028119684862245 0.057637652115256059 0.2280754969027397 0.01612842407519929 -0.020135521843606972 -0.0093772519856765001 -0.027590674938048117 -0.11201864550755898 -0.020578445425188101 -0.17009432978274031 0.07359280506093499 0.016690982808159487 -0.051217475413917184 -0.072400614095311011 -0.045046779876098633 0.27215702943503856 0.088134302210826909 0.0010142240397903735 0.22303327266126871 0.10449756924382279 -0.024235177993801343 -0.034786897405580268 -0.0084615827919878785 0.18846409679813819 -0.087333942952458388
leaf_weight=194 200 823 273 242 304 203 400 37 50 194 683 666 142 135 131 210 1707 132 310 44 28 39 5076 20 175 214 51 2358 22 104
leaf_count=194 200 823 273 242 304 203 400 37 50 194 683 666 142 135 131 210 1707 132 310 44 28 39 5076 20 175 214 51 2358 22 104
internal_value=-0.000202985 0.0147512 0.00733535 0.0526469 -0.0259833 -0.022213 0.0108713 0.0696129 -0.0192522 -0.0313325 -0.0383597 -0.0512137 -0.0575294 -0.0692147 -0.0832167 0.0082778 0.0229244 -0.00165345 -0.0987326 0.0574627 0.0622559 0.165039 0.00297617 0.0482437 0.126065 0.00695592 0.0543766 -0.00617275 0.0687865 -0.133468
internal_weight=15167 9599 8028 1571 5568 5264 7613 1197 5061 2631 2223 1540 415 874 680 7213 1917 374 545 985 941 67 5296 220 212 408 874 2430 72 235
internal_count=15167 9599 8028 1571 5568 5264 7613 1197 5061 2631 2223 1540 415 874 680 7213 1917 374 545 985 941 67 5296 220 212 408 874 2430 72 235
is_linear=0
shrinkage=0.05


Tree=34
num_leaves=31
num_cat=0
split_feature=0 12 5 1 13 2 2 12 9 12 13 3 10 7 4 0 10 2 14 2 4 12 9 0 7 12 9 4 13 13
split_gain=2207.3 1501.37 1113.66 816.281 339.498 333.792 318.056 311.847 283.608 234.608 211.106 207.246 200.162 197.382 206.513 186.474 267.329 213.943 183.606 209.446 242.25 180.272 179.797 171.791 167.393 155.013 154.228 151.779 150.223 137.509
threshold=32.500000000000007 46645.629999999976 0.060882802543992698 7.3949999999999969 0.015000000000000001 25.475000000000005 24.575000000000003 -414603.89999999997 9.2961580000000001 1094180.8750000002 19.505000000000006 13.375000000000002 1250313.6500000001 1.0000000180025095e-35 -12.364999999999997 19.500000000000004 2073702.5000000002 38.425000000000004 12.895000000000001 19.185000000000006 -9.9349999999999969 -899267.86499999999 26.459640500000003 46.500000000000007 3.5000000000000004 20834.500000000004 19.167434500000002 -1.3899999999999995 12.365 10.155000000000003
decision_type=2 2 2 2 2 2 2 2 2 2 2 2 2 2 2 2 2 2 2 2 2 2 2 2 2 2 2 2 2 2
left_child=1 3 6 4 12 -3 28 11 18 15 13 -5 -1 25 -15 -7 17 -17 19 20 -9 -14 -11 -8 29 -4 -18 -12 -2 -10
right_child=2 5 10 7 -6 9 23 8 24 22 27 -13 21 14 -16 16 26 -19 -20 -21 -22 -23 -24 -25 -26 -27 -28 -29 -30 -31
leaf_value=-0.024182060440667105 0.026621216170493803 -0.015333488266337786 0.10391539871278738 0.19747478175163269 -0.0094797405137041699 -0.081020592843235387 0.013328521230448351 0.15030827482250778 0.00055018681228135701 -0.11126420671421595 0.24439657992034247 0.046674852319159604 0.035624996427355747 -0.092458363249897965 0.072119154741533395 -0.048466674515136872 -0.088625500167376914 0.012920723447926564 0.14090873024293357 -0.0054812846537777987 0.032815164834796559 -0.0730427178603376 0.015827537928858111 -0.02619286247908937 -0.012701578805105827 0.25663661124805609 -0.037144575323775998 0.11518214995628351 0.061298248951963868 0.027647764103726699
leaf_weight=578 947 609 54 25 1556 369 2373 47 1629 272 33 257 41 20 406 267 304 303 35 378 659 552 31 311 1612 24 279 73 466 657
leaf_count=578 947 609 54 25 1556 369 2373 47 1629 272 33 257 41 20 406 267 304 303 35 378 659 552 31 311 1612 24 279 73 466 657
internal_value=-0.000192836 -0.0129883 0.0282416 -0.00255655 -0.0247843 -0.0473866 0.0188572 0.00888239 0.00600667 -0.0580827 0.091271 0.0600436 -0.0451206 0.0777816 0.0643925 -0.0500839 -0.0401831 -0.0158344 0.0281944 0.0245551 0.0406369 -0.0655294 -0.0982614 0.00874911 -0.000362778 0.150907 -0.0639888 0.155409 0.0380575 0.00833807
internal_weight=15167 10460 4707 8026 2727 2434 4097 5299 5017 1825 610 282 1171 504 426 1522 1153 570 1119 1084 706 593 303 2684 3898 78 583 106 1413 2286
internal_count=15167 10460 4707 8026 2727 2434 4097 5299 5017 1825 610 282 1171 504 426 1522 1153 570 1119 1084 706 593 303 2684 3898 78 583 106 1413 2286
is_linear=0
shrinkage=0.05


Tree=35
num_leaves=31
num_cat=0
split_feature=0 12 2 13 5 11 10 13 7 9 12 12 12 9 13 9 3 9 2 3 10 0 2 4 9 12 0 11 11 2
split_gain=1967.08 1389.84 908.888 535.721 416.284 386.339 403.191 364.385 329.782 301.367 257.023 221.003 209.88 232.994 204.32 255.68 194.615 181.086 177.427 167.086 162.188 160.587 159.449 162.136 156.798 155.541 153.098 176.29 146.013 170.431
threshold=32.500000000000007 3808.0042000000121 21.095000000000002 10.045000000000002 0.044632894673933728 -1.6808929999999991 626790.12000000011 17.830000000000002 5.5000000000000009 19.797836500000006 1094180.8750000002 -467518.02000000008 -218140.17499999996 15.820083500000001 6.8450000000000006 23.792175000000004 16.005000000000006 8.4747620000000001 14.065000000000003 12.595000000000001 2768279.2500000005 46.500000000000007 15.405000000000003 -9.9349999999999969 11.475265500000001 727664.45000000007 25.500000000000004 1.0000000180025095e-35 0.92529300000000025 42.570000000000007
decision_type=2 2 2 2 2 2 2 2 2 2 2 2 2 2 2 2 2 2 2 2 2 2 2 2 2 2 2 2 2 2
left_child=1 3 7 5 10 12 17 -2 19 -10 14 16 18 -14 15 24 -5 -7 -1 -8 25 28 23 -13 -3 -17 27 -21 29 -4
right_child=2 4 21 11 -6 6 8 -9 9 -11 -12 22 13 -15 -16 20 -18 -19 -20 26 -22 -23 -24 -25 -26 -27 -28 -29 -30 -31
leaf_value=0.16758367918870029 0.050373652263600244 -0.042208732677889722 0.029552811198158981 0.2432137447098891 -0.0053077106126518739 0.026867786985405054 -0.16586438402533532 0.12394965543578834 -0.13262587101756215 -0.024250415867815414 -0.092909143284959791 0.14721190540326967 0.02140455327119509 -0.059235664334357063 -0.023103944131749821 -0.01584517598783566 0.06071810757275671 -0.0064848026708252795 0.045280733610531476 -0.062166541040068801 -0.080064769631082375 -0.02135901440650198 0.0080777435205943351 0.037295371544397202 -0.087715513768573228 0.12824073612689973 -0.00080710281800396196 -0.015102367662439806 -0.0015443492716522241 -0.0067928323963877407
leaf_weight=34 1228 287 1799 21 641 468 20 195 142 117 314 36 550 107 726 295 48 3121 232 335 99 313 672 493 556 20 587 490 834 393
leaf_count=34 1228 287 1799 21 641 468 20 195 142 117 314 36 550 107 726 295 48 3121 232 335 99 313 672 493 556 20 587 490 834 393
internal_value=0.000375954 -0.0117998 0.0269953 -0.000345031 -0.0409356 -0.00640252 -0.0116197 0.0604561 -0.0317488 -0.0836686 -0.0508779 0.0292413 0.0234423 0.00827137 -0.0442225 -0.0564198 0.11626 -0.00213568 0.0609134 -0.0223582 -0.0242414 0.0127351 0.0242419 0.0447755 -0.0722227 -0.00669686 -0.0203256 -0.0342133 0.0162617 0.0230365
internal_weight=15173 10411 4762 7473 2938 6203 5280 1423 1691 259 2297 1270 923 657 1983 1257 69 3589 266 1432 414 3339 1201 529 843 315 1412 825 3026 2192
internal_count=15173 10411 4762 7473 2938 6203 5280 1423 1691 259 2297 1270 923 657 1983 1257 69 3589 266 1432 414 3339 1201 529 843 315 1412 825 3026 2192
is_linear=0
shrinkage=0.05


Tree=36
num_leaves=31
num_cat=0
split_feature=1 10 10 13 2 13 0 5 12 12 0 1 9 7 12 7 10 10 1 9 12 0 9 0 2 4 9 9 0 7
split_gain=1823.66 994.991 480.87 493.082 437.722 356.248 337.882 294.511 260.115 257.964 244.334 236.15 231.735 224.242 251.892 264.586 268.976 211.387 178.937 178.573 167.95 158.861 155.155 147.975 145.959 144.68 180.097 142.029 139.824 139.542
threshold=11.216666666666667 1991309.6000000003 1788248.55 16.190000000000005 19.365000000000006 11.905000000000003 34.500000000000007 0.025710245296700667 8663.8774999999059 -69027.179999999891 21.500000000000004 3.8499999999999948 28.298676000000004 4.5000000000000009 -987015.83000000007 1.0000000180025095e-35 433764.51000000007 2706481.3500000006 4.3649999999999958 14.622360000000002 -552244.09999999974 32.500000000000007 29.014572500000003 12.500000000000002 47.465000000000011 0.64499999999999968 9.2961580000000001 3.5328064000000006 46.500000000000007 4.5000000000000009
decision_type=2 2 2 2 2 2 2 2 2 2 2 2 2 2 2 2 2 2 2 2 2 2 2 2 2 2 2 2 2 2
left_child=1 4 3 25 9 12 8 -5 13 -1 -10 -11 17 14 15 -6 -17 29 20 23 -15 -21 -4 -13 -12 26 -2 -25 -8 -3
right_child=2 5 22 7 6 -7 28 -9 10 11 24 19 -14 18 -16 16 -18 -19 -20 21 -22 -23 -24 27 -26 -27 -28 -29 -30 -31
leaf_value=0.043196431934551013 0.082421077371356968 -0.029654091485998253 -0.082113431888607757 -0.096728295795619493 -0.084494919241566602 0.11948129952405438 0.012514363569485105 0.10012566578672513 -0.0555105200989853 -0.094582106617050618 -0.027176492961567489 0.013171333554100688 -0.018995487922758968 -0.040158131415547249 -0.0056205531006111569 -0.036510312243511804 0.11583016341338392 -0.087546822123824836 -0.019508156983300273 -0.008790431243230824 -0.145273983805326 0.047586350651133973 0.044160664850665679 0.18355609070975334 0.024874023333088392 0.019387553173357924 0.033768537459462948 0.045023719230779878 -0.027351361971888394 -0.076176686069862762
leaf_weight=567 235 550 113 20 29 33 1778 380 708 57 535 930 534 114 2264 38 122 413 922 1322 57 138 31 20 180 1359 998 247 251 228
leaf_count=567 235 550 113 20 29 33 1778 380 708 57 535 930 534 114 2264 38 122 413 922 1322 57 138 31 20 180 1359 998 247 251 228
internal_value=0.000357156 -0.00849064 0.0343179 0.0386132 -0.00254561 -0.0432512 -0.00961057 0.090283 -0.0166311 0.0125232 -0.0346898 0.006115 -0.0463643 -0.00938425 -0.000991193 0.0544632 0.0796493 -0.0586355 -0.0282206 0.00827523 -0.0751967 -0.00346167 -0.0549294 0.0225909 -0.0140729 0.0306395 0.0430413 0.0554007 0.00758272 -0.043288
internal_weight=15173 12037 3136 2992 10279 1758 6998 400 4969 3281 1423 2714 1725 3546 2453 189 160 1191 1093 2657 171 1460 144 1197 715 2592 1233 267 2029 778
internal_count=15173 12037 3136 2992 10279 1758 6998 400 4969 3281 1423 2714 1725 3546 2453 189 160 1191 1093 2657 171 1460 144 1197 715 2592 1233 267 2029 778
is_linear=0
shrinkage=0.05


Tree=37
num_leaves=31
num_cat=0
split_feature=1 1 12 5 10 4 12 0 11 2 10 0 0 2 3 12 0 7 4 11 10 4 12 7 12 11 0 11 12 11
split_gain=1645.85 901.681 579.342 441.247 381.683 349.303 339.106 256.216 249.059 239.496 219.721 215.723 208.068 258.196 204.427 196.285 183.775 168.95 161.761 153.466 150.63 158.911 138.705 134.422 145.401 130.126 257.792 126.105 125.145 194.96
threshold=11.216666666666667 6.6916666666666638 639837.40000000002 0.060882802543992698 561001.70000000007 -0.22999999999999862 -577399.24999999988 30.500000000000004 0.35543834999999963 19.365000000000006 2706481.3500000006 25.500000000000004 11.500000000000002 10.615 22.135000000000002 -3.8787879999999988 25.500000000000004 1.0000000180025095e-35 -4.6199999999999992 0.70030199999999987 61747.071000000004 -18.584999999999997 -899267.86499999999 3.5000000000000004 -394184.50000000006 -2.2804869999999995 27.500000000000004 0.55296299999999754 339171.90000000014 -1.4213414499999997
decision_type=2 2 2 2 2 2 2 2 2 2 2 2 2 2 2 2 2 2 2 2 2 2 2 2 2 2 2 2 2 2
left_child=1 5 6 4 -2 10 25 -6 15 12 11 -1 -8 -14 -13 23 20 -10 19 -16 21 -11 -21 24 -5 26 -3 -18 29 -7
right_child=3 2 -4 8 7 28 9 -9 17 16 -12 14 13 -15 18 -17 27 -19 -20 22 -22 -23 -24 -25 -26 -27 -28 -29 -30 -31
leaf_value=-0.027356279073726564 0.02905282980227469 0.21595648834199618 -0.054185822565359636 0.27448503488586068 -0.070658805611942502 0.022669023299153816 0.0013283859003407341 0.020272166798186067 0.13201598138190235 0.09016500630952029 -0.06899846991754427 0.15843012187144032 0.198194220662117 0.02524714434877089 0.0024744223731199971 0.059922279733420049 0.012573775846138635 0.022543856611951189 -0.057601445487567363 0.1896616189926863 -0.027806942982826384 -0.0071881790926895785 0.043148123802218052 0.068098624689238413 0.13090859606184743 0.034813079253118072 0.032816742781711664 -0.010030127104415924 -0.08636991773747793 -0.053256260993775298
leaf_weight=840 1922 33 478 21 175 94 1794 139 39 43 186 23 22 1132 365 294 1619 366 84 20 1208 1665 84 70 110 227 46 997 236 841
leaf_count=840 1922 33 478 21 175 94 1794 139 39 43 186 23 22 1132 365 294 1619 366 84 20 1208 1665 84 70 110 227 46 997 236 841
internal_value=0.000339298 -0.00806611 -0.000579022 0.032602 0.0207031 -0.0330789 0.00233744 -0.0304059 0.0621643 0.000471469 -0.0179069 -0.0111957 0.0119821 0.0285442 0.0123719 0.0859559 -0.00566253 0.0330856 0.00629714 0.0177417 -0.0142942 -0.00473725 0.0713238 0.124035 0.153925 0.054048 0.109318 0.00395906 -0.0538351 -0.0456231
internal_weight=15173 12037 9264 3136 2236 2773 8786 314 900 8480 1602 1416 2948 1154 576 495 5532 405 553 469 2916 1708 104 201 131 306 79 2616 1171 935
internal_count=15173 12037 9264 3136 2236 2773 8786 314 900 8480 1602 1416 2948 1154 576 495 5532 405 553 469 2916 1708 104 201 131 306 79 2616 1171 935
is_linear=0
shrinkage=0.05


Tree=38
num_leaves=31
num_cat=0
split_feature=0 12 5 1 12 13 7 14 11 7 0 5 13 9 4 11 7 9 5 4 12 1 3 11 5 4 5 7 0 3
split_gain=1502.38 1060.62 713.095 564.453 377.534 282.499 252.748 321.278 243.254 264.085 240.141 231.242 218.069 168.437 264.71 164.696 208.644 192.934 160.034 157.982 145.684 143.77 195.736 176.981 142.195 137.434 184.68 161.154 132.21 130.613
threshold=32.500000000000007 72086.685000000027 0.047494657273754522 6.6916666666666638 -577399.24999999988 17.830000000000002 5.5000000000000009 12.135000000000003 -1.6808929999999991 5.5000000000000009 25.500000000000004 0.062637020698269902 6.6750000000000007 8.8034360000000031 -9.9349999999999969 -2.2169644999999991 1.5000000000000002 24.496765000000003 0.02772771361411171 -2.3699999999999997 570318.25000000012 0.011666666666660748 46.945000000000007 -0.65515150000000133 0.031700744759000955 -10.239999999999997 0.091575159983986229 1.0000000180025095e-35 46.500000000000007 11.825000000000001
decision_type=2 2 2 2 2 2 2 2 2 2 2 2 2 2 2 2 2 2 2 2 2 2 2 2 2 2 2 2 2 2
left_child=1 3 28 8 15 25 7 11 24 21 20 -6 -12 14 -13 19 17 -17 -11 -5 -3 22 -10 -24 -1 -4 27 -27 -2 -15
right_child=2 10 5 4 6 -7 -8 -9 9 18 12 13 -14 29 -16 16 -18 -19 -20 -21 -22 -23 23 -25 -26 26 -28 -29 -30 -31
leaf_value=0.059876085185324369 0.014175843251761506 -0.043396355609632342 -0.0086740906400656383 0.071232542014964248 -0.0016190418219926049 0.10917718512883696 -0.022843106455670788 0.20642566740512849 -0.10396124107142291 -0.098892424479126939 -0.046954213235923248 0.1773638533583532 0.0010493525037055245 0.057217265112537441 0.035869481776711891 0.032569337449967865 0.011914576003327966 0.2352225626292436 -0.011375518642581892 0.22542922187309999 -0.07953317242878806 -0.014849257879808016 -0.13003629712911788 -0.0012931926980013064 -0.015281375998751724 0.10189001914429463 0.18988111323636514 0.040013026746556185 -0.019957372494311201 0.0058269388279408411
leaf_weight=115 3030 815 111 46 3547 195 859 20 120 215 461 36 486 139 404 24 160 23 69 26 424 971 32 161 139 118 23 972 313 1119
leaf_count=115 3030 815 111 46 3547 195 859 20 120 215 461 36 486 139 404 24 160 23 69 26 424 971 32 161 139 118 23 972 313 1119
internal_value=0.000322333 -0.0103184 0.0235859 -0.00209107 0.00489605 0.0532838 0.00230461 0.00640754 -0.0266457 -0.0339988 -0.0412745 0.00564484 -0.0223188 0.0208186 0.0474463 0.0617777 0.0391213 0.13174 -0.0776295 0.126915 -0.0557628 -0.0243484 -0.053817 -0.0226392 0.0187466 0.0443792 0.0496702 0.0467116 0.01098 0.0115052
internal_weight=15173 10411 4762 8225 6403 1419 6124 5265 1822 1568 2186 5245 947 1698 440 279 207 47 284 72 1239 1284 313 193 254 1224 1113 1090 3343 1258
internal_count=15173 10411 4762 8225 6403 1419 6124 5265 1822 1568 2186 5245 947 1698 440 279 207 47 284 72 1239 1284 313 193 254 1224 1113 1090 3343 1258
is_linear=0
shrinkage=0.05


Tree=39
num_leaves=31
num_cat=0
split_feature=13 10 1 9 2 12 0 9 11 11 9 13 10 9 13 9 10 11 14 11 3 11 12 14 11 5 11 13 4 12
split_gain=1387.86 990.099 406.647 472.423 333.395 228.337 218.026 210.787 202.228 201.453 192.507 183.509 180.636 172.944 174.852 194.134 188.785 169.421 163.87 145.133 173.564 144.448 143.526 143.122 141.361 127.125 152.097 142.521 127.101 126.827
threshold=11.445000000000002 1991309.6000000003 7.2333333333333334 27.179703000000003 16.505000000000006 -608325.52499999991 37.500000000000007 8.8034360000000031 -3.3655244499999997 0.35543834999999963 28.298676000000004 17.830000000000002 2665367.0000000005 17.911408000000005 6.5450000000000008 8.0156250000000018 344923.15000000008 1.42906175 15.210000000000003 -0.077499000000001303 62.400000000000006 -1.1084440000000011 -304355.24999999994 11.185 3.3756865000000009 0.040040040041644791 2.3204039999999995 18.005000000000006 -10.239999999999997 46645.629999999976
decision_type=2 2 2 2 2 2 2 2 2 2 2 2 2 2 2 2 2 2 2 2 2 2 2 2 2 2 2 2 2 2
left_child=1 2 5 7 9 8 25 18 -1 11 12 -2 -3 14 15 -7 -17 -18 -4 29 -21 -5 24 -24 -9 26 27 -6 -23 -12
right_child=4 10 3 21 6 13 -8 22 -10 -11 19 -13 -14 -15 -16 16 17 -19 -20 20 -22 28 23 -25 -26 -27 -28 -29 -30 -31
leaf_value=0.13258063027240111 0.061893119489117632 -0.036949490611635973 0.017567960894050751 0.17358892822327715 -0.026736492034399723 -0.0072025178305083083 0.03981596924010497 0.021201290379318855 0.0044888188904188874 0.031017321454606318 -0.083566060783341528 0.12881255682975964 -0.076653347652832868 -0.0090220624490710156 -0.010753321926013623 -0.016578923586833601 -0.099626501139923038 -0.029405832202334344 0.15831374980154492 0.0065963127953692254 -0.12933592525124551 -0.072417689505077543 -0.0058088353257253408 0.022192567124241783 0.15792900644242766 0.018692571122638318 0.074372898831086998 -0.16304136738181116 0.05367950755912463 0.05052654451754366
leaf_weight=33 338 754 1361 24 221 191 811 345 465 319 110 147 462 984 408 150 331 116 21 387 25 21 5707 496 20 437 34 21 413 21
leaf_count=33 338 754 1361 24 221 191 811 345 465 319 110 147 462 984 408 150 331 116 21 387 25 21 5707 496 20 437 34 21 413 21
internal_value=0.000306217 -0.0061315 -0.000601973 0.00480246 0.035827 -0.01757 0.0220836 0.00195775 0.0129768 0.0618779 -0.040981 0.0821759 -0.0520343 -0.0245482 -0.0373222 -0.0510786 -0.0651161 -0.0814037 0.0197066 -0.0162281 -0.001652 0.0541812 -0.00177687 -0.00356981 0.0286932 0.00191402 -0.024652 -0.0385646 0.047578 -0.0620703
internal_weight=15173 12845 11086 8408 2328 2678 1524 7950 498 804 1759 485 1216 2180 1196 788 597 447 1382 543 412 458 6568 6203 365 713 276 242 434 131
internal_count=15173 12845 11086 8408 2328 2678 1524 7950 498 804 1759 485 1216 2180 1196 788 597 447 1382 543 412 458 6568 6203 365 713 276 242 434 131
is_linear=0
shrinkage=0.05


Tree=40
num_leaves=31
num_cat=0
split_feature=1 12 2 1 1 7 10 11 12 7 12 3 11 10 11 12 0 10 11 10 2 9 11 9 14 11 9 2 3 13
split_gain=1233.99 486.758 476.211 452.485 408.348 358.734 272.238 248.119 244.556 212.331 192.003 190.969 185.167 181.525 174.466 170.833 209.868 237.176 167.493 329.514 144.205 133.612 133.499 169.923 132.22 131.339 128.133 250.635 171.652 137.005
threshold=9.3966666666666665 81254.800000000061 28.955000000000002 0.013333333333331114 16.47666666666667 5.5000000000000009 2356781.6500000004 1.4884494999999991 -1206904.2799999998 2.5000000000000004 -96960.249999999985 81.450000000000017 -5.0733339999999991 2869579.0000000005 -1.6420595000000009 1094180.8750000002 17.500000000000004 2729713.1000000006 -2.3403472500000002 561001.70000000007 14.365 25.031647000000003 1.4884494999999991 20.050949000000003 10.695000000000002 0.048812999999999114 18.079803500000004 52.160000000000004 48.215000000000011 11.515000000000002
decision_type=2 2 2 2 2 2 2 2 2 2 2 2 2 2 2 2 2 2 2 2 2 2 2 2 2 2 2 2 2 2
left_child=1 3 4 7 9 8 -4 14 18 22 20 -7 -11 -9 -1 16 -3 26 19 -5 -6 -17 25 -24 -10 -2 28 29 -18 -28
right_child=2 15 6 5 10 11 -8 13 24 12 -12 -13 -14 -15 -16 21 17 -19 -20 -21 -22 -23 23 -25 -26 -27 27 -29 -30 -31
leaf_value=0.018455051360043315 0.033155449477793732 -0.081486043094929947 -0.00095004844291362808 0.005853655626033915 0.24193121285310815 -0.025181032584769981 -0.095499340049278597 0.086653392294458315 0.00022690730803938321 0.11261576363897843 0.062330472360166617 -0.14929859764524736 0.011319226073896767 -0.085178394818847827 -0.076839732088266555 -0.088732082671730939 -0.014287482370084065 -0.066317597342065104 0.027568729004431386 0.24033198923833909 0.066144417189061652 0.04417472032918817 -0.0049277405319869414 0.1029729171833467 0.061628887851544648 0.069244672201203714 -0.0068876443395243696 0.064601677235667454 -0.074576943815728422 -0.12506706127180503
leaf_weight=55 713 164 1267 29 28 983 81 51 5885 46 366 32 2343 22 379 190 517 251 144 31 20 21 278 42 89 390 432 132 153 26
leaf_count=55 713 164 1267 29 28 983 81 51 5885 46 366 32 2343 22 379 190 517 251 144 31 20 21 278 42 89 390 432 132 153 26
internal_value=0.000537772 -0.01034 0.0192451 -0.00476391 0.0274991 -0.00154598 -0.00663142 -0.0504178 0.00297997 0.0223771 0.0746616 -0.0290941 0.0132697 0.0348685 -0.0647632 -0.0331058 -0.0277648 -0.0219341 0.0568135 0.127001 0.168687 -0.0755044 0.037667 0.00923422 0.00114167 0.0459159 -0.0130926 0.00389867 -0.0280551 -0.0135965
internal_weight=15160 9586 5574 7700 4226 7193 1348 507 6178 3812 414 1015 2389 73 434 1886 1675 1511 204 60 48 211 1423 320 5974 1103 1260 590 670 458
internal_count=15160 9586 5574 7700 4226 7193 1348 507 6178 3812 414 1015 2389 73 434 1886 1675 1511 204 60 48 211 1423 320 5974 1103 1260 590 670 458
is_linear=0
shrinkage=0.05


Tree=41
num_leaves=31
num_cat=0
split_feature=1 12 2 1 1 7 10 11 12 7 11 5 12 10 2 2 11 0 10 12 5 3 11 11 0 11 0 2 11 14
split_gain=1113.68 439.299 429.78 408.368 368.534 323.757 252.098 223.927 220.712 192.022 181.717 174.194 173.283 166.086 161.13 159.844 157.455 152.915 194.181 172.763 190.976 152.698 154.183 148.553 144.662 141.199 130.924 130.145 122.31 119.328
threshold=9.3966666666666665 81254.800000000061 28.955000000000002 0.013333333333331114 16.47666666666667 5.5000000000000009 1906481.1000000003 1.4884494999999991 -1206904.2799999998 3.5000000000000004 2.9920193000000004 0.020479214037694145 -96960.249999999985 2706481.3500000006 10.905000000000003 19.665000000000003 -1.6420595000000009 17.500000000000004 2627191.5000000005 1094180.8750000002 0.023161551598144418 23.555000000000003 -3.1402586999999986 -0.11860699999999989 25.500000000000004 -5.0733339999999991 30.500000000000004 14.365 -0.34587100000000065 10.695000000000002
decision_type=2 2 2 2 2 2 2 2 2 2 2 2 2 2 2 2 2 2 2 2 2 2 2 2 2 2 2 2 2 2
left_child=1 3 4 7 9 8 -4 16 21 10 14 28 27 -9 -2 -3 -1 -17 19 20 23 -5 -23 -19 -8 -11 -24 -6 -7 -10
right_child=2 15 6 5 12 11 24 13 29 25 -12 -13 -14 -15 -16 17 -18 18 -20 -21 -22 22 26 -25 -26 -27 -28 -29 -30 -31
leaf_value=0.017532299370928244 0.10706358607735877 0.010812572133378127 0.0010612037064415955 0.15616404729775124 0.22983464971184731 0.011807995176474963 -0.12137228613044473 0.092615557184649852 0.00021556194145799188 0.10674043496449788 -0.018066878306368987 -0.016301391482062246 0.059213948514709458 -0.062484702521136831 0.032789278291723525 -0.085005432110581855 -0.072997745650508358 -0.026200177297414969 -0.064284328090245341 -0.076461870854792113 -0.03461106009131542 0.15932494523850355 -0.0030946009529991044 0.030966914134720965 -0.01971051078027403 0.0066542999364398517 0.1221653072834015 0.062837197296321395 -0.082388197091737919 0.058547443961933926
leaf_weight=55 76 200 1208 31 28 42 69 45 5885 36 171 781 366 28 1862 148 379 189 354 130 580 22 126 285 71 1667 25 20 192 89
leaf_count=55 76 200 1208 31 28 42 69 45 5885 36 171 781 366 28 1862 148 379 189 354 130 580 22 126 285 71 1667 25 20 192 89
internal_value=0.000510883 -0.00982304 0.0182829 -0.00452571 0.0261242 -0.00146868 -0.00629985 -0.0478969 0.00283097 0.0212582 0.0313424 -0.0276394 0.0709285 0.033125 0.035702 -0.0314505 -0.061525 -0.0364639 -0.0317928 -0.0220783 -0.0153707 0.0539728 0.0356611 0.00817244 -0.0698152 0.00877004 0.0176438 0.160252 -0.0654812 0.00108458
internal_weight=15160 9586 5574 7700 4226 7193 1348 507 6178 3812 2109 1015 414 73 1938 1886 434 1686 1538 1184 1054 204 173 474 140 1703 151 48 234 5974
internal_count=15160 9586 5574 7700 4226 7193 1348 507 6178 3812 2109 1015 414 73 1938 1886 434 1686 1538 1184 1054 204 173 474 140 1703 151 48 234 5974
is_linear=0
shrinkage=0.05


Tree=42
num_leaves=31
num_cat=0
split_feature=1 2 12 5 10 11 0 2 13 0 10 9 1 3 2 1 12 11 5 4 12 3 4 11 11 9 9 14 5 9
split_gain=1027.79 559.739 447.025 341.643 299.449 279.829 237.584 205.71 184.932 181.534 218.232 172.403 169.14 192.449 165.176 163.235 156.441 227.74 151.415 161.383 136.965 132.592 124.864 163.206 111.77 109.634 107.661 110.31 157.683 105.618
threshold=11.459999999999999 21.675000000000004 46645.629999999976 0.088613212910437431 2089676.9500000004 -0.76267950000000162 30.500000000000004 57.570000000000007 20.555000000000003 21.500000000000004 2627191.5000000005 18.079803500000004 0.011666666666660748 46.945000000000007 31.565000000000001 16.47666666666667 -353322.02999999985 3.3756865000000009 0.085142622059514478 -9.9349999999999969 1046835.6800000002 117.45000000000002 0.64499999999999968 -5.0733339999999991 -2.3403472500000002 20.800705000000004 26.659958000000003 0.54000000000000015 0.021862702797006396 15.256973500000003
decision_type=2 2 2 2 2 2 2 2 2 2 2 2 2 2 2 2 2 2 2 2 2 2 2 2 2 2 2 2 2 2
left_child=1 6 5 4 15 -3 18 12 -5 -4 11 20 13 -7 -13 22 17 -14 24 -20 -11 -9 23 -2 -1 29 27 28 -16 -17
right_child=3 2 9 8 -6 7 -8 21 -10 10 -12 14 16 -15 26 25 -18 -19 19 -21 -22 -23 -24 -25 -26 -27 -28 -29 -30 -31
leaf_value=0.026006760339511489 0.17557302594184876 0.011892477823447177 -0.056949939427103469 0.077185048536713499 -0.065464122118530685 -0.11590544649629625 0.033877612222838409 -0.034621927277580553 0.22758816494047643 -0.022514114286613093 -0.056258299589384032 -0.03147208995910155 0.015930572450543603 -0.004116847674519598 0.08082290080752462 0.039346186624855825 -0.009841893676283478 0.18652546394039834 0.14008081017390769 0.024165768021942344 -0.1009648488774415 -0.13625829798333786 0.010367821713332786 0.031359206408369894 -0.002802158029134352 0.076256056415427126 0.083861999995113443 -0.028186557237659733 -0.024579418473468537 -0.082433786065805537
leaf_weight=376 20 1488 603 112 91 77 743 571 25 542 394 162 286 77 94 117 3057 21 34 257 62 34 1174 1028 3219 252 73 93 57 21
leaf_count=376 20 1488 603 112 91 77 743 571 25 542 394 162 286 77 94 117 3057 21 34 257 62 34 1174 1028 3219 252 73 93 57 21
internal_value=0.000485339 -0.00576533 -0.0140335 0.0276009 0.0236967 -0.00669419 0.00797209 -0.0134022 0.104631 -0.033832 -0.0243939 -0.0128015 -0.00877067 -0.0600111 0.00960005 0.026803 -0.00642494 0.0275999 0.00301898 0.0377091 -0.030567 -0.0403337 0.0215664 0.0341114 0.000210958 0.0566383 0.0305896 0.0146515 0.0410353 0.0208145
internal_weight=15160 12320 7691 2840 2703 5611 4629 4123 137 2080 1477 1083 3518 154 479 2612 3364 307 3886 291 604 605 2222 1048 3595 390 317 244 151 138
internal_count=15160 12320 7691 2840 2703 5611 4629 4123 137 2080 1477 1083 3518 154 479 2612 3364 307 3886 291 604 605 2222 1048 3595 390 317 244 151 138
is_linear=0
shrinkage=0.05


Tree=43
num_leaves=31
num_cat=0
split_feature=0 5 2 10 12 11 11 5 3 7 2 13 9 11 3 11 11 9 7 9 4 9 13 4 11 11 2 13 14 14
split_gain=915.188 679.529 529.352 398.346 296.806 280.612 285.642 238.037 209.528 208.992 192.268 179.798 351.985 208.061 174.599 173.991 168.462 147.871 144.981 141.868 140.417 140.157 137.225 131.207 179.101 125.208 123.124 120.052 117.323 115.971
threshold=32.500000000000007 0.048744821382238145 22.325000000000003 61747.071000000004 -353322.02999999985 -3.3655244499999997 3.3756865000000009 0.088613212910437431 58.025000000000006 1.0000000180025095e-35 11.335000000000003 1.0050000000000001 23.493942500000003 0.19665499999999983 20.385000000000002 -2.2804869999999995 1.137619000000001 7.5291900000000007 3.5000000000000004 26.712097500000002 18.105000000000008 12.062149000000002 16.190000000000005 -12.364999999999997 -2.7166289999999997 0.94047600000000042 42.570000000000007 20.555000000000003 0.015000000000000001 6.6850000000000014
decision_type=2 2 2 2 2 2 2 2 2 2 2 2 2 2 2 2 2 2 2 2 2 2 2 2 2 2 2 2 2 2
left_child=1 3 7 23 5 8 9 -2 -5 -7 14 12 17 29 -3 -12 26 28 21 -11 -15 -19 -13 24 -1 -20 -4 -9 -6 -14
right_child=2 10 16 4 11 6 -8 27 -10 19 15 22 13 20 -16 -17 -18 18 25 -21 -22 -23 -24 -25 -26 -27 -28 -29 -30 -31
leaf_value=0.18284015293148431 0.037653342227907949 0.035529555220367208 0.018908886622710001 0.017088329082443603 -0.11437090365659625 -0.099435474537312996 0.17263462408022448 0.085137071154192737 0.24044350470815387 -0.0066591623918570769 0.035611913214862637 -0.019535994230737881 -0.081783500857297978 -0.00078652238668982632 0.17416585179045796 0.0012930122760226471 -0.014428793702496735 0.039008745336188727 -0.09224471053382112 0.11510214641690256 0.081984048496451578 -0.050555752768418366 -0.11198596865302179 -0.0017139588364638984 0.022176435944147227 -0.051130659139435132 -0.0093471328458510153 0.21620875813066959 0.015300417935828346 -0.011081614943446014
leaf_weight=22 1515 248 1895 21 21 60 22 58 21 555 412 1910 116 257 25 3565 721 52 469 25 64 273 41 1676 82 306 484 25 103 116
leaf_count=22 1515 248 1895 21 21 60 22 58 21 555 412 1910 116 257 25 3565 721 52 469 25 64 273 41 1676 82 306 484 25 103 116
internal_value=0.000461072 -0.0077713 0.0187938 -0.0183114 -0.0263355 0.00343994 -0.00451125 0.0421702 0.128766 -0.0106006 0.00763463 -0.0319583 -0.0434639 -0.0103572 0.0482252 0.0048483 0.0067436 -0.0584215 -0.0642564 -0.00141083 0.015716 -0.0362254 -0.0214788 0.00166762 0.056163 -0.0760113 0.0131603 0.124616 -0.00666005 -0.0464326
internal_weight=15160 10462 4698 6212 4432 704 662 1598 42 640 4250 3728 1777 553 273 3977 3100 1224 1100 580 321 325 1951 1780 104 775 2379 83 124 232
internal_count=15160 10462 4698 6212 4432 704 662 1598 42 640 4250 3728 1777 553 273 3977 3100 1224 1100 580 321 325 1951 1780 104 775 2379 83 124 232
is_linear=0
shrinkage=0.05


Tree=44
num_leaves=31
num_cat=0
split_feature=1 1 12 5 10 0 13 9 9 1 9 12 13 7 11 5 10 9 12 3 10 14 7 12 7 9 11 4 1 10
split_gain=867.738 465.392 366.379 280.487 258.978 246.495 255.176 204.101 181.404 155.434 153.954 149.639 148.681 147.511 173.235 142.574 140.142 132.734 220.652 145.533 130.026 119.596 123.284 117.715 115.845 110.252 109.023 107.184 107.161 155.469
threshold=11.459999999999999 6.9033333333333315 639837.40000000002 0.088613212910437431 2172581.8500000006 26.500000000000004 0.015000000000000001 26.564178500000001 27.179703000000003 7.3416666666666632 7.2740630000000008 -414603.89999999997 20.555000000000003 1.0000000180025095e-35 2.6734165000000005 0.017830079167651138 3205916.1500000004 26.618072500000004 -508703.4499999999 34.935000000000009 2438757.1500000004 12.710000000000003 2.5000000000000004 -1135356.0999999999 1.5000000000000002 25.974762000000002 -1.4971314999999998 -24.744999999999994 7.5933333333333328 2073702.5000000002
decision_type=2 2 2 2 2 2 2 2 2 2 2 2 2 2 2 2 2 2 2 2 2 2 2 2 2 2 2 2 2 2
left_child=1 5 8 4 17 15 27 25 10 -10 -3 13 -5 -12 -15 -1 -17 18 -2 -19 -9 22 28 24 -8 -4 -11 -7 -13 -30
right_child=3 2 7 12 -6 6 23 20 9 26 11 21 -14 14 -16 16 -18 19 -20 -21 -22 -23 -24 -25 -26 -27 -28 -29 29 -31
leaf_value=-0.053958046480433966 0.18435892701148987 0.019684004207751057 -0.04961108344841092 0.070539686924894346 -0.067380888920418824 0.044737961651249367 -0.014481913768078969 0.099402066241753739 -0.011793001490812541 0.15722353123128416 0.12351373816664156 -0.016282286412113715 0.20539831760525706 0.0076810797300588879 0.13538735688760364 -0.021199473130766665 -0.10477788018492551 0.053991743126576786 0.017495942670380873 -0.069798978328704839 -0.04925458761184321 0.076775934555284364 -0.010204986505984557 0.0096567929583769706 0.12199311486134928 -0.17000879272818567 0.037957678288904062 -0.036849641839355372 0.0094488597400914781 -0.11589825773239136
leaf_weight=553 20 943 386 112 79 44 23 38 178 20 37 554 25 315 29 1414 52 472 2107 25 24 46 3692 593 48 20 457 473 2356 25
leaf_count=553 20 943 386 112 79 44 23 38 178 20 37 554 25 315 29 1414 52 472 2107 25 24 46 3692 593 48 20 457 473 2356 25
internal_value=0.000438018 -0.00530537 0.000451035 0.025353 0.0218155 -0.0217111 -0.00356676 -0.0426386 0.00278182 0.0280794 0.00070981 -0.00182672 0.0951489 0.0286503 0.018447 -0.0323246 -0.0241641 0.0245009 0.0190649 0.0477648 0.0418576 -0.00356683 -0.00412451 0.0169414 0.0777829 -0.055542 0.0429583 -0.029906 0.00352425 0.00813274
internal_weight=15160 12320 9120 2840 2703 3200 1181 468 8652 655 7997 7054 137 381 344 2019 1466 2624 2127 497 62 6673 6627 664 71 406 477 517 2935 2381
internal_count=15160 12320 9120 2840 2703 3200 1181 468 8652 655 7997 7054 137 381 344 2019 1466 2624 2127 497 62 6673 6627 664 71 406 477 517 2935 2381
is_linear=0
shrinkage=0.05


Tree=45
num_leaves=31
num_cat=0
split_feature=2 0 10 0 9 7 5 10 12 11 12 4 4 1 9 2 5 7 0 7 14 12 1 12 5 9 7 12 11 1
split_gain=857.933 601.778 571.159 279.591 256.147 216.979 272.918 152.551 152.125 157.444 234.085 161.364 147.165 262.596 146.118 194.4 139.438 180.956 178.811 133.979 168.513 179.576 160.165 167.553 134.954 206.59 134.403 135.032 127.7 124.457
threshold=20.735000000000003 29.500000000000004 526275.87000000011 25.500000000000004 27.121002000000001 1.0000000180025095e-35 0.073556459117862433 3154311.3500000006 570318.25000000012 -1.7647097500000004 -1411799.8499999999 -36.689999999999991 -31.314999999999994 7.803333333333331 23.359573500000003 44.985000000000007 0.084068944314477478 1.5000000000000002 13.500000000000002 4.5000000000000009 6.8850000000000007 -1135356.0999999999 5.1766666666666676 1094180.8750000002 0.036238448870888916 23.645599500000007 1.5000000000000002 -128850.44999999982 -2.2804869999999995 8.3383333333333312
decision_type=2 2 2 2 2 2 2 2 2 2 2 2 2 2 2 2 2 2 2 2 2 2 2 2 2 2 2 2 2 2
left_child=1 16 4 8 12 6 -3 19 9 10 -4 -11 13 -2 -10 -16 28 18 -18 20 21 -5 -21 -24 -23 -26 -27 -28 -1 -14
right_child=2 5 3 7 -6 -7 -8 -9 14 11 -12 -13 29 -15 15 -17 17 -19 -20 22 -22 24 23 -25 25 26 27 -29 -30 -31
leaf_value=0.030534883861097373 0.002731259636580944 0.059944720836892652 0.17400692768394949 0.086585190404078069 0.048593774875442378 0.033636040882703333 0.19937056289162747 -0.071045406099329605 -0.077305603498610223 -0.11198254380724393 -0.005399381865863688 -0.030965807253364914 -0.0118808634684605 0.20119870582222943 -0.093974808267047336 0.071097427200792096 0.037796640789167862 0.014290975294437925 0.17686728427284643 -0.060770722841912442 0.11064636227157382 0.0075686919636087152 0.0027650655226843812 -0.10221401000661511 -0.0019079011055492909 -0.15920759862172418 -0.14173286100849511 0.0035212891486783825 -0.0012854271482309451 0.004484054379916288
leaf_weight=350 50 191 20 58 279 1433 43 94 324 64 200 1549 1864 25 31 42 59 319 38 204 36 785 400 42 214 40 24 48 3180 3084
leaf_count=350 50 191 20 58 279 1433 43 94 324 64 200 1549 1864 25 31 42 59 319 38 204 36 785 400 42 214 40 24 48 3180 3084
internal_value=0.00024569 0.0157371 -0.00892948 -0.0227621 0.00196286 0.0409255 0.0855657 -0.00890745 -0.0348461 -0.0287685 0.0109103 -0.0341804 -0.00062723 0.0688871 -0.0629072 0.000998259 0.00509613 0.0324754 0.0922779 -0.00575187 0.00409749 0.000816255 -0.0241241 -0.00721032 -0.00366133 -0.0307029 -0.0857221 -0.0448968 0.00186956 -0.0016809
internal_weight=15090 5613 9477 4175 5302 1667 234 1945 2230 1833 220 1613 5023 75 397 73 3946 416 97 1851 1205 1169 646 442 1111 326 112 72 3530 4948
internal_count=15090 5613 9477 4175 5302 1667 234 1945 2230 1833 220 1613 5023 75 397 73 3946 416 97 1851 1205 1169 646 442 1111 326 112 72 3530 4948
is_linear=0
shrinkage=0.05


Tree=46
num_leaves=31
num_cat=0
split_feature=13 10 9 5 0 14 13 12 9 0 1 11 10 3 9 11 13 11 12 11 11 9 0 11 11 4 5 13 5 4
split_gain=774.375 450.544 337.17 310.743 237.639 228.658 288.839 228.088 267.023 215.349 208.406 239.878 185.958 166.074 161.04 143.666 136.635 130.458 125.984 172.585 121.208 277.696 157.307 159.049 129.372 167.001 163.572 117.106 126.878 114.766
threshold=9.7250000000000032 1971205.5000000002 27.121002000000001 0.056132473906196224 40.500000000000007 8.5450000000000017 1.0000000180025095e-35 -224324.22499999998 5.5449677000000008 13.500000000000002 4.3649999999999958 -1.5324550000000003 354688.98000000004 67.175000000000026 28.298676000000004 -0.4858244999999996 7.2650000000000006 -2.4056089999999997 361771.55100000004 2.0407410000000001 -1.5672607500000006 24.738037000000002 27.500000000000004 -3.3655244499999997 2.5232999999999994 -40.309999999999988 0.030613806606959188 14.005000000000001 0.026126714328893939 -20.489999999999995
decision_type=2 2 2 2 2 2 2 2 2 2 2 2 2 2 2 2 2 2 2 2 2 2 2 2 2 2 2 2 2 2
left_child=1 2 5 4 13 6 10 20 16 -5 11 29 -13 17 -3 -7 -9 -2 -11 -20 21 22 23 -8 25 -22 -26 -6 -29 -1
right_child=3 14 -4 9 27 15 7 8 -10 18 -12 12 -14 -15 -16 -17 -18 -19 19 -21 24 -23 -24 -25 26 -27 -28 28 -30 -31
leaf_value=0.10016406714916229 0.049497398321420472 -0.039819392525733049 0.033163974183496078 0.014297743063199784 0.019714657010414027 0.034295987204459824 0.18810638497816401 -0.040731459241360429 -0.0096867693742344711 0.058169348688098713 -0.017673809147792839 0.01220398314410551 -0.10901428964186125 -0.11830478136337573 -0.0067736583761870868 0.0027461025365848987 0.060213365583064185 -0.0058231254568938693 -0.069971403314478028 0.10716979593038559 -0.087742756420503498 0.19514857617116743 -0.02044173415998618 0.032016118330990571 0.16649409486302014 0.012235935434128778 0.011333028090799727 -0.053442171514034277 0.080041013902842281 -0.027989768207972422
leaf_weight=25 116 1206 635 598 615 491 24 40 4040 837 1764 38 189 31 531 1361 207 1311 44 20 46 31 75 51 29 454 41 20 162 58
leaf_count=25 116 1206 635 598 615 491 24 40 4040 837 1764 38 189 31 531 1361 207 1311 44 20 46 31 75 51 29 454 41 20 162 58
internal_value=0.000233405 -0.00628465 -0.00204436 0.0199161 0.00818734 -0.00453848 -0.00861357 -0.00214844 -0.00660127 0.03756 -0.0243182 -0.0621266 -0.0887222 -0.00381335 -0.0297173 0.0111106 0.043866 -0.00132615 0.0529993 -0.0146148 0.02327 0.0589163 0.0307616 0.081965 0.0119508 0.0030379 0.075614 0.0301409 0.0653725 0.0106108
internal_weight=15090 11336 9599 3754 2255 8964 7112 5038 4287 1499 2074 310 227 1458 1737 1852 247 1427 901 64 751 181 150 75 570 500 70 797 182 83
internal_count=15090 11336 9599 3754 2255 8964 7112 5038 4287 1499 2074 310 227 1458 1737 1852 247 1427 901 64 751 181 150 75 570 500 70 797 182 83
is_linear=0
shrinkage=0.05


Tree=47
num_leaves=31
num_cat=0
split_feature=2 0 0 10 7 9 9 4 11 11 9 1 3 7 9 14 0 11 3 14 11 4 9 0 2 0 11 10 13 7
split_gain=718.257 506.654 479.531 251.382 198.389 186.338 167.928 166.321 235.251 208.171 329.466 200.781 164.621 181.881 155.229 131.771 130.48 128.594 150.036 183.75 169.27 146.843 122.907 122.14 147.474 135.405 123.609 120.105 116.712 121.949
threshold=20.735000000000003 29.500000000000004 32.500000000000007 2040687.5000000002 3.5000000000000004 26.848953000000005 22.400192000000004 -11.894999999999998 3.983032000000001 -3.9641418499999999 12.847030500000001 6.9033333333333315 23.265000000000004 1.0000000180025095e-35 7.1562806000000014 13.085000000000003 34.500000000000007 0.3781280000000003 35.415000000000006 8.6050000000000022 -2.0301514999999983 -3.5499999999999994 9.3874965000000028 30.500000000000004 32.865000000000002 8.5000000000000018 -0.11860699999999989 729884.77000000014 7.535000000000001 1.0000000180025095e-35
decision_type=2 2 2 2 2 2 2 2 2 2 2 2 2 2 2 2 2 2 2 2 2 2 2 2 2 2 2 2 2 2
left_child=1 22 3 5 6 7 14 8 9 10 -2 -9 13 27 -3 -6 -14 18 -4 -20 -21 -19 -1 25 -25 26 -11 -8 -24 -30
right_child=2 4 17 -5 15 -7 12 11 -10 23 -12 -13 16 -15 -16 -17 -18 21 19 20 -22 -23 28 24 -26 -27 -28 -29 29 -31
leaf_value=0.020534640428020178 0.0065350346840344943 0.10819554556405447 0.025173143257169434 -0.034612460327806426 0.0040166983257786592 0.030208364867077165 0.10505971594247968 -0.03937743229281275 0.17284945068614824 0.16138646977709695 0.2521805459544772 -0.011350100985260958 0.075699655791478498 0.068305197080558017 0.02388579809689453 0.063768035858309119 -0.071047814506472962 0.025351211792494385 -0.013611321623471298 0.19573760811239482 0.02206404564228464 -0.012999960260574815 -0.01104702476475789 -0.018051167204976081 0.17166068284284502 -0.016519933311770693 0.0032217035132149859 0.23393673650149643 -0.021228369299845826 0.014888865373535731
leaf_weight=929 39 61 1295 1461 503 261 48 829 21 21 21 2788 28 332 520 113 33 322 572 20 47 1110 1370 20 21 599 30 29 282 1365
leaf_count=929 39 61 1295 1461 503 261 48 829 21 21 21 2788 28 332 520 113 33 322 572 20 47 1110 1370 20 21 599 30 29 282 1365
internal_value=0.000221735 0.0143961 -0.0081734 -0.0165207 0.0375082 -0.0108363 0.0507135 -0.0132771 0.00779103 0.00317555 0.092511 -0.0177738 0.0729348 0.0843627 0.0327376 0.0149776 -0.00368832 0.00698112 0.0153905 -0.00443492 0.0739069 -0.0043763 0.00463233 -0.00458151 0.0791183 -0.00986104 0.0683484 0.153598 -0.000264343 0.00870486
internal_weight=15090 5613 9477 6111 1667 4650 1051 4389 772 751 60 3617 470 409 581 616 61 3366 1934 639 67 1432 3946 691 41 650 51 77 3017 1647
internal_count=15090 5613 9477 6111 1667 4650 1051 4389 772 751 60 3617 470 409 581 616 61 3366 1934 639 67 1432 3946 691 41 650 51 77 3017 1647
is_linear=0
shrinkage=0.05


Tree=48
num_leaves=31
num_cat=0
split_feature=2 0 10 0 9 7 9 3 12 11 9 12 11 12 4 9 2 10 4 11 9 12 10 4 2 14 7 14 12 5
split_gain=648.227 459.584 441.501 247.665 209.171 180.551 160.923 167.573 182.849 149.928 145.149 131.274 132.579 196.284 139.906 129.852 174.633 129.683 126.055 208.797 122.774 146.332 146.062 144.814 159.597 119.881 114.422 148.575 149.749 135.428
threshold=20.735000000000003 28.500000000000004 526275.87000000011 25.500000000000004 27.121002000000001 3.5000000000000004 22.400192000000004 23.265000000000004 290936.5500000001 0.17677250000000114 7.1562806000000014 570318.25000000012 -1.7647097500000004 -1411799.8499999999 -36.689999999999991 23.359573500000003 44.985000000000007 3154311.3500000006 1.8249999999999995 4.2208102500000013 14.523651000000003 -673860.84999999986 212362.34000000003 -9.3199999999999967 12.865 13.085000000000003 4.5000000000000009 6.8850000000000007 -1135356.0999999999 0.025710245296700667
decision_type=2 2 2 2 2 2 2 2 2 2 2 2 2 2 2 2 2 2 2 2 2 2 2 2 2 2 2 2 2 2
left_child=1 20 4 11 18 6 10 8 9 -8 -3 12 13 -4 -14 -13 -17 26 19 -2 22 -22 23 24 -1 -7 27 28 -5 -30
right_child=2 5 3 17 -6 25 7 -9 -10 -11 -12 15 14 -15 -16 16 -18 -19 -20 -21 21 -23 -24 -25 -26 -27 -28 -29 29 -31
leaf_value=0.17993669327762393 0.0053071459695738362 0.10278576926679397 0.16010553508996964 0.080366625049119372 0.043950460667348062 0.0038547924311803042 0.068772438940912145 -0.0051557334906914658 -0.010811394101008773 0.13457821349111887 0.021433262573920253 -0.070939958195725211 -0.10306470004652511 -0.0041777314657811078 -0.02762675712092072 -0.087138248661593087 0.069316440767475548 -0.064178353286486994 -0.0089831170682680133 0.13000833348316307 0.046703018739267632 -0.0070310123975821153 -0.031139169229572872 0.014752008903554843 0.039991704496857988 0.060579634270737925 -0.020955708360907856 0.10517216465539403 0.020260981541188761 -0.015706920535461421
leaf_weight=27 2641 61 20 58 279 530 259 68 50 130 542 324 64 200 1549 31 42 94 2348 34 135 2061 160 1394 83 113 646 36 422 689
leaf_count=27 2641 61 20 58 279 530 259 68 50 130 542 324 64 200 1549 31 42 94 2348 34 135 2061 160 1394 83 113 646 36 422 689
internal_value=0.000210648 0.0136763 -0.00776473 -0.0199264 0.00181182 0.0349067 0.0471197 0.0678818 0.0791951 0.0907641 0.029663 -0.0312995 -0.0256538 0.0107571 -0.03062 -0.0573666 0.00287678 -0.0068867 -0.000528748 0.00689213 0.00403462 -0.00372769 0.0142786 0.0191103 0.0743418 0.0138235 -0.00397723 0.00512492 0.00204391 -0.00204495
internal_weight=15090 5613 9477 4175 5302 1753 1110 507 439 389 603 2230 1833 220 1613 397 73 1945 5023 2675 3860 2196 1664 1504 110 643 1851 1205 1169 1111
internal_count=15090 5613 9477 4175 5302 1753 1110 507 439 389 603 2230 1833 220 1613 397 73 1945 5023 2675 3860 2196 1664 1504 110 643 1851 1205 1169 1111
is_linear=0
shrinkage=0.05


Tree=49
num_leaves=31
num_cat=0
split_feature=13 12 14 1 5 11 11 12 12 9 11 9 13 0 0 2 12 11 10 11 14 8 14 11 0 9 9 13 4 12
split_gain=606.326 366.983 302.699 259.03 245.388 194.239 201.895 189.717 182.605 145.886 142.87 136.718 200.938 131.487 129.947 128.818 131.295 125.949 121.117 116.15 132.22 128.002 112.552 169.233 110.61 110.06 109.834 109.222 106.897 148.507
threshold=9.7250000000000032 352639.0500000001 11.495000000000003 0.011666666666660748 0.038662284891050482 1.4884494999999991 -1.6420595000000009 -467518.02000000008 -577399.24999999988 6.1634520000000004 2.1288752500000006 22.898666500000001 6.3850000000000007 30.500000000000004 25.500000000000004 31.015000000000004 660371.7000000003 -5.6715239999999998 1897873.1500000001 0.028548999999999939 15.210000000000003 1.0000000180025095e-35 1.0000000180025095e-35 -3.3655244499999997 27.500000000000004 29.458053000000003 17.344162000000004 7.7250000000000005 -21.274999999999995 -1411799.8499999999
decision_type=2 2 2 2 2 2 2 2 2 2 2 2 2 2 2 2 2 2 2 2 2 2 2 2 2 2 2 2 2 2
left_child=1 2 3 5 14 6 -1 -6 22 10 -10 12 -3 -9 18 -13 -17 -15 -2 20 21 -4 23 -5 -14 -19 -21 -26 -25 -30
right_child=4 11 19 8 7 -7 -8 13 9 -11 -12 15 24 17 -16 16 -18 25 -20 26 -22 -23 -24 28 27 -27 -28 -29 29 -31
leaf_value=0.03830279860911625 -0.017148056789201407 -0.063745139618275395 0.02497764703890322 0.17384293668649414 0.094959435631570069 0.049826150746257222 -0.063157775903092281 0.011509050928949856 0.01255536139593658 -0.0066449382971737235 0.1151711410118474 -0.035085255308496884 -0.037118865718157631 0.13887439811868327 0.0077257886106167021 -0.022085309439813194 0.083586284422287438 0.029422134141886314 -0.10437040273100139 -0.012173349822755575 0.17464428550523262 0.12631683622486889 -0.0079655722556368058 0.0016406106007610553 -0.031940788470885974 0.12329926133388654 0.038214264158727376 0.060066463306355171 0.15075267903945025 0.036501263355001298
leaf_weight=56 233 488 141 22 95 54 394 1272 587 7912 36 133 195 28 763 53 66 1283 48 193 23 40 187 169 55 32 246 78 34 174
leaf_count=56 233 488 141 22 95 54 394 1272 587 7912 36 133 195 28 763 53 66 1283 48 193 23 40 187 169 55 32 246 78 34 174
internal_value=0.000200116 -0.00556749 -0.0026661 -0.004885 0.0176166 -0.039779 -0.0505316 0.025551 -0.00295686 -0.00481061 0.018485 -0.0334621 -0.0434036 0.0230295 -0.00297941 -0.0012705 0.0365225 0.0339409 -0.0320472 0.0305484 0.0617223 0.047373 0.0240428 0.0390442 -0.0131394 0.0317066 0.0160621 0.0220184 0.0311779 0.055177
internal_weight=15090 11336 10268 9625 3754 504 450 2710 9121 8535 623 1068 816 2615 1044 252 119 1343 281 643 204 181 586 399 328 1315 439 133 377 208
internal_count=15090 11336 10268 9625 3754 504 450 2710 9121 8535 623 1068 816 2615 1044 252 119 1343 281 643 204 181 586 399 328 1315 439 133 377 208
is_linear=0
shrinkage=0.05


Tree=50
num_leaves=31
num_cat=0
split_feature=1 5 1 12 1 14 9 10 12 12 13 7 0 9 9 4 7 7 14 9 13 7 2 2 9 7 2 14 11 7
split_gain=573.214 296.598 269.018 260.639 229.428 229.309 181.83 164.795 152.501 146.981 188.901 171.269 155.285 130.326 123.64 123.02 128.051 119.374 123.29 115.121 160.988 114.441 110.915 107.677 107.1 188.329 123.972 106.213 106.185 103.854
threshold=10.628333333333336 0.026599281582358365 6.6916666666666638 639837.40000000002 18.698333333333334 5.3650000000000011 16.939773500000005 1236502.0000000002 -577399.24999999988 -608325.52499999991 4.9650000000000007 1.0000000180025095e-35 27.500000000000004 8.643631000000001 18.238769500000004 0.43999999999999956 1.0000000180025095e-35 3.5000000000000004 12.930000000000001 18.341415500000004 7.5650000000000004 2.5000000000000004 10.905000000000003 22.965000000000003 5.3281708000000014 2.5000000000000004 13.245000000000003 11.285000000000002 -5.0733339999999991 3.5000000000000004
decision_type=2 2 2 2 2 2 2 2 2 2 2 2 2 2 2 2 2 2 2 2 2 2 2 2 2 2 2 2 2 2
left_child=2 5 9 8 13 6 -2 -6 19 11 -11 23 -12 15 29 16 -3 18 22 -4 -21 -8 -15 -1 25 26 -10 -26 -18 -13
right_child=1 4 3 -5 7 -7 21 -9 24 10 12 14 -14 17 -16 -17 28 -19 -20 20 -22 -23 -24 -25 27 -27 -28 -29 -30 -31
leaf_value=0.0046097389069096797 -0.10080947829449896 0.14971581742995316 0.0024684927607182979 -0.038706962716127384 0.092585062264629148 0.021331789177763308 -0.054858980231708099 -0.023854730580304122 0.17987746699996618 -0.03546205390186833 -0.021954642018853218 0.086390109826949835 0.022294401422732923 0.1114614924698165 -0.0112812853303733 0.014393640516409368 0.13784199488659701 0.0017070567035042342 0.14278265663555689 0.028175422496413097 0.13394663096744228 0.049890171984831498 0.018782772317839168 -0.12332217988901234 -0.0028861333537883189 -0.0001958119063353052 0.051599241417044632 0.043422126706453068 0.037973975465372525 0.015700673741512291
leaf_weight=29 118 36 139 445 170 153 62 37 23 1464 547 87 311 33 188 262 30 1260 21 104 55 45 1485 38 7166 245 104 126 236 129
leaf_count=29 118 36 139 445 170 153 62 37 23 1464 547 87 311 33 188 262 30 1260 21 104 55 45 1485 38 7166 245 104 126 236 129
internal_value=-0.000159546 0.0162226 -0.00593426 -0.00146776 0.020682 -0.0258941 -0.0580076 0.0717722 0.000613554 -0.0193785 -0.0245444 0.00608893 -0.00591565 0.0175373 0.0183674 0.0394646 0.0612149 0.013119 0.022462 0.0357061 0.0647629 -0.0108056 0.0207975 -0.0679487 -0.000750954 0.0254181 0.0748307 -0.00208596 0.0492373 0.0441728
internal_weight=15148 3948 11200 8407 3570 378 225 207 7962 2793 2322 471 858 3363 404 564 302 2799 1539 298 159 107 1518 67 7664 372 127 7292 266 216
internal_count=15148 3948 11200 8407 3570 378 225 207 7962 2793 2322 471 858 3363 404 564 302 2799 1539 298 159 107 1518 67 7664 372 127 7292 266 216
is_linear=0
shrinkage=0.05


Tree=51
num_leaves=31
num_cat=0
split_feature=1 5 1 12 1 14 9 12 12 0 1 3 3 11 9 11 10 10 11 12 9 4 2 7 14 5 7 1 9 14
split_gain=517.326 267.68 242.789 235.227 207.058 206.951 164.102 150.542 137.632 135.704 155.853 164.606 145.216 122.364 120.718 120.143 119.118 117.437 125.356 123.104 125.158 115.292 109.716 108.085 106.157 105.077 191.201 115.507 104.813 105.084
threshold=10.628333333333336 0.026599281582358365 6.6916666666666638 639837.40000000002 18.698333333333334 5.3650000000000011 16.939773500000005 361771.55100000004 -577399.24999999988 30.500000000000004 0.013333333333331114 63.275000000000013 23.825000000000003 3.0860290000000012 8.643631000000001 -2.0895847999999995 706108.44000000006 462567.43500000006 0.058913999999998808 -363397.48499999993 27.761230500000003 -14.849999999999998 32.415000000000006 3.5000000000000004 12.930000000000001 0.054097918261655151 1.0000000180025095e-35 14.691666666666665 13.080688500000003 1.0000000180025095e-35
decision_type=2 2 2 2 2 2 2 2 2 2 2 2 2 2 2 2 2 2 2 2 2 2 2 2 2 2 2 2 2 2
left_child=2 5 9 8 13 6 -2 -6 -4 15 -11 12 16 14 25 22 -12 -17 -19 28 -21 -22 -1 24 -16 27 -27 -3 -20 -30
right_child=1 4 3 -5 7 -7 -8 -9 -10 10 11 -13 -14 -15 23 17 -18 18 19 20 21 -23 -24 -25 -26 26 -28 -29 29 -31
leaf_value=-0.025066893057125374 -0.095769004157539139 0.0023309293598300076 0.033920830938865075 -0.036771614695951513 0.082128180900618519 0.020265199730379713 -0.010265317681097539 -0.06219880394637585 -0.00071340668133655573 -0.073704253608044598 0.17307662460066023 0.12278220105697127 -0.0072971421421773866 -0.015362908036012991 0.022392748346277375 0.0012548596952351649 0.028860014403859775 -0.049215222483009115 -0.091845436181340903 -0.040209084876540457 -0.077805513868460796 0.018793123641255547 0.040331551568832863 0.0033097746475998103 0.13564352308000838 0.19601543654377263 0.048901962442533704 0.10447107829095331 0.050275005502226126 -0.035203660890460016
leaf_weight=123 118 205 298 445 187 153 107 20 7664 53 21 34 295 274 1412 309 45 670 21 686 37 187 134 1118 21 24 277 32 128 50
leaf_count=123 118 205 298 445 187 153 107 20 7664 53 21 34 295 274 1412 309 45 670 21 686 37 187 134 1118 21 24 277 32 128 50
internal_value=-0.000151569 0.0154115 -0.00563754 -0.00139437 0.0196479 -0.0245994 -0.0551073 0.0681835 0.000582876 -0.0184096 0.00680563 0.0176082 0.00770264 0.0166605 0.019501 -0.0232268 0.0747471 -0.0271974 -0.0321393 -0.021823 -0.0296131 0.0028371 0.00903191 0.0149617 0.0240524 0.0410244 0.0606319 0.016122 0.0138003 0.0262641
internal_weight=15148 3948 11200 8407 3570 378 225 207 7962 2793 448 395 361 3363 3089 2345 66 2088 1779 1109 910 224 257 2551 1433 538 301 237 199 178
internal_count=15148 3948 11200 8407 3570 378 225 207 7962 2793 448 395 361 3363 3089 2345 66 2088 1779 1109 910 224 257 2551 1433 538 301 237 199 178
is_linear=0
shrinkage=0.05


Tree=52
num_leaves=31
num_cat=0
split_feature=0 12 1 1 11 9 7 9 13 4 9 9 5 2 7 1 1 1 1 2 11 10 9 9 10 11 0 8 9 11
split_gain=474.487 358.287 268.168 240.41 226.973 213.456 184.244 182.947 188.324 177.244 162.127 317.187 155.42 153.939 189.44 154.763 143.43 140.546 138.905 136.705 125.898 120.803 119.758 208.135 136.87 113.006 109.758 108.596 248.905 394.065
threshold=32.500000000000007 2531.8764999999971 18.698333333333334 15.839999999999996 -2.2804869999999995 26.035950000000003 5.5000000000000009 27.671173500000005 16.190000000000005 -17.974999999999998 14.361099000000001 13.080688500000003 0.042167404692593037 11.825000000000001 1.0000000180025095e-35 8.7049999999999965 4.3649999999999958 8.6416666666666639 0.043333333333329199 13.515000000000002 1.1628574999999997 2585729.9000000004 13.756622500000001 17.424499500000003 2729713.1000000006 -0.31936599999999998 34.500000000000007 1.0000000180025095e-35 15.820083500000001 -1.9130095000000009
decision_type=2 2 2 2 2 2 2 2 2 2 2 2 2 2 2 2 2 2 2 2 2 2 2 2 2 2 2 2 2 2
left_child=1 3 12 4 5 9 13 8 19 10 11 -1 27 14 15 -6 -12 -11 20 -3 -15 -22 -21 -24 -25 -5 -4 -2 -29 -30
right_child=2 7 26 25 6 -7 -8 -9 -10 17 16 -13 -14 18 -16 -17 -18 -19 -20 22 21 -23 23 24 -26 -27 -28 28 29 -31
leaf_value=0.026863268751870187 0.00091305755395501727 0.057526040710508819 -0.027643008173807812 0.17186427629656265 0.22594617491676694 0.17088781061271829 -0.024457132560444281 0.0082780025437798194 -0.13647035438763469 -0.010141091603790555 0.088975135753968398 0.2519548222936433 0.022450666195254182 -0.053005505883440135 0.016931736067163985 0.043448729039384772 -0.062082421481609341 0.037257967489586701 -0.00077783972293337658 -0.01132883877328596 0.057644818893127274 -0.085179572105407719 -0.061362018794664575 -0.013741448282361429 -0.060943577196248759 0.041924449232068256 0.089658223208660889 -0.028283832710391532 0.2791183498772708 0.040802750445720626
leaf_weight=34 2662 50 23 27 21 24 957 460 38 388 33 29 1732 238 296 26 30 262 4925 887 57 20 489 881 186 44 150 75 22 82
leaf_count=34 2662 50 23 27 21 24 957 460 38 388 33 29 1732 238 296 26 30 262 4925 887 57 20 489 881 186 44 150 75 22 82
internal_value=-0.00014399 -0.00612136 0.0129568 -0.000226183 -0.00111189 0.0240274 -0.00418703 -0.0207282 -0.026 0.0194853 0.0737599 0.130477 0.0106451 -0.000712462 0.0317386 0.12499 0.017043 0.00896438 -0.00283664 -0.0243161 -0.0350259 0.0205476 -0.0259912 -0.0343495 -0.0219697 0.0913382 0.0740633 0.00344798 0.041146 0.0912157
internal_weight=15148 10402 4746 7411 7340 800 6540 2991 2531 776 126 63 4573 5583 343 47 63 650 5240 2493 315 77 2443 1556 1067 71 173 2841 179 104
internal_count=15148 10402 4746 7411 7340 800 6540 2991 2531 776 126 63 4573 5583 343 47 63 650 5240 2493 315 77 2443 1556 1067 71 173 2841 179 104
is_linear=0
shrinkage=0.05


Tree=53
num_leaves=31
num_cat=0
split_feature=1 1 12 5 7 10 0 4 7 2 0 3 12 13 14 11 0 7 3 5 7 11 13 12 12 11 4 11 11 12
split_gain=435.076 235.143 202.645 190.336 162.787 141.933 148.83 129.978 127.18 197.686 126.027 123.156 119.289 149.081 116.51 113.341 102.19 100.319 169.015 96.2367 128.04 106.176 105.43 94.6871 94.3154 90.3748 87.7845 87.5306 85.616 105.311
threshold=11.363333333333335 7.1933333333333342 639837.40000000002 0.066028395045580529 1.0000000180025095e-35 50594.261500000008 27.500000000000004 -2.9250000000000003 3.5000000000000004 11.335000000000003 36.500000000000007 20.385000000000002 -608325.52499999991 4.9650000000000007 8.7450000000000028 4.2208102500000013 24.500000000000004 1.0000000180025095e-35 78.795000000000016 0.026599281582358365 2.5000000000000004 2.3616790000000001 14.005000000000001 -508703.4499999999 81254.800000000061 -4.6472317999999992 20.420000000000005 -2.0895847999999995 0.77445999999999959 -1206904.2799999998
decision_type=2 2 2 2 2 2 2 2 2 2 2 2 2 2 2 2 2 2 2 2 2 2 2 2 2 2 2 2 2 2
left_child=1 12 8 5 7 19 -7 -5 9 11 23 -3 17 27 15 -10 24 18 -1 20 -2 22 -21 -6 -15 -16 -26 -14 -19 -30
right_child=3 2 -4 4 10 6 -8 -9 14 -11 -12 -13 13 16 25 -17 -18 28 -20 21 -22 -23 -24 -25 26 -27 -28 -29 29 -31
leaf_value=0.0023093391766047314 -0.0806944675040695 0.048027083269603879 -0.033486477070185747 0.17367495245849476 0.12855192797258497 -0.040905100828165127 0.0073407291686560976 0.021680804748426787 -0.01231505530383132 0.0059912854521934379 0.083361999844840051 0.18222109391575769 0.0069608962492699314 -0.010193194735283104 0.097951111849397421 0.090714443174807396 0.0075478731069488388 0.002640616830807302 -0.15954240726954913 0.020543971779650241 0.010733948824792236 -0.01218594208661769 0.055357355433449919 0.017383391276376104 -0.067445564471806094 0.0067944407808356623 0.044640844613313677 -0.031355516643264116 0.12585702052559047 0.023171501147976899
leaf_weight=54 53 92 419 39 20 232 514 22 2351 4413 102 21 164 651 28 27 694 349 23 962 138 185 281 453 138 940 20 1635 34 94
leaf_count=54 53 92 419 39 20 232 514 22 2351 4413 102 21 164 651 28 27 694 349 23 962 138 185 281 453 138 940 20 1635 34 94
internal_value=-0.000136791 -0.00434865 0.000395591 0.0169113 0.0411933 0.0103814 -0.00766334 0.118857 0.00219902 0.00766343 0.0329542 0.0729658 -0.0145495 -0.0181517 -0.00519247 -0.0111453 -0.00652842 0.00692069 -0.046036 0.018696 -0.0146362 0.0231543 0.0284141 0.022084 -0.0186038 0.0094312 -0.0532574 -0.0278625 0.0154693 0.0504473
internal_weight=15148 12147 8291 3001 636 2365 746 61 7872 4526 575 113 3856 3302 3346 2378 1503 554 77 1619 191 1428 1243 473 809 968 158 1799 477 128
internal_count=15148 12147 8291 3001 636 2365 746 61 7872 4526 575 113 3856 3302 3346 2378 1503 554 77 1619 191 1428 1243 473 809 968 158 1799 477 128
is_linear=0
shrinkage=0.05


Tree=54
num_leaves=31
num_cat=0
split_feature=1 5 1 12 14 1 9 10 12 13 7 0 3 3 12 5 3 9 5 7 9 13 9 9 3 9 10 11 10 11
split_gain=394.348 213.761 187.037 178.601 174.731 158.449 144.019 122.236 112.674 147.625 135.766 123.031 120.584 118.096 111.236 104.099 102.385 101.303 101.493 100.456 98.3101 145.997 94.1725 114.897 111.155 96.9466 94.2853 92.8207 110.59 128.758
threshold=10.628333333333336 0.026599281582358365 6.6916666666666638 639837.40000000002 5.3650000000000011 18.698333333333334 16.939773500000005 1236502.0000000002 -608325.52499999991 4.9650000000000007 1.0000000180025095e-35 27.500000000000004 62.400000000000006 78.795000000000016 -577399.24999999988 0.090375066770556622 23.145000000000003 18.238769500000004 0.018679368451360829 2.5000000000000004 18.341415500000004 7.5650000000000004 12.636291500000002 26.459640500000003 24.315000000000001 25.974762000000002 2438757.1500000004 3.3756865000000009 50594.261500000008 -0.20251450000000035
decision_type=2 2 2 2 2 2 2 2 2 2 2 2 2 2 2 2 2 2 2 2 2 2 2 2 2 2 2 2 2 2
left_child=2 4 8 14 6 15 -2 -7 10 -10 13 -11 16 -1 20 27 -13 18 -12 -8 -4 -22 24 25 -5 -24 -25 28 -3 -30
right_child=1 5 3 22 -6 7 19 -9 9 11 17 12 -14 -15 -16 -17 -18 -19 -20 -21 21 -23 23 26 -26 -27 -28 -29 29 -31
leaf_value=-0.011756382418521257 -0.088421935859625628 0.021425444747005008 -0.00021668336481499157 0.10996294716993969 0.018927595197083126 0.077626847384826225 -0.049594676807042097 -0.0226568071876426 -0.030304219743063233 -0.018461035205364903 -0.028287556854098346 0.070110212156518567 0.13662297526995343 -0.15156528962695082 -0.00063789857840750768 0.057646261087998196 -0.0027859839910181752 -0.0097370214451926746 0.057545894509278286 0.048545556416114174 0.022507633988145523 0.12323375948535449 -0.044122834800979741 0.078996443715603923 -0.049639568030834198 -0.15757332423701884 -0.048914749845862388 -0.020698545543091692 -0.020606267671233677 0.016624728057798625
leaf_weight=44 118 2083 139 24 153 170 62 37 1464 547 43 61 21 23 7664 135 229 188 173 45 104 55 322 34 20 20 25 194 403 548
leaf_count=44 118 2083 139 24 153 170 62 37 1464 547 43 61 21 23 7664 135 229 188 173 45 104 55 322 34 20 20 25 194 403 548
internal_value=-0.000129951 0.013458 -0.00491969 -0.00119543 -0.0222968 0.0172438 -0.0503294 0.0597017 -0.0161298 -0.0206528 0.00616822 -0.00418458 0.0209255 -0.0597505 0.000527465 0.0146304 0.0125474 0.0171003 0.0404587 -0.00832075 0.0304984 0.05735 -0.0320218 -0.0396409 0.0374163 -0.0507574 0.0247968 0.0128314 0.0149754 0.000847555
internal_weight=15148 3948 11200 8407 378 3570 225 207 2793 2322 471 858 311 67 7962 3363 290 404 216 107 298 159 445 401 44 342 59 3228 3034 951
internal_count=15148 3948 11200 8407 378 3570 225 207 2793 2322 471 858 311 67 7962 3363 290 404 216 107 298 159 445 401 44 342 59 3228 3034 951
is_linear=0
shrinkage=0.05


Tree=55
num_leaves=31
num_cat=0
split_feature=0 12 7 9 3 14 13 11 3 13 13 14 0 3 10 0 10 9 12 3 9 9 3 3 2 7 2 4 2 7
split_gain=433.313 328.583 251.8 225.064 221.825 198.973 136.392 133.843 131.6 123.342 138.654 118.457 116.099 161.895 114.362 112.818 147.145 107.383 120.203 142.258 113.692 107.377 106.15 101.251 99.1644 89.8484 88.9066 82.3303 80.0355 79.7858
threshold=32.500000000000007 936.72715000000028 5.5000000000000009 27.671173500000005 25.345000000000002 8.9000000000000021 10.365 2.6734165000000005 81.450000000000017 5.995000000000001 16.355000000000004 10.455000000000002 26.500000000000004 62.400000000000006 2272686.2500000005 25.500000000000004 2706481.3500000006 22.560333000000004 493552.75999999995 19.745000000000001 13.756622500000001 14.361099000000001 13.975000000000003 1.0000000180025095e-35 10.905000000000003 3.5000000000000004 47.785000000000004 -23.599999999999998 58.835000000000008 1.0000000180025095e-35
decision_type=2 2 2 2 2 2 2 2 2 2 2 2 2 2 2 2 2 2 2 2 2 2 2 2 2 2 2 2 2 2
left_child=1 2 5 9 7 6 23 24 27 17 15 -6 13 -8 -5 16 -11 20 28 -20 -3 -7 -14 -1 -2 -13 -22 -4 -19 -25
right_child=4 3 8 14 11 21 12 -9 -10 10 -12 25 22 -15 -16 -17 -18 18 19 -21 26 -23 -24 29 -26 -27 -28 -29 -30 -31
leaf_value=-0.093210127800703049 0.085684065091320205 -0.025424271888170608 0.062225685268640522 0.043518037403527221 -0.00063642202989135652 0.067553460026917228 0.015706920652150232 -0.019313957775011659 -0.088960297198167879 -0.018099455518917274 -0.11156191685521562 0.10132982831617648 0.15568278781496561 -0.12147300175645136 -0.006620851465960466 0.0073408491649396062 -0.11098503934012519 -0.015465332608399614 -0.039649091357434239 0.10815597547263633 -0.092428460345922309 0.010098160274942437 0.039025189118603101 -0.015615164618082645 0.02592403405642453 0.021795005093040151 -0.046875225361974381 -0.020627972517895041 -0.11358735113559913 0.0017649832066316947
leaf_weight=30 72 446 31 181 2305 182 961 161 70 812 36 44 26 22 306 478 45 155 27 41 149 147 78 789 1936 184 381 914 24 4049
leaf_count=30 72 446 31 181 2305 182 961 161 70 812 36 44 26 22 306 478 45 155 27 41 149 147 78 789 1936 184 381 914 24 4049
internal_value=0.00022168 -0.00548238 0.000297353 -0.0191748 0.0128138 0.00402969 0.00193844 0.0245499 -0.02281 -0.0250302 -0.0147326 0.00276425 0.0179519 0.0126368 0.0120139 -0.0121215 -0.0229768 -0.0365739 -0.00712289 0.0494687 -0.0440272 0.0418819 0.0681896 -0.00163727 0.0280668 0.0371438 -0.0596817 -0.01791 -0.0286214 -0.00106944
internal_weight=15082 10380 7299 3081 4702 6284 5955 2169 1015 2594 1371 2533 1087 983 487 1335 857 1223 247 68 976 329 104 4868 2008 228 530 945 179 4838
internal_count=15082 10380 7299 3081 4702 6284 5955 2169 1015 2594 1371 2533 1087 983 487 1335 857 1223 247 68 976 329 104 4868 2008 228 530 945 179 4838
is_linear=0
shrinkage=0.05


Tree=56
num_leaves=31
num_cat=0
split_feature=0 12 7 1 9 3 14 9 11 3 9 5 10 14 11 14 4 12 0 3 12 12 7 3 9 7 2 12 3 11
split_gain=391.065 296.546 227.249 220.118 203.12 200.197 146.313 122.159 204.591 118.769 118.691 159.63 156.816 132.042 107.671 106.907 99.8855 99.8771 101.105 96.7016 94.7288 89.9303 81.0882 79.9496 79.5913 77.0064 149.041 165.956 281.898 167.54
threshold=32.500000000000007 936.72715000000028 5.5000000000000009 15.286666666666664 27.671173500000005 25.345000000000002 8.9000000000000021 22.255066000000003 -0.38772600000000063 81.450000000000017 8.1694795000000013 0.028998114891232465 402971.80000000005 6.5650000000000004 1.8714448000000004 10.455000000000002 -6.2250000000000023 1094180.8750000002 25.500000000000004 1.0000000180025095e-35 87089.800000000061 24510.349999999922 3.5000000000000004 117.45000000000002 5.5449677000000008 3.5000000000000004 11.335000000000003 -899267.86499999999 22.015000000000004 -3.3655244499999997
decision_type=2 2 2 2 2 2 2 2 2 2 2 2 2 2 2 2 2 2 2 2 2 2 2 2 2 2 2 2 2 2
left_child=1 2 3 6 17 7 19 10 20 -4 13 12 -12 -2 -6 -7 -10 18 24 -1 -9 -20 -17 25 -3 26 -21 28 -28 -30
right_child=5 4 9 -5 14 15 -8 8 16 -11 11 -13 -14 -15 -16 22 -18 -19 21 23 -22 -23 -24 -25 -26 -27 27 -29 29 -31
leaf_value=-0.088549620608488727 0.076027124005217939 0.022065636547064629 -0.01701452069678689 0.087846850584466743 0.0059442966458196425 -0.00060460089165222412 0.035604190463684675 0.0082626642820663575 0.14669299506478839 -0.084512283280491832 0.020685769123277475 0.0014390270935127755 0.16794802551639493 -0.0050486474235255556 0.11247919721901417 0.096263336699286661 0.048410912968546133 -0.050556899312199532 -0.067183230168841507 0.060452836931120447 -0.10066914179108361 -0.00018117141852533257 0.020705254600666786 -0.09834856569766999 -0.030086656289113136 -0.006974020985545378 0.19055090382181367 0.0013171517300579229 0.14278455837987936 0.0070507221088554331
leaf_weight=30 141 77 945 77 462 2305 322 215 27 70 48 1001 29 78 25 44 608 307 54 120 22 690 184 20 1466 1753 29 3726 26 181
leaf_count=30 141 77 945 77 462 2305 322 215 27 70 48 1001 29 78 25 44 608 307 54 120 22 690 184 20 1466 1753 29 3726 26 181
internal_value=0.000210596 -0.00520826 0.000282485 0.00382821 -0.018216 0.0121731 0.00278592 0.0233224 0.0377939 -0.0216695 0.0135928 0.00677539 0.0761482 0.0471508 0.0114132 0.00262604 0.0525898 -0.0237787 -0.020184 0.000990261 -0.00184915 -0.00504422 0.0352866 0.00144905 -0.0274841 0.00179111 0.00555527 0.00389254 0.0445532 0.0240994
internal_weight=15082 10380 7299 6284 3081 4702 6207 2169 872 1015 1297 1078 77 219 487 2533 635 2594 2287 5885 237 744 228 5855 1543 5835 4082 3962 236 207
internal_count=15082 10380 7299 6284 3081 4702 6207 2169 872 1015 1297 1078 77 219 487 2533 635 2594 2287 5885 237 744 228 5855 1543 5835 4082 3962 236 207
is_linear=0
shrinkage=0.05


Tree=57
num_leaves=31
num_cat=0
split_feature=0 12 7 1 9 3 1 12 11 2 11 11 13 13 3 10 1 9 1 9 3 0 10 9 0 2 1 11 2 9
split_gain=352.936 267.633 205.092 198.657 183.316 180.678 129.938 133.149 128.784 134.553 141.461 116.383 109.487 123.545 107.189 101.25 133.838 97.8716 137.958 100.24 97.2716 95.0673 131.011 94.4453 87.2242 84.6334 83.7347 83.5468 116.531 121.972
threshold=32.500000000000007 936.72715000000028 5.5000000000000009 15.286666666666664 27.671173500000005 25.345000000000002 7.9866666666666593 -353322.02999999985 1.8714448000000004 21.935000000000006 -1.1084440000000011 2.6734165000000005 5.995000000000001 16.355000000000004 81.450000000000017 2272686.2500000005 5.501666666666666 22.560333000000004 6.7566666666666668 13.756622500000001 11.975000000000003 25.500000000000004 2706481.3500000006 24.618271000000004 46.500000000000007 10.905000000000003 13.130000000000001 -2.4056089999999997 74.280000000000015 17.737274000000003
decision_type=2 2 2 2 2 2 2 2 2 2 2 2 2 2 2 2 2 2 2 2 2 2 2 2 2 2 2 2 2 2
left_child=1 2 3 6 12 11 -1 8 9 10 -8 25 17 21 -4 16 -6 19 23 -3 -9 22 -14 -19 -7 26 -2 -21 -29 -30
right_child=5 4 14 -5 15 24 7 20 -10 -11 -12 -13 13 -15 -16 -17 -18 18 -20 27 -22 -23 -24 -25 -26 -27 -28 28 29 -31
leaf_value=-0.0051087506034574667 0.16560919992625714 -0.023113620603423684 -0.016163794767076432 0.08345450802718278 0.16247412636876107 0.0059404346066689612 0.13795228723598563 0.037180577657882095 0.16455537263642661 -0.012493403019738924 0.0056203332729637626 -0.018746702020419531 -0.015785622255103153 -0.10428937752731145 -0.08028666860557028 -0.0066914694355207265 0.025331925246748866 0.019630282986219286 0.021475745185901146 0.016150558401683442 0.0044301467433370129 0.0074427847897587151 -0.10343107045524652 -0.093891861510316019 -0.022489401052708979 0.023456234655947081 0.045224196420839205 -0.076990376778296538 -0.073877402723712085 0.016445001546876975
leaf_weight=2888 20 446 945 77 20 2226 46 246 22 76 36 161 812 36 70 306 161 27 163 38 2893 478 45 57 307 1936 52 341 68 83
leaf_count=2888 20 446 945 77 20 2226 46 246 22 76 36 161 812 36 70 306 161 27 163 38 2893 478 45 57 307 1936 52 341 68 83
internal_value=0.000200066 -0.00494785 0.000268361 0.00363679 -0.0173052 0.0115645 0.00264663 0.00939491 0.0512159 0.0354344 0.0798553 0.0221562 -0.0225897 -0.0128877 -0.0205861 0.0108426 0.0404858 -0.0334658 -0.00534928 -0.0405814 0.00699676 -0.010423 -0.0203878 -0.0574026 0.00249473 0.0254358 0.0786645 -0.0552806 -0.0607977 -0.02423
internal_weight=15082 10380 7299 6284 3081 4702 6207 3319 180 158 82 2169 2594 1371 1015 487 181 1223 247 976 3139 1335 857 84 2533 2008 72 530 492 151
internal_count=15082 10380 7299 6284 3081 4702 6207 3319 180 158 82 2169 2594 1371 1015 487 181 1223 247 976 3139 1335 857 84 2533 2008 72 530 492 151
is_linear=0
shrinkage=0.05


Tree=58
num_leaves=31
num_cat=0
split_feature=0 12 7 1 9 3 14 9 11 11 12 13 13 3 14 11 7 13 1 5 9 1 9 12 3 0 10 9 9 13
split_gain=318.525 241.538 185.096 179.288 165.442 163.062 129.553 106.441 184.061 112.594 118.597 98.8121 111.5 96.738 95.6469 94.285 91.8769 119.042 164.477 91.3784 88.3291 124.507 90.4668 87.3564 86.5124 85.7983 118.237 85.2369 82.5021 82.0755
threshold=32.500000000000007 936.72715000000028 5.5000000000000009 15.286666666666664 27.671173500000005 25.345000000000002 8.9000000000000021 22.255066000000003 -0.38772600000000063 -0.57672100000000082 361771.55100000004 5.995000000000001 16.355000000000004 81.450000000000017 10.455000000000002 1.8714448000000004 1.0000000180025095e-35 11.055000000000001 13.948333333333334 0.036238448870888916 22.560333000000004 6.7566666666666668 13.756622500000001 52323.639999999919 1.0000000180025095e-35 25.500000000000004 2706481.3500000006 24.618271000000004 20.219147000000003 13.495000000000003
decision_type=2 2 2 2 2 2 2 2 2 2 2 2 2 2 2 2 2 2 2 2 2 2 2 2 2 2 2 2 2 2
left_child=1 2 3 6 11 7 24 9 19 28 29 20 25 -4 -7 -6 17 -10 -19 -9 22 27 -3 -21 -1 26 -13 -22 -2 -11
right_child=5 4 13 -5 15 14 -8 8 16 10 -12 12 -14 -15 -16 -17 -18 18 -20 23 21 -23 -24 -25 -26 -27 -28 -29 -30 -31
leaf_value=-0.083866703013579055 0.044575862219053193 -0.021957939753889405 -0.015355604855450259 0.079281783229731895 0.0051827307314021333 -0.0006857660840867227 0.033395756538183663 0.075536779989488434 0.2029779627209618 -0.010518929344281877 0.073430505155452672 -0.01499634128653597 -0.099074909008211573 -0.076272336430847645 0.033262693110175372 0.10487578204274178 0.042223539663480365 -0.042344815000182112 0.15328511211343787 -0.0034257444532495504 0.018648769865157427 0.020401958066490165 -0.052516583102351092 -0.10494523228456576 0.0012585496156572672 0.0070706458065744535 -0.098259517037206229 -0.089197267029891947 -0.030013294571212365 0.024463735472669619
leaf_weight=30 316 446 945 77 462 2305 322 32 21 658 56 812 36 70 228 25 571 21 22 181 27 163 530 24 5855 478 45 57 42 225
leaf_count=30 316 446 945 77 462 2305 322 32 21 658 56 812 36 70 228 25 571 21 22 181 27 163 530 24 5855 478 45 57 42 225
internal_value=0.000190062 -0.00470046 0.000254943 0.00345496 -0.01644 0.0109862 0.0025143 0.0210484 0.0345569 0.0119664 0.00287007 -0.0214602 -0.0122434 -0.0195568 0.00237 0.0103004 0.0485909 0.1054 0.0577449 -0.00304459 -0.0317925 -0.00508181 -0.0385523 -0.015311 0.000824606 -0.00990183 -0.0193684 -0.0545325 0.0358252 -0.00160489
internal_weight=15082 10380 7299 6284 3081 4702 6207 2169 872 1297 939 2594 1371 1015 2533 487 635 64 43 237 1223 247 976 205 5885 1335 857 84 358 883
internal_count=15082 10380 7299 6284 3081 4702 6207 2169 872 1297 939 2594 1371 1015 2533 487 635 64 43 237 1223 247 976 205 5885 1335 857 84 358 883
is_linear=0
shrinkage=0.05


Tree=59
num_leaves=31
num_cat=0
split_feature=0 5 10 11 3 5 7 0 12 1 13 11 7 0 10 10 11 13 7 11 7 12 5 10 4 7 0 12 11 1
split_gain=287.469 219.447 157.468 191.271 280.474 148.619 241.577 132.966 129.248 151.242 124.548 122.139 131.318 116.181 115.774 108.886 107.153 120.336 107.081 103.364 100.558 149.75 96.7768 119.875 96.6064 94.9535 92.148 88.5787 152.382 88.4384
threshold=32.500000000000007 0.058190283762725468 61747.071000000004 -5.0733339999999991 57.570000000000007 0.067773639244866304 1.0000000180025095e-35 25.500000000000004 -224324.22499999998 7.3416666666666632 11.005000000000001 -1.5672607500000006 2.5000000000000004 46.500000000000007 1343305.05 729884.77000000014 0.093016999999999697 4.0050000000000008 4.5000000000000009 3.1507265000000024 2.5000000000000004 -1135356.0999999999 0.018998766262290859 2004635.8000000003 27.485000000000007 1.5000000000000002 4.5000000000000009 -353322.02999999985 3.3756865000000009 5.1766666666666676
decision_type=2 2 2 2 2 2 2 2 2 2 2 2 2 2 2 2 2 2 2 2 2 2 2 2 2 2 2 2 2 2
left_child=1 2 26 4 -4 13 15 10 9 14 16 -11 -13 19 -3 -7 17 -5 20 24 22 -22 23 -9 -2 -8 -1 28 -18 -20
right_child=5 8 3 7 -6 6 25 18 -10 11 -12 12 -14 -15 -16 -17 27 -19 29 -21 21 -23 -24 -25 -26 -27 -28 -29 -30 -31
leaf_value=-0.01135915106051767 0.011251709140849908 0.029976049339051781 0.0096665339166065681 -0.044825540443327441 0.2241783547401428 0.070991614653030416 -0.023893243420170622 0.094561430722798989 0.0037615118656102314 0.14234091951935129 -0.064548428474226968 0.088030507368311084 -0.019036424485966565 -0.021340899062100564 -0.067843428877897044 0.20733197397655911 0.005904230658868046 -0.015181744978034132 -0.049202622023806208 -0.027032003998652351 0.10928967771205036 0.012700394154888814 -0.017924999406436996 -0.0020934440274635014 0.11878894496531714 0.038941646442933332 0.0081370835101175435 -0.015125599858103425 0.15072041476145387 -0.0080818023107486307
leaf_weight=951 3804 102 64 662 20 32 80 46 2464 44 160 71 48 317 43 27 198 709 198 179 44 456 549 106 21 242 1671 1369 20 385
leaf_count=951 3804 102 64 662 20 32 80 46 2464 44 160 71 48 317 43 27 198 709 198 179 44 456 549 106 21 242 1671 1369 20 385
internal_value=0.000180559 -0.00446543 -0.00885374 -0.0140702 0.0607408 0.0104369 0.040373 -0.0153521 0.00757867 0.0381159 -0.021581 0.0711621 0.0448438 0.00779733 0.000967514 0.133385 -0.0192569 -0.0294955 -0.00446547 0.0101042 0.00406929 0.0212003 -0.00814965 0.0271574 0.0118421 0.0233305 0.00106579 -0.0104118 0.0191901 -0.0220474
internal_weight=15082 10380 7608 4986 84 4702 381 4902 2772 308 3118 163 119 4321 145 59 2958 1371 1784 4004 1201 500 701 152 3825 322 2622 1587 218 583
internal_count=15082 10380 7608 4986 84 4702 381 4902 2772 308 3118 163 119 4321 145 59 2958 1371 1784 4004 1201 500 701 152 3825 322 2622 1587 218 583
is_linear=0
shrinkage=0.05


Tree=60
num_leaves=31
num_cat=0
split_feature=2 10 0 9 0 7 2 4 1 10 11 9 11 14 9 11 10 9 4 10 4 7 10 12 10 4 3 9 9 4
split_gain=253.422 193.698 209.503 195.676 168.738 150.398 162.62 140.926 368.112 105.24 98.7581 111.411 132.072 131.88 111.072 99.4112 122.948 126.229 98.5393 96.7921 81.4616 86.8807 86.4773 81.2573 77.8933 97.3615 101.313 75.0635 78.2396 70.8345
threshold=16.115000000000006 482331.47000000003 25.500000000000004 27.121002000000001 26.500000000000004 1.0000000180025095e-35 14.165000000000001 -31.314999999999994 7.803333333333331 2850362.1500000004 -5.0733339999999991 17.424499500000003 -2.2169644999999991 1.0000000180025095e-35 7.5291900000000007 0.18757599999999999 2494360.6500000004 29.458053000000003 33.365000000000009 714877.10000000009 -29.194999999999997 4.5000000000000009 1460773.2000000002 1046835.6800000002 1770479.9000000001 -9.3199999999999967 23.265000000000004 2.1736908000000006 8.0156250000000018 9.8350000000000026
decision_type=2 2 2 2 2 2 2 2 2 2 2 2 2 2 2 2 2 2 2 2 2 2 2 2 2 2 2 2 2 2
left_child=4 3 10 7 24 6 19 8 -2 29 -3 13 -13 23 -15 20 -17 -18 27 -6 22 -22 -14 -12 25 26 -1 -9 -29 -4
right_child=1 2 9 -5 5 -7 -8 18 -10 -11 11 12 15 14 -16 16 17 -19 -20 -21 21 -23 -24 -25 -26 -27 -28 28 -30 -31
leaf_value=0.13835270522243304 -0.011910485641944201 0.070855424861455782 -0.0019550330912667148 0.036522205678211982 0.060586604295919347 0.022539002593311815 0.020537009676327073 -0.074138097326670371 0.23955093977803532 -0.03210172416708925 -0.016932480636556713 0.086513783719926851 -0.020326634263619782 0.0048709058416549307 -0.068604968458118781 0.011581866720870856 -0.055397717541011131 0.048597715919216473 0.1100434071570635 0.17705791113178501 -0.011016993211867923 -0.052311972373348406 -0.15076897388531105 -0.080531535297632226 -0.047876877382175248 0.003063956890097638 0.027013984301936678 0.013441577955621342 -0.0027845580570128974 0.019255731958642747
leaf_weight=23 43 29 1670 386 30 739 63 35 22 236 718 33 24 61 328 498 154 36 20 44 419 183 27 54 67 1714 183 851 5849 515
leaf_count=23 43 29 1670 386 30 739 63 35 22 236 718 33 24 61 328 498 154 36 20 44 419 183 27 54 67 1714 183 851 5849 515
internal_value=-0.000209009 -0.00335282 -0.0109303 0.00188919 0.0131777 0.0314592 0.0795765 -7.09813e-05 0.0731995 -0.000381747 -0.0208906 -0.0219402 -0.0123048 -0.0333433 -0.057083 -0.0147366 -0.00147378 -0.0356933 -0.000776027 0.12984 -0.0287103 -0.0235701 -0.0893843 -0.0213811 0.00511804 0.00696734 0.039445 -0.00110511 -0.000723597 0.0030443
internal_weight=15054 12191 4985 7206 2863 876 137 6820 65 2421 2564 2535 1374 1161 389 1341 688 190 6755 74 653 602 51 772 1987 1920 206 6735 6700 2185
internal_count=15054 12191 4985 7206 2863 876 137 6820 65 2421 2564 2535 1374 1161 389 1341 688 190 6755 74 653 602 51 772 1987 1920 206 6735 6700 2185
is_linear=0
shrinkage=0.05


Tree=61
num_leaves=31
num_cat=0
split_feature=13 12 0 14 9 1 11 12 9 0 5 12 9 3 9 3 11 13 2 7 13 9 11 11 9 11 12 12 11 1
split_gain=231.882 175.823 148.693 124.463 113.068 112.466 137.706 119.45 95.8695 102.681 141.302 104.082 92.3011 130.281 132.691 106.184 158.168 112.477 104.703 158.933 92.3493 90.0922 89.6803 88.5853 95.7737 87.1271 86.5618 91.6744 85.4884 82.898
threshold=12.205000000000002 352639.0500000001 17.500000000000004 13.005000000000001 16.758911000000005 0.011666666666660748 1.4884494999999991 -608325.52499999991 29.132706000000002 41.500000000000007 0.041692724693114691 -234362.85499999998 18.811752000000002 22.015000000000004 23.493942500000003 21.885000000000002 0.73329100000000136 8.4450000000000021 23.345000000000002 1.5000000000000002 7.3050000000000006 8.1694795000000013 -3.622284099999999 -1.6420595000000009 29.014572500000003 3.3756865000000009 -15389.365000000018 165505.60000000012 2.7445374999999994 9.7999999999999954
decision_type=2 2 2 2 2 2 2 2 2 2 2 2 2 2 2 2 2 2 2 2 2 2 2 2 2 2 2 2 2 2
left_child=1 3 -3 5 -5 6 23 22 9 10 11 -2 15 18 -15 16 29 -17 -14 -20 -16 -9 -7 -1 -25 -12 -10 -28 -11 -4
right_child=8 2 12 4 -6 7 -8 21 26 28 25 -13 13 14 20 17 -18 -19 19 -21 -22 -23 -24 24 -26 -27 27 -29 -30 -31
leaf_value=0.026208387017250062 -0.12427856536663098 -0.093365793010748155 0.076567859663849783 -0.011279654592312505 0.054072862232715124 0.11777396751972645 0.043745525790886447 0.0098328456875822531 0.15693572949279438 0.048807580400427486 0.020621148831950088 -0.013378265003363291 0.0072811823080081751 -0.0040869537894636983 0.090473458129498696 -0.050809380714336119 -0.080994937884988211 0.03265340351932941 -0.15934686064720155 -0.028793808340312955 -0.023053016788933591 -0.0034517097867212201 0.017171257504063678 -0.046913318922225257 0.062687914144425164 -0.046388465388878891 -0.037374470852823423 0.10393006469433506 -0.051496946617313057 -0.040273260027170188
leaf_weight=55 23 67 63 101 192 23 66 1480 22 278 993 264 101 203 81 392 33 45 31 94 23 9270 601 392 21 51 22 24 23 20
leaf_count=55 23 67 63 101 192 23 66 1480 22 278 993 264 101 203 81 392 33 45 31 94 23 9270 601 392 21 51 22 24 23 20
internal_value=-0.000198559 -0.00241265 -0.0210758 -0.000648978 0.0315452 -0.00144113 -0.0238669 -0.000388255 0.0171938 0.0147701 0.00880595 -0.0222657 -0.0166159 -0.00176828 0.0194413 -0.0309266 0.0115989 -0.0422148 -0.0305795 -0.061171 0.0653666 -0.00162277 0.0208794 -0.033402 -0.0413404 0.0173477 0.0753628 0.0363496 0.0411431 0.0484134
internal_weight=15054 13354 1153 12201 293 11908 534 11374 1700 1632 1331 287 1086 533 307 553 116 437 226 125 104 10750 624 468 413 1044 68 46 301 83
internal_count=15054 13354 1153 12201 293 11908 534 11374 1700 1632 1331 287 1086 533 307 553 116 437 226 125 104 10750 624 468 413 1044 68 46 301 83
is_linear=0
shrinkage=0.05


Tree=62
num_leaves=31
num_cat=0
split_feature=2 10 0 9 0 7 5 4 1 13 10 10 12 4 10 7 9 11 9 12 11 11 3 13 10 4 2 12 1 9
split_gain=218.336 163.702 184.241 171.777 143.947 134.686 145.502 124.201 330.788 121.719 92.2769 89.872 95.956 89.3063 86.9128 86.4331 199.892 130.175 123.243 75.2773 105.364 83.4184 77.5277 72.4851 71.1467 98.6392 88.7459 69.4439 158.568 68.8985
threshold=16.115000000000006 482331.47000000003 25.500000000000004 27.121002000000001 26.500000000000004 1.0000000180025095e-35 0.070150827981594097 -31.314999999999994 7.803333333333331 10.655000000000003 2850362.1500000004 1897873.1500000001 -47179.970000000023 33.365000000000009 714877.10000000009 4.5000000000000009 19.797836500000006 -0.029495000000000712 7.5291900000000007 639837.40000000002 -1.7199102499999996 0.61424250000000147 34.685000000000009 7.5850000000000009 1289822.0500000003 -9.9349999999999969 11.335000000000003 -577399.24999999988 3.8499999999999948 18.079803500000004
decision_type=2 2 2 2 2 2 2 2 2 2 2 2 2 2 2 2 2 2 2 2 2 2 2 2 2 2 2 2 2 2
left_child=4 3 9 7 24 6 -6 8 -2 15 29 12 -11 -9 -8 19 18 -18 -17 -3 -21 23 -23 -22 25 26 -1 -7 -29 -4
right_child=1 2 10 -5 5 27 14 13 -10 11 -12 -13 -14 -15 -16 16 17 -19 -20 20 21 22 -24 -25 -26 -27 -28 28 -30 -31
leaf_value=0.14130805124528709 -0.012018647798618606 -0.0059197031999426034 -0.0067272986992280822 0.034161515683032224 0.017983385388769448 0.070888116491574157 0.057381879676493913 -0.0010993886375886418 0.22635380856015463 -0.12358323225268611 -0.02988289192405735 -0.13369430473872596 -0.015070308926683594 0.10471382208168507 0.16668566707521679 0.014831554708231626 -0.051487985624000435 0.015462931143822817 -0.063445460059952302 -0.10882076713300887 0.046504575654602892 -0.1124225925654173 -0.011282315514981748 -0.044120266143646503 -0.03674579066728071 0.0032170076747045718 0.029671271541973299 -0.1050787802785635 0.02084483360678244 0.01110876197008042
leaf_weight=20 43 1407 990 386 62 63 31 6735 22 27 236 35 83 20 44 58 100 265 378 42 57 36 40 36 98 1707 162 26 650 1195
leaf_count=20 43 1407 990 386 62 63 31 6735 22 27 236 35 83 20 44 58 100 265 378 42 57 36 40 36 98 1707 162 26 650 1195
internal_value=-0.000188631 -0.00310671 -0.0100728 0.00171235 0.0122369 0.0291222 0.0746568 -0.000124212 0.0686613 -0.0194133 -0.000180676 -0.0639095 -0.0417053 -0.0007861 0.121507 -0.0167461 -0.0301789 -0.00287979 -0.0530325 -0.0100961 -0.0379457 -0.0203318 -0.0591909 0.011424 0.00479278 0.00694777 0.041939 0.0206807 0.0160016 0.00302743
internal_weight=15054 12191 4985 7206 2863 876 137 6820 65 2564 2421 145 110 6755 75 2419 801 365 436 1618 211 169 76 93 1987 1889 182 739 676 2185
internal_count=15054 12191 4985 7206 2863 876 137 6820 65 2564 2421 145 110 6755 75 2419 801 365 436 1618 211 169 76 93 1987 1889 182 739 676 2185
is_linear=0
shrinkage=0.05


Tree=63
num_leaves=31
num_cat=0
split_feature=13 10 11 9 4 4 11 9 3 2 11 13 3 11 4 1 5 9 7 2 1 14 14 1 9 12 12 1 10 9
split_gain=198.878 158.269 115.359 113.769 168.137 164.55 128.365 115.428 189.238 106.28 103.948 109.091 103.902 121.104 114.873 112.613 98.0017 98.5473 95.6779 95.4109 98.1943 95.0221 118.605 86.3934 137.95 105.208 85.1226 73.1124 71.6144 187.746
threshold=11.445000000000002 2494360.6500000004 1.137619000000001 26.921142500000006 -27.369999999999997 -4.6199999999999992 4.2208102500000013 8.1694795000000013 1.0000000180025095e-35 14.365 -0.34587100000000065 7.205000000000001 35.675000000000004 0.61424250000000147 2.0849999999999995 8.5433333333333277 0.021315146134718552 13.909439000000001 1.0000000180025095e-35 19.365000000000006 6.8716666666666617 1.0000000180025095e-35 6.7550000000000008 1.0416666666666663 18.341415500000004 72086.685000000027 -760067.55999999982 3.6083333333333321 1203109.5000000002 29.132706000000002
decision_type=2 2 2 2 2 2 2 2 2 2 2 2 2 2 2 2 2 2 2 2 2 2 2 2 2 2 2 2 2 2
left_child=1 3 16 5 -5 6 9 -7 -9 18 11 -6 15 -14 -15 -2 -3 -18 -1 -10 21 23 -23 24 -21 -25 -17 -12 -28 -30
right_child=12 2 -4 4 10 7 -8 8 19 -11 27 -13 13 14 -16 26 17 -19 -20 20 -22 22 -24 25 -26 -27 28 -29 29 -31
leaf_value=0.083108945478881271 0.076781605958938612 -0.033595970749635905 -0.05490133576768217 -0.1164497139165178 -0.057636731251164579 0.0090402807671013351 0.10424063286798842 -0.13846910055726766 0.0012719307404697874 0.0031464773241692435 0.089584747650660587 0.034102059821956431 -0.0426704749099533 0.088194377193363704 -0.05796838563401252 0.11454801279164495 0.097399624207845106 -0.0031603683182700164 0.018184879986808615 0.079453920506473097 -0.0086448896944879387 -0.063280420904925125 -0.0033877376494613493 -0.0036947204365363725 -0.05489889150324824 -0.059915046869672001 0.016561167961016789 0.020462099784377255 -0.040709546017460525 0.070289634212851532
leaf_weight=76 75 323 211 24 86 1053 34 28 1904 2514 40 52 158 41 20 21 26 387 224 56 4000 276 118 253 29 124 1814 877 160 50
leaf_count=76 75 323 211 24 86 1053 34 28 1904 2514 40 52 158 41 20 21 26 387 224 56 4000 276 118 253 29 124 1814 877 160 50
internal_value=-0.000179199 -0.00264407 -0.0223087 -0.00106161 0.0144119 -0.00262358 0.00766999 -0.0063624 -0.00875176 0.00650318 0.0173888 -0.0230685 0.0132201 -0.0195677 0.0402722 0.0166071 -0.0129649 0.00317028 0.0346323 -0.00821447 -0.011934 -0.0273038 -0.045343 -0.0119197 0.0336159 -0.0221863 0.0144002 0.0234773 0.0133611 -0.0142812
internal_weight=15054 12715 947 11768 1079 10689 2848 7841 6788 2814 1055 138 2339 219 61 2120 736 413 300 6760 4856 856 394 462 85 377 2045 917 2024 210
internal_count=15054 12715 947 11768 1079 10689 2848 7841 6788 2814 1055 138 2339 219 61 2120 736 413 300 6760 4856 856 394 462 85 377 2045 917 2024 210
is_linear=0
shrinkage=0.05


Tree=64
num_leaves=31
num_cat=0
split_feature=1 10 10 9 7 1 2 9 12 12 7 11 5 1 0 5 4 11 11 11 10 1 3 12 5 13 11 5 13 9
split_gain=186.284 136.46 123.138 120.6 99.8573 136.775 107.151 225.582 122.555 142.176 121.623 144.565 195.112 104.864 146.199 105.916 97.8444 123.453 97.5381 95.633 93.2415 118.173 97.6456 108.332 101.53 111.551 92.3992 92.5273 91.6384 89.9064
threshold=13.834999999999996 2494360.6500000004 1788248.55 29.250916000000004 3.5000000000000004 0.011666666666660748 14.465000000000002 4.2728576500000006 8663.8774999999059 352639.0500000001 1.5000000000000002 -5.6715239999999998 0.040298206741907254 3.6083333333333321 26.500000000000004 0.042689434487524394 -31.314999999999994 1.6404880000000006 3.1507265000000024 -2.2169644999999991 2396506.1000000006 7.6300000000000017 28.755000000000006 96585.659000000116 0.048297513161976717 9.2150000000000016 1.137619000000001 0.021315146134718552 7.6850000000000014 28.76857
decision_type=2 2 2 2 2 2 2 2 2 2 2 2 2 2 2 2 2 2 2 2 2 2 2 2 2 2 2 2 2 2
left_child=1 4 3 18 6 -6 7 -1 -9 -10 20 12 -12 14 -13 -15 17 -7 -2 -17 21 22 23 -8 25 -24 27 -3 -26 -4
right_child=2 26 29 -5 5 16 10 8 9 -11 11 13 -14 15 -16 19 -18 -19 -20 -21 -22 -23 24 -25 28 -27 -28 -29 -30 -31
leaf_value=0.1455177253112197 0.024271686497377234 -0.031498181492671237 -0.10078316951791447 0.13582267297593795 -0.060975797113523515 0.0031627777912136587 -0.025674414469327257 0.0083500232682188463 0.10740950735370546 -0.036948959792599732 -0.0051394031383097177 0.009550114645997981 0.17519004205862682 -0.0045098578732419813 0.096733270417278028 0.065502554245143271 -0.0051052213815419639 0.15350211420181126 -0.033389221488415631 0.011179162376241662 0.072283577281785638 0.0013209087800297834 0.0058651555215906148 -0.090379615393109056 -0.090421712294108045 -0.052358140115269486 -0.048167387111351601 0.0038268676061927404 -0.0021396934107508303 0.029396082336703939
leaf_weight=34 1024 327 36 23 109 36 379 826 66 23 30 134 30 1576 75 87 5343 22 79 1178 38 1958 659 78 66 94 222 428 53 21
leaf_count=34 1024 327 36 23 109 36 379 826 66 23 30 134 30 1576 75 87 5343 22 79 1178 38 1958 659 78 66 94 222 428 53 21
internal_value=-0.000170239 -0.00179456 0.0188753 0.0225048 -0.000429434 -0.00552317 0.00337155 0.0190558 0.0143566 0.0701034 0.00105852 0.00816607 0.0850253 0.00665408 0.0408359 0.00413947 -0.00440405 0.060188 0.0201418 0.0149152 -0.00558943 -0.0064897 -0.017997 -0.0367182 -0.00818551 -0.00140309 -0.0198108 -0.0114729 -0.0511028 -0.0528224
internal_weight=15054 13871 1183 1126 12894 5510 7384 949 915 89 6435 3110 60 3050 209 2841 5401 58 1103 1265 3325 3287 1329 457 872 753 977 755 119 57
internal_count=15054 13871 1183 1126 12894 5510 7384 949 915 89 6435 3110 60 3050 209 2841 5401 58 1103 1265 3325 3287 1329 457 872 753 977 755 119 57
is_linear=0
shrinkage=0.05


Tree=65
num_leaves=31
num_cat=0
split_feature=0 10 3 2 4 13 11 9 1 1 2 9 11 9 11 13 13 7 1 1 14 9 11 4 10 7 9 7 4 9
split_gain=157.432 218.361 162.942 138.581 128.577 199.382 281.218 197.826 128.095 121.274 101.836 154.005 101.093 112.959 127.918 124.619 116.044 93.2472 101.023 87.9762 86.926 96.0895 81.3198 81.1422 110.132 92.5959 79.5129 78.9744 78.198 74.7949
threshold=25.500000000000004 482331.47000000003 23.945000000000004 10.255000000000001 -9.9349999999999969 7.4750000000000005 -2.9521334999999982 8.4747620000000001 13.130000000000001 1.0000000180025095e-35 32.015000000000008 15.913757000000002 -5.0733339999999991 17.424499500000003 -2.2169644999999991 1.0000000180025095e-35 10.765000000000002 3.5000000000000004 18.043333333333333 8.858333333333329 10.805000000000001 13.348449500000003 -2.4056089999999997 -2.7600000000000029 1490663.4000000001 1.5000000000000002 7.5291900000000007 4.5000000000000009 19.565000000000001 6.2692413500000006
decision_type=2 2 2 2 2 2 2 2 2 2 2 2 2 2 2 2 2 2 2 2 2 2 2 2 2 2 2 2 2 2
left_child=1 4 3 8 5 -1 -7 -8 -2 -5 -9 -12 -3 15 -15 26 -17 23 -19 -6 28 -22 -21 24 -11 -26 -14 -23 -4 -25
right_child=2 12 20 9 19 6 7 10 -10 17 11 -13 13 14 -16 16 -18 18 -20 22 21 27 -24 29 25 -27 -28 -29 -30 -31
leaf_value=-0.0013240803910868136 0.19313047230243685 0.07692289020352322 -0.0040857522774228492 -0.10632280929768015 -0.0077527463517060623 0.23305677048523321 0.19126684695482254 -0.00037637459344964111 0.039388288958607957 0.032943446119426269 -0.0076825010497123015 0.18618502254996983 -0.0019509364351414254 0.093981221473465368 -0.010231789668144654 -0.010827833104558524 -0.076579804536634807 0.00010824095907351151 0.065732179144998223 0.034865799963073284 -0.041827576262194938 0.10316882151223364 0.0027087768403411161 0.095202350964148849 0.19242053580555052 0.05040761393029243 -0.060805356782783218 0.026374012021855877 0.026313871817962665 0.015241803181868588
leaf_weight=276 20 29 3804 21 2535 22 20 113 42 211 20 21 69 30 1595 720 74 1084 62 216 41 42 2189 30 22 24 341 165 224 1163
leaf_count=276 20 29 3804 21 2535 22 20 113 42 211 20 21 69 30 1595 720 74 1084 62 216 41 42 2189 30 22 24 341 165 224 1163
internal_value=-0.00011286 -0.00477552 0.00543138 0.0151001 0.00112863 0.0260611 0.0646239 0.0433278 0.0889825 0.0133498 0.024115 0.0916155 -0.0159558 -0.0169079 -0.00830786 -0.0285151 -0.0169559 0.0143178 0.00365858 -0.00125358 -0.000626292 0.0281043 0.00559689 0.0227423 0.0482261 0.118327 -0.0509006 0.0419556 -0.00239521 0.0172525
internal_weight=15225 8270 6955 2679 5412 472 196 174 62 2617 154 41 2858 2829 1625 1204 794 2596 1146 4940 4276 248 2405 1450 257 46 410 207 4028 1193
internal_count=15225 8270 6955 2679 5412 472 196 174 62 2617 154 41 2858 2829 1625 1204 794 2596 1146 4940 4276 248 2405 1450 257 46 410 207 4028 1193
is_linear=0
shrinkage=0.05


Tree=66
num_leaves=31
num_cat=0
split_feature=5 0 10 13 0 11 4 4 12 1 9 12 13 10 9 9 1 4 9 4 11 10 7 11 9 10 11 11 7 4
split_gain=143.283 141.643 114.582 118.875 115.068 139.393 112.146 91.6392 132.124 115.241 83.0264 82.8739 141.779 100.367 94.2177 81.3818 80.949 77.7341 76.8896 152.399 107.033 93.8485 86.4545 98.2728 98.0841 75.9297 73.8726 86.1781 73.4159 103.85
threshold=0.046200046530887419 30.500000000000004 54669.89850000001 15.425000000000002 25.500000000000004 -5.0733339999999991 27.485000000000007 11.590000000000003 1346491.5300000005 7.0400000000000018 9.3874965000000028 -218140.17499999996 7.6950000000000012 957245.09500000009 24.496765000000003 2.1736908000000006 9.5083333333333311 -23.599999999999998 27.671173500000005 -22.354999999999993 1.0000000180025095e-35 2438757.1500000004 4.5000000000000009 0.88897699999999891 18.425079500000002 2567152.8000000003 1.8042450499999998 -0.41010999999999947 1.0000000180025095e-35 -17.974999999999998
decision_type=2 2 2 2 2 2 2 2 2 2 2 2 2 2 2 2 2 2 2 2 2 2 2 2 2 2 2 2 2 2
left_child=2 10 6 4 5 -4 17 -6 9 -9 15 12 13 14 -12 -2 18 -1 22 -20 21 -21 25 -24 -25 -7 27 -5 -3 -30
right_child=1 28 3 26 7 16 -8 8 -10 -11 11 -13 -14 -15 -16 -17 -18 -19 19 20 -22 -23 23 24 -26 -27 -28 -29 29 -31
leaf_value=0.071776291212210283 -0.064569196896627545 0.042518305683580157 0.088547609630040824 -0.022363172336058182 -0.0055715254251834361 -0.0055315842967589325 0.10993450625489157 -0.0015758770525096184 -0.042925301039373726 0.048412005975172465 0.01047876140215253 -0.005581950461257792 0.060747353846725444 -0.03069789375666054 0.11722695725038648 0.016489703457871319 -0.040802759338916778 0.00084132140961181367 -0.10946414290616911 0.044283352941274647 0.038451189418201859 -0.09297844957221639 -0.045699835617960649 -0.029999346396541761 0.035471300831995907 -0.04400439228002842 0.0097931520924681714 -0.14865071160452709 -0.089487938404393702 0.015398083711201674
leaf_weight=39 32 260 32 22 1727 1243 24 197 77 278 149 2998 133 149 24 957 302 3981 24 20 207 33 431 157 90 143 21 35 24 1416
leaf_count=39 32 260 32 22 1727 1243 24 197 77 278 149 2998 133 149 24 957 302 3981 24 20 207 33 431 157 90 143 21 35 24 1416
internal_value=-0.000107217 0.00579138 -0.0040959 -0.00912682 -0.00816387 -0.0151834 0.00217285 9.68922e-05 0.0178312 0.0276802 0.00109409 -0.00256429 0.0173191 -0.000618645 0.0252878 0.013867 -0.016436 0.0015295 -0.0133019 0.0110903 0.0222184 -0.0411815 -0.0166582 -0.0312892 -0.00614364 -0.009501 -0.0703732 -0.0999082 0.0180651 0.01365
internal_weight=15225 6142 9083 5039 4961 2682 4044 2279 552 475 4442 3453 455 322 173 989 2650 4020 2348 284 260 53 2064 678 247 1386 78 57 1700 1440
internal_count=15225 6142 9083 5039 4961 2682 4044 2279 552 475 4442 3453 455 322 173 989 2650 4020 2348 284 260 53 2064 678 247 1386 78 57 1700 1440
is_linear=0
shrinkage=0.05


Tree=67
num_leaves=31
num_cat=0
split_feature=13 11 2 0 0 3 14 12 13 9 9 12 10 3 4 14 11 14 8 0 12 4 11 10 9 11 0 11 13 2
split_gain=135.239 114.415 114.343 127.584 122.529 119.483 113.867 101.291 95.9155 155.596 103.065 127.022 102.818 182.018 111.116 94.7791 94.7081 92.7945 93.4764 85.9721 104.483 85.6968 85.0363 82.6365 97.9958 89.22 82.2207 80.9052 80.0041 76.5017
threshold=9.7250000000000032 -2.4056089999999997 13.515000000000002 41.500000000000007 11.500000000000002 31.385000000000002 8.7450000000000028 -181450.07499999987 6.5450000000000008 5.3281708000000014 26.848953000000005 -577399.24999999988 482331.47000000003 11.975000000000003 27.485000000000007 1.0000000180025095e-35 0.63151499999999861 16.445000000000004 1.0000000180025095e-35 19.500000000000004 -195338.68299999999 19.565000000000001 -0.41010999999999947 2939876.2500000005 29.363510000000002 0.99601749999999989 25.500000000000004 -2.4056089999999997 11.055000000000001 64.620000000000019
decision_type=2 2 2 2 2 2 2 2 2 2 2 2 2 2 2 2 2 2 2 2 2 2 2 2 2 2 2 2 2 2
left_child=6 7 4 5 -3 -4 8 -2 10 -10 11 15 14 -14 -13 26 17 18 21 20 -15 -8 -12 25 -25 29 -1 -22 -6 -24
right_child=1 2 3 -5 28 -7 16 -9 9 -11 22 12 13 19 -16 -17 -18 -19 -20 -21 27 -23 23 24 -26 -27 -28 -29 -30 -31
leaf_value=0.011697675875498803 0.13225502320207083 -0.0069997720613092611 0.00046300889630441914 0.020851965412649946 0.10220497526228428 -0.033557317858474371 0.011853864274612883 0.02892372902862176 0.042761229928374403 -0.0021246802928919398 -0.051467721015214921 -0.0092260499782999428 -0.15899848020076754 0.022227934696414372 0.091313395117010393 -0.010515938892269568 -0.0038618843641492783 0.11545203803107143 0.048246696748695264 -0.01802941805676261 0.0204696132962046 -0.080328436854940205 0.010562338061419161 -0.092458608907622267 0.0097631873853970333 0.095561725607043832 0.074997141341445972 -0.067867979769343056 0.034063043490192971 0.095875960003052443
leaf_weight=143 26 180 1927 666 50 298 832 270 201 4895 55 1485 25 47 28 248 887 24 185 1469 29 26 427 37 64 38 80 244 311 28
leaf_count=143 26 180 1927 666 50 298 832 270 201 4895 55 1485 25 47 28 248 887 24 185 1469 29 26 427 37 64 38 80 244 311 28
internal_value=-0.000101856 0.00817368 0.00560124 0.00165325 0.0266985 -0.00409342 -0.00278527 0.0380001 -0.0050369 -0.000354259 -0.0104029 -0.0135495 -0.0169899 -0.0250174 -0.00736544 0.0107528 0.0082113 0.0182478 0.016011 -0.0231451 -0.0466295 0.00906046 0.008011 0.0135183 -0.0276844 0.0219594 0.034406 -0.0584841 0.043501 0.0158124
internal_weight=15225 3728 3432 2891 541 2225 11497 296 9543 5096 4447 3798 3327 1814 1513 471 1954 1067 1043 1789 320 858 649 594 101 493 223 273 361 455
internal_count=15225 3728 3432 2891 541 2225 11497 296 9543 5096 4447 3798 3327 1814 1513 471 1954 1067 1043 1789 320 858 649 594 101 493 223 273 361 455
is_linear=0
shrinkage=0.05


Tree=68
num_leaves=31
num_cat=0
split_feature=10 0 10 3 2 1 4 13 11 9 1 11 9 4 3 7 8 11 11 2 10 11 2 1 7 1 9 9 14 7
split_gain=125.162 126.544 140.462 124.118 117.007 116.87 115.341 177.375 250.309 182.645 103.674 97.9426 92.2749 160.711 129.513 99.5228 98.0169 85.2603 121.114 101.488 77.973 108.257 106.423 100.284 77.7667 85.5475 76.6696 79.6899 133.676 102.964
threshold=2939876.2500000005 25.500000000000004 482331.47000000003 23.945000000000004 10.255000000000001 13.130000000000001 -9.9349999999999969 7.4750000000000005 -2.7166289999999997 8.4747620000000001 1.0000000180025095e-35 2.6099545000000002 26.419876500000004 -27.369999999999997 12.865 4.5000000000000009 1.0000000180025095e-35 0.82946799999999865 -2.4056089999999997 52.915000000000006 1434972.1500000001 -0.28942900000000188 22.965000000000003 6.5216666666666621 3.5000000000000004 18.043333333333333 2.1736908000000006 9.2961580000000001 9.3250000000000011 5.5000000000000009
decision_type=2 2 2 2 2 2 2 2 2 2 2 2 2 2 2 2 2 2 2 2 2 2 2 2 2 2 2 2 2 2
left_child=1 2 6 4 5 -3 7 -1 -9 -10 -6 -11 14 -14 -4 -16 17 18 -17 -19 -15 22 -22 -23 -12 -26 -8 28 -28 -30
right_child=-2 3 12 -5 10 -7 26 8 9 11 24 -13 13 20 15 16 -18 19 -20 -21 21 23 -24 -25 25 -27 27 -29 29 -31
leaf_value=-0.0011672873765338158 -0.028020116431957776 0.18152243984863162 -0.088715407607840413 0.00027003678779039268 -0.098108723171753814 0.034671343588048506 -0.079593357900458003 0.20239966201371754 0.18032570317387583 0.0016432509906589986 0.021159768474074317 0.11192111248771351 -0.094591739790764851 0.038791046266937079 -0.0089358823776839683 0.034119012406686459 -0.13503245944562167 0.02491106703824052 -0.05802243709387675 -0.045428400310907474 -0.013320491145852776 0.045605611351132391 -0.14712051820495856 -0.0099074755671390152 0.00021870383474208827 0.060649095031042259 0.0040822013773037218 -0.0041346675982308302 0.089741414736834654 0.0074791435283042308
leaf_weight=276 391 20 63 4118 21 42 31 27 20 125 1432 24 39 170 1427 41 23 121 274 89 42 125 23 233 1057 62 944 3810 88 67
leaf_count=276 391 20 63 4118 21 42 31 27 20 125 1432 24 39 170 1427 41 23 121 274 89 42 125 23 233 1057 62 944 3810 88 67
internal_value=-9.67636e-05 0.00063925 -0.00358178 0.00569173 0.014168 0.0820427 0.00104806 0.0246624 0.0610348 0.0384499 0.0125319 0.0194061 -0.0129663 0.00372536 -0.0181425 -0.0158913 -0.0340035 -0.0295774 -0.0460294 -0.00489947 0.0101914 -0.00130254 -0.0606651 0.00947559 0.0134427 0.00356695 -0.0012082 -0.000713208 0.0111483 0.0541829
internal_weight=15225 14834 8082 6752 2634 62 5412 472 196 169 2572 149 2670 632 2038 1975 548 525 315 210 593 423 65 358 2551 1119 4940 4909 1099 155
internal_count=15225 14834 8082 6752 2634 62 5412 472 196 169 2572 149 2670 632 2038 1975 548 525 315 210 593 423 65 358 2551 1119 4940 4909 1099 155
is_linear=0
shrinkage=0.05


Tree=69
num_leaves=31
num_cat=0
split_feature=2 0 11 9 0 1 13 7 2 4 11 1 9 11 12 10 0 4 9 9 7 9 9 11 10 12 13 9 4 4
split_gain=116.033 113.665 108.51 95.7727 89.5204 190.337 127.428 101.771 80.6093 85.2769 104.792 80.3919 97.9651 74.0567 111.62 133.779 114.085 162.902 255.185 77.4319 101.853 104.223 84.3478 74.6299 83.998 83.6415 125.57 108.381 107.924 96.4034
threshold=17.095000000000002 34.500000000000007 1.1845399999999999 5.7429352000000007 11.500000000000002 1.0000000180025095e-35 7.5450000000000008 1.0000000180025095e-35 42.570000000000007 15.625000000000002 -0.25442475000000092 7.3416666666666632 24.738037000000002 -2.2804869999999995 62097.796999999984 1250313.6500000001 28.500000000000004 -23.599999999999998 14.622360000000002 7.5291900000000007 1.5000000000000002 11.357757500000002 15.554229500000002 -0.39923049999999977 2939876.2500000005 148413.07500000007 1.0000000180025095e-35 27.761230500000003 -3.0199999999999974 -40.309999999999988
decision_type=2 2 2 2 2 2 2 2 2 2 2 2 2 2 2 2 2 2 2 2 2 2 2 2 2 2 2 2 2 2
left_child=4 13 8 -4 -1 -6 7 11 -3 -10 -11 -7 -13 14 15 16 17 18 -2 -16 22 -22 -21 25 -25 27 -27 29 -29 -15
right_child=1 2 3 -5 5 6 -8 -9 9 10 -12 12 -14 23 19 -17 -18 -19 -20 20 21 -23 -24 24 -26 26 -28 28 -30 -31
leaf_value=-0.0007156496189490557 0.23089582093737346 0.01330290506529698 0.091766649687832047 -0.014006150649675659 -0.12758055685958622 -0.0040687937736511226 0.026998952046101133 -0.0091637926403758119 -0.018400741317230782 0.12877777490116979 -0.027713436894118787 0.020289036809117533 0.14605579872848468 -0.074106157141236167 0.032557366701726813 0.074490027414054 -0.048105200205975203 0.0091885431366891795 -0.0072970203731371006 0.041637508043398462 -0.10287275854498149 -0.0088981373491240478 -0.057883732246630119 -0.0029109664112107105 -0.029634352180903829 -0.072932237472827066 -0.01575839108953905 -0.17069372707977892 -0.029020512431133086 -0.0046848484369029688
leaf_weight=1610 22 2342 22 786 23 50 1182 553 370 23 20 32 30 52 57 93 74 432 23 60 70 51 33 5112 312 147 277 20 41 1306
leaf_count=1610 22 2342 22 786 23 50 1182 553 370 23 20 32 30 52 57 93 74 432 23 60 70 51 33 5112 312 147 277 20 41 1306
internal_value=-9.19255e-05 -0.00246792 0.00498591 -0.0111262 0.00792705 0.0153681 0.0171482 -0.000361043 0.00971134 -0.0106553 0.0559912 0.0431025 0.0811439 -0.00571382 0.00769188 0.0190204 0.00965797 0.0186191 0.109153 -0.0192289 -0.0330225 -0.0632636 0.00632352 -0.00740175 -0.00444815 -0.0160943 -0.0355805 -0.0102718 -0.0754707 -0.0073431
internal_weight=15225 11745 3563 808 3480 1870 1847 665 2755 413 43 112 62 8182 915 644 551 477 45 271 214 121 93 7267 5424 1843 424 1419 61 1358
internal_count=15225 11745 3563 808 3480 1870 1847 665 2755 413 43 112 62 8182 915 644 551 477 45 271 214 121 93 7267 5424 1843 424 1419 61 1358
is_linear=0
shrinkage=0.05


Tree=70
num_leaves=31
num_cat=0
split_feature=5 12 11 4 0 10 9 11 4 0 12 0 9 11 11 11 13 11 9 4 11 12 12 4 10 11 12 12 10 1
split_gain=119.293 100.5 98.5447 137.94 103.424 149.764 97.2071 101.712 91.5722 83.3959 74.2838 135.302 105.665 103.564 102.857 101.246 94.4332 87.8988 73.8483 72.7355 127.62 71.0201 69.5497 71.5247 110.466 68.3647 68.0876 66.7343 65.7618 112.375
threshold=0.062637020698269902 -673860.84999999986 -5.6715239999999998 -31.314999999999994 25.500000000000004 54669.89850000001 5.8918304500000014 -3.521500000000001 -19.379999999999999 36.500000000000007 -195338.68299999999 19.500000000000004 27.671173500000005 2.8355715000000008 -0.88409450000000056 -1.9130095000000009 7.8150000000000004 0.14933800000000022 26.921142500000006 -14.264999999999995 -1.6808929999999991 35160.877000000008 1788409.8500000003 29.215000000000003 2377132.6500000004 -4.3793639999999998 -103615.69999999994 1000059.1400000001 2939876.2500000005 5.501666666666666
decision_type=2 2 2 2 2 2 2 2 2 2 2 2 2 2 2 2 2 2 2 2 2 2 2 2 2 2 2 2 2 2
left_child=2 -2 3 -1 5 18 7 -6 -3 26 11 13 -12 14 -7 -13 -16 -17 19 20 -4 -11 23 25 27 -8 -10 -25 29 -14
right_child=1 8 4 -5 6 10 22 -9 9 21 12 15 28 -15 16 17 -18 -19 -20 -21 -22 -23 -24 24 -26 -27 -28 -29 -30 -31
leaf_value=0.1456653840839863 0.053186405735510978 -0.051949613350370787 0.15572263936046513 0.017273710478965674 -0.035991217323711938 0.101208490765456 -0.052595045391159757 0.060035651033618846 0.030517168981503581 0.02719520761256819 -0.022866184137371553 0.038471573094736686 0.068463917590024612 0.13497804738581182 0.023423022792364162 -0.048598764531444114 -0.071141980055042284 -0.002010570095815495 0.060392532716779149 -0.00166884091598863 0.011289408112374636 0.11154162979459968 -0.055206862529528083 0.10525676905418989 -0.028406205971558126 0.0010577357538609313 0.0030321687966832836 0.0035548755008241403 -0.041545671711531312 -0.0022410702251923235
leaf_weight=24 124 64 20 163 35 33 60 130 252 179 2184 74 77 22 132 201 33 204 51 2827 65 29 55 54 39 5680 2129 23 58 208
leaf_count=24 124 64 20 163 35 33 60 130 252 179 2184 74 77 22 132 201 33 204 51 2827 65 29 55 54 39 5680 2129 23 58 208
internal_value=-0.000181393 0.00918934 -0.00227122 0.0337518 -0.00282045 -0.00736975 0.00181346 0.0396663 0.00713294 0.00859346 -0.0148239 -0.000397798 -0.0188143 0.0320616 0.0206264 -0.0153061 0.00451002 -0.0251321 0.000746024 -0.000298609 0.0452737 0.038955 0.000756834 0.00128245 0.0401533 0.000496905 0.00594112 0.0748783 0.00698522 0.0168617
internal_weight=15229 2777 12452 187 12265 6189 6076 165 2653 2589 3226 699 2527 220 198 479 165 405 2963 2912 85 208 5911 5856 116 5740 2381 77 343 285
internal_count=15229 2777 12452 187 12265 6189 6076 165 2653 2589 3226 699 2527 220 198 479 165 405 2963 2912 85 208 5911 5856 116 5740 2381 77 343 285
is_linear=0
shrinkage=0.05


Tree=71
num_leaves=31
num_cat=0
split_feature=5 12 11 4 0 10 9 11 4 13 11 1 3 9 0 1 12 0 1 12 4 10 11 12 0 9 3 9 10 4
split_gain=107.662 90.7016 88.9366 124.491 93.3399 136.819 87.7294 91.7952 86.4752 124.029 121.459 137.262 83 77.3355 75.3816 68.4934 64.637 62.9317 63.797 62.7686 64.551 99.6953 62.1663 60.3118 67.5296 59.7723 58.47 120.086 111.136 80.051
threshold=0.062637020698269902 -673860.84999999986 -5.6715239999999998 -31.314999999999994 25.500000000000004 344923.15000000008 5.8918304500000014 -3.521500000000001 -12.729999999999997 7.6050000000000013 -1.7199102499999996 8.5599999999999934 35.955000000000005 26.979736000000003 36.500000000000007 9.2449999999999992 35160.877000000008 15.500000000000002 5.9399999999999951 1788409.8500000003 29.215000000000003 2377132.6500000004 -5.0733339999999991 475982.2300000001 29.500000000000004 2.1736908000000006 53.755000000000003 12.968811000000002 1289822.0500000003 -7.3049999999999988
decision_type=2 2 2 2 2 2 2 2 2 2 2 2 2 2 2 2 2 2 2 2 2 2 2 2 2 2 2 2 2 2
left_child=2 -2 3 -1 5 8 7 -6 9 -4 -11 -12 14 25 -3 17 -16 18 -7 20 22 23 -8 -22 -25 -10 -19 28 -28 -29
right_child=1 12 4 -5 6 15 19 -9 13 10 11 -13 -14 -15 16 -17 -18 26 -20 -21 21 -23 -24 24 -26 -27 27 29 -30 -31
leaf_value=0.13838211226587493 0.05052708573113647 0.0054224331601909004 -0.00014964108016680586 0.016410025236185389 -0.034191656219107767 -0.12011315082975974 -0.087526270449161531 0.057033868344643947 -0.07604917106883867 0.18695904403924943 -0.0205556133762002 0.13562015009423098 -0.060550496408508882 0.061977019258167433 0.025559721786518538 -0.036157733683163926 0.10596454824353088 -0.0051062978941740535 -0.029508650180536746 -0.052446518860418692 0.11960921854046838 -0.026985894700770494 0.00077974643502628789 0.0911886524070393 -0.035756334513425823 -0.0026784747166582333 -0.15703307504731198 0.0041441425120204009 -0.042209118942749535 -0.034284214960980761
leaf_weight=24 124 2398 121 163 35 24 20 130 28 20 34 24 45 46 181 348 29 1552 102 55 35 39 5720 22 20 3217 27 308 96 242
leaf_count=24 124 2398 121 163 35 24 20 130 28 20 34 24 45 46 181 348 29 1552 102 55 35 39 5720 22 20 3217 27 308 96 242
internal_value=-0.000172323 0.00872987 -0.00215766 0.0320642 -0.00267943 -0.00700127 0.00172279 0.037683 -0.000463616 0.0315431 0.0807074 0.0440688 0.00677629 -0.00239899 0.00793799 -0.0154549 0.0366632 -0.0123904 -0.0467667 0.000718992 0.00121833 0.0381457 0.00047206 0.0711344 0.0307387 -0.00331157 -0.0104437 -0.0227524 -0.0674144 -0.0127643
internal_weight=15229 2777 12452 187 12265 6189 6076 165 3490 199 78 58 2653 3291 2608 2699 210 2351 126 5911 5856 116 5740 77 42 3245 2225 673 123 550
internal_count=15229 2777 12452 187 12265 6189 6076 165 3490 199 78 58 2653 3291 2608 2699 210 2351 126 5911 5856 116 5740 77 42 3245 2225 673 123 550
is_linear=0
shrinkage=0.05


Tree=72
num_leaves=31
num_cat=0
split_feature=2 0 11 0 2 10 12 4 3 9 9 11 0 9 4 3 13 10 13 11 9 4 10 11 13 10 10 12 12 9
split_gain=99.1192 80.8985 138 132.626 146.117 117.851 78.581 78.0772 76.5328 77.2993 67.424 81.0029 66.6111 59.7408 96.5608 128.931 59.3019 65.1634 59.7095 77.2923 84.6786 102.619 77.6945 71.8891 73.3457 71.4982 84.588 85.9675 70.1789 68.853
threshold=15.905000000000003 25.500000000000004 -5.0733339999999991 6.5000000000000009 25.335000000000004 268251.48500000004 -673860.84999999986 -19.379999999999999 72.300000000000026 26.921142500000006 5.8918304500000014 -3.521500000000001 36.500000000000007 29.132706000000002 -2.9250000000000003 13.515000000000002 10.745000000000003 1897873.1500000001 5.0050000000000008 0.048812999999999114 27.049454000000004 -14.264999999999995 2939876.2500000005 1.3493955000000002 1.0000000180025095e-35 1227642.8 1477039.2500000002 -84771.564999999988 214318.93500000003 12.062149000000002
decision_type=2 2 2 2 2 2 2 2 2 2 2 2 2 2 2 2 2 2 2 2 2 2 2 2 2 2 2 2 2 2
left_child=6 2 3 -2 -5 8 -1 -8 9 -4 11 -3 13 -9 -15 -16 18 -18 19 25 21 23 -22 24 -21 28 27 -27 -7 -23
right_child=1 10 5 4 -6 16 7 12 -10 -11 -12 -13 -14 14 15 -17 17 -19 -20 20 22 29 -24 -25 -26 26 -28 -29 -30 -31
leaf_value=0.047668098990202384 -0.021307606661192528 -0.010013842157123587 -0.0024479832677526663 0.16802894913337449 0.021378516448395595 -0.00040206033134514971 -0.048372693668814408 0.0038832629329059276 0.076208626653533437 0.05841927041282069 0.0010261790979931773 0.054182175856549303 0.035379212674246555 0.10613895443905341 0.07388484815464301 -0.065947128925472498 -0.024917071645331541 -0.094590217835373358 -0.0040507347551087848 -0.069576454399010321 0.033752132695953146 0.0077012036515710265 -0.053975577155749001 0.082358559260242867 0.036803786979912413 -0.011216605302285064 -0.034752802025283532 -0.12879256211783527 -0.074380954462838808 -0.034742389620790112
leaf_weight=122 41 79 3296 33 35 205 63 2250 32 53 5987 130 204 38 34 32 132 45 1129 26 159 120 30 38 43 22 291 53 38 469
leaf_count=122 41 79 3296 33 35 205 63 2250 32 53 5987 130 204 38 34 32 132 45 1129 26 159 120 30 38 43 22 291 53 38 469
internal_value=-0.000163707 -0.00205437 -0.00604884 0.049721 0.0925471 -0.00703232 0.0084425 0.00661666 -0.00074938 -0.00148472 0.0020007 0.0299167 0.00797098 0.00559575 0.0426448 0.00608753 -0.014619 -0.0426306 -0.0127288 -0.0192866 -0.00985256 -0.0179121 0.0198271 0.0271327 -0.00328152 -0.0329963 -0.0469558 -0.0943036 -0.0119708 -0.0260951
internal_weight=15229 12486 6290 109 68 6181 2743 2621 3381 3349 6196 209 2558 2354 104 66 2800 177 2623 1494 885 696 189 107 69 609 366 75 243 589
internal_count=15229 12486 6290 109 68 6181 2743 2621 3381 3349 6196 209 2558 2354 104 66 2800 177 2623 1494 885 696 189 107 69 609 366 75 243 589
is_linear=0
shrinkage=0.05


Tree=73
num_leaves=31
num_cat=0
split_feature=7 5 14 14 12 9 11 11 4 9 10 11 4 4 5 1 12 1 5 11 12 2 7 11 11 10 1 11 9 0
split_gain=103.436 106.66 103.096 99.6611 83.0833 140.2 127.081 118.208 102.547 87.1693 100.659 77.2208 460.899 73.6218 70.3854 65.5933 84.1991 61.7237 79.9718 72.6833 68.6921 91.8446 64.6524 99.4832 173.869 168.086 77.4277 69.6638 108.542 79.6071
threshold=3.5000000000000004 0.090375066770556622 12.930000000000001 8.7450000000000028 -938135.62499999988 13.348449500000003 0.3781280000000003 -2.6258699999999986 -45.759999999999998 29.573974500000002 2850362.1500000004 4.2208102500000013 1.7700000000000069 20.420000000000005 0.040298206741907254 12.335000000000001 -1.0000000180025095e-35 8.858333333333329 0.042167404692593037 3.983032000000001 -275430.39999999997 29.135000000000002 1.5000000000000002 -0.91336000000000073 -3.0512084999999991 1048455.7500000001 7.1933333333333342 2.6099545000000002 12.249328500000003 30.500000000000004
decision_type=2 2 2 2 2 2 2 2 2 2 2 2 2 2 2 2 2 2 2 2 2 2 2 2 2 2 2 2 2 2
left_child=1 2 4 11 5 -1 7 14 -9 10 17 15 -13 -5 -7 -2 -17 22 20 -20 21 -19 -6 24 25 -24 -26 -25 -29 -30
right_child=3 -3 -4 13 9 6 -8 8 -10 -11 -12 12 -14 -15 -16 16 -18 18 19 -21 -22 -23 23 27 26 -27 -28 28 29 -31
leaf_value=-0.073344455505239547 -0.011314506864356444 0.040734677261767542 0.11066369048573754 0.0070083744374371624 -0.0076048583565135087 0.04497890095076254 0.14314206537923643 -0.077810463566204607 0.027044717505762057 0.035356410369339931 -0.033029474589663252 0.24289178759790958 -0.053646114350933784 -0.056435721946206496 0.16191725146702746 -0.032363405817762973 0.021312471331812716 -0.1435170352458954 0.014523475205821782 -0.034972453642978227 -0.00077194712115564632 -0.0021497597710953818 0.0068408083727345206 -0.0052675659362662365 0.074986089451041654 -0.11630815450634276 0.02598656913624782 0.11403720891394187 -0.037374264452346533 0.083370128199458132
leaf_weight=29 4238 187 22 1687 2517 31 28 29 119 185 216 20 38 47 22 94 328 20 2019 77 1295 27 133 1334 123 35 234 32 43 20
leaf_count=29 4238 187 22 1687 2517 31 28 29 119 185 216 20 38 47 22 94 328 20 2019 77 1295 27 133 1334 123 35 234 32 43 20
internal_value=-0.000155522 0.00337748 0.00256424 -0.00496166 0.00228667 0.03023 0.0433464 0.0294445 0.00649877 0.00141912 0.00064639 -0.00872897 0.0486083 0.00528872 0.0935193 -0.00944261 0.00935623 0.0015661 0.00660325 0.0127052 -0.00292702 -0.062306 -0.00230724 0.00451676 0.0231299 -0.0188152 0.0428688 -0.00232151 0.0390474 0.000957289
internal_weight=15229 8777 8590 6452 8568 258 229 201 148 8310 8125 4718 58 1734 53 4660 422 7909 3438 2096 1342 47 4471 1954 525 168 357 1429 95 63
internal_count=15229 8777 8590 6452 8568 258 229 201 148 8310 8125 4718 58 1734 53 4660 422 7909 3438 2096 1342 47 4471 1954 525 168 357 1429 95 63
is_linear=0
shrinkage=0.05


Tree=74
num_leaves=31
num_cat=0
split_feature=7 5 14 14 8 12 7 12 1 13 3 14 7 10 10 1 9 9 0 5 12 9 9 14 12 10 5 3 9 4
split_gain=93.351 96.261 93.0445 89.9441 113.063 79.9829 77.1784 125.725 99.4404 97.314 87.6384 182.835 103.187 147.299 130.779 156.432 106.087 96.7905 81.7944 102.576 113.39 115.076 91.9593 132.898 173.368 89.9489 77.0406 76.5851 85.7263 74.7349
threshold=3.5000000000000004 0.090375066770556622 12.930000000000001 8.7450000000000028 1.0000000180025095e-35 1788409.8500000003 1.0000000180025095e-35 -1411799.8499999999 13.948333333333334 7.5850000000000009 44.555000000000007 2.8000000000000003 1.5000000000000002 54669.89850000001 2419081.3500000006 2.209999999999996 29.907959000000002 9.0695190000000014 9.5000000000000018 0.057093920890606199 -234362.85499999998 29.458053000000003 24.259673500000002 6.9650000000000007 339171.90000000014 15872.646500000001 0.044632894673933728 19.435000000000006 17.424499500000003 -9.5549999999999962
decision_type=2 2 2 2 2 2 2 2 2 2 2 2 2 2 2 2 2 2 2 2 2 2 2 2 2 2 2 2 2 2
left_child=1 2 5 4 -2 6 8 -8 18 10 12 -12 13 -9 15 -15 -14 -17 -1 20 -20 22 27 24 -24 -21 -11 -22 -29 -27
right_child=3 -3 -4 -5 -6 -7 7 9 -10 26 11 -13 16 14 -16 17 -18 -19 19 25 21 -23 23 -25 -26 29 -28 28 -30 -31
leaf_value=-0.02615270224553792 -0.007406661806696903 0.038697943646201799 0.10513050552796235 0.0050242884569579038 -0.075922602622342295 -0.058487167611666439 0.058297192304479807 0.005377961596347053 0.067847058955166073 0.0018001117830023978 0.0059652757298675162 0.13260697968886234 -0.003379685609073535 -0.14638436699906984 0.017788391588972167 -0.13287666506533111 0.092031046549479176 -0.034299470667365113 -0.051640430295511214 -0.014972036396998359 0.069142407895997168 0.087242933229871977 -0.033689263113804366 0.052218490898704686 -0.18830191895365717 0.016992914089314581 0.015599173149113838 -0.012513583974833934 0.022012105136700971 0.075533161492465625
leaf_weight=450 4657 187 22 1734 61 54 110 220 45 1942 570 30 1010 45 65 28 30 225 136 108 40 34 194 39 20 136 2111 573 262 91
leaf_count=450 4657 187 22 1734 61 54 110 220 45 1942 570 30 1010 45 65 28 30 225 136 108 40 34 194 39 20 136 2111 573 262 91
internal_value=-0.000147746 0.00320861 0.00243602 -0.00471358 -0.00829252 0.00217234 0.00255707 0.00530511 -0.00568962 0.00437631 -0.00403057 0.0122974 -0.0100668 -0.0269054 -0.046471 -0.0604873 -0.000627453 -0.0452092 -0.00727827 -0.00207711 -0.00844337 -0.0033876 -0.00611937 -0.0326689 -0.048139 0.0225898 0.00898734 0.00155724 -0.00168037 0.0404606
internal_weight=15229 8777 8590 6452 4718 8568 8514 6386 2128 6276 2223 600 1623 583 363 298 1040 253 2083 1633 1298 1162 1128 253 214 335 4053 875 835 227
internal_count=15229 8777 8590 6452 4718 8568 8514 6386 2128 6276 2223 600 1623 583 363 298 1040 253 2083 1633 1298 1162 1128 253 214 335 4053 875 835 227
is_linear=0
shrinkage=0.05


Tree=75
num_leaves=31
num_cat=0
split_feature=7 5 14 2 1 12 9 3 9 4 12 11 11 10 1 11 4 11 2 10 12 7 4 10 9 9 3 12 14 11
split_gain=105.066 117.089 105.242 206.782 93.0304 143.237 87.3886 112.596 105.56 153.715 99.2357 75.8081 75.3025 110.28 73.5295 102.913 93.401 86.7035 127.981 80.1012 72.2168 65.2625 143.695 65.4387 64.6506 66.7085 180.528 66.8575 132.466 92.769
threshold=3.5000000000000004 0.090375066770556622 8.4050000000000029 41.735000000000007 9.1783333333333328 -760067.55999999982 18.238769500000004 25.735000000000003 13.256637500000002 -17.289999999999996 -53192.099999999853 1.2887420000000012 0.058913999999998808 1867769.8500000003 4.6083333333333298 -2.2804869999999995 -31.314999999999994 1.3753510000000004 61.585000000000008 1883774.1000000003 13801.990000000109 1.0000000180025095e-35 -6.0999999999999996 957245.09500000009 29.573974500000002 5.3281708000000014 23.555000000000003 -15389.365000000018 6.6450000000000005 -5.6715239999999998
decision_type=2 2 2 2 2 2 2 2 2 2 2 2 2 2 2 2 2 2 2 2 2 2 2 2 2 2 2 2 2 2
left_child=1 2 4 -4 24 -6 8 12 9 -7 -9 -11 20 -14 15 19 -16 -17 -19 -2 -8 22 -3 -23 25 26 -1 28 29 -27
right_child=14 21 3 -5 5 6 7 10 -10 11 -12 -13 13 -15 16 17 -18 18 -20 -21 -22 23 -24 -25 -26 27 -28 -29 -30 -31
leaf_value=0.12143854953348637 -0.00016348292497364252 0.19462011858820916 0.014576529629451315 0.13699782347040518 0.14303617358207704 0.14921219231560828 0.024419967105843356 -0.10702087482945487 -0.013565441085197544 0.018364926976972215 0.0023419209845754073 -0.013065738195676685 0.055520185208466445 -0.030546028805630551 0.085660197821756212 -0.036424893649725253 -0.0027883620010767446 0.072712156525337884 -0.040439184287599489 0.12403347216546537 -0.026296150236434879 0.046959680587701176 0.0094419767233458445 -0.025963188211123152 0.029597002109069882 0.1012744565261528 -0.0029071909875643476 -0.0070788754639733373 0.13026776287172523 0.0021501848788873352
leaf_weight=40 37 20 193 42 20 20 427 22 699 651 363 272 327 42 30 454 5877 49 51 20 84 115 22 42 163 24 108 3548 21 1430
leaf_count=40 37 20 193 42 20 20 427 22 699 651 363 272 327 42 30 454 5877 49 51 20 84 115 22 42 163 24 108 3548 21 1430
internal_value=0.000752101 0.00434973 0.00346173 0.0364561 0.00252314 0.00968592 0.00876848 0.0186453 0.00115937 0.0120742 -0.00390738 0.00910259 0.0285121 0.045724 -0.00404713 -0.0205594 -0.00233916 -0.0271415 0.015005 0.0434144 0.0160831 0.0422615 0.097622 0.0274517 -0.00140739 -0.00238471 0.0306998 -0.00335952 0.0055871 0.00378635
internal_weight=15213 8695 8496 235 8261 2927 2907 1265 1642 943 385 923 880 369 6518 611 5907 554 100 57 511 199 42 157 5334 5171 148 5023 1475 1454
internal_count=15213 8695 8496 235 8261 2927 2907 1265 1642 943 385 923 880 369 6518 611 5907 554 100 57 511 199 42 157 5334 5171 148 5023 1475 1454
is_linear=0
shrinkage=0.05


Tree=76
num_leaves=31
num_cat=0
split_feature=13 14 9 5 9 7 2 9 4 12 4 9 3 10 1 0 13 4 9 0 9 0 12 12 9 12 9 7 9 9
split_gain=106.728 124.383 95.349 147.318 109.437 93.1161 165.942 84.0723 179.501 92.4678 88.2981 88.9621 86.7197 80.3111 161.558 129.087 72.6176 67.5926 63.9747 119.236 61.1308 162.261 195.108 98.1594 87.647 60.8952 58.3612 57.6432 82.734 79.6876
threshold=7.3850000000000007 8.5050000000000008 4.2728576500000006 0.078094500146368651 2.1736908000000006 2.5000000000000004 41.735000000000007 26.659958000000003 -24.744999999999994 -467518.02000000008 -4.9850000000000012 23.359573500000003 21.045000000000005 32189.414000000001 8.1783333333333346 22.500000000000004 10.045000000000002 19.565000000000001 8.3138275000000004 20.500000000000004 17.250717500000004 19.500000000000004 -154408.52499999988 -1047819.2999999999 16.889877000000002 -899267.86499999999 3.8341827500000005 3.5000000000000004 16.939773500000005 10.081405500000001
decision_type=2 2 2 2 2 2 2 2 2 2 2 2 2 2 2 2 2 2 2 2 2 2 2 2 2 2 2 2 2 2
left_child=1 25 3 4 -2 6 -3 10 -9 -10 11 20 -13 -14 -15 -16 18 26 19 -12 23 22 -22 -4 -25 -1 -7 28 -18 -29
right_child=2 5 7 -5 -6 17 -8 8 9 -11 16 12 13 14 15 -17 27 -19 -20 -21 21 -23 -24 24 -26 -27 -28 29 -30 -31
leaf_value=0.012599050245626131 -0.081010039828040392 0.017044295593731509 -0.064740108512341979 0.15089399688518967 0.03925055809594967 -0.050992523636668924 0.1316585055528543 -0.11979073345580178 0.088455398928145981 0.017833251982319845 -0.010848401564006908 0.080192178301513206 0.0065739081492938575 -0.0023598981350660326 -0.047354019545018673 -0.22699717193841937 0.00082151241130235138 -0.043437794230979043 -0.0096930912946455242 0.053729258559472054 0.23855282507836817 0.019434887229762665 0.048810898242074824 0.019315819046308115 -0.055720074447553336 -0.008656629172719062 0.0066350881478991156 0.024462210755227198 0.02272621888950457 -0.018649048539882803
leaf_weight=360 22 166 40 26 135 45 39 23 49 857 179 20 80 50 20 20 1059 74 2283 119 20 244 42 766 41 5264 1855 141 727 447
leaf_count=360 22 166 40 26 135 45 39 23 49 857 179 20 80 50 20 20 1059 74 2283 119 20 244 42 766 41 5264 1855 141 727 447
internal_value=0.000714496 -0.00336663 0.00501207 0.0406549 0.0223988 0.00677516 0.038849 0.00410953 0.0181509 0.0216528 0.00203832 0.0134101 -0.0182909 -0.0298771 -0.062278 -0.137176 -0.00104388 0.00344429 -0.00684905 0.0149393 0.018634 0.0377883 0.110018 0.011714 0.0155036 -0.00729602 0.00527022 0.00526748 0.00973793 -0.00831114
internal_weight=15213 7803 7410 183 157 2179 205 7227 929 906 6298 1343 190 170 90 40 4955 1974 2581 298 1153 306 62 847 807 5624 1900 2374 1786 588
internal_count=15213 7803 7410 183 157 2179 205 7227 929 906 6298 1343 190 170 90 40 4955 1974 2581 298 1153 306 62 847 807 5624 1900 2374 1786 588
is_linear=0
shrinkage=0.05


Tree=77
num_leaves=31
num_cat=0
split_feature=13 14 9 9 5 7 2 9 3 12 12 9 11 12 11 7 9 11 14 9 12 11 9 11 9 0 2 0 0 12
split_gain=96.3557 112.922 86.917 134.889 114.186 84.0373 149.762 76.6972 160.905 82.2138 63.8275 84.9944 65.0639 55.4552 65.4043 50.3384 49.2629 58.799 111.491 95.3909 76.9499 53.5414 48.5221 49.4709 47.3971 53.9699 48.7332 46.8999 44.8462 45.8774
threshold=7.3550000000000013 8.5050000000000008 4.2728576500000006 2.1736908000000006 0.076775437281092943 2.5000000000000004 41.735000000000007 26.659958000000003 50.925000000000004 -467518.02000000008 352639.0500000001 27.256103500000005 0.53468349999999998 -1741790.45 -2.2169644999999991 1.5000000000000002 3.8341827500000005 -0.039580499999999567 15.210000000000003 14.133926000000002 131849.01000000004 -1.0125430000000006 24.389984500000004 -0.69880675000000003 20.647140500000003 14.500000000000002 42.570000000000007 14.500000000000002 4.5000000000000009 1652220.1800000004
decision_type=2 2 2 2 2 2 2 2 2 2 2 2 2 2 2 2 2 2 2 2 2 2 2 2 2 2 2 2 2 2
left_child=1 13 3 -2 27 6 22 28 9 -9 12 -12 -11 14 -1 -14 -7 18 19 21 -21 -18 23 -3 25 -19 -27 -5 -4 -30
right_child=2 5 7 4 -6 16 -8 8 -10 10 11 -13 15 -15 -16 -17 17 24 -20 20 -22 -23 -24 -25 -26 26 -28 -29 29 -31
leaf_value=0.088763096777256578 -0.06956271769665183 0.046033945489519584 -0.009452368959855021 0.0056108770093747547 0.1534826295375824 -0.04844289759794871 0.12507557953015352 0.083316777897533043 -0.098649664629443468 0.016866245349510287 -0.10487265473474627 0.0053511399724712116 0.10594303052210691 -0.0076624925525662886 0.0024753393006644083 0.029921313711041449 0.022030062235872006 0.0054484885112145321 0.13361333236098291 0.0022952040798705198 -0.089128784835338593 0.072993273339824569 0.080390644591301685 -0.016467850238725705 0.010657082839680504 -0.012942708753383304 -0.056802494007799978 0.064494391349590813 0.0038806450498062384 -0.046260280858563346
leaf_weight=32 25 48 764 63 25 45 39 50 29 667 23 73 38 5485 70 51 188 370 20 290 25 71 25 93 509 380 76 73 5520 46
leaf_count=32 25 48 764 63 25 45 39 50 29 667 23 73 38 5485 70 51 188 370 20 290 25 71 25 93 509 380 76 73 5520 46
internal_value=0.000678772 -0.00321789 0.00474236 0.0384923 0.0552711 0.0064364 0.0369065 0.00387781 0.0172773 0.0210044 0.0173476 -0.0210566 0.0222243 -0.00698319 0.029546 0.06238 0.00327208 0.00447849 0.0175654 0.0135219 -0.00496067 0.0360007 0.0161921 0.00480936 -0.00134444 -0.00874005 -0.0202527 0.0372175 0.00190704 0.00346626
internal_weight=15213 7766 7447 186 161 2179 205 7261 931 902 852 96 756 5587 102 89 1974 1929 594 574 315 259 166 141 1335 826 456 136 6330 5566
internal_count=15213 7766 7447 186 161 2179 205 7261 931 902 852 96 756 5587 102 89 1974 1929 594 574 315 259 166 141 1335 826 456 136 6330 5566
is_linear=0
shrinkage=0.05


Tree=78
num_leaves=31
num_cat=0
split_feature=13 14 7 2 5 0 12 7 11 3 1 10 12 4 7 5 10 10 7 11 5 10 12 5 11 3 2 3 12 0
split_gain=87.006 101.346 75.8436 135.161 69.4981 119.456 117.622 68.8703 84.9076 74.8537 74.5896 89.42 71.2674 66.7157 64.8307 66.9612 59.265 101.276 88.5118 145.414 192.274 118.813 115.794 105.169 170.29 94.6949 109.457 90.3912 82.7115 62.459
threshold=7.3850000000000007 8.5050000000000008 2.5000000000000004 41.735000000000007 0.066822589028323345 12.500000000000002 361771.55100000004 1.0000000180025095e-35 0.048812999999999114 76.080000000000013 8.8099999999999952 1883774.1000000003 266135.5500000001 2.4000000000000017 1.0000000180025095e-35 0.07748935084274422 2073702.5000000002 2155978.6000000006 2.5000000000000004 2.6734165000000005 0.032515038007337148 1477039.2500000002 -1047819.2999999999 0.028172981875473745 4.2208102500000013 40.290000000000006 24.875000000000004 18.605000000000004 361771.55100000004 26.500000000000004
decision_type=2 2 2 2 2 2 2 2 2 2 2 2 2 2 2 2 2 2 2 2 2 2 2 2 2 2 2 2 2 2
left_child=1 -1 3 -3 7 -6 14 8 -2 16 11 12 -10 -12 15 -7 18 -18 19 20 21 27 -20 24 -24 28 -27 -9 -22 -19
right_child=4 2 -4 -5 5 6 -8 9 10 -11 13 -13 -14 -15 -16 -17 17 29 22 -21 25 -23 23 -25 -26 26 -28 -29 -30 -31
leaf_value=-0.0065868832082823809 -0.022681162999153015 0.01538247674972195 0.0031084716463680873 0.11882180120700446 -0.00094370604174803482 0.028994991919346926 -0.049016067693414898 -0.11690144911408425 -0.015754761578767405 0.078663005000528169 0.046397450561291423 0.040000351158980756 -0.11399322077631951 -0.015680228305033971 0.026605376955706878 0.10433628290406582 -0.096024744864553216 -0.029200182214432154 0.10407395279930474 -0.029446106860189544 0.021750802580907475 0.066218277135369735 0.012084522442709069 -0.0071343742158680324 0.14619517286121847 0.16031548372868981 0.030030888554296999 -0.010912697364100759 0.093878762778349042 0.019768225879616238
leaf_weight=5624 563 166 1974 39 655 58 46 21 240 34 149 71 20 61 573 60 36 141 26 184 1300 49 445 1947 25 28 38 478 41 121
leaf_count=5624 563 166 1974 39 655 58 46 21 240 34 149 71 20 61 573 60 36 141 26 184 1300 49 445 1947 25 28 38 478 41 121
internal_value=0.000644833 -0.00303998 0.00611458 0.0350612 0.00452508 0.0145933 0.0284017 0.00219623 -0.00908854 0.00473151 0.00505683 -0.00973106 -0.0233116 0.0283654 0.0335554 0.0673041 0.00421642 -0.0173898 0.00562162 0.0130484 0.0170479 -0.00807756 -0.000880971 -0.00200999 0.0192181 0.0268337 0.0853031 -0.0153731 0.0239561 -0.006585
internal_weight=15213 7803 2179 205 7410 1392 737 6018 1104 4914 541 331 260 210 691 118 4880 298 4582 2139 1955 548 2443 2417 470 1407 66 499 1341 262
internal_count=15213 7803 2179 205 7410 1392 737 6018 1104 4914 541 331 260 210 691 118 4880 298 4582 2139 1955 548 2443 2417 470 1407 66 499 1341 262
is_linear=0
shrinkage=0.05


Tree=79
num_leaves=31
num_cat=0
split_feature=7 5 14 2 2 13 0 7 3 11 9 11 7 0 12 12 10 11 13 3 11 9 9 11 3 10 9 12 10 0
split_gain=80.4106 93.8204 69.1073 141.232 66.587 117.462 83.7822 84.7876 79.5946 74.6042 73.8244 71.3901 70.4579 69.1871 65.3733 62.4666 213.047 191.9 128.115 79.8894 63.4343 116.384 71.5864 66.5895 206.213 78.6027 93.9607 166.918 104.925 84.1322
threshold=3.5000000000000004 0.090375066770556622 8.4050000000000029 41.735000000000007 21.675000000000004 6.995000000000001 13.500000000000002 1.0000000180025095e-35 35.415000000000006 -2.4056089999999997 25.974762000000002 0.13568099999999997 1.5000000000000002 30.500000000000004 -508703.4499999999 -899267.86499999999 1129308.4500000004 -2.7166289999999997 2.5650000000000004 78.795000000000016 -3.3655244499999997 15.554229500000002 4.2728576500000006 0.68612700000000093 88.890000000000015 2317502.1000000006 15.022644000000001 594025.00000000012 1661661.1000000003 23.500000000000004
decision_type=2 2 2 2 2 2 2 2 2 2 2 2 2 2 2 2 2 2 2 2 2 2 2 2 2 2 2 2 2 2
left_child=1 2 4 -4 5 8 7 -7 -1 12 -9 -12 13 -8 -10 16 17 -6 -19 -20 21 -17 -22 -24 25 26 27 28 29 -25
right_child=-2 -3 3 -5 15 6 9 10 14 -11 11 -13 -14 -15 -16 20 -18 18 19 -21 22 -23 23 24 -26 -27 -28 -29 -30 -31
leaf_value=-0.0045033326793457399 -0.0035859332341397483 0.037696220443101988 0.011619584144146176 0.11279321511143021 0.11801283182921235 -0.019922892244105969 -0.027875829312731238 0.0043054171830606376 -0.017789958548432183 0.015914714222414153 0.025380559911718593 0.11740939406057199 0.099900874762602579 0.070302943129852219 -0.096370553155429667 -0.016342920976534597 0.1604655451499499 0.076076317410916097 -0.01816144631140762 -0.12863918342317146 0.067246909037624536 -0.13847867002976794 0.0029237281069648953 -0.0046499283192482808 0.10345908754911178 -0.04003107878134439 0.0046952884508596644 -0.16103643661453612 0.035229732335349664 -0.045913784070253594
leaf_weight=401 6518 199 193 42 27 329 34 908 59 1473 96 27 53 38 48 274 26 20 36 30 38 21 2788 237 39 228 671 21 81 258
leaf_count=401 6518 199 193 42 27 329 34 908 59 1473 96 27 53 38 48 274 26 20 36 30 38 21 2788 237 39 228 671 21 81 258
internal_value=0.000612591 0.00375992 0.00296503 0.0297017 0.00220446 0.00748439 0.0112989 0.00217741 -0.0147268 0.0190619 0.00922978 0.045582 0.0561478 0.0239407 -0.0530411 -0.00161207 0.0314172 0.00172465 -0.0347844 -0.0683786 -0.00259812 -0.0250373 -0.00108022 -0.00168083 -0.010044 -0.013003 -0.00814307 -0.0225728 -0.0175246 -0.0261572
internal_weight=15213 8695 8496 235 8261 3466 2958 1360 508 1598 1031 123 125 72 107 4795 139 113 86 66 4656 295 4361 4323 1535 1496 1268 597 576 495
internal_count=15213 8695 8496 235 8261 3466 2958 1360 508 1598 1031 123 125 72 107 4795 139 113 86 66 4656 295 4361 4323 1535 1496 1268 597 576 495
is_linear=0
shrinkage=0.05


Tree=80
num_leaves=31
num_cat=0
split_feature=0 2 1 1 1 11 4 14 4 12 13 5 0 12 1 11 11 11 1 4 9 13 11 13 0 10 2 3 2 3
split_gain=68.0946 111.786 129.495 125.878 90.4814 79.8763 227.837 87.68 77.149 73.4178 59.7509 67.2625 57.892 84.019 62.2597 54.2163 53.9384 78.3452 95.2843 54.9833 53.2006 75.6538 78.5782 58.72 73.9811 50.2442 48.6978 48.5617 46.9751 46.5482
threshold=36.500000000000007 28.955000000000002 7.9466666666666645 7.749999999999992 23.34 -0.57672100000000082 14.545 12.375000000000002 -13.684999999999995 64628.957500000055 20.230000000000004 0.058190283762725468 40.500000000000007 13801.990000000109 11.104999999999997 -2.6258699999999986 0.34591649999999957 0.42980999999999986 13.705 -2.7600000000000029 28.298676000000004 7.2650000000000006 -0.20251450000000035 8.2750000000000004 29.500000000000004 1853723.4500000002 21.095000000000002 37.725000000000001 13.515000000000002 1.0000000180025095e-35
decision_type=2 2 2 2 2 2 2 2 2 2 2 2 2 2 2 2 2 2 2 2 2 2 2 2 2 2 2 2 2 2
left_child=10 2 3 8 9 6 7 15 -2 16 11 -1 13 14 -7 27 -4 -18 -19 -20 25 22 -22 -23 -25 29 -10 -3 -26 -13
right_child=1 5 4 -5 -6 12 -8 -9 26 -11 -12 20 -14 -15 -16 -17 17 18 19 -21 21 23 -24 24 28 -27 -28 -29 -30 -31
leaf_value=-0.0039360757432295576 -0.050137556208805605 0.0071118251518196163 0.0150362938630383 0.14250148553933417 0.096704437447090952 -0.029490584982412422 0.1490366038063477 0.10720402322709562 0.11706727404633295 0.067585370286206647 -0.049321245762279656 -0.068432675979354166 -0.0054540401705672004 0.037548674726584824 -0.09489341864325837 0.011557965766750219 -0.054748688016257097 -0.010341142136319783 0.085299199036298665 0.01827243438128277 -0.086473532071845105 0.11769798182850254 0.019677200345765977 -0.043709950826384805 0.091732286016287468 -0.032034092605113987 0.032240990881109613 -0.052342462700537662 0.00084051025055703664 0.0045764522739221635
leaf_weight=8513 22 62 939 35 30 127 29 20 23 52 66 22 908 34 51 321 67 443 39 142 22 29 84 22 44 100 64 77 21 2855
leaf_count=8513 22 62 939 35 30 127 29 20 23 52 66 22 908 34 51 321 67 443 39 142 22 29 84 22 44 100 64 77 21 2855
internal_value=-6.39891e-05 0.00607562 0.0144651 0.0600034 0.0106348 -0.00348292 0.0129407 0.00471823 0.0335133 0.00909963 -0.00188064 -0.0016133 -0.0109469 -0.0344727 -0.0482296 0.000262327 0.00723383 -0.00336893 0.0021478 0.0327147 0.00456793 0.02818 -0.00235408 0.0560818 0.0355431 0.00280714 0.0546663 -0.0258233 0.0623673 0.00401816
internal_weight=15263 3485 1856 144 1712 1629 509 480 109 1682 11778 11712 1120 212 178 460 1630 691 624 181 3199 222 106 116 87 2977 87 139 65 2877
internal_count=15263 3485 1856 144 1712 1629 509 480 109 1682 11778 11712 1120 212 178 460 1630 691 624 181 3199 222 106 116 87 2977 87 139 65 2877
is_linear=0
shrinkage=0.05


Tree=81
num_leaves=31
num_cat=0
split_feature=9 9 3 3 12 10 11 4 5 13 12 10 9 4 11 1 4 12 11 11 11 9 9 5 2 10 0 10 9 3
split_gain=63.8933 73.1269 64.0917 72.3411 104.645 72.7013 80.6543 62.5631 55.6011 58.2688 51.4955 48.6971 52.489 112.48 120.281 131.27 100.832 84.7048 136.606 80.0527 84.066 142.843 181.41 266.86 134.349 76.1232 74.3872 74.3042 198.312 73.281
threshold=7.8842163500000009 2.1736908000000006 1.0000000180025095e-35 11.505000000000001 -96960.249999999985 322762.03000000009 0.13568099999999997 2.9199999999999995 0.012012733396539263 6.4650000000000007 1788409.8500000003 3154311.3500000006 26.659958000000003 -10.565 -0.39923049999999977 0.89666666666665884 -3.5499999999999994 -1206904.2799999998 -1.3384394999999996 0.30897520000000039 -1.5672607500000006 12.342560000000002 14.284454000000002 0.040298206741907254 14.695000000000002 2609226.7500000005 28.500000000000004 1212561.4000000001 25.841888000000001 88.890000000000015
decision_type=2 2 2 2 2 2 2 2 2 2 2 2 2 2 2 2 2 2 2 2 2 2 2 2 2 2 2 2 2 2
left_child=1 -1 -2 4 7 -6 -7 -4 9 -5 11 12 16 14 -14 -16 19 -15 -19 20 21 -10 23 26 -24 29 -23 -22 -29 -21
right_child=2 -3 3 8 5 6 -8 -9 10 -11 -12 -13 13 17 15 -17 -18 18 -20 25 27 22 24 -25 -26 -27 -28 28 -30 -31
leaf_value=-0.044794427041636137 -0.081201840873807676 0.010940161811581393 0.15716931855394728 -0.01281667144556143 0.031362559999368211 -0.063118570609526206 0.026600364757620773 0.035120230212452863 -0.022122233007371386 -0.071133557979304055 -0.041133034622180278 -0.029310507162930384 -0.13049971902370452 0.113235451746732 0.10406150725625812 -0.028531069359243183 -0.0051439150553840374 -0.081596472216770063 0.011858899654956324 0.014321511499147606 -0.0028797395056398721 0.070028654619942399 0.092855262791001536 0.20466792134172992 -0.0024007051567813114 -0.055386068593514595 -0.036720973789691927 -0.020370860698012014 -0.18466459853574635 0.082194382706429911
leaf_weight=61 25 1672 21 243 169 55 46 21 191 52 80 149 25 20 21 168 7456 40 1742 1324 944 47 43 33 266 38 25 225 20 41
leaf_count=61 25 1672 21 243 169 55 46 21 191 52 80 149 25 20 21 168 7456 40 1742 1324 944 47 43 33 266 38 25 225 20 41
internal_value=-6.07897e-05 0.00897836 -0.00121858 -0.00107051 0.0227258 0.0113051 -0.0222565 0.0961448 -0.00163327 -0.0230963 -0.00114237 -0.000892783 -0.000558562 0.0068396 -0.0274319 -0.0137986 -0.00195861 0.0109096 0.00976114 0.00547012 -0.00152676 0.0136466 0.0301487 0.0869273 0.010855 0.0144169 0.0329628 -0.00924744 -0.0337826 0.0163602
internal_weight=15263 1733 13530 13505 312 270 101 42 13193 295 12898 12818 12669 2016 214 189 10653 1802 1782 3197 1794 605 414 105 309 1403 72 1189 245 1365
internal_count=15263 1733 13530 13505 312 270 101 42 13193 295 12898 12818 12669 2016 214 189 10653 1802 1782 3197 1794 605 414 105 309 1403 72 1189 245 1365
is_linear=0
shrinkage=0.05


Tree=82
num_leaves=31
num_cat=0
split_feature=0 11 4 12 2 4 11 2 1 14 9 13 5 9 9 13 11 13 0 3 13 14 10 3 4 11 1 11 3 9
split_gain=60.488 101.421 129.088 128.516 103.177 100.319 102.816 90.415 93.8816 89.4172 69.6914 54.7431 58.2517 51.3428 48.518 66.4574 66.8439 52.7525 67.1344 46.4399 46.0506 48.0018 44.5879 43.1259 48.7488 44.4704 54.5775 42.7907 111.41 54.0351
threshold=36.500000000000007 0.25669849999999889 14.545 57617.120000000003 43.945000000000007 8.2600000000000016 1.1118015000000006 57.570000000000007 11.830000000000004 7.8050000000000006 5.0354462500000006 20.230000000000004 0.058190283762725468 25.247040000000002 28.298676000000004 7.2650000000000006 -0.20251450000000035 8.2750000000000004 29.500000000000004 52.915000000000006 21.160000000000004 13.015000000000002 1853723.4500000002 15.135000000000003 -5.0999999999999996 0.42980999999999986 12.924999999999999 -5.6715239999999998 58.835000000000008 17.424499500000003
decision_type=2 2 2 2 2 2 2 2 2 2 2 2 2 2 2 2 2 2 2 2 2 2 2 2 2 2 2 2 2 2
left_child=11 2 4 5 19 10 -7 8 -6 -4 -3 12 27 -5 22 16 -16 -17 -19 20 21 -2 -14 -12 25 -25 -27 28 -1 -29
right_child=1 3 9 13 7 6 -8 -9 -10 -11 23 -13 14 -15 15 17 -18 18 -20 -21 -22 -23 -24 24 -26 26 -28 29 -30 -31
leaf_value=0.0019865350176890692 0.011705674484443492 0.080920683920383457 0.031244485785632777 0.030512679668097967 -0.024847130652404195 -0.093760052924194648 -0.013376742023722949 0.038443284287573182 -0.13641065006906336 0.16540348571927654 0.043738006150468869 -0.047178972041001549 0.0036975865458273396 0.1214244052618742 -0.079415581324561085 0.11133971717850916 0.018488964127997557 -0.042025602134791291 0.059023932356100817 0.082018388349276328 0.086482942307537253 0.05350733732104547 -0.030264801042154434 -0.030863044239417155 -0.010012631440500882 0.013509604033287159 0.087931153391088757 -0.0083040476749640189 0.11727477210358933 -0.00026705475554413867
leaf_weight=108 1488 25 27 41 132 62 111 47 22 23 47 66 2877 25 22 29 84 22 65 26 22 72 100 47 1035 205 28 4021 26 4358
leaf_count=108 1488 25 27 41 132 62 111 47 22 23 47 66 2877 25 22 29 84 22 65 26 22 72 100 47 1035 205 28 4021 26 4358
internal_value=-5.77502e-05 0.00572879 0.013706 -0.00339158 0.0115156 -0.00628291 -0.0421846 -0.0222588 -0.0407848 0.0929576 -0.0018049 -0.00176993 -0.00151404 0.0649489 0.00423828 0.0267873 -0.00183085 0.0529383 0.0334712 0.0157374 0.014648 0.013635 0.00255676 -0.00332335 -0.0050054 0.0135035 0.022453 -0.00367564 0.0243559 -0.00412393
internal_weight=15263 3485 1859 1626 1809 1560 173 201 154 50 1387 11778 11712 66 3199 222 106 116 87 1608 1582 1560 2977 1362 1315 280 233 8513 134 8379
internal_count=15263 3485 1859 1626 1809 1560 173 201 154 50 1387 11778 11712 66 3199 222 106 116 87 1608 1582 1560 2977 1362 1315 280 233 8513 134 8379
is_linear=0
shrinkage=0.05


Tree=83
num_leaves=31
num_cat=0
split_feature=9 3 9 3 12 10 11 4 7 9 1 2 13 14 7 11 9 2 3 9 1 10 12 2 4 13 13 4 3 9
split_gain=57.1761 75.8287 65.07 62.7103 95.5045 64.2635 72.4767 55.5685 50.1792 61.9539 76.3472 69.7596 80.4156 63.6291 67.8387 76.9491 127.465 152.262 113.318 76.3742 78.0406 69.7552 68.6245 191.156 87.144 71.8856 86.0743 303.503 93.4135 95.9936
threshold=8.1694795000000013 1.0000000180025095e-35 2.1736908000000006 11.505000000000001 -96960.249999999985 322762.03000000009 0.13568099999999997 2.9199999999999995 3.5000000000000004 9.8107452500000019 4.3649999999999958 26.955000000000002 6.4250000000000007 11.795000000000002 1.0000000180025095e-35 -0.36280800000000019 27.671173500000005 13.625000000000002 81.450000000000017 29.458053000000003 5.3349999999999982 2643782.4000000004 -938135.62499999988 36.355000000000011 -2.3699999999999997 7.5850000000000009 7.8950000000000005 -17.289999999999996 59.740000000000002 16.605865500000004
decision_type=2 2 2 2 2 2 2 2 2 2 2 2 2 2 2 2 2 2 2 2 2 2 2 2 2 2 2 2 2 2
left_child=2 -2 -1 4 7 -6 -7 -3 9 10 -5 -12 -13 14 15 16 17 -11 -19 21 -21 -17 23 24 -16 -24 27 -27 -28 -30
right_child=1 3 -4 8 5 6 -8 -9 -10 13 11 12 -14 -15 22 19 -18 18 -20 20 -22 -23 25 -25 -26 26 28 -29 29 -31
leaf_value=-0.042582257702702381 -0.091898663333900607 0.14886626923190696 0.0099342888968447524 0.069942498517533147 0.029524017216228861 -0.059909387772733518 0.025139698598776822 0.033841985198003903 -0.0051817854036362351 0.083730092851652047 -0.0055994754626934656 -0.13843574985152199 -0.033792248688804059 0.061495946103500003 -0.0045571908340858881 0.0014549637841676224 -0.14134789421444846 -0.017703277292255532 -0.12858963000277679 0.13377654619869733 0.014746749768964946 -0.051192807289424228 -0.0044429233542164796 0.14164068479748335 0.10078979860181395 0.19190230421997884 0.0065969354689205161 0.018041854279822769 0.0072406703121669124 -0.1016302268406967
leaf_weight=61 23 21 1784 24 164 55 46 21 5522 36 262 21 146 45 134 1032 21 576 24 21 40 67 1787 34 23 27 2808 357 40 41
leaf_count=61 23 21 1784 24 164 55 46 21 5522 36 262 21 146 45 134 1032 21 576 24 21 40 67 1787 34 23 27 2808 357 40 41
internal_value=-5.48626e-05 -0.00118964 0.00819797 -0.00103389 0.0213037 0.0102013 -0.0211742 0.0913541 -0.00155785 0.00108705 -0.0168416 -0.0216967 -0.046951 0.00222886 0.00185153 -0.00647577 -0.020148 -0.0161462 -0.0221387 0.00126792 0.0557242 -0.00175468 0.00473302 0.0341533 0.0108758 0.00362249 0.00802606 0.0302664 0.00506991 -0.0478668
internal_weight=15263 13418 1845 13395 307 265 101 42 13088 7566 453 429 167 7113 7068 1817 657 636 600 1160 61 1099 5251 191 157 5060 3273 384 2889 81
internal_count=15263 13418 1845 13395 307 265 101 42 13088 7566 453 429 167 7113 7068 1817 657 636 600 1160 61 1099 5251 191 157 5060 3273 384 2889 81
is_linear=0
shrinkage=0.05


Tree=84
num_leaves=31
num_cat=0
split_feature=0 11 4 12 2 4 11 2 1 14 9 7 7 3 9 7 9 13 9 13 5 8 11 9 7 1 11 1 1 4
split_gain=54.4228 92.3095 116.957 115.242 90.9651 90.0756 92.7538 82.0055 82.746 80.9003 62.1747 58.8796 81.2853 67.4847 204.856 51.6958 51.6421 76.0082 75.6048 50.2321 49.3605 47.5334 46.4565 44.4583 69.4865 73.8838 50.1732 74.0454 50.0585 42.5945
threshold=36.500000000000007 0.25669849999999889 14.545 57617.120000000003 43.945000000000007 8.2600000000000016 1.1118015000000006 57.570000000000007 11.830000000000004 7.8050000000000006 5.0354462500000006 1.0000000180025095e-35 2.5000000000000004 44.555000000000007 12.847030500000001 3.5000000000000004 16.519439500000004 9.4950000000000028 26.419876500000004 20.230000000000004 0.058190283762725468 1.0000000180025095e-35 0.048812999999999114 28.298676000000004 3.5000000000000004 7.3766666666666607 -0.077499000000001303 6.8716666666666617 13.004999999999999 -3.1899999999999999
decision_type=2 2 2 2 2 2 2 2 2 2 2 2 2 2 2 2 2 2 2 2 2 2 2 2 2 2 2 2 2 2
left_child=19 2 4 5 11 10 -7 8 -6 -4 -3 22 13 21 -15 -5 17 -14 -18 20 -1 -13 -2 -22 25 26 -25 -28 -26 -19
right_child=1 3 9 15 7 6 -8 -9 -10 -11 -12 12 16 14 -16 -17 18 29 -20 -21 23 -23 -24 24 28 -27 27 -29 -30 -31
leaf_value=-0.0034208761380625482 -0.017553784711618382 0.076377934485673912 0.029782490411566366 0.097127269925549639 -0.023431338625519087 -0.089008446338195962 -0.012659776179740826 0.037059677566619632 -0.12816966585814954 0.15739240012506187 -0.0031933503810919941 0.033630684580060514 0.0059860863824603462 -0.025955511629581453 0.18873662183061243 0.0065637866178384205 -0.017500356986258542 -0.0023987638153906525 0.023329180683741436 -0.045174116422563339 0.0022544480281558826 -0.028653431459414687 0.041424893185030676 -0.056211686196426552 -0.062019592388109723 0.069976233489830619 0.095213000087634392 -0.036332025974988934 0.031778899580240251 0.065350209538230744
leaf_weight=8513 202 25 27 40 132 62 111 47 22 23 1362 427 241 20 25 26 288 29 187 66 2977 33 40 24 33 97 23 20 25 116
leaf_count=8513 202 25 27 40 132 62 111 47 22 23 1362 427 241 20 25 26 288 29 187 66 2977 33 40 24 33 97 23 20 25 116
internal_value=-5.21195e-05 0.00543665 0.0130471 -0.00326439 0.0109621 -0.00600234 -0.0400217 -0.0207506 -0.038394 0.088483 -0.00175912 0.0149262 0.0189533 0.0348793 0.0933179 0.0614507 0.00961227 0.0231961 -0.00142641 -0.00167619 -0.00143107 0.0291625 -0.00780524 0.00386408 0.0254491 0.0420846 0.00170415 0.0340293 -0.0215892 0.0518004
internal_weight=15263 3485 1859 1626 1809 1560 173 201 154 50 1387 1608 1366 505 45 66 861 386 475 11778 11712 460 242 3199 222 164 67 43 58 145
internal_count=15263 3485 1859 1626 1809 1560 173 201 154 50 1387 1608 1366 505 45 66 861 386 475 11778 11712 460 242 3199 222 164 67 43 58 145
is_linear=0
shrinkage=0.05


Tree=85
num_leaves=31
num_cat=0
split_feature=10 0 9 12 11 10 2 12 0 3 9 3 3 11 9 9 11 3 11 5 5 9 5 14 9 7 3 11 10 11
split_gain=62.7457 93.8083 73.7664 75.0425 116.508 90.2243 97.6858 82.8223 67.9623 64.1888 67.9958 62.5956 105.373 59.4468 188.747 92.6306 98.8907 65.6513 118.352 61.5003 62.5143 56.1099 55.6726 88.0645 97.4703 128.275 87.2977 107.479 70.9639 68.0944
threshold=482331.47000000003 25.500000000000004 27.121002000000001 -66082.264999999999 3.1507265000000024 314568.73000000004 17.555000000000003 -54.949494999999992 4.5000000000000009 13.745000000000003 26.419876500000004 44.205000000000005 59.740000000000002 1.137619000000001 5.3281708000000014 14.804886000000002 -3.0512084999999991 46.475000000000009 3.6982270000000006 0.026126714328893939 0.026820436936112618 14.204208500000002 0.025710245296700667 1.0000000180025095e-35 19.167434500000002 1.0000000180025095e-35 20.515000000000004 0.79063449999999957 1165702.1500000001 -2.2804869999999995
decision_type=2 2 2 2 2 2 2 2 2 2 2 2 2 2 2 2 2 2 2 2 2 2 2 2 2 2 2 2 2 2
left_child=2 9 3 4 5 6 -1 -5 11 10 -2 -9 -13 15 -15 19 -17 -16 -19 21 -21 -10 23 24 25 -3 27 -24 -29 -25
right_child=1 22 -4 7 -6 -7 -8 8 13 -11 -12 12 -14 14 17 16 -18 18 -20 20 -22 -23 26 29 -26 -27 -28 28 -30 -31
leaf_value=0.042648383890098729 -0.07156726187961393 -0.063206627873741858 0.021652741671760827 -0.01671511181776545 0.11798584183145847 0.03959206094253151 -0.018702151108465275 -0.01102782185061856 -0.015473600328907284 -0.0094612037772312772 0.0022283914898123063 0.076928444892733497 -0.014246198680404932 0.083674572043698936 -0.010978831279308454 -0.078065033601596959 0.0012136742694634493 0.002744901644635118 0.14023487795144321 0.10351700765036403 0.016738957646817067 0.050447975713256245 0.018860664196682218 0.064950745640089735 0.059896308526137879 0.024906986533086959 -0.011660859937633942 0.006615097985531275 -0.048939562866678547 -0.011108459342402137
leaf_weight=88 86 49 452 700 28 204 247 1435 253 2725 49 56 73 58 1390 40 2367 72 20 21 1771 37 680 32 152 263 1202 117 113 366
leaf_count=88 86 49 452 700 28 204 247 1435 253 2725 49 56 73 58 1390 40 2367 72 20 21 1771 37 680 32 152 263 1202 117 113 366
internal_value=-0.000597213 -0.00466306 0.00195006 0.000944907 0.0185432 0.0133774 -0.00258619 -0.000258306 0.00125885 -0.0111285 -0.0447822 -0.00802871 0.0253335 0.00366816 -0.00480852 0.00657618 -0.000103795 -0.00827142 0.032634 0.0142989 0.0177559 -0.00706292 0.0015545 0.0122626 0.0270639 0.0110686 -0.00281596 0.00886709 -0.0206791 -0.00499315
internal_weight=15146 5834 9312 8860 567 539 335 8293 7593 2860 135 1564 129 6029 1540 4489 2407 1482 92 2082 1792 290 2974 862 464 312 2112 910 230 398
internal_count=15146 5834 9312 8860 567 539 335 8293 7593 2860 135 1564 129 6029 1540 4489 2407 1482 92 2082 1792 290 2974 862 464 312 2112 910 230 398
is_linear=0
shrinkage=0.05


Tree=86
num_leaves=31
num_cat=0
split_feature=10 0 9 4 11 1 3 9 10 1 11 2 14 3 13 5 5 3 9 13 9 7 13 4 1 3 4 9 7 1
split_gain=56.628 84.6619 66.5742 61.3184 88.0317 64.2049 57.9304 61.3662 56.9738 54.3327 69.1079 127.433 55.6054 52.9201 59.7061 50.9236 112.244 97.2984 73.8532 134.127 83.7225 65.6063 115.904 76.3061 85.8817 60.526 57.286 92.7409 61.7787 57.663
threshold=482331.47000000003 25.500000000000004 27.121002000000001 -1.4599999999999997 4.2208102500000013 1.5266666666666684 13.745000000000003 26.419876500000004 450213.1700000001 10.67 0.17677250000000114 63.275000000000013 14.445000000000002 13.005000000000001 16.515000000000004 0.036677058388157192 0.045136538289150825 23.265000000000004 21.061279000000003 7.9450000000000012 16.758911000000005 1.0000000180025095e-35 10.395000000000001 2.0849999999999995 18.043333333333333 9.6950000000000021 -24.744999999999994 19.334762500000004 1.0000000180025095e-35 6.4449999999999976
decision_type=2 2 2 2 2 2 2 2 2 2 2 2 2 2 2 2 2 2 2 2 2 2 2 2 2 2 2 2 2 2
left_child=2 6 3 4 5 -1 7 -2 9 -5 11 12 -11 -7 -15 26 18 21 20 -20 -17 22 -18 25 -25 -23 27 28 -3 -28
right_child=1 15 -4 8 -6 13 -8 -9 -10 10 -12 -13 -14 14 -16 16 17 -19 19 -21 -22 23 -24 24 -26 -27 29 -29 -30 -31
leaf_value=0.088599918736144909 -0.067988898498980807 -0.035851331845377435 0.020570104420870192 -0.006670800388716926 0.089980086083373712 0.065078684253805683 -0.0089881435064652331 0.0021169722080230714 0.058580424885363559 0.009147111259323687 -0.004866578016886741 0.135705178364047 0.093485018089413646 0.0049921481235226488 -0.047534260052171623 -0.032718507916127383 0.14483968932926655 -0.021140109934342476 -0.025751270142596538 -0.12461846900430132 0.032267474828735938 -0.087146084606647495 0.002112839845093814 0.022426180316314187 0.12321817011882862 0.0015785335044203109 -0.0066408330832820137 0.1359649040869304 0.046412430441862829 0.013901632923322419
leaf_weight=23 86 33 452 3410 31 36 2725 49 38 857 1060 21 20 3309 55 133 25 298 127 47 79 20 33 177 24 494 606 21 74 783
leaf_count=23 86 33 452 3410 31 36 2725 49 38 857 1060 21 20 3309 55 133 25 298 127 47 79 20 33 177 24 494 606 21 74 783
internal_value=-0.000567352 -0.00442991 0.00185255 0.000897662 0.00610152 0.00534188 -0.010572 -0.0425431 -0.00242719 -0.00285906 0.00377937 0.0139851 0.0110704 0.00477867 0.00413336 0.00147677 -0.00519932 0.00313213 -0.0283158 -0.0524568 -0.00850203 0.0124893 0.063633 0.00834062 0.034461 -0.00187379 0.00788881 0.039896 0.0210414 0.00493926
internal_weight=15146 5834 9312 8860 3454 3423 2860 135 5406 5368 1958 898 877 3400 3364 2974 1457 1071 386 174 212 773 58 715 201 514 1517 128 107 1389
internal_count=15146 5834 9312 8860 3454 3423 2860 135 5406 5368 1958 898 877 3400 3364 2974 1457 1071 386 174 212 773 58 715 201 514 1517 128 107 1389
is_linear=0
shrinkage=0.05


Tree=87
num_leaves=31
num_cat=0
split_feature=10 0 0 13 4 2 12 3 3 13 11 10 4 3 11 4 10 12 4 14 11 0 11 10 10 10 10 4 4 4
split_gain=51.1068 76.4074 58.7958 54.963 54.797 102.483 55.6266 52.9255 94.8947 51.0834 91.3411 79.36 69.0668 66.9527 143.362 85.1018 104.139 61.8655 54.1243 72.6087 52.1458 50.4381 49.2109 75.2834 101.141 49.1269 55.3926 47.8513 47.1678 46.7577
threshold=482331.47000000003 25.500000000000004 4.5000000000000009 11.145000000000001 -31.314999999999994 30.375000000000004 -1268356.8099999998 44.205000000000005 59.740000000000002 2.5650000000000004 0.79063449999999957 909389.90000000014 -33.960000000000001 38.015000000000008 1.9287262999999999 -14.264999999999995 1661661.1000000003 40724.373000000007 -8.4749999999999961 6.6850000000000014 0.68612700000000093 46.500000000000007 0.19665499999999983 1267856.1500000001 1477039.2500000002 499043.23000000004 518945.61000000004 10.150000000000002 14.545 29.215000000000003
decision_type=2 2 2 2 2 2 2 2 2 2 2 2 2 2 2 2 2 2 2 2 2 2 2 2 2 2 2 2 2 2
left_child=2 3 7 9 5 6 -4 28 -9 10 11 18 -13 14 -12 16 -15 -17 -2 -20 22 29 23 -14 -25 -3 -27 -19 -1 -6
right_child=1 25 4 -5 21 -7 -8 8 -10 -11 13 12 20 15 -16 17 -18 27 19 -21 -22 -23 -24 24 -26 26 -28 -29 -30 -31
leaf_value=-0.008374504196818516 -0.013752216936196561 -0.06021478369366378 -0.050522513063201172 -0.039928247866361115 0.003749757065171068 0.14311525821685792 0.053435310937704587 0.072653934602359568 -0.013868836484441203 -0.0017704642093447698 0.056929435394704346 -0.093079275509406784 0.019545746309326054 -0.014428228238487946 -0.046769329087565779 -0.052194588255565777 0.12332809382806653 0.042983298467063329 -0.11720222426509415 -0.036634257101807101 -0.065240395197922241 -0.016507195420012759 0.0089152546543194815 -0.089947915316248947 -0.018672752623766827 0.069667371995747088 0.0013767772930923907 -0.034380500951113231 -0.069755904457997536 0.070920572143334609
leaf_weight=1426 52 32 22 146 7313 20 31 56 73 1396 121 29 94 34 46 113 23 41 54 58 47 313 215 60 292 30 2912 39 32 26
leaf_count=1426 52 32 22 146 7313 20 31 56 73 1396 121 29 94 34 46 113 23 41 54 58 47 313 215 60 292 30 2912 39 32 26
internal_value=-0.000538984 -0.00420841 0.00175993 -0.0100434 0.00356071 0.0466754 0.010283 -0.00700569 0.0236914 -0.00843577 -0.0154955 -0.0244502 -0.0174503 0.00385263 0.0283657 -0.0125221 0.0411577 -0.0283757 -0.0559075 -0.0754795 -0.0143525 0.00314939 -0.0107341 -0.0202063 -0.0308219 0.00140293 0.00207315 0.00526845 -0.0097217 0.00398772
internal_weight=15146 5834 9312 2860 7725 73 53 1587 129 2714 1318 901 737 417 167 250 57 193 164 112 708 7652 661 446 352 2974 2942 80 1458 7339
internal_count=15146 5834 9312 2860 7725 73 53 1587 129 2714 1318 901 737 417 167 250 57 193 164 112 708 7652 661 446 352 2974 2942 80 1458 7339
is_linear=0
shrinkage=0.05


Tree=88
num_leaves=31
num_cat=0
split_feature=9 9 3 2 12 9 10 1 12 13 4 12 9 2 0 11 9 4 10 10 12 0 13 1 11 3 9 12 9 11
split_gain=50.8298 62.0905 113.146 50.4367 44.168 90.3648 52.9963 50.3731 78.1108 57.8398 55.8219 80.0758 51.4343 72.6619 45.7712 44.3854 90.4527 69.9709 158.004 76.0614 64.6338 87.0813 105.08 56.9772 69.7532 42.4088 57.0516 44.9723 42.3355 182.69
threshold=2.1736908000000006 8.1694795000000013 1.0000000180025095e-35 63.845000000000006 1094180.8750000002 28.543396000000005 3154311.3500000006 18.043333333333333 243965.73000000001 18.715000000000003 1.8249999999999995 -13728.955000000029 28.298676000000004 11.505000000000001 38.500000000000007 -2.2804869999999995 26.035950000000003 -17.974999999999998 182754.91000000003 2377132.6500000004 -165082.59999999995 24.500000000000004 6.3850000000000007 8.4849999999999977 -2.4756008499999997 19.745000000000001 13.552276500000003 352639.0500000001 15.913757000000002 4.2208102500000013
decision_type=2 2 2 2 2 2 2 2 2 2 2 2 2 2 2 2 2 2 2 2 2 2 2 2 2 2 2 2 2 2
left_child=-1 3 -3 -2 6 -6 7 9 10 15 12 -12 13 -9 -15 16 17 18 -4 23 21 -20 -23 24 -19 26 -25 -27 -17 -30
right_child=1 2 4 -5 5 -7 -8 8 -10 -11 11 -13 -14 14 -16 28 -18 19 20 -21 -22 22 -24 25 -26 27 -28 -29 29 -31
leaf_value=-0.044632358420640228 0.007601627079173558 -0.10569009668867624 0.17066028360277416 0.087458618599921475 -0.025008355979849503 0.081922007387592685 -0.029586662347263645 0.1118169941008091 -0.071246256623417145 -0.05565085287040953 0.12604478657012805 0.024352035388274462 -0.04345278354594484 -0.043744827381202153 0.038785135375690609 -0.0059455504619163636 0.10504785378774006 -0.021058050298850745 0.10513632415483397 0.091853695168443356 -0.063498231340199704 0.092230727663263679 -0.050019098926536942 0.047140349715313723 0.04488921919630634 0.0054219831915914406 -0.0077641418247367255 -0.060424974278129387 -0.00010229137572898848 0.092188023278248266
leaf_weight=65 1738 26 20 20 334 21 158 21 20 48 32 49 32 28 42 3728 24 368 30 23 20 20 37 138 45 245 72 29 7659 54
leaf_count=65 1738 26 20 20 334 21 158 21 20 48 32 49 32 28 42 3728 24 368 30 23 20 20 37 138 45 245 72 29 7659 54
internal_value=-0.000512035 -0.000321874 -0.00148728 0.00851013 -0.00128353 -0.0186829 -0.000806259 -0.000450557 0.0230515 -0.000869702 0.0322964 0.0645269 0.0110714 0.0302448 0.00577315 -0.000659545 0.00907384 0.00687387 0.0416633 0.00207141 0.0175517 0.0361839 -0.000106879 -0.000230698 -0.0138725 0.0114099 0.028316 -0.00154722 -0.00157069 0.000543849
internal_weight=15146 15081 13323 1758 13297 355 12942 12784 224 12560 204 81 123 91 70 12512 1071 1047 127 920 107 87 57 897 413 484 210 274 11441 7713
internal_count=15146 15081 13323 1758 13297 355 12942 12784 224 12560 204 81 123 91 70 12512 1071 1047 127 920 107 87 57 897 413 484 210 274 11441 7713
is_linear=0
shrinkage=0.05


Tree=89
num_leaves=31
num_cat=0
split_feature=0 5 11 4 3 9 14 5 1 4 13 11 11 11 1 12 11 10 11 9 0 5 10 9 0 5 12 12 13 10
split_gain=47.5836 88.29 71.9237 81.354 71.3127 68.7098 64.2846 57.5395 75.3216 54.3305 51.1805 49.4126 48.484 58.2156 48.191 46.1076 57.5558 80.0106 76.1363 83.5969 62.6216 58.7034 57.6078 138.059 83.1103 67.7045 56.6686 101.68 59.594 53.8234
threshold=36.500000000000007 0.088613212910437431 0.25669849999999889 15.060000000000004 37.725000000000001 5.0354462500000006 8.6050000000000022 0.016668056435409011 11.830000000000004 -1.5150000000000003 23.150000000000002 -0.65515150000000133 -1.7647097500000004 -0.36280800000000019 13.363333333333328 -577399.24999999988 1.3753510000000004 450213.1700000001 -2.2169644999999991 14.133926000000002 25.500000000000004 0.038015586318723919 1630220.9000000001 18.514953500000004 25.500000000000004 0.018063584078138042 -1741790.45 -798378.24999999988 8.6150000000000002 9258.6665000000012
decision_type=2 2 2 2 2 2 2 2 2 2 2 2 2 2 2 2 2 2 2 2 2 2 2 2 2 2 2 2 2 2
left_child=10 2 3 4 -2 -4 7 -6 12 14 15 -5 -9 -14 -7 16 18 -18 20 -20 21 -1 25 -24 -25 -21 -22 28 -28 -17
right_child=1 -3 5 11 6 9 -8 8 -10 -11 -12 -13 13 -15 -16 29 17 -19 19 22 26 -23 23 24 -26 -27 27 -29 -30 -31
leaf_value=0.02736234041777524 0.014497007370892465 0.10943020038306712 0.084024263097142629 0.13648080986458808 0.046187325476696996 0.00095731903053416091 0.048115944940336913 -0.039985226692729879 -0.093506183004116311 -0.011863038202930394 -0.0651529758819379 0.027891510551456701 0.031765961008966857 -0.026756840520795591 0.040238550214463487 0.001533568629875735 0.13168090718487899 0.022161339363658134 -0.058165949890462802 -0.063902573188145947 0.080314816489677754 0.1428685014559464 0.14378787243495816 -0.059283291440336942 0.045324364487005747 0.0013375631699250733 -0.06252812210689572 0.075947054723898566 0.039307677664328369 -0.0056310731593266373
leaf_weight=22 1398 20 22 20 33 461 43 114 34 1010 32 22 84 86 94 4435 21 81 64 45 27 22 23 31 49 342 51 30 20 6410
leaf_count=22 1398 20 22 20 33 461 43 114 34 1010 32 22 84 86 94 4435 21 81 64 45 27 22 23 31 49 342 51 30 20 6410
internal_value=-0.000486433 0.00468241 0.00407002 0.010814 0.00920185 -0.00372362 -0.00958656 -0.0166555 -0.023177 -0.00495714 -0.00200595 0.0796007 -0.0147573 0.00216031 0.00761036 -0.00183284 0.00953988 0.0447095 0.00459869 -0.00442339 0.0336582 0.0851154 0.00259605 0.0358275 0.0047889 -0.0062485 0.0159698 -0.00123138 -0.033842 -0.00270113
internal_weight=15146 3441 3421 1834 1792 1587 394 351 318 1565 11705 42 284 170 555 11673 828 102 726 554 172 44 490 103 80 387 128 101 71 10845
internal_count=15146 3441 3421 1834 1792 1587 394 351 318 1565 11705 42 284 170 555 11673 828 102 726 554 172 44 490 103 80 387 128 101 71 10845
is_linear=0
shrinkage=0.05


Tree=90
num_leaves=31
num_cat=0
split_feature=5 13 11 7 11 11 9 2 9 12 11 13 9 2 0 13 1 3 2 12 11 12 2 9 9 9 1 7 11 9
split_gain=90.3563 121.773 71.2815 48.4397 65.9367 59.9927 66.6084 57.0172 56.8772 72.0299 69.6593 60.1838 54.0269 135.071 83.6383 55.9683 55.1923 50.3453 94.1153 83.7646 62.442 66.0062 51.8156 48.9159 45.3668 57.7025 80.9166 106.063 75.2638 65.5022
threshold=0.095923274255015512 20.555000000000003 0.92529300000000025 3.5000000000000004 4.5382996499999999 -5.0733339999999991 6.8519897500000004 26.455000000000002 29.907959000000002 126140.09500000004 0.028548999999999939 23.150000000000002 4.2728576500000006 14.585000000000003 36.500000000000007 10.365 7.4633333333333338 58.025000000000006 49.315000000000005 -377759.64999999997 -0.17832949999999934 -32785.133999999991 34.555000000000007 3.8341827500000005 9.2961580000000001 21.374283000000002 15.071666666666667 4.5000000000000009 1.2629847500000004 30.085068000000003
decision_type=2 2 2 2 2 2 2 2 2 2 2 2 2 2 2 2 2 2 2 2 2 2 2 2 2 2 2 2 2 2
left_child=3 2 -2 4 8 6 -5 -6 11 10 -10 12 13 -1 15 16 -15 23 19 22 -20 -22 -19 -7 -25 26 -26 -28 29 -27
right_child=1 -3 -4 5 7 17 -8 -9 9 -11 -12 -13 -14 14 -16 -17 -18 18 20 -21 21 -23 -24 24 25 28 27 -29 -30 -31
leaf_value=0.12247079957389471 0.042731718205337985 0.15463539161253723 -0.045457152376572295 0.0075269234340105745 -0.0621469314562689 -0.037038061187403014 0.093695150947932043 0.019305420859206109 -0.0018848949298262596 -0.032024517130445351 0.11288768698771795 -0.063297597165493408 0.002823297573731252 -0.039133197441697125 0.10064770061522724 -0.086168421488255265 0.047027344376462082 0.0077712724761416514 0.00075267078706048546 -0.032261477571886937 -0.070410813811497816 -0.021787419073240607 0.10372666063554146 0.0095589511984917816 -0.0067985038543372581 0.0010605273820533966 -0.14654809410373371 -0.016392169822421337 0.028816936164904314 -0.051554706759872983
leaf_weight=33 97 20 30 70 70 98 33 31 20 22 39 34 8265 34 20 20 41 24 126 37 117 173 34 809 2579 1953 24 45 245 61
leaf_count=33 97 20 30 70 70 98 33 31 20 22 39 34 8265 34 20 20 41 24 126 37 117 173 34 809 2579 1953 24 45 245 61
internal_value=0.000948529 0.039959 0.0218997 0.000567674 0.00301538 -0.00271815 0.0351342 -0.0371467 0.00349103 0.0451899 0.0739817 0.00309117 0.00335948 0.0333021 0.00771459 -0.0118503 0.0079679 -0.00333456 -0.0183814 0.0265215 -0.0286357 -0.0414044 0.064021 -0.00201207 -0.00141155 -0.00322022 -0.00822815 -0.0616638 0.00265008 -0.000533082
internal_weight=15204 147 127 15057 8629 6428 103 101 8528 81 59 8447 8413 148 115 95 75 6325 511 95 416 290 58 5814 5716 4907 2648 69 2259 2014
internal_count=15204 147 127 15057 8629 6428 103 101 8528 81 59 8447 8413 148 115 95 75 6325 511 95 416 290 58 5814 5716 4907 2648 69 2259 2014
is_linear=0
shrinkage=0.05


Tree=91
num_leaves=31
num_cat=0
split_feature=5 13 1 0 3 10 12 0 0 9 11 3 7 10 12 10 3 11 2 2 1 7 9 9 10 11 12 12 7 9
split_gain=81.5466 109.9 68.9505 91.3746 55.4062 47.9245 55.8458 49.6941 61.1829 51.6477 87.6653 106.666 126.243 125.731 86.962 84.7222 77.6161 71.105 68.5158 69.7898 77.8151 64.2114 131.376 63.4019 61.6518 58.6355 57.9579 70.8644 56.6057 87.2026
threshold=0.095923274255015512 20.555000000000003 16.47666666666667 11.500000000000002 15.215000000000002 3154311.3500000006 1788409.8500000003 25.500000000000004 46.500000000000007 17.654571500000003 -0.029495000000000712 41.640000000000008 1.0000000180025095e-35 1560318.3500000003 87089.800000000061 13350.464500000002 12.135000000000003 -0.20251450000000035 29.745000000000001 78.795000000000016 7.5200000000000022 2.5000000000000004 12.847030500000001 6.1634520000000004 1690958.9000000001 -1.3384394999999996 258668.66999999995 508010.04000000004 3.5000000000000004 11.952926750000001
decision_type=2 2 2 2 2 2 2 2 2 2 2 2 2 2 2 2 2 2 2 2 2 2 2 2 2 2 2 2 2 2
left_child=5 2 3 -2 -5 6 7 -1 9 10 11 12 -9 15 -15 21 -12 18 -11 20 -20 22 -13 -18 -22 -24 -14 -28 -25 -30
right_child=1 -3 -4 4 -6 -7 -8 8 -10 17 16 13 26 14 -16 -17 23 -19 19 -21 24 -23 25 28 -26 -27 27 -29 29 -31
leaf_value=-0.0015848646823796175 -0.026820762542302947 0.14690362306311727 -0.064409831836819656 0.10452003431591123 0.012457011113516414 -0.023773241574876012 -0.044679009368809974 -0.028202929047043121 -0.017318475017839247 -0.010017463004472338 -0.07269508701495149 -0.03707943828776479 0.02823404152385578 0.11070978452761969 -0.0019043912924826146 -0.055953515527202603 0.042231132946352466 0.014727851542733417 0.053445186089084024 -0.059654984889285903 0.014086038087787779 -0.04175952063781805 0.13550800614058972 0.00067874527656236515 -0.067831231238177192 0.022176740424973626 -0.047022806533301875 0.033142175284378669 0.0066315703857981138 -0.031857607005271758
leaf_weight=8034 37 20 20 44 26 200 67 133 314 710 44 44 847 30 40 142 67 2234 128 28 197 61 25 901 26 21 60 51 224 429
leaf_count=8034 37 20 20 44 26 200 67 133 314 710 44 44 847 30 40 142 67 2234 128 28 197 61 25 901 26 21 60 51 224 429
internal_value=0.000901103 0.037961 0.0208047 0.0367327 0.0703252 0.000539291 0.000866578 0.0010729 0.00423343 0.00528392 0.000662854 0.00963303 0.0174447 -0.0138449 0.0463588 -0.028228 -0.00717056 0.00962131 -0.000854377 0.0163113 0.0223713 -0.00215506 0.024688 -0.00539198 0.00453515 0.0837698 0.023782 -0.0101902 -0.00744523 -0.0186546
internal_weight=15204 147 127 107 70 15057 14857 14790 6756 6442 3119 1454 1091 363 70 293 1665 3323 1089 379 351 151 90 1621 223 46 958 111 1554 653
internal_count=15204 147 127 107 70 15057 14857 14790 6756 6442 3119 1454 1091 363 70 293 1665 3323 1089 379 351 151 90 1621 223 46 958 111 1554 653
is_linear=0
shrinkage=0.05


Tree=92
num_leaves=31
num_cat=0
split_feature=5 13 1 0 3 13 7 11 11 9 4 9 12 11 13 14 9 2 0 13 1 1 11 3 2 12 11 12 2 4
split_gain=73.5958 99.1851 62.2278 82.4656 50.0041 45.3956 43.3758 59.132 53.5896 59.1116 51.9215 50.3971 65.2754 62.8225 54.3366 49.6439 49.1521 122.596 74.1191 50.5226 49.5017 45.5449 62.3753 43.9018 84.7094 77.5879 56.1079 59.4998 48.5953 44.4955
threshold=0.095923274255015512 20.555000000000003 16.47666666666667 11.500000000000002 15.215000000000002 12.425000000000002 3.5000000000000004 4.5382996499999999 -5.0733339999999991 6.8519897500000004 6.2600000000000007 29.907959000000002 126140.09500000004 0.028548999999999939 23.150000000000002 12.375000000000002 4.2728576500000006 14.585000000000003 36.500000000000007 10.365 7.4633333333333338 18.698333333333334 0.35543834999999963 58.025000000000006 49.315000000000005 -377759.64999999997 -0.17832949999999934 -32785.133999999991 39.435000000000009 21.290000000000003
decision_type=2 2 2 2 2 2 2 2 2 2 2 2 2 2 2 2 2 2 2 2 2 2 2 2 2 2 2 2 2 2
left_child=6 2 3 -2 5 -5 7 11 9 -8 -9 14 13 -13 15 16 17 -1 19 20 -19 -18 -23 -10 25 28 -26 -28 -25 -29
right_child=1 -3 -4 4 -6 -7 8 10 23 -11 -12 12 -14 -15 -16 -17 21 18 -20 -21 -22 22 -24 24 26 -27 27 29 -30 -31
leaf_value=0.11642650288501473 -0.025479724092056621 0.13955843903124332 -0.06118934152589646 0.1524442499592191 0.011834160919086291 0.050765570706647382 0.0071710485858576646 -0.054671773598648804 -0.001944628278194633 0.088345413045449697 0.030813845635756204 -0.0021081662643700838 -0.030974311686374923 0.10688672719093471 -0.060178742389304235 0.064363351836800572 0.0020033606390302493 -0.03709729438757195 0.094582981462699542 -0.081929851509630683 0.0445006697643094 0.065578371786054176 -0.021055747364317218 0.026980320303826723 0.0008989504627173856 -0.031204742052265116 -0.066602474989162552 -0.031342307221756814 0.12220964091164727 0.038528034035806305
leaf_weight=33 37 20 20 21 26 23 70 78 5814 33 23 20 22 39 34 33 8138 34 20 20 41 63 31 37 126 37 117 146 21 27
leaf_count=33 37 20 20 21 26 23 70 78 5814 33 23 20 22 39 34 33 8138 34 20 20 41 63 31 37 126 37 117 146 21 27
internal_value=0.000856048 0.036063 0.0197645 0.034896 0.0668089 0.099294 0.000512326 0.00282856 -0.002597 0.0331784 -0.0352048 0.003279 0.0425307 0.0699393 0.00290261 0.00315754 0.00291652 0.0314754 0.0070981 -0.0113198 0.00750959 0.00240307 0.0370075 -0.00317959 -0.0172306 0.0253695 -0.026959 -0.0390628 0.0614599 -0.0204377
internal_weight=15204 147 127 107 70 44 15057 8629 6428 103 101 8528 81 59 8447 8413 8380 148 115 95 75 8232 94 6325 511 95 416 290 58 173
internal_count=15204 147 127 107 70 44 15057 8629 6428 103 101 8528 81 59 8447 8413 8380 148 115 95 75 8232 94 6325 511 95 416 290 58 173
is_linear=0
shrinkage=0.05


Tree=93
num_leaves=31
num_cat=0
split_feature=5 13 11 10 12 0 4 14 11 4 11 13 1 5 9 11 10 3 12 4 11 10 0 0 9 11 4 10 3 8
split_gain=66.4202 89.5145 57.7339 43.3664 50.0064 43.5879 73.5222 68.1655 61.7399 50.4 106.303 226.821 77.8491 69.4638 65.8043 79.7576 112.067 69.705 65.4448 63.7263 64.5237 52.1514 50.0329 48.881 48.4642 82.4294 110.654 103.427 111.777 126.16
threshold=0.095923274255015512 20.555000000000003 0.92529300000000025 3154311.3500000006 1788409.8500000003 25.500000000000004 33.365000000000009 7.1950000000000012 0.10444650000000168 -9.9349999999999969 -2.7166289999999997 7.5650000000000004 6.0283333333333333 0.014443561649048175 13.080688500000003 -0.33087100000000008 729884.77000000014 49.315000000000005 -18523.795499999993 -36.689999999999991 -0.063720750000000312 599207.42500000016 46.500000000000007 19.500000000000004 18.238769500000004 -0.018233999999999636 -1.5749999999999991 2356781.6500000004 36.535000000000004 1.0000000180025095e-35
decision_type=2 2 2 2 2 2 2 2 2 2 2 2 2 2 2 2 2 2 2 2 2 2 2 2 2 2 2 2 2 2
left_child=3 2 -2 4 5 9 22 8 -8 10 11 21 14 -11 18 16 -16 -17 -12 -19 -21 -1 24 -22 25 27 -27 28 -7 -30
right_child=1 -3 -4 -5 -6 6 7 -9 -10 13 12 -13 -14 -15 15 17 -18 19 -20 20 23 -23 -24 -25 -26 26 -28 -29 29 -31
leaf_value=-0.025490120084335405 0.037524408825970801 0.13258051730692386 -0.041842767658332988 -0.022640759160989548 -0.042300620069032291 0.01605045831004296 -0.045880718417465688 0.13209041066467761 0.063686543309854141 -0.025568155830032521 -0.10584787225882922 0.20380649339585077 0.014758359896763157 -0.0019598393557184869 0.03769226130098105 -0.036939247987336582 -0.070084104868751704 -0.020006087880271178 0.0058019297108763742 0.13018246077001094 -0.030353160062804821 0.056981633635374111 -0.0161525050667525 0.051901202924447526 0.0088403546864375439 0.010316438755693821 -0.016245931183915201 0.077933350893167358 -0.020758828653501104 0.069810099005033932
leaf_weight=36 97 20 30 200 67 971 20 20 36 327 35 21 610 6607 34 54 83 48 21 20 24 41 312 73 3095 592 1161 52 455 42
leaf_count=36 97 20 30 200 67 971 20 20 36 327 35 21 610 6607 34 54 83 48 21 20 24 41 312 73 3095 592 1161 52 455 42
internal_value=0.000813245 0.0342598 0.0187763 0.00048671 0.000798044 0.000993285 0.00395327 0.0528541 0.0245554 -0.00149585 0.0084471 0.0581484 0.0035861 -0.00307318 -0.0137993 -0.00543599 -0.0387645 0.0123696 -0.0639792 0.0285071 0.0484099 0.0184234 0.00339692 0.0315496 0.00435474 0.000113074 -0.00727564 0.0086344 0.00617967 -0.0131051
internal_weight=15204 147 127 15057 14857 14790 6756 76 56 8034 1100 98 1002 6934 392 336 117 219 56 165 117 77 6680 97 6368 3273 1753 1520 1468 497
internal_count=15204 147 127 15057 14857 14790 6756 76 56 8034 1100 98 1002 6934 392 336 117 219 56 165 117 77 6680 97 6368 3273 1753 1520 1468 497
is_linear=0
shrinkage=0.05


Tree=94
num_leaves=31
num_cat=0
split_feature=5 7 3 4 0 1 10 12 0 4 12 11 0 9 11 4 4 8 10 12 11 11 3 14 2 8 12 7 3 3
split_gain=60.6157 84.5192 55.8983 47.6028 68.3277 43.9813 38.9566 45.0186 40.9939 66.3323 62.5619 48.0097 45.1934 47.7025 79.2167 95.3873 87.105 83.9893 71.4532 71.7088 66.6836 62.0877 61.8712 55.8288 54.3953 67.7091 53.0957 51.79 68.7061 57.9985
threshold=0.09350164797216072 1.0000000180025095e-35 13.975000000000003 -0.77500000000000024 11.500000000000002 12.725 3154311.3500000006 1788409.8500000003 25.500000000000004 33.365000000000009 424805.50000000012 0.10444650000000168 46.500000000000007 17.654571500000003 -0.029495000000000712 -9.5549999999999962 -1.5749999999999991 1.0000000180025095e-35 2356781.6500000004 266135.5500000001 -1.8695679999999999 -0.20251450000000035 31.025000000000002 1.0000000180025095e-35 29.745000000000001 1.0000000180025095e-35 87089.800000000061 1.0000000180025095e-35 27.895000000000003 37.725000000000001
decision_type=2 2 2 2 2 2 2 2 2 2 2 2 2 2 2 2 2 2 2 2 2 2 2 2 2 2 2 2 2 2
left_child=6 -2 3 4 -3 -6 7 8 -1 12 -11 -12 13 14 15 17 23 -10 19 27 22 24 -21 -16 26 -26 -15 28 -17 -29
right_child=1 2 -4 -5 5 -7 -8 -9 9 10 11 -13 -14 21 16 18 -18 -19 -20 20 -22 -23 -24 -25 25 -27 -28 29 -30 -31
leaf_value=-0.0015291260914668235 0.10559762908766668 -0.011527824541553856 -0.021338406916369092 -0.020469424895082529 0.14002860470985373 0.047003239089692082 -0.021508721291436814 -0.040185588709975302 -0.024787674978943231 0.12362725042871066 -0.039617820698767903 0.057492805442639766 -0.015344879614004199 -0.0051916810279726633 0.018849146623930817 -0.060903609998058529 -0.0158977896253833 0.081416042111814024 0.07793358456949856 0.043257968442944383 -0.083348840799714843 0.013141153842273674 -0.05054924264550209 -0.016784847008862666 0.0084192086894977463 0.09528999275838336 -0.051974024343540641 0.026247846598409452 0.021311255109806859 -0.0065634024310720351
leaf_weight=7995 30 24 66 26 24 27 200 67 269 21 20 35 312 640 384 48 1101 20 43 39 35 2206 32 154 343 24 67 733 54 165
leaf_count=7995 30 24 66 26 24 27 200 67 269 21 20 35 312 640 384 48 1101 20 43 39 35 2206 32 154 343 24 67 733 54 165
internal_value=0.000772583 0.0283274 0.0144465 0.0378307 0.0580414 0.0907799 0.000410865 0.000706936 0.000892811 0.00376359 0.0502114 0.0221799 0.00323427 0.00414613 -0.000325726 0.00823922 -0.00784031 -0.0174379 0.0146976 0.0122391 -0.0268653 0.00834122 0.000978662 0.00864908 -0.00151787 0.0141001 -0.00962509 0.0163841 -0.0173781 0.0202191
internal_weight=15204 197 167 101 75 51 15007 14807 14740 6745 76 55 6669 6357 3077 1438 1639 289 1149 1106 106 3280 71 538 1074 367 707 1000 102 898
internal_count=15204 197 167 101 75 51 15007 14807 14740 6745 76 55 6669 6357 3077 1438 1639 289 1149 1106 106 3280 71 538 1074 367 707 1000 102 898
is_linear=0
shrinkage=0.05


Tree=95
num_leaves=31
num_cat=0
split_feature=12 9 10 14 4 7 3 9 12 9 12 12 9 1 11 9 4 9 11 12 8 14 5 11 1 0 11 1 12 4
split_gain=50.3008 82.5163 47.943 40.0487 61.0363 67.9238 78.4932 130.169 178.212 108.949 104.997 96.6018 176.44 88.996 76.4646 74.9545 67.12 66.3409 65.3923 116.132 64.4614 69.364 61.6904 57.4251 65.7391 98.4791 83.0842 63.9414 55.851 55.4775
threshold=1094180.8750000002 28.543396000000005 3060716.0000000005 10.985000000000001 19.565000000000001 3.5000000000000004 22.745000000000001 21.911240000000003 639837.40000000002 24.618271000000004 -1135356.0999999999 -132978.55000000002 25.592117000000005 7.5033333333333339 0.85607899999999948 19.797836500000006 8.4950000000000028 26.035950000000003 -0.10218764999999984 -700697.54999999993 1.0000000180025095e-35 7.4250000000000007 0.099552030683233303 1.9608609999999997 13.466666666666667 17.500000000000004 -0.19043000000000007 7.666666666666667 46645.629999999976 18.105000000000008
decision_type=2 2 2 2 2 2 2 2 2 2 2 2 2 2 2 2 2 2 2 2 2 2 2 2 2 2 2 2 2 2
left_child=2 -2 3 4 5 6 7 15 10 -8 -9 12 -11 18 22 -1 -17 28 19 -14 -7 -22 -12 24 25 26 -6 -27 -13 -5
right_child=1 -3 -4 29 23 20 9 8 -10 11 14 17 13 -15 -16 16 -18 -19 -20 -21 21 -23 -24 -25 -26 27 -28 -29 -30 -31
leaf_value=0.0031299961368988988 -0.024045542094116922 0.078082367848782308 -0.0227088242658878 0.014191984992859952 -0.06098955726821817 -0.0041009911161249621 0.0023623167875189608 0.13329296119156339 -0.11508252838005623 0.074179286245304288 0.014415748404020452 -0.025533853189653146 0.0057355761714279656 -0.17625405235216021 0.05456322956385054 -0.017835991148266644 -0.10403784622588622 -0.0023062377106015607 -0.0059561194373028625 -0.14245614862212769 -0.098206140179383131 -0.00064590857098145152 0.077558598746545623 -0.024255542512094653 0.11118980661034583 0.05040860586517041 0.023430392816662787 0.0088140385367019829 -0.108077570018561 -0.05504775069033107
leaf_weight=1986 340 21 214 811 62 4956 3574 21 24 22 1174 188 20 20 148 138 27 657 35 39 38 35 40 76 20 201 55 171 23 30
leaf_count=1986 340 21 214 811 62 4956 3574 21 24 22 1174 188 20 20 148 138 27 657 35 39 38 35 40 76 20 201 55 171 23 30
internal_value=0.000335918 -0.0181046 0.000785565 0.00113015 0.000482306 -0.000219925 0.00260369 0.00817446 0.0199993 -0.00172589 0.0223434 -0.0162789 -0.0554609 -0.0804792 0.0206327 0.000439695 -0.0319417 -0.0101398 -0.0601015 -0.0922217 -0.00478802 -0.0514307 0.0164962 0.0162855 0.0223388 0.0187048 -0.021305 0.0312885 -0.0345315 0.0117221
internal_weight=15166 361 14805 14591 13750 13165 8136 3558 1407 4578 1383 1004 136 114 1362 2151 165 868 94 59 5029 73 1214 585 509 489 117 372 211 841
internal_count=15166 361 14805 14591 13750 13165 8136 3558 1407 4578 1383 1004 136 114 1362 2151 165 868 94 59 5029 73 1214 585 509 489 117 372 211 841
is_linear=0
shrinkage=0.05


Tree=96
num_leaves=31
num_cat=0
split_feature=12 9 10 13 9 12 11 11 14 4 13 10 10 1 3 3 1 0 11 4 9 0 7 11 9 10 1 11 7 5
split_gain=45.3965 74.471 43.2686 37.584 73.3525 58.5238 54.1882 42.2027 38.0631 57.2126 59.6075 55.4105 121.187 108.423 70.4062 54.7063 69.8026 67.9314 64.1019 50.0684 49.5496 69.767 80.852 47.9405 53.7753 53.568 52.0092 52.1733 47.1348 85.34
threshold=1094180.8750000002 28.543396000000005 3060716.0000000005 19.505000000000006 17.511337000000001 19465.367500000004 -0.20251450000000035 0.040618500000000786 10.985000000000001 19.565000000000001 7.3550000000000013 2155978.6000000006 2089676.9500000004 8.0883333333333312 19.325000000000003 14.695000000000002 13.705 17.500000000000004 -0.59982299999999966 18.105000000000008 16.666794000000007 13.500000000000002 5.5000000000000009 1.5135345000000007 11.681823500000002 2790753.0000000005 7.666666666666667 -0.83189385000000049 2.5000000000000004 0.037320395502888647
decision_type=2 2 2 2 2 2 2 2 2 2 2 2 2 2 2 2 2 2 2 2 2 2 2 2 2 2 2 2 2 2
left_child=2 -2 3 8 -5 6 -6 -7 9 10 -1 12 28 -13 -15 -11 17 18 -17 20 21 22 -10 25 -25 26 -19 -28 29 -12
right_child=1 -3 -4 4 5 7 -8 -9 19 15 11 13 -14 14 -16 16 -18 23 -20 -21 -22 -23 -24 24 -26 -27 27 -29 -30 -31
leaf_value=-0.0041381434861355532 -0.022843264602835169 0.074178248998664681 -0.021573383417282425 -0.063426856659352784 0.028361868935947616 -0.058449265196742053 0.10828257344271008 0.037698491364717486 0.072480189168006831 -0.055426124512003017 -0.0051269908528175498 0.052671885163196035 -0.10593228337283318 0.029313352392163389 -0.059221383681560449 -0.061689006464974008 0.11049198642373087 0.058699958622570582 0.01224186053780252 -0.052295363172888756 0.024859147949258541 -0.018042111842470197 -0.0024376781657338142 0.056362930328949637 -0.03335358365362541 -0.036908009558916093 -0.033749817392310581 0.034965959303251921 -0.0025953820008638058 0.010973538088997222
leaf_weight=6059 340 21 214 20 48 21 38 25 58 26 1204 148 26 43 47 49 20 162 73 30 439 219 95 23 61 25 37 109 2885 2601
leaf_count=6059 340 21 214 20 48 21 38 25 58 26 1204 148 26 43 47 49 20 162 73 30 439 219 95 23 61 25 37 109 2885 2601
internal_value=0.000319122 -0.0171994 0.000746287 0.00107364 0.0258066 0.0393268 0.0636757 -0.00619505 0.000813275 0.000174844 -0.000512806 0.00264594 0.00180574 0.0263551 -0.0169215 0.0154712 0.0187688 0.0153653 -0.0174517 0.011136 0.0134824 5.65835e-05 0.0259626 0.0249665 -0.00878835 0.0334812 0.0391946 0.0175517 0.00222445 0.00587892
internal_weight=15166 361 14805 14591 152 132 86 46 14439 13598 13013 6954 6716 238 90 585 559 539 122 841 811 372 153 417 84 333 308 146 6690 3805
internal_count=15166 361 14805 14591 152 132 86 46 14439 13598 13013 6954 6716 238 90 585 559 539 122 841 811 372 153 417 84 333 308 146 6690 3805
is_linear=0
shrinkage=0.05


Tree=97
num_leaves=31
num_cat=0
split_feature=12 9 10 3 0 0 4 10 0 11 9 3 11 4 9 3 11 7 14 14 11 9 10 1 2 11 0 11 11 5
split_gain=40.9704 67.2101 39.0499 34.061 33.7975 34.4663 64.7643 48.8166 48.6986 59.4818 80.9921 77.2795 53.0128 46.3628 45.8304 53.4757 51.0061 45.2205 111.021 68.326 51.3402 62.5456 107.378 93.6147 80.6497 69.1906 54.9296 45.034 57.7062 44.8775
threshold=1094180.8750000002 28.543396000000005 3060716.0000000005 18.115000000000006 46.500000000000007 25.500000000000004 27.485000000000007 2377132.6500000004 27.500000000000004 -3.2344819999999981 6.0297547000000007 32.635000000000012 2.6734165000000005 1.2500000000000011 10.177582000000003 25.195000000000004 -4.1546629999999984 5.5000000000000009 12.065000000000003 8.5050000000000008 -1.4971314999999998 19.088943500000003 203014.47000000003 6.4799999999999995 54.600000000000009 0.75558449999999955 19.500000000000004 1.2331544999999997 -2.6258699999999986 0.015699819302335962
decision_type=2 2 2 2 2 2 2 2 2 2 2 2 2 2 2 2 2 2 2 2 2 2 2 2 2 2 2 2 2 2
left_child=2 -2 4 -4 5 17 8 -8 27 11 13 14 -12 -11 15 -10 -16 18 19 29 26 22 -22 24 -23 -24 -19 28 -7 -1
right_child=1 -3 3 -5 -6 6 7 -9 9 10 12 -13 -14 -15 16 -17 -18 20 -20 -21 21 23 25 -25 -26 -27 -28 -29 -30 -31
leaf_value=0.01649478205709138 -0.021701101620599409 0.070469336854737427 -0.082621309682726865 -0.014089910283003042 -0.015206484149349556 0.060542101436294619 0.067391581443028856 -0.01555290773200492 0.091946644134819511 0.061818967744257748 0.0038535247277026066 -0.044904805630290263 -0.016221770832039926 -0.0073622184608018761 -0.059532110687260602 0.0046913279694015698 0.013613561017868613 -0.0024119903853574358 0.11833321029320359 0.018556959231676717 -0.0091468115115031154 0.10267850858600516 -0.08784607368394394 -0.009329609747952574 -0.0091551593504846096 -0.027472026567020032 0.071715491919501412 0.050346737574008142 0.0040927978924342563 -0.0020561711699051632
leaf_weight=345 340 21 20 194 314 52 68 24 25 91 5000 150 352 33 44 59 52 77 20 479 371 38 88 376 28 103 37 91 350 5924
leaf_count=345 340 21 20 194 314 52 68 24 25 91 5000 150 352 33 44 59 52 77 20 479 371 38 88 376 28 103 37 91 350 5924
internal_value=0.000303166 -0.0163394 0.000708973 -0.0204947 0.00101996 0.00137683 0.00410576 0.0457539 0.00349747 0.00221639 0.00345875 -0.0183993 0.00253318 0.0434078 0.00368859 0.0306602 -0.0199115 -0.000834757 0.000704106 0.000355472 -0.0101505 -0.013761 -0.0248284 0.000311099 0.0552339 -0.0552883 0.0216469 0.0185846 0.0113947 -0.00103526
internal_weight=15166 361 14805 214 14591 14277 6391 92 6299 5806 5476 330 5352 124 180 84 96 7886 6768 6748 1118 1004 562 442 66 191 114 493 402 6269
internal_count=15166 361 14805 214 14591 14277 6391 92 6299 5806 5476 330 5352 124 180 84 96 7886 6768 6748 1118 1004 562 442 66 191 114 493 402 6269
is_linear=0
shrinkage=0.05


Tree=98
num_leaves=31
num_cat=0
split_feature=12 9 10 14 4 7 3 9 12 9 12 12 9 1 11 12 11 9 2 3 4 11 10 12 1 8 14 4 9 10
split_gain=36.9757 60.6571 35.4988 31.6378 47.5058 54.7089 68.2987 114.996 160.066 101.103 95.3729 76.5802 152.676 84.73 71.3717 105.013 69.2613 68.6565 75.351 64.5827 88.2255 114.092 92.3333 80.2234 66.1466 56.6293 61.2586 56.4471 54.6782 60.5723
threshold=1094180.8750000002 28.543396000000005 3154311.3500000006 10.985000000000001 19.565000000000001 3.5000000000000004 22.745000000000001 21.911240000000003 639837.40000000002 24.618271000000004 -1135356.0999999999 -132978.55000000002 25.592117000000005 7.5033333333333339 -0.10218764999999984 -700697.54999999993 0.85607899999999948 11.357757500000002 33.715000000000011 64.620000000000019 -20.489999999999995 0.23442100000000113 1642852.9000000001 -82059.959999999992 2.4949999999999957 1.0000000180025095e-35 7.4250000000000007 -6.0999999999999996 24.259673500000002 268251.48500000004
decision_type=2 2 2 2 2 2 2 2 2 2 2 2 2 2 2 2 2 2 2 2 2 2 2 2 2 2 2 2 2 2
left_child=2 -2 3 4 5 6 7 17 10 -8 -9 12 -11 14 15 -14 -12 27 -19 20 21 22 -13 -22 -25 -7 -27 -1 29 -18
right_child=1 -3 -4 -5 -6 25 9 8 -10 11 16 19 13 -15 -16 -17 28 18 -20 -21 23 -23 -24 24 -26 26 -28 -29 -30 -31
leaf_value=0.06628246266627684 -0.020616046559110094 0.066945869582039977 -0.023051903806761125 0.010341525435330621 0.014197442438440431 -0.0037185204058913218 0.0021893842837838861 0.12654325273774922 -0.10944104135657351 0.070473154871301222 0.015233354908529737 0.027617251299894775 0.0053209181781858211 -0.16681564211845401 0.00075209050791690479 -0.13559845770016696 0.036675131551921369 -0.0059467059059862782 -0.097319733610619685 -0.066627147161246597 0.056248163911173259 -0.051983872093260289 0.16857918962126686 -0.070546152176079804 -0.011488310185842112 -0.092036175481533922 -0.00035309222127710076 0.0076413456871083241 0.02909574003715534 0.14468337451970134
leaf_weight=43 340 21 156 841 593 4976 3588 21 24 22 1214 26 20 20 37 39 25 1187 23 48 41 20 21 51 674 38 35 899 96 27
leaf_count=43 340 21 156 841 593 4976 3588 21 24 22 1214 26 20 20 37 39 25 1187 23 48 41 20 21 51 674 38 35 899 96 27
internal_value=0.000288008 -0.0155224 0.000673524 0.000926181 0.000352723 -0.000268535 0.00226113 0.00746369 0.018579 -0.00175795 0.0208006 -0.0156569 -0.0502898 -0.0731932 -0.0536885 -0.0878292 0.0191702 0.000196386 -0.00768355 -0.010232 -0.00698231 0.0480378 0.0906002 -0.0117948 -0.0156427 -0.00435989 -0.0480785 0.0103182 0.051463 0.0927563
internal_weight=15166 361 14805 14649 13808 13215 8166 3559 1407 4607 1383 1019 138 116 96 59 1362 2152 1210 881 833 67 47 766 725 5049 73 942 148 52
internal_count=15166 361 14805 14649 13808 13215 8166 3559 1407 4607 1383 1019 138 116 96 59 1362 2152 1210 881 833 67 47 766 725 5049 73 942 148 52
is_linear=0
shrinkage=0.05


Tree=99
num_leaves=31
num_cat=0
split_feature=12 9 13 9 12 11 11 14 9 0 7 8 12 2 13 4 14 11 7 2 12 1 12 4 1 1 0 12 1 3
split_gain=33.3706 54.743 33.1549 65.7214 52.2056 48.9533 38.5803 31.7061 45.2514 70.0568 66.8014 48.1236 45.2342 43.0176 42.8699 51.1855 49.3839 82.4928 91.9738 89.7692 79.8054 72.045 58.3757 55.6291 53.6422 49.3767 53.0276 47.3274 44.6965 97.696
threshold=1094180.8750000002 28.543396000000005 19.505000000000006 17.511337000000001 19465.367500000004 -0.20251450000000035 0.040618500000000786 10.985000000000001 16.666794000000007 13.500000000000002 5.5000000000000009 1.0000000180025095e-35 -9851.4850000000279 16.395000000000003 7.3550000000000013 21.290000000000003 6.8550000000000013 1.3753510000000004 4.5000000000000009 39.685000000000009 258668.66999999995 0.013333333333331114 49667.048999999912 14.135 7.9466666666666645 12.481666666666667 17.500000000000004 -118827.34999999985 8.3633333333333315 23.945000000000004
decision_type=2 2 2 2 2 2 2 2 2 2 2 2 2 2 2 2 2 2 2 2 2 2 2 2 2 2 2 2 2 2
left_child=2 -2 7 -4 5 -5 -6 14 9 10 13 12 -10 -9 15 16 17 18 28 20 -20 27 -23 -18 -24 26 -17 -19 -1 -30
right_child=1 -3 3 4 6 -7 -8 8 11 -11 -12 -13 -14 -15 -16 25 23 21 19 -21 -22 22 24 -25 -26 -27 -28 -29 29 -31
leaf_value=-0.0045568995902894975 -0.0195852441840586 0.063598575101544472 -0.0605928010866046 0.026101477449022543 -0.056286581337363244 0.10206372141838074 0.035642373593524096 0.028211620878992663 0.047161823961262901 -0.020212726346700901 -0.002272162259517548 0.064799756094537406 0.0059080900516032993 0.11516372314095498 0.0025161379522052685 -0.025425719891680711 -0.00066842056232511776 0.020919309014623817 -0.0047688359736170124 -0.045237255617042123 -0.10495352063860214 0.014164798196277249 -0.039876683971711568 0.029697550832068327 0.049468025509268043 0.091405212292447691 0.021108937294133392 0.10929958800386107 0.016461411805759215 -0.067910689277397032
leaf_weight=2336 340 21 20 48 21 38 25 33 84 231 96 54 318 25 7144 79 2386 33 372 339 21 354 105 161 20 20 272 28 58 84
leaf_count=2336 340 21 20 48 21 38 25 33 84 231 96 54 318 25 7144 79 2386 33 372 339 21 354 105 161 20 20 272 28 58 84
internal_value=0.000273608 -0.0147463 0.000639848 0.0238716 0.0366692 0.0596662 -0.00632519 0.000398858 0.00982445 -0.0027979 0.0233243 0.0204815 0.0145283 0.065691 -0.000175057 -0.00305837 -0.00412169 -0.00777086 -0.0108125 -0.0263845 -0.0101222 0.0103099 0.00379258 0.00125106 -0.0255815 0.0149895 0.0106353 0.0614873 -0.00621253 -0.0334488
internal_weight=15166 361 14805 152 132 86 46 14653 841 385 154 456 402 58 13812 6668 6297 3750 3210 732 393 540 479 2547 125 371 351 61 2478 142
internal_count=15166 361 14805 152 132 86 46 14653 841 385 154 456 402 58 13812 6668 6297 3750 3210 732 393 540 479 2547 125 371 351 61 2478 142
is_linear=0
shrinkage=0.05


Tree=100
num_leaves=31
num_cat=0
split_feature=2 14 13 10 9 12 3 0 9 4 7 3 1 10 2 9 1 0 9 9 13 3 4 2 4 9 12 9 3 2
split_gain=39.8163 53.1297 47.3703 50.6923 49.3413 46.0262 85.9667 90.4531 77.5472 143.904 70.8353 61.4665 60.1755 59.6291 71.6077 62.6801 76.7815 68.8712 59.0949 206.767 53.0553 60.1913 52.1704 50.2548 48.1898 45.4111 50.1647 44.5295 63.3615 57.8271
threshold=81.450000000000017 0.025000000000000005 6.4650000000000007 1897873.1500000001 17.424499500000003 -224324.22499999998 11.505000000000001 18.500000000000004 25.841888000000001 -8.4749999999999961 2.5000000000000004 94.055000000000021 11.308333333333334 1236502.0000000002 56.105000000000011 15.323959500000003 3.8499999999999948 30.500000000000004 17.589981000000005 18.984528000000001 7.6950000000000012 17.295000000000005 2.6900000000000035 43.085000000000008 -27.369999999999997 24.259673500000002 -1135356.0999999999 27.179703000000003 63.275000000000013 63.275000000000013
decision_type=2 2 2 2 2 2 2 2 2 2 2 2 2 2 2 2 2 2 2 2 2 2 2 2 2 2 2 2 2 2
left_child=5 2 3 4 -2 6 -1 18 13 10 -10 27 20 14 15 23 17 -17 24 -20 22 -22 -11 -9 -8 26 -15 -7 29 -29
right_child=1 -3 -4 -5 -6 11 7 8 9 12 -12 -13 -14 25 -16 16 -18 -19 19 -21 21 -23 -24 -25 -26 -27 -28 28 -30 -31
leaf_value=0.10619306398386306 0.0028740288955824717 -0.04877653477791076 -0.040496056577698752 -0.0063607703816766547 0.11126185456911725 -0.0020783143495838241 -0.052277248539030555 -0.010639165534861217 -0.12702344459731404 -0.032381755944627985 -0.014098674129872098 0.077455394446849832 -0.060770746092829446 0.071882190137374694 -0.071184926635674758 0.028778547801278805 0.0023530257451656635 0.1227024460360408 0.2038933625134329 0.029281640095128254 0.0037332566034409308 0.10800817532837391 0.039063277575922643 -0.091578693754438847 0.029677628570983952 0.095415501881922993 0.013159967494567404 0.0071710764005391663 -0.059587106300251824 0.082384100728310081
leaf_weight=22 21 96 66 126 21 11673 24 221 41 78 21 25 36 41 34 89 364 25 21 88 31 25 38 21 71 21 322 1495 35 26
leaf_count=22 21 96 66 126 21 11673 24 221 41 78 21 25 36 41 34 89 364 25 21 88 31 25 38 21 71 21 322 1495 35 26
internal_value=-0.000275817 -0.0174542 -0.00460403 0.00949641 0.0570679 0.000104951 0.0080227 0.00668291 0.00217461 -0.0219156 -0.0887747 -0.000871177 -0.00198646 0.00789021 -0.000277642 0.00307076 0.0135677 0.0493759 0.037799 0.0629224 0.0103172 0.0502846 -0.00897735 -0.0176628 0.00897324 0.0239281 0.0197925 -0.0010192 0.00692622 0.00845677
internal_weight=15218 330 234 168 42 14888 1634 1612 1408 270 62 13254 208 1138 754 720 478 114 204 109 172 56 116 242 95 384 363 13229 1556 1521
internal_count=15218 330 234 168 42 14888 1634 1612 1408 270 62 13254 208 1138 754 720 478 114 204 109 172 56 116 242 95 384 363 13229 1556 1521
is_linear=0
shrinkage=0.05


Tree=101
num_leaves=31
num_cat=0
split_feature=2 14 11 12 3 9 4 12 5 11 11 3 10 11 9 11 2 11 2 12 0 11 13 9 3 11 3 10 1 10
split_gain=36.7965 55.5229 62.3974 44.6055 77.3779 82.438 166.154 85.2659 76.0125 75.7673 57.9106 56.0941 48.636 70.7557 87.8942 66.4691 72.1271 48.4525 50.822 46.2369 45.7949 43.6208 39.227 39.1626 67.6129 69.5324 62.8475 60.9194 132.402 81.637
threshold=94.055000000000021 0.015000000000000001 0.27148399999999923 -224324.22499999998 11.505000000000001 26.140015000000002 -8.4749999999999961 -1206904.2799999998 0.068704915788677892 -1.3384394999999996 3.6982270000000006 102.16500000000001 1048455.7500000001 -5.0733339999999991 14.133926000000002 1.401016500000001 56.105000000000011 -1.6808929999999991 11.825000000000001 -2021949.0499999996 20.500000000000004 -2.4756008499999997 0.015000000000000001 27.179703000000003 63.275000000000013 -0.30224700000000121 24.895000000000003 2939876.2500000005 3.6083333333333321 2356781.6500000004
decision_type=2 2 2 2 2 2 2 2 2 2 2 2 2 2 2 2 2 2 2 2 2 2 2 2 2 2 2 2 2 2
left_child=3 2 -2 4 -1 8 -7 -8 10 -9 12 23 13 -6 20 16 19 -10 -19 -16 -15 22 -21 -5 25 26 -25 28 29 -27
right_child=1 -3 -4 11 5 6 7 9 17 -11 -12 -13 -14 14 15 -17 -18 18 -20 21 -22 -23 -24 24 -26 27 -28 -29 -30 -31
leaf_value=0.10088340982964093 -0.034488707419106923 -0.067096579385300489 0.040690641404817936 -0.0020986438882054557 0.085947090527042747 -0.089904738655166017 0.087570578332703861 -0.075301303203616832 0.091353792843541934 0.0067752164313113778 0.084385707850257563 0.067332954704761513 0.018140758687292764 0.0014787122818895361 0.064045031107629519 0.049313504186325845 -0.083820178331090858 -0.041783972406050279 0.046091019122028037 -0.0069158553277972991 -0.060223080862901714 0.0043695389413978382 -0.086178699908433132 -0.0077846906632184978 -0.05703426114079066 0.15864715504905452 -0.087316394885701532 -0.020235602808771312 0.011056901314465226 0.044459861319284054
leaf_weight=22 69 51 46 11804 22 63 26 35 42 143 24 30 487 44 28 70 26 21 76 37 95 368 27 125 41 23 31 135 1158 49
leaf_count=22 69 51 46 11804 22 63 26 35 42 143 24 30 487 44 28 70 26 21 76 37 95 368 27 125 41 23 31 135 1158 49
internal_value=-0.000262026 -0.023674 -0.00441697 -3.82882e-06 0.00773766 0.00648356 -0.0189283 0.00299091 0.011447 -0.00936343 0.00748019 -0.000960824 0.00594719 -0.00233491 -0.00512945 0.00376108 -0.00279997 0.0464915 0.0270665 0.00177943 -0.0406916 -0.0022563 -0.0403549 -0.00111411 0.00632599 0.00803393 -0.0235891 0.011648 0.0151474 0.0809364
internal_weight=15218 166 115 15052 1656 1634 267 204 1367 178 1228 13396 1204 717 695 556 486 139 97 460 139 432 64 13366 1562 1521 156 1365 1230 72
internal_count=15218 166 115 15052 1656 1634 267 204 1367 178 1228 13396 1204 717 695 556 486 139 97 460 139 432 64 13366 1562 1521 156 1365 1230 72
is_linear=0
shrinkage=0.05


Tree=102
num_leaves=31
num_cat=0
split_feature=2 0 7 4 13 0 10 11 10 9 11 11 4 11 13 7 10 9 0 3 4 12 0 12 7 0 2 11 3 11
split_gain=36.4338 63.6662 67.4732 82.2086 35.6019 33.708 55.4141 79.0836 97.3064 182.499 145.244 82.1408 58.774 62.3697 54.4612 66.1724 64.9888 60.686 54.0542 52.4162 54.3584 60.8313 110.495 60.0624 52.2546 70.7049 70.8498 63.0177 48.2064 44.6561
threshold=11.085000000000003 11.500000000000002 1.0000000180025095e-35 -6.5700000000000012 9.3250000000000011 25.500000000000004 61747.071000000004 0.98117049999999939 2292660.6000000006 17.250717500000004 2.6099545000000002 -5.0733339999999991 -12.364999999999997 -2.9521334999999982 10.745000000000003 4.5000000000000009 2101209.6500000004 19.088943500000003 19.500000000000004 13.975000000000003 -24.744999999999994 -210903.94999999992 20.500000000000004 -317612.52500000002 1.0000000180025095e-35 9.5000000000000018 24.875000000000004 0.92529300000000025 32.055000000000007 -2.0301514999999983
decision_type=2 2 2 2 2 2 2 2 2 2 2 2 2 2 2 2 2 2 2 2 2 2 2 2 2 2 2 2 2 2
left_child=1 -1 -3 -4 -5 6 12 11 9 -9 18 28 13 -2 15 19 17 -17 -11 -13 -21 22 23 -22 25 -14 -27 -28 -8 -24
right_child=5 2 3 4 -6 -7 7 8 -10 10 -12 14 24 -15 -16 16 -18 -19 -20 20 21 -23 29 -25 -26 26 27 -29 -30 -31
leaf_value=-0.010379496843523794 0.093336606852244597 0.10099038915200667 -0.058714728071712532 0.10038825541734696 0.026923270269911342 0.001967139528443402 0.005505113676190377 -0.0041082434509402124 -0.030244701194151503 0.014348881016485394 0.17697596918791533 -0.046542172177971623 -0.024948463779985018 0.015041765811263525 -0.036484725372117409 -0.048522774696660539 0.0032901062059922958 -0.0145502170043222 0.063267978860598817 -0.028065478663969162 0.033305386897353899 -0.0048986251200896077 0.059636200263934291 0.11356559630886123 0.0020732567826188845 -0.0062083936213114402 0.014191251069307329 0.13326681409031155 0.11397014786954969 -0.015946131363296166
leaf_weight=123 32 33 26 20 94 6905 21 535 162 125 20 74 420 124 224 276 169 251 103 198 63 1175 23 37 3667 123 25 20 20 130
leaf_count=123 32 33 26 20 94 6905 21 535 162 125 20 74 420 124 224 276 169 251 103 198 63 1175 23 37 3667 123 25 20 20 130
internal_value=-0.000248924 0.0171215 0.0366743 0.0215141 0.0398119 -0.000593493 -0.00279895 -0.00739654 0.00502876 0.0123267 0.0477812 -0.0118091 0.000959581 0.0311022 -0.0129081 -0.0107039 -0.0236902 -0.0323423 0.0364483 -0.00538716 -0.00351417 -0.000110002 0.0221297 0.0630017 -0.000145532 -0.0139828 0.0134315 0.0671137 0.0584149 -0.00458408
internal_weight=15218 296 173 140 114 14922 8017 3606 945 783 248 2661 4411 156 2620 2396 696 527 228 1700 1626 1428 253 100 4255 588 168 45 41 153
internal_count=15218 296 173 140 114 14922 8017 3606 945 783 248 2661 4411 156 2620 2396 696 527 228 1700 1626 1428 253 100 4255 588 168 45 41 153
is_linear=0
shrinkage=0.05


Tree=103
num_leaves=31
num_cat=0
split_feature=2 0 7 4 4 7 13 14 11 4 9 12 2 4 10 11 0 11 9 0 9 2 1 7 2 2 0 0 5 1
split_gain=33.2302 53.6444 58.1601 79.9462 109.604 47.9798 41.9118 31.6217 91.384 51.3818 39.8161 30.2375 71.1861 78.6393 62.2604 44.0106 158.648 48.5045 66.1684 66.403 46.833 54.5458 37.4082 43.2636 87.958 38.8792 33.0652 62.0199 61.6821 57.0065
threshold=10.905000000000003 11.500000000000002 1.0000000180025095e-35 -3.2799999999999998 -1.4599999999999997 2.5000000000000004 16.865000000000006 15.010000000000002 0.058913999999998808 1.5900000000000019 24.389984500000004 -608325.52499999991 55.440000000000005 11.305000000000001 1203109.5000000002 -3.3655244499999997 27.500000000000004 2.0407410000000001 13.652587500000001 25.500000000000004 27.345276000000002 14.465000000000002 6.1466666666666603 3.5000000000000004 18.755000000000006 17.435000000000006 39.500000000000007 44.500000000000007 0.026126714328893939 8.8333333333333339
decision_type=2 2 2 2 2 2 2 2 2 2 2 2 2 2 2 2 2 2 2 2 2 2 2 2 2 2 2 2 2 2
left_child=1 -1 -3 5 -5 -4 -6 11 9 -9 -10 12 13 15 -14 16 -2 18 -17 -20 21 -21 23 24 -23 -24 -13 28 -28 -30
right_child=7 2 3 4 6 -7 -8 8 10 -11 -12 26 14 -15 -16 17 -18 -19 19 20 -22 22 25 -25 -26 -27 27 -29 29 -31
leaf_value=-0.012295298809608952 0.13754477683040831 0.1049372666873611 -0.070027471720068554 0.14435157949725788 0.062792518269270667 0.025135609135031701 -0.037215893952683973 0.028083673976361752 -0.052052938376242919 0.1400641085491294 0.022999684694547988 -0.002396493559416383 -0.077970668017154646 0.10269546884422501 0.0097620469231445069 -0.047386319039945023 -0.043335850054228853 0.064437253730637689 -0.0079763730823261946 0.094655562576747718 -0.045188368076369882 0.00013900711422874814 0.052605146878669344 0.014689740578389981 0.13355948586637775 -0.012607098850368086 -0.010914939998877807 -0.006083651722481165 0.038488891697818203 0.010077546919582705
leaf_weight=88 27 26 27 24 20 26 22 20 30 21 43 11560 42 24 39 57 22 35 280 31 21 21 31 55 30 87 285 956 212 1056
leaf_count=88 27 26 27 24 20 26 22 20 30 21 43 11560 42 24 39 57 22 35 280 31 21 21 31 55 30 87 285 956 212 1056
internal_value=-0.000236478 0.0185009 0.037191 0.0223893 0.0591142 -0.0233437 0.0104072 -0.000527823 0.0257054 0.0854395 -0.00784386 -0.000728925 0.00871423 0.0137072 -0.035729 0.010643 0.0563331 0.00718804 0.00391932 0.00917907 0.0265831 0.0324937 0.023891 0.0454494 0.0786216 0.00452493 -0.00126723 0.00393575 0.0101035 0.0148277
internal_weight=15218 233 145 119 66 53 42 14985 114 41 73 14871 802 721 81 697 49 648 613 556 276 255 224 106 51 118 14069 2509 1553 1268
internal_count=15218 233 145 119 66 53 42 14985 114 41 73 14871 802 721 81 697 49 648 613 556 276 255 224 106 51 118 14069 2509 1553 1268
is_linear=0
shrinkage=0.05


end of trees

feature_importances:
temp=360
temp_diff=338
solar_diff=338
slot=275
solar=274
jepx_price_prev_ma3=264
reserve_ratio=257
price_prev_weekday=221
reserve_ratio_inv=184
reserve_ratio_diff=181
weekday=159
reserve_ratio_prev=150
price_prev_holiday=105
holiday=14

parameters:
[boosting: gbdt]
[objective: regression]
[metric: rmse,l2]
[tree_learner: serial]
[device_type: cpu]
[data_sample_strategy: bagging]
[data: ]
[valid: ]
[num_iterations: 2000]
[learning_rate: 0.05]
[num_leaves: 31]
[num_threads: 10]
[seed: 42]
[deterministic: 0]
[force_col_wise: 0]
[force_row_wise: 0]
[histogram_pool_size: -1]
[max_depth: -1]
[min_data_in_leaf: 20]
[min_sum_hessian_in_leaf: 0.001]
[bagging_fraction: 0.8]
[pos_bagging_fraction: 1]
[neg_bagging_fraction: 1]
[bagging_freq: 5]
[bagging_seed: 400]
[bagging_by_query: 0]
[feature_fraction: 0.9]
[feature_fraction_bynode: 1]
[feature_fraction_seed: 30056]
[extra_trees: 0]
[extra_seed: 12879]
[early_stopping_round: 0]
[early_stopping_min_delta: 0]
[first_metric_only: 0]
[max_delta_step: 0]
[lambda_l1: 0]
[lambda_l2: 0]
[linear_lambda: 0]
[min_gain_to_split: 0]
[drop_rate: 0.1]
[max_drop: 50]
[skip_drop: 0.5]
[xgboost_dart_mode: 0]
[uniform_drop: 0]
[drop_seed: 17869]
[top_rate: 0.2]
[other_rate: 0.1]
[min_data_per_group: 100]
[max_cat_threshold: 32]
[cat_l2: 10]
[cat_smooth: 10]
[max_cat_to_onehot: 4]
[top_k: 20]
[monotone_constraints: ]
[monotone_constraints_method: basic]
[monotone_penalty: 0]
[feature_contri: ]
[forcedsplits_filename: ]
[refit_decay_rate: 0.9]
[cegb_tradeoff: 1]
[cegb_penalty_split: 0]
[cegb_penalty_feature_lazy: ]
[cegb_penalty_feature_coupled: ]
[path_smooth: 0]
[interaction_constraints: ]
[verbosity: 1]
[saved_feature_importance_type: 0]
[use_quantized_grad: 0]
[num_grad_quant_bins: 4]
[quant_train_renew_leaf: 0]
[stochastic_rounding: 1]
[linear_tree: 0]
[max_bin: 255]
[max_bin_by_feature: ]
[min_data_in_bin: 3]
[bin_construct_sample_cnt: 200000]
[data_random_seed: 175]
[is_enable_sparse: 1]
[enable_bundle: 1]
[use_missing: 1]
[zero_as_missing: 0]
[feature_pre_filter: 1]
[pre_partition: 0]
[two_round: 0]
[header: 0]
[label_column: ]
[weight_column: ]
[group_column: ]
[ignore_column: ]
[categorical_feature: ]
[forcedbins_filename: ]
[precise_float_parser: 0]
[parser_config_file: ]
[objective_seed: 16083]
[num_class: 1]
[is_unbalance: 0]
[scale_pos_weight: 1]
[sigmoid: 1]
[boost_from_average: 1]
[reg_sqrt: 0]
[alpha: 0.9]
[fair_c: 1]
[poisson_max_delta_step: 0.7]
[tweedie_variance_power: 1.5]
[lambdarank_truncation_level: 30]
[lambdarank_norm: 1]
[label_gain: ]
[lambdarank_position_bias_regularization: 0]
[eval_at: ]
[multi_error_top_k: 1]
[auc_mu_weights: ]
[num_machines: 1]
[local_listen_port: 12400]
[time_out: 120]
[machine_list_filename: ]
[machines: ]
[gpu_platform_id: -1]
[gpu_device_id: -1]
[gpu_use_dp: 0]
[num_gpu: 1]

end of parameters

pandas_categorical:[]
