tree
version=v4
num_class=1
num_tree_per_iteration=1
label_index=0
max_feature_idx=14
objective=regression
feature_names=slot jepx_price_prev_ma3 reserve_ratio reserve_ratio_prev reserve_ratio_diff reserve_ratio_inv reserve_low_gap weekday holiday temp solar temp_diff solar_diff price_prev_weekday price_prev_holiday
feature_infos=[0:47] [0:54.999999999999993] [4.7199999999999998:88.549999999999997] [0:88.549999999999997] [-48.089999999999996:56.809999999999995] [0.011293054643782557:0.21186436189314367] none [0:6] [0:1] [-7.5947570000000004:25.669525] [0:3248560] [-8.7908321699999998:7.7892153000000004] [-2344133.6000000001:1928752.3999999999] [0:80] [0:50]
tree_sizes=2658 2776 2767 2786 2742 2794 2789 2808 2775 2762 2786 2804 2794 2748 2780 2775 2780 2799 2791 2788 2744 2806 2813 2799 2796 2805 2803 2827 2800 2801 2826 2826 2821 2815 2804 2796 2783 2804 2801 2791 2804 2815 2797 2797 2804 2799 2801 2791 2807 2817 2799 2819 2811 2798 2782 2804 2825 2804 2789 2793 2826 2807 2822 2809 2823 2781 2798 2840 2785

Tree=0
num_leaves=31
num_cat=0
split_feature=1 5 13 0 13 4 2 2 1 12 0 1 1 2 0 4 14 13 12 13 0 0 2 12 5 2 4 0 2 1
split_gain=118829 38088.3 21695.5 18382.4 9107.7 8128.65 7407.31 6798.86 4526.92 4176.18 3973.54 3016.84 2830.67 2463.05 2035.15 1718.46 2085.41 1582.06 1523.49 1343.86 1152.57 1150.02 1150.29 1123.88 1048.58 930.111 920.933 908.319 879.233 843.424
threshold=14.139999999999995 0.042909247076628972 18.145000000000003 31.500000000000004 12.495000000000003 13.775 34.345000000000006 14.505000000000001 9.7633333333333265 328050.40500000009 32.500000000000007 16.303333333333317 7.0933333333333239 16.175000000000004 28.500000000000004 -1.9399999999999984 18.925000000000004 17.585000000000004 637019.37000000023 40.005000000000003 14.500000000000002 25.500000000000004 15.765000000000002 183219.72500000012 0.082270677658651079 24.205000000000002 -1.0000000000000007 13.500000000000002 12.775 0.011666666666652458
decision_type=2 2 2 2 2 2 2 2 2 2 2 2 2 2 2 2 2 2 2 2 2 2 2 2 2 2 2 2 2 2
left_child=1 3 5 6 8 11 12 10 13 -9 -4 26 18 29 -6 16 -13 -16 -1 24 -8 22 -10 -17 -12 -11 -2 -14 -19 -3
right_child=2 4 7 -5 14 -7 20 9 21 25 19 15 27 -15 17 23 -18 28 -20 -21 -22 -23 -24 -25 -26 -27 -28 -29 -30 -31
leaf_value=11.563536399403141 12.038026959729285 12.083135417385785 12.220815158986323 11.81721889847533 11.906919222613398 11.430102814153301 11.608056233540101 12.193438020202969 11.866086441227747 11.887794998299242 12.358580069176393 12.155406272300139 11.718166503891396 11.72605310394111 12.012282728780875 12.068953804532464 12.683401064558714 12.538851052208631 11.310542846008032 12.797594599082924 11.414375142635356 11.894633535327042 11.801432449152568 11.858518709787324 12.525723927613095 11.455676057024686 11.946707668726507 11.631039478032088 12.15904949484637 11.821652823744197
leaf_weight=532 417 32 227 1065 468 57 87 460 1416 33 162 288 518 1516 431 948 20 20 67 31 656 1127 1338 68 223 20 817 708 64 850
leaf_count=532 417 32 227 1065 468 57 87 460 1416 33 162 288 518 1516 431 948 20 20 67 31 656 1127 1338 68 223 20 817 708 64 850
internal_value=11.8585 11.7747 12.1004 11.6426 11.8409 12.0207 11.5701 12.2808 11.8187 12.145 12.3891 12.0338 11.6243 11.7647 11.9824 12.0862 12.1897 12.051 11.5352 12.4809 11.4371 11.8521 11.8347 12.0549 12.4554 11.7247 11.9776 11.6679 12.2495 11.8311
internal_weight=14666 10895 3771 3633 7262 2615 2568 1156 6279 513 643 2558 1825 2398 983 1324 308 515 599 416 743 3881 2754 1016 385 53 1234 1226 84 882
internal_count=14666 10895 3771 3633 7262 2615 2568 1156 6279 513 643 2558 1825 2398 983 1324 308 515 599 416 743 3881 2754 1016 385 53 1234 1226 84 882
is_linear=0
shrinkage=1


Tree=1
num_leaves=31
num_cat=0
split_feature=1 2 13 10 13 4 2 2 0 13 0 2 5 1 0 0 2 0 2 4 14 1 10 13 1 10 11 2 0 1
split_gain=107254 34319.9 19236 16751.4 10021.1 7377.96 6135.97 4964.11 3586.12 3549.53 3300.77 3265.42 3056.78 2587.43 1769.93 1610.64 1401.39 1377.36 1327.29 1410.67 1680.78 1291.9 1291.46 1212.83 1178.84 1052.49 992.761 923.86 900.123 856.975
threshold=14.219999999999995 26.015000000000004 18.145000000000003 159533.82500000004 10.915000000000001 13.775 14.505000000000001 19.615000000000006 32.500000000000007 13.845000000000001 34.500000000000007 31.225000000000005 0.029057096965008713 16.303333333333317 29.500000000000004 33.500000000000007 15.135000000000003 30.500000000000004 16.975000000000005 -1.3100000000000012 18.150000000000002 9.7633333333333265 2096011.5000000002 40.005000000000003 7.4583333333333277 569524.77000000014 1.7319183500000004 16.175000000000004 27.500000000000004 25.203333333333315
decision_type=2 2 2 2 2 2 2 2 2 2 2 2 2 2 2 2 2 2 2 2 2 2 2 2 2 2 2 2 2 2
left_child=1 4 5 -3 7 13 8 21 -4 28 24 17 -5 -2 -11 25 -16 -8 19 20 -17 27 -14 26 -9 -15 -10 -1 -6 -19
right_child=2 3 6 12 9 -7 11 10 23 14 -12 -13 22 15 16 18 -18 29 -20 -21 -22 -23 -24 -25 -26 -27 -28 -29 -30 -31
leaf_value=-0.02735894610745784 0.11533585225725092 -0.073507840105668645 0.34487333824849864 -0.41004186146389721 -0.0046940990783559235 -0.40630338693919943 0.10838121786946431 -0.22355524002674507 0.60050084056727826 0.064074983085573342 0.0011180200393397612 -0.35344761006534098 -0.2392610415817619 0.1926222686943545 0.36805632890003626 0.39844651972910144 0.15727790735104444 0.3030769108095463 0.21331883230913851 0.25117554104584733 0.89818548679351806 -0.0037437439802792136 -0.37427268033310518 0.89281381022545592 -0.13129492973218498 0.034559256244284006 0.37105279228904031 -0.10480197896023054 0.065328649496131236 0.49728398686822728
leaf_weight=803 1186 1009 227 713 1315 57 80 493 330 289 401 20 710 492 122 106 223 345 421 151 20 2021 236 31 1163 134 55 740 705 68
leaf_count=803 1186 1009 227 713 1315 57 80 493 330 289 401 20 710 492 122 106 223 345 421 151 20 2021 236 31 1163 134 55 740 705 68
internal_value=0.00065282 -0.0782148 0.232468 -0.234158 -0.0279362 0.156199 0.40183 -0.0657444 0.504723 0.0521392 -0.127594 0.272862 -0.331865 0.168973 0.155353 0.21702 0.231814 0.29827 0.269246 0.354247 0.47777 -0.0300474 -0.272943 0.591948 -0.158761 0.158788 0.567723 -0.0644995 0.0197445 0.335053
internal_weight=14666 10943 3723 2668 8275 2567 1156 5621 643 2654 2057 513 1659 2510 634 1324 345 493 698 277 126 3564 946 416 1656 626 385 1543 2020 413
internal_count=14666 10943 3723 2668 8275 2567 1156 5621 643 2654 2057 513 1659 2510 634 1324 345 493 698 277 126 3564 946 416 1656 626 385 1543 2020 413
is_linear=0
shrinkage=0.05


Tree=2
num_leaves=31
num_cat=0
split_feature=1 2 10 5 0 4 1 2 1 2 1 2 9 9 0 0 10 0 10 7 2 9 0 7 11 11 1 12 2 0
split_gain=96824 31248.4 17716.9 13428.3 8970.43 8680.45 6160.01 4488.74 4427.44 3084.7 2909.19 2246.96 1746.34 1657.23 1605.35 1581.22 1568.13 1564.85 1552.9 1424.19 1392.71 1368.95 1292.53 1176.52 1238.58 1017.38 985.808 977.138 964.671 897.422
threshold=14.139999999999995 23.375000000000004 207182.39500000005 0.069613647862014405 30.500000000000004 13.775 11.471666666666659 33.965000000000011 17.418333333333315 17.545000000000005 21.634999999999987 11.685 21.234603500000002 23.002822500000004 32.500000000000007 28.500000000000004 831914.22000000009 30.500000000000004 2110603.9000000004 2.5000000000000004 15.135000000000003 4.3826142500000005 35.500000000000007 1.0000000180025095e-35 -0.33143644999999994 0.35121149999999984 17.528333333333325 -524071.39999999985 17.045000000000005 22.500000000000004
decision_type=2 2 2 2 2 2 2 2 2 2 2 2 2 2 2 2 2 2 2 2 2 2 2 2 2 2 2 2 2 2
left_child=1 6 22 5 26 8 9 18 19 17 11 12 -6 -14 -10 -8 29 27 -4 -2 23 -12 -3 24 -17 -23 -5 -1 -16 -11
right_child=3 2 7 4 10 -7 15 -9 14 16 21 -13 13 -15 28 20 -18 -19 -20 -21 -22 25 -24 -25 -26 -27 -28 -29 -30 -31
leaf_value=0.071334436126211195 0.17226669388329843 -0.12753020514971006 -0.20600562017825791 0.15058807752078016 0.42048395536839966 -0.38090681711832686 0.018629877102570105 -0.38822882872527165 0.13672996451741601 -0.079786765943665905 0.3871753113311634 0.30380008307499035 0.99326910451054573 0.47599413712819416 0.3695896338803315 0.19127090146595782 -0.13786199770921181 0.083723454436128927 -0.33105697542268003 0.067135960666969821 0.069184931498293786 0.75265817811818625 -0.029553120833202301 0.15800989502167795 0.73493360996246349 0.51388360857963566 0.27818790989945524 -0.035487124804647767 0.24541821126025409 0.014001779668761533
leaf_weight=236 521 513 1062 353 130 75 1242 733 249 887 57 288 32 30 226 22 960 376 324 844 686 123 979 192 20 70 265 2305 508 358
leaf_count=236 521 513 1062 353 130 75 1242 733 249 887 57 288 32 30 226 22 960 376 324 844 686 123 979 192 20 70 265 2305 508 358
internal_value=0.000620179 -0.0749621 -0.195228 0.218989 0.345487 0.148614 -0.0153411 -0.288161 0.165528 -0.0452145 0.464164 0.392129 0.524622 0.742975 0.246435 0.0554319 -0.0898439 -0.0114785 -0.235238 0.107263 0.105115 0.602471 -0.063241 0.210447 0.450158 0.666056 0.205303 -0.0255659 0.283651 -0.0528179
internal_weight=14666 10895 3611 3771 1348 2423 7284 2119 2348 5122 730 480 192 62 983 2162 2205 2917 1386 1365 920 250 1492 234 42 193 618 2541 734 1245
internal_count=14666 10895 3611 3771 1348 2423 7284 2119 2348 5122 730 480 192 62 983 2162 2205 2917 1386 1365 920 250 1492 234 42 193 618 2541 734 1245
is_linear=0
shrinkage=0.05


Tree=3
num_leaves=31
num_cat=0
split_feature=1 2 13 10 13 4 2 2 12 0 13 0 2 1 12 0 4 14 2 13 12 10 1 11 11 12 11 3 12 0
split_gain=87437.5 28345.4 15670.5 13739.9 8675.44 6041.02 4986.6 4050.46 3184.32 3062.18 2995.67 2743.01 2496.06 2003.27 1432.76 1424 1394.07 1729.21 1199.67 1165.53 1139.19 1127.1 1116.24 1051.69 880.172 825.408 2774.18 807.087 873.698 779.604
threshold=14.28333333333333 26.015000000000004 18.145000000000003 159533.82500000004 10.915000000000001 13.775 14.625000000000002 19.615000000000006 328050.40500000009 31.500000000000004 13.845000000000001 34.500000000000007 37.155000000000008 16.303333333333317 637019.37000000023 29.500000000000004 -1.9399999999999984 18.925000000000004 15.135000000000003 35.085000000000008 245969.44999999998 774779.20000000007 9.7633333333333265 1.7319183500000004 -1.63754245 -255951.6749999999 1.3859709750000011 8.9250000000000025 -410640.04999999999 35.500000000000007
decision_type=2 2 2 2 2 2 2 2 2 2 2 2 2 2 2 2 2 2 2 2 2 2 2 2 2 2 2 2 2 2
left_child=1 4 5 29 7 13 9 22 -8 -4 -6 20 14 -2 -5 -12 17 -15 -17 23 -9 -18 27 24 -11 26 -24 -1 -29 -3
right_child=2 3 6 12 10 -7 8 11 -10 19 15 -13 -14 16 -16 18 21 -19 -20 -21 -22 -23 25 -25 -26 -27 -28 28 -30 -31
leaf_value=0.20179791058702717 0.10489930244862611 -0.13806528718103556 0.29022978446804565 -0.23640939630340185 0.019593897191299885 -0.36694287626366867 0.28910222217300807 -0.12498370797536285 -0.12401488323051196 0.26051384870495115 0.060824254419457539 0.00087155565849439008 -0.38786929237186363 0.25745398307788292 -0.41128916254169062 0.33291029796062965 0.18493031786493591 0.73824624538421635 0.14189314273917494 0.73237825731436423 -0.23438725157789631 0.010451173566697726 -0.006414380267431791 0.29512699704085077 0.55319483573413741 -0.01083573948416564 0.58142912331252139 0.011759322741226699 -0.083410660015082849 -0.039821875235002718
leaf_weight=29 1132 278 195 981 2036 57 453 1369 52 28 293 407 545 288 133 127 913 20 233 60 288 103 88 56 311 1913 26 301 1213 738
leaf_count=29 1132 278 195 981 2036 57 453 1369 52 28 293 407 545 288 133 127 913 20 233 60 288 103 88 56 311 1913 26 301 1213 738
internal_value=0.00058917 -0.069916 0.211989 -0.211506 -0.0244092 0.141926 0.36443 -0.0596757 0.246563 0.456004 0.0494814 -0.115432 -0.300186 0.153736 -0.257288 0.142668 0.195491 0.288674 0.20928 0.52705 -0.143999 0.167242 -0.0274402 0.495861 0.529021 -0.00304691 0.127655 -0.0594851 -0.0644898 -0.0667034
internal_weight=14666 10998 3668 2675 8323 2513 1155 5634 505 650 2689 2064 1659 2456 1114 653 1324 308 360 455 1657 1016 3570 395 339 2027 114 1543 1514 1016
internal_count=14666 10998 3668 2675 8323 2513 1155 5634 505 650 2689 2064 1659 2456 1114 653 1324 308 360 455 1657 1016 3570 395 339 2027 114 1543 1514 1016
is_linear=0
shrinkage=0.05


Tree=4
num_leaves=31
num_cat=0
split_feature=1 5 13 10 4 13 5 12 5 1 1 0 2 0 13 0 12 12 1 10 2 4 14 0 2 3 2 3 2 4
split_gain=79115.9 24367.3 17192.9 13092.7 6409.72 5316.02 4665.23 3312.72 3140.11 2935.61 2811.78 2618.21 1821.8 1663.39 1386.19 1294.44 1266.97 1233.39 1179.95 1102.39 1011.07 1230.95 1449.53 983.901 1424.75 973.111 897.996 813.259 772.705 753.801
threshold=13.434999999999993 0.042909247076628972 18.145000000000003 569524.77000000014 13.775 12.685 0.072228245445628295 328050.40500000009 0.029057096965008713 9.5999999999999854 16.303333333333317 32.500000000000007 16.175000000000004 31.500000000000004 17.585000000000004 32.500000000000007 42173.737500000003 2577.7134000000001 25.203333333333315 2096011.5000000002 16.975000000000005 -1.3100000000000012 18.150000000000002 29.500000000000004 15.515000000000002 13.285000000000002 17.095000000000002 10.285000000000002 11.195000000000002 -2.0850000000000004
decision_type=2 2 2 2 2 2 2 2 2 2 2 2 2 2 2 2 2 2 2 2 2 2 2 2 2 2 2 2 2 2
left_child=1 3 4 13 10 9 7 18 -5 12 23 -8 -3 -1 -7 16 -12 -13 -4 -10 21 22 -17 26 -25 27 -2 -19 -27 -16
right_child=2 5 6 8 -6 14 11 -9 19 -11 15 17 -14 -15 29 20 -18 25 -20 -21 -22 -23 -24 24 -26 28 -28 -29 -30 -31
leaf_value=-0.13385951585564529 0.078711288178072214 -0.01974165803998916 0.24975794123067976 -0.35878782991900748 -0.3496067365290414 0.083061135264818897 0.30269886706536414 -0.1213558042554983 -0.19364446333528773 -0.008495063048218494 0.16431315299982061 0.4584203756872624 -0.11458323979837154 -0.03254076801638401 0.40602150947919918 0.34539407426491381 -0.029079703301506339 0.56534187432491423 0.45139332221842365 -0.30047540934673 0.18142093977729132 0.21055963540619071 0.80750590324401861 0.2318279546081882 0.088785974292294567 0.69452238082885742 -0.052734542837072365 0.88917672126851199 0.28673915244065801 0.12767374106360665
leaf_weight=736 411 791 437 667 71 595 211 56 865 3991 499 252 1407 901 56 112 102 33 87 335 426 165 20 216 897 21 190 47 26 43
leaf_count=736 411 791 437 667 71 595 211 56 865 3991 499 252 1407 901 56 112 102 33 87 335 426 165 20 216 897 21 190 47 26 43
internal_value=0.000559712 -0.0739773 0.181494 -0.181311 0.12001 -0.019336 0.344871 0.244172 -0.271812 -0.0340504 0.130986 0.443863 -0.0804524 -0.078094 0.111886 0.185716 0.131491 0.522453 0.283236 -0.223468 0.230791 0.301605 0.415411 0.0887087 0.116546 0.64951 0.037156 0.755595 0.46894 0.285123
internal_weight=14666 10387 4279 3504 3109 6883 1170 580 1867 6189 3038 590 2198 1637 694 1324 601 379 524 1200 723 297 132 1714 1113 127 601 80 47 99
internal_count=14666 10387 4279 3504 3109 6883 1170 580 1867 6189 3038 590 2198 1637 694 1324 601 379 524 1200 723 297 132 1714 1113 127 601 80 47 99
is_linear=0
shrinkage=0.05


Tree=5
num_leaves=31
num_cat=0
split_feature=1 5 13 10 13 2 2 10 12 13 0 10 10 2 1 12 11 11 0 9 0 5 12 0 2 11 12 0 2 7
split_gain=72598.6 22124 14654.2 9834.6 5755.62 5282.07 4882.37 3067.28 3062.18 2832.5 2265.01 2189.38 2182.86 1780.28 1767.95 1252.73 1237.11 1234.77 1178.33 1378.55 1160.67 1049.28 925.234 904.63 903.147 853.663 851.789 770.73 768.609 757.372
threshold=13.503333333333325 0.038292169188783649 17.915000000000003 159533.82500000004 9.9650000000000016 35.115000000000002 14.135000000000003 673331.67500000016 328050.40500000009 17.505000000000006 31.500000000000004 2077842.7000000002 1089401.55 16.175000000000004 15.591666666666656 -593962.94999999972 3.3906402800000008 -1.6025694999999995 29.500000000000004 -3.6960753999999993 21.500000000000004 0.031486148225805893 740612.70000000007 30.500000000000004 18.075000000000003 2.1635741500000005 44035.139999999992 42.500000000000007 24.205000000000002 2.5000000000000004
decision_type=2 2 2 2 2 2 2 2 2 2 2 2 2 2 2 2 2 2 2 2 2 2 2 2 2 2 2 2 2 2
left_child=1 3 5 -1 7 12 10 20 -8 15 -4 21 14 -9 29 -6 -16 -12 19 -17 24 -5 -15 -11 -3 27 -7 -19 -10 -2
right_child=2 4 6 11 9 26 8 13 28 23 17 -13 -14 22 16 18 -18 25 -20 -21 -22 -23 -24 -25 -26 -27 -28 -29 -30 -31
leaf_value=-0.066814618936645712 0.14345611630312602 -0.0242581639350683 0.27563641592507115 -0.27650044492841247 0.19876375568670815 -0.03946632713079453 0.25281854371464646 -0.031029895282122362 0.016956045050174 0.098732260689139373 0.20126793227697673 -0.35036894821230774 -0.023760859901492189 -0.13218129152216138 0.18430063279372055 0.12883365250782614 -0.0089312424258836971 0.53922750231665628 0.055553261526259806 -0.023071067847199311 0.023737836327252609 -0.17779361656282636 -0.32377262521873823 0.40570496273537482 -0.095309333788806738 0.22725480905285589 -0.42555318349599847 0.28302253489382567 -0.3457871234935263 0.059454321043951243
leaf_weight=915 426 1200 211 563 88 20 542 494 40 40 38 571 229 1393 1410 161 88 355 906 2065 720 516 66 60 713 27 50 32 23 725
leaf_count=915 426 1200 211 563 88 20 542 494 40 40 38 571 229 1393 1410 161 88 355 906 2065 720 516 66 60 713 27 50 32 23 725
internal_value=-0.00015171 -0.0706898 0.175039 -0.198287 -0.0292924 0.113903 0.317176 -0.065591 0.214467 0.0208477 0.410899 -0.271195 0.124341 -0.11307 0.137144 0.012709 0.172949 0.474041 0.00748139 -0.0120842 -0.0303738 -0.229297 -0.140848 0.282916 -0.0507399 0.499078 -0.315243 0.518043 -0.115474 0.0905445
internal_weight=14687 10471 4216 2565 7906 2948 1268 4586 605 3320 663 1650 2878 1953 2649 3220 1498 452 3132 2226 2633 1079 1459 100 1913 414 70 387 63 1151
internal_count=14687 10471 4216 2565 7906 2948 1268 4586 605 3320 663 1650 2878 1953 2649 3220 1498 452 3132 2226 2633 1079 1459 100 1913 414 70 387 63 1151
is_linear=0
shrinkage=0.05


Tree=6
num_leaves=31
num_cat=0
split_feature=1 5 13 10 4 13 2 5 12 13 0 0 10 1 10 11 11 10 4 0 12 2 12 7 11 3 9 11 12 12
split_gain=65520.3 19966.9 13225.4 8875.72 5667.71 5261.26 4406.34 2941.51 2763.61 2288.2 2086.02 2044.18 1975.92 1809.62 1353.2 1172.98 1114.38 1051.37 1013.68 993.507 1260.14 974.802 938.072 795.785 792.133 915.177 1344.62 944.35 1081.44 1048.07
threshold=13.503333333333325 0.038292169188783649 17.915000000000003 159533.82500000004 13.775 10.915000000000001 14.135000000000003 0.051480052240660899 328050.40500000009 17.505000000000006 31.500000000000004 31.500000000000004 2077842.7000000002 15.591666666666656 774779.20000000007 3.3906402800000008 -1.6025694999999995 2064446.0000000002 -2.1449999999999991 26.500000000000004 -549907.04999999993 37.155000000000008 258600.73000000001 2.5000000000000004 0.46389770000000002 14.625000000000002 4.965621950000001 -0.28616335000000021 70982.099999999991 -52291.469999999994
decision_type=2 2 2 2 2 2 2 2 2 2 2 2 2 2 2 2 2 2 2 2 2 2 2 2 2 2 2 2 2 2
left_child=1 3 4 -1 13 7 11 10 -8 19 22 -4 21 23 15 -15 -13 -9 -11 -7 -21 -5 -3 -2 25 26 -18 29 -29 -28
right_child=2 5 6 12 -6 9 8 17 -10 18 -12 16 -14 14 -16 -17 24 -19 -20 20 -22 -23 -24 -25 -26 -27 27 28 -30 -31
leaf_value=-0.063473887943504934 0.12681318834400343 -0.10961159720774352 0.26185459785551823 -0.18813528822592135 -0.33961507636999744 -0.0022048143516194825 0.24017761583161643 -0.017941058575949149 -0.10970029712669434 0.40987823036100179 -0.0077153194951245195 0.19120453502002516 -0.33285049679583095 0.18021669751791639 0.0033487785600677688 -0.0091444970515353243 0.36376566266471694 -0.13506189694664641 0.089177907935597683 0.35976135394402914 0.053615708481619263 -0.29388682548134976 -0.21197532154760271 0.045356241932586056 0.37578012339879563 0.36647819366306067 0.53095263938109083 0.41331692231552941 0.78533606251080834 0.94514978563501728
leaf_weight=915 472 1440 211 776 69 1376 542 3156 63 56 482 38 571 1363 135 87 55 204 44 35 848 303 265 822 137 70 24 56 30 42
leaf_count=915 472 1440 211 776 69 1376 542 3156 63 56 482 38 571 1363 135 87 55 204 44 35 848 303 265 822 137 70 24 56 30 42
internal_value=-0.000144125 -0.0671553 0.166287 -0.188373 0.108208 -0.0278278 0.301317 -0.0544272 0.203744 0.0347185 -0.0995578 0.390354 -0.257635 0.118941 0.154758 0.168855 0.450339 -0.025052 0.26877 0.0243577 0.0657506 -0.217832 -0.125522 0.0750685 0.474124 0.522764 0.575614 0.65227 0.543091 0.794533
internal_weight=14687 10471 4216 2565 2948 7906 1268 5547 605 2359 2187 663 1650 2879 1585 1450 452 3360 100 2259 883 1079 1705 1294 414 277 207 152 86 66
internal_count=14687 10471 4216 2565 2948 7906 1268 5547 605 2359 2187 663 1650 2879 1585 1450 452 3360 100 2259 883 1079 1705 1294 414 277 207 152 86 66
is_linear=0
shrinkage=0.05


Tree=7
num_leaves=31
num_cat=0
split_feature=1 5 13 13 4 10 5 10 12 1 13 5 0 0 10 10 11 12 12 11 9 0 5 0 4 14 0 0 11 5
split_gain=59287.5 17354.1 13751.6 5667.36 5507.15 5496.48 4155.38 3331.61 2518.28 2277.78 2125.41 1843.73 1834.13 1341.47 1231.98 1221.26 1058.61 1052.83 1050.86 1012.88 893.738 987.14 873.816 932.221 780.682 826.061 774.422 756.893 750.294 721.541
threshold=12.873333333333326 0.033812341327794378 17.915000000000003 9.9650000000000016 13.775 197898.92000000001 0.070746378095497484 1572199.4000000001 307639.69000000006 15.591666666666656 17.505000000000006 0.051692944694291247 31.500000000000004 30.500000000000004 2064446.0000000002 774779.20000000007 3.3906402800000008 575596.09999999998 -593962.94999999972 -1.6025694999999995 -3.6960753999999993 29.500000000000004 0.067636120847479705 30.500000000000004 -1.9399999999999984 18.345000000000002 28.500000000000004 30.500000000000004 1.7319183500000004 0.044893378473266209
decision_type=2 2 2 2 2 2 2 2 2 2 2 2 2 2 2 2 2 2 2 2 2 2 2 2 2 2 2 2 2 2
left_child=1 5 4 7 9 -1 8 11 -4 22 18 13 -8 -3 -7 16 24 -9 -5 -14 -20 -22 26 -24 25 -11 -2 -12 -21 -10
right_child=2 3 6 10 -6 14 12 17 29 15 27 -13 19 -15 -16 -17 -18 -19 20 28 21 -23 23 -25 -26 -27 -28 -29 -30 -31
leaf_value=-0.075539926680549208 -0.020581449397056757 -0.11512307250786494 0.22731160912338658 0.17765992792583138 -0.32149532882090753 -0.23501121105964176 0.25099329158593792 -0.13196159161821897 -0.30353837208105972 0.21372120671667605 0.091707272902131085 -0.021409934114611326 0.18164430813569774 -0.020820819994213906 -0.34037226963297029 0.003181339874173756 -0.0086872726535001752 -0.27417630349693733 0.10177736521281044 0.47958481619236493 -0.025788054034139165 0.039009651161349801 0.076799008225489115 0.23202574370335119 0.14921961418847471 0.50182158251603448 0.06668796508901273 0.38483313626172594 0.29230886743300494 0.033174136730774149
leaf_weight=483 345 1352 546 86 78 711 213 871 26 317 40 2210 38 523 455 135 87 153 203 354 2008 831 318 139 1019 27 966 49 63 41
leaf_count=483 345 1352 546 86 78 711 213 871 26 317 40 2210 38 523 455 135 87 153 203 354 2008 831 318 139 1019 27 966 49 63 41
internal_value=-0.000136918 -0.0691818 0.146027 -0.0398318 0.0938339 -0.217373 0.285818 -0.0725659 0.191811 0.103496 0.012154 -0.0523505 0.372085 -0.088819 -0.276126 0.14702 0.160412 -0.15321 0.00529865 0.428771 0.000425842 -0.0068212 0.064476 0.124012 0.171206 0.236334 0.0437223 0.253091 0.451291 -0.0974904
internal_weight=14687 9975 4712 8326 3431 1649 1281 5109 613 3353 3217 4085 668 1875 1166 1585 1450 1024 3128 455 3042 2839 1768 457 1363 344 1311 89 417 67
internal_count=14687 9975 4712 8326 3431 1649 1281 5109 613 3353 3217 4085 668 1875 1166 1585 1450 1024 3128 455 3042 2839 1768 457 1363 344 1311 89 417 67
is_linear=0
shrinkage=0.05


Tree=8
num_leaves=31
num_cat=0
split_feature=13 5 10 13 0 2 2 10 14 5 2 2 12 0 0 13 11 12 9 0 2 0 2 9 9 4 3 13 9 11
split_gain=51565.8 19563.2 8845.54 7514.58 7444.24 4378.04 4101.46 2579.13 2367.1 2194.54 1838.55 1794.66 1777.87 1191.21 1146.14 968.895 891.704 867.837 864.341 835.096 816.113 802.225 768.952 702.707 2953.36 673.352 652.83 650.598 619.861 915.229
threshold=13.715000000000002 0.038292169188783649 159533.82500000004 19.255000000000006 31.500000000000004 16.975000000000005 35.525000000000013 1816141.4500000004 16.010000000000002 0.082270677658651079 15.025 35.115000000000002 175191.94999999998 30.500000000000004 32.500000000000007 9.5650000000000031 2.9770202850000005 637019.37000000023 19.751877000000004 29.500000000000004 15.085000000000003 30.500000000000004 10.055000000000001 6.8916015500000016 9.2620390000000015 -32.609999999999992 9.8450000000000006 16.005000000000006 21.493607000000001 0.19087200000000062
decision_type=2 2 2 2 2 2 2 2 2 2 2 2 2 2 2 2 2 2 2 2 2 2 2 2 2 2 2 2 2 2
left_child=1 2 -1 7 5 25 9 10 20 16 13 17 15 -2 -11 -7 21 -4 -9 -12 -6 -5 -15 -23 -25 -3 -27 -21 -10 -30
right_child=3 4 11 6 8 12 -8 18 28 14 19 -13 -14 22 -16 -17 -18 -19 -20 27 -22 23 -24 24 -26 26 -28 -29 29 -31
leaf_value=-0.052038394133844812 0.14915678136047705 0.27627702897245232 -0.1785056567691379 0.14647904936797346 0.13077308030650436 -0.087778042455981697 -0.33329890882968904 -0.20377418959224727 0.15378309272384894 0.2732585009849734 0.035116932146788182 -0.3010468513876503 -0.16638327356536795 0.45721930831508795 0.48520424344223934 -0.026814137292926872 -0.033989942610263828 -0.32588195615835425 0.049598748155403882 0.089921830527655344 0.03309138989381475 0.21554565947138682 0.23850464590872 0.86661694252491006 0.29764087920184606 0.15684262524591761 -0.0044397734584875632 0.17229258959885452 0.50928473557744713 0.16999993842581046
leaf_weight=1016 541 22 861 104 246 1760 25 71 210 90 333 689 514 46 219 1035 25 113 64 534 1635 156 318 25 260 64 3195 435 35 46
leaf_count=1016 541 22 861 104 246 1760 25 71 210 90 333 689 514 46 219 1035 25 113 64 534 1635 156 318 25 260 64 3195 435 35 46
internal_value=-0.000130072 -0.0500331 -0.168276 0.17576 -0.0138802 -0.0403387 0.29821 0.128495 0.0663969 0.316171 0.141473 -0.23929 -0.0809196 0.19621 0.423472 -0.0652029 0.258002 -0.195604 -0.0836566 0.103425 0.0458663 0.271396 0.266144 0.300855 0.347551 0.000588524 -0.00127252 0.126899 0.199105 0.316604
internal_weight=14687 11441 2679 3246 8762 6590 904 2342 2172 879 2207 1663 3309 905 309 2795 570 974 135 1302 1881 545 364 441 285 3281 3259 969 291 81
internal_count=14687 11441 2679 3246 8762 6590 904 2342 2172 879 2207 1663 3309 905 309 2795 570 974 135 1302 1881 545 364 441 285 3281 3259 969 291 81
is_linear=0
shrinkage=0.05


Tree=9
num_leaves=31
num_cat=0
split_feature=13 5 10 13 0 2 2 10 14 2 2 9 12 10 12 0 2 13 0 2 11 9 0 11 2 12 0 10 7 9
split_gain=46543.3 17562.8 7365.73 6890.02 6879.84 4650.19 3701.57 2388.15 2241.41 2029.96 1623.92 1400.8 1391.33 1372.89 1111.55 1096.14 1001.91 838.965 1249.8 831.091 816.068 805.071 749.369 723.454 723.071 715.38 625.244 747.872 1046.11 940.238
threshold=13.605000000000002 0.036596523216326206 159533.82500000004 19.255000000000006 31.500000000000004 19.075000000000003 35.525000000000013 1816141.4500000004 16.010000000000002 14.505000000000001 15.025 2.8922576500000003 637019.37000000023 590660.84500000009 3962.1341000000011 29.500000000000004 38.505000000000003 32.630000000000003 35.500000000000007 15.835000000000003 1.7319183500000004 19.751877000000004 29.500000000000004 -1.4412226999999984 10.575000000000001 710394.05000000028 41.500000000000007 80126.260000000024 1.5000000000000002 4.5524597500000015
decision_type=2 2 2 2 2 2 2 2 2 2 2 2 2 2 2 2 2 2 2 2 2 2 2 2 2 2 2 2 2 2
left_child=1 2 -1 7 5 14 9 10 19 11 15 -5 16 -7 -3 -2 -4 20 -19 -6 23 -9 -12 -13 -17 -15 27 28 -25 -30
right_child=3 4 12 6 8 13 -8 21 -10 -11 22 17 -14 25 -16 24 -18 18 -20 -21 -22 -23 -24 26 -26 -27 -28 -29 29 -31
leaf_value=-0.051780203267438089 0.13832295560203317 0.0026995139263217005 -0.18635077528905897 0.19766901977138945 0.1108049429364822 -0.056689153943164643 -0.31663396620750428 -0.19469732941169779 0.18662062286013606 0.21040490808097717 0.034240063452983603 0.15493913844779686 -0.34742465487283297 -0.12100523816586405 -0.062633613354904777 0.4136410026304555 -0.28369857059239245 0.75844002334695126 0.35801928744418549 0.024753636265028106 0.17032389820299365 0.047243142443207597 0.1203107336237168 0.31614376462318683 0.22061601456460411 -0.27799934454552538 0.21958507536910477 0.39851157961921263 0.49652799552395233 0.95927294285401055
leaf_weight=834 530 3440 863 101 338 1220 25 73 297 366 340 27 241 1259 803 57 381 38 40 1652 44 65 987 22 326 77 32 165 21 23
leaf_count=834 530 3440 863 101 338 1220 25 73 297 366 340 27 241 1259 803 57 381 38 40 1652 44 65 987 22 326 77 32 165 21 23
internal_value=-0.000123569 -0.0478714 -0.170687 0.165801 -0.0165254 -0.0417592 0.283299 0.121134 0.0584921 0.300362 0.13357 0.364543 -0.237467 -0.0950361 -0.00966497 0.184895 -0.216165 0.405451 0.553096 0.0393694 0.370971 -0.0807399 0.098258 0.401414 0.249343 -0.130054 0.426717 0.455411 0.59766 0.738417
internal_weight=14687 11405 2319 3282 9086 6799 904 2378 2287 879 2240 513 1485 2556 4243 913 1244 412 78 1990 334 138 1327 290 383 1336 263 231 66 44
internal_count=14687 11405 2319 3282 9086 6799 904 2378 2287 879 2240 513 1485 2556 4243 913 1244 412 78 1990 334 138 1327 290 383 1336 263 231 66 44
is_linear=0
shrinkage=0.05


Tree=10
num_leaves=31
num_cat=0
split_feature=1 2 13 13 10 4 0 10 1 13 2 2 14 9 13 2 0 10 0 9 4 1 0 2 5 13 10 2 7 0
split_gain=45193.9 14102.6 7887.21 5586.73 4281.66 3403.77 3054.58 2967.7 2098.39 1860.98 1603.83 1597.36 1478.59 1317.12 1162.37 1118.99 1100.83 971.467 906.878 871.642 1299.31 822.018 815.606 804.89 797.442 786.219 693.2 673.122 681.079 672.276
threshold=13.884999999999993 29.765000000000004 17.915000000000003 9.9350000000000005 26145.452000000005 7.9450000000000012 30.500000000000004 811812.4800000001 23.984999999999982 13.845000000000001 17.215000000000003 18.005000000000006 17.725000000000005 19.751877000000004 15.575000000000001 9.3550000000000022 21.500000000000004 2337241.0000000005 28.500000000000004 21.351593000000005 -1.0000000000000007 7.0933333333333239 32.500000000000007 21.485000000000003 0.061255744719810296 7.7950000000000008 117319.37500000001 11.935 1.0000000180025095e-35 38.500000000000007
decision_type=2 2 2 2 2 2 2 2 2 2 2 2 2 2 2 2 2 2 2 2 2 2 2 2 2 2 2 2 2 2
left_child=1 3 5 7 -3 12 10 16 13 24 -4 -9 14 -8 22 -15 23 25 -11 -14 -21 -13 -2 -1 -5 -6 -7 -24 29 -29
right_child=2 4 6 9 17 26 8 11 -10 18 -12 21 19 15 -16 -17 -18 -19 -20 20 -22 -23 27 -25 -26 -27 -28 28 -30 -31
leaf_value=-0.03297772408320452 0.022255787910243168 -0.060927067778032765 0.16948908696120435 -0.018614235491308643 -0.23108581661436833 0.0049281877302934261 0.19443503555061273 -0.045885808826374996 0.41052488101285106 0.024057967137781276 -0.10443071106921381 -0.18091811918485393 0.17024804885967884 0.69725607961416247 0.14465820424909512 0.30670249931750254 0.01130690411017192 -0.3163591890217603 0.15148762235577695 0.72418127134442334 0.23453469549616179 -0.10485756228829408 0.31108143428961438 -0.1008435382264451 0.032003950427971856 -0.10032236437278766 -0.20601764883407775 0.40784596397030742 0.075544714173833585 0.12556814305822958
leaf_weight=1600 547 483 264 1877 774 63 453 710 263 235 67 621 153 20 830 221 1021 293 344 20 42 830 36 601 1329 135 102 31 806 66
leaf_count=1600 547 483 264 1877 774 63 453 710 263 235 67 621 153 20 830 221 1021 293 344 20 42 830 36 601 1329 135 102 31 806 66
internal_value=-0.000842065 -0.0537135 0.143188 -0.0292788 -0.186662 0.0945614 0.24497 -0.0620078 0.290254 0.0172681 0.114043 -0.10734 0.108906 0.244676 0.0972621 0.339114 -0.0316037 -0.237186 0.0997675 0.234335 0.392485 -0.13741 0.0707891 -0.051509 0.00236879 -0.211666 -0.125475 0.0990614 0.0906088 0.215781
internal_weight=14837 10853 3984 9168 1685 2696 1288 5383 957 3785 331 2161 2531 694 2316 241 3222 1202 579 215 62 1451 1486 2201 3206 909 165 939 903 97
internal_count=14837 10853 3984 9168 1685 2696 1288 5383 957 3785 331 2161 2531 694 2316 241 3222 1202 579 215 62 1451 1486 2201 3206 909 165 939 903 97
is_linear=0
shrinkage=0.05


Tree=11
num_leaves=31
num_cat=0
split_feature=1 13 5 0 10 4 13 2 14 12 12 13 1 12 2 7 12 12 1 11 4 2 2 0 1 14 0 13 11 11
split_gain=41060.3 11209.2 10840 3979.02 3835.27 3198.86 2880.62 2445.16 2014.11 1981.56 1911.81 1620.71 1526.19 1086.79 1047.69 998.414 995.641 879.697 839.891 1073.83 807.84 765.92 753.093 748.278 744.12 738.595 686.897 680.13 638.201 2294.19
threshold=12.029999999999992 16.335000000000004 0.035874439329146003 30.500000000000004 297145.38000000006 7.9450000000000012 9.7050000000000018 11.485000000000001 17.565000000000001 102973.59999999993 258600.73000000001 17.505000000000006 23.984999999999982 -593962.94999999972 19.615000000000006 2.5000000000000004 637019.37000000023 -399.2045500001862 17.634999999999987 -0.8566738499999994 14.655000000000003 17.935000000000006 17.095000000000002 40.500000000000007 7.0933333333333239 15.110000000000001 31.500000000000004 7.7550000000000008 -0.36058049999999914 -0.9517821599999996
decision_type=2 2 2 2 2 2 2 2 2 2 2 2 2 2 2 2 2 2 2 2 2 2 2 2 2 2 2 2 2 2
left_child=2 5 4 9 -1 8 10 23 15 -3 14 13 17 -8 -4 25 27 -9 -10 -20 -7 -11 -17 -5 -12 -2 -16 -6 29 -14
right_child=1 3 6 7 16 20 11 12 18 21 24 -13 28 -15 26 22 -18 -19 19 -21 -22 -23 -24 -25 -26 -27 -28 -29 -30 -31
leaf_value=-0.068981328661726141 0.08661148102309453 0.14720212528825891 -0.029750537929813737 0.43545544644625028 -0.21629933693438452 -0.058494166578112662 0.18385048316338579 0.2692324206121266 0.068751309350627718 0.036966564165195448 -0.2595086985260901 0.2260024160289994 0.23426282065255299 -0.010415457378465179 -0.097438521169212575 0.066817365091677378 -0.31897391777663003 0.15709082492986451 0.60931263118982315 0.21943072349523868 -0.25214131391631106 -0.2004976548507052 0.0063874902869780845 0.2012718961301555 -0.11879416702340129 0.37904079116203571 -0.01764019790161123 -0.10524056286085398 0.27771527229362175 0.81855470240116124
leaf_weight=626 1166 557 2196 203 959 174 74 250 80 80 137 78 42 2655 1383 965 210 582 20 151 78 59 1107 41 299 22 335 161 119 28
leaf_count=626 1166 557 2196 203 959 174 74 250 80 80 137 78 42 2655 1383 965 210 582 20 151 78 59 1107 41 299 22 335 161 119 28
internal_value=-0.000799961 0.104152 -0.0667215 0.201076 -0.171034 0.0536415 -0.0382131 0.253906 0.065992 0.105057 -0.0636945 0.00127541 0.219923 -0.00514771 -0.0526314 0.0554839 -0.219067 0.190787 0.202472 0.265031 -0.118433 -0.0638276 0.0345317 0.396105 -0.16301 0.0920268 -0.0818783 -0.200335 0.348184 0.46798
internal_weight=14837 5724 9113 1961 1956 3763 7157 1265 3511 696 4350 2807 1021 2729 3914 3260 1330 832 251 171 252 139 2072 244 436 1188 1718 1120 189 70
internal_count=14837 5724 9113 1961 1956 3763 7157 1265 3511 696 4350 2807 1021 2729 3914 3260 1330 832 251 171 252 139 2072 244 436 1188 1718 1120 189 70
is_linear=0
shrinkage=0.05


Tree=12
num_leaves=31
num_cat=0
split_feature=1 5 13 4 10 13 0 1 12 2 12 13 2 12 4 1 11 11 4 14 12 1 5 14 0 12 4 9 11 12
split_gain=37107.4 10108.9 9311.13 3198.74 3143.59 3130.81 2769.73 1949.33 1926.82 1805.55 1686.05 1372.98 1213.97 1143.39 994.951 986.401 1454.39 1343.44 860.893 802.872 743.049 740.415 714.485 702.217 700.982 672.286 626.952 768.455 620.637 670.306
threshold=12.289999999999987 0.034358357504004809 17.425000000000004 7.9450000000000012 919256.40500000014 9.8350000000000026 31.500000000000004 16.303333333333317 258600.73000000001 12.175000000000002 142650.62500000003 17.335000000000004 21.155000000000005 -593962.94999999972 -3.7950000000000004 25.203333333333315 -0.36058049999999914 -1.2108459999999981 14.655000000000003 17.48 -1.0000000180025095e-35 7.0933333333333239 0.050722800588245388 16.010000000000002 31.500000000000004 637019.37000000023 0.65000000000000135 21.351593000000005 1.9620360500000003 46.577129499999998
decision_type=2 2 2 2 2 2 2 2 2 2 2 2 2 2 2 2 2 2 2 2 2 2 2 2 2 2 2 2 2 2
left_child=1 4 3 7 -1 8 10 22 12 28 -4 13 -3 -7 23 20 17 -17 -5 -16 -11 -10 -2 -9 -14 -6 27 -21 29 -8
right_child=2 5 6 18 25 11 9 14 21 15 -12 -13 24 -15 19 16 -18 -19 -20 26 -22 -23 -24 -25 -26 -27 -28 -29 -30 -31
leaf_value=-0.089691473959078463 0.016900402845964974 -0.03015475684806487 0.1605776653199594 -0.045920842532600675 -0.20769423753404614 0.19102388133108616 0.32730075014624627 0.20970510082385904 -0.24313525252934523 0.26306536293661986 -0.065758875319778989 0.20109879310394443 -0.10330779737652225 -0.0067943323377380087 0.089890371837193131 0.24800253536390221 0.20930997155968931 0.75235192564225972 -0.24391418866813186 0.21154889425745718 0.14419119755728746 -0.11248300139071239 0.071723834023761132 0.52477920339221051 -0.022556697633994774 -0.31238409003844025 0.13183177209381636 0.55666386355524489 0.16013703520028769 0.49556631094531012
leaf_weight=706 949 2723 394 175 813 75 157 112 159 203 104 86 1216 2805 752 23 90 31 80 54 373 341 1590 21 345 189 120 23 33 95
leaf_count=706 949 2723 394 175 813 75 157 112 159 203 104 86 1216 2805 752 23 90 31 80 54 373 341 1590 21 345 189 120 23 33 95
internal_value=-0.000759963 -0.0603918 0.104092 0.0631274 -0.170502 -0.0361249 0.209733 0.0751812 -0.0611478 0.257512 0.113311 0.00423573 -0.0503071 -0.00164282 0.131379 0.215348 0.332395 0.537536 -0.108036 0.113429 0.186086 -0.15403 0.0512325 0.259454 -0.0854608 -0.227441 0.203283 0.314635 0.364033 0.390734
internal_weight=14837 9458 5379 3876 1708 7750 1503 3621 4784 1005 498 2966 4284 2880 1082 720 144 54 255 949 576 500 2539 133 1561 1002 197 77 285 252
internal_count=14837 9458 5379 3876 1708 7750 1503 3621 4784 1005 498 2966 4284 2880 1082 720 144 54 255 949 576 500 2539 133 1561 1002 197 77 285 252
is_linear=0
shrinkage=0.05


Tree=13
num_leaves=31
num_cat=0
split_feature=1 5 10 13 4 13 0 1 1 0 2 2 9 14 13 2 5 11 0 0 3 9 9 9 2 2 10 2 4 2
split_gain=33572.2 10426.4 6239.45 5895.69 2602.17 2533.92 2248.01 1629.83 1611.64 1429.52 1298.79 1261.43 1108.96 1101.99 915.314 909.117 782.551 740.925 715.51 685.116 612.242 609.603 1329.29 1791.45 965.551 734.457 604.971 598.154 597.708 593.637
threshold=13.80999999999999 0.043601482621571722 919256.40500000014 17.915000000000003 7.9450000000000012 12.345000000000001 30.500000000000004 9.681666666666656 23.984999999999982 30.500000000000004 17.415000000000003 35.115000000000002 19.751877000000004 17.725000000000005 15.575000000000001 9.3550000000000022 0.058462439461208653 -1.1225280000000006 32.500000000000007 26.500000000000004 10.445000000000002 4.3826142500000005 9.6218107500000034 7.1270447000000008 12.435 11.295000000000002 2347.1506500000005 11.765000000000002 18.190000000000001 11.935
decision_type=2 2 2 2 2 2 2 2 2 2 2 2 2 2 2 2 2 2 2 2 2 2 2 2 2 2 2 2 2 2
left_child=1 2 9 4 13 7 10 16 12 -1 -5 -4 -8 14 18 -14 -3 -15 -2 -7 -18 -10 23 24 -23 -24 -17 -21 -6 -20
right_child=3 5 11 6 28 19 8 -9 21 -11 -12 -13 15 17 -16 26 20 -19 29 27 -22 22 25 -25 -26 -27 -28 -29 -30 -31
leaf_value=-0.096524875865842324 0.016032875427054699 -0.083127215998545723 -0.1516612177122055 0.14719625738470402 -0.046859224848949527 0.017742981583822839 0.16335910549407895 -0.0022969311154030481 0.18725821655243635 -0.013296816121035041 -0.10212328509642528 -0.24078057906285549 0.6189281524717809 0.47004528706488408 0.12576555649613 0.13292132054196029 0.16537524378154336 0.16974083304648957 0.28607747339540057 0.31043899775002948 -0.031787753793225897 0.60395802488693828 0.49398658263840178 0.94254223568872986 0.15388785532929683 0.23901255510070107 0.31797953798784873 0.090500969790371713 -0.2509394553946514 0.079133680704986109
leaf_weight=1020 566 1217 1134 266 121 405 453 3812 45 1044 65 611 20 23 834 61 41 192 36 33 993 26 38 22 22 110 160 489 51 927
leaf_count=1020 566 1217 1134 266 121 405 453 3812 45 1044 65 611 20 23 834 61 41 192 36 33 993 26 38 22 22 110 160 489 51 927
internal_value=-0.000721965 -0.0467135 -0.113268 0.122275 0.0809281 -0.0104465 0.210555 -0.0222178 0.249403 -0.054427 0.0982362 -0.182866 0.20946 0.0934911 0.0836305 0.296114 -0.0559532 0.201866 0.0606477 0.066543 -0.0239699 0.354806 0.389391 0.56892 0.397676 0.304479 0.2669 0.104405 -0.107371 0.0868699
internal_weight=14837 10799 3809 4038 2750 6990 1288 6063 957 2064 331 1745 694 2578 2363 241 2251 215 1529 927 1034 263 218 70 48 148 221 522 172 963
internal_count=14837 10799 3809 4038 2750 6990 1288 6063 957 2064 331 1745 694 2578 2363 241 2251 215 1529 927 1034 263 218 70 48 148 221 522 172 963
is_linear=0
shrinkage=0.05


Tree=14
num_leaves=31
num_cat=0
split_feature=1 13 2 0 2 4 10 5 1 12 14 1 13 7 9 5 12 0 12 9 9 9 9 1 4 10 14 12 2 4
split_gain=30454.5 8301.13 8118.45 3020.19 2604.83 2376.72 2161.15 1966.64 1941.89 1592.99 1491.29 1101.69 1053.03 894.305 877.724 1122.72 872.224 870.846 775.991 726.889 704.21 1675.73 687.758 685.625 898.397 672.733 649.013 646.275 601.24 600.217
threshold=12.029999999999992 16.335000000000004 29.765000000000004 30.500000000000004 19.075000000000003 7.9450000000000012 26145.452000000005 0.059577005013909758 7.3049999999999899 102973.59999999993 17.565000000000001 23.984999999999982 17.665000000000003 2.5000000000000004 19.890884000000003 0.10065426800480219 575596.09999999998 31.500000000000004 648613.68000000017 -3.6960753999999993 4.3826142500000005 17.333420000000004 7.2196045000000009 17.634999999999987 -1.9399999999999984 1326957.3500000003 15.110000000000001 843518.2300000001 11.295000000000002 14.655000000000003
decision_type=2 2 2 2 2 2 2 2 2 2 2 2 2 2 2 2 2 2 2 2 2 2 2 2 2 2 2 2 2 2
left_child=2 5 4 9 12 10 -4 -5 16 -3 13 14 -1 26 19 -16 -6 -10 -8 -9 -13 22 -22 -12 -25 -15 -2 -11 -23 -7
right_child=1 3 6 7 8 29 18 11 17 27 23 20 -14 25 15 -17 -18 -19 -20 -21 21 28 -24 24 -26 -27 -28 -29 -30 -31
leaf_value=-0.01186200032989259 0.077346172440003677 0.12724384869861835 -0.058619048406399088 0.13832915646292396 -0.12064201397523609 -0.050424008120397303 -0.17847552241741665 0.41764041362330317 -0.066087734156720507 -0.016485211862472156 0.053499475012067713 0.1905360487821357 0.20841248454018074 0.034945618480999308 0.27071852729451368 0.61867007315158851 -0.29726575269148897 -0.0037089308232160488 -0.2937439947269247 0.16899992024366051 0.44672510253472464 0.4400824749895505 0.76030344553497242 0.48444085116016455 0.17904790670997925 -0.088983375203378248 0.35146838650107387 -0.31753308368580685 0.17850652248677562 -0.21734171745677791
leaf_weight=4015 1166 557 384 472 673 174 999 32 1954 118 80 45 55 1956 164 27 78 784 171 361 36 35 34 29 142 116 22 21 59 78
leaf_count=4015 1166 557 384 472 673 174 999 32 1954 118 80 45 55 1956 164 27 78 784 171 361 36 35 34 29 142 116 22 21 59 78
internal_value=-0.000685867 0.0897006 -0.0574588 0.17311 -0.036061 0.0462335 -0.161542 0.219137 -0.0677621 0.089456 0.0568792 0.267234 -0.00888532 0.0478373 0.231978 0.319905 -0.138986 -0.0482262 -0.195322 0.189245 0.365748 0.413824 0.599035 0.174317 0.23084 0.0280075 0.0824225 -0.0619673 0.275902 -0.102089
internal_weight=14837 5724 9113 1961 7559 3763 1554 1265 3489 696 3511 793 4070 3260 584 191 751 2738 1170 393 209 164 70 251 171 2072 1188 139 94 252
internal_count=14837 5724 9113 1961 7559 3763 1554 1265 3489 696 3511 793 4070 3260 584 191 751 2738 1170 393 209 164 70 251 171 2072 1188 139 94 252
is_linear=0
shrinkage=0.05


Tree=15
num_leaves=31
num_cat=0
split_feature=1 5 2 0 10 12 13 13 1 14 0 10 12 13 11 2 9 0 11 12 0 12 3 13 10 10 1 3 12 3
split_gain=26513.2 7676.23 7206.29 5462.46 3760.67 3582.23 2218.91 1323.02 1320.68 1225.19 1111.93 1090.19 1007.33 960.92 933.296 889.759 1028.71 862.153 837.49 836.965 725.264 720.617 778.489 661.275 658.505 1013.15 592.626 572.543 679.008 535.036
threshold=12.029999999999992 0.042489908759077884 17.045000000000005 30.500000000000004 919256.40500000014 89300.665000000052 19.255000000000006 10.435 15.298333333333323 20.625000000000004 31.500000000000004 1953772.4000000001 -821357.34999999986 7.0050000000000008 -1.4412226999999984 11.685 12.398284500000001 27.500000000000004 0.43563850000000054 -57613.850000000086 30.500000000000004 -317160.77499999997 17.415000000000003 15.925000000000002 4408.1017000000002 80126.260000000024 1.0000000180025095e-35 38.475000000000001 648613.68000000017 14.445000000000002
decision_type=2 2 2 2 2 2 2 2 2 2 2 2 2 2 2 2 2 2 2 2 2 2 2 2 2 2 2 2 2 2
left_child=1 4 3 21 20 8 9 11 -4 15 -7 26 -9 27 -8 16 -5 -14 19 -16 -1 22 -2 -23 -21 -26 -3 28 -6 -27
right_child=2 7 5 6 13 10 14 12 -10 -11 -12 -13 17 -15 18 -17 -18 -19 -20 24 -22 23 -24 -25 25 29 -28 -29 -30 -31
leaf_value=-0.09034330498631353 0.11237731993673963 0.20238868660692658 0.016121584971889053 0.19769241082174449 -0.15033375546475689 -0.17208898082281349 0.095405753684353167 0.36786604195833211 0.089942743717793316 0.54133056288673764 0.044678398314863449 -0.11347799357419681 -0.01035315521337114 -0.097804517579239081 0.21216529221407004 0.13454365900428403 0.52012440372491253 0.063376560944005705 0.21656978080934244 0.28806920578803158 -0.02104980370839344 0.037560630241543214 0.46738074078508052 0.10719482876020543 0.74606691151857385 0.46096060795443394 -0.028543724809249646 -0.25087453014027317 -0.25774144520779535 0.21140228910544129
leaf_weight=862 47 28 1385 109 751 267 53 20 1077 21 76 403 1358 360 70 792 32 560 141 76 672 874 23 559 27 105 3555 299 183 27
leaf_count=862 47 28 1385 109 751 267 53 20 1077 21 76 403 1358 360 70 792 32 560 141 76 672 874 23 559 27 105 3555 299 183 27
internal_value=0.00088281 -0.0524869 0.084731 0.139205 -0.115865 0.0273243 0.208334 -0.0190326 0.0484146 0.163647 -0.124059 -0.0355087 0.0148548 -0.169673 0.293768 0.155146 0.270868 0.0111738 0.31734 0.363926 -0.0599879 0.0723762 0.229021 0.0647243 0.409131 0.466997 -0.0267391 -0.190656 -0.171378 0.409915
internal_weight=14812 9051 5761 2956 3127 2805 1453 5924 2462 954 343 3986 1938 1593 499 933 141 1918 446 305 1534 1503 70 1433 235 159 3583 1233 934 132
internal_count=14812 9051 5761 2956 3127 2805 1453 5924 2462 954 343 3986 1938 1593 499 933 141 1918 446 305 1534 1503 70 1433 235 159 3583 1233 934 132
is_linear=0
shrinkage=0.05


Tree=16
num_leaves=31
num_cat=0
split_feature=1 5 13 10 4 0 2 2 0 12 14 10 0 0 5 12 12 4 11 12 0 1 2 9 9 11 12 13 2 9
split_gain=23928.2 6999.59 6600.94 3927.52 2876.01 2173.92 1650.85 1613.29 1427.76 1366.9 1217.05 1209.7 1050.11 986.285 940.955 848.504 848.019 1060.48 731.954 685.051 684.627 635.982 778.384 759.509 2213.43 786.642 613.28 597.528 570.436 819.481
threshold=12.029999999999992 0.046893318081184569 17.585000000000004 856979.70000000007 12.265000000000002 31.500000000000004 16.975000000000005 17.045000000000005 30.500000000000004 142650.62500000003 20.625000000000004 2337241.0000000005 31.500000000000004 28.500000000000004 0.025300442522514035 5486.4025000000029 -317160.77499999997 -2.5800000000000005 2.1635741500000005 710394.05000000028 30.500000000000004 23.178333333333331 8.7950000000000017 19.413483000000003 7.2196045000000009 0.69696075000000024 83031.71500000004 14.785000000000002 11.685 11.067871250000001
decision_type=2 2 2 2 2 2 2 2 2 2 2 2 2 2 2 2 2 2 2 2 2 2 2 2 2 2 2 2 2 2
left_child=1 3 4 20 6 9 8 18 16 -4 28 14 26 15 -5 -3 17 -2 21 -16 -1 22 -7 24 25 -23 -8 -15 29 -10
right_child=2 13 5 11 -6 7 12 -9 10 -11 -12 -13 -14 27 19 -17 -18 -19 -20 -21 -22 23 -24 -25 -26 -27 -28 -29 -30 -31
leaf_value=-0.075091368684753482 0.5184457987546921 -0.011864772714277541 0.13172672901086618 -0.21446373238867406 -0.18179825331349758 0.45235886487521626 -0.0015961590391901993 0.12233749726214088 0.17066060069196212 -0.072826057113707071 0.53068718022666872 -0.21747352458226499 0.048683998001010018 0.018494579933199789 -0.098203841528664446 -0.071977552741684034 0.048297304651516847 0.061409760452806952 0.070154543680713541 -0.23727049980467807 -0.01560224970118205 0.21109132690643762 0.21435654479607047 0.23151382601955969 0.7477693814482238 0.56609685331583026 -0.12337224888121429 0.1417590682166244 0.11876155724489446 0.53665725752711302
leaf_weight=1140 22 3259 345 255 130 38 477 312 65 107 20 491 1674 1003 1142 716 1139 30 47 96 840 71 358 89 37 20 132 109 628 20
leaf_count=1140 22 3259 345 255 130 38 477 312 65 107 20 491 1674 1003 1142 716 1139 30 47 96 840 71 358 89 37 20 132 109 628 20
internal_value=0.000838669 -0.0498626 0.0804944 -0.0996732 0.0498265 0.173898 0.0569839 0.216026 0.0911023 0.0833038 0.146006 -0.149392 0.0282306 -0.011048 -0.127003 -0.0226926 0.0573121 0.254771 0.260315 -0.108988 -0.0498536 0.274895 0.237195 0.343694 0.421694 0.289115 -0.027991 0.0305772 0.135215 0.256777
internal_weight=14812 9051 5761 3964 4337 1424 4207 972 1924 452 733 1984 2283 5087 1493 3975 1191 52 660 1238 1980 613 396 217 128 91 609 1112 713 85
internal_count=14812 9051 5761 3964 4337 1424 4207 972 1924 452 733 1984 2283 5087 1493 3975 1191 52 660 1238 1980 613 396 217 128 91 609 1112 713 85
is_linear=0
shrinkage=0.05


Tree=17
num_leaves=31
num_cat=0
split_feature=13 10 2 2 0 14 10 5 11 5 11 5 9 12 9 0 12 7 0 12 14 4 5 0 12 13 9 10 9 13
split_gain=21036.5 9124.17 4704.24 3289.96 2537.3 2372.09 1947.12 1365.76 1021.24 1005.17 972.897 936.43 895.111 856.192 1633.99 830.682 777.789 726.002 695.374 699.238 673.882 655.338 837.033 609.052 583.357 652.409 557.773 553.401 549.104 509.99
threshold=13.715000000000002 856979.70000000007 22.915000000000003 15.025 30.500000000000004 12.215000000000002 1315866.7500000002 0.046893318081184569 -1.5234376999999999 0.028706760209421315 2.2711942500000015 0.061255744719810296 21.351593000000005 -593962.94999999972 6.6081085000000011 30.500000000000004 1090008.9000000004 1.0000000180025095e-35 28.500000000000004 -1.0000000180025095e-35 19.980000000000004 1.5200000000000007 0.084566604162463213 30.500000000000004 101.517275 23.005000000000006 14.874527000000002 2216040.7500000005 19.413483000000003 16.005000000000006
decision_type=2 2 2 2 2 2 2 2 2 2 2 2 2 2 2 2 2 2 2 2 2 2 2 2 2 2 2 2 2 2
left_child=1 5 11 4 -2 7 18 15 -6 -4 21 -3 17 14 -9 -1 28 -7 -5 -20 -14 22 -10 -15 -23 -26 -25 -11 -8 -21
right_child=3 2 9 6 8 12 16 13 10 27 -12 -13 20 23 -16 -17 -18 -19 19 29 -22 24 -24 26 25 -27 -28 -29 -30 -31
leaf_value=-0.070477177753756531 0.095585043121404437 -0.067445046728003069 -0.20418416178231011 0.022678791785855659 0.073390146962614089 0.29604382947858038 -0.098445898680632624 0.53081423089712521 0.18367211627072261 -0.10557872748568127 0.066768010986455975 0.0047235295564335379 0.13960407237405889 -0.0073352557443247344 0.043588516125573393 -0.012033266213180592 -0.33329477214813236 0.041707361179336051 0.16713651521190342 0.039480599968687358 0.44987637266516689 0.28871433293899978 0.30845325700863896 0.027149039537486569 0.31945089470595123 0.71847316097645531 0.16594809867441654 -0.18424253208093988 0.072218748284121087 0.11426235409289803
leaf_weight=1211 704 1256 636 345 98 29 133 22 292 861 69 700 140 3289 79 1221 25 864 316 411 20 74 249 760 20 21 80 302 73 512
leaf_count=1211 704 1256 636 345 98 29 133 22 292 861 69 700 140 3289 79 1221 25 864 316 411 20 74 249 760 20 21 80 302 73 512
internal_value=0.000796736 -0.0313673 -0.095289 0.111186 0.165272 -0.000255746 0.0656829 -0.0112782 0.224882 -0.153644 0.24536 -0.0416178 0.0694801 0.00588768 0.149717 -0.0411351 -0.0699295 0.0499669 0.0854597 0.102941 0.178388 0.264145 0.241104 0.00236945 0.372538 0.523828 0.040368 -0.126006 -0.0379676 0.080963
internal_weight=14812 11470 3755 3342 1527 7715 1815 6662 823 1799 725 1956 1053 4230 101 2432 231 893 1584 1239 160 656 541 4129 115 41 840 1163 206 923
internal_count=14812 11470 3755 3342 1527 7715 1815 6662 823 1799 725 1956 1053 4230 101 2432 231 893 1584 1239 160 656 541 4129 115 41 840 1163 206 923
is_linear=0
shrinkage=0.05


Tree=18
num_leaves=31
num_cat=0
split_feature=1 5 2 0 12 0 2 1 12 1 0 11 9 9 9 5 1 10 12 0 11 12 9 4 12 1 12 1 12 4
split_gain=19704.8 5847.52 5476.06 4047.68 2739.65 1958.04 1808.6 1710.95 1512.58 1047.61 864.901 847.396 1148.7 1431.74 1129.55 778.123 773.754 726.927 721.61 661.335 636.085 625.44 758.879 616.587 580.389 675.285 576.588 551.797 547.724 984.838
threshold=12.029999999999992 0.035874439329146003 17.045000000000005 30.500000000000004 89300.665000000052 29.500000000000004 16.665000000000003 17.33166666666666 245969.44999999998 15.298333333333323 31.500000000000004 0.42411800000000005 5.2215117000000006 8.7780300000000029 6.4731597500000015 0.077130742120942578 8.244999999999985 2064446.0000000002 -80058.795000000042 28.500000000000004 3.5317840400000007 -777834.52499999991 6.8128508500000011 1.5699999999999996 -38308.440000000031 20.048333333333321 42173.737500000003 17.634999999999987 -317160.77499999997 -2.7099999999999995
decision_type=2 2 2 2 2 2 2 2 2 2 2 2 2 2 2 2 2 2 2 2 2 2 2 2 2 2 2 2 2 2
left_child=1 5 3 20 9 17 19 15 16 -4 -6 12 -9 14 -14 -5 -8 -1 -15 21 26 22 -3 -13 -20 -26 27 28 29 -2
right_child=2 6 4 7 10 -7 8 11 -10 -11 -12 23 13 18 -16 -17 -18 -19 24 -21 -22 -23 -24 -25 25 -27 -28 -29 -30 -31
leaf_value=-0.12703503848405392 0.46954061699950178 0.35182869291305541 0.01268188315529325 0.08847451205336733 -0.15174875899605203 -0.0330555921704122 -0.069246399176136758 0.16382058806903663 -0.12829047639523847 0.078429547902594432 0.039429177767842223 0.10863485954122301 0.35567908119974717 0.13167691141811771 0.8012419218420983 0.20961408209552027 -0.019948026904076249 -0.20269381265855949 0.55699607140344121 0.058519644527235029 -0.056919546190251427 -0.010707471687222365 0.041875726400696221 0.27364923134906055 0.18157454382306265 0.371809982473708 -0.0072365789462558242 0.14734027885043852 0.056304697381305162 0.055005338944886864
leaf_weight=974 23 25 1385 488 267 458 1124 175 482 1077 76 188 33 67 25 182 2727 471 23 505 103 2191 94 81 81 110 198 273 868 38
leaf_count=974 23 25 1385 488 267 458 1124 175 482 1077 76 188 33 67 25 182 2727 471 23 505 103 2191 94 81 81 110 198 273 868 38
internal_value=0.000756899 -0.0452528 0.0730419 0.120528 0.0229992 -0.123143 -0.0245163 0.180035 -0.0447882 0.0414431 -0.109389 0.230225 0.267854 0.321559 0.547732 0.121381 -0.0343369 -0.151696 0.274875 0.00668717 0.063001 -0.00464417 0.106992 0.158323 0.319708 0.291134 0.0718237 0.0848469 0.0664824 0.211306
internal_weight=14812 9051 5761 2956 2805 1903 7148 1453 4333 2462 343 783 514 339 58 670 3851 1445 281 2815 1503 2310 119 269 214 191 1400 1202 929 61
internal_count=14812 9051 5761 2956 2805 1903 7148 1453 4333 2462 343 783 514 339 58 670 3851 1445 281 2815 1503 2310 119 269 214 191 1400 1202 929 61
is_linear=0
shrinkage=0.05


Tree=19
num_leaves=31
num_cat=0
split_feature=1 5 13 0 4 10 2 2 10 4 2 0 9 9 1 11 7 13 9 9 0 9 9 2 0 10 0 9 9 9
split_gain=17783.6 5277.39 4963.86 2181.27 1962.53 1776.43 1632.28 1435.9 1383.78 1240.83 982.537 1103.1 1125.8 793.214 756.152 816.764 878.915 745.455 743.491 1828.11 713.119 634.693 904.69 1252.27 606.985 596.723 594.13 558.484 537.977 530.999
threshold=12.029999999999992 0.035874439329146003 16.005000000000006 30.500000000000004 12.265000000000002 17002.279500000004 16.715000000000003 17.285000000000004 1953772.4000000001 6.8550000000000013 15.455000000000002 34.500000000000007 17.152328500000003 7.8193360000000007 23.984999999999982 1.3485109999999996 2.5000000000000004 17.505000000000006 19.751877000000004 4.3826142500000005 31.500000000000004 21.493607000000001 23.270278500000003 11.595000000000001 25.500000000000004 2064446.0000000002 28.500000000000004 -3.6960753999999993 13.181228500000001 6.0142060000000006
decision_type=2 2 2 2 2 2 2 2 2 2 2 2 2 2 2 2 2 2 2 2 2 2 2 2 2 2 2 2 2 2
left_child=1 5 4 9 10 -1 26 14 17 13 11 -2 -13 29 15 16 21 24 19 -16 -12 27 23 -23 -8 -7 -3 -5 -10 -4
right_child=2 6 3 7 -6 25 8 -9 28 -11 20 12 -14 -15 18 -17 -18 -19 -20 -21 -22 22 -24 -25 -26 -27 -28 -29 -30 -31
leaf_value=-0.039736834897476939 0.052140563805886643 -0.0046363891848546536 0.10332637598532204 0.46145160496234894 -0.16544828609477324 -0.12272207985119526 -0.049157410952342148 0.097479418796056538 -0.18777447041881445 -0.15397756651776737 -0.018850302300091659 0.10628193885894473 0.33898020685440533 -0.0061250223441326876 0.13437924296326506 0.066452252101953491 0.13612883921624849 0.22048174368924112 0.17087192674516702 0.51810282341071534 0.040630083752123736 0.79809512495994572 0.18325419805589177 0.32521066106855873 -0.0071716856703617831 -0.19175371851157591 0.054828317011176964 0.18278616166129458 -0.081996098340957266 0.35459429919719698
leaf_weight=535 872 2339 475 20 119 883 2385 465 182 61 718 194 71 188 52 128 244 29 82 77 1690 21 42 42 1347 485 512 178 354 22
leaf_count=535 872 2339 475 20 119 883 2385 465 182 61 718 194 71 188 52 128 244 29 82 77 1690 21 42 42 1347 485 512 178 354 22
internal_value=0.000719054 -0.0429902 0.0693898 0.130739 0.0342781 -0.116985 -0.0232905 0.168633 -0.0427527 0.0621139 0.0409826 0.0792901 0.168628 0.0813571 0.205976 0.180151 0.206757 -0.0320411 0.288593 0.363424 0.0228947 0.263632 0.363005 0.482839 -0.0340034 -0.147196 0.00604265 0.210934 -0.117913 0.114449
internal_weight=14812 9051 5761 2097 3664 1903 7148 1351 4297 746 3545 1137 265 685 886 675 547 3761 211 129 2408 303 105 63 3732 1368 2851 198 536 497
internal_count=14812 9051 5761 2097 3664 1903 7148 1351 4297 746 3545 1137 265 685 886 675 547 3761 211 129 2408 303 105 63 3732 1368 2851 198 536 497
is_linear=0
shrinkage=0.05


Tree=20
num_leaves=31
num_cat=0
split_feature=1 1 5 2 2 4 11 7 1 13 12 9 11 11 11 13 14 1 12 2 9 7 10 1 1 13 3 10 7 3
split_gain=17230.8 6316.03 2979.48 2539.09 2066.07 1557.18 1343.08 1287.07 1043.51 963.202 839.538 838.814 789.019 1380.36 749.662 742.777 732.59 694.831 664.603 572.45 569.188 560.345 760.923 501.274 637.352 490.334 561.408 546.379 1237.82 825.099
threshold=15.038333333333325 9.5283333333333271 0.035874439329146003 33.965000000000011 12.935 9.1950000000000021 3.3906402800000008 3.5000000000000004 25.203333333333315 11.185 -570940.44999999995 2.9776306000000003 -0.49197390000000019 -0.9517821599999996 -1.5234376999999999 14.785000000000002 17.48 5.4583333333333286 -173962.83000000005 15.025 14.241058500000001 1.5000000000000002 151.69509500000004 1.0000000180025095e-35 7.0933333333333239 19.455000000000002 20.085000000000004 1099695.6500000001 1.5000000000000002 12.015000000000002
decision_type=2 2 2 2 2 2 2 2 2 2 2 2 2 2 2 2 2 2 2 2 2 2 2 2 2 2 2 2 2 2
left_child=1 2 17 4 11 9 7 8 -6 -3 20 -2 13 -10 -9 18 -16 -1 -4 21 -11 22 -12 -20 -25 26 -13 28 -27 -30
right_child=3 5 15 -5 6 -7 -8 14 12 10 19 25 -14 -15 16 -17 -18 -19 23 -21 -22 -23 -24 24 -26 27 -28 -29 29 -31
leaf_value=-0.1800672317204034 0.10367976906875023 -0.0088167857874098272 -0.014972334740100887 -0.21102492001779849 0.11686816221487106 -0.096238987001372969 -0.063267486215844534 -0.078027928303166919 0.19835853952054794 0.42906231120228766 0.028266388457990434 0.1467326028221578 0.14572888751028348 0.75087241493165502 0.043490212730217387 0.10278755364939572 0.15275891648704745 -0.10760217235608767 0.12583548923333485 0.009503159137651436 0.10848463111453586 0.029441019242270369 0.19362846474157069 -0.11931998928061749 -0.054094816682868155 0.15550323649561809 0.41565042350973402 0.093854017355820038 0.3015615321471003 0.56528217030896089
leaf_weight=550 253 4233 863 63 1101 394 142 98 26 20 129 256 46 20 693 80 197 830 33 1787 45 511 151 502 1475 96 21 41 87 45
leaf_count=550 253 4233 863 63 1101 394 142 98 26 20 129 256 46 20 693 80 197 830 33 1787 45 511 151 502 1475 96 21 41 87 45
internal_value=0.000228803 -0.0280485 -0.0758322 0.103243 0.109585 0.000431115 0.0857304 0.0954313 0.130386 0.00597039 0.0296534 0.17894 0.292155 0.438582 0.0532242 -0.0474887 0.0676767 -0.136483 -0.0516732 0.0251787 0.207124 0.0605924 0.117444 -0.0674308 -0.0706568 0.213813 0.16712 0.261895 0.292113 0.391466
internal_weight=14788 11603 4333 3185 3122 7270 2323 2181 1193 6876 2643 799 92 46 988 2953 890 1380 2873 2578 65 791 280 2010 1977 546 277 269 228 132
internal_count=14788 11603 4333 3185 3122 7270 2323 2181 1193 6876 2643 799 92 46 988 2953 890 1380 2873 2578 65 791 280 2010 1977 546 277 269 228 132
is_linear=0
shrinkage=0.05


Tree=21
num_leaves=31
num_cat=0
split_feature=1 5 10 0 2 12 0 2 1 12 11 11 9 11 9 11 1 11 11 13 7 13 13 7 2 9 2 12 13 1
split_gain=15550.8 5765.31 3455.45 2481.74 1903.61 1767.78 1592.51 1140.06 899.821 1473.81 3391.78 856.865 820.233 759.102 744.563 749.159 689.89 682.534 739.975 647.41 628.479 1331.09 725.149 562.307 548.266 546.719 511.532 480.945 450.552 440.244
threshold=15.038333333333325 0.046893318081184569 569524.77000000014 30.500000000000004 14.965000000000002 42173.737500000003 30.500000000000004 37.155000000000008 9.7016666666666627 -255951.6749999999 1.3859709750000011 0.55387885000000037 15.436355500000003 -1.8537753499999992 7.4298095000000002 2.9770202850000005 10.783333333333319 2.5465700500000001 -1.6025694999999995 7.0050000000000008 1.0000000180025095e-35 13.955000000000002 29.505000000000003 2.5000000000000004 33.965000000000011 1.0646209500000003 11.685 -203690.04999999996 20.085000000000004 23.984999999999982
decision_type=2 2 2 2 2 2 2 2 2 2 2 2 2 2 2 2 2 2 2 2 2 2 2 2 2 2 2 2 2 2
left_child=1 2 16 5 17 14 8 19 27 10 -10 13 -8 -6 15 25 -1 18 -5 -4 21 -15 -22 -14 -7 26 -2 -3 -27 -20
right_child=3 6 7 4 11 24 12 -9 9 -11 -12 -13 23 20 -16 -17 -18 -19 29 -21 22 -23 -24 -25 -26 28 -28 -29 -30 -31
leaf_value=-0.055859780186120284 0.14566657166455832 -0.00041176441382822219 -0.11580109196183755 0.062788070894685785 -0.007019230815821724 -0.045127172318064949 0.03064552911378688 -0.17702889320090037 0.050896964455323837 -0.0034230984336928814 0.64884651983156805 0.038363256929645512 0.20237285630282714 0.60380705114115374 -0.029316887124892207 -0.071827120295474459 -0.002575902646233222 0.025311750940378071 0.19846236269123074 -0.05228996170715311 0.11340866515551276 0.12747706540606238 0.33776219463662099 0.054454086853422283 -0.22856503394695948 0.12803740856237708 -0.023651444714826844 -0.056392473334391083 0.3430035706322927 0.29323535202693823
leaf_weight=1145 71 553 1151 81 101 176 1346 534 155 3271 28 464 128 22 155 63 1294 57 468 616 690 44 38 129 53 390 120 1253 26 166
leaf_count=1145 71 553 1151 81 101 176 1346 534 155 3271 28 464 128 22 155 63 1294 57 468 616 690 44 38 129 53 390 120 1253 26 166
internal_value=0.000217362 -0.0266461 -0.0690556 0.0980812 0.129121 0.0353238 0.00264454 -0.113008 -0.0106517 0.00430219 0.142387 0.0935035 0.046274 0.12209 0.0694395 0.0922862 -0.0275903 0.191821 0.205096 -0.0936603 0.138513 0.286254 0.125119 0.128126 -0.0875822 0.109319 0.0392888 -0.0392511 0.141473 0.223277
internal_weight=14788 11603 4740 3185 2131 1054 6863 2301 5260 3454 183 1359 1603 895 825 670 2439 772 715 1767 794 66 728 257 229 607 191 1806 416 634
internal_count=14788 11603 4740 3185 2131 1054 6863 2301 5260 3454 183 1359 1603 895 825 670 2439 772 715 1767 794 66 728 257 229 607 191 1806 416 634
is_linear=0
shrinkage=0.05


Tree=22
num_leaves=31
num_cat=0
split_feature=1 2 0 0 1 2 12 2 5 11 7 13 12 11 9 10 13 9 11 11 11 11 14 0 4 9 11 4 2 10
split_gain=14034.6 5220.69 2394.97 2239.77 2088.25 1718.01 1595.42 850.916 800.691 773.32 735.658 835.88 702.382 715.949 749.203 2756.45 677.981 671.968 676.116 634.398 615.987 667.827 544.525 540.442 535.318 493.414 490.9 515.47 650.647 490.804
threshold=15.038333333333325 26.015000000000004 29.500000000000004 30.500000000000004 10.813333333333324 14.965000000000002 42173.737500000003 37.155000000000008 0.064745875044015702 0.55387885000000037 3.5000000000000004 29.505000000000003 -173962.83000000005 -0.61741609999999969 2.4355163500000003 612781.07500000007 9.6050000000000022 7.4298095000000002 2.9770202850000005 -1.7572632499999992 2.5465700500000001 -1.6025694999999995 9.8750000000000018 26.500000000000004 32.280000000000008 1.0646209500000003 -0.33143644999999994 -3.3599999999999981 13.545000000000002 747909.80000000016
decision_type=2 2 2 2 2 2 2 2 2 2 2 2 2 2 2 2 2 2 2 2 2 2 2 2 2 2 2 2 2 2
left_child=1 4 7 6 12 20 17 -3 -6 10 11 22 13 -1 15 -15 29 18 25 -12 21 -5 -7 -10 -8 -2 -25 28 -28 -14
right_child=3 2 -4 5 8 9 24 -9 23 -11 19 -13 16 14 -16 -17 -18 -19 -20 -21 -22 -23 -24 26 -26 -27 27 -29 -30 -31
leaf_value=-0.054996157991580474 0.037324321573278356 -0.0954380699666217 -0.017182543599107897 0.059648667392033485 0.0023677046191601459 0.12742891999921682 -0.055254222808571743 -0.16913185886155876 0.029490057760570954 0.036445093938678397 -0.13078383350450742 0.40225682798773055 -0.035711592873860686 0.62965411618351941 0.016130255545511785 0.0026398491916748198 -0.011704647086004341 -0.027851042545610862 -0.068235765774512583 0.084626007086378255 0.024046163349167298 0.21211290431064952 0.39387429833412169 0.037899631945468602 -0.29230219909438382 0.13439915379903353 0.13682784296217418 0.096126097692080914 0.45142930506004231 -0.082105123579787276
leaf_weight=312 191 1320 876 81 2642 465 202 557 1115 464 38 32 1294 24 592 65 1364 155 63 340 57 634 20 196 27 416 42 158 27 1019
leaf_count=312 191 1320 876 81 2642 465 202 557 1115 464 38 32 1294 24 592 65 1364 155 63 340 57 634 20 196 27 416 42 158 27 1019
internal_value=0.000206494 -0.0253138 -0.0854474 0.0931771 -0.00660779 0.122665 0.0335576 -0.117307 0.0190642 0.0888284 0.115986 0.154747 -0.0295862 0.00772769 0.0364646 0.171722 -0.0396631 0.0659675 0.0876719 0.062971 0.18223 0.194841 0.138416 0.0477458 -0.0832031 0.103853 0.0958667 0.145918 0.259933 -0.0561504
internal_weight=14788 11603 2753 3185 8850 2131 1054 1877 4180 1359 895 517 4670 993 681 89 3677 825 670 378 772 715 485 1538 229 607 423 227 69 2313
internal_count=14788 11603 2753 3185 8850 2131 1054 1877 4180 1359 895 517 4670 993 681 89 3677 825 670 378 772 715 485 1538 229 607 423 227 69 2313
is_linear=0
shrinkage=0.05


Tree=23
num_leaves=31
num_cat=0
split_feature=1 1 0 13 2 2 2 2 12 2 11 3 7 13 11 9 11 13 12 12 1 12 11 9 9 2 0 11 9 10
split_gain=12666.2 4788.43 2023.2 1936.28 1609.1 1532.62 1371.7 1102.17 817.192 727.514 721.324 741.803 707.136 803.019 1071.22 863.773 1655.93 664.288 661.203 567.17 527.995 644.921 526.294 685.866 1761.25 478.461 462.285 439.745 427.828 410.778
threshold=15.038333333333325 7.5199999999999934 31.500000000000004 10.915000000000001 12.935 28.385000000000002 21.315000000000001 26.015000000000004 -307428.66999999998 14.325000000000001 3.9122619000000003 21.895000000000003 2.5000000000000004 29.505000000000003 -0.33143644999999994 19.413483000000003 -1.0985110850000013 19.255000000000006 648613.68000000017 291104.41999999998 10.813333333333324 -94921.725000000079 1.2159272999999995 6.0868225000000011 8.4228210000000008 12.095000000000001 13.500000000000002 -0.27304083000000018 16.443359000000004 2482083.2500000005
decision_type=2 2 2 2 2 2 2 2 2 2 2 2 2 2 2 2 2 2 2 2 2 2 2 2 2 2 2 2 2 2
left_child=1 6 5 7 -4 9 25 20 -5 -2 11 12 22 15 -15 -14 -17 -10 29 -9 21 -3 23 -6 -25 -1 -11 -19 -21 -8
right_child=2 3 4 8 10 -7 18 19 17 26 -12 -13 13 14 -16 16 -18 27 -20 28 -22 -23 -24 24 -26 -27 -28 -29 -30 -31
leaf_value=0.11986827595780294 0.089914914054095518 0.02061864492980757 0.20502979640557345 0.13912720986466098 0.11633162433956412 -0.17922135883918366 -0.093333785506233516 -0.051801124502722312 0.013583661115957128 0.054792615373124964 -0.070362951789820008 0.043065144739469152 0.041947938145830088 0.5582770801371052 0.085867103175925358 0.54500555777549742 0.11199621552571891 -0.021840564459562301 -0.21288111599310777 -0.18434655061772753 0.0074662321717504148 -0.037842085574115225 0.067761627264240731 0.58340171813964847 0.19290268053836895 -0.043831525673654198 -0.04194415790916832 0.25899271100111632 -0.023101607051544959 -0.16645144121041883
leaf_weight=48 553 581 422 143 138 78 1094 1062 3097 247 63 397 484 21 28 25 189 20 163 155 1759 2509 93 35 165 637 247 46 56 233
leaf_count=48 553 581 422 143 138 78 1094 1062 3097 247 63 397 484 21 28 25 189 20 163 155 1759 2509 93 35 165 637 247 46 56 233
internal_value=0.000196169 -0.0240481 0.0885183 -0.00862037 0.117968 0.0345931 -0.0909227 -0.0252717 0.0222144 0.050522 0.0955378 0.102174 0.122094 0.0926684 0.288329 0.078933 0.162581 0.0169287 -0.117846 -0.0666773 -0.0144016 -0.02685 0.173094 0.202076 0.26124 -0.0323606 0.00642423 0.173892 -0.141552 -0.106172
internal_weight=14788 11603 3185 9428 2060 1125 2175 6122 3306 1047 1638 1575 1178 747 49 698 214 3163 1490 1273 4849 3090 431 338 200 685 494 66 211 1327
internal_count=14788 11603 3185 9428 2060 1125 2175 6122 3306 1047 1638 1575 1178 747 49 698 214 3163 1490 1273 4849 3090 431 338 200 685 494 66 211 1327
is_linear=0
shrinkage=0.05


Tree=24
num_leaves=31
num_cat=0
split_feature=1 2 2 0 10 13 5 10 10 13 11 10 12 0 5 11 11 14 12 12 10 7 13 10 9 9 9 12 12 12
split_gain=11474.6 3553.34 2891.69 2000.65 1834.43 1372.8 1117.82 986.66 904.696 640.38 618.814 642.005 598.598 647.332 579.996 572.997 681.737 565.853 497.347 489.096 524.935 488.36 572.596 482.055 458.832 436.182 659.233 457.996 435.978 432.041
threshold=12.631666666666655 29.575000000000003 18.615000000000006 30.500000000000004 1299910.9500000002 10.585000000000003 0.077130742120942578 1546853.7500000002 1953772.4000000001 15.505000000000001 3.5317840400000007 347968.06000000011 -83938.159999999974 25.500000000000004 0.050722800588245388 -0.60179139999999998 1.9620360500000003 20.625000000000004 -106785.07149999999 133179.91 695367.90500000014 2.5000000000000004 29.505000000000003 982038.12000000011 8.2252960000000019 6.0868225000000011 -2.0810394999999997 17202.630000000125 -73439.875000000044 -570940.44999999995
decision_type=2 2 2 2 2 2 2 2 2 2 2 2 2 2 2 2 2 2 2 2 2 2 2 2 2 2 2 2 2 2
left_child=1 5 3 10 9 8 17 -3 14 -4 11 24 13 -7 -1 -8 19 21 29 20 -17 25 -23 -21 28 26 -5 -27 -2 -15
right_child=2 7 4 6 -6 12 15 -9 -10 -11 -12 -13 -14 18 -16 16 -18 -19 -20 23 -22 22 -24 -25 -26 27 -28 -29 -30 -31
leaf_value=-0.043681984599798371 0.31949392113657227 -0.064704141447476909 0.010850200350626824 0.24257146148011088 -0.12732393125697503 -0.023631271215701345 0.10231212041360171 -0.14391067120103565 -0.086460313782531856 0.07929984460840496 -0.076937179620863203 -0.00060574486271227994 0.0042657069231623315 0.23311253110102068 -0.0095792361885196319 0.25911086353907986 0.067000680521004288 0.332523186906026 0.36327513176947834 0.58918626815080644 0.070276324815032154 0.060773440560432317 0.25307540307162196 0.24203530713915825 0.0045740529248824704 0.22380096509758027 0.043124933306420789 0.045158572958575359 0.0884287544320604 0.056638803407549856
leaf_weight=2178 21 897 1192 54 207 99 135 700 658 479 94 361 2170 48 2916 225 59 26 21 20 44 693 41 20 173 177 178 45 732 125
leaf_count=2178 21 897 1192 54 207 99 135 700 658 479 94 361 2170 48 2916 225 59 26 21 20 44 693 41 20 173 177 178 45 732 125
internal_value=0.000186361 -0.0311787 0.062034 0.0917105 0.0130788 -0.0179121 0.127746 -0.0994221 -0.0312871 0.0304716 0.0469079 0.0559533 0.0133232 0.0804046 -0.0241603 0.190421 0.222743 0.101777 0.133495 0.252481 0.228223 0.0967273 0.0715151 0.415611 0.0780027 0.137489 0.0895478 0.18759 0.0948728 0.105603
internal_weight=14788 9812 4976 3098 1878 8215 1717 1597 5752 1671 1381 1287 2463 293 5094 503 368 1214 194 309 269 1188 734 40 926 454 232 222 753 173
internal_count=14788 9812 4976 3098 1878 8215 1717 1597 5752 1671 1381 1287 2463 293 5094 503 368 1214 194 309 269 1188 734 40 926 454 232 222 753 173
is_linear=0
shrinkage=0.05


Tree=25
num_leaves=31
num_cat=0
split_feature=13 1 5 2 4 1 0 0 5 10 4 1 9 9 1 12 9 3 1 12 14 2 12 11 4 1 7 14 7 10
split_gain=9903.99 4561.02 1765.01 1545.64 1497.11 1201.48 1104.59 1071.47 697.638 656.042 654.699 623.735 603.799 808.892 1340.48 546.309 1715.13 621.457 539.061 532.554 521.176 509.894 475.208 2218.2 581.474 513.028 475.784 489.217 471.527 450.951
threshold=13.505000000000001 9.5283333333333271 0.035874439329146003 13.225000000000003 7.7350000000000003 17.634999999999987 32.500000000000007 28.500000000000004 0.061255744719810296 327729.72500000003 -1.9399999999999984 0.011666666666652458 21.009460500000003 23.373870500000006 23.984999999999982 -399.2045500001862 -1.4972533999999997 11.195000000000002 4.8316666666666483 510607.72000000015 18.925000000000004 36.600000000000009 -255951.6749999999 2.2247925000000004 -3.1299999999999994 10.813333333333324 1.5000000000000002 14.505000000000001 3.5000000000000004 811812.4800000001
decision_type=2 2 2 2 2 2 2 2 2 2 2 2 2 2 2 2 2 2 2 2 2 2 2 2 2 2 2 2 2 2
left_child=1 2 18 6 5 22 -2 9 19 -5 20 -10 -8 14 -14 16 -9 -17 -1 -4 -7 -6 23 24 28 -24 27 -27 -3 -28
right_child=3 4 8 7 21 10 12 15 11 -11 -12 -13 13 -15 -16 17 -18 -19 -20 -21 -22 -23 25 -25 -26 26 29 -29 -30 -31
leaf_value=-0.15470539320223736 0.079260835143581676 0.29324019231623216 -0.049464072537510777 0.042965038821801818 -0.052844303558738537 0.14373206984251738 0.1515568064398462 0.56703394984915145 0.21774150796474948 -0.05291260740201649 0.067055105197938017 -0.011031144888957296 0.55537628013226725 0.1035594376848965 0.13582634423492532 0.27403234595602211 0.10275440870852776 0.054116385429162708 -0.087999620238606344 -0.14030277461120436 0.45633478348841888 -0.17350123258673145 -0.020227460966611429 0.55089570730924609 -0.023480716560403875 0.038319416925561789 0.0079994562531675011 0.28860282896552236 -0.0055562624019449176 -0.056897257782234735
leaf_weight=469 514 31 1938 436 482 40 322 21 31 302 301 766 45 41 33 33 377 1211 855 176 20 107 1987 22 162 821 2891 20 23 295
leaf_count=469 514 31 1938 436 482 40 322 21 31 302 301 766 45 41 33 33 377 1211 855 176 20 107 1987 22 162 821 2891 20 23 295
internal_value=-0.000482516 -0.0225904 -0.0637665 0.075334 0.0016224 0.00842585 0.12907 0.053772 -0.0419974 0.00373055 0.0971179 -0.00213284 0.187123 0.283363 0.377874 0.0762632 0.127252 0.0599502 -0.111629 -0.0570268 0.247933 -0.0747633 0.00330463 0.0725987 0.0238832 0.000562366 0.0108205 0.0442715 0.165975 0.0019905
internal_weight=14772 11437 4235 3335 7202 6613 955 2380 2911 738 361 797 441 119 78 1642 398 1244 1324 2114 60 589 6252 238 216 6014 4027 841 54 3186
internal_count=14772 11437 4235 3335 7202 6613 955 2380 2911 738 361 797 441 119 78 1642 398 1244 1324 2114 60 589 6252 238 216 6014 4027 841 54 3186
is_linear=0
shrinkage=0.05


Tree=26
num_leaves=31
num_cat=0
split_feature=13 1 13 0 4 10 2 1 10 1 4 11 11 12 12 9 1 11 2 11 14 4 12 9 2 9 1 12 13 7
split_gain=8975.11 4308.65 1614.42 1446.55 1342.72 1167.07 1049.12 1004.38 837.86 651.629 594.596 517.097 641.994 512.277 504.458 1131.66 503.647 1228.82 499.654 478.318 474.601 463.858 452.217 448.951 437.65 429.992 709.752 422.215 795.865 406.323
threshold=14.505000000000001 9.7633333333333265 6.9750000000000005 29.500000000000004 7.7350000000000003 1560867.7500000002 13.165000000000001 17.634999999999987 327729.72500000003 1.0000000180025095e-35 -1.9399999999999984 -0.60179139999999998 1.7319183500000004 -383383.07000000007 -399.2045500001862 0.26138306500000003 25.203333333333315 -0.49197390000000019 36.600000000000009 2.2711942500000015 18.925000000000004 -26.379999999999992 -73439.875000000044 7.1270447000000008 42.000000000000007 2.1125641000000006 19.383333333333315 -777834.52499999991 8.3550000000000022 1.5000000000000002
decision_type=2 2 2 2 2 2 2 2 2 2 2 2 2 2 2 2 2 2 2 2 2 2 2 2 2 2 2 2 2 2
left_child=1 2 5 8 7 9 11 27 19 -1 20 -5 -13 -7 15 -8 -16 -18 -6 23 -9 -11 -4 25 -10 -2 -27 28 -3 -29
right_child=3 4 22 6 18 13 14 10 24 21 -12 12 -14 -15 16 -17 17 -19 -20 -21 -22 -23 -24 -25 -26 26 -28 29 -30 -31
leaf_value=0.18921271617765781 0.053785649776779 -0.025830085948109628 0.010696394292758855 0.08282155763989614 -0.046777029655098015 -0.038917697341287444 0.49805425431579353 0.1364250742444178 -0.011107634183365939 0.12355577739722588 0.062781595738641435 0.22673350243200086 0.061504478769198269 -0.13601202098655124 0.052458226331971426 0.1104408651884278 0.4081316100167377 0.031742953319560022 -0.16670948307021199 -0.033882076488117932 0.43351804431527852 -0.06345569252122063 -0.040107935097645285 -0.016875220605670805 -0.18991866297774804 0.11748569418281854 0.39359814134927901 0.027427973397902528 0.38458074217750915 -0.0024908051854027322
leaf_weight=27 253 27 615 143 461 158 20 41 344 34 304 302 73 969 958 322 35 57 107 108 20 1339 1522 99 38 222 26 1504 21 4623
leaf_count=27 253 27 615 143 461 158 20 41 344 34 304 302 73 969 958 322 35 57 107 108 20 1339 1522 99 38 222 26 1504 21 4623
internal_value=-0.00045839 -0.020133 -0.057476 0.0767447 0.00437011 -0.084528 0.102973 0.0107744 0.0307847 -0.0540411 0.0913682 0.16372 0.194569 -0.1224 0.0803678 0.133108 0.0631895 0.174934 -0.0693699 0.0629848 0.233833 -0.0588247 -0.0254871 0.0804208 -0.0288951 0.099647 0.146433 0.0060106 0.153725 0.00485338
internal_weight=14772 11772 4664 3000 7108 2527 1910 6540 1090 1400 365 518 375 1127 1392 342 1050 92 568 708 61 1373 2137 600 382 501 248 6175 48 6127
internal_count=14772 11772 4664 3000 7108 2527 1910 6540 1090 1400 365 518 375 1127 1392 342 1050 92 568 708 61 1373 2137 600 382 501 248 6175 48 6127
is_linear=0
shrinkage=0.05


Tree=27
num_leaves=31
num_cat=0
split_feature=13 1 5 0 4 1 2 5 5 9 4 1 4 1 11 11 1 11 11 11 11 11 0 5 2 7 1 9 4 11
split_gain=8100.03 3904.87 1482.66 1305.52 1272.92 1098.54 946.835 765.748 603.593 598.283 849.12 519.433 474.328 470.415 466.68 579.4 428.959 904.092 987.271 396.64 440.083 391.362 389.195 540.789 530.833 760.265 894.874 383.887 497.4 365.506
threshold=14.505000000000001 9.5283333333333271 0.035874439329146003 29.500000000000004 5.9800000000000031 17.746666666666655 13.165000000000001 0.056963829345377984 0.061255744719810296 21.351593000000005 -1.2099999999999997 0.011666666666652458 18.190000000000001 4.8316666666666483 -0.60179139999999998 1.7319183500000004 25.203333333333315 -0.54661599999999833 -0.9517821599999996 4.4952697650000006 -2.0836790000000001 -1.3109894500000001 25.500000000000004 0.064000002457599695 20.425000000000004 1.0000000180025095e-35 14.28333333333333 -3.6960753999999993 2.0099999999999993 3.654739370000001
decision_type=2 2 2 2 2 2 2 2 2 2 2 2 2 2 2 2 2 2 2 2 2 2 2 2 2 2 2 2 2 2
left_child=1 2 13 7 5 19 14 -2 -4 -7 -11 -10 -6 -1 -5 -16 -8 18 -18 20 -3 -13 23 -22 25 26 -24 28 -25 -9
right_child=3 4 8 6 12 9 16 29 11 10 -12 21 -14 -15 15 -17 17 -19 -20 -21 22 -23 24 27 -26 -27 -28 -29 -30 -31
leaf_value=-0.14149198076640096 -0.045255909858712258 -0.025200449939060759 -0.051533835363823659 0.078680478376368962 -0.039488360053781674 0.064105047467386433 0.067785380767141037 0.060205319853669503 0.19671594151295724 0.50454522743821151 0.12014511237834014 -0.065093965427128267 -0.15367700847176213 -0.07924227986086789 0.21539682854963035 0.058429254894782727 0.13185156261226019 0.057384837738464811 0.5927877661018145 -0.068332188514680398 -0.019060478879289883 0.013623497539605817 0.10589376596541117 0.062460819505131951 0.0047846072903759019 0.0403563587935045 0.46597023216838185 0.013740026075716286 0.32684434726834299 -0.096600399099481427
leaf_weight=469 262 866 2117 143 839 252 1271 789 32 20 51 221 102 860 302 73 26 74 21 176 1546 553 80 161 1126 1015 22 1244 20 39
leaf_count=469 262 866 2117 143 839 252 1271 789 32 20 51 221 102 860 302 73 26 74 21 176 1546 553 80 161 1126 1015 22 1244 20 39
internal_value=-0.00043547 -0.0191263 -0.0574229 0.0729075 0.00252754 0.0103075 0.0978245 0.0292454 -0.0375143 0.100225 0.228427 -0.000691144 -0.0518659 -0.10121 0.155534 0.18484 0.0763494 0.166307 0.337802 0.00566498 0.00780701 -0.00885268 0.0132893 0.00141978 0.0290112 0.0534329 0.183557 0.0236391 0.0916745 0.0528195
internal_weight=14772 11772 4252 3000 7520 6579 1910 1090 2923 323 71 806 941 1329 518 375 1392 121 47 6256 6080 774 5214 2971 2243 1117 102 1425 181 828
internal_count=14772 11772 4252 3000 7520 6579 1910 1090 2923 323 71 806 941 1329 518 375 1392 121 47 6256 6080 774 5214 2971 2243 1117 102 1425 181 828
is_linear=0
shrinkage=0.05


Tree=28
num_leaves=31
num_cat=0
split_feature=13 10 2 13 1 12 9 5 12 3 9 13 12 3 9 10 4 14 3 12 9 3 5 9 12 0 9 1 4 5
split_gain=7315.21 3430.42 1987 1189.25 1135.65 806.89 859.666 752.927 733.094 531.605 763.071 484.472 473.131 454.033 432.478 426.639 410.359 724.246 397.822 387.149 3246.92 3382.63 470.383 339.827 337.475 476.727 1489.76 454.912 335.086 382.884
threshold=13.505000000000001 612781.07500000007 19.965000000000003 20.425000000000004 11.439999999999996 637019.37000000023 17.333420000000004 0.089405463605535959 298398.35000000009 12.095000000000001 11.067871250000001 6.955000000000001 594401.63000000012 38.475000000000001 11.067871250000001 811812.4800000001 -0.96499999999999975 20.010000000000002 10.445000000000002 -83938.159999999974 2.5557556000000003 17.045000000000005 0.059364798381696414 22.763412500000005 -399.2045500001862 28.500000000000004 -1.4972533999999997 18.853333333333314 -3.7149999999999994 0.082270677658651079
decision_type=2 2 2 2 2 2 2 2 2 2 2 2 2 2 2 2 2 2 2 2 2 2 2 2 2 2 2 2 2 2
left_child=1 4 14 7 18 11 -7 8 24 -9 -11 13 28 -4 -3 -12 17 -6 -1 20 21 -20 -22 -10 25 -2 -27 -28 -5 -30
right_child=3 2 5 12 16 6 -8 9 23 10 15 -13 -14 -15 -16 -17 -18 -19 19 -21 22 -23 -24 -25 -26 26 27 -29 29 -31
leaf_value=0.095591674844109575 0.01679260188584181 -0.036904201632565629 -0.074415041177732968 0.056048976518641949 0.045236848543673533 -0.1964664717975739 -0.0028432863534823675 0.059057681068245854 -0.087822518729559207 0.11340813535582467 0.49419149160385134 -0.037261912311371208 -0.091981362626591526 -0.14385190222844635 0.012162731071844816 0.20184836741536857 0.012277855323544039 0.34921577986329799 -0.052850835362360599 -0.022578438265054766 -0.069786557562284829 0.80034702256895029 0.065585766892920269 0.10265771985120541 0.03957118053550359 0.51336763976988464 0.060040202219435651 0.18629748478848884 0.12985316454727189 0.23330246861746062
leaf_weight=79 187 987 1198 87 967 267 73 140 143 97 26 685 22 293 824 24 2090 20 21 3607 207 26 93 28 1766 22 296 94 269 134
leaf_count=79 187 987 1198 87 967 267 73 140 143 97 26 685 22 293 824 24 2090 20 21 3607 207 26 93 28 1766 22 296 94 269 134
internal_value=-0.000413697 -0.0194138 -0.0545155 0.0647449 0.00194841 -0.0832617 -0.154894 0.0520293 0.0433425 0.128787 0.195197 -0.072069 0.134855 -0.0880602 -0.0145789 0.353867 0.0248258 0.0513965 -0.015506 -0.0177257 0.032717 0.419131 -0.0278211 -0.0566328 0.0505712 0.083002 0.113053 0.0904714 0.145039 0.164251
internal_weight=14772 11437 4327 3335 7110 2516 340 2823 2536 287 147 2176 512 1491 1811 50 3077 987 4033 3954 347 47 300 171 2365 599 412 390 490 403
internal_count=14772 11437 4327 3335 7110 2516 340 2823 2536 287 147 2176 512 1491 1811 50 3077 987 4033 3954 347 47 300 171 2365 599 412 390 490 403
is_linear=0
shrinkage=0.05


Tree=29
num_leaves=31
num_cat=0
split_feature=13 1 13 2 4 10 11 14 13 1 11 1 7 14 12 11 4 7 4 5 0 12 12 12 11 11 0 0 7 4
split_gain=6630.32 3497.91 1391.75 1091.56 1086.45 920.33 852.831 843.029 781.338 581.116 600.595 517.442 517.358 593.316 487.508 2054.77 555.253 545.812 486.672 614.15 709.759 470.764 463.416 445.906 417.013 446.822 719.857 834.667 775.212 401.6
threshold=16.005000000000006 9.7633333333333265 6.9750000000000005 42.000000000000007 5.9800000000000031 1560867.7500000002 3.0531005700000011 17.48 20.425000000000004 17.634999999999987 -0.8566738499999994 1.0000000180025095e-35 1.5000000000000002 14.505000000000001 -255951.6749999999 2.1054840500000003 -2.7099999999999995 3.5000000000000004 -3.274999999999999 0.10065426800480219 32.500000000000007 -146120.21999999994 298398.35000000009 -383383.07000000007 0.62023960000000156 -0.33143644999999994 28.500000000000004 40.500000000000007 1.0000000180025095e-35 -26.379999999999992
decision_type=2 2 2 2 2 2 2 2 2 2 2 2 2 2 2 2 2 2 2 2 2 2 2 2 2 2 2 2 2 2
left_child=1 2 5 6 7 11 8 12 18 -9 -11 -1 13 24 15 16 17 -14 19 -2 -21 -4 -20 -7 25 -3 -27 28 -28 -13
right_child=3 4 21 -5 -6 23 -8 9 -10 10 -12 29 14 -15 -16 -17 -18 -19 22 20 -22 -23 -24 -25 -26 26 27 -29 -30 -31
leaf_value=0.17004128851824338 0.098516799202718372 0.025695916719324575 0.023314062531664969 -0.23088691239910469 -0.044489152997384283 -0.0295416594419593 -0.070113009090492534 0.00276976774406174 0.1455262903425518 0.41684203758835797 0.1237953122035205 0.11871341565514314 0.33305509521812204 0.29723031009946549 -0.0021155152869532378 0.54473249060767037 -0.024860887443967937 -0.0044482236707826025 0.067054853379125312 0.11050580783317297 0.49181123401807708 -0.031948417723050057 -0.050044223993689158 -0.12012807232009631 -0.0087937787967537675 0.032183754407978125 0.44983179085691899 0.051540791106526741 0.1381518058079694 -0.055295874096865594
leaf_weight=27 299 838 500 28 939 158 87 92 482 20 139 34 25 21 4727 21 145 23 1181 26 23 1681 91 969 495 210 38 72 42 1339
leaf_count=27 299 838 500 28 939 158 87 92 482 20 139 34 25 21 4727 21 145 23 1181 26 23 1681 91 969 495 210 38 72 42 1339
internal_value=-0.000393012 -0.0144694 -0.0485416 0.0793226 0.00597299 -0.0737972 0.0832905 0.0128323 0.0896398 0.102786 0.160657 -0.0467241 0.00944062 0.033093 0.00122619 0.0750403 0.0239339 0.171335 0.0730118 0.125406 0.289486 -0.0192793 0.0586775 -0.107428 0.0298205 0.0457489 0.0921699 0.175046 0.2862 -0.0509868
internal_weight=14772 12555 4708 2217 7847 2527 2189 6908 2102 251 159 1400 6657 1716 4941 214 193 48 1620 348 49 2181 1272 1127 1695 1200 362 152 80 1373
internal_count=14772 12555 4708 2217 7847 2527 2189 6908 2102 251 159 1400 6657 1716 4941 214 193 48 1620 348 49 2181 1272 1127 1695 1200 362 152 80 1373
is_linear=0
shrinkage=0.05


Tree=30
num_leaves=31
num_cat=0
split_feature=1 2 2 1 10 1 7 13 9 11 5 10 12 12 12 10 9 3 12 3 0 11 11 9 10 7 1 0 11 7
split_gain=5958.21 2008.62 1839.13 1371.76 1198.05 952.886 744.425 712.157 685.804 826.504 578.862 596.508 688.385 765.856 542.72 556.931 2200.69 3385.86 509.281 400.956 389.416 388.015 534.615 385.602 384.845 361.36 360.943 327.034 325.245 316.874
threshold=11.601666666666656 20.605000000000004 22.725000000000005 17.33166666666666 1244681.2000000002 7.0933333333333239 3.5000000000000004 17.665000000000003 2.1125641000000006 0.42411800000000005 0.072228245445628295 1099695.6500000001 1602.4979999999998 83031.71500000004 -73439.875000000044 612781.07500000007 2.5557556000000003 17.045000000000005 481274.10000000027 10.445000000000002 30.500000000000004 -1.9027864999999993 -1.6025694999999995 -3.9000549499999995 215707.18000000002 1.5000000000000002 7.6683333333333223 28.500000000000004 -1.153259500000001 3.5000000000000004
decision_type=2 2 2 2 2 2 2 2 2 2 2 2 2 2 2 2 2 2 2 2 2 2 2 2 2 2 2 2 2 2
left_child=2 3 7 6 -3 18 23 14 -5 10 21 12 -12 -14 15 16 17 -1 -4 -16 -7 -10 -23 25 -8 -2 -21 -26 -17 -30
right_child=1 4 5 8 -6 20 24 -9 9 -11 11 -13 13 -15 19 28 -18 -19 -20 26 -22 22 -24 -25 27 -27 -28 -29 29 -31
leaf_value=-0.047478930756915366 0.18892017723619939 0.0076329912874189129 -0.079498481345904315 0.030204444826277762 -0.11608945195862341 -0.052066605911716614 0.021530154150207231 0.16170872305830319 -0.05963606006082367 0.0550900428085358 0.17058952435754338 0.011226084065146564 0.46013184709846977 0.13715368260404673 0.072723689345210535 -0.066519980306749216 0.012011309696321887 0.77608492122246675 -0.16875884685510956 -0.068901212402328535 -0.0053717584123264307 0.36830212021246556 0.10207483003491001 0.048175220772540266 -0.10735719056644788 0.047787848386509596 -0.018078789444323739 -0.0017064808431933535 0.038947327813714683 -0.026357598359055531
leaf_weight=24 100 1707 929 326 221 1461 940 60 34 405 231 41 50 29 112 154 212 26 193 389 643 20 330 1554 120 83 3428 188 468 308
leaf_count=24 100 1707 929 326 221 1461 940 60 34 405 231 41 50 29 112 154 212 26 193 389 643 20 330 1554 120 83 3428 188 468 308
internal_value=-0.000356006 0.0360813 -0.0280037 0.0545471 -0.00654889 -0.0576404 0.0350946 -0.00955006 0.0941553 0.112443 0.144046 0.190457 0.214162 0.34157 -0.0115566 0.0179952 0.0823859 0.380774 -0.0948525 -0.0205222 -0.0377963 0.101623 0.117288 0.0562595 0.00563675 0.124909 -0.0232582 -0.0428691 -0.000145019 0.0130273
internal_weight=14786 6379 8407 4451 1928 3226 2985 5181 1466 1140 735 351 310 79 5121 1192 262 50 1122 3929 2104 384 350 1737 1248 183 3817 308 930 776
internal_count=14786 6379 8407 4451 1928 3226 2985 5181 1466 1140 735 351 310 79 5121 1192 262 50 1122 3929 2104 384 350 1737 1248 183 3817 308 930 776
is_linear=0
shrinkage=0.05


Tree=31
num_leaves=31
num_cat=0
split_feature=13 2 0 0 2 12 9 11 13 11 5 11 7 12 14 12 11 9 11 3 12 1 3 2 9 12 12 9 1 9
split_gain=5426.64 2727 1595.79 1292.31 1107.43 1072.44 748.918 696.481 676.224 661.344 634.5 570.992 492.756 460.737 451.311 425.277 1032.12 397.561 724.046 576.741 391.869 377.354 365.448 343.726 333.629 331.026 481.141 758.801 712.611 644.839
threshold=15.505000000000001 23.375000000000004 30.500000000000004 30.500000000000004 42.000000000000007 5486.4025000000029 19.890884000000003 3.654739370000001 7.7550000000000008 -1.7130584999999998 0.072228245445628295 -0.64750630000000065 2.5000000000000004 298398.35000000009 14.995000000000003 -821357.34999999986 1.2436370500000005 4.5524597500000015 -1.8006286499999999 9.8450000000000006 206188.60000000001 1.339999999999983 13.095000000000001 12.175000000000002 10.171844250000001 1.0000000180025095e-35 238065.65000000011 2.8922576500000003 21.066666666666652 20.384964000000004
decision_type=2 2 2 2 2 2 2 2 2 2 2 2 2 2 2 2 2 2 2 2 2 2 2 2 2 2 2 2 2 2
left_child=1 2 5 8 7 15 12 9 20 -2 13 -8 14 -11 22 16 23 18 -17 -19 -3 -21 -4 -1 -22 -12 27 -27 -29 -30
right_child=4 3 6 -5 -6 -7 11 -9 -10 10 25 -13 -14 -15 -16 17 -18 19 -20 21 24 -23 -24 -25 -26 26 -28 28 29 -31
leaf_value=0.22574790787129176 0.00095989995224531315 -0.068464485628992419 0.18154072206467392 -0.0084104835020498963 -0.20413536872412708 -0.052735050050478766 0.2930281266721117 -0.071756061325531181 -0.023542438543050749 0.072355608645460617 0.097383893130103413 0.084289694576152985 0.0061070912609791162 -0.035747764245779433 0.29146836664702275 -0.044347502464869924 0.4076112520694733 0.25081240057945253 0.029483612036269258 -0.14710803362000402 -0.15289699201472107 -0.015900544451243576 0.041712381849287168 0.013448454101304503 -0.077880766253067876 0.070734075598324397 0.026806705387739035 0.18459190302480435 0.58225298799850334 0.21758273047479718
leaf_weight=21 258 1381 50 1350 37 1238 37 82 629 1128 577 286 1209 108 20 426 20 20 1506 56 310 2555 714 207 284 79 52 97 27 22
leaf_count=21 258 1381 50 1350 37 1238 37 82 629 1128 577 286 1209 108 20 426 20 20 1506 56 310 2555 714 207 284 79 52 97 27 22
internal_value=-0.000338206 -0.0138934 0.00228031 -0.0481103 0.06735 -0.0112327 0.037574 0.0714838 -0.068692 0.0764862 0.0858095 0.108201 0.0261277 0.0629097 0.0570013 -0.000553034 0.0632127 -0.00401872 0.0132041 -0.0166658 -0.0830712 -0.0187146 0.0508635 0.0330024 -0.117031 0.118953 0.163881 0.19556 0.263103 0.418523
internal_weight=14786 12319 8365 3954 2467 6049 2316 2430 2604 2348 2090 323 1993 1236 784 4811 248 4563 1932 2631 1975 2611 764 228 594 854 277 225 146 49
internal_count=14786 12319 8365 3954 2467 6049 2316 2430 2604 2348 2090 323 1993 1236 784 4811 248 4563 1932 2631 1975 2611 764 228 594 854 277 225 146 49
is_linear=0
shrinkage=0.05


Tree=32
num_leaves=31
num_cat=0
split_feature=1 2 10 0 10 5 9 2 7 11 10 9 12 12 11 10 9 3 0 11 9 11 11 9 9 9 11 12 0 1
split_gain=4921.27 1683.12 1543.97 1149.85 1014.81 851.854 657.838 636.211 562.303 652.654 545.569 537.117 721.205 499.932 519.431 486.19 2233.83 3741.39 485.152 462.041 435.499 422.367 382.613 489.205 445.755 378.469 476.901 357.952 352.33 381.747
threshold=11.601666666666656 20.605000000000004 2064446.0000000002 30.500000000000004 1244681.2000000002 0.046893318081184569 16.123870500000002 12.095000000000001 2.5000000000000004 0.5889126000000009 376272.15500000009 8.4228210000000008 -131772.44999999998 -73439.875000000044 -1.2808682500000004 612781.07500000007 2.5557556000000003 17.045000000000005 30.500000000000004 2.8239135700000002 24.399262000000004 -0.50787355000000012 -0.37200929999999927 -0.70910642999999995 6.0142060000000006 19.890884000000003 -1.0985110850000013 -70641.870000000039 38.500000000000007 17.634999999999987
decision_type=2 2 2 2 2 2 2 2 2 2 2 2 2 2 2 2 2 2 2 2 2 2 2 2 2 2 2 2 2 2
left_child=2 3 5 10 -3 18 21 -5 9 22 11 12 -2 14 -7 16 17 -16 -1 -14 -12 -4 24 -24 -9 -10 -27 -23 29 -26
right_child=1 4 6 7 -6 13 -8 8 25 -11 20 -13 19 -15 15 -17 -18 -19 -20 -21 -22 27 23 -25 28 26 -28 -29 -30 -31
leaf_value=-0.049682337169535566 0.35370393186807636 0.0068226574110871107 -0.20024617708068557 0.13305552343828192 -0.10704547762934001 -0.055037955425466134 -0.038235294278431885 0.039866130874063613 0.023949303105408135 0.031358377546548175 -0.02832601998088918 -0.0098959990589041046 0.063105819620661835 -0.012342045586539611 -0.053205280594358396 0.022222141576418504 0.021286076272521409 0.84950461521123855 -0.003982489948542077 -0.031892090342102608 0.18116717275518637 -0.021723611800310516 0.34939392186169116 0.14536854225551821 0.12741713909471925 0.2762415956225126 0.067799054597071903 -0.12240442305379465 0.043190473840549228 0.34212484133706705
leaf_weight=2232 20 1707 123 383 221 157 467 176 868 266 541 421 990 3369 22 618 156 24 785 147 26 120 35 183 47 31 239 334 41 37
leaf_count=2232 20 1707 123 383 221 157 467 176 868 266 541 421 990 3369 22 618 156 24 785 147 26 120 35 183 47 31 239 334 41 37
internal_value=-0.000321295 0.0327939 -0.0254482 0.0496974 -0.00622965 -0.0173797 -0.0823526 0.0742076 0.062487 0.0950408 0.0233475 0.0384629 0.0560594 -0.0032098 0.028281 0.0442335 0.111575 0.417774 -0.0377916 0.0508238 -0.0187196 -0.118059 0.12768 0.178125 0.0911444 0.0400312 0.0917313 -0.0957928 0.163344 0.221991
internal_weight=14786 6379 8407 4451 1928 7363 1044 2306 1923 785 2145 1578 1157 4346 977 820 202 46 3017 1137 567 577 519 218 301 1138 270 454 125 84
internal_count=14786 6379 8407 4451 1928 7363 1044 2306 1923 785 2145 1578 1157 4346 977 820 202 46 3017 1137 567 577 519 218 301 1138 270 454 125 84
is_linear=0
shrinkage=0.05


Tree=33
num_leaves=31
num_cat=0
split_feature=13 12 1 2 9 12 11 11 2 10 10 5 7 9 9 14 12 7 1 14 9 11 12 3 10 9 7 9 4 13
split_gain=4531.12 2277.74 1309.36 941.351 863.572 752.068 608.091 587.738 575.377 571.59 524.357 582.426 514.292 872.056 1180.31 630.695 512.027 615.691 421.853 405.921 545.537 398.575 397.346 523.363 485.494 1926.36 357.13 420.059 343.785 329.003
threshold=15.505000000000001 85845.139999999999 10.783333333333319 42.000000000000007 20.266724000000004 481274.10000000027 3.654739370000001 -1.7130584999999998 22.725000000000005 737171.32500000007 1370.6570000000004 0.088691805584396058 1.5000000000000002 -1.6257476999999996 -2.3186187999999999 15.925000000000002 2577.7134000000001 1.5000000000000002 18.116666666666664 17.725000000000005 21.435455000000001 0.15161099999999908 -146120.21999999994 10.445000000000002 612781.07500000007 2.5557556000000003 2.5000000000000004 17.706894000000002 6.8550000000000013 0.015000000000000001
decision_type=2 2 2 2 2 2 2 2 2 2 2 2 2 2 2 2 2 2 2 2 2 2 2 2 2 2 2 2 2 2
left_child=1 2 8 6 5 -3 7 -2 22 10 -9 -12 13 14 -4 -15 -13 -18 -6 -14 28 -22 24 -24 25 -1 27 -11 -21 -10
right_child=3 4 12 -5 18 -7 -8 9 29 26 11 16 19 15 -16 -17 17 -19 -20 20 21 -23 23 -25 -26 -27 -28 -29 -30 -31
leaf_value=0.51280519925057888 -0.0011676438676207796 -0.054098885797058828 0.093461195274639267 -0.18875519979644467 -0.010196799842421623 -0.12684258507133564 -0.068484788063186697 0.068279472642066838 -0.063126371578834592 -0.021097300153482577 0.10090725784044319 0.14412131656333804 0.0029232227233389092 0.020106228814721103 0.46009358075948859 0.30400170177221297 0.15998069153955352 0.49787623115948271 0.20943831658881643 0.06524550903367958 0.39688048053532843 0.084997134451710046 0.10753345102914669 -0.023424171299650815 0.0032917026798688085 0.025542366209276419 -0.023811264672173711 0.11525999845601387 -0.1226135947002933 -0.020862949002789705
leaf_weight=24 258 1161 141 37 442 512 82 958 977 87 541 100 3860 896 26 20 26 28 23 152 20 21 79 2226 708 131 189 161 29 871
leaf_count=24 258 1161 141 37 442 512 82 958 977 87 541 100 3860 896 26 20 26 28 23 152 20 21 79 2226 708 131 189 161 29 871
internal_value=-0.00030523 -0.0126916 -0.0028392 0.0615463 -0.0596081 -0.0763612 0.0653575 0.0700317 -0.0210345 0.078821 0.0922654 0.125328 0.0148312 0.0454623 0.150542 0.0263048 0.211118 0.335186 0.000666873 0.00670449 0.0724508 0.237135 -0.00810075 -0.0189358 0.0208388 0.10099 0.0279658 0.067425 0.0351465 -0.0432068
internal_weight=14786 12319 10181 2467 2138 1673 2430 2348 5016 2090 1653 695 5165 1083 167 916 154 54 465 4082 222 41 3168 2305 863 155 437 248 181 1848
internal_count=14786 12319 10181 2467 2138 1673 2430 2348 5016 2090 1653 695 5165 1083 167 916 154 54 465 4082 222 41 3168 2305 863 155 437 248 181 1848
is_linear=0
shrinkage=0.05


Tree=34
num_leaves=31
num_cat=0
split_feature=0 2 2 12 13 2 9 12 10 9 13 1 7 14 13 1 3 1 9 13 9 7 4 3 9 12 14 9 9 7
split_gain=4184.48 2678.58 1787.22 1099.08 656.703 613.385 565.25 513.786 686.93 474.487 374.51 365.347 365.037 497.036 404.07 331.025 307.774 299.081 297.683 294.914 290.8 495.622 385.914 276.765 272.164 268.032 258.91 273.013 371.622 500.188
threshold=30.500000000000004 17.875000000000004 14.965000000000002 258600.73000000001 15.925000000000002 39.240000000000002 18.437744000000006 -821357.34999999986 612781.07500000007 3.8451233000000005 40.005000000000003 4.8316666666666483 2.5000000000000004 14.995000000000003 14.865 9.9416666666666593 19.835000000000004 6.4766666666666612 23.945266500000002 7.5650000000000004 -3.6960753999999993 1.5000000000000002 1.9650000000000001 9.8450000000000006 2.4355163500000003 1024642.8500000001 18.345000000000002 5.7969360500000011 11.067871250000001 2.5000000000000004
decision_type=2 2 2 2 2 2 2 2 2 2 2 2 2 2 2 2 2 2 2 2 2 2 2 2 2 2 2 2 2 2
left_child=1 4 9 5 7 19 12 8 -1 -2 18 -10 13 14 -4 -9 -8 -5 26 24 21 22 -17 -22 -3 -19 27 -11 -29 -30
right_child=2 3 6 17 -6 -7 16 15 11 10 -12 -13 -14 -15 -16 20 -18 25 -20 -21 23 -23 -24 -25 -26 -27 -28 28 29 -31
leaf_value=0.34594872187484399 0.045281218793463168 0.01184968109075683 0.0095280646627405995 -0.1354776264604676 0.054392053842585109 -0.10296084422002533 0.093169444099442653 -0.025649334477323055 0.22915322527937265 0.17884865746515372 0.30795457574228446 0.012041711831480508 -0.0031373998572036699 0.27822424978017807 0.070221944208229164 0.08767997857819243 0.030732478527250098 -0.062644992865281135 0.0050649556517601019 -0.013192953505312369 0.13036551519297065 0.0060153845081324965 0.31563844233751298 -0.002316371044257044 -0.048223466409732463 -0.1513005428307812 0.29430781122297051 0.038694327670584804 0.18623740037371006 0.066692109133516045
leaf_weight=22 381 212 947 286 643 295 348 1195 23 123 24 123 1908 20 386 82 456 614 65 1752 40 204 24 2256 1704 99 20 184 175 175
leaf_count=22 381 212 947 286 643 295 348 1195 23 123 24 123 1908 20 386 82 456 614 65 1752 40 204 24 2256 1704 99 20 184 175 175
internal_value=-0.000289969 -0.0199155 0.0357604 -0.0454126 0.00751665 -0.0335978 0.0202076 -7.74304e-05 0.0854912 0.0908799 0.11356 0.0462442 0.0109497 0.0308154 0.0271033 -0.00385947 0.0577574 -0.0922817 0.107272 -0.0280193 0.00613243 0.0515878 0.139293 -4.83993e-06 -0.0415765 -0.0749548 0.117086 0.111691 0.0962218 0.126465
internal_weight=14786 9574 5212 4962 4612 3963 4065 3969 168 1147 766 146 3261 1353 1333 3801 804 999 742 3668 2606 310 106 2296 1916 713 677 657 534 350
internal_count=14786 9574 5212 4962 4612 3963 4065 3969 168 1147 766 146 3261 1353 1333 3801 804 999 742 3668 2606 310 106 2296 1916 713 677 657 534 350
is_linear=0
shrinkage=0.05


Tree=35
num_leaves=31
num_cat=0
split_feature=0 2 2 12 13 13 11 13 11 2 13 5 7 14 12 11 12 11 9 9 5 13 12 7 12 0 11 7 11 7
split_gain=4384.89 2373.79 1825.53 932.183 765.092 620.375 578.779 520.913 403.44 395.426 391.74 362.626 398.099 720.563 440.568 351.675 344.221 283.866 307.188 377.493 813.742 610.567 828.572 389.012 328.025 286.033 401.652 564.445 283.628 310.526
threshold=30.500000000000004 17.215000000000003 14.965000000000002 232824.59999999995 15.505000000000001 7.5650000000000004 -1.6025694999999995 9.8950000000000014 -2.3700714999999994 38.505000000000003 40.005000000000003 0.041710114777193961 1.0000000180025095e-35 12.865 -1569.9726999999993 3.0531005700000011 -861622.31999999983 2.3912048000000006 23.945266500000002 20.384964000000004 0.087450817992154345 16.005000000000006 -4596.847999999999 2.5000000000000004 158628.37000000014 33.500000000000007 -0.11013765000000007 1.5000000000000002 3.2612304000000001 3.5000000000000004
decision_type=2 2 2 2 2 2 2 2 2 2 2 2 2 2 2 2 2 2 2 2 2 2 2 2 2 2 2 2 2 2
left_child=1 7 6 5 11 9 -2 16 -9 -3 17 -4 13 14 -13 -10 -1 18 19 24 21 22 -21 -22 25 26 -8 -28 29 -6
right_child=2 3 4 -5 28 -7 10 8 15 -11 -12 12 -14 -15 -16 -17 -18 -19 -20 20 23 -23 -24 -25 -26 -27 27 -29 -30 -31
leaf_value=0.070538784989178913 0.0090768858698348324 -0.041260781847888228 -0.010943869143087252 -0.083390241600649326 0.08340203001203049 -0.010631331189579964 0.079740315003852758 -0.031183852828639499 0.037930857983554757 -0.10442666264428582 0.28966062767752287 0.21078693796044742 0.014754287903352151 0.36102659299614887 0.028062144419718011 -0.040430958093774894 -0.01657929537646249 0.020181579180111889 0.012789808187476347 -0.01230643104761839 0.41916181074409953 0.033407318147902307 0.39112282667841236 0.16570105130473775 -0.03627555911860815 0.089915137450256019 0.46843012838878417 0.15704924237242968 -0.099468299947105931 0.0081792800256110694
leaf_weight=121 172 1990 1223 1084 678 1940 56 289 1877 283 29 39 1742 21 214 155 1802 93 71 20 41 91 35 24 41 391 22 43 26 172
leaf_count=121 172 1990 1223 1084 678 1940 56 289 1877 283 29 39 1742 21 214 155 1802 93 71 20 41 91 35 24 41 391 22 43 26 172
internal_value=0.000471633 -0.0197154 0.0372002 -0.0420392 0.0217478 -0.0313996 0.0935213 0.00814717 0.0240919 -0.0491253 0.108698 0.0105357 0.0235662 0.0795896 0.0562292 0.0319535 -0.0110976 0.103043 0.112272 0.121517 0.178416 0.112899 0.244421 0.325576 0.0998075 0.110705 0.177885 0.26244 0.0632046 0.0681805
internal_weight=14785 9541 5244 5297 4115 4213 1129 4244 2321 2273 957 3239 2016 274 253 2032 1923 928 835 764 211 146 55 65 553 512 121 65 876 850
internal_count=14785 9541 5244 5297 4115 4213 1129 4244 2321 2273 957 3239 2016 274 253 2032 1923 928 835 764 211 146 55 65 553 512 121 65 876 850
is_linear=0
shrinkage=0.05


Tree=36
num_leaves=31
num_cat=0
split_feature=0 2 13 1 2 9 2 12 13 0 5 3 12 9 1 4 7 9 9 9 1 7 14 5 9 9 1 0 12 9
split_gain=3968.12 2082.46 1690.4 1000.48 721.582 564.16 542.447 476.222 475.847 468.474 467.158 673.068 452.086 393.129 392.906 387.799 385.489 383.785 1007.74 1493.34 561.011 303.414 516.798 301.468 281.461 274.478 257.091 252.237 249.651 248.713
threshold=29.500000000000004 16.715000000000003 16.335000000000004 7.0933333333333239 21.485000000000003 19.413483000000003 32.255000000000003 -777834.52499999991 10.915000000000001 40.500000000000007 0.089405463605535959 12.015000000000002 481274.10000000027 21.234603500000002 18.853333333333314 -6.8549999999999995 2.5000000000000004 4.7798157500000009 9.6218107500000034 7.1270447000000008 19.089999999999993 2.5000000000000004 12.865 0.085653113298351083 6.9540100000000011 -0.93603516999999992 21.634999999999987 34.500000000000007 645.86142000002337 -1.4972533999999997
decision_type=2 2 2 2 2 2 2 2 2 2 2 2 2 2 2 2 2 2 2 2 2 2 2 2 2 2 2 2 2 2
left_child=1 7 4 12 5 21 28 24 -9 10 14 26 -3 27 16 -7 25 -16 19 -19 -20 22 29 -10 -1 -4 -12 -13 -5 -2
right_child=2 3 9 6 -6 15 -8 8 23 -11 11 13 -14 -15 17 -17 -18 18 20 -21 -22 -23 -24 -25 -26 -27 -28 -29 -30 -31
leaf_value=0.22318035216235066 0.10014849333697325 -0.063468444203247376 0.22033556086175585 -0.011555703372421332 -0.0051035622911574851 0.24739731794374215 -0.079415364922284196 -0.010538255775247541 0.01377897131214915 0.028416939189869442 -0.016300586808938533 0.045890102996712645 -0.14020370504211474 0.38787280220538378 0.038469995953078963 0.076559060893093167 -0.0086879088947108031 0.1238065736560986 0.34919693700291893 0.68541509628295905 0.08599936313405597 0.00949112909549088 0.30029751513153319 0.065444693893496358 0.058929839873287294 0.067641392721420182 0.15029509445483036 0.2831722253933549 -0.039947516319785124 0.029500008256751704
leaf_weight=34 154 1160 34 2450 1859 37 439 2093 1213 311 40 21 230 40 117 325 173 29 22 20 254 1148 20 368 112 219 55 24 1132 652
leaf_count=34 154 1160 34 2450 1859 37 439 2093 1213 311 40 21 230 40 117 325 173 29 22 20 254 1148 20 368 112 219 55 24 1132 652
internal_value=0.000448051 -0.0196443 0.0338424 -0.0395982 0.0181422 0.0366413 -0.0269573 0.00862022 0.00510097 0.0823064 0.0982983 0.171605 -0.0761656 0.27382 0.0830965 0.0940204 0.0488307 0.116122 0.144077 0.353035 0.106979 0.0261189 0.0492286 0.0258049 0.09718 0.0881616 0.0801495 0.172441 -0.0205282 0.0429986
internal_weight=14785 9231 5554 5411 4195 2336 4021 3820 3674 1359 1048 180 1390 85 868 362 426 442 325 49 276 1974 826 1581 146 253 95 45 3582 806
internal_count=14785 9231 5554 5411 4195 2336 4021 3820 3674 1359 1048 180 1390 85 868 362 426 442 325 49 276 1974 826 1581 146 253 95 45 3582 806
is_linear=0
shrinkage=0.05


Tree=37
num_leaves=31
num_cat=0
split_feature=13 2 0 0 3 11 11 7 4 10 12 12 14 4 7 11 1 2 13 10 12 2 13 4 12 7 1 3 13 12
split_gain=3611.27 1424.33 928.445 807.412 785.022 560.497 739.393 629.122 566.866 525.652 596.777 522.37 352.481 471.952 440.326 341.687 372.737 334.815 329.553 356.135 373.981 391.897 339.138 499.92 438.492 474.067 509.83 324.16 318.134 301.277
threshold=11.065000000000003 27.905000000000005 28.500000000000004 30.500000000000004 21.785000000000004 -1.7130584999999998 0.35121149999999984 3.5000000000000004 -6.3050000000000015 553717.50000000012 -221418.95000000001 4707.9470000000028 12.215000000000002 -1.2650000000000003 1.0000000180025095e-35 0.82447820000000072 15.591666666666656 38.505000000000003 38.260000000000012 509209.09500000003 58923.42000000002 9.3550000000000022 20.425000000000004 -0.3499999999999987 -1569.9726999999993 1.0000000180025095e-35 18.853333333333314 21.355000000000004 6.9750000000000005 939497.45000000007
decision_type=2 2 2 2 2 2 2 2 2 2 2 2 2 2 2 2 2 2 2 2 2 2 2 2 2 2 2 2 2 2
left_child=1 3 9 11 5 -4 7 18 -8 10 -2 -1 -5 14 -14 16 -12 -3 19 20 21 -7 24 -24 25 -23 -27 -16 -13 -11
right_child=2 17 4 12 -6 6 8 -9 -10 29 15 28 13 -15 27 -17 -18 -19 -20 -21 -22 22 23 -25 -26 26 -28 -29 -30 -31
leaf_value=-0.0091246207501359047 0.28739454462414699 -0.043862211569348379 0.0066386797564866196 0.0023589416548721993 0.011463627401477296 -0.069142377830070004 0.24645044884898445 0.024048684846373306 0.035126043459064941 -0.024540639026987304 0.017878648915475675 -0.070264740322785735 0.30966314586500326 0.02035947620152001 0.12999653089504976 -0.013426249356857567 0.081164379427504263 -0.09039596953550301 0.29700774451096856 0.068187424842612587 0.33867052109993023 0.42117996581576089 0.37054151973208871 0.13685715418308972 0.094813267463470755 0.05537642513712248 0.34073780820084121 -0.002849045574245319 -0.022319672106383932 -0.19869849974146259
leaf_weight=4098 21 1421 330 1120 908 23 33 189 827 553 915 646 24 512 130 551 312 531 27 238 23 22 37 60 323 45 24 71 745 26
leaf_count=4098 21 1421 330 1120 908 23 33 189 827 553 915 646 24 512 130 551 312 531 27 238 23 22 37 60 323 45 24 71 745 26
internal_value=0.000425648 -0.0185572 0.0325931 -0.00846946 0.0505808 0.0667182 0.0773148 0.106305 0.043235 0.00907592 0.0224123 -0.0181111 0.0200298 0.0468836 0.107241 0.0192826 0.0339709 -0.0565207 0.125217 0.119383 0.141258 0.132756 0.141843 0.225994 0.122126 0.219073 0.154633 0.083071 -0.044586 -0.0323612
internal_weight=14785 9298 5487 7346 3109 2201 1871 1011 860 2378 1799 5489 1857 737 225 1778 1227 1952 822 795 557 534 511 97 414 91 69 201 1391 579
internal_count=14785 9298 5487 7346 3109 2201 1871 1011 860 2378 1799 5489 1857 737 225 1778 1227 1952 822 795 557 534 511 97 414 91 69 201 1391 579
is_linear=0
shrinkage=0.05


Tree=38
num_leaves=31
num_cat=0
split_feature=0 5 13 1 9 4 12 11 1 5 0 5 0 5 3 12 9 11 11 1 9 9 1 1 9 11 11 9 12 11
split_gain=3266.35 1772.66 1388.22 853.588 615.725 467.528 434.087 427.694 425.721 425.715 495.368 403.368 397.874 403.39 585.772 396.537 344.417 338.761 404.417 639.587 560.321 515.753 483.876 293.582 290.285 285.176 425.731 278.07 739.425 304.924
threshold=29.500000000000004 0.059790734205235001 16.335000000000004 7.0933333333333239 19.413483000000003 12.265000000000002 -777834.52499999991 -0.44813534999999977 10.813333333333324 0.075901333443943578 35.500000000000007 0.046718056895415146 40.500000000000007 0.089405463605535959 12.015000000000002 481274.10000000027 21.234603500000002 -1.7130584999999998 -0.31713869999999994 21.634999999999987 21.493607000000001 19.071884000000004 18.853333333333314 2.0416666666666594 -2.1961364499999996 -1.0005189999999997 -1.2433930000000009 8.7780300000000029 -410640.04999999999 2.6453555000000004
decision_type=2 2 2 2 2 2 2 2 2 2 2 2 2 2 2 2 2 2 2 2 2 2 2 2 2 2 2 2 2 2
left_child=1 3 4 15 11 -5 -3 -7 -8 25 -11 -2 13 17 -15 -1 -16 -4 19 21 -21 -19 -23 -13 -20 26 -6 28 -10 -30
right_child=2 6 12 5 9 7 8 -9 27 10 -12 23 -14 14 16 -17 -18 18 24 20 -22 22 -24 -25 -26 -27 -28 -29 29 -31
leaf_value=-0.058134910000070678 -0.0101748662201341 0.092776915091664011 -0.016605785632919933 -0.019221484030009173 0.035116362250570597 -0.14531573282265717 -0.015620280394230105 -0.034093198273766126 0.33164495166391134 0.058821670478209853 0.39575156830251218 0.20526087446646257 0.02495821255483437 0.072160215882682496 0.1579443077494701 -0.13000139769868999 0.35958849705755713 0.03196851341588209 0.19029401745647193 0.4141167058623122 0.090275797823613335 0.066396665231635177 0.32060160609200983 0.021574319441463537 0.050154408408693743 0.039885823415338639 0.32317186300440331 -0.011343505385340838 0.034643376016588998 -0.027809058787023423
leaf_weight=1160 1605 146 90 3657 29 145 1501 214 20 24 20 22 311 95 45 230 40 122 40 34 22 36 39 1936 485 536 23 561 1369 228
leaf_count=1160 1605 146 90 3657 29 145 1501 214 20 24 20 22 311 95 45 230 40 122 40 34 22 36 39 1936 485 536 23 561 1369 228
internal_value=0.000404366 -0.0178249 0.0307022 -0.0362554 0.0164743 -0.0245667 0.0082235 -0.0790159 0.00486803 0.0619571 0.211972 0.00840667 0.0746213 0.0893591 0.157479 -0.0700265 0.252836 0.0752328 0.0858568 0.137786 0.286893 0.0954005 0.198583 0.0236382 0.0608317 0.0507315 0.162526 0.0189878 0.029511 0.0257272
internal_weight=14785 9231 5554 5406 4195 4016 3825 359 3679 632 44 3563 1359 1048 180 1390 85 868 778 253 56 197 75 1958 525 588 52 2178 1617 1597
internal_count=14785 9231 5554 5406 4195 4016 3825 359 3679 632 44 3563 1359 1048 180 1390 85 868 778 253 56 197 75 1958 525 588 52 2178 1617 1597
is_linear=0
shrinkage=0.05


Tree=39
num_leaves=31
num_cat=0
split_feature=13 2 0 0 3 9 9 1 11 9 10 9 5 12 12 11 9 12 11 13 9 1 2 9 12 11 14 4 1 11
split_gain=3005.33 1177.15 760.611 658.21 654.971 646.279 933.322 869.268 1204.58 605.024 492.876 462.273 539.285 454.061 403.945 417.593 623.877 889.13 399.031 399.226 375.218 374.424 353.262 311.585 419.52 320.314 306.341 414.274 319.442 497.581
threshold=11.065000000000003 27.905000000000005 27.500000000000004 30.500000000000004 21.785000000000004 6.8916015500000016 8.4228210000000008 15.969999999999994 0.35121149999999984 18.087814500000004 553717.50000000012 23.270278500000003 0.088691805584396058 4707.9470000000028 -484403.80999999988 -0.54661599999999833 -1.4972533999999997 -399.2045500001862 -0.071823300000000131 15.055000000000001 21.493607000000001 26.309999999999985 12.175000000000002 6.9540100000000011 -861622.31999999983 -0.9517821599999996 12.215000000000002 -1.2650000000000003 16.393333333333327 -1.1225280000000006
decision_type=2 2 2 2 2 2 2 2 2 2 2 2 2 2 2 2 2 2 2 2 2 2 2 2 2 2 2 2 2 2
left_child=1 3 10 13 5 14 7 -7 -9 21 -2 12 18 23 -4 -16 17 -17 19 -11 -14 -8 -18 24 25 -1 -5 28 -28 -30
right_child=2 -3 4 26 -6 6 9 8 -10 11 -12 -13 20 -15 15 16 22 -19 -20 -21 -22 -23 -24 -25 -26 -27 27 -29 29 -31
leaf_value=-0.0094994391713823598 0.020202378023608341 -0.051445553370112834 0.25709278247319162 0.0014956355054995844 0.010055030997092741 0.03322836558858399 0.0041030715843985797 0.56102406712429176 0.1559758196026087 0.30899373997341506 -0.035448537904361831 0.03024700872579535 0.13575599882187267 -0.041150918768310091 -0.012205118161210348 0.34716800492820576 0.1231137942833205 0.076032518988122813 0.04707337530589728 0.12051259280483007 0.37075991264411384 0.21741275470703841 0.010570744528798127 -0.021943843236364686 0.0019267599923191291 0.24029816041390101 0.061169080258421771 0.018153445616917452 0.37973862484745358 0.091617012309820167
leaf_weight=21 1797 1952 20 1120 921 40 317 31 45 33 511 170 33 1391 383 38 81 148 172 189 35 22 501 2039 2005 33 159 512 23 43
leaf_count=21 1797 1952 20 1120 921 40 317 31 45 33 511 170 33 1391 383 38 81 148 172 189 35 22 501 2039 2005 33 159 512 23 43
internal_value=0.000384148 -0.0169331 0.029729 -0.0077623 0.045591 0.0600855 0.0878495 0.221895 0.321193 0.0718358 0.00788105 0.100742 0.126681 -0.0164676 0.0343131 0.030442 0.0517101 0.131426 0.104239 0.14853 0.256714 0.0179462 0.026234 -0.00808931 0.00563065 0.143155 0.0179693 0.043004 0.0995529 0.192023
internal_weight=14785 9298 5487 7346 3179 2258 1087 116 76 971 2308 632 462 5489 1171 1151 768 186 394 222 68 339 582 4098 2059 54 1857 737 225 66
internal_count=14785 9298 5487 7346 3179 2258 1087 116 76 971 2308 632 462 5489 1171 1151 768 186 394 222 68 339 582 4098 2059 54 1857 737 225 66
is_linear=0
shrinkage=0.05


Tree=40
num_leaves=31
num_cat=0
split_feature=1 2 13 12 9 10 11 12 11 11 11 12 1 9 0 9 9 9 7 1 11 9 12 0 14 10 7 11 11 0
split_gain=2655.86 1004.32 792.35 702.376 591.707 549.537 502.063 478.483 464.849 417.925 394.09 554.597 391.496 339.314 334.022 315.379 522.972 513.009 632.84 866.156 335.482 336.637 315.366 313.762 311.719 299.892 299.073 289.448 266.113 299.518
threshold=11.416666666666657 15.025 7.5950000000000006 68237.375000000073 19.413483000000003 1441043.8 -2.5367124999999979 -237037.85000000006 4.0512541875000005 3.654739370000001 -0.49197390000000019 -351587.82499999995 14.813333333333329 10.013763500000001 29.500000000000004 1.8019714500000001 8.117126500000003 6.8916015500000016 3.5000000000000004 15.969999999999994 -0.071823300000000131 18.683853500000005 42173.737500000003 32.500000000000007 18.345000000000002 2337241.0000000005 4.5000000000000009 -1.153259500000001 -1.5234376999999999 41.500000000000007
decision_type=2 2 2 2 2 2 2 2 2 2 2 2 2 2 2 2 2 2 2 2 2 2 2 2 2 2 2 2 2 2
left_child=2 6 5 8 23 -1 -2 27 12 14 -7 13 -3 -12 22 -14 17 -17 19 -19 21 26 -8 -5 28 -6 -18 -4 -16 -30
right_child=1 3 7 4 25 10 9 -9 -10 -11 11 -13 15 -15 24 16 20 18 -20 -21 -22 -23 -24 -25 -26 -27 -28 -29 29 -31
leaf_value=-0.020259847471086001 -0.033686256502388101 0.0065326071524411042 -0.030295565089977841 -0.10122746871440554 0.063507070509280936 -0.10196654298649931 0.053246045653084252 -0.0079651594506737287 -0.084885921645090345 -0.023741415592220923 0.15747169195971591 -0.056985530176766143 -0.004515387972856698 -0.0041683383268259827 -0.0030520272506184359 0.068695728587594776 0.04004453766401167 0.086693120036612864 0.030919944245608583 0.50933537894377012 -0.0059198950387519128 0.1011683282786718 -0.034596633270644307 0.0052987455874164077 0.28017789930105214 -0.13902347243967511 -0.12587425905581126 0.074344896223875842 0.099039961926631559 -0.0058079098463058474
leaf_weight=2760 165 2170 85 298 141 379 985 3392 108 150 47 959 327 105 86 389 135 22 31 27 406 213 114 90 20 21 34 297 742 75
leaf_count=2760 165 2170 85 298 141 379 985 3392 108 150 47 959 327 105 86 389 135 22 31 27 406 213 114 90 20 21 34 297 742 75
internal_value=0.000778865 0.0238949 -0.0186641 0.00985716 -0.0430071 -0.0334701 0.0503967 -0.0019906 0.0173857 0.0567842 -0.0579402 -0.0429214 0.020328 0.0458125 0.0627579 0.039227 0.0506063 0.0924104 0.207723 0.319578 0.0257255 0.059359 0.0441341 -0.0765178 0.084933 0.0372531 0.00666442 0.051061 0.0806086 0.089415
internal_weight=14773 6749 8024 4412 550 4250 2337 3774 3862 2172 1490 1111 3754 152 2022 1584 1257 469 80 49 788 382 1099 388 923 162 169 382 903 817
internal_count=14773 6749 8024 4412 550 4250 2337 3774 3862 2172 1490 1111 3754 152 2022 1584 1257 469 80 49 788 382 1099 388 923 162 169 382 903 817
is_linear=0
shrinkage=0.05


Tree=41
num_leaves=31
num_cat=0
split_feature=1 5 13 10 12 11 0 1 4 11 12 14 12 4 13 11 12 7 0 13 3 3 4 3 0 11 11 11 0 3
split_gain=2396.91 916.32 717.167 646.526 613.89 573.363 564.715 439.493 438.035 401.574 374.766 353.552 334.201 667.801 325.735 306.944 427.048 302.595 276.299 289.636 257.368 253.641 250.783 246.551 322.315 233.568 225.921 231.127 236.899 276.644
threshold=11.416666666666657 0.084566604162463213 7.0050000000000008 1441043.8 44035.139999999992 4.2111816400000004 26.500000000000004 15.298333333333323 -26.379999999999992 -1.8537753499999992 -821357.34999999986 21.195000000000004 -570940.44999999995 -0.56999999999999929 32.630000000000003 -0.49197390000000019 -325874.24999999994 2.5000000000000004 26.500000000000004 17.505000000000006 8.9250000000000025 10.725000000000003 -8.3049999999999979 13.735000000000001 32.500000000000007 -0.2326199999999998 -2.6104434999999993 1.0884698500000003 7.5000000000000009 12.095000000000001
decision_type=2 2 2 2 2 2 2 2 2 2 2 2 2 2 2 2 2 2 2 2 2 2 2 2 2 2 2 2 2 2
left_child=2 4 3 8 5 7 25 12 -1 -9 17 -11 13 -2 26 -5 -17 -4 21 -20 -10 -12 -19 24 -8 -6 -3 28 -28 -30
right_child=1 14 10 15 6 -7 23 9 20 11 18 -13 -14 -15 -16 16 -18 22 19 -21 -22 -23 -24 -25 -26 -27 27 -29 29 -31
leaf_value=0.16260148322943488 0.34925525025887927 -0.049319974258542065 0.0089797769551691799 -0.10219653875841257 -0.11478074829318319 -0.06613639758288628 0.00047599000007480011 -0.035916731367362856 0.13275481823193669 0.047380011767466985 0.089472009002327407 0.23667943632602692 0.010884182493572332 0.0013929633505491389 0.21826614743551695 0.034977522729348169 -0.06040255402875238 0.30607330021650897 0.0094726365139893715 0.13480335318793854 -0.022463604832094627 -0.01615824359568847 0.063984915614128113 -0.010835934888572887 0.15210093787265203 -0.034707247791140199 0.0093081907463507564 0.023134030929279768 0.060677357414701531 0.13901295271168074
leaf_weight=33 22 40 46 343 162 176 79 147 27 1845 58 25 2863 37 37 136 856 23 1163 48 2452 2819 20 336 63 208 79 176 208 246
leaf_count=33 22 40 46 343 162 176 79 147 27 1845 58 25 2863 37 37 136 856 23 1163 48 2452 2819 20 336 63 208 79 176 208 246
internal_value=0.000739922 0.0227002 -0.0177309 -0.0333069 0.0160113 0.0225435 -0.0233897 0.0257036 -0.0183641 0.0436556 -0.00338545 0.0499108 0.0133116 0.131104 0.0734454 -0.061424 -0.0473263 0.0981175 -0.00559527 0.0144403 -0.020773 -0.0140287 0.193474 0.0125086 0.0677462 -0.0697665 0.0662913 0.0728138 0.0892184 0.103124
internal_weight=14773 6749 8024 3847 5963 5115 848 4939 2512 2017 4177 1870 2922 59 786 1335 992 89 4088 1211 2479 2877 43 478 142 370 749 709 533 454
internal_count=14773 6749 8024 3847 5963 5115 848 4939 2512 2017 4177 1870 2922 59 786 1335 992 89 4088 1211 2479 2877 43 478 142 370 749 709 533 454
is_linear=0
shrinkage=0.05


Tree=42
num_leaves=31
num_cat=0
split_feature=1 2 1 12 9 2 11 12 11 0 0 13 11 4 11 12 1 11 14 2 3 9 9 9 9 11 9 4 11 13
split_gain=2163.21 846.181 678.014 577.554 528.597 498.835 422.975 411.711 390.057 373.607 350.499 330.239 325.088 382.277 700.597 398.435 323.689 310.198 303.386 292.23 570.473 290.755 487.79 500.779 495.844 302.399 296.047 275.8 334.129 289.975
threshold=11.416666666666657 15.025 7.0933333333333239 68237.375000000073 19.413483000000003 11.195000000000002 -2.5367124999999979 232824.59999999995 3.9122619000000003 26.500000000000004 26.500000000000004 17.665000000000003 -1.5234376999999999 1.5200000000000007 1.4803770000000005 -570940.44999999995 14.813333333333329 -0.83636499999999969 17.920000000000005 11.485000000000001 11.195000000000002 1.8019714500000001 8.117126500000003 6.8916015500000016 7.3145598500000011 -0.071823300000000131 18.683853500000005 -2.2099999999999977 -1.3465728499999994 11.505000000000001
decision_type=2 2 2 2 2 2 2 2 2 2 2 2 2 2 2 2 2 2 2 2 2 2 2 2 2 2 2 2 2 2
left_child=2 6 5 8 -5 -1 -2 9 16 -7 17 -4 -12 15 -15 -14 -3 -8 19 20 -17 -18 23 27 -25 26 -24 29 -29 -23
right_child=1 3 11 4 -6 7 10 -9 -10 -11 12 -13 13 14 -16 18 21 -19 -20 -21 -22 22 25 24 -26 -27 -28 28 -30 -31
leaf_value=0.18195296882962186 -0.031285468177926365 0.0059528370406804832 -0.010242867286653603 -0.070930622392466058 0.036601977767767732 -0.049570657524648169 0.092414535965852362 -0.088865677675261462 -0.067984426952381105 0.011425819357066568 -0.010151448381959268 0.1150962971695611 0.24778723616153001 0.097869061352685097 0.36868453054658828 -0.014751520416099732 -0.0067373233674152301 0.02118957333783595 0.24086822849526271 0.034743988835296967 0.15280967977812548 0.31697138996794821 0.0051960159060076856 0.3426185075193644 0.089151417983825823 -0.0074020414766071407 0.09381956848656943 -0.11360923051834107 0.061590607693806643 0.086524263318887976
leaf_weight=24 165 2156 6227 388 162 929 182 447 135 344 106 53 30 104 31 73 320 955 23 501 167 20 169 35 43 405 213 30 293 43
leaf_count=24 165 2156 6227 388 162 929 182 447 135 344 106 53 30 104 31 73 320 955 23 501 167 20 169 35 43 405 213 30 293 43
internal_value=0.000702926 0.0215652 -0.0168443 0.00867989 -0.0392574 -0.0444247 0.0458911 -0.0475835 0.0155068 -0.0330877 0.051754 -0.00918507 0.072806 0.0822716 0.160056 0.0690462 0.018531 0.0325906 0.0620276 0.0564765 0.101843 0.035793 0.0466721 0.0873338 0.202887 0.0226987 0.0546118 0.0639838 0.0453182 0.159682
internal_weight=14773 6749 8024 4412 550 1744 2337 1720 3862 1273 2172 6280 1035 929 135 794 3727 1137 764 741 240 1571 1251 464 78 787 382 386 323 63
internal_count=14773 6749 8024 4412 550 1744 2337 1720 3862 1273 2172 6280 1035 929 135 794 3727 1137 764 741 240 1571 1251 464 78 787 382 386 323 63
is_linear=0
shrinkage=0.05


Tree=43
num_leaves=31
num_cat=0
split_feature=13 12 5 9 14 7 0 10 0 5 12 9 3 11 3 12 7 13 9 12 9 13 11 10 9 9 9 3 9 7
split_gain=1999.78 833.253 612.777 541.671 503.388 554.274 503.275 384.612 377.4 433.099 357.223 570.062 467.165 436.09 314.84 310.537 292.087 283.641 275.295 257.14 682.835 244.171 721.426 221.283 214.873 627.516 256.15 221.927 234.871 239.537
threshold=11.185 267827.39000000001 0.084566604162463213 16.443359000000004 17.785000000000004 5.5000000000000009 26.500000000000004 347968.06000000011 25.500000000000004 0.062053989091743138 -591.21585000000005 -1.4972533999999997 11.935 1.4803770000000005 41.965000000000011 670891.90000000026 2.5000000000000004 32.630000000000003 21.351593000000005 -351587.82499999995 6.9540100000000011 29.505000000000003 -0.33143644999999994 2337241.0000000005 6.8916015500000016 7.7234497000000006 -3.9000549499999995 19.495000000000001 11.667618000000003 1.0000000180025095e-35
decision_type=2 2 2 2 2 2 2 2 2 2 2 2 2 2 2 2 2 2 2 2 2 2 2 2 2 2 2 2 2 2
left_child=1 4 6 15 8 -6 7 -2 9 14 11 -8 13 -12 -1 -3 24 -4 -7 20 -11 -18 -23 -9 26 -26 -14 -27 -29 -30
right_child=2 3 17 -5 5 18 10 23 -10 19 12 -13 16 -15 -16 -17 21 -19 -20 -21 -22 22 -24 -25 25 27 -28 28 29 -31
leaf_value=-0.025315723051429203 0.011008073689113267 -0.05581945867100261 0.061226031067796609 -0.0001547899736765402 0.0029020931125463296 0.1003040870030721 0.24910681465497386 -0.03139458877889735 0.0043001270210389535 0.21931093943615756 0.058021116996525041 0.052053421420386409 0.12022441967204214 0.28279616695738613 -0.090995608431469532 -0.12457792428244525 -0.010411248625541285 0.20349679899376794 0.28389804568783988 -0.0048168186263862038 -0.0049224415858244077 0.31540548862381418 -0.077179358571767817 -0.15330520895559616 0.27325739474186012 0.086705763672696473 0.0020220136416821996 -0.056438208966592587 0.098808977905207804 0.0064495411082548795
leaf_weight=3067 1343 520 659 322 156 69 39 404 2924 48 71 623 50 31 194 240 872 37 29 1721 116 22 25 41 31 188 550 79 111 191
leaf_count=3067 1343 520 659 322 156 69 39 404 2924 48 71 623 50 31 194 240 872 37 29 1721 116 22 25 41 31 188 550 79 111 191
internal_value=0.000667779 -0.0132282 0.0250214 -0.0545052 -0.0078628 0.0614439 0.0184998 -0.00234065 -0.0100442 -0.0181948 0.0314247 0.0636623 0.0218159 0.126335 -0.0292231 -0.0775327 0.0167847 0.0687893 0.154633 0.000883914 0.0607068 -0.00442783 0.106584 -0.0426268 0.03303 0.0541878 0.0118722 0.0422526 0.0203177 0.0403962
internal_weight=14773 9406 5367 1082 8324 254 4671 1788 8070 5146 2883 662 2221 102 3261 760 2119 696 98 1885 164 919 47 445 1200 600 600 569 381 302
internal_count=14773 9406 5367 1082 8324 254 4671 1788 8070 5146 2883 662 2221 102 3261 760 2119 696 98 1885 164 919 47 445 1200 600 600 569 381 302
is_linear=0
shrinkage=0.05


Tree=44
num_leaves=31
num_cat=0
split_feature=13 12 5 9 11 14 12 7 9 12 5 0 3 11 3 0 0 3 11 1 11 0 5 1 13 12 1 9 9 12
split_gain=1811.69 791.285 545.42 461.132 410.786 519.553 410.485 380.947 367.326 358.597 332.092 318.04 353.978 433.844 311.182 283.404 275.002 326.937 362.275 465.57 280.302 270.663 261.891 252.711 587.482 426.977 335.915 268.463 276.762 249.184
threshold=12.005000000000001 85845.139999999999 0.084566604162463213 20.266724000000004 4.4952697650000006 17.785000000000004 1090008.9000000004 5.5000000000000009 21.351593000000005 481274.10000000027 0.025300442522514035 28.500000000000004 13.735000000000001 -1.2108459999999981 9.8450000000000006 40.500000000000007 32.500000000000007 11.195000000000002 -0.03639225000000023 18.116666666666664 0.46389770000000002 25.500000000000004 0.064000002457599695 21.634999999999987 25.005000000000006 101.517275 23.984999999999982 -2.1961364499999996 10.332596000000001 -351587.82499999995
decision_type=2 2 2 2 2 2 2 2 2 2 2 2 2 2 2 2 2 2 2 2 2 2 2 2 2 2 2 2 2 2
left_child=1 4 6 9 5 10 11 -7 -9 -3 -1 -2 13 -13 -12 16 -4 -18 19 -19 -20 22 -16 27 26 -26 -25 -15 -29 -24
right_child=2 3 15 -5 -6 7 -8 8 -10 -11 14 12 -14 23 21 -17 17 18 20 -21 -22 -23 29 24 25 -27 -28 28 -30 -31
leaf_value=-0.063807866847208516 0.0015478125144358084 -0.035121055534745489 0.054162507115423336 0.0079577845000826271 -0.066323700116481629 0.020198060788334263 -0.1944241539998488 0.097530400893436037 0.33806562409514473 -0.086820064949983317 0.097036645231911772 -0.042676948675811718 0.023994256142765708 0.22152127471703215 -0.019079381291501895 -0.055281917809894901 0.044656776023816458 0.12075296646127334 0.0092556934708204041 0.41458117940596173 0.19436295746045926 0.0089570482086279556 0.06408821652579752 0.16619494582215946 -0.082221227473226091 0.20288417208939791 0.42622502692367725 -0.0024512374184396642 0.10978392442811352 -0.0010399647740900765
leaf_weight=226 1224 1036 362 408 256 128 22 65 21 496 78 66 1936 26 3157 41 79 26 39 28 43 2853 161 27 29 24 23 114 106 1673
leaf_count=226 1224 1036 362 408 256 128 22 65 21 496 78 66 1936 26 3157 41 79 26 39 28 43 2853 161 27 29 24 23 114 106 1673
internal_value=0.00063439 -0.0104289 0.0283465 -0.0392791 -0.00393446 -0.00202443 0.0208913 0.0748795 0.156266 -0.0518591 -0.00404425 0.0222163 0.0329769 0.0748814 -0.0023393 0.0717388 0.0807645 0.125555 0.172547 0.273108 0.106324 -0.00332749 -0.0103497 0.097113 0.162866 0.0468831 0.285809 0.0695821 0.0516257 0.00467739
internal_weight=14773 10558 4215 1940 8618 8362 3597 214 86 1532 8148 3575 2351 415 7922 618 577 215 136 54 82 7844 4991 349 103 53 50 246 220 1834
internal_count=14773 10558 4215 1940 8618 8362 3597 214 86 1532 8148 3575 2351 415 7922 618 577 215 136 54 82 7844 4991 349 103 53 50 246 220 1834
is_linear=0
shrinkage=0.05


Tree=45
num_leaves=31
num_cat=0
split_feature=10 13 0 9 11 7 12 12 11 2 0 11 7 9 0 1 13 12 9 3 4 11 3 7 9 2 11 11 9 13
split_gain=1618.42 952.195 915.717 746.318 591.819 554.993 375.808 367.525 365.691 404.545 664.656 380.608 436.542 748.862 1399.39 472.44 557.964 429.022 1591.29 3062.63 411.057 377.142 362.26 337.197 426.925 475.532 517.978 717.787 437.46 429.437
threshold=612781.07500000007 16.005000000000006 26.500000000000004 18.321686000000003 2.3327484500000009 2.5000000000000004 710394.05000000028 843518.2300000001 4.4952697650000006 21.315000000000001 11.500000000000002 -2.7295230000000004 1.0000000180025095e-35 -1.3459319999999997 37.500000000000007 12.426666666666661 14.105000000000002 -151456.20999999993 2.5557556000000003 17.045000000000005 -3.6399999999999988 -0.086090099999999822 40.880000000000003 1.5000000000000002 2.2348480000000004 12.775 -0.66130060000000002 -0.78352334999999873 17.850692500000005 19.995000000000001
decision_type=2 2 2 2 2 2 2 2 2 2 2 2 2 2 2 2 2 2 2 2 2 2 2 2 2 2 2 2 2 2
left_child=1 8 7 6 23 -5 -4 22 9 10 -1 -12 13 14 -13 -15 21 18 19 -14 -20 -17 -2 -3 -25 29 27 -27 -28 -26
right_child=2 4 3 5 -6 -7 -8 -9 -10 -11 11 12 17 15 -16 16 -18 -19 20 -21 -22 -23 -24 24 25 26 28 -29 -30 -31
leaf_value=-0.003370893264537005 -0.029685212698309146 0.024436088924273493 -0.011144996522441615 0.10060534227879779 -0.047183440725963852 0.0074232213748220534 -0.11932554549732528 -0.1087812607590099 -0.060103141158714748 -0.0093665093424351656 -0.016232837050927242 0.51997290949026753 -0.049497321993112568 0.0011968581297442439 -0.017238179458813233 0.4296454653853462 -0.011066437043525557 0.024740443567813755 0.13339853284082243 0.78480032743378125 -0.03738801401108504 0.12626371160149574 -0.086509341126712713 0.017609992999029038 0.093881885396367923 0.098666517661573985 0.083483008236929029 0.39820505393048133 -0.025295308450098086 0.24381504801923737
leaf_weight=2540 2627 569 1207 279 156 374 86 183 214 2720 338 27 22 123 22 21 27 1696 56 22 95 20 314 257 109 120 217 24 161 85
leaf_count=2540 2627 569 1207 279 156 374 86 183 214 2720 338 27 22 123 22 21 27 1696 56 22 95 20 314 257 109 120 217 24 161 85
internal_value=-0.000389673 0.0116368 -0.0232589 0.00366453 0.0456224 0.0472361 -0.0183403 -0.0400301 0.00437158 0.00615675 0.0145862 0.0330597 0.0408781 0.104401 0.278776 0.0596662 0.165427 0.0328159 0.103052 0.367652 0.02595 0.281654 -0.0357521 0.0550113 0.0728914 0.092734 0.067893 0.14859 0.0371515 0.159574
internal_weight=14711 9641 5070 1946 1698 653 1293 3124 7943 7729 5009 2469 2131 240 49 191 68 1891 195 44 151 41 2941 1542 973 716 522 144 378 194
internal_count=14711 9641 5070 1946 1698 653 1293 3124 7943 7729 5009 2469 2131 240 49 191 68 1891 195 44 151 41 2941 1542 973 716 522 144 378 194
is_linear=0
shrinkage=0.05


Tree=46
num_leaves=31
num_cat=0
split_feature=0 5 13 12 9 3 11 14 11 11 0 9 12 9 0 11 9 9 9 7 11 9 1 10 9 3 12 10 9 9
split_gain=1462.08 1046.89 676.61 548.546 449.018 439.907 339.076 366.97 333.734 343.365 330.447 311.89 311.273 309.508 298.064 274.072 338.303 320.306 322.832 578.662 385.827 795.952 1276.35 1417.29 388.328 286.564 261.736 1033.72 335.201 316.445
threshold=29.500000000000004 0.060006002400959955 16.175000000000004 670891.90000000026 18.566604500000004 41.965000000000011 -1.0005189999999997 12.105000000000002 -2.3700714999999994 4.6685333500000006 41.500000000000007 2.5557556000000003 370707.22499999998 16.948731000000006 16.500000000000004 -1.7130584999999998 23.270278500000003 4.3826142500000005 5.8755188000000009 2.5000000000000004 -0.66130060000000002 20.521759000000003 18.853333333333314 263694.34000000008 22.844757000000005 19.495000000000001 -221418.95000000001 431113.41000000009 6.0868225000000011 -3.6960753999999993
decision_type=2 2 2 2 2 2 2 2 2 2 2 2 2 2 2 2 2 2 2 2 2 2 2 2 2 2 2 2 2 2
left_child=1 3 4 5 12 11 7 -6 -3 26 15 -1 -2 -5 -13 -4 17 25 19 -19 21 22 -20 -24 -22 -17 27 28 -10 -28
right_child=2 8 10 13 6 -7 -8 -9 9 -11 -12 14 -14 -15 -16 16 -18 18 20 -21 24 -23 23 -25 -26 -27 29 -29 -30 -31
leaf_value=0.010787036188214111 0.0046950857482944662 -0.032190605422719787 -0.016088595317587967 -0.11240371359940482 0.06291836169659204 -0.079793219262948981 0.034887059598418306 0.30486955675482752 0.4403158116899431 -0.072791702892780974 -0.0026868994223323431 -0.012133265542763021 -0.089553381011096972 -0.0080768550125261147 -0.039661029988144435 0.017388218385073914 -0.011227545995359958 0.10537983053037897 0.0004640715913130687 0.41814400470327762 0.051971727018497421 0.023299700813367963 0.71191545854444094 0.13640223138034344 0.22498656571975775 0.20564662089402025 0.056448005849152633 0.02702258861983103 0.1508332744240761 0.0048060154681677531
leaf_weight=763 3293 460 105 274 42 312 630 25 20 112 247 2263 90 96 1739 249 118 50 26 21 442 56 23 20 35 22 337 344 20 2477
leaf_count=763 3293 460 105 274 42 312 630 25 20 112 247 2263 90 96 1739 249 118 50 26 21 442 56 23 20 35 22 337 344 20 2477
internal_value=-0.000370189 -0.01254 0.0200465 -0.026559 0.00971673 -0.0222756 0.0462599 0.153199 0.00771509 0.0132609 0.0498522 -0.0185095 0.00218774 -0.0853351 -0.024095 0.0609724 0.0685914 0.0785687 0.0970505 0.197888 0.0851578 0.163352 0.277017 0.444235 0.0646667 0.0326712 0.0162746 0.0549968 0.295575 0.0109906
internal_weight=14711 9217 5494 5447 4080 5077 697 67 3770 3310 1414 4765 3383 370 4002 1167 1062 944 673 71 602 125 69 43 477 271 3198 384 40 2814
internal_count=14711 9217 5494 5447 4080 5077 697 67 3770 3310 1414 4765 3383 370 4002 1167 1062 944 673 71 602 125 69 43 477 271 3198 384 40 2814
is_linear=0
shrinkage=0.05


Tree=47
num_leaves=31
num_cat=0
split_feature=10 13 0 9 11 7 7 9 11 11 13 2 11 13 1 11 2 0 11 7 11 9 1 9 4 11 14 2 10 1
split_gain=1344.44 788.111 773.82 639.957 524.475 497.055 322.438 431.84 359.094 487.206 667.255 382.728 320.745 317.089 392.276 314.289 358.651 581.323 330.69 397.807 688.353 1064.43 635.218 814.851 375.925 606.953 2128.94 386.96 310.873 543.231
threshold=612781.07500000007 16.005000000000006 26.500000000000004 18.321686000000003 2.9770202850000005 2.5000000000000004 1.5000000000000002 -4.5836943499999991 -2.5367124999999979 -0.66130060000000002 24.400000000000002 12.775 -0.44813534999999977 19.995000000000001 25.203333333333315 4.4952697650000006 21.315000000000001 11.500000000000002 -2.7295230000000004 1.0000000180025095e-35 0.35121149999999984 -1.3459319999999997 12.426666666666661 5.7969360500000011 -0.78500000000000003 3.3906402800000008 9.7550000000000008 15.455000000000002 284523.15500000009 18.684999999999995
decision_type=2 2 2 2 2 2 2 2 2 2 2 2 2 2 2 2 2 2 2 2 2 2 2 2 2 2 2 2 2 2
left_child=1 15 -2 12 6 -5 7 -3 -8 10 -10 13 -4 -11 -15 16 17 -1 -19 20 21 -20 -23 -24 25 27 -27 -21 -9 -30
right_child=2 4 3 5 -6 -7 8 28 9 11 -12 -13 -14 14 -16 -17 -18 18 19 24 -22 22 23 -25 -26 26 -28 -29 29 -31
leaf_value=-0.0032018277559137907 -0.036612577378102487 0.1971168581454549 -0.051317529692934752 0.094408457025411577 -0.074574047490023082 0.0062242119259295625 -0.097136547010053295 -0.0064581040961819549 0.096390380072407425 0.061365653159962577 0.3259073726440731 0.028491341328589406 0.0011556783774867654 0.26750983166006898 0.037996665696645608 -0.055771909228517352 -0.0089612765332634913 -0.015078066766383291 0.42028575991430595 0.082261678374245306 -0.025594289804269612 0.015486027490904278 0.025418129766529258 0.44669843785619989 0.010572411215192827 -0.017058182191913542 0.53592245461685317 0.010594384074734581 0.20274191307059178 -0.084688715279102322
leaf_weight=2540 3124 32 443 279 92 374 33 479 190 142 38 538 850 52 29 214 2720 338 31 337 76 87 22 24 1053 46 28 427 48 25
leaf_count=2540 3124 32 443 279 92 374 33 479 190 142 38 538 850 52 29 214 2720 338 31 337 76 87 22 24 1053 46 28 427 48 25
internal_value=-0.00035168 0.0106097 -0.0211955 0.0035542 0.0415287 0.0439017 0.0481797 0.0185423 0.0651153 0.0705292 0.134643 0.0513202 -0.0168224 0.106396 0.185338 0.00399999 0.00565495 0.0135919 0.0308685 0.0381562 0.0987956 0.15644 0.0949417 0.245217 0.03046 0.05545 0.192178 0.0422068 0.00819015 0.104307
internal_weight=14711 9641 5070 1946 1698 653 1606 584 1022 989 228 761 1293 223 81 7943 7729 5009 2469 2131 240 164 133 46 1891 838 74 764 552 73
internal_count=14711 9641 5070 1946 1698 653 1606 584 1022 989 228 761 1293 223 81 7943 7729 5009 2469 2131 240 164 133 46 1891 838 74 764 552 73
is_linear=0
shrinkage=0.05


Tree=48
num_leaves=31
num_cat=0
split_feature=10 0 1 9 11 7 12 10 12 9 2 11 9 9 9 11 12 11 9 7 11 2 1 3 9 11 2 11 8 11
split_gain=1213.36 706.746 672.005 576.315 542.464 424.814 368.059 340.894 335.744 1558.13 490.974 311.142 307.041 465.17 474.631 595.557 612.789 406.467 370.97 1649.68 1279.03 358.149 306.119 317.052 301.685 444.87 359.548 295.388 281.949 279.373
threshold=612781.07500000007 25.500000000000004 16.303333333333317 18.321686000000003 2.9770202850000005 2.5000000000000004 710394.05000000028 2216040.7500000005 -230580.87499999997 2.4355163500000003 16.445000000000004 -0.57511874999999957 1.9193573000000004 8.664443750000002 11.425796500000002 -1.0985110850000013 32849.12599999996 -1.7130584999999998 6.8916015500000016 3.5000000000000004 0.44754030000000006 12.855000000000002 10.813333333333324 10.445000000000002 13.181228500000001 -0.047790550000000202 14.505000000000001 0.74191249999999986 1.0000000180025095e-35 -0.72850024999999963
decision_type=2 2 2 2 2 2 2 2 2 2 2 2 2 2 2 2 2 2 2 2 2 2 2 2 2 2 2 2 2 2
left_child=2 7 8 6 12 28 11 -2 9 -1 -11 -3 29 18 -15 17 24 -16 -14 20 -20 -18 23 -10 26 -26 -17 -21 -5 -4
right_child=1 3 4 5 -6 -7 -8 -9 22 10 -12 -13 13 14 15 16 21 -19 19 27 -22 -23 -24 -25 25 -27 -28 -29 -30 -31
leaf_value=0.35051807984709743 -0.028157100010257671 -0.045124543905846949 -0.073132527776890333 0.095586033915218221 -0.061494829871915971 0.0042713688806804454 -0.10574967515896316 -0.071757533363369 0.097503256779880476 0.10610527019971648 -0.051898447421372389 0.0057440228496662867 0.066892556431253108 -0.1016233282525148 -0.012816214392131027 0.28337286449968818 0.35064409762620929 0.24147736030884764 0.55656570312567055 -0.19615764830793656 0.089282916306897442 0.082500280262055734 0.0093462041931573307 -0.014216799014236781 0.048566983874046767 -0.047941873255560263 0.028581833831138083 0.060620043985545637 -0.076362928977379438 0.025697431552769812
leaf_weight=39 2264 435 90 287 135 418 108 559 65 78 133 973 631 67 22 20 20 55 32 21 27 33 4504 2761 205 286 45 24 26 348
leaf_count=39 2264 435 90 287 135 418 108 559 65 78 133 973 631 67 22 20 20 55 32 21 27 33 4504 2761 205 286 45 24 26 348
internal_value=-0.000334096 -0.0201357 0.0100792 0.000788598 0.0353949 0.0372547 -0.016795 -0.0367907 0.00319583 0.0601757 0.00651051 -0.00997176 0.0421862 0.0530174 0.0253976 0.0378035 0.0212379 0.168822 0.0813136 0.168811 0.342724 0.183687 0.00125245 -0.0116472 0.00575269 -0.00764795 0.106979 -0.0592095 0.0813027 0.00538991
internal_weight=14711 5070 9641 2247 2061 731 1516 2823 7580 250 211 1408 1926 1488 753 686 609 77 735 104 59 53 7330 2826 556 491 65 45 313 438
internal_count=14711 5070 9641 2247 2061 731 1516 2823 7580 250 211 1408 1926 1488 753 686 609 77 735 104 59 53 7330 2826 556 491 65 45 313 438
is_linear=0
shrinkage=0.05


Tree=49
num_leaves=31
num_cat=0
split_feature=2 0 10 11 12 11 11 11 9 12 10 4 2 9 4 10 11 13 11 9 9 7 13 9 9 9 9 13 12 0
split_gain=1121.88 731.312 554.528 458.739 334.73 325.631 276.83 304.226 353.592 621.871 1410.72 341.538 325.641 419.148 388.955 290.94 295.716 268.089 319.784 268.877 274.517 233.081 586.984 1087.84 481.864 391.576 505.542 459.002 374.036 395.541
threshold=20.425000000000004 29.500000000000004 117319.37500000001 -1.8537753499999992 1024642.8500000001 3.9122619000000003 4.4952697650000006 -2.0836790000000001 4.8628540000000013 -237037.85000000006 523081.81000000011 -0.87 11.855000000000002 7.6250610500000002 -2.9199999999999986 319192.0450000001 1.8907006500000001 7.0050000000000008 -0.31713869999999994 9.6218107500000034 1.9193573000000004 2.5000000000000004 22.050000000000004 17.152328500000003 4.3826142500000005 17.971832000000003 23.373870500000006 23.005000000000006 2577.7134000000001 31.500000000000004
decision_type=2 2 2 2 2 2 2 2 2 2 2 2 2 2 2 2 2 2 2 2 2 2 2 2 2 2 2 2 2 2
left_child=1 6 -2 -3 17 21 7 -1 9 10 -9 -12 13 14 -10 16 -11 18 19 20 -4 25 -23 24 -24 27 28 -5 -27 -30
right_child=2 3 4 5 -6 -7 -8 8 12 15 11 -13 -14 -15 -16 -17 -18 -19 -20 -21 -22 22 23 -25 -26 26 -28 -29 29 -31
leaf_value=-0.0282689118440798 -0.0010629999457825998 -0.018275671302138658 -0.0085669141020867732 0.050965849121118872 -0.10571547323388274 -0.041568638765957303 -0.059051999221310804 0.47368073640391234 0.2767683094198054 0.036832443511140726 0.11203309021688797 -0.075733806730972408 -0.010591831545540685 -0.0027451154572435289 0.05077083335982429 -0.018771274257601354 -0.019319270662355562 -0.0068452253053104227 -0.023059873451162838 -0.032822108355701034 -0.11394961070389853 0.017793798184910312 0.042920931260316424 -0.085347964623715827 0.29760954020115044 0.095286343156337924 0.0089807534756393935 -0.078083062005278314 0.026278932392597199 0.27881358587655469
leaf_weight=705 2858 419 77 738 145 123 190 24 33 1207 74 36 2379 119 45 481 291 1002 1241 351 313 1290 26 41 65 168 105 76 20 69
leaf_count=705 2858 419 77 738 145 123 190 24 33 1207 74 36 2379 119 45 481 291 1002 1241 351 313 1290 26 41 65 168 105 76 20 69
internal_value=-0.000317391 0.0111211 -0.016985 0.0304262 -0.0315281 0.0379256 0.000265434 0.00235485 0.00695919 0.0221194 0.126361 0.0505821 -0.00547616 0.0563014 0.146385 0.0150611 0.0259245 -0.0279231 -0.0385791 -0.0645701 -0.0931433 0.0416892 0.0280698 0.128495 0.224841 0.0581576 0.101422 0.0389171 0.13919 0.222064
internal_weight=14711 8724 5987 3140 3129 2721 5584 5394 4689 2113 134 110 2576 197 78 1979 1498 2984 1982 741 390 2598 1422 132 91 1176 362 814 257 89
internal_count=14711 8724 5987 3140 3129 2721 5584 5394 4689 2113 134 110 2576 197 78 1979 1498 2984 1982 741 390 2598 1422 132 91 1176 362 814 257 89
is_linear=0
shrinkage=0.05


Tree=50
num_leaves=31
num_cat=0
split_feature=0 13 0 12 9 7 11 11 11 9 10 1 9 9 13 4 1 9 11 12 7 5 4 14 11 9 4 12 13 1
split_gain=1155.97 771.861 596.237 544.21 520.127 520.551 558.03 544.931 583.743 615.922 489.516 477.508 581.293 423.172 408.202 470.419 612.577 386.992 360.116 423.501 329.538 325.991 316.488 289.552 255.087 254.952 401.248 254.34 475.223 244.29
threshold=30.500000000000004 7.6750000000000007 41.500000000000007 -821357.34999999986 19.413483000000003 1.0000000180025095e-35 0.037200950000000017 -1.0005189999999997 -1.2433930000000009 20.658020000000004 17002.279500000004 23.984999999999982 4.5524597500000015 6.6081085000000011 17.915000000000003 2.1700000000000013 27.716666666666658 -3.6960753999999993 -0.49197390000000019 -255951.6749999999 2.5000000000000004 0.10065426800480219 -4.214999999999999 14.505000000000001 0.82447820000000072 6.5300598500000016 -3.055000000000001 14425.309999999999 20.085000000000004 17.746666666666655
decision_type=2 2 2 2 2 2 2 2 2 2 2 2 2 2 2 2 2 2 2 2 2 2 2 2 2 2 2 2 2 2
left_child=1 10 4 13 11 6 -6 8 9 -7 29 20 -13 -3 -14 16 -16 -5 -12 25 23 -9 -8 -2 27 26 -20 28 -19 -1
right_child=2 3 -4 17 5 7 22 21 -10 -11 18 12 14 -15 15 -17 -18 24 19 -21 -22 -23 -24 -25 -26 -27 -28 -29 -30 -31
leaf_value=-0.0063726782328255172 0.03286815329589516 0.32198483727195049 -0.0044729447358205724 0.047943515477766867 0.34368852530041655 0.2985920345783234 0.25792061910033226 0.022821645187145682 0.34567290837566061 -0.044207443997852119 -0.062897449295214125 -0.031570554832172283 -0.011794661676200729 0.05801857852814149 0.50344795745028104 0.053888544852712328 0.16934196151354736 0.0099502222173263877 0.18254413639840028 -0.038378723831068454 0.00011651282887217127 0.21554503907328068 0.019674194298441645 0.2203417873808316 -0.022217329714652751 -0.004676306157226094 -0.0079625053110264129 -0.018463873697930424 0.22486736992230782 0.085903319775273934
leaf_weight=1275 1071 22 1838 395 33 20 20 477 30 38 949 53 24 49 23 28 34 2401 52 1584 1452 23 46 21 1320 387 59 933 26 76
leaf_count=1275 1071 22 1838 395 33 20 20 477 30 38 949 53 24 49 23 28 34 2401 52 1584 1452 23 46 21 1320 387 59 933 26 76
internal_value=-0.000422831 -0.0107911 0.0184625 0.00234116 0.0308866 0.0697391 0.17581 0.0518803 0.166615 0.0739993 -0.026213 0.0210228 0.104256 0.139811 0.1703 0.221715 0.304157 0.000417942 -0.0373701 -0.0257344 0.0157225 0.0316869 0.0918701 0.0364734 -0.0035933 0.0144835 0.0812838 0.00372329 0.0122526 -0.00118173
internal_weight=14759 9528 5231 5146 3393 687 99 588 88 58 4382 2706 162 71 109 85 57 5075 3031 2082 2544 500 66 1092 4680 498 111 3360 2427 1351
internal_count=14759 9528 5231 5146 3393 687 99 588 88 58 4382 2706 162 71 109 85 57 5075 3031 2082 2544 500 66 1092 4680 498 111 3360 2427 1351
is_linear=0
shrinkage=0.05


Tree=51
num_leaves=31
num_cat=0
split_feature=0 2 2 11 12 12 7 0 9 11 3 9 11 1 9 9 9 11 7 4 11 11 9 1 11 11 2 11 7 3
split_gain=1054.27 649.342 561.481 636.559 406.597 426.68 374.841 502.802 362.372 408.902 303.669 287.907 260.943 275.115 253.171 243.642 350.049 238.696 299.175 235.164 340.633 309.597 402.799 626.144 858.666 518.953 392.437 320.373 307.368 300.95
threshold=28.500000000000004 31.745000000000001 16.905000000000005 -1.3751066500000009 1602.4979999999998 1.0000000180025095e-35 1.5000000000000002 13.500000000000002 18.566604500000004 -0.20791615000000002 19.635000000000002 22.526962500000003 4.4952697650000006 17.528333333333325 0.56710815500000011 0.83123780000000014 19.890884000000003 -0.49197390000000019 5.5000000000000009 -7.844999999999998 -0.33143644999999994 0.21983330000000037 4.6284943500000013 21.634999999999987 -0.28616335000000021 0.037200950000000017 13.015000000000002 -0.60179139999999998 2.5000000000000004 14.075000000000001
decision_type=2 2 2 2 2 2 2 2 2 2 2 2 2 2 2 2 2 2 2 2 2 2 2 2 2 2 2 2 2 2
left_child=1 4 3 -2 5 12 7 -7 -4 10 11 -10 13 -1 -15 -6 -17 18 -3 20 -5 22 27 28 26 -26 -25 -21 29 -24
right_child=2 17 8 19 15 6 -8 -9 9 -11 -12 -13 -14 14 -16 16 -18 -19 -20 21 -22 -23 23 24 25 -27 -28 -29 -30 -31
leaf_value=-0.0026267468953140743 -0.018078871849004172 -0.042992982758616842 -0.002880361686815104 0.014958658943382594 0.005810713522643559 0.044305123185569589 0.034924868013757958 0.39069635640829803 0.20977758465127813 0.010905390185811981 0.041908468586883248 0.015663878906231662 -0.056865788194123634 -0.041950304925558159 0.070021610061743275 -0.053443678797767173 -0.0025851415279646191 -0.030806223940837232 -0.13517594995598001 -0.064858859569434768 0.17894013381482643 0.022943064054654533 0.20012770733185886 0.18694953621866614 -0.056466352028979198 0.24369355949262778 0.44668862625504985 0.053424229982292987 0.0085405550164909198 0.061965269626594315
leaf_weight=5257 417 213 3054 52 458 22 116 20 72 495 131 26 209 64 239 979 517 675 150 76 81 759 58 26 36 24 33 232 145 123
leaf_count=5257 417 213 3054 52 458 22 116 20 72 495 131 26 209 64 239 979 517 675 150 76 81 759 58 26 36 24 33 232 145 123
internal_value=-0.000401689 -0.0112152 0.016113 0.0370984 -0.006319 0.000201875 0.0812653 0.209253 0.00465929 0.0364633 0.0917085 0.158278 -0.00201827 4.34419e-05 0.0463708 -0.0260986 -0.0358676 -0.0483893 -0.0810851 0.0510855 0.114827 0.0454786 0.0681938 0.0986175 0.196784 0.0635976 0.332227 0.0242375 0.0627838 0.106238
internal_weight=14759 8919 5840 2062 7881 5927 158 42 3778 724 229 98 5769 5560 303 1954 1496 1038 363 1645 133 1512 753 445 119 60 59 308 326 181
internal_count=14759 8919 5840 2062 7881 5927 158 42 3778 724 229 98 5769 5560 303 1954 1496 1038 363 1645 133 1512 753 445 119 60 59 308 326 181
is_linear=0
shrinkage=0.05


Tree=52
num_leaves=31
num_cat=0
split_feature=0 1 2 11 4 11 9 11 7 9 7 9 12 4 9 10 1 4 14 8 7 12 4 11 11 7 9 1 9 2
split_gain=951.479 590.271 506.736 574.495 370.573 350.152 327.041 369.034 290.866 253.645 310.505 373.571 249.112 439.498 1158.22 796.495 250.155 425.288 337.07 237.883 236.875 230.571 212.235 313.163 279.411 369.716 367.138 373.428 735.543 378.669
threshold=28.500000000000004 7.0933333333333239 16.905000000000005 -1.3751066500000009 11.265000000000002 0.40910350000000056 18.566604500000004 -0.20791615000000002 1.0000000180025095e-35 -3.6960753999999993 1.5000000000000002 -4.0729369999999987 -307428.66999999998 -3.274999999999999 4.3826142500000005 982038.12000000011 19.383333333333315 -1.8499999999999985 16.945000000000004 1.0000000180025095e-35 5.5000000000000009 370707.22499999998 -7.844999999999998 -0.52136250000000028 0.21983330000000037 3.5000000000000004 4.6284943500000013 21.066666666666652 20.658020000000004 12.695000000000002
decision_type=2 2 2 2 2 2 2 2 2 2 2 2 2 2 2 2 2 2 2 2 2 2 2 2 2 2 2 2 2 2
left_child=1 19 3 -2 9 -6 21 8 -8 10 11 -3 13 14 15 -11 -14 -18 -19 -1 -10 -4 23 -5 25 26 -24 -28 29 -29
right_child=2 4 6 22 5 -7 7 -9 20 12 -12 -13 16 -15 -16 -17 17 18 -20 -21 -22 -23 24 -25 -26 -27 27 28 -30 -31
leaf_value=-0.033657048555833922 -0.017174928391249563 0.047698401314589911 -6.478809350337568e-06 -0.019297577164002828 -0.083828663252995123 0.01461334399663395 0.2644688182998271 0.010360120485696678 0.043585756694561856 0.5344382485374809 0.0042912828857026531 0.22688663069259479 -0.0091214570349579145 -0.014557107567173653 0.019825770623063219 0.13220934709534049 0.2594034041075603 -0.053198026515612451 0.17898411371491174 -0.10795985292424409 0.18029117566796068 -0.071877233589324976 0.032292695872987928 0.15493689824028739 0.021795910963686174 0.015823011754774581 0.084660977347912739 0.19996288593060205 0.060005605789091511 0.46495389319383185
leaf_weight=1358 417 136 2938 35 273 135 21 495 169 20 354 37 5899 274 185 32 23 54 22 117 39 116 178 98 759 255 217 28 49 26
leaf_count=1358 417 136 2938 35 273 135 21 495 169 20 354 37 5899 274 185 32 23 54 22 117 39 116 178 98 759 255 217 28 49 26
internal_value=-0.000381605 -0.0106544 0.0153073 0.0352434 -0.00492869 -0.0512559 0.00442633 0.0346401 0.0871231 -0.00224229 0.0311213 0.0860219 -0.00494356 0.0285687 0.0784271 0.286913 -0.00779864 0.0710226 0.0140126 -0.0395509 0.069218 -0.00273634 0.0485313 0.109086 0.0432047 0.0647841 0.0898546 0.121873 0.200272 0.327551
internal_weight=14759 8919 5840 2062 7444 408 3778 724 229 7036 527 173 6509 511 237 52 5998 99 76 1475 208 3054 1645 133 1512 753 498 320 103 54
internal_count=14759 8919 5840 2062 7444 408 3778 724 229 7036 527 173 6509 511 237 52 5998 99 76 1475 208 3054 1645 133 1512 753 498 320 103 54
is_linear=0
shrinkage=0.05


Tree=53
num_leaves=31
num_cat=0
split_feature=0 13 0 12 7 13 10 4 11 11 4 7 4 14 2 11 12 7 1 7 3 4 4 3 1 1 11 10 3 12
split_gain=863.144 620.41 497.238 462.45 399.778 402.698 392.159 381.961 312.829 727.005 347.277 321.746 586.729 313.115 306.419 294.435 363.32 289.102 283.917 283.624 249.354 438.093 236.118 311.101 230.591 373.661 230.254 217.368 213.305 210.767
threshold=30.500000000000004 7.6750000000000007 42.500000000000007 -821357.34999999986 2.5000000000000004 23.005000000000006 17002.279500000004 -6.464999999999999 0.5889126000000009 -0.46139550000000046 -7.6499999999999986 1.0000000180025095e-35 1.0800000000000012 13.005000000000001 8.7950000000000017 -0.49197390000000019 -255951.6749999999 5.5000000000000009 20.568333333333324 1.5000000000000002 13.865 2.8350000000000004 -3.4349999999999992 16.665000000000003 19.089999999999993 11.076666666666659 0.82447820000000072 3196.3412000000003 45.760000000000012 14425.309999999999
decision_type=2 2 2 2 2 2 2 2 2 2 2 2 2 2 2 2 2 2 2 2 2 2 2 2 2 2 2 2 2 2
left_child=1 6 4 7 8 17 -1 -3 9 13 -10 12 24 19 -13 -8 -17 22 -19 -2 21 -21 23 -6 25 -11 29 -27 -18 -5
right_child=2 3 -4 26 5 -7 15 -9 10 11 -12 14 -14 -15 -16 16 28 18 -20 20 -22 -23 -24 -25 -26 27 -28 -29 -30 -31
leaf_value=-0.00074394922916343827 -0.010613597001244143 0.26090951239870441 -0.0080638007982466176 0.01440838517585896 0.20296521671116352 0.094206291156402541 -0.056216646659652161 0.027080793567001823 0.17881337103658712 0.04693149900084119 0.00031200626825277766 0.26244426852180841 0.39522766295982448 0.18958272200364334 0.066018841834738856 0.014637776968970777 -0.0301208903182834 0.030652491008440259 0.22281491082161664 0.3037721811578824 0.023883910121230208 0.013515849733868471 -0.01341187702852344 0.020407167980772294 -0.015211872428655624 0.12891722906094333 -0.016800287089066914 0.3222255326130174 -0.11440906244554097 -0.012495640737362708
leaf_weight=1351 391 31 1526 2705 27 138 949 40 29 46 451 21 23 26 364 498 1505 494 20 26 101 26 1266 172 25 26 1374 33 79 996
leaf_count=1351 391 31 1526 2705 27 138 949 40 29 46 451 21 23 26 364 498 1505 494 20 26 101 26 1266 172 25 26 1374 33 79 996
internal_value=-0.000362524 -0.00932184 0.0159564 0.00245178 0.0258497 0.0116248 -0.0231482 0.129175 0.0448133 0.0594199 0.0110965 0.101108 0.162445 0.0200719 0.076733 -0.0331344 -0.0226132 0.00586624 0.0381296 0.0119703 0.0696847 0.158644 -0.00545348 0.0451764 0.12126 0.153754 0.000678902 0.237039 -0.0343247 0.00716807
internal_weight=14759 9528 5231 5146 3705 2117 4382 71 1588 1108 480 538 153 570 385 3031 2082 1979 514 544 153 52 1465 199 130 105 5075 59 1584 3701
internal_count=14759 9528 5231 5146 3705 2117 4382 71 1588 1108 480 538 153 570 385 3031 2082 1979 514 544 153 52 1465 199 130 105 5075 59 1584 3701
is_linear=0
shrinkage=0.05


Tree=54
num_leaves=31
num_cat=0
split_feature=0 5 5 9 7 9 4 14 12 11 11 3 13 5 7 1 9 12 7 12 7 7 11 11 9 11 7 3 9 4
split_gain=783.878 516.403 425.297 382.976 416.516 434.717 386.812 364.496 361.675 360.631 606.19 1035.34 316.822 300.332 288.76 281.674 371.723 422.74 265.633 294.149 256.896 468.337 422.144 252.655 328.932 408.517 1327.86 249.312 343.004 274.045
threshold=28.500000000000004 0.064000002457599695 0.042328042432318948 19.890884000000003 2.5000000000000004 23.270278500000003 -1.3100000000000012 17.725000000000005 126211.86999999984 -0.03639225000000023 -1.3109894500000001 14.205000000000002 6.9750000000000005 0.070150827981594097 1.5000000000000002 23.984999999999982 4.3826142500000005 2577.7134000000001 1.5000000000000002 9537.9160000000029 3.5000000000000004 2.5000000000000004 1.2698217499999995 -2.3700714999999994 -3.6960753999999993 -0.81774870000000044 1.0000000180025095e-35 9.8450000000000006 6.0142060000000006 -2.4099999999999988
decision_type=2 2 2 2 2 2 2 2 2 2 2 2 2 2 2 2 2 2 2 2 2 2 2 2 2 2 2 2 2 2
left_child=1 12 -2 15 5 9 7 -6 -7 10 -5 -12 -1 -8 -13 -4 -17 20 19 -11 21 -18 -22 -3 25 26 -25 28 -26 -29
right_child=2 23 3 4 6 8 13 -9 -10 18 11 14 -14 -15 -16 16 17 -19 -20 -21 22 -23 -24 24 27 -27 -28 29 -30 -31
leaf_value=-0.030937581638672926 -0.008097640368967908 -0.030231770893759419 0.011064825715620223 -0.035416844945687517 0.056372668403599641 -0.021150722622732137 0.017417300140076634 0.27966025955975055 0.21049502313137058 0.048596238028609531 0.48426818728446963 0.08001177493033225 -0.0074928554509278078 -0.096325955252993756 0.28054103885705656 -0.033132405018690851 0.02621206426346261 0.29936035100657205 -0.047388725455951047 0.2566585251688957 -0.13728374386472361 0.30470041524833791 0.15927437031641603 0.49672909357718065 0.028596279995059065 0.019365926342085005 0.051673196713967501 0.023977723136807856 0.26737057524068014 -0.010829935185359898
leaf_weight=2722 1597 404 3193 26 108 107 269 22 20 53 30 58 3062 74 26 58 36 26 37 25 28 26 21 21 53 200 83 945 21 1408
leaf_count=2722 1597 404 3193 26 108 107 269 22 20 53 30 58 3062 74 26 58 36 26 37 25 28 26 21 21 53 200 83 945 21 1408
internal_value=-0.000344398 -0.00966865 0.0138958 0.0221739 0.0520764 0.0909095 0.0207144 0.0941598 0.0153289 0.128552 0.182443 0.23213 -0.0185261 -0.00712206 0.14208 0.0146276 0.0729659 0.117883 0.0629451 0.115283 0.0753753 0.142998 -0.0101874 0.00667321 0.0121326 0.0611624 0.14154 0.00599126 0.0963566 0.00314934
internal_weight=14759 8919 5840 4243 855 382 473 130 127 255 140 114 5784 343 84 3388 195 137 115 78 111 62 49 3135 2731 304 104 2427 74 2353
internal_count=14759 8919 5840 4243 855 382 473 130 127 255 140 114 5784 343 84 3388 195 137 115 78 111 62 49 3135 2731 304 104 2427 74 2353
is_linear=0
shrinkage=0.05


Tree=55
num_leaves=31
num_cat=0
split_feature=0 5 9 11 9 12 10 3 7 11 11 11 12 7 13 2 4 11 11 9 12 0 11 3 10 12 2 12 13 9
split_gain=752.346 559.266 394.782 341.731 457.133 384.579 440.331 385.409 451.62 316.901 274.158 304.321 271.599 272.103 528.548 675.841 327.763 305.428 416.949 887.577 1555.47 433.729 327.006 273.004 271.598 244.778 241.214 302.557 253.776 252.269
threshold=29.500000000000004 0.052784376715248306 19.751877000000004 -1.0005189999999997 20.521759000000003 6.2141563499999988 1344098.0000000002 15.385000000000003 2.5000000000000004 -1.2433930000000009 -2.3700714999999994 4.6685333500000006 370707.22499999998 2.5000000000000004 21.625000000000004 12.175000000000002 -0.52499999999999936 2.5465700500000001 -0.41969302499999933 -1.2087859999999997 -1.0000000180025095e-35 38.500000000000007 0.57209749999999915 22.545000000000005 2337241.0000000005 894588.75000000035 11.855000000000002 -67516.689999999973 24.400000000000002 8.0099335000000025
decision_type=2 2 2 2 2 2 2 2 2 2 2 2 2 2 2 2 2 2 2 2 2 2 2 2 2 2 2 2 2 2
left_child=1 24 12 4 -4 -5 7 8 -7 -6 -3 26 13 17 -15 -16 -17 18 -2 20 -20 -22 23 -21 25 -1 27 29 -28 -12
right_child=2 10 3 5 9 6 -8 -9 -10 -11 11 -13 -14 14 15 16 -18 -19 19 22 21 -23 -24 -25 -26 -27 28 -29 -30 -31
leaf_value=-0.014927385393106792 0.0031504253930428865 -0.030420295662714855 0.3147820181697607 0.011758900579939379 -0.0031882456217247712 0.33743851134251501 0.0014770163796268979 0.05317736843638237 0.10890555321955338 0.20545120928436519 0.2060787207550473 -0.064642727431040131 -0.06183441299389103 -0.005449925395537944 0.2868928125367633 -0.12619748041033746 0.088765765897563242 -0.048657705137890035 0.55559227082716389 0.09648728486815733 0.22848004100223382 -0.020440133554594859 0.005010127971347954 0.01477596104457419 -0.053979176843144176 -0.098400876058472531 0.0053096562356745123 0.025262594281305718 -0.16132351749617121 0.01275722468616786
leaf_weight=3633 770 549 25 642 52 37 104 81 52 28 45 143 134 2392 35 25 61 131 23 280 30 42 420 161 571 90 3480 616 23 27
leaf_count=3633 770 549 25 642 52 37 104 81 52 28 45 143 134 2392 35 25 61 131 23 280 30 42 420 161 571 90 3480 616 23 27
internal_value=6.88747e-05 -0.00870733 0.0146461 0.0427178 0.128156 0.0329241 0.0825157 0.132092 0.203914 0.0698356 0.00286755 0.00708422 0.0082826 0.0104326 -0.000292558 0.101661 0.0262765 0.0249466 0.030533 0.052588 0.197627 0.0832766 0.0365849 0.0666562 -0.0218699 -0.0169453 0.00953159 0.0365985 0.00421558 0.133583
internal_weight=14702 9177 5525 1021 105 916 274 170 89 80 4883 4334 4504 4370 2513 121 86 1857 1726 956 95 72 861 441 4294 3723 4191 688 3503 72
internal_count=14702 9177 5525 1021 105 916 274 170 89 80 4883 4334 4504 4370 2513 121 86 1857 1726 956 95 72 861 441 4294 3723 4191 688 3503 72
is_linear=0
shrinkage=0.05


Tree=56
num_leaves=31
num_cat=0
split_feature=1 10 11 11 11 9 14 9 1 11 7 7 0 9 9 1 9 8 14 12 11 11 9 9 3 1 9 0 12 14
split_gain=692.377 541.129 346.341 297.146 344.316 344.543 382.716 345.076 464.368 364.82 292.942 285.634 380.625 796.023 1092.2 312.718 282.12 278.651 386.492 333.75 490.701 510.605 313.711 271.574 266.935 268.015 252.052 406.596 286.721 250.214
threshold=10.783333333333319 1293157.7000000002 4.4952697650000006 -1.9562682499999997 0.5889126000000009 7.2196045000000009 13.680000000000001 6.8128508500000011 23.984999999999982 1.4196320170000003 3.5000000000000004 1.0000000180025095e-35 9.5000000000000018 -0.81166074999999982 -4.0729369999999987 15.969999999999994 -4.4078521499999992 1.0000000180025095e-35 5.9200000000000008 -237037.85000000006 -0.61741609999999969 -0.19569390800000044 7.9224091500000009 19.890884000000003 10.445000000000002 5.4583333333333286 17.333420000000004 30.500000000000004 481274.10000000027 11.185
decision_type=2 2 2 2 2 2 2 2 2 2 2 2 2 2 2 2 2 2 2 2 2 2 2 2 2 2 2 2 2 2
left_child=17 2 3 10 11 6 7 8 16 -9 -2 12 -5 14 -14 -13 -6 19 -19 20 -1 22 -22 -3 -21 -26 28 -28 -27 -15
right_child=1 23 -4 4 5 -7 -8 9 -10 -11 -12 15 13 29 -16 -17 -18 18 -20 24 21 -23 -24 -25 25 26 27 -29 -30 -31
leaf_value=-0.035426176134787969 0.010486603753910841 -0.066185557670786835 -0.051907019672186999 -0.021505960384483942 0.18459460703389985 -0.015081137169450443 0.12636067595820963 0.24025590367176952 0.21702545285314467 0.013374958006111352 -0.053084687695727467 0.011892248597973259 0.10004869197857463 0.043152673718076753 0.56088655526749798 0.042219650839103666 -0.00050707554410511378 -0.12431763280774394 -0.020656368576337222 0.069041695525037486 0.25322101454560958 0.019189518212366769 0.080628024141912405 -0.0028906808969237866 -0.046615655615794865 -0.0140696468107731 0.0012580337771296818 0.118503665500378 -0.072548313921652161 0.22711029631085694
leaf_weight=320 475 321 195 93 21 1180 83 34 26 37 293 2198 36 244 20 1386 1042 126 314 94 36 609 98 359 626 3262 849 81 224 20
leaf_count=320 475 321 195 93 21 1180 83 34 26 37 293 2198 36 244 20 1386 1042 126 314 94 36 609 98 359 626 3262 849 81 224 20
internal_value=6.54309e-05 0.00991134 0.0138424 0.0156261 0.0191422 0.00427014 0.0226406 0.0152193 0.00825599 0.122022 -0.0137665 0.0281577 0.0675324 0.0934092 0.264634 0.0236204 0.00314968 -0.0118923 -0.0503412 -0.00916327 0.0163382 0.0386325 0.126996 -0.0327696 -0.0144413 -0.0159977 -0.0116574 0.0114698 -0.0178273 0.0570889
internal_weight=14702 8063 7383 7188 6420 2423 1243 1160 1089 71 768 3997 413 320 56 3584 1063 6639 440 6199 1063 743 134 680 5136 5042 4416 930 3486 264
internal_count=14702 8063 7383 7188 6420 2423 1243 1160 1089 71 768 3997 413 320 56 3584 1063 6639 440 6199 1063 743 134 680 5136 5042 4416 930 3486 264
is_linear=0
shrinkage=0.05


Tree=57
num_leaves=31
num_cat=0
split_feature=13 5 12 11 11 0 11 9 7 0 9 1 11 2 11 9 7 9 0 7 11 3 9 7 1 11 11 1 11 1
split_gain=640.175 323.705 295.276 286.983 281.599 256.47 494.425 212.358 310.065 214.186 278.458 380.269 384.24 320.546 289.803 289.565 911.252 1446.27 246.097 224.739 210.856 582.35 461.775 530.952 209.132 315.501 264.932 535.116 422.429 240.387
threshold=10.915000000000001 0.050722800588245388 1090008.9000000004 4.4952697650000006 -1.8537753499999992 34.500000000000007 -1.1225280000000006 -3.9000549499999995 1.5000000000000002 26.500000000000004 18.087814500000004 10.40499999999999 -0.24378974999999967 10.055000000000001 -1.1787720000000002 -1.4972533999999997 1.5000000000000002 -2.6317901999999997 18.500000000000004 3.5000000000000004 -0.60179139999999998 15.205000000000002 20.658020000000004 2.5000000000000004 15.969999999999994 1.7319183500000004 0.037200950000000017 23.984999999999982 0.15161099999999908 16.599999999999991
decision_type=2 2 2 2 2 2 2 2 2 2 2 2 2 2 2 2 2 2 2 2 2 2 2 2 2 2 2 2 2 2
left_child=1 -1 7 4 -3 -6 -7 8 -2 18 14 -12 19 -14 -11 16 17 -16 -9 20 22 -22 23 -13 -17 26 -26 28 -28 -30
right_child=2 3 -4 -5 5 6 -8 9 -10 10 11 12 13 -15 15 24 -18 -19 -20 -21 21 -23 -24 -25 25 -27 27 -29 29 -31
leaf_value=-0.017194641491606499 0.11295449645911085 -0.025946614907900702 -0.14328840484221778 -0.062433148599592252 0.0048594324704719525 0.21562006032237641 0.029217426991435116 0.0061449332855889769 0.015307305114395264 -0.023128939412353035 0.16919764830963688 0.056953623724820206 0.16273248288780451 -0.00035869684621908714 0.0041341177441857084 -0.00090132176806095084 0.0059429934060182231 0.5916141220927239 -0.04299030557819674 -0.010555207419951085 0.35890082017733504 0.080109431752726556 -0.012109916477018725 0.32306758910738709 0.017223531367775616 -0.024127373191280457 0.23082021352122811 0.3179102122085169 0.19378793422471396 0.017513467686526382
leaf_weight=4760 130 642 30 167 2983 39 405 1913 217 502 56 53 32 515 22 940 99 20 294 59 26 67 92 29 212 158 34 24 22 160
leaf_count=4760 130 642 30 167 2983 39 405 1913 217 502 56 53 32 515 22 940 99 20 294 59 26 67 92 29 212 158 34 24 22 160
internal_value=6.21593e-05 -0.00824729 0.0131627 0.00180686 0.0044434 0.0101365 0.0455906 0.0139896 0.0518898 0.0115217 0.0199498 0.0428925 0.0347905 0.00918229 0.0102308 0.0201341 0.0887347 0.283887 -0.000400495 0.0777589 0.0972739 0.158051 0.0647896 0.151067 0.0138937 0.0366926 0.0579527 0.0939301 0.0690434 0.0388214
internal_weight=14702 8996 5706 4236 4069 3427 444 5676 347 5329 3122 929 873 547 2193 1691 141 42 2207 326 267 93 174 82 1550 610 452 240 216 182
internal_count=14702 8996 5706 4236 4069 3427 444 5676 347 5329 3122 929 873 547 2193 1691 141 42 2207 326 267 93 174 82 1550 610 452 240 216 182
is_linear=0
shrinkage=0.05


Tree=58
num_leaves=31
num_cat=0
split_feature=0 12 9 11 9 12 10 3 9 9 10 11 9 1 12 12 9 3 7 5 4 11 11 9 12 0 1 11 3 11
split_gain=589.116 441.702 320.62 298.551 392.486 344.186 390.234 340.248 407.398 461.37 368.355 277.978 251.62 243.773 436.676 227.991 225.24 224.499 294.851 273.629 295.692 248.116 258.372 697.473 1581.81 359.448 222.287 366.099 217.443 214.892
threshold=29.500000000000004 42173.737500000003 19.751877000000004 -1.0005189999999997 20.521759000000003 6.2141563499999988 1344098.0000000002 15.385000000000003 21.435455000000001 23.513290500000004 633782.00000000012 -1.2433930000000009 20.266724000000004 9.681666666666656 -777834.52499999991 370707.22499999998 1.5216522000000003 10.585000000000003 2.5000000000000004 0.10065426800480219 2.395 2.8239135700000002 -0.41969302499999933 -1.2087859999999997 -1.0000000180025095e-35 38.500000000000007 19.894999999999982 -0.28616335000000021 17.485000000000003 0.57209749999999915
decision_type=2 2 2 2 2 2 2 2 2 2 2 2 2 2 2 2 2 2 2 2 2 2 2 2 2 2 2 2 2 2
left_child=1 13 15 4 -4 26 7 8 -7 10 -10 -6 16 -1 -15 17 -3 19 21 20 -2 22 -19 24 -24 -26 -5 -28 -18 -25
right_child=2 12 3 5 11 6 -8 -9 9 -11 -12 -13 -14 14 -16 -17 28 18 -20 -21 -22 -23 23 29 25 -27 27 -29 -30 -31
leaf_value=-0.013782140857165146 0.20201532397495239 -0.0019317120877598319 0.29104134374856949 0.023113397389197262 -0.0043173696415928697 -0.0085273894481360923 -0.00027233132859691981 0.04854102758805693 0.46886494068801404 0.064918867887362189 0.1848097697609947 0.19108923790710314 0.0051316814917488221 0.15403641556598702 0.0039359646334777071 -0.057018169346474003 -0.080626071083524431 0.0052216455633361421 -0.0040406025030553057 -0.058923110602712582 0.025503060407936574 -0.053914623491116802 0.5563445818300049 0.055848911287501413 0.20320158495700788 -0.025963613975115797 0.09516009542970888 -0.10465134487021716 -0.034108930253851637 0.0057077614166613291
leaf_weight=2566 49 379 25 523 52 20 104 81 25 23 21 28 473 49 4354 134 333 751 2447 29 46 100 21 420 28 44 31 88 1023 435
leaf_count=2566 49 379 25 523 52 20 104 81 25 23 21 28 473 49 4354 134 333 751 2447 29 46 100 21 420 28 44 31 88 1023 435
internal_value=5.90513e-05 -0.00770696 0.0129584 0.0382563 0.118115 0.0291023 0.0760172 0.122688 0.190171 0.247765 0.339188 0.0640749 -0.0271951 -0.0015325 0.0056064 0.00722363 -0.0360081 0.00919352 0.00725684 0.075509 0.116546 0.0226236 0.0271285 0.044483 0.174521 0.0631562 0.00907936 -0.0525996 -0.0455324 0.0303385
internal_weight=14702 9177 5525 1021 105 916 274 170 89 69 46 80 2208 6969 4403 4504 1735 4370 4246 124 95 1799 1699 948 93 72 642 119 1356 855
internal_count=14702 9177 5525 1021 105 916 274 170 89 69 46 80 2208 6969 4403 4504 1735 4370 4246 124 95 1799 1699 948 93 72 642 119 1356 855
is_linear=0
shrinkage=0.05


Tree=59
num_leaves=31
num_cat=0
split_feature=13 5 10 11 11 14 11 11 3 7 12 12 1 4 4 1 3 7 10 5 3 3 1 12 0 12 2 3 11 12
split_gain=538.368 274.848 263.405 255.772 249.159 231.822 206.273 270.233 225.163 222.242 266.526 176.36 169.016 252.65 157.532 187.642 427.689 147.657 315.854 141.319 231.678 330.8 454.196 138.725 154.585 175.666 267.436 167.899 528.473 279.496
threshold=10.915000000000001 0.050722800588245388 2376818.6500000004 4.4952697650000006 -1.8537753499999992 17.48 1.2159272999999995 -2.865982349999999 23.805000000000003 3.5000000000000004 319664.10000000003 281612.28000000003 17.746666666666655 -1.2099999999999997 -2.649999999999999 23.984999999999982 11.685 2.5000000000000004 66.497280000000003 0.072490036888733761 13.405000000000003 17.155000000000005 15.856666666666648 740612.70000000007 24.500000000000004 -777834.52499999991 13.285000000000002 16.975000000000005 3.3906402800000008 -24508.239999999958
decision_type=2 2 2 2 2 2 2 2 2 2 2 2 2 2 2 2 2 2 2 2 2 2 2 2 2 2 2 2 2 2
left_child=1 11 6 4 -3 23 7 -2 9 -9 19 -1 -7 -14 17 -16 -17 -8 -19 -11 -21 22 -22 24 25 26 -6 29 -29 -26
right_child=2 3 -4 -5 5 12 14 8 -10 10 -12 -13 13 -15 15 16 -18 18 -20 20 21 -23 -24 -25 27 -27 -28 28 -30 -31
leaf_value=-0.011489293021363842 -0.018671280786660274 -0.024396646219126222 -0.079781577131989134 -0.058945896892535113 0.19153700035450788 -0.0019166671813039455 0.0026680806210819395 0.034198156208204974 -0.0051085023411189838 -0.00085680810734629638 -0.089748930827315374 -0.037253376075625656 0.25897684281780603 0.066375114814274841 -0.018743436457728916 0.24888863540476278 -0.070220491715839925 0.02674852728710643 0.25413006871406524 -0.0065620449294938772 -0.020159700829535724 -0.039130310198435415 0.27166528627276421 -0.097018986970942939 -0.048830040252028868 -0.003332523597846547 0.015694458826499828 0.030994822852537959 0.25391202563686027 0.029949124739578337
leaf_weight=3962 446 642 77 167 29 59 141 2649 629 487 70 798 21 90 917 21 21 56 21 85 20 26 40 32 174 2063 85 527 28 319
leaf_count=3962 446 642 77 167 29 59 141 2649 629 487 70 798 21 90 917 21 21 56 21 85 20 26 40 32 174 2063 85 527 28 319
internal_value=5.60988e-05 -0.00756403 0.0120699 0.00170036 0.00418941 0.0095446 0.0133263 0.0182477 0.022358 0.0274739 0.00300627 -0.0158086 0.0664658 0.102813 -0.00528874 -0.0140101 0.0893341 0.0330773 0.0887617 0.0128738 0.0519781 0.109838 0.17439 0.00657358 0.00760148 6.24981e-06 0.0604263 0.023379 0.0422411 0.00214471
internal_weight=14702 8996 5706 4236 4069 3427 5629 4452 4006 3377 728 4760 170 111 1177 959 42 218 77 658 171 86 60 3257 3225 2177 114 1048 555 493
internal_count=14702 8996 5706 4236 4069 3427 5629 4452 4006 3377 728 4760 170 111 1177 959 42 218 77 658 171 86 60 3257 3225 2177 114 1048 555 493
is_linear=0
shrinkage=0.05


Tree=60
num_leaves=31
num_cat=0
split_feature=0 0 2 11 11 14 9 2 12 11 9 2 7 11 11 12 11 9 3 0 9 7 1 9 4 11 9 12 7 9
split_gain=521.164 571.832 331.085 478.128 271.824 270.663 235.742 230.948 450.707 225.014 382.458 215.712 209.304 422.26 406.042 690.586 300.72 284.758 264.55 402.096 261.184 238.243 227.144 206.584 232.801 206.291 246.968 232.125 219.161 237.747
threshold=25.500000000000004 18.500000000000004 20.525000000000002 -1.2433930000000009 4.4952697650000006 12.105000000000002 2.1125641000000006 11.485000000000001 -166871.85000000001 -1.1225280000000006 19.552368000000005 16.835000000000004 3.5000000000000004 1.4803770000000005 0.5889126000000009 -410640.04999999999 0.53839050000000033 17.333420000000004 11.855000000000002 29.500000000000004 -2.1961364499999996 1.5000000000000002 33.484999999999992 -0.14620971999999996 -3.274999999999999 -0.49197390000000019 7.2196045000000009 -284116.27000000002 1.0000000180025095e-35 15.774017000000002
decision_type=2 2 2 2 2 2 2 2 2 2 2 2 2 2 2 2 2 2 2 2 2 2 2 2 2 2 2 2 2 2
left_child=1 7 3 5 9 -2 23 8 -1 10 -5 -7 14 22 16 -16 -11 20 -15 -20 -17 -22 -14 -3 -25 26 -8 28 -27 -30
right_child=2 6 -4 4 -6 11 25 -9 -10 12 -12 -13 13 18 15 17 -18 -19 19 -21 21 -23 -24 24 -26 27 -28 -29 29 -31
leaf_value=0.25168194793672727 -0.023942780532824344 -0.023199725969355892 -0.0025080376473920292 -0.0050698479637503631 -0.049371579116227748 0.014703892640493536 -0.11259332642100915 -0.0038090574652301801 0.020840028472144591 0.05571168098629236 0.30414627619087697 0.18779344403468445 0.0022832921316982111 0.19689228028679889 0.26183485801403344 0.12600688217528935 0.2346725469765564 0.062841079826984142 0.25276197960430924 0.027028164933606283 -0.076808386062067469 -0.0011184539424557187 -0.15052235954999926 0.13676462749741516 0.0062729240751586259 -0.11102130451472476 -0.040376648274166177 -0.040920860053113003 0.066445819021349675 -0.035739513496858076
leaf_weight=22 729 330 2907 20 107 54 184 5233 544 1071 20 27 894 36 26 29 24 135 22 191 164 284 25 49 113 32 332 843 152 91
leaf_count=22 729 330 2907 20 107 54 184 5233 544 1071 20 27 894 36 26 29 24 135 22 191 164 284 25 49 113 32 332 843 152 91
internal_value=4.15226e-05 -0.0086597 0.0102348 0.0198364 0.0289104 -0.0143085 -0.0308416 -0.000527474 0.0298127 0.0317584 0.149538 0.0724004 0.0301345 0.0137752 0.0411602 0.00945335 0.0596341 -0.00126874 0.0715312 0.0503434 -0.019413 -0.0288264 -0.00187355 -0.000499192 0.0457426 -0.0399778 -0.0661283 -0.0279083 0.011981 0.0281789
internal_weight=14690 7925 6765 3858 3048 810 2126 5799 566 2941 40 81 2901 1168 1733 638 1095 612 249 213 477 448 919 492 162 1634 516 1118 275 243
internal_count=14690 7925 6765 3858 3048 810 2126 5799 566 2941 40 81 2901 1168 1733 638 1095 612 249 213 477 448 919 492 162 1634 516 1118 275 243
is_linear=0
shrinkage=0.05


Tree=61
num_leaves=31
num_cat=0
split_feature=0 0 2 11 11 14 9 2 12 0 11 9 12 3 11 3 11 1 7 11 12 11 12 13 11 9 9 7 1 1
split_gain=470.35 516.078 298.804 431.51 245.321 244.274 212.757 208.431 406.763 203.402 203.075 345.169 199.878 198.969 287.12 196.316 213.267 228.678 188.897 399.195 598.526 366.453 623.254 280.554 283.489 256.994 235.718 215.014 203.758 192.203
threshold=25.500000000000004 18.500000000000004 20.525000000000002 -1.2433930000000009 4.4952697650000006 12.105000000000002 2.1125641000000006 11.485000000000001 -166871.85000000001 11.500000000000002 -1.1225280000000006 19.552368000000005 -1083858.5249999997 15.645000000000001 -1.9027864999999993 17.935000000000006 1.6259152000000003 9.681666666666656 3.5000000000000004 3.3906402800000008 -56.159701999999989 0.5889126000000009 -410640.04999999999 35.085000000000008 0.53839050000000033 17.333420000000004 -2.1961364499999996 1.5000000000000002 19.734999999999975 33.484999999999992
decision_type=2 2 2 2 2 2 2 2 2 2 2 2 2 2 2 2 2 2 2 2 2 2 2 2 2 2 2 2 2 2
left_child=1 7 3 5 10 12 15 8 -1 -10 11 -5 -2 -7 -15 -3 -17 -18 21 29 -21 23 -23 24 -12 26 -24 -28 -27 -20
right_child=2 6 -4 4 -6 13 -8 -9 9 -11 18 -13 -14 14 -16 16 17 -19 19 20 -22 22 25 -25 -26 28 27 -29 -30 -31
leaf_value=0.2390978517857465 0.12230753069338592 -0.037379834273731552 -0.0023826359032922029 -0.0048163571581244478 -0.046902999435072749 -0.02819081246852875 -0.037978905283990165 -0.0036186046422506551 -0.00046274358179991841 0.065933999305882729 0.049141082356597796 0.28893896766006949 -0.027471169770831146 0.031596104441017944 0.27785152517259121 0.0087576366013630749 0.016800540996094546 0.25303830555640161 0.0085244213029620278 0.34883386973469033 0.041794168344483934 0.24874311800186455 0.11970654124843663 0.23340247671373865 0.22293891967274249 0.091121985994836452 -0.072967965964500489 -0.001062531556284816 -0.060381574077265604 -0.11586809600703418
leaf_weight=22 23 208 2907 20 107 32 1634 5233 378 166 1049 20 706 29 20 243 21 20 1050 21 65 26 29 22 24 107 164 284 28 32
leaf_count=22 23 208 2907 20 107 32 1634 5233 378 166 1049 20 706 29 20 243 21 20 1050 21 65 26 29 22 24 107 164 284 28 32
internal_value=3.94465e-05 -0.00822672 0.00972302 0.0188446 0.0274649 -0.013593 -0.0292996 -0.0005011 0.028322 0.019798 0.0301705 0.142061 -0.0227456 0.0687804 0.132109 -0.000474232 0.0265552 0.132038 0.0286277 0.0130865 0.116769 0.0391022 0.00898068 0.0566524 0.0530285 -0.00120531 -0.0184424 -0.0273851 0.059699 0.00484553
internal_weight=14690 7925 6765 3858 3048 810 2126 5799 566 544 2941 40 729 81 49 492 284 41 2901 1168 86 1733 638 1095 1073 612 477 448 135 1082
internal_count=14690 7925 6765 3858 3048 810 2126 5799 566 544 2941 40 729 81 49 492 284 41 2901 1168 86 1733 638 1095 1073 612 477 448 135 1082
is_linear=0
shrinkage=0.05


Tree=62
num_leaves=31
num_cat=0
split_feature=0 0 0 10 10 11 3 12 3 13 11 9 11 12 1 0 10 9 2 12 11 9 12 10 9 0 12 11 9 4
split_gain=424.491 465.761 280.317 276.884 503.644 811.545 572.489 551.884 640.67 463.278 232.996 293.169 224.407 218.721 216.21 210.902 469.494 192.014 188.109 367.104 186.178 222.889 209.492 205.284 184.553 183.57 180.896 178.833 178.558 200.792
threshold=25.500000000000004 18.500000000000004 42.500000000000007 395226.95000000007 252773.57500000004 -0.086090099999999822 17.355000000000004 -67516.689999999973 14.325000000000001 32.630000000000003 -0.44813534999999977 10.480713000000002 -4.9562834999999987 -861622.31999999983 8.8749999999999911 32.500000000000007 152342.94500000004 2.1125641000000006 11.485000000000001 -166871.85000000001 -0.49197390000000019 7.2196045000000009 -284116.27000000002 1915413.5500000003 -5.1267699999999996 11.500000000000002 1090008.9000000004 -2.6104434999999993 -0.14620971999999996 -3.274999999999999
decision_type=2 2 2 2 2 2 2 2 2 2 2 2 2 2 2 2 2 2 2 2 2 2 2 2 2 2 2 2 2 2
left_child=1 18 3 4 12 -6 7 -7 -9 10 11 13 -2 -5 -14 16 -16 28 19 -1 21 -19 23 -22 -17 -21 -12 -13 -3 -30
right_child=2 17 -4 9 5 6 -8 8 -10 -11 26 27 14 -15 15 24 -18 20 -20 25 22 -23 -24 -25 -26 -27 -28 -29 29 -31
leaf_value=0.22714295915581961 -0.075615737084299334 -0.021555166040180308 -0.0096696553382514001 0.074988194248255563 -0.0082230058734069824 -0.024282062053680421 0.40394486642628913 0.38405050031840804 0.023967895976134711 0.17650860289209769 0.01295844310907269 0.15999721582978965 0.17485271109187084 -0.056691042401603067 0.0018946515443997508 0.12213202201251297 0.27946465453505515 -0.10506471485682795 -0.0034376744368855186 -0.00043960652971965458 -0.011237159252833898 -0.036458870288579311 -0.036975871671744084 0.089396818276883949 0.016342702590890039 0.06263729967345226 -0.094575364760530647 0.0054654584349682969 0.12707359812089378 0.0058844457219758665
leaf_weight=22 60 330 1520 34 91 34 25 30 21 38 1756 20 23 435 39 42 25 184 5233 378 208 332 843 67 2239 166 40 293 49 113
leaf_count=22 60 330 1520 34 91 34 25 30 21 38 1756 20 23 435 39 42 25 184 5233 378 208 332 843 67 2239 166 40 293 49 113
internal_value=3.74742e-05 -0.00781538 0.00923687 0.014716 0.0261756 0.102237 0.193617 0.131756 0.235781 0.00319941 0.000644814 -0.0221351 0.0198789 -0.047145 0.0222986 0.0208023 0.11032 -0.0278346 -0.000476045 0.0269059 -0.03608 -0.060923 -0.024614 0.0132809 0.0182906 0.0188081 0.0105635 0.0153397 -0.000450521 0.0425404
internal_weight=14690 7925 6765 5245 2629 201 110 85 51 2616 2578 782 2428 469 2368 2345 64 2126 5799 566 1634 516 1118 275 2281 544 1796 313 492 162
internal_count=14690 7925 6765 5245 2629 201 110 85 51 2616 2578 782 2428 469 2368 2345 64 2126 5799 566 1634 516 1118 275 2281 544 1796 313 492 162
is_linear=0
shrinkage=0.05


Tree=63
num_leaves=31
num_cat=0
split_feature=10 12 7 11 11 9 1 1 2 9 1 3 10 9 3 13 9 1 9 9 1 14 13 2 7 9 13 13 11 11
split_gain=380.61 309.581 282.263 357.63 304.892 385.053 283.198 325.335 279.485 515.4 349.627 302.877 273.14 256.779 237.755 245.418 292.639 243.869 966.959 218.384 220.365 203.687 196.927 399.322 208.685 190.066 187.079 186.291 183.988 192.824
threshold=2337241.0000000005 894588.75000000035 3.5000000000000004 2.3327484500000009 -0.46139550000000046 16.443359000000004 17.746666666666655 25.203333333333315 12.855000000000002 6.0142060000000006 15.221666666666659 38.475000000000001 319192.0450000001 23.373870500000006 12.355000000000002 19.375000000000004 2.2348480000000004 25.203333333333315 20.658020000000004 16.948731000000006 6.9433333333333254 15.315000000000003 20.005000000000006 13.285000000000002 5.5000000000000009 5.1150055000000014 32.630000000000003 19.515000000000004 4.4952697650000006 3.3906402800000008
decision_type=2 2 2 2 2 2 2 2 2 2 2 2 2 2 2 2 2 2 2 2 2 2 2 2 2 2 2 2 2 2
left_child=1 2 3 14 5 8 19 13 9 -4 11 -10 -9 22 26 -16 -17 -18 -19 28 -21 -7 24 -24 -8 -2 27 -1 29 -6
right_child=25 -3 4 -5 6 21 7 12 10 -11 -12 -13 -14 -15 15 16 17 18 -20 20 -22 -23 23 -25 -26 -27 -28 -29 -30 -31
leaf_value=0.046239805713565535 -0.13139023158388835 -0.075836910015544087 -0.014490971308792148 -0.026689613893162462 0.0028728143805587833 0.013434233308287897 0.011933573938018097 -0.08005011764027932 -0.025594071172211675 0.20487702363752761 -0.10634835726921321 -0.14306575191560492 0.12555077280849219 0.23367185797542334 0.0062808949754502271 -0.050568940986234413 0.046349069811667962 0.34716302177478231 -0.070780171036720282 -0.10989465050892358 -0.016586722645740681 0.17025527439334176 0.31481697309762241 0.028253373756043372 0.10913098581756156 -0.02843832748349542 0.17235776674747469 -0.0133821934414191 -0.046827682790278297 0.046261374695890402
leaf_weight=608 48 127 164 650 2247 352 237 84 1017 32 185 58 20 20 5990 65 282 31 25 68 911 22 20 31 72 679 25 167 164 289
leaf_count=608 48 127 164 650 2247 352 237 84 1017 32 185 58 20 20 5990 65 282 31 25 68 911 22 20 31 72 679 25 167 164 289
internal_value=3.56005e-05 0.00187204 0.00258533 0.00882803 -0.00558445 -0.0225942 0.00189282 0.0378474 -0.0342183 0.0213242 -0.0428583 -0.0319321 -0.0405115 0.0592929 0.0120376 0.00882193 0.0465906 0.0652751 0.160581 -0.00283727 -0.0230678 0.022659 0.0496052 0.140631 0.0345815 -0.0352357 0.0377349 0.0333922 0.00449815 0.00781733
internal_weight=14690 13963 13836 7843 5993 1830 4163 484 1456 196 1260 1075 104 380 7193 6393 403 338 56 3679 979 374 360 51 309 727 800 775 2700 2536
internal_count=14690 13963 13836 7843 5993 1830 4163 484 1456 196 1260 1075 104 380 7193 6393 403 338 56 3679 979 374 360 51 309 727 800 775 2700 2536
is_linear=0
shrinkage=0.05


Tree=64
num_leaves=31
num_cat=0
split_feature=0 0 0 10 10 11 3 7 1 13 11 9 12 11 11 1 1 11 9 2 12 0 1 10 11 7 0 13 1 13
split_gain=374.894 395.61 255.831 292.741 419.059 727.351 514.65 518.577 585.692 382.4 206.611 258.487 192.11 171.278 179.245 199.924 175.124 166.304 164.982 163.808 328.889 163.91 162.327 180.71 161.601 160.84 321.759 304.835 182.644 184.193
threshold=25.500000000000004 18.500000000000004 41.500000000000007 395226.95000000007 252773.57500000004 -0.086090099999999822 17.355000000000004 1.5000000000000002 17.981666666666666 32.630000000000003 -0.44813534999999977 10.480713000000002 -861622.31999999983 -4.9562834999999987 0.55387885000000037 10.48166666666666 9.3566666666666602 -0.49197390000000019 1.8019714500000001 11.485000000000001 -166871.85000000001 11.500000000000002 15.764999999999981 2455717.0000000005 -2.6104434999999993 3.5000000000000004 32.500000000000007 21.625000000000004 12.289999999999987 13.955000000000002
decision_type=2 2 2 2 2 2 2 2 2 2 2 2 2 2 2 2 2 2 2 2 2 2 2 2 2 2 2 2 2 2
left_child=1 19 3 4 13 -6 7 -7 -9 10 11 12 -5 -2 16 -16 -15 -3 -4 20 -1 -22 23 -19 -13 26 -18 -27 -28 -30
right_child=2 17 18 9 5 6 -8 8 -10 -11 -12 24 -14 14 15 -17 25 22 -20 -21 21 -23 -24 -25 -26 27 28 -29 29 -31
leaf_value=0.21449875601313334 -0.067832164410150275 -0.045317538393740177 -0.03356322194789578 0.070280848279157107 -0.0081261811931464048 0.3469471964240074 0.38237740081548693 -0.04426043145358563 0.2809316635131836 0.16053070641661948 0.010093802422509873 0.15200206309556963 -0.053128244610551489 0.16500113022327423 0.14812531737691684 -0.0016908153509055928 0.2298657820924469 -0.0025799532283993518 0.0013017524481697309 -0.0033456614796893826 -0.00088240684492996461 0.058721172486815687 -0.096244573953251047 -0.047145307650067046 0.0051043070103407367 0.019515436647599565 -0.0052049288905031896 -0.14206316721054815 0.10357172989400386 0.038021996662092328
leaf_weight=22 53 721 452 34 91 20 25 45 20 38 1796 20 435 25 23 700 23 1055 1361 5233 378 166 60 290 293 500 173 31 139 468
leaf_count=22 53 721 452 34 91 20 25 45 20 38 1796 20 435 25 23 700 23 1055 1361 5233 378 166 60 290 293 500 173 31 139 468
internal_value=3.38205e-05 -0.00734603 0.0086791 0.0145624 0.0274272 0.0964468 0.182957 0.124304 0.0557987 0.00307454 0.000753621 -0.0206977 -0.0441817 0.0209294 0.0231889 0.00307512 0.0338896 -0.0257961 -0.00739045 -0.000581947 0.0249702 0.0173055 -0.0157784 -0.0121888 0.0144907 0.0314325 0.0455507 0.0100824 0.0401158 0.0530326
internal_weight=14690 7925 6765 4952 2336 201 110 85 65 2616 2578 782 469 2135 2082 723 1359 2126 1813 5799 566 544 1405 1345 313 1334 803 531 780 607
internal_count=14690 7925 6765 4952 2336 201 110 85 65 2616 2578 782 469 2135 2082 723 1359 2126 1813 5799 566 544 1405 1345 313 1334 803 531 780 607
is_linear=0
shrinkage=0.05


Tree=65
num_leaves=31
num_cat=0
split_feature=10 13 11 11 9 7 3 10 11 1 13 11 3 13 9 7 10 4 1 1 3 9 0 11 13 3 2 3 0 4
split_gain=435.468 318.237 228.951 285.21 344.106 344.765 685.921 890.548 258.095 327.178 257.239 616.388 277.36 447.403 236.762 289.85 405.969 370.929 301.014 254.476 190.583 218.464 212.257 196.564 190.352 219.068 169.737 572.669 197.631 163.7
threshold=612781.07500000007 6.9750000000000005 -2.0224152499999999 0.11186250000000088 4.965621950000001 5.5000000000000009 16.775000000000002 130632.59750000002 2.2711942500000015 23.984999999999982 13.605000000000002 0.069381600000000279 14.965000000000002 14.105000000000002 5.2215117000000006 3.5000000000000004 98547.800000000017 3.2150000000000003 19.543333333333326 23.984999999999982 9.8450000000000006 17.333420000000004 36.500000000000007 -1.1787720000000002 32.630000000000003 17.045000000000005 11.085000000000003 15.025 35.500000000000007 -6.464999999999999
decision_type=2 2 2 2 2 2 2 2 2 2 2 2 2 2 2 2 2 2 2 2 2 2 2 2 2 2 2 2 2 2
left_child=2 -2 -1 10 5 8 -7 -8 9 29 20 12 13 -12 19 16 17 -16 -18 -15 -4 -22 -23 -24 25 -3 27 28 -6 -5
right_child=1 24 3 4 26 6 7 -9 -10 -11 11 -13 -14 14 15 -17 18 -19 -20 -21 21 22 23 -25 -26 -27 -28 -29 -30 -31
leaf_value=-0.013608528396718412 -0.024809093743225333 -0.018507946453593653 0.10482953852218278 0.1249902285842432 0.051069978010305696 0.013096459264063821 0.09689914322024662 0.48381532117724418 -0.019076311170713664 0.20762049406766891 0.26904761645197872 0.26667976895796847 0.012457695258809708 0.03933948168017775 0.36297643588020884 -0.0090079112731395877 0.20533858728408816 0.083078763512894518 -0.0071517504639923568 -0.11367696143927114 0.0012657916135749899 0.015864657696463783 0.21543697206222495 0.059747072134428383 0.11765142898349201 0.010636619552576285 -0.012426846414270424 0.24164831350589622 -0.10461136408978039 0.016150270038416011
leaf_weight=1265 2450 1099 53 36 47 149 58 20 505 24 25 29 656 220 29 47 25 20 50 31 2106 461 23 171 34 1560 2731 29 36 856
leaf_count=1265 2450 1099 53 36 47 149 58 20 505 24 25 29 656 220 29 47 25 20 50 31 2106 461 23 171 34 1560 2731 29 36 856
internal_value=-7.2631e-06 -0.0117692 0.00622773 0.00920187 0.000584686 0.018763 0.0759816 0.196108 0.00962254 0.0254445 0.0190092 0.0391371 0.0331546 0.0635286 0.0513533 0.0967275 0.136805 0.248732 0.0636784 0.020441 0.0109123 0.00910944 0.0343289 0.0782052 9.39628e-05 -0.00140922 -0.00995274 0.0503757 -0.0164545 0.0205429
internal_weight=14845 5143 9702 8437 4491 1648 227 78 1421 916 3946 1132 1103 447 422 171 124 49 75 251 2814 2761 655 194 2693 2659 2843 112 83 892
internal_count=14845 5143 9702 8437 4491 1648 227 78 1421 916 3946 1132 1103 447 422 171 124 49 75 251 2814 2761 655 194 2693 2659 2843 112 83 892
is_linear=0
shrinkage=0.05


Tree=66
num_leaves=31
num_cat=0
split_feature=0 13 12 10 12 9 11 7 3 7 12 9 9 13 9 10 11 14 5 9 11 12 12 1 1 1 14 3 12 9
split_gain=395.778 331.538 299.27 431.639 601.499 272.456 400.784 831.893 258.573 277.968 372.345 553.985 631.878 462.963 439.212 283.342 218.779 204.08 203.44 202.196 278.979 404.644 260.999 413.971 233.863 233.4 217.773 206.943 202.185 248.451
threshold=30.500000000000004 7.5650000000000004 -209927.12000000002 424307.34000000003 -336325.87999999995 2.4355163500000003 3.5317840400000007 5.5000000000000009 21.895000000000003 1.0000000180025095e-35 -1569.9726999999993 21.890076000000004 23.270278500000003 23.005000000000006 22.449845000000003 404005.45500000002 1.0688330000000017 11.535000000000002 0.094117659043353938 10.946487250000002 0.11186250000000088 -861622.31999999983 -291682.42499999987 6.1899999999999959 16.303333333333317 3.2916666666666607 16.650000000000002 43.005000000000003 -157081.85499999986 2.0039062500000004
decision_type=2 2 2 2 2 2 2 2 2 2 2 2 2 2 2 2 2 2 2 2 2 2 2 2 2 2 2 2 2 2
left_child=1 5 3 4 -3 6 -1 -8 9 10 14 13 -13 17 15 -2 -5 -12 19 20 22 -22 23 -7 -23 -21 -26 -25 -11 -30
right_child=8 2 -4 16 -6 18 7 -9 -10 28 11 12 -14 -15 -16 -17 -18 -19 -20 25 21 24 -24 27 26 -27 -28 -29 29 -31
leaf_value=-0.0025636955340182089 0.34759767366839306 0.3733842318030921 -0.0014476571658551323 0.039886773072919254 0.0076897845967956215 -0.016757312562549486 -0.011170424694388078 0.29225402955167196 -0.0036371656530869152 -0.027065910673206919 0.015201891114286679 0.38029893356496874 0.00094940250828152615 -0.19705424252152445 -0.015882976651191712 0.11601062776148319 -0.049842151289624048 0.18189824797213078 0.11497190599847172 -0.058636555099030631 0.16698202084878397 -0.029228862345254361 -0.042654223843058663 -0.14294166979826478 -0.060999207624367308 -0.004623566726459181 0.13620121168593566 -0.32447665274143223 -0.0040611600792490581 0.028855161266021934
leaf_weight=687 28 22 4683 396 23 64 58 37 1891 269 224 23 21 25 25 25 82 20 27 228 29 887 637 73 21 1629 42 20 839 1810
leaf_count=687 28 22 4683 396 23 64 58 37 1891 269 224 23 21 25 25 25 82 20 27 228 29 887 637 73 21 1629 42 20 839 1810
internal_value=-6.90001e-06 -0.00600144 0.00255859 0.038431 0.186474 -0.0160405 0.0107471 0.107005 0.0111118 0.0195405 0.0591293 0.034772 0.199246 0.00786927 0.156871 0.238359 0.0244939 0.0288655 -0.0217687 -0.0227858 -0.0348627 -0.0170011 -0.056886 -0.114629 -0.0226174 -0.0112552 0.0704677 -0.181981 0.0142357 0.0184298
internal_weight=14845 9645 5206 523 45 4439 782 95 5200 3309 391 313 44 269 78 53 478 244 3657 3630 1773 979 794 157 950 1857 63 93 2918 2649
internal_count=14845 9645 5206 523 45 4439 782 95 5200 3309 391 313 44 269 78 53 478 244 3657 3630 1773 979 794 157 950 1857 63 93 2918 2649
is_linear=0
shrinkage=0.05


Tree=67
num_leaves=31
num_cat=0
split_feature=10 9 12 5 12 13 11 1 3 11 11 12 9 3 9 9 2 13 14 10 1 11 4 13 4 4 4 9 11 9
split_gain=370.11 280.016 221.003 205.806 274.837 553.881 231.728 254.702 233.158 232.099 186.354 176.65 661.827 1880.17 168.948 164.675 160.847 156.306 155.308 192.308 176.199 164.698 314.056 164.073 355.605 309.625 174.599 149.85 233.472 211.912
threshold=612781.07500000007 20.779968000000004 637019.37000000023 0.040072129836596214 -549907.04999999993 7.5650000000000004 4.4952697650000006 13.503333333333325 9.8450000000000006 -1.8537753499999992 -1.63754245 -76946.919999999911 2.6882476500000005 17.355000000000004 0.83123780000000014 23.270278500000003 8.0350000000000019 13.005000000000001 1.0000000180025095e-35 2693706.6500000004 0.011666666666652458 0.11186250000000088 -10.564999999999996 5.0050000000000008 -26.379999999999992 -32.609999999999992 -19.169999999999998 18.928054500000005 0.96850550000000013 7.9224091500000009
decision_type=2 2 2 2 2 2 2 2 2 2 2 2 2 2 2 2 2 2 2 2 2 2 2 2 2 2 2 2 2 2
left_child=3 2 18 -1 5 -5 7 8 14 -9 -11 12 13 -10 -6 16 -12 -17 19 23 -20 22 -22 25 -25 -2 -27 28 -23 -30
right_child=1 -3 -4 4 6 -7 -8 9 11 10 15 -13 -14 -15 -16 17 -18 -19 20 -21 21 27 -24 24 -26 26 -28 -29 29 -31
leaf_value=-0.0096851880758409767 0.21708428108887304 0.011388520115885785 -0.052002374027154331 0.0043397372961044315 0.036559342486517689 0.27142243818690381 -0.04168461736078391 -0.023933958841774326 -0.029183532941985776 0.12878931147414585 -0.09075630282148206 -0.0011971375281687217 -0.0021050552692031487 0.55450607971711596 0.21594861767121723 0.069191173732280731 0.027673091970829657 -0.075172430316607156 -0.10301826151238908 -0.065067778000224188 -0.22255997579220846 0.052703313288075961 -0.033927001576856956 -0.12290129997122748 -0.0040725149637564515 -0.11721130829643121 0.029665905277481277 -0.068116300997056387 -0.067401082398525131 0.026901253026011776
leaf_weight=1768 21 1110 405 55 35 30 226 260 37 43 29 4354 200 22 21 25 2522 75 74 131 23 179 543 65 2006 22 252 73 126 113
leaf_count=1768 21 1110 405 55 35 30 226 260 37 43 29 4354 200 22 21 25 2522 75 74 131 23 179 543 65 2006 22 252 73 126 113
internal_value=-6.55497e-06 -0.01085 -0.0169707 0.00574153 0.00917919 0.0986042 0.00821077 0.00969002 0.00242032 0.0211803 0.0255343 0.00118925 0.0413063 0.188463 0.10383 0.0238595 0.0263268 -0.0390815 -0.0130601 -0.00609772 -0.0284314 -0.0232096 -0.0415923 -0.00283268 -0.00780205 0.032054 0.0178728 -0.00201892 0.0095244 -0.0228146
internal_weight=14845 5143 4033 9702 7934 85 7849 7623 4669 2954 2694 4613 259 59 56 2651 2551 100 3628 2497 1131 1057 566 2366 2071 295 274 491 418 239
internal_count=14845 5143 4033 9702 7934 85 7849 7623 4669 2954 2694 4613 259 59 56 2651 2551 100 3628 2497 1131 1057 566 2366 2071 295 274 491 418 239
is_linear=0
shrinkage=0.05


Tree=68
num_leaves=31
num_cat=0
split_feature=0 13 9 11 7 4 0 7 9 9 9 14 3 9 7 13 1 2 9 7 4 9 9 9 9 9 0 10 11 11
split_gain=338.521 283.733 278.028 287.06 657.96 855.113 229.846 345.805 367.279 673.331 1193.58 509.263 367.867 197.531 174.631 302.169 148.134 146.495 142.481 142.459 356.76 280.383 272.305 596.57 216.312 175.39 160.785 167.36 155.095 153.311
threshold=30.500000000000004 6.9750000000000005 3.0519714500000004 3.3906402800000008 5.5000000000000009 1.0399999999999998 41.500000000000007 1.0000000180025095e-35 11.667618000000003 0.38316345000000002 -1.9880675999999997 12.710000000000003 14.445000000000002 23.513290500000004 3.5000000000000004 22.050000000000004 11.53666666666666 10.575000000000001 21.890076000000004 1.0000000180025095e-35 -10.179999999999998 5.7458497500000005 -2.9858398499999996 -4.0729369999999987 21.493607000000001 3.8451233000000005 12.500000000000002 876052.18000000017 -0.33143644999999994 -0.27304083000000018
decision_type=2 2 2 2 2 2 2 2 2 2 2 2 2 2 2 2 2 2 2 2 2 2 2 2 2 2 2 2 2 2
left_child=1 2 3 -1 -5 -6 7 8 9 10 -2 -11 -10 16 19 -16 -14 -4 -19 22 21 25 23 26 -24 -21 -3 -28 -23 -26
right_child=6 14 17 4 5 -7 -8 -9 12 11 -12 -13 13 -15 15 -17 -18 18 -20 20 -22 28 24 -25 29 -27 27 -29 -30 -31
leaf_value=-0.0014742122942129603 0.0074240005954548166 -0.086291659879498189 0.098118725270032889 -0.0074570998549461365 0.47793050110340118 0.015568900983780623 -0.0038569664582610132 0.011513260320491017 0.30405391636102097 -0.039284665479876656 0.40077226445078851 0.22444263309240342 0.18155101220658487 -0.057234607618302104 -0.019751018384424376 0.13604921107762494 0.06711564446523996 -0.026983376439176632 0.0079662090765598888 0.078675302247782908 0.0073625706953559236 -0.014815834469415926 -0.029366663383208608 0.28479883720477422 0.12250858068466186 0.25131399612272942 0.1595927586609667 -0.029495236124843362 0.10192981337197125 0.0033459669209074186
leaf_weight=755 54 32 25 70 20 20 1852 2867 23 216 30 20 47 20 1133 32 71 2839 325 28 3264 66 761 24 40 31 22 25 50 83
leaf_count=755 54 32 25 70 20 20 1852 2867 23 216 30 20 47 20 1133 32 71 2839 325 28 3264 66 761 24 40 31 22 25 50 83
internal_value=-6.22716e-06 -0.00555023 -0.0156213 0.00952019 0.0849817 0.24675 0.0102768 0.0180952 0.0573266 0.0263357 0.147906 -0.0169349 0.118923 0.0880682 0.00175227 -0.0154715 0.112696 -0.0224408 -0.0233934 0.00628587 0.0110915 0.0806416 -0.0104584 0.0664806 -0.019423 0.169384 0.000156034 0.059014 0.0355056 0.042098
internal_weight=14845 9645 4054 865 110 40 5200 3348 481 320 84 236 161 138 5591 1165 118 3189 3164 4426 3439 175 987 103 884 59 79 47 116 123
internal_count=14845 9645 4054 865 110 40 5200 3348 481 320 84 236 161 138 5591 1165 118 3189 3164 4426 3439 175 987 103 884 59 79 47 116 123
is_linear=0
shrinkage=0.05


end of trees

feature_importances:
temp_diff=283
temp=282
solar_diff=225
slot=192
jepx_price_prev_ma3=191
reserve_ratio=172
price_prev_weekday=159
solar=128
weekday=109
reserve_ratio_diff=101
reserve_ratio_prev=83
reserve_ratio_inv=83
price_prev_holiday=59
holiday=3

parameters:
[boosting: gbdt]
[objective: regression]
[metric: rmse,l2]
[tree_learner: serial]
[device_type: cpu]
[data_sample_strategy: bagging]
[data: ]
[valid: ]
[num_iterations: 2000]
[learning_rate: 0.05]
[num_leaves: 31]
[num_threads: 10]
[seed: 42]
[deterministic: 0]
[force_col_wise: 0]
[force_row_wise: 0]
[histogram_pool_size: -1]
[max_depth: -1]
[min_data_in_leaf: 20]
[min_sum_hessian_in_leaf: 0.001]
[bagging_fraction: 0.8]
[pos_bagging_fraction: 1]
[neg_bagging_fraction: 1]
[bagging_freq: 5]
[bagging_seed: 400]
[bagging_by_query: 0]
[feature_fraction: 0.9]
[feature_fraction_bynode: 1]
[feature_fraction_seed: 30056]
[extra_trees: 0]
[extra_seed: 12879]
[early_stopping_round: 0]
[early_stopping_min_delta: 0]
[first_metric_only: 0]
[max_delta_step: 0]
[lambda_l1: 0]
[lambda_l2: 0]
[linear_lambda: 0]
[min_gain_to_split: 0]
[drop_rate: 0.1]
[max_drop: 50]
[skip_drop: 0.5]
[xgboost_dart_mode: 0]
[uniform_drop: 0]
[drop_seed: 17869]
[top_rate: 0.2]
[other_rate: 0.1]
[min_data_per_group: 100]
[max_cat_threshold: 32]
[cat_l2: 10]
[cat_smooth: 10]
[max_cat_to_onehot: 4]
[top_k: 20]
[monotone_constraints: ]
[monotone_constraints_method: basic]
[monotone_penalty: 0]
[feature_contri: ]
[forcedsplits_filename: ]
[refit_decay_rate: 0.9]
[cegb_tradeoff: 1]
[cegb_penalty_split: 0]
[cegb_penalty_feature_lazy: ]
[cegb_penalty_feature_coupled: ]
[path_smooth: 0]
[interaction_constraints: ]
[verbosity: 1]
[saved_feature_importance_type: 0]
[use_quantized_grad: 0]
[num_grad_quant_bins: 4]
[quant_train_renew_leaf: 0]
[stochastic_rounding: 1]
[linear_tree: 0]
[max_bin: 255]
[max_bin_by_feature: ]
[min_data_in_bin: 3]
[bin_construct_sample_cnt: 200000]
[data_random_seed: 175]
[is_enable_sparse: 1]
[enable_bundle: 1]
[use_missing: 1]
[zero_as_missing: 0]
[feature_pre_filter: 1]
[pre_partition: 0]
[two_round: 0]
[header: 0]
[label_column: ]
[weight_column: ]
[group_column: ]
[ignore_column: ]
[categorical_feature: ]
[forcedbins_filename: ]
[precise_float_parser: 0]
[parser_config_file: ]
[objective_seed: 16083]
[num_class: 1]
[is_unbalance: 0]
[scale_pos_weight: 1]
[sigmoid: 1]
[boost_from_average: 1]
[reg_sqrt: 0]
[alpha: 0.9]
[fair_c: 1]
[poisson_max_delta_step: 0.7]
[tweedie_variance_power: 1.5]
[lambdarank_truncation_level: 30]
[lambdarank_norm: 1]
[label_gain: ]
[lambdarank_position_bias_regularization: 0]
[eval_at: ]
[multi_error_top_k: 1]
[auc_mu_weights: ]
[num_machines: 1]
[local_listen_port: 12400]
[time_out: 120]
[machine_list_filename: ]
[machines: ]
[gpu_platform_id: -1]
[gpu_device_id: -1]
[gpu_use_dp: 0]
[num_gpu: 1]

end of parameters

pandas_categorical:[]
