tree
version=v4
num_class=1
num_tree_per_iteration=1
label_index=0
max_feature_idx=14
objective=regression
feature_names=slot jepx_price_prev_ma3 reserve_ratio reserve_ratio_prev reserve_ratio_diff reserve_ratio_inv reserve_low_gap weekday holiday temp solar temp_diff solar_diff price_prev_weekday price_prev_holiday
feature_infos=[0:47] [0:37.509999999999998] [5.5300000000000002:55.25] [0:55.25] [-36.960000000000001:30.710000000000001] [0.018099547183718603:0.18083179370130312] none [0:6] [0:1] [-2.3739623999999999:33.878875999999998] [0:3542044.7999999998] [-11.120270099999999:9.902130099999999] [-3074785.9800000004:2986356.27] [0:45.009999999999998] [0:35]
tree_sizes=2694 2775 2788 2791 2795 2780 2776 2816 2835 2765 2782 2809 2780 2821 2801 2793 2794 2814 2796 2819 2792 2807 2798 2832 2819 2809 2812 2816 2783 2854 2807 2795 2842 2850 2795 2798 2824 2785 2829 2855 2820 2837 2823 2835 2812 2832 2825 2810 2824 2824 2844 2836 2845 2827 2844 2814 2838 2837 2830 2815 2823 2832 2813 2828 2813 2866 2842 2824 2819 2814 2820 2840 2825 2808 2831 2806 2814 2814 2859 2848 2783 2801 2800 2788 2782 2796 2829 2794 2819 2828 2799 2819 2809 2790 2799 2842 2828 2831 2815 2813 2839 2835 2822 2835 2773 2827 2784 2782 2808 2804 2836 2792 2812 2837 2823 2821

Tree=0
num_leaves=31
num_cat=0
split_feature=13 1 5 2 13 0 12 12 1 1 12 5 2 0 5 2 0 13 11 1 2 13 0 1 9 13 13 4 12 2
split_gain=98269.2 22379.1 13986.6 12118.8 8077.09 7521.81 7250.56 4780.46 5066.99 4631.15 4123.16 3774.78 2984.77 2719.25 2711.7 1875.11 1655.36 1600.29 1581.23 1548.7 1542.1 1502.56 1045.04 927.657 910.451 851.546 844.015 805.371 720.111 718.092
threshold=13.005000000000001 9.9966666666666715 0.044933723007965005 12.745000000000003 19.955000000000002 32.500000000000007 372394.45000000007 331624.50000000006 17.390000000000004 12.236666666666673 -1090546.2299999997 0.036623328947386034 20.935000000000006 23.500000000000004 0.063795855690712236 11.415000000000001 28.500000000000004 24.145000000000003 -5.0705105000000001 15.850000000000007 10.025 10.505000000000001 33.500000000000007 14.555000000000007 28.003036500000004 7.6650000000000009 19.535000000000004 0.71000000000000008 -691837.29999999993 10.155000000000003
decision_type=2 2 2 2 2 2 2 2 2 2 2 2 2 2 2 2 2 2 2 2 2 2 2 2 2 2 2 2 2 2
left_child=1 2 5 4 13 11 9 8 23 21 15 -1 -8 -2 22 -4 -9 -6 -15 20 -11 27 25 -5 -16 -12 -10 -3 -23 -19
right_child=3 6 10 7 17 -7 12 16 26 19 14 -13 -14 18 24 -17 -18 29 -20 -21 -22 28 -24 -25 -26 -27 -28 -29 -30 -31
leaf_value=10.408225588692405 11.051982034293882 10.842445427669061 11.341544837257191 10.952727187292334 11.360134573231466 10.73803671133042 10.744637424625907 10.720810263297851 11.145988663338885 11.341685057728036 10.673977730863859 10.595987920152909 10.444015368439477 11.562849562834323 10.775064619329314 10.902326724942879 10.972141964839315 11.735873281828555 11.204083247685469 11.040545524261177 10.90943911136022 11.123361564909537 10.829662992676221 11.046560091648876 10.885914650403381 10.731549764360823 11.296324928384648 10.775880399874685 10.87149402632064 11.481266738121313
leaf_weight=482 399 862 27 596 175 561 236 162 242 21 1243 602 127 33 2232 243 110 53 443 321 1185 29 176 472 202 1329 152 961 1325 58
leaf_count=482 399 862 27 596 175 561 236 162 242 21 1243 602 127 33 2232 243 110 53 443 321 1185 29 176 472 202 1329 152 961 1325 58
internal_value=10.8368 10.7745 10.7172 11.0986 11.2237 10.5894 10.8548 11.0149 11.0507 10.8714 10.7558 10.5125 10.6395 11.1483 10.7458 10.9462 10.8225 11.4543 11.229 10.9429 10.917 10.837 10.7118 10.9942 10.7843 10.7037 11.204 10.8074 10.8769 11.6028
internal_weight=15059 12164 7097 2895 1161 1645 5067 1734 1462 4704 5452 1084 363 875 5182 270 272 286 476 1527 1206 3177 2748 1068 2434 2572 394 1823 1354 111
internal_count=15059 12164 7097 2895 1161 1645 5067 1734 1462 4704 5452 1084 363 875 5182 270 272 286 476 1527 1206 3177 2748 1068 2434 2572 394 1823 1354 111
is_linear=0
shrinkage=1


Tree=1
num_leaves=31
num_cat=0
split_feature=13 1 13 5 10 2 4 14 2 0 1 2 2 2 13 10 11 10 2 1 2 9 4 0 10 11 2 0 13 1
split_gain=88849.5 17994.6 13149 12414.3 7201.36 6409.23 5770.24 4479.81 4068.94 3622.92 3532.18 3445.37 2102.64 1621.73 1570.32 1534.03 1508.85 1493.81 1655.82 1316.74 1172.93 1470.05 1154.64 1129.09 1053.14 1045.2 1030.76 957.661 943.785 937.51
threshold=12.385000000000003 9.7366666666666699 17.435000000000006 0.044933723007965005 811427.27000000014 14.745000000000003 7.3750000000000009 12.505000000000001 10.505000000000001 29.500000000000004 19.983333333333338 13.865 28.245000000000001 9.5050000000000008 10.505000000000001 1322397.4500000002 -4.2898862499999995 1237021.3500000003 15.905000000000003 14.766666666666673 10.275 25.297073500000003 -6.2849999999999993 16.500000000000004 1237021.3500000003 -0.76246644999999968 16.995000000000001 25.500000000000004 8.3150000000000031 11.330000000000011
decision_type=2 2 2 2 2 2 2 2 2 2 2 2 2 2 2 2 2 2 2 2 2 2 2 2 2 2 2 2 2 2
left_child=1 3 8 4 -1 10 7 14 16 26 27 13 -6 -5 24 -8 -2 19 -19 -10 -12 -22 -18 -15 29 -23 -7 -4 -13 -3
right_child=2 6 5 11 12 9 15 -9 17 -11 20 28 -14 23 -16 -17 22 18 -20 -21 21 25 -24 -25 -26 -27 -28 -29 -30 -31
leaf_value=-0.12358791274649308 0.62159289383306737 -0.033926565020767283 0.23558092833306918 0.35658716919093303 -0.26754085945892703 0.18107257485389711 -0.10297361356793207 0.14777039124631991 0.11512837897966284 0.29432779432339123 0.73084723651409156 -0.12578349202989766 -0.42550915375010662 -0.059624193837946149 0.037746254654675619 -0.35378840646743775 0.61070084381103529 0.11428919833717183 -0.13707258285582066 0.20777713956180005 0.28681667739269784 0.38496587127447129 0.2495633272724371 0.033430647854575557 -0.096032748084131855 0.68781702614793883 -0.15998269658173539 0.40445549243996881 -0.073482731382016164 0.034244824647062251
leaf_weight=694 41 1444 108 29 454 32 119 583 995 259 96 2295 393 792 1693 125 25 190 100 624 51 40 193 554 425 99 72 377 1382 775
leaf_count=694 41 1444 108 29 454 32 119 583 995 259 96 2295 393 792 1693 125 25 190 100 624 51 40 193 554 425 99 72 377 1382 775
internal_value=0.000339311 -0.0640242 0.22951 -0.118769 -0.242997 0.36747 0.00587006 0.0176403 0.157349 0.194233 0.449032 -0.0808763 -0.340837 -0.0133533 0.00014763 -0.231465 0.343315 0.132118 0.0276127 0.150837 0.588397 0.516422 0.290978 -0.0213238 -0.0239274 0.600666 -0.0550426 0.36685 -0.106126 -0.0101173
internal_weight=15059 11757 3302 6593 1541 1134 5164 4920 2168 363 771 5052 847 1375 4337 244 259 1909 290 1619 286 190 218 1346 2644 139 104 485 3677 2219
internal_count=15059 11757 3302 6593 1541 1134 5164 4920 2168 363 771 5052 847 1375 4337 244 259 1909 290 1619 286 190 218 1346 2644 139 104 485 3677 2219
is_linear=0
shrinkage=0.05


Tree=2
num_leaves=31
num_cat=0
split_feature=1 2 2 10 1 5 12 1 0 1 5 2 12 0 5 3 2 5 9 7 4 2 0 7 2 0 5 11 1 4
split_gain=74567 14959.6 14321.4 13121 9283.26 6937.48 6908.79 4411.53 4322.92 3797.11 3223.1 2806.92 2529.81 1971.5 1532.93 1410.41 1398.79 1360.81 1341.8 1103.71 1006.02 979.345 930.861 926.249 894.103 832.703 820.071 806.325 790.551 752.811
threshold=12.293333333333344 14.305000000000001 15.905000000000003 1347572.9000000001 19.23166666666668 0.040774719706002972 781163.77500000002 16.231666666666673 25.500000000000004 9.9016666666666762 0.099552030683233303 12.345000000000001 -1258124.3499999999 27.500000000000004 0.084853635566382604 15.705000000000002 10.275 0.086918739848144994 28.762573500000006 3.5000000000000004 7.0900000000000016 19.755000000000006 32.500000000000007 2.5000000000000004 20.595000000000002 21.500000000000004 0.038602586321227726 -3.0594482499999986 28.088333333333335 3.8600000000000025
decision_type=2 2 2 2 2 2 2 2 2 2 2 2 2 2 2 2 2 2 2 2 2 2 2 2 2 2 2 2 2 2
left_child=2 4 8 9 10 -5 7 22 12 20 13 19 17 -2 -14 27 28 -1 -18 -10 25 -7 -3 -20 -8 26 -4 -12 -6 -11
right_child=1 6 3 5 16 21 24 -9 11 29 15 -13 14 -15 -16 -17 18 -19 23 -21 -22 -23 -24 -25 -26 -27 -28 -29 -30 -31
leaf_value=0.12984533600101714 0.13720552179556184 -0.0044756988709559664 -0.30265598177909853 -0.37360932310538075 0.58814512199543889 -0.12049416150046331 -0.085016334306378408 0.23524948563936052 0.2875908370905102 0.0020937089776672806 0.60102098164735018 0.044722283918954699 -0.049625985859501814 0.26813891529852552 0.027913704034524929 0.67830397777068319 0.34543476034031839 0.59369694675718043 0.72434464659955777 -0.0028279882975113697 -0.22470066214514059 -0.21212374456923141 0.097210894012610571 0.44605804828565515 -0.29867634975484442 -0.063590201021304762 -0.11441782443227509 0.30588875159529261 0.90966395934422817 -0.079642274918199196
leaf_weight=64 611 280 60 579 94 641 106 640 203 1427 27 743 2736 543 831 39 147 21 54 39 171 535 1147 67 91 1004 1622 162 24 351
leaf_count=64 611 280 60 579 94 641 106 640 203 1427 27 743 2736 543 831 39 147 21 54 39 171 535 1147 67 91 1004 1622 162 24 351
internal_value=0.000322345 0.184321 -0.0669562 -0.115497 0.293306 -0.231933 0.0992121 0.126177 -6.5423e-05 -0.0714089 0.232755 0.0928927 -0.0251376 0.198815 -0.0315617 0.404541 0.510096 0.244444 0.446938 0.240788 -0.10711 -0.162179 0.0772584 0.570252 -0.183712 -0.0996238 -0.121133 0.34805 0.653539 -0.014042
internal_weight=15059 4032 11027 6390 1768 1755 2264 2067 4637 4635 1382 985 3652 1154 3567 228 386 85 268 242 2857 1176 1427 121 197 2686 1682 189 118 1778
internal_count=15059 4032 11027 6390 1768 1755 2264 2067 4637 4635 1382 985 3652 1154 3567 228 386 85 268 242 2857 1176 1427 121 197 2686 1682 189 118 1778
is_linear=0
shrinkage=0.05


Tree=3
num_leaves=31
num_cat=0
split_feature=13 1 13 2 12 12 1 10 12 2 1 12 1 9 12 4 2 2 2 11 2 1 2 13 9 4 4 1 12 10
split_gain=73597.5 14898.3 10928.8 9974.92 6366.79 5477.64 5367.49 3417.47 3355.29 3302.8 3168.83 2152.61 2007.08 1871.3 1796.23 1682.56 1586.29 1377.42 1297.82 1227.69 1189.33 1134.21 1104.54 960.582 958.147 956.787 835.893 800.07 788.484 778.801
threshold=12.385000000000003 8.8200000000000056 17.435000000000006 22.285000000000004 551203.90000000002 568700.05000000016 11.330000000000011 1347572.9000000001 -1198763.0999999999 10.505000000000001 19.983333333333338 466495.35000000015 15.525000000000004 27.706268500000004 -1090546.2299999997 3.4850000000000008 28.795000000000005 13.965000000000002 12.535000000000002 -4.2898862499999995 17.365000000000006 13.895000000000007 29.095000000000002 9.7150000000000016 29.575012000000005 -6.2849999999999993 1.5300000000000005 12.236666666666673 -506070.14999999985 2632925.3500000006
decision_type=2 2 2 2 2 2 2 2 2 2 2 2 2 2 2 2 2 2 2 2 2 2 2 2 2 2 2 2 2 2
left_child=1 3 9 8 6 10 14 -5 18 19 24 21 26 29 -3 23 -6 -12 -1 -2 -10 28 -9 -16 27 -21 -8 -4 -11 -7
right_child=2 4 5 7 16 13 12 22 20 11 17 -13 -14 -15 15 -17 -18 -19 -20 25 -22 -23 -24 -25 -26 -27 -28 -29 -30 -31
leaf_value=0.33998185302286099 0.561656159598653 0.2399913896696042 0.1047386035625823 -0.16118868691070629 -0.1709279654063148 0.035164872370660308 0.065857475371207091 -0.26960319270848399 -0.073505630020997623 0.2996177726984024 0.56420434020644383 -0.063458211386741015 0.16843263858618407 0.41192801453040118 -0.046249614837114268 -0.11077895285868865 -0.44576897712854247 0.34120178419290131 0.041753109103362815 0.55447443103790284 -0.13417434508024229 0.1759507276254636 -0.40271684221109222 0.0058005851446316465 0.41278684458916071 0.22573085146632837 -0.0013347256207217773 0.29995628127779339 0.084782661722819813 -0.2580673965715593
leaf_weight=48 41 59 60 528 273 84 1209 322 2048 45 242 147 361 28 2111 667 65 97 152 25 1334 878 302 1528 173 193 750 419 839 31
leaf_count=48 41 59 60 528 273 84 1209 322 2048 45 242 147 361 28 2111 667 65 97 152 25 1334 878 302 1528 173 193 750 419 839 31
internal_value=0.000306228 -0.058273 0.208882 -0.126828 -0.0120623 0.334656 -0.0013575 -0.254809 -0.0856679 0.143094 0.3764 0.120362 0.0600969 0.0453688 -0.0340206 -0.037775 -0.223782 0.500395 0.113328 0.31064 -0.0974359 0.135698 -0.334027 -0.024394 0.31193 0.263431 0.040133 0.275503 0.0957188 -0.0438803
internal_weight=15059 11757 3302 4734 7023 1134 6685 1152 3582 2168 991 1909 2320 143 4365 4306 338 339 200 259 3382 1762 624 3639 652 218 1959 479 884 115
internal_count=15059 11757 3302 4734 7023 1134 6685 1152 3582 2168 991 1909 2320 143 4365 4306 338 339 200 259 3382 1762 624 3639 652 218 1959 479 884 115
is_linear=0
shrinkage=0.05


Tree=4
num_leaves=31
num_cat=0
split_feature=13 1 5 5 10 12 13 0 12 1 1 2 5 2 0 13 12 13 13 14 13 12 2 4 12 9 1 2 1 12
split_gain=66520.8 15845.8 9464.17 7833.4 5977.53 5471.44 5240.28 3493.8 3281.86 3231.87 2206.06 2158.39 2025.84 2011.58 1803.22 1766.68 1388.02 1301.43 1242.8 1039.15 1030.7 1020.07 1002.87 981.884 946.313 791.445 736.338 679.053 677.977 667.831
threshold=13.485000000000001 9.9966666666666715 0.044933723007965005 0.078339214656214337 346654.0500000001 372394.45000000007 19.955000000000002 26.500000000000004 -757505.23999999999 12.466666666666674 17.071666666666673 20.935000000000006 0.08988765052647657 28.505000000000006 25.500000000000004 8.3150000000000031 537667.95000000007 10.685 24.145000000000003 14.775 6.0050000000000008 1355583.3900000001 10.505000000000001 -5.3199999999999985 -757505.23999999999 28.377518000000006 1.0000000180025095e-35 12.405000000000003 6.7033333333333358 -1399383.4999999998
decision_type=2 2 2 2 2 2 2 2 2 2 2 2 2 2 2 2 2 2 2 2 2 2 2 2 2 2 2 2 2 2
left_child=1 2 4 7 -1 9 14 16 12 17 -9 -7 20 -6 -5 26 -2 24 -8 23 -4 25 -16 -11 -3 -12 -10 -17 -28 -22
right_child=3 5 8 6 13 11 18 10 15 19 21 -13 -14 -15 22 27 -18 -19 -20 -21 29 -23 -24 -25 -26 -27 28 -29 -30 -31
leaf_value=-0.086174045183032594 0.078831882791317642 0.20600837167766362 -0.044865077655358278 0.18176890435483531 -0.21945536472555741 -0.080238079798382392 0.42676979197774617 0.13920271958357774 0.1380732976621197 0.36254644927022789 0.25989800325504958 -0.33448071229795462 0.40855617431971514 -0.36390993019802681 0.42986211502924565 0.015054966767825679 -0.14055843019039832 0.042332068523755248 0.6406509755967974 0.18929270898853137 0.2721315515674651 -0.065441276062102552 0.27467421927144003 0.068033559146216227 -0.02586652922995419 0.43061211182432901 -0.16584807310477798 -0.057233078221257741 -0.096459486391114332 0.059841770213748618
leaf_weight=661 221 45 212 382 571 240 175 793 31 29 373 128 39 417 160 393 107 1372 111 239 50 21 298 1173 1983 83 415 1874 2320 143
leaf_count=661 221 45 212 382 571 240 175 793 31 29 373 128 39 417 160 393 107 1372 111 239 50 21 298 1173 1983 83 415 1874 2320 143
internal_value=0.000290917 -0.0490929 -0.0975449 0.223914 -0.202559 0.0171903 0.324923 0.15274 -0.0659274 0.0313189 0.190312 -0.16867 0.0643834 -0.280425 0.261984 -0.0774232 0.00726248 0.00472254 0.50978 0.0940723 0.0312409 0.27528 0.328888 0.0751391 -0.0207214 0.290971 -0.104242 -0.0447014 -0.106988 0.114839
internal_weight=15059 12335 7126 2724 1649 5209 1126 1598 5477 4841 1270 368 444 988 840 5033 328 3400 286 1441 405 477 458 1202 2028 456 2766 2267 2735 193
internal_count=15059 12335 7126 2724 1649 5209 1126 1598 5477 4841 1270 368 444 988 840 5033 328 3400 286 1441 405 477 458 1202 2028 456 2766 2267 2735 193
is_linear=0
shrinkage=0.05


Tree=5
num_leaves=31
num_cat=0
split_feature=13 10 2 13 1 12 12 2 2 13 5 13 1 12 9 13 2 13 11 2 1 1 2 11 1 2 11 12 12 14
split_gain=59293.1 12851.6 10519.7 9562.57 8296.63 5512.15 3705.53 3033.84 2837.3 2422.5 2178.89 1877.21 1843.95 1675.58 1584.92 1262.49 1220.54 1050.51 1023.24 959.142 945.809 899.594 869.537 1009.38 854.666 698.727 683.412 666.094 612.238 569.65
threshold=12.275 1347572.9000000001 19.755000000000006 17.435000000000006 11.330000000000011 568700.05000000016 -857989.29999999993 10.155000000000003 10.865 9.1050000000000022 0.038602586321227726 1.0050000000000001 16.798333333333343 466495.35000000015 25.739990000000002 21.325000000000006 12.855000000000002 19.675000000000004 -4.2898862499999995 18.375000000000004 7.9100000000000064 1.0000000180025095e-35 11.415000000000001 -1.2297055000000003 13.788333333333339 8.6750000000000025 -6.3146518499999997 -52814.364999999991 -485240.18499999994 13.005000000000001
decision_type=2 2 2 2 2 2 2 2 2 2 2 2 2 2 2 2 2 2 2 2 2 2 2 2 2 2 2 2 2 2
left_child=1 4 16 8 6 7 11 15 18 20 -4 -1 26 24 -9 -5 -3 -16 -2 -7 21 -8 23 -13 28 -20 -6 -19 -10 -28
right_child=3 2 10 5 12 19 9 14 13 -11 -12 22 -14 -15 17 -17 -18 27 25 -21 -22 -23 -24 -25 -26 -27 29 -29 -30 -31
leaf_value=-0.044386698068052101 0.49795596561370759 0.024487018693980647 -0.33806047928112315 0.42195885153645174 0.27362119988538325 0.10656442964797493 0.1578917996691806 0.22482073719052431 0.26102032871408898 -0.017424913114191677 -0.20094290430339906 0.65011131912469866 0.19326427148069997 -0.066015402501382478 0.28414215195101228 0.68650331693152866 -0.085812449802846275 0.33112508797183121 0.43596754040036889 -0.16602890561521055 -0.068523087349533551 -0.12915783161253369 0.14040674161424932 0.17764199416224774 0.14874751977023157 0.19842382391998128 0.028093089027117164 0.50705346046610078 0.069720894710673567 0.10165461242457481
leaf_weight=138 39 320 526 118 32 91 28 367 44 2166 645 20 234 140 206 73 1160 87 35 50 3269 1083 187 26 876 268 1550 141 846 317
leaf_count=138 39 320 526 118 32 91 28 367 44 2166 645 20 234 140 206 73 1160 87 35 50 3269 1083 187 26 876 268 1550 141 846 317
internal_value=-0.000451058 -0.0537421 -0.15056 0.183979 -0.0253813 0.302424 -0.0519661 0.344003 0.124282 -0.0606785 -0.262535 0.101756 0.0608291 0.100488 0.301305 0.523067 -0.0619639 0.365981 0.256891 0.00990013 -0.0820682 -0.121923 0.188313 0.383063 0.113687 0.225863 0.0445101 0.439923 0.0791784 0.0405832
internal_weight=15082 11701 2651 3381 9050 1133 6917 992 2248 6546 1171 371 2133 1906 801 191 1480 434 342 141 4380 1111 233 46 1766 303 1899 228 890 1867
internal_count=15082 11701 2651 3381 9050 1133 6917 992 2248 6546 1171 371 2133 1906 801 191 1480 434 342 141 4380 1111 233 46 1766 303 1899 228 890 1867
is_linear=0
shrinkage=0.05


Tree=6
num_leaves=31
num_cat=0
split_feature=13 10 13 2 1 12 12 2 2 1 5 13 7 12 9 13 13 11 2 12 13 2 11 4 4 2 12 3 1 12
split_gain=53561.3 11626.3 9283.08 9196.29 7195.08 4974.71 3262.15 2738.04 2628.2 2151.56 1941.15 1807.47 1766.42 1512.5 1430.39 1139.4 948.085 933.425 927.947 915.7 913.86 848.811 924.875 822.264 676.263 651.751 615.211 613.404 632.448 601.15
threshold=12.035000000000002 1347572.9000000001 17.435000000000006 19.755000000000006 10.746666666666677 568700.05000000016 -757505.23999999999 10.155000000000003 10.865 14.888333333333341 0.038602586321227726 8.3150000000000031 3.5000000000000004 466495.35000000015 25.739990000000002 21.325000000000006 19.675000000000004 -4.2898862499999995 12.745000000000003 1598213.0750000004 14.855000000000002 11.935 -1.9543765999999982 1.2249999999999999 4.6450000000000005 8.6750000000000025 -506070.14999999985 9.6950000000000021 7.6266666666666643 -52814.364999999991
decision_type=2 2 2 2 2 2 2 2 2 2 2 2 2 2 2 2 2 2 2 2 2 2 2 2 2 2 2 2 2 2
left_child=1 4 8 18 6 7 12 15 17 23 -5 24 21 20 -9 -4 -16 -2 -3 -7 26 22 -1 -6 27 -19 -10 -8 -29 -18
right_child=2 3 5 10 9 19 11 14 13 -11 -12 -13 -14 -15 16 -17 29 25 -20 -21 -22 -23 -24 -25 -26 -27 -28 28 -30 -31
leaf_value=0.61729405879974364 0.46715800061821944 0.020060894472975738 0.40086090867802249 -0.32139035631609819 0.046549585542367426 0.093808198142416629 0.13564288711640984 0.21357970231083256 0.25497458128501543 0.14061951589377455 -0.19167460529599339 -0.034819568005463312 -0.032589389725855775 -0.061075748030905735 0.26993504497539073 0.6521781527832764 0.31456883287635345 0.41416916710989815 -0.081047559730143964 -0.18295538522476373 0.14609063964140792 0.11958598868174111 0.191064150929451 -0.013408053529511877 -0.14876847138381277 0.1853179692048226 0.068326699740133265 -0.12757077337166373 -0.070720385483547685 0.48170078906184399
leaf_weight=20 40 282 118 525 1369 98 32 367 46 452 640 2576 188 149 206 73 87 35 1162 43 778 167 35 982 441 280 1097 647 2006 141
leaf_count=20 40 282 118 525 1369 98 32 367 46 452 640 2576 188 149 206 73 87 35 1162 43 778 167 35 982 441 280 1097 647 2006 141
internal_value=-0.000428505 -0.0527846 0.169148 -0.14562 -0.0256162 0.287303 -0.0560353 0.326803 0.113943 0.0407134 -0.25013 -0.0658304 0.0801882 0.0923872 0.286239 0.496914 0.347682 0.239637 -0.061302 0.00940512 0.10429 0.175694 0.346057 0.0215056 -0.0913851 0.210746 0.0758383 -0.0819601 -0.0845848 0.417927
internal_weight=15082 11524 3558 2609 8915 1133 6112 992 2425 2803 1165 5702 410 2070 801 191 434 355 1444 141 1921 222 55 2351 3126 315 1143 2685 2653 228
internal_count=15082 11524 3558 2609 8915 1133 6112 992 2425 2803 1165 5702 410 2070 801 191 434 355 1444 141 1921 222 55 2351 3126 315 1143 2685 2653 228
is_linear=0
shrinkage=0.05


Tree=7
num_leaves=31
num_cat=0
split_feature=13 10 13 5 1 12 12 5 5 1 13 5 1 12 9 1 13 13 4 5 11 1 12 5 11 4 3 13 10 3
split_gain=48339 10492.7 8377.98 8356.33 6546.57 4489.68 2877.28 2441.93 2367.37 2158.07 1716.75 1682.76 1502.04 1365.99 1315.4 1073.4 899.335 849.834 848.252 846.433 843.745 841.959 767.405 712.362 868.408 707.965 668.083 649.641 633.396 604.665
threshold=12.035000000000002 1347572.9000000001 17.435000000000006 0.044933723007965005 11.330000000000011 568700.05000000016 -757505.23999999999 0.097608603277435438 0.092123456475797297 8.5900000000000123 1.0050000000000001 0.059755006245085458 16.798333333333343 466495.35000000015 25.739990000000002 28.088333333333335 9.7150000000000016 19.675000000000004 4.9400000000000013 0.033823777939368187 -3.9076074999999997 13.788333333333339 -485240.18499999994 0.087374408342746734 -1.7185214999999994 3.8600000000000025 9.6950000000000021 7.495000000000001 2655043.4000000004 15.555000000000001
decision_type=2 2 2 2 2 2 2 2 2 2 2 2 2 2 2 2 2 2 2 2 2 2 2 2 2 2 2 2 2 2
left_child=1 4 8 19 6 7 10 14 13 26 -1 28 25 21 -4 -9 -11 -16 -7 -3 -10 22 -2 -12 -25 -6 -8 -28 -5 -22
right_child=2 3 5 11 12 18 9 15 20 16 23 -13 -14 -15 17 -17 -18 -19 -20 -21 29 -23 -24 24 -26 -27 27 -29 -30 -31
leaf_value=-0.048252595396081899 0.26143898472798116 -0.32803860888218084 0.20160397817776221 -0.10968764944252092 0.052608475164191704 0.12397895624736946 0.14370495680848072 0.42254358212850252 0.43001448081599342 -0.051059569033475062 0.11801852120928852 -0.031072497282147324 0.1745334399404464 -0.05802196084002921 0.25633644752910939 0.76736931250645568 -0.0020323264824800608 0.39713896193955966 -0.12179706027787743 -0.22570890509804453 0.17576974695881031 0.1346887586471017 0.058685527958375075 0.58378831475973125 0.16379375988035463 -0.03365102765498789 -0.12501758464432486 -0.071478755630081048 -0.22803987878385523 0.41561358278167665
leaf_weight=161 49 358 365 723 1520 75 29 171 45 2752 204 930 231 149 203 26 1417 227 66 464 280 892 981 20 32 282 1115 1152 134 29
leaf_count=161 49 358 365 723 1520 75 29 171 45 2752 204 930 231 149 203 26 1417 227 66 464 280 892 981 20 32 282 1115 1152 134 29
internal_value=-0.000407079 -0.0501454 0.16069 -0.138339 -0.0243353 0.272938 -0.0476231 0.310463 0.108246 -0.0558339 0.0796745 -0.0776491 0.0544971 0.0878214 0.271412 0.468054 -0.0343957 0.330667 0.00893486 -0.270276 0.227737 0.0991277 0.0683311 0.160129 0.32533 0.0391095 -0.0947608 -0.0978113 -0.128193 0.198279
internal_weight=15082 11524 3558 2609 8915 1133 6882 992 2425 6465 417 1787 2033 2071 795 197 4169 430 141 822 354 1922 1030 256 52 1802 2296 2267 857 309
internal_count=15082 11524 3558 2609 8915 1133 6882 992 2425 6465 417 1787 2033 2071 795 197 4169 430 141 822 354 1922 1030 256 52 1802 2296 2267 857 309
is_linear=0
shrinkage=0.05


Tree=8
num_leaves=31
num_cat=0
split_feature=13 10 2 5 13 14 13 12 12 13 12 2 0 14 2 13 14 11 0 2 13 0 5 11 2 0 9 9 10 5
split_gain=43639.1 9784.88 8810.04 6189.54 4383.17 4255.16 4700.69 2436.22 2172.64 1814.16 1766.33 1588.62 1346.05 1330.98 1185.09 978.093 966.148 844.466 780.708 852.514 752.572 702.344 643.583 737.788 629.268 607.481 551.626 516.887 506.998 524.122
threshold=13.170000000000002 1291975.8500000003 19.755000000000006 0.078339214656214337 19.675000000000004 12.235000000000001 9.7150000000000016 742512.32000000018 -1399383.4999999998 16.935000000000006 -757505.23999999999 27.415000000000003 25.500000000000004 0.015000000000000001 12.855000000000002 27.005000000000006 9.0250000000000004 -5.9403229999999985 16.500000000000004 11.755000000000001 8.2450000000000028 26.500000000000004 0.083998327794592029 -2.6591641999999998 16.135000000000002 32.500000000000007 26.326279000000003 26.631515000000004 207501.06000000003 0.038887808629933178
decision_type=2 2 2 2 2 2 2 2 2 2 2 2 2 2 2 2 2 2 2 2 2 2 2 2 2 2 2 2 2 2
left_child=1 5 14 7 12 6 10 9 -8 27 13 -4 -5 22 -3 -6 20 -14 -10 -20 24 -11 -1 -24 -12 -16 -9 -2 -26 -30
right_child=3 2 11 4 15 -7 8 26 18 21 16 -13 17 -15 25 -17 -18 -19 19 -21 -22 -23 23 -25 28 -27 -28 -29 29 -31
leaf_value=0.075739308736847921 0.079735407508255571 0.031631411724382497 -0.18011408878260282 0.14136859925746956 0.37179952429141849 0.10658572261051012 0.41799638860992022 -0.10379575724299583 -0.0061176042481101423 0.064831895632921049 -0.055326675885498555 -0.29828689551506704 0.58349903166294104 -0.077320060326850848 -0.077676830364098934 0.57410261958837505 -0.022012902544913188 0.2510800747004549 0.18666101304058097 0.036262037039182946 -0.043430315242195712 0.23072401128516212 0.51250112026929862 0.14208176066054076 -0.086921824080651855 0.082753809907984352 0.13875147341750563 0.19790274422400847 -0.23714332125051235 -0.11922701458116212
leaf_weight=181 840 370 753 421 236 652 35 144 1340 74 957 457 20 126 1222 80 1352 427 101 1404 1568 463 20 41 1078 62 28 104 123 403
leaf_count=181 840 370 753 421 236 652 35 144 1340 74 957 457 20 126 1222 80 1352 427 101 1404 1568 463 20 41 1078 62 28 104 123 403
internal_value=-0.000386725 -0.0413249 -0.122217 0.17631 0.263573 -0.0166287 -0.025832 0.113806 0.0264573 0.134492 -0.0515789 -0.224746 0.205527 0.0544616 -0.0472108 0.423015 -0.0586985 0.265953 0.0216404 0.0463553 -0.0707109 0.207864 0.123075 0.263531 -0.0874137 -0.0699302 -0.0643113 0.0927538 -0.106558 -0.146801
internal_weight=15082 12245 2864 2837 1184 9381 8729 1653 2880 1481 5849 1210 868 368 1654 316 5481 447 2845 1505 4129 537 242 61 2561 1284 172 944 1604 526
internal_count=15082 12245 2864 2837 1184 9381 8729 1653 2880 1481 5849 1210 868 368 1654 316 5481 447 2845 1505 4129 537 242 61 2561 1284 172 944 1604 526
is_linear=0
shrinkage=0.05


Tree=9
num_leaves=31
num_cat=0
split_feature=13 10 13 2 14 12 13 2 2 12 2 12 2 0 5 12 9 13 0 5 4 13 13 3 3 2 12 0 2 14
split_gain=39560.9 8621.91 6904.84 5976.35 4728.27 3773.21 3257.62 2190.46 1957.73 1844.06 1479.58 1444.94 1283.74 1264.79 1535.24 1253.47 1096.5 976.476 791.537 779.197 730.084 717.994 669.802 643.302 630.794 611.224 587.358 564.443 782.322 536.188
threshold=12.035000000000002 1527013.3000000003 18.005000000000006 19.755000000000006 11.925000000000002 671486.04000000015 9.1050000000000022 10.865 10.025 -485240.18499999994 16.135000000000002 -1474869.5999999999 26.385000000000002 32.500000000000007 0.038602586321227726 568700.05000000016 21.074387000000005 16.005000000000006 25.500000000000004 0.064871880657614719 4.9400000000000013 27.005000000000006 19.955000000000002 22.965000000000003 15.865 11.295000000000002 -526510.39999999967 30.500000000000004 14.965000000000002 14.775
decision_type=2 2 2 2 2 2 2 2 2 2 2 2 2 2 2 2 2 2 2 2 2 2 2 2 2 2 2 2 2 2
left_child=1 4 7 19 6 8 10 18 21 25 11 23 -5 14 -12 17 -10 26 24 -3 -7 -4 -18 -1 -2 -8 -9 -11 -29 -6
right_child=2 3 5 12 29 20 9 15 16 27 13 -13 -14 -15 -16 -17 22 -19 -20 -21 -22 -23 -24 -25 -26 -27 -28 28 -30 -31
leaf_value=0.30642579205982062 0.13278432552348737 -0.097383301478954604 0.40396195719402067 -0.17367027237992191 0.061566149238236167 0.12407193280625761 0.38049044583378167 0.23120620002777412 0.16155691654231324 -0.01852009134792099 -0.2261825755003605 -0.033840112517989344 -0.28658362362556405 -0.035901865824123601 -0.087357917375924715 -0.06188455219278588 0.23910771842635828 0.15487425849830275 0.30969333578629987 -0.016480521509326208 -0.12581075544507864 0.67420491218566903 0.35982305005254078 -0.01290587317198515 0.39314735858486249 0.12644872944152286 0.069112456534116296 0.15863355430729181 0.013011266184335072 0.14733355355483987
leaf_weight=46 221 608 136 583 482 57 29 58 196 1872 222 2183 443 1107 1935 137 218 504 138 583 60 30 243 24 26 129 1534 103 882 293
leaf_count=46 221 608 136 583 482 57 29 58 196 1872 222 2183 443 1107 1935 137 218 504 138 583 60 30 243 24 26 129 1534 103 882 293
internal_value=-0.000367389 -0.0453635 0.14537 -0.133975 -0.0242554 0.261613 -0.0349964 0.103633 0.299383 0.00679658 -0.0578359 -0.0266698 -0.222423 -0.0793485 -0.101646 0.0846426 0.26062 0.09422 0.213779 -0.057781 -0.00407304 0.452801 0.302739 0.196941 0.160191 0.173077 0.0750179 -0.00239917 0.0282388 0.0939918
internal_weight=15082 11524 3558 2217 9307 940 8532 2618 823 3015 5517 2253 1026 3264 2157 2233 657 2096 385 1191 117 166 461 70 247 158 1592 2857 985 775
internal_count=15082 11524 3558 2217 9307 940 8532 2618 823 3015 5517 2253 1026 3264 2157 2233 657 2096 385 1191 117 166 461 70 247 158 1592 2857 985 775
is_linear=0
shrinkage=0.05


Tree=10
num_leaves=31
num_cat=0
split_feature=13 1 13 2 4 14 5 10 1 0 5 2 5 0 10 2 11 13 2 10 5 9 4 0 4 1 2 1 2 0
split_gain=37111.4 7949.79 7434.22 4768.41 3396.65 3442.94 3009.97 2081.83 1871.7 1831.06 1436.99 1110.89 1078.65 1360.01 856.734 915.479 856.463 838.029 818.115 803.839 768.523 716.351 671.832 564.506 564.1 547.563 537.556 530.972 459.147 450.588
threshold=11.825000000000001 8.8200000000000056 15.825000000000001 19.615000000000006 6.6100000000000012 12.305000000000001 0.078339214656214337 732134.52000000014 19.983333333333338 28.500000000000004 0.084853635566382604 26.385000000000002 0.09528348086612777 20.500000000000004 1643539.6500000001 16.185000000000006 -4.8818211269999994 10.005000000000001 16.995000000000001 655156.87500000012 0.073126147024473107 24.916931500000004 -6.2849999999999993 25.500000000000004 -2.2149999999999994 16.798333333333343 33.805000000000007 28.088333333333335 10.025 32.500000000000007
decision_type=2 2 2 2 2 2 2 2 2 2 2 2 2 2 2 2 2 2 2 2 2 2 2 2 2 2 2 2 2 2
left_child=1 3 10 20 5 12 9 -5 16 18 14 -9 17 -14 -2 -16 -8 -3 -4 -6 -1 29 -12 -24 -10 -7 -21 -26 -22 -11
right_child=2 4 6 7 19 25 8 11 24 21 22 -13 13 -15 15 -17 -18 -19 -20 26 28 -23 23 -25 27 -27 -28 -29 -30 -31
leaf_value=-0.071121761487917073 0.064382579618211144 -0.032166260372166092 0.091334966192363018 -0.094579175943027491 -0.062936258257440592 0.080124540950535422 0.55702663779258732 -0.1608292973809986 0.63643887639045715 0.014924275759479095 0.33826176920397716 -0.26372032224150777 0.042150170942452755 0.41917478740215303 0.044551862353453035 -0.17255682359976943 0.22404838953359774 0.0096311899842085619 -0.11462878941012905 -0.17116430199558511 0.20771027557227925 0.24672279297109434 0.09970786220958977 0.24160746600437955 0.32530015405405455 0.18573015177268193 -0.35622672183173049 0.5072920372611599 -0.01922930349540871 0.1663908636418637
leaf_weight=2170 1557 3601 142 739 156 497 20 633 24 58 44 448 118 30 117 83 561 1798 73 197 23 299 305 91 135 163 49 57 720 320
leaf_count=2170 1557 3601 142 739 156 497 20 633 24 58 44 448 118 30 117 83 561 1798 73 197 23 299 305 91 135 163 49 57 720 320
internal_value=-0.000609047 -0.0462978 0.132742 -0.0957633 -0.0108733 -0.00175108 0.211616 -0.159256 0.28223 0.148523 0.072105 -0.203471 -0.0145962 0.118574 0.0518691 -0.0455482 0.235511 -0.0182467 0.0214031 -0.151723 -0.0560941 0.188893 0.152911 0.132316 0.407897 0.106206 -0.208026 0.379329 -0.0122043 0.14315
internal_weight=15228 11342 3886 4733 6609 6207 1689 1820 797 892 2197 1081 5547 148 1757 200 581 5399 215 402 2913 677 440 396 216 660 246 192 743 378
internal_count=15228 11342 3886 4733 6609 6207 1689 1820 797 892 2197 1081 5547 148 1757 200 581 5399 215 402 2913 677 440 396 216 660 246 192 743 378
is_linear=0
shrinkage=0.05


Tree=11
num_leaves=31
num_cat=0
split_feature=13 1 2 2 12 13 10 1 0 12 5 4 0 1 12 2 2 11 13 7 2 5 11 0 1 10 2 12 5 10
split_gain=33523.6 9495.1 4900.18 4499.22 3137.1 3017.79 2865.14 2453.96 2268.51 1846.98 1366.49 1219.93 1077.63 833.155 824.04 819.185 765.371 751.26 748.564 686.425 886.44 685.245 616.765 611.15 507.397 505.229 467.941 461.956 460.408 436.057
threshold=13.605000000000002 9.7366666666666699 19.225000000000005 14.155000000000003 551203.90000000002 19.675000000000004 690345.77500000014 13.510000000000005 32.500000000000007 -1612356.5549999997 0.037320395502888647 1.340000000000001 26.500000000000004 17.210000000000012 -1001072.2999999999 21.205000000000002 10.505000000000001 -3.1269380000000004 27.005000000000006 3.5000000000000004 15.375000000000002 0.061406204044325112 -6.8841704999999997 32.500000000000007 16.371666666666673 2902472.5000000005 14.645000000000001 -466044.14999999985 0.088849409907240551 2776993.2500000005
decision_type=2 2 2 2 2 2 2 2 2 2 2 2 2 2 2 2 2 2 2 2 2 2 2 2 2 2 2 2 2 2
left_child=1 2 9 5 7 12 -4 11 21 19 -8 14 28 -10 -3 -6 27 -14 -7 20 -1 29 -16 26 -9 -12 -18 -11 -2 -5
right_child=3 4 6 8 15 18 10 24 13 16 25 -13 17 -15 22 -17 23 -19 -20 -21 -22 -23 -24 -25 -26 -27 -28 -29 -30 -31
leaf_value=0.46527233094938342 0.076526197071911564 0.24198587429384855 -0.075139353517353402 -0.051684607884629911 -0.084499318836744705 0.29330588694441195 -0.24761819576880911 0.068069893837765405 0.095585538013775312 0.29829912370159511 -0.13037622783946226 -0.02883143151351918 0.37975652571767571 0.20201432651281356 0.15331407713942058 -0.26201176515797958 -0.034704206772706872 0.19915156680076523 0.44879031002802672 0.016438532766045594 0.069391500319425883 0.055309001583955256 0.017341739275930006 0.043918522901935278 0.14629558079691557 -0.26981430089389774 -0.069992036555740947 0.034100225584533732 0.17414467447774021 -0.25667760085254426
leaf_weight=31 279 43 1235 159 168 287 487 634 555 21 764 1682 64 275 86 106 1662 574 106 41 26 160 2757 164 308 71 2161 78 213 31
leaf_count=31 279 43 1235 159 168 287 487 634 555 21 764 1682 64 275 86 106 1662 574 106 41 26 160 2757 164 308 71 2161 78 213 31
internal_value=-0.000578594 -0.035042 -0.0753678 0.159116 0.011956 0.215897 -0.129899 0.0201674 0.0858292 -0.0420418 -0.181055 0.00501469 0.17439 0.130848 0.0247407 -0.153172 -0.0471866 0.217269 0.335243 0.172465 0.284695 -0.0209298 0.0214549 -0.0505966 0.0936469 -0.142233 -0.0546511 0.0901424 0.118788 -0.0851308
internal_weight=15228 12525 6741 2703 5784 1523 2557 5510 1180 4184 1322 4568 1130 830 2886 274 4086 638 393 98 57 350 2843 3987 942 835 3823 99 492 190
internal_count=15228 12525 6741 2703 5784 1523 2557 5510 1180 4184 1322 4568 1130 830 2886 274 4086 638 393 98 57 350 2843 3987 942 835 3823 99 492 190
is_linear=0
shrinkage=0.05


Tree=12
num_leaves=31
num_cat=0
split_feature=13 13 1 2 14 5 4 12 1 0 12 4 12 10 5 0 13 11 0 2 14 2 9 4 1 1 13 4 7 2
split_gain=30527.7 6688.93 6309.42 3732.36 3349.67 2488.21 2181.89 1757.21 1550.85 1506.87 1068.44 1018.38 991.077 984.589 901.894 1545.12 857.189 739.959 703.081 668.653 639.722 614.759 610.192 590.244 555.265 521.31 518.701 517.693 492.573 450.884
threshold=11.525 15.825000000000001 8.2916666666666714 22.285000000000004 11.975000000000003 0.078339214656214337 6.240000000000002 -1321743.0499999998 19.983333333333338 28.500000000000004 -1198763.0999999999 7.3750000000000009 -791940.56499999983 1549506.6000000003 0.062992128265075123 30.500000000000004 10.005000000000001 -4.8818211269999994 25.500000000000004 17.055000000000003 0.025000000000000005 13.085000000000003 24.916931500000004 17.460000000000004 16.798333333333343 1.0000000180025095e-35 6.745000000000001 -2.2149999999999994 3.5000000000000004 11.525
decision_type=2 2 2 2 2 2 2 2 2 2 2 2 2 2 2 2 2 2 2 2 2 2 2 2 2 2 2 2 2 2
left_child=2 7 3 10 6 9 12 -2 17 19 21 24 20 -5 15 -9 -14 -7 -16 -3 29 28 -11 -8 -6 -12 -27 -10 -1 -4
right_child=1 5 4 13 11 8 23 14 27 22 25 -13 16 -15 18 -17 -18 -19 -20 -21 -22 -23 -24 -25 -26 26 -28 -29 -30 -31
leaf_value=0.32638263034323856 0.43061754060909152 0.08152071851846221 0.36879650115628138 -0.1284852913916921 0.065300226078060825 0.51216181635856628 -0.11098665054876578 -0.096114744228598115 0.58916873037815098 0.12867684727633205 0.12414886557962745 -0.2573462715203112 -0.036584830702524065 -0.22859398547623597 0.055827511763413176 0.053232497322854656 0.0054024915617485467 0.20265839155796589 0.13040903024741443 -0.10531308831737585 -0.049133170291781429 -0.0093505819101615765 0.22426765213726729 -0.27730665206909183 0.16723091749975472 -0.10753966806640534 -0.05913613524226094 0.34286168047110555 0.018830529972910882 0.11655905934327007
leaf_weight=30 32 143 22 460 611 20 425 214 24 378 32 22 4460 527 787 908 1671 561 528 72 50 129 299 61 171 941 1344 192 23 91
leaf_count=30 32 143 22 460 611 20 425 214 24 378 32 22 4460 527 787 908 1671 561 528 72 50 129 299 61 171 941 1344 192 23 91
internal_value=-0.000549664 0.114962 -0.0439371 -0.0996142 -0.018345 0.191637 -0.0297879 0.0625105 0.25584 0.134272 -0.0670999 0.0781509 -0.0219061 -0.181937 0.057677 0.0247474 -0.0251412 0.213313 0.0857736 0.0189531 0.0997775 0.0495514 0.170895 -0.131862 0.0875894 -0.0762629 -0.0790695 0.370229 0.192917 0.165667
internal_weight=15228 4158 11070 3486 7584 1689 6780 2469 797 892 2499 804 6294 987 2437 1122 6131 581 1315 215 163 182 677 486 782 2317 2285 216 53 113
internal_count=15228 4158 11070 3486 7584 1689 6780 2469 797 892 2499 804 6294 987 2437 1122 6131 581 1315 215 163 182 677 486 782 2317 2285 216 53 113
is_linear=0
shrinkage=0.05


Tree=13
num_leaves=31
num_cat=0
split_feature=1 13 13 10 5 5 10 2 0 9 10 9 4 5 0 0 5 4 2 0 1 7 5 5 11 2 4 1 5 3
split_gain=27695.1 6367.81 6286.35 3684.65 2413.21 2092.94 1766.08 1683.96 1759.01 1624.11 1563.22 1088.76 1019.79 975.866 929.605 881.191 755.488 706.842 685.407 677.817 655.26 565.108 494.265 482.793 476.491 447.384 434.594 410.436 397.595 382.792
threshold=12.293333333333344 15.825000000000001 9.0050000000000008 1549506.6000000003 0.044933723007965005 0.096758600609290243 1226737.0000000002 11.755000000000001 22.500000000000004 27.532364000000005 1773248.0000000002 24.982788000000003 4.6450000000000005 0.062324713916143713 29.500000000000004 25.500000000000004 0.064205459958462732 -5.1849999999999996 13.135000000000003 30.500000000000004 28.088333333333335 1.5000000000000002 0.049031625941205158 0.10075568292563668 -3.4139709799999989 15.375000000000002 11.055 14.996666666666675 0.029385837701054972 14.605000000000002
decision_type=2 2 2 2 2 2 2 2 2 2 2 2 2 2 2 2 2 2 2 2 2 2 2 2 2 2 2 2 2 2
left_child=2 6 3 12 28 9 13 8 -4 10 -3 -8 18 27 -11 -9 24 -15 23 22 29 -19 -20 -1 -17 -6 -14 -2 -5 -7
right_child=1 5 7 4 25 20 11 15 -10 14 -12 -13 26 17 -16 16 -18 21 19 -21 -22 -23 -24 -25 -26 -27 -28 -29 -30 -31
leaf_value=-0.0066591005015873396 0.0306675244439189 0.14795374339978271 0.03984015537967564 -0.27456222777510736 -0.038855122836734757 0.27142112116567618 -0.13830197086329307 -0.028997037576476339 0.24672600561537994 0.11804825276456246 -0.085345205575039121 0.038603382333288513 -0.093177872182810817 0.26942420563527514 0.29581433654912598 0.095379906006095833 0.080246051165539733 0.18900621647895113 -0.11269667053845518 -0.017167378009069357 0.54787257228578834 0.086336875109333022 -0.054935810780562269 0.24208776272833346 -0.0092471508499160394 -0.11098117588182921 -0.2160118563509569 0.092549833664516079 -0.18725637974419995 0.48603446975998255
leaf_weight=791 866 788 490 182 322 215 159 1920 130 99 79 192 591 70 286 121 405 163 439 1068 28 754 2369 20 1081 647 82 388 460 23
leaf_count=791 866 788 490 182 322 215 159 1920 130 99 79 192 591 70 286 121 405 163 439 1068 28 754 2369 20 1081 647 82 388 460 23
internal_value=-0.000522181 0.110381 -0.0415197 -0.0705182 -0.136825 0.191706 0.0627527 0.00722599 0.0832194 0.164645 0.126696 -0.0415332 -0.0505892 0.0790866 0.250103 -0.00613265 0.0211851 0.116277 -0.042325 -0.0510711 0.319078 0.104587 -0.0639661 -0.000524776 0.00128519 -0.0870136 -0.108144 0.0498145 -0.212007 0.292161
internal_weight=15228 4110 11118 6971 1611 1518 2592 4147 620 1252 867 351 5360 2241 385 3527 1607 987 4687 3876 266 917 2808 811 1202 969 673 1254 642 238
internal_count=15228 4110 11118 6971 1611 1518 2592 4147 620 1252 867 351 5360 2241 385 3527 1607 987 4687 3876 266 917 2808 811 1202 969 673 1254 642 238
is_linear=0
shrinkage=0.05


Tree=14
num_leaves=31
num_cat=0
split_feature=13 1 1 5 14 5 12 12 12 2 13 0 2 4 0 13 12 2 0 12 2 10 2 2 1 0 4 10 7 1
split_gain=25046.6 5465.29 5259.3 3102.28 2657.19 2078.41 2000.63 1821.07 1107.22 1082.39 953.043 902.324 878.401 868.416 854.128 840.947 773.142 769.129 705.365 704.022 682.607 669.853 663.953 535.821 494.478 481.497 445.026 430.684 427.309 422.123
threshold=11.525 16.798333333333343 8.5666666666666718 0.040774719706002972 11.855000000000002 0.086918739848144994 1355583.3900000001 372394.45000000007 -1198763.0999999999 13.965000000000002 27.005000000000006 26.500000000000004 15.265000000000002 7.3750000000000009 31.500000000000004 9.5650000000000031 -1258124.3499999999 25.985000000000003 25.500000000000004 -485240.18499999994 16.135000000000002 1901634.0000000002 18.725000000000005 13.085000000000003 16.798333333333343 29.500000000000004 2.930000000000001 148840.49500000002 3.5000000000000004 6.046666666666674
decision_type=2 2 2 2 2 2 2 2 2 2 2 2 2 2 2 2 2 2 2 2 2 2 2 2 2 2 2 2 2 2
left_child=2 5 3 14 7 11 9 15 23 10 25 20 -13 24 29 26 -7 -9 -18 -17 -2 -14 -10 28 -6 -3 -4 -27 -5 -1
right_child=1 6 4 8 13 16 -8 17 22 -11 -12 12 21 -15 -16 19 18 -19 -20 -21 -22 -23 -24 -25 -26 27 -28 -29 -30 -31
leaf_value=-0.23329384488031737 0.029760519063921048 0.15988331390570643 -0.020489643558398437 0.29788686426525768 0.058105427672094472 0.43635985592137216 -0.079294861262784372 -0.087243473501634097 -0.054194251036225993 0.15023270503487923 0.3948377251792699 0.12258518292725629 0.052124944208927798 -0.24007455103776676 -0.073619825523235802 0.17126380374225289 0.099139018296192885 -0.24677368674248934 0.21433376465667187 0.0039151814996174544 -0.080543431449357591 -0.1407442014902196 -0.1032853257197362 -0.0006071321478636145 0.15331676832341046 0.17859081850338987 -0.0594166380941792 0.29397970945870833 0.017140449875074886 -0.14904306884452609
leaf_weight=383 590 180 2725 33 644 23 62 385 2028 423 100 522 1068 22 168 65 368 94 208 1897 184 47 1043 139 173 116 1005 267 23 243
leaf_count=383 590 180 2725 33 644 23 62 385 2028 423 100 522 1068 22 168 65 368 94 208 1897 184 47 1043 139 173 116 1005 267 23 243
internal_value=-0.000496072 0.104134 -0.039796 -0.0850812 -0.0135681 0.0687321 0.196955 -0.0249188 -0.0635311 0.212726 0.252597 0.0480227 0.0690555 0.069919 -0.173724 -0.0170395 0.152088 -0.11855 0.140737 0.00945935 0.00353839 0.043995 -0.070867 0.0520005 0.0782665 0.227332 -0.030978 0.259032 0.18258 -0.200589
internal_weight=15228 4158 11070 4060 7010 3010 1148 6171 3266 1086 663 2411 1637 839 794 5692 599 479 576 1962 774 1115 3071 195 817 563 3730 383 56 626
internal_count=15228 4158 11070 4060 7010 3010 1148 6171 3266 1086 663 2411 1637 839 794 5692 599 479 576 1962 774 1115 3071 195 817 563 3730 383 56 626
is_linear=0
shrinkage=0.05


Tree=15
num_leaves=31
num_cat=0
split_feature=13 10 1 1 2 5 12 13 0 5 7 1 14 5 12 0 12 10 0 2 3 13 2 9 12 9 11 5 11 10
split_gain=22661.1 5107.39 4601.2 3459.38 3195.84 2361.82 1554.37 1518.42 1467.52 1202.77 1039.91 969.903 904.128 903.796 721.04 622.852 607.792 569.713 553.458 821.064 523.151 574.112 519.781 699.844 647.404 514.856 503.24 497.487 714.807 446.538
threshold=11.695000000000002 1549506.6000000003 15.850000000000007 11.10833333333334 24.085000000000004 0.070052543091517469 -757505.23999999999 20.005000000000006 25.500000000000004 0.08654263095612362 3.5000000000000004 8.996666666666675 13.140000000000002 0.061143383205101855 -1090546.2299999997 25.500000000000004 -664227.27499999991 3025024.0000000005 30.500000000000004 15.265000000000002 8.1800000000000015 7.535000000000001 10.275 25.362930000000002 -88711.170000000027 30.382873500000006 -5.9403229999999985 0.084853635566382604 -1.8560330999999992 2203561.1000000006
decision_type=2 2 2 2 2 2 2 2 2 2 2 2 2 2 2 2 2 2 2 2 2 2 2 2 2 2 2 2 2 2
left_child=1 3 9 6 13 8 10 -7 29 16 27 20 -5 17 -11 -16 -2 -3 19 -18 -8 -22 -9 -24 -25 -17 -13 -1 -29 -4
right_child=2 4 5 12 -6 7 11 22 -10 14 -12 26 -14 -15 15 25 18 -19 -20 -21 21 -23 23 24 -26 -27 -28 28 -30 -31
leaf_value=0.086320916760283029 0.18635672853403801 -0.09039646025035869 -0.014073355371199019 0.019947618956077738 -0.20764029005192738 0.17973992504060166 0.13465863290955038 0.41195339461659447 0.12995351184698223 0.41716581795896801 -0.026089579305073746 0.081135057686550327 0.099227449061733711 -0.022444332328871094 0.076696445337647648 0.14223694604200621 0.040780711280612475 -0.2565964987603101 0.061017127200100468 -0.074215985138833457 -0.084291174227095922 -0.042945302363533222 0.11310788311210335 0.13542166839946398 0.38846701833385011 0.33234881650035586 -0.025868706472678433 0.49637381076812748 0.12166246085294657 -0.25862245080726493
leaf_weight=182 74 825 56 1648 562 562 34 101 510 21 213 114 460 633 327 138 516 55 1223 222 1590 1779 51 33 108 48 3040 20 35 28
leaf_count=182 74 825 56 1648 562 562 34 101 510 21 213 114 460 633 327 138 516 55 1223 222 1590 1779 51 33 108 48 3040 20 35 28
internal_value=0.00154479 -0.0350285 0.1034 -0.0189115 -0.105827 0.174644 -0.0358066 0.227851 0.0980585 0.0632164 0.0540866 -0.0419759 0.0372478 -0.0680087 0.130003 0.118248 0.045691 -0.100784 0.0403829 0.00618821 -0.0604891 -0.0624585 0.320134 0.271833 0.329244 0.191298 -0.0220011 0.126144 0.257921 -0.0955897
internal_weight=15208 11190 4018 9115 2075 1449 7007 855 594 2569 450 6557 2108 1513 534 513 2035 880 1961 738 3403 3369 293 192 141 186 3154 237 55 84
internal_count=15208 11190 4018 9115 2075 1449 7007 855 594 2569 450 6557 2108 1513 534 513 2035 880 1961 738 3403 3369 293 192 141 186 3154 237 55 84
is_linear=0
shrinkage=0.05


Tree=16
num_leaves=31
num_cat=0
split_feature=13 10 1 5 1 12 5 12 9 2 12 1 13 0 0 9 2 1 1 12 5 5 1 12 12 12 4 10 9 4
split_gain=20462.1 4573.22 4409.46 3439.38 2875.7 2206.49 1626.9 1435.77 1249.27 1188.11 984.734 835.292 795.974 789.323 745.24 729.183 705.235 587.139 572.805 547.561 545.078 504.909 487.106 485.062 481.528 478.831 438.295 434.422 433.52 419.61
threshold=11.525 1291975.8500000003 15.850000000000007 0.044933723007965005 11.10833333333334 1355583.3900000001 0.096758600609290243 -1139563.7499999998 28.377518000000006 14.505000000000001 -1321743.0499999998 15.525000000000004 8.3950000000000014 25.500000000000004 30.500000000000004 29.123154000000003 16.475000000000005 20.681666666666676 21.530000000000005 331624.50000000006 0.076540380399567107 0.033823777939368187 1.0000000180025095e-35 -10521.470499999999 -52814.364999999991 92229.250000000015 1.5749999999999995 2547125.5000000005 13.846954000000002 11.055
decision_type=2 2 2 2 2 2 2 2 2 2 2 2 2 2 2 2 2 2 2 2 2 2 2 2 2 2 2 2 2 2
left_child=1 4 9 21 7 6 8 20 19 10 -2 26 22 -12 25 -15 -5 -8 -10 -4 -1 -3 -9 -20 -14 -11 -6 -18 -22 -24
right_child=2 3 5 16 11 -7 17 12 18 14 13 -13 24 15 -16 -17 27 -19 23 -21 28 -23 29 -25 -26 -27 -28 -29 -30 -31
leaf_value=0.029776887574258289 0.3460387254083479 -0.2224695139622449 0.1431896642035641 -0.021520487292439511 0.044433459746090413 -0.096134393425401019 0.24027179048236078 0.14119675341062249 0.21267533089547236 0.010808092256628876 0.051776083677122976 0.10673511515698982 0.041100169029425759 0.099862198005524205 0.046572014184229966 0.24000057533633809 -0.067985431997438756 0.40516895277988774 0.23305781108361706 0.022682815360854092 0.33364043264882642 -0.14292761750545871 -0.052500635113811867 0.51882035154284856 -0.024428386293310428 -0.11013624998573349 -0.0086178516857968786 -0.15743840669197118 0.10367785146165837 -0.18931523771923886
leaf_weight=148 37 350 792 886 909 76 145 32 187 199 765 353 316 422 1036 119 765 86 27 107 32 464 3338 33 2485 139 681 165 57 57
leaf_count=148 37 350 792 886 909 76 145 32 187 199 765 353 316 422 1036 119 765 86 27 107 32 464 3338 33 2485 139 681 165 57 57
internal_value=0.00146755 -0.0341802 0.0958272 -0.0917247 -0.0161804 0.166136 0.180611 -0.0322109 0.15621 0.0582277 0.0916709 0.0371584 -0.0368074 0.0844645 0.0255389 0.130687 -0.0534435 0.301662 0.255805 0.128847 0.0885785 -0.177129 -0.0529675 0.390227 -0.0170357 -0.0389294 0.0217115 -0.0838561 0.186361 -0.0547977
internal_weight=15208 11038 4170 2630 8408 1453 1377 6465 1146 2717 1343 1943 6228 1306 1374 541 1816 231 247 899 237 814 3427 60 2801 338 1590 930 89 3395
internal_count=15208 11038 4170 2630 8408 1453 1377 6465 1146 2717 1343 1943 6228 1306 1374 541 1816 231 247 899 237 814 3427 60 2801 338 1590 930 89 3395
is_linear=0
shrinkage=0.05


Tree=17
num_leaves=31
num_cat=0
split_feature=13 10 2 9 0 10 5 5 5 13 5 12 0 5 5 13 0 14 11 2 12 5 0 13 12 4 9 12 10 13
split_gain=18527.3 4254.83 3898.89 2746.15 2200.77 2151.97 1965.1 1761.29 1505.28 1401.66 904.571 867.677 828.551 802.216 801.774 792.561 628.496 627.542 582.734 502.257 496.19 477.328 469.513 456.343 404.598 381.125 357.042 472.702 343.734 294.404
threshold=13.485000000000001 1291975.8500000003 19.755000000000006 27.386459500000004 21.500000000000004 1947133.4500000002 0.048367594201596455 0.066423118158594183 0.10487678763520207 20.125000000000004 0.037615196455045234 -1090546.2299999997 28.500000000000004 0.033823777939368187 0.076540380399567107 9.5450000000000017 34.500000000000007 14.775 1.3962549999999994 26.195000000000004 331624.50000000006 0.065767842312882172 30.500000000000004 18.415000000000003 42380.415000000001 2.930000000000001 25.362930000000002 -1399383.4999999998 2902472.5000000005 10.185
decision_type=2 2 2 2 2 2 2 2 2 2 2 2 2 2 2 2 2 2 2 2 2 2 2 2 2 2 2 2 2 2
left_child=1 4 15 5 7 8 19 10 18 12 -1 -9 -5 -4 16 22 -8 29 20 -6 21 -2 -3 -10 -12 -11 27 -16 -15 -13
right_child=3 2 13 9 6 -7 14 11 23 25 24 17 -14 28 26 -17 -18 -19 -20 -21 -22 -23 -24 -25 -26 -27 -28 -29 -30 -31
leaf_value=-0.19303644942524642 0.081363976319941383 -0.065445777072039038 -0.21134604035836779 0.064303817912936212 0.010042917520032555 -0.106224912383522 0.0094570518832910681 0.2023066875596459 0.18731240577194408 0.34798371768033015 -0.043628909896952034 -0.018987614425012012 0.20806768130455536 -0.10881126251044999 0.26201286882912123 0.018844159828226324 0.071329182915226608 0.15884984902523716 0.044575275497477425 -0.040502850930521771 -0.013256995079307993 0.1427343860062491 0.036335433794556594 0.36974280725984854 -0.10708612672947881 0.13881754338741303 0.34000401255630314 0.08373762031904225 -0.2056154924835123 0.016277094001523031
leaf_weight=115 564 987 350 150 1007 130 725 52 86 169 2520 1799 302 724 48 567 946 58 485 960 79 723 128 57 279 25 21 165 105 882
leaf_count=115 564 987 350 150 1007 130 725 52 86 169 2520 1799 302 724 48 567 946 58 485 960 79 723 128 57 279 25 21 165 105 882
internal_value=0.00139418 -0.0246496 -0.0781543 0.118337 -0.00866581 0.0908818 0.0204281 -0.0284119 0.103732 0.208609 -0.0556009 -2.47519e-05 0.160358 -0.147871 0.0566232 -0.0292862 0.0444846 -0.00386602 0.0916575 -0.0146261 0.108374 0.11584 -0.0537615 0.260029 -0.0499542 0.321029 0.143305 0.123912 -0.121072 -0.00738617
internal_weight=15208 12438 2861 2770 9577 2124 3872 5705 1994 646 2914 2791 452 1179 1905 1682 1671 2739 1851 1967 1366 1287 1115 143 2799 194 234 213 829 2681
internal_count=15208 12438 2861 2770 9577 2124 3872 5705 1994 646 2914 2791 452 1179 1905 1682 1671 2739 1851 1967 1366 1287 1115 143 2799 194 234 213 829 2681
is_linear=0
shrinkage=0.05


Tree=18
num_leaves=31
num_cat=0
split_feature=13 10 1 1 2 12 5 12 5 9 14 14 1 5 12 1 1 3 4 9 0 2 12 3 5 12 10 11 13 13
split_gain=16781.4 3751.73 3651.73 2630.32 2358.53 1839.06 1334.61 1159.19 1060.44 1004.56 837.86 758.916 740.982 642.111 585.483 493.274 484.175 468.438 462.144 454.312 594.204 560.825 453.538 450.431 432.894 431.915 426.183 420.103 387.037 336.792
threshold=11.525 1549506.6000000003 15.850000000000007 11.006666666666673 24.085000000000004 1355583.3900000001 0.096758600609290243 -691837.29999999993 0.09119928105183743 28.377518000000006 0.015000000000000001 13.140000000000002 8.5416666666666732 0.061143383205101855 -664227.27499999991 20.681666666666676 21.530000000000005 18.325000000000003 11.055 31.181061000000003 30.500000000000004 15.425000000000002 331624.50000000006 8.1800000000000015 0.09119928105183743 -10521.470499999999 3025024.0000000005 -5.9403229999999985 7.495000000000001 19.345000000000002
decision_type=2 2 2 2 2 2 2 2 2 2 2 2 2 2 2 2 2 2 2 2 2 2 2 2 2 2 2 2 2 2
left_child=1 3 8 7 13 6 9 10 14 22 24 -5 23 26 -2 -8 -11 -10 27 20 21 -16 29 -9 -1 -18 -3 -14 -25 -4
right_child=2 4 5 11 -6 -7 15 12 17 16 -12 -13 18 -15 19 -17 25 -19 -20 -21 -22 -23 -24 28 -26 -27 -28 -29 -30 -31
leaf_value=0.065101269243485069 0.1678192410098259 -0.077750586488273432 0.11283519674071296 0.015697810897134373 -0.17915975785312108 -0.088679053715895864 0.21734514450975537 0.12103841857614872 0.11311508237532131 0.19153125831548545 -0.061814108132902126 0.087982986108691597 0.064707245198349791 -0.020141842036395359 0.023126675614131217 0.3684876876168473 0.20646066135830352 0.31878128298868735 -0.18378417568488256 0.14826264845700388 0.051207857481010678 -0.067941396625986791 0.020717049589615632 -0.082856470834533569 0.24224883654178719 0.47611398231802565 -0.22402438913595002 -0.02570707118662224 -0.042445833911553849 0.19094742288907174
leaf_weight=298 86 824 614 1683 562 76 145 34 359 187 135 463 133 621 596 86 27 30 45 85 1325 236 107 1162 39 33 53 3777 1209 178
leaf_count=298 86 824 614 1683 562 76 145 34 359 187 135 463 133 621 596 86 27 30 45 85 1325 236 107 1162 39 33 53 3777 1209 178
internal_value=0.00132447 -0.0309583 0.0867771 -0.0169951 -0.0918134 0.15076 0.163975 -0.032163 0.0525603 0.141875 0.0434385 0.0312934 -0.0377737 -0.059044 0.0397915 0.273615 0.231184 0.128976 -0.0244652 0.0348805 0.0304125 -0.00270513 0.117337 -0.0596594 0.085602 0.35477 -0.0865904 -0.0226316 -0.0622506 0.130391
internal_weight=15208 11038 4170 8978 2060 1453 1377 6832 2717 1146 472 2146 6360 1498 2328 231 247 389 3955 2242 2157 832 899 2405 337 60 877 3910 2371 792
internal_count=15208 11038 4170 8978 2060 1453 1377 6832 2717 1146 472 2146 6360 1498 2328 231 247 389 3955 2242 2157 832 899 2405 337 60 877 3910 2371 792
is_linear=0
shrinkage=0.05


Tree=19
num_leaves=31
num_cat=0
split_feature=1 13 2 10 13 4 2 2 2 0 0 0 5 0 5 0 7 10 4 0 11 4 2 7 1 9 1 4 4 11
split_gain=15186.5 4218.59 3088.37 2473.89 2195.07 1709.44 1602.72 905.115 878.967 839.365 688.088 687.887 740.146 674.809 715.042 617.956 521.643 521.557 503.391 465.267 465.515 461.958 455.695 423.518 412.407 400.826 383.564 380.272 355.654 346.452
threshold=13.168333333333342 9.4950000000000028 14.305000000000001 1291975.8500000003 20.005000000000006 8.8150000000000031 22.685000000000006 11.755000000000001 13.135000000000003 22.500000000000004 32.500000000000007 21.500000000000004 0.037615196455045234 25.500000000000004 0.056737589999503922 28.500000000000004 1.5000000000000002 1036713.8000000002 1.4950000000000012 16.500000000000004 -2.7182619999999997 -4.2699999999999978 26.195000000000004 2.5000000000000004 28.088333333333335 29.123154000000003 16.231666666666673 0.54000000000000015 -0.59499999999999875 -3.0594482499999986
decision_type=2 2 2 2 2 2 2 2 2 2 2 2 2 2 2 2 2 2 2 2 2 2 2 2 2 2 2 2 2 2
left_child=1 3 4 8 15 10 -5 9 19 -3 -4 12 -10 -9 -15 17 -12 21 23 -1 -21 -2 -13 24 27 -17 -18 -6 -25 -16
right_child=2 7 5 6 18 -7 -8 13 11 -11 16 22 -14 14 29 25 26 -19 -20 20 -22 -23 -24 28 -26 -27 -28 -29 -30 -31
leaf_value=-0.0059203888713187866 0.28965152772990138 0.036582858611646278 0.00037627559041456237 -0.062468721250706176 0.26969319483265281 -0.13679382429336726 -0.15533615822905131 -0.01702108728670117 -0.17953637507910442 0.16744522656296829 0.14505899260240437 0.005000975602298177 -0.048503276092241705 -0.00059730325491726957 0.14106752457570468 0.13204237421310627 0.038230399762174287 0.0070275444115826188 0.16323034935522565 0.20853175457853537 0.038368262623115788 0.095839209186482352 -0.048324342914774492 0.34511972891317833 0.53866280361458108 0.23141325785536468 0.098519393759154722 0.51345015600323674 0.14534959846974485 0.048903745987798258
leaf_weight=647 33 503 352 1355 80 115 707 1760 112 162 244 1129 2853 1009 122 505 615 169 86 52 177 450 621 37 27 127 462 20 56 621
leaf_count=647 33 503 352 1355 80 115 707 1760 112 162 244 1129 2853 1009 122 505 615 169 86 52 177 450 621 37 27 127 462 20 56 621
internal_value=0.00125824 -0.0254411 0.0947611 -0.0474996 0.145459 0.0496774 -0.0943103 0.0149741 -0.0302355 0.0684621 0.0624952 -0.0387807 -0.0534529 0.00484615 0.0268132 0.116779 0.0790477 0.0826285 0.265801 0.0157584 0.077008 0.109081 -0.0139219 0.305897 0.365263 0.152011 0.0640925 0.318445 0.224828 0.064037
internal_weight=15208 11830 3378 7653 1590 1788 2062 4177 5591 665 1673 4715 2965 3512 1752 1284 1321 652 306 876 229 483 1750 220 127 632 1077 100 93 743
internal_count=15208 11830 3378 7653 1590 1788 2062 4177 5591 665 1673 4715 2965 3512 1752 1284 1321 652 306 876 229 483 1750 220 127 632 1077 100 93 743
is_linear=0
shrinkage=0.05


Tree=20
num_leaves=31
num_cat=0
split_feature=1 5 13 10 12 12 4 5 4 13 1 9 4 12 2 3 7 14 12 9 10 12 13 12 2 10 10 10 11 10
split_gain=12994.9 3472.12 3334.98 2273.5 1730.57 1416.4 1364.75 966.442 874.465 778.311 767.778 728.221 709.824 599.34 587.48 547.712 546.182 487.181 481.068 534.752 480.62 448.869 556.038 433.584 395.818 387.175 382.097 367.719 363.803 300.174
threshold=11.993333333333345 0.064871880657614719 15.825000000000001 1947133.4500000002 433706.46999999991 -1399383.4999999998 7.3750000000000009 0.10075568292563668 5.3050000000000015 9.9850000000000012 8.5416666666666732 27.532364000000005 -4.0749999999999993 480139.16000000015 29.095000000000002 23.595000000000002 1.5000000000000002 14.775 -562846.0199999999 31.366516000000004 359221.54500000004 -150285.17499999978 20.125000000000004 45026.054999999913 21.385000000000002 199134.04000000004 2526417.6000000006 3105664.6500000004 -3.9076074999999997 2632925.3500000006
decision_type=2 2 2 2 2 2 2 2 2 2 2 2 2 2 2 2 2 2 2 2 2 2 2 2 2 2 2 2 2 2
left_child=1 3 4 8 12 15 7 11 10 -7 -1 13 25 -4 27 28 -14 -18 -11 -20 -9 -13 -23 -10 -6 -2 -21 -5 -3 -8
right_child=2 5 6 14 24 9 29 20 23 18 -12 21 16 -15 -16 -17 17 -19 19 26 -22 22 -24 -25 -26 -27 -28 -29 -30 -31
leaf_value=-0.057863726669263198 0.099127659977034294 0.40621660503869256 0.11418457876692317 -0.091166053573364658 -0.052280112332241106 -0.016075756454118021 -0.0086845781870017007 0.16360778410632451 -0.060461503759065054 0.16037943790208048 -0.017347280447072726 0.080568299745750985 0.097933351041358752 -0.019837610938764634 -0.19617482362495317 -0.024977185904979708 0.025624149082027578 0.099664826586192093 0.015632605662362301 0.31360800936818123 0.31352960278364744 0.16352841162638579 0.30737741465369861 -0.14113776253669391 -0.20134151836429709 0.25650860601866787 0.078642211261115258 -0.21083195466600674 0.17745299419713401 -0.22379375126050866
leaf_weight=1912 135 24 741 670 165 2503 55 104 411 67 3010 86 402 94 217 25 1877 252 1353 24 110 209 99 280 61 55 62 71 63 23
leaf_count=1912 135 24 741 670 165 2503 55 104 411 67 3010 86 402 94 217 25 1877 252 1353 24 110 209 99 280 61 55 62 71 63 23
internal_value=-0.000141764 -0.0300668 0.0714693 -0.0526311 0.0404355 0.00591251 0.131598 0.14261 -0.0404809 0.001013 -0.0330863 0.125535 0.0514779 0.0990971 -0.123821 0.181288 0.0444809 0.034388 0.0294148 0.0233171 0.24067 0.181565 0.209766 -0.0931523 -0.0925135 0.144685 0.144214 -0.102632 0.24056 -0.0721142
internal_weight=15160 10692 4468 6571 2947 4121 1521 1443 5613 4009 4922 1229 2721 835 958 112 2531 2129 1506 1439 214 394 308 691 226 190 86 741 87 78
internal_count=15160 10692 4468 6571 2947 4121 1521 1443 5613 4009 4922 1229 2721 835 958 112 2531 2129 1506 1439 214 394 308 691 226 190 86 741 87 78
is_linear=0
shrinkage=0.05


Tree=21
num_leaves=31
num_cat=0
split_feature=13 1 5 0 5 12 0 14 12 9 1 12 12 2 12 7 11 10 12 9 10 12 13 7 2 1 2 0 7 12
split_gain=11773.6 2928.37 2544.78 1885.92 1722.95 1598.04 1326.23 1299.43 1213.76 1134.74 811.371 682.408 675.004 659.807 540.816 515.143 479.07 478.053 468.422 458.513 455.402 436.569 403.871 388.176 376.202 359.845 334.643 303.093 285.488 350.93
threshold=11.525 8.5416666666666732 0.07165890768298476 27.500000000000004 0.041160732710204304 551203.90000000002 26.500000000000004 12.365 -1258124.3499999999 25.362930000000002 15.320000000000007 -387942.52999999985 -1090546.2299999997 10.275 -326118.49799999996 2.5000000000000004 -8.1593934499999978 2572698.8500000006 3800.8150000000173 28.003036500000004 2591866.7500000005 381736.44999999995 24.145000000000003 3.5000000000000004 28.795000000000005 10.716666666666676 11.005000000000001 25.500000000000004 4.5000000000000009 -74142.756499999945
decision_type=2 2 2 2 2 2 2 2 2 2 2 2 2 2 2 2 2 2 2 2 2 2 2 2 2 2 2 2 2 2
left_child=1 4 6 8 17 7 21 12 -4 13 -8 23 -3 18 -11 19 -14 27 -5 -13 -17 -2 -16 -6 -7 28 -10 -1 29 -18
right_child=2 5 3 9 11 24 10 -9 26 14 -12 15 16 -15 22 20 25 -19 -20 -21 -22 -23 -24 -25 -26 -27 -28 -29 -30 -31
leaf_value=-0.140993094215348 -0.0095440450240425138 0.13139041244008004 0.38778415056211607 0.17050355814924811 0.042290897253720511 -0.085516374939908574 0.027347204166170376 0.065771623463413836 0.091227647460966732 0.075555795924574676 0.098593105731856312 -0.042450103062006417 0.145983263993791 0.082336938069756629 0.21659914255718885 -0.072080218311067187 0.039753495181323838 -0.20620022843000838 0.43302224185317756 0.098602331758787243 -0.18822724432618049 -0.11816224863121934 0.34830611551206719 -0.040903010978763636 -0.21659997995220015 0.0043389444249933877 0.030471052045073617 -0.071380035749788642 -0.040490821421983667 -0.01848928643870576
leaf_weight=334 269 84 28 113 310 299 1105 636 368 57 626 1449 48 424 323 1021 292 156 20 60 92 141 71 256 67 2047 590 294 1317 2263
leaf_count=334 269 84 28 113 310 299 1105 636 368 57 626 1449 48 424 323 1021 292 156 20 60 92 141 71 256 67 2047 590 294 1317 2263
internal_value=-0.000134676 -0.0271197 0.0718146 0.112459 -0.0614578 -0.00778175 0.0339606 -0.00221371 0.0632938 0.160552 0.0531126 -0.0451273 -0.00935942 0.112815 0.219508 -0.0558752 -0.0113408 -0.127863 0.20998 -0.0368417 -0.0816809 -0.0468981 0.240333 0.00466256 -0.109513 -0.0126166 0.0538097 -0.108404 -0.0215805 -0.011833
internal_weight=15160 11025 4135 1994 3972 7053 2141 6687 986 1008 1731 3188 6051 557 451 2622 5967 784 133 1509 1113 410 394 566 366 5919 958 628 3872 2555
internal_count=15160 11025 4135 1994 3972 7053 2141 6687 986 1008 1731 3188 6051 557 451 2622 5967 784 133 1509 1113 410 394 566 366 5919 958 628 3872 2555
is_linear=0
shrinkage=0.05


Tree=22
num_leaves=31
num_cat=0
split_feature=1 5 13 10 12 12 4 0 9 0 5 5 7 9 13 2 10 11 0 7 4 12 14 10 5 7 12 7 13 1
split_gain=10658.1 2939.01 2754.3 1866.41 1465.91 1207.47 1134.5 1046.19 1160.43 1031.49 1014.93 817.857 638.14 601.881 566.029 516.297 507.848 473.77 467.366 506.679 439.816 454.346 430.502 403.346 402.486 377.036 370.64 427.255 348.707 333.284
threshold=11.993333333333345 0.063795855690712236 15.735000000000001 1947133.4500000002 433706.46999999991 -1399383.4999999998 7.3750000000000009 26.500000000000004 27.386459500000004 32.500000000000007 0.038602586321227726 0.10075568292563668 1.5000000000000002 30.382873500000006 6.0050000000000008 25.085000000000004 3025024.0000000005 -3.519042999999999 30.500000000000004 2.5000000000000004 -5.7799999999999976 72163.265000000043 14.775 1676685.0500000003 0.08193364079429484 3.5000000000000004 -376438.1999999999 3.5000000000000004 11.335000000000003 9.0800000000000054
decision_type=2 2 2 2 2 2 2 2 2 2 2 2 2 2 2 2 2 2 2 2 2 2 2 2 2 2 2 2 2 2
left_child=1 3 4 9 12 25 11 24 29 10 -1 13 -2 23 -10 -11 -5 -14 -15 -20 -13 -22 -19 -4 -7 -3 27 -12 -16 -9
right_child=2 5 6 16 -6 7 -8 8 14 15 26 20 17 18 28 -17 -18 22 19 -21 21 -23 -24 -25 -26 -27 -28 -29 -30 -31
leaf_value=-0.13439764631553139 0.098719025817582837 0.22301302790457822 0.10988732042202656 -0.098011521307644678 -0.087073007411523962 -0.022988476402214204 -0.067209549638359109 -0.012868618990775925 0.035006779268747422 0.018960916103758357 0.058477138884410029 0.43613038375264124 0.12840307727601613 0.12209218513173392 0.40188268217547185 -0.034322439463876558 -0.19890529842594185 0.020885483929604775 0.41395388412766343 0.14847438940778376 0.15844640296877952 0.35538955784092346 0.090454515369734159 0.005526064321690915 0.01355782827844635 0.024619202655466164 -0.050481781420323647 -0.049194250995029956 0.19128290191903466 0.060782161623398168
leaf_weight=347 478 81 1003 793 223 2372 78 298 41 936 178 21 128 79 29 884 148 1837 41 32 157 36 253 102 1104 34 2878 191 61 317
leaf_count=347 478 81 1003 793 223 2372 78 298 41 936 178 21 128 79 29 884 148 1837 41 32 157 36 253 102 1104 34 2878 191 61 317
internal_value=-0.000127942 -0.027229 0.0647255 -0.048885 0.036128 0.00450346 0.118616 0.000149315 0.0538756 -0.0375884 -0.053119 0.128469 0.0463186 0.113086 0.188993 -0.00691957 -0.11388 0.0350258 0.206372 0.297579 0.218826 0.195182 0.029307 0.100254 -0.0113811 0.164357 -0.0444329 0.00274479 0.259143 0.0250945
internal_weight=15160 10692 4468 6355 2919 4337 1549 4222 746 5414 3594 1471 2696 1257 131 1820 941 2218 152 73 214 193 2090 1105 3476 115 3247 369 90 615
internal_count=15160 10692 4468 6355 2919 4337 1549 4222 746 5414 3594 1471 2696 1257 131 1820 941 2218 152 73 214 193 2090 1105 3476 115 3247 369 90 615
is_linear=0
shrinkage=0.05


Tree=23
num_leaves=31
num_cat=0
split_feature=13 1 5 5 12 9 10 1 12 10 11 13 7 12 2 11 5 10 13 12 0 0 7 11 5 11 13 9 1 7
split_gain=9690.03 3111.9 1659.87 1598.03 1472.61 1340.97 1117.52 986.275 851.141 719.748 712.516 657.838 536.435 544.239 520.229 477.948 469.253 461.551 458.679 381.186 373.184 368.417 356.727 339.374 319.382 313.309 299.316 286.051 270.038 257.288
threshold=13.715000000000002 8.9400000000000102 0.092635490680668536 0.053149084106911486 524888.8550000001 25.112274000000003 1587092.2500000002 13.993333333333334 -1198763.0999999999 2833873.6500000004 -5.6412046999999994 20.005000000000006 3.5000000000000004 -526510.39999999967 11.145000000000001 -0.17028749999999879 0.06186204972538021 172350.69500000004 7.1050000000000013 24120.819999999967 27.500000000000004 30.500000000000004 1.5000000000000002 0.90248165000000047 0.056931399037756868 1.6405795000000005 24.145000000000003 31.181061000000003 17.390000000000004 1.0000000180025095e-35
decision_type=2 2 2 2 2 2 2 2 2 2 2 2 2 2 2 2 2 2 2 2 2 2 2 2 2 2 2 2 2 2
left_child=1 3 5 9 7 6 28 10 14 18 -3 20 13 -12 -5 -13 -6 -4 19 -1 -7 -10 -17 -8 -22 26 -19 -15 -2 -9
right_child=2 4 17 8 16 11 23 29 21 -11 12 15 -14 27 -16 22 -18 25 -20 -21 24 -23 -24 -25 -26 -27 -28 -29 -30 -31
leaf_value=-0.071284637498791228 0.04201792540818499 0.095035682664945345 0.11312724602479329 0.32036403536796576 -0.1222185127543861 0.016509530992067693 -0.182030738145113 0.19179452040957079 -0.037175135111642291 -0.1811823084749683 0.11117510265929807 0.12591937582474202 -0.017559423338268008 0.0053773892421666069 0.050164763228339286 0.44439613211527473 0.00097872844333044039 0.17060621060642667 -0.039419574098263403 -0.12868629444255972 0.057949960446797767 0.028789964382782647 0.22394763724203559 -0.028168648037682761 0.14932411028428025 0.35308488905429841 0.33426868639653551 0.10361859270273464 0.096908993498002957 0.054834401080967904
leaf_weight=871 974 195 211 20 301 120 60 36 2529 167 133 101 2910 2958 163 25 104 220 669 433 149 231 69 89 267 34 32 76 291 722
leaf_count=871 974 195 211 20 301 120 60 36 2529 167 133 101 2910 2958 163 25 104 220 669 433 149 231 69 89 267 34 32 76 291 722
internal_value=-0.000121545 -0.0184862 0.0868914 -0.0486367 0.00212652 0.0678147 0.0393898 0.00746752 -0.0247303 -0.0815137 0.000956897 0.122798 -0.00206192 0.012178 0.0796947 0.201437 -0.0905827 0.169225 -0.0730774 -0.0903452 0.0941889 -0.0316541 0.282578 -0.0901265 0.116596 0.210611 0.191389 0.00783828 0.054645 0.0613391
internal_weight=15160 12518 2642 5083 7435 2145 1414 7030 2943 2140 6272 731 6077 3167 183 195 405 497 1973 1304 536 2760 94 149 416 286 252 3034 1265 758
internal_count=15160 12518 2642 5083 7435 2145 1414 7030 2943 2140 6272 731 6077 3167 183 195 405 497 1973 1304 536 2760 94 149 416 286 252 3034 1265 758
is_linear=0
shrinkage=0.05


Tree=24
num_leaves=31
num_cat=0
split_feature=13 1 5 0 5 12 0 1 12 9 12 2 12 11 1 11 2 12 4 7 4 10 2 0 5 0 2 11 9 9
split_gain=8827.52 2249.85 1973.42 1439.3 1264.15 1240.05 1082.49 1056.99 1044.48 857.207 663.181 611.164 553.714 539.089 533.434 505.888 482.186 464.035 403.855 399.618 390.277 355.708 352.091 563.838 418.484 363.733 365.948 336.321 315.852 296.158
threshold=11.525 8.2916666666666714 0.07165890768298476 27.500000000000004 0.038602586321227726 372394.45000000007 30.500000000000004 13.993333333333334 -1258124.3499999999 25.362930000000002 -1139563.7499999998 17.055000000000003 -387942.52999999985 -3.9076074999999997 15.525000000000004 -6.3146518499999997 29.645000000000003 -326118.49799999996 0.67500000000000082 2.5000000000000004 -6.7300000000000004 2591866.7500000005 12.475000000000003 21.500000000000004 0.096758600609290243 25.500000000000004 26.195000000000004 2.8841705000000002 28.003036500000004 28.003036500000004
decision_type=2 2 2 2 2 2 2 2 2 2 2 2 2 2 2 2 2 2 2 2 2 2 2 2 2 2 2 2 2 2
left_child=1 4 6 8 -1 7 11 10 -4 13 -3 29 -6 -5 -8 -12 -7 -11 20 28 -19 -21 23 -17 -25 -24 -27 -22 -14 -2
right_child=2 5 3 9 12 16 14 -9 -10 17 15 -13 19 -15 -16 22 -18 18 -20 21 27 -23 25 24 -26 26 -28 -29 -30 -31
leaf_value=-0.12301879758303876 -0.0042505724752760106 0.13927387013410528 0.35603983064315153 0.24278175616315725 0.0022071500391693736 -0.062886309659035342 0.029127807929409156 0.060048460717730269 0.046228166545003356 0.057890076941826886 0.084745545089788682 -0.089628366049730693 -0.041142630808456176 0.081730772143804697 0.09039083290984419 0.00096174385021120128 -0.20511289405883018 0.39579332664608957 0.30159325004224818 -0.068577020513472545 0.15205366416375771 -0.17296609609491298 -0.028685962018879043 0.073927512475421106 0.31966574596507208 0.012572577760164136 -0.03064788147453143 0.36480149194598199 0.082256719045754934 0.13621543275975539
leaf_weight=597 255 75 28 58 547 482 1058 616 958 57 137 249 1306 499 535 828 68 20 93 875 261 90 3036 99 21 1456 738 20 54 44
leaf_count=597 255 75 28 58 547 482 1058 616 958 57 137 249 1306 499 535 828 68 20 93 875 261 90 3036 99 21 1456 738 20 54 44
internal_value=-0.000115467 -0.0234817 0.062185 0.0979772 -0.0568167 -0.00817738 0.0288503 -0.00250205 0.0550261 0.139991 -0.00853196 -0.0317662 -0.0430553 0.0985009 0.0497026 -0.0102874 -0.0804707 0.191232 0.210523 -0.0537042 0.182385 -0.0783128 -0.0123948 0.0156415 0.116932 -0.0174767 -0.00196557 0.167196 -0.036243 0.01642
internal_weight=15160 11025 4135 1994 3469 7556 2141 7006 986 1008 6390 548 2872 557 1593 6315 550 451 394 2325 301 965 6178 948 120 5230 2194 281 1360 299
internal_count=15160 11025 4135 1994 3469 7556 2141 7006 986 1008 6390 548 2872 557 1593 6315 550 451 394 2325 301 965 6178 948 120 5230 2194 281 1360 299
is_linear=0
shrinkage=0.05


Tree=25
num_leaves=31
num_cat=0
split_feature=13 1 5 2 4 12 1 1 12 12 14 4 0 11 5 12 7 10 12 7 11 1 0 4 11 9 0 0 7 13
split_gain=8567.9 2893.43 1501.45 1424.91 1210.92 1059.21 945.422 903.681 760.27 621.669 605.118 550.789 530.913 523.558 510.759 466.454 396.674 695.13 552.888 390.917 389.482 362.719 358.985 348.107 344.662 298.331 323.296 294.851 271.348 269.317
threshold=14.610000000000001 9.5200000000000049 0.096758600609290243 18.865000000000006 4.2800000000000011 331624.50000000006 17.971666666666682 6.9733333333333318 -757505.23999999999 355401.10000000003 13.005000000000001 -13.674999999999997 28.500000000000004 -8.1593934499999978 0.09119928105183743 -1399383.4999999998 2.5000000000000004 679930.75000000012 -107128.155 2.5000000000000004 0.88186600000000059 28.088333333333335 30.500000000000004 -7.2400000000000002 -1.9079134999999974 10.704941000000002 13.500000000000002 30.500000000000004 2.5000000000000004 10.585000000000003
decision_type=2 2 2 2 2 2 2 2 2 2 2 2 2 2 2 2 2 2 2 2 2 2 2 2 2 2 2 2 2 2
left_child=1 3 5 8 10 6 20 11 14 -6 13 -5 -7 -3 -1 -15 17 -8 -19 29 25 23 -10 -4 -25 -2 -27 -13 -9 -17
right_child=2 4 21 7 9 12 16 28 22 -11 -12 27 -14 15 -16 19 -18 18 -20 -21 -22 -23 -24 24 -26 26 -28 -29 -30 -31
leaf_value=0.02986847958628111 0.11989995765394833 0.17975100549972722 0.31651622586780126 0.032337231836936556 -0.025876152798506271 -0.077028135963382177 0.13361519313050491 -0.022897503488291206 -0.03316178756744477 -0.12809338326024233 0.069996739635039329 -0.12961835901620331 0.066897687588748075 0.18302694664973962 0.23925825601909312 0.00076853709480154424 0.10291250161842724 0.09639723386615516 0.4057388107363995 -0.0038192569918658638 0.011838110391013075 0.36067375562809134 0.024845827095950509 0.25603550743431813 0.12295545514279449 -0.12743962795838068 0.064532483409388761 -0.031444182012997132 -0.063622394387852346 0.038012094112429298
leaf_weight=324 284 45 36 64 617 162 165 678 3080 196 455 763 106 38 32 775 289 20 52 3173 298 27 292 62 226 23 472 85 1031 1299
leaf_count=324 284 45 36 64 617 162 165 678 3080 196 455 763 106 38 32 775 289 20 52 3173 298 27 292 62 226 23 472 85 1031 1299
internal_value=-0.000999797 -0.0165672 0.0897073 -0.0406632 0.00661947 0.0719053 0.0872877 -0.0689131 -0.020802 -0.0505189 0.0146495 -0.109103 -0.0201023 0.0099247 0.04869 0.00847868 0.142233 0.190181 0.319811 0.00721457 0.0604527 0.184601 -0.0281386 0.169928 0.151605 0.0790498 0.0556126 -0.119778 -0.0474659 0.0240951
internal_weight=15169 12947 2222 6349 6598 1871 1603 2621 3728 813 5785 912 268 5330 356 5285 526 237 72 5247 1077 351 3372 324 288 779 495 848 1709 2074
internal_count=15169 12947 2222 6349 6598 1871 1603 2621 3728 813 5785 912 268 5330 356 5285 526 237 72 5247 1077 351 3372 324 288 779 495 848 1709 2074
is_linear=0
shrinkage=0.05


Tree=26
num_leaves=31
num_cat=0
split_feature=1 13 10 12 5 13 12 0 2 11 0 5 0 0 1 12 7 1 5 12 9 9 2 5 7 13 12 3 2 1
split_gain=7811.12 3008.66 1600.38 1324.28 1250.77 1234.92 1167.84 689.859 620.614 544.62 454.791 503.543 415.09 407.219 403.537 446.334 378.339 356.661 303.967 293.823 290.905 285.033 322.61 269.873 267.969 261.844 255.057 474.09 394.198 240.616
threshold=14.888333333333341 9.5650000000000031 801840.32000000007 320703.40000000008 0.044652824523065036 19.145000000000003 -485240.18499999994 30.500000000000004 10.705000000000002 -3.9076074999999997 26.500000000000004 0.065338127500074089 20.500000000000004 25.500000000000004 10.786666666666667 -187188.85000000006 1.5000000000000002 1.0000000180025095e-35 0.064000002457599695 -1474869.5999999999 25.513382000000004 25.601272500000004 13.525 0.076540380399567107 3.5000000000000004 5.4800000000000013 2624.6530500000003 10.405000000000003 10.275 7.7600000000000078
decision_type=2 2 2 2 2 2 2 2 2 2 2 2 2 2 2 2 2 2 2 2 2 2 2 2 2 2 2 2 2 2
left_child=1 2 14 5 25 9 19 -5 12 -2 18 -12 -8 -6 15 23 -11 -17 -10 -3 -13 -15 -23 -1 26 -4 28 -28 -7 -19
right_child=3 6 4 7 13 24 8 -9 10 16 11 20 -14 21 -16 17 -18 29 -20 -21 -22 22 -24 -25 -26 -27 27 -29 -30 -31
leaf_value=-0.00093986874712365023 0.21804327836403481 0.22798891903138629 -0.12329829209629498 -0.068490828091437042 -0.062801687367897652 0.25336714626633733 0.034668275423326025 0.10193374783896347 -0.03774325384180386 0.12400121641865253 0.0063911110173813278 0.044860903144567865 0.15095633719211971 -0.032961076826173906 0.0085524301522283495 0.15018150039293149 0.058021482201564029 -0.059991008300113571 0.0019610840627044789 0.093404381990672636 0.13794565349100874 0.19512247961462925 0.010355972663361442 0.088838278203222321 0.091980585260617156 -0.04573109904747634 0.13640126015948639 0.3594029510125088 0.12609898148892593 -0.026438159273137307
leaf_weight=315 65 51 797 197 1037 86 223 85 733 266 1483 435 117 641 1103 27 1186 645 1408 198 104 27 189 114 93 126 44 52 208 3114
leaf_count=315 65 51 797 197 1037 86 223 85 733 266 1483 435 117 641 1103 27 1186 645 1408 198 104 27 189 114 93 126 44 52 208 3114
internal_value=-0.000949807 -0.0160482 -0.0345128 0.0843143 -0.0649836 0.0986168 0.0155616 -0.0171217 0.00973288 0.0764473 0.00442812 0.0214337 0.074685 -0.0417254 -0.0183721 -0.0254178 0.0701087 -0.0308948 -0.0116322 0.12097 0.0628216 -0.0162222 0.0334518 0.0229173 0.168246 -0.112709 0.186433 0.257194 0.163327 -0.0321954
internal_weight=15169 12887 8135 2282 2817 2000 4752 282 4503 1517 4163 2022 340 1894 5318 4215 1452 3786 2141 249 539 857 216 429 483 923 390 96 294 3759
internal_count=15169 12887 8135 2282 2817 2000 4752 282 4503 1517 4163 2022 340 1894 5318 4215 1452 3786 2141 249 539 857 216 429 483 923 390 96 294 3759
is_linear=0
shrinkage=0.05


Tree=27
num_leaves=31
num_cat=0
split_feature=1 13 4 5 1 2 14 10 0 7 10 7 0 0 5 4 4 4 2 3 10 0 9 3 9 11 4 2 13 7
split_gain=7049.54 2715.32 1466.54 1230.22 885.659 818.863 814.679 746.31 743.235 608.116 589.634 570.58 532.286 475.94 467.908 455.898 436.045 395.905 362.932 344.522 369.445 324.406 289.041 282.384 275.57 262.387 238.992 237.721 232.373 231.353
threshold=14.888333333333341 9.5650000000000031 4.6450000000000005 0.05486968561851132 19.983333333333338 11.755000000000001 9.4750000000000032 2268842.3500000006 30.500000000000004 2.5000000000000004 224638.04000000001 1.5000000000000002 20.500000000000004 25.500000000000004 0.060587702586127334 2.5849999999999995 -9.1999999999999993 -3.9699999999999993 13.035000000000002 10.625000000000002 1359200.6500000001 30.500000000000004 30.777283000000001 23.445000000000004 29.401855500000003 0.8241730500000003 -3.5349999999999997 10.155000000000003 7.495000000000001 3.5000000000000004
decision_type=2 2 2 2 2 2 2 2 2 2 2 2 2 2 2 2 2 2 2 2 2 2 2 2 2 2 2 2 2 2
left_child=1 2 6 8 11 12 7 18 -2 15 -4 -5 -3 -7 -15 22 -14 21 29 -19 -21 -13 -6 -12 -9 -16 -8 -18 -20 -1
right_child=3 5 10 4 9 13 26 24 -10 -11 23 17 16 14 25 -17 27 19 28 20 -22 -23 -24 -25 -26 -27 -28 -29 -30 -31
leaf_value=0.027613154508355997 -0.11340413259092681 0.030047876468576731 -0.031429449085821286 0.14486758658055204 0.23999748008661378 -0.013419022879658888 0.085946980295393965 -0.11811694233232617 0.040721707631796972 0.11671412672879998 -0.091523894723099825 0.33361255203684176 0.33957647901028398 0.0043004800082105527 0.075195900552178743 0.041677335385854053 0.16660026462618696 0.11824824252888855 -0.044274290340391882 0.060695137312083883 -0.020281058865379585 0.083099016284437055 0.42116794330733165 -0.1653110254508785 -0.024642171523569581 0.012280532313392514 0.0049404131273979857 0.066242441571530628 -0.020758519994730773 -0.02506511276779376
leaf_weight=449 97 521 398 273 103 1819 98 326 404 258 723 24 20 1382 484 24 86 190 2167 675 178 28 28 158 104 252 1284 188 2039 389
leaf_count=449 97 521 398 273 103 1819 98 326 404 258 723 24 20 1382 484 24 86 190 2167 675 178 28 28 158 104 252 1284 188 2039 389
internal_value=-0.000902317 -0.0152458 -0.0327872 0.0800986 0.0995697 0.0147835 -0.0236178 -0.032278 0.010881 0.163741 -0.0819389 0.0801964 0.0604021 0.00534 0.0214508 0.242017 0.114193 0.0640729 -0.0268876 0.0573599 0.0437974 0.198721 0.278721 -0.104757 -0.0955091 0.0536542 0.0106847 0.0977416 -0.0328742 0.00315988
internal_weight=15169 12887 8135 2282 1781 4752 6856 5474 501 413 1279 1368 815 3937 2118 155 294 1095 5044 1043 853 52 131 881 430 736 1382 274 4206 838
internal_count=15169 12887 8135 2282 1781 4752 6856 5474 501 413 1279 1368 815 3937 2118 155 294 1095 5044 1043 853 52 131 881 430 736 1382 274 4206 838
is_linear=0
shrinkage=0.05


Tree=28
num_leaves=31
num_cat=0
split_feature=13 1 4 1 12 5 14 10 10 12 12 12 13 7 5 0 3 9 2 2 12 3 9 1 2 0 0 0 12 3
split_gain=6366.36 1701.74 1699.51 1239.53 846.275 834.389 678.338 654.756 570.855 543.109 509.017 454.554 404.163 379.007 364.502 750.703 350.206 327.465 306.53 303.446 293.808 292.422 292.045 286.47 284.441 392.054 243.611 223.504 327.883 271.043
threshold=11.525 17.971666666666682 4.6450000000000005 8.9400000000000102 1190757.1200000003 0.089405463605535959 12.305000000000001 630188.40000000002 3025024.0000000005 -1258124.3499999999 -1321743.0499999998 466495.35000000015 7.535000000000001 2.5000000000000004 0.097608603277435438 20.500000000000004 10.275 25.436371000000005 10.505000000000001 21.115000000000006 2624.6530500000003 11.145000000000001 28.377518000000006 6.2500000000000009 16.545000000000005 25.500000000000004 31.500000000000004 25.500000000000004 6184.4950000000035 13.815000000000003
decision_type=2 2 2 2 2 2 2 2 2 2 2 2 2 2 2 2 2 2 2 2 2 2 2 2 2 2 2 2 2 2
left_child=2 5 3 8 13 11 14 -4 10 -7 -1 24 16 20 -5 -16 -12 -9 -15 -6 -3 -22 -14 -18 25 -2 -26 -11 -29 -30
right_child=1 4 7 6 19 9 -8 17 -10 27 12 -13 22 18 15 -17 23 -19 -20 -21 21 -23 -24 -25 26 -27 -28 28 29 -31
leaf_value=0.050759971992590948 0.014879243124459669 0.14175454944147375 -0.02901681790369938 -0.0050054815828727188 0.032320365664917368 0.34053298678426519 0.053254600531770849 -0.10990248809708587 -0.16197455935346494 0.056467573389771486 0.088112916118568849 -0.046533564778376162 -0.020773333822753148 0.19715278389666119 0.014206855688244105 0.3679258465766907 -0.084326333975939333 -0.020415221838185851 0.079431689034907091 -0.18154666484506043 0.16963814676485278 0.34731281090527777 0.12101248501724489 -0.041425871493499224 -0.043307492217436606 0.068194817844381764 0.021477432869581713 0.08665312547939566 0.36469188142906539 0.13195568528668633
leaf_weight=185 606 261 565 4646 43 21 600 765 84 341 45 208 1971 66 60 20 532 118 341 27 55 40 37 1449 173 800 900 159 22 29
leaf_count=185 606 261 565 4646 43 21 600 765 84 341 45 208 1971 66 60 20 532 118 341 27 55 40 37 1449 173 800 900 159 22 29
internal_value=-0.000857201 0.0524371 -0.0205449 -0.0129501 0.116215 0.0361355 0.00317466 -0.071049 -0.0329084 0.0909693 -0.0303387 0.0244627 -0.0340579 0.131479 -0.00318336 0.102637 -0.0498137 -0.0979438 0.0985216 -0.0501712 0.169159 0.244449 -0.0181607 -0.0529468 0.0304196 0.0452153 0.0110321 0.0814578 0.122037 0.232352
internal_weight=15169 4092 11077 9629 833 3259 5326 1448 4303 572 4219 2687 4034 763 4726 80 2026 883 407 70 356 95 2008 1981 2479 1406 1073 551 210 51
internal_count=15169 4092 11077 9629 833 3259 5326 1448 4303 572 4219 2687 4034 763 4726 80 2026 883 407 70 356 95 2008 1981 2479 1406 1073 551 210 51
is_linear=0
shrinkage=0.05


Tree=29
num_leaves=31
num_cat=0
split_feature=1 13 10 12 12 13 5 0 2 11 0 0 14 12 2 7 1 10 11 0 2 11 1 14 2 11 12 11 7 4
split_gain=5835.56 2240.25 1307.39 1082.89 1041.95 944.476 881.518 545.578 544.281 464.436 432.072 408.406 335.258 342.338 334.209 320.989 312.982 309.574 296.677 290.339 286.068 326.438 296.687 279.544 248.183 245.184 226.69 224.251 216.441 214.105
threshold=14.888333333333341 9.0050000000000008 801840.32000000007 -485240.18499999994 320703.40000000008 19.145000000000003 0.044652824523065036 30.500000000000004 11.755000000000001 -6.3146518499999997 24.500000000000004 30.500000000000004 9.3050000000000015 -271537.01999999984 21.205000000000002 1.0000000180025095e-35 1.0000000180025095e-35 359221.54500000004 4.4502715000000013 25.500000000000004 11.295000000000002 -3.8060909999999999 10.119999999999999 0.62000000000000011 15.635000000000003 0.75517299999999932 323.91899000000018 1.6405795000000005 3.5000000000000004 2.5849999999999995
decision_type=2 2 2 2 2 2 2 2 2 2 2 2 2 2 2 2 2 2 2 2 2 2 2 2 2 2 2 2 2 2
left_child=1 2 12 20 5 9 -4 -6 10 -2 -5 24 13 23 25 -11 -15 -12 -17 -8 22 -22 -3 -1 -10 -13 -26 -14 29 -7
right_child=4 3 6 8 7 28 19 -9 11 15 17 14 27 16 -16 18 -18 -19 -20 -21 21 -23 -24 -25 26 -27 -28 -29 -30 -31
leaf_value=0.058381184445960181 0.28915426692237028 0.35943769956356847 -0.099468149191603239 0.022869738947024678 -0.062775653223908948 0.18162725781901712 -0.057210496038770688 0.088782866982852718 -0.00071657397951112485 0.16728009131337918 0.013718470731942817 0.055154213962416154 0.015698778187911579 0.13928237031558874 -0.0086072509881813791 0.062008939964869059 -0.031724119244024206 0.15279820622053258 -0.060804674747473031 -0.016246671706077503 0.20589489599556796 0.052079151565971461 0.12152012229750031 -0.035590889359509034 -0.015176048600517286 0.0060879089931229627 -0.061884686125790504 -0.028234376500673061 0.077920742583290875 0.089880628045648336
leaf_weight=210 23 20 915 615 197 310 968 85 1380 70 58 610 1075 27 777 1373 2971 129 51 782 42 193 38 127 703 437 412 398 93 80
leaf_count=210 23 20 915 615 197 310 968 85 1380 70 58 610 1075 27 777 1373 2971 129 51 782 42 193 38 127 703 437 412 398 93 80
internal_value=-0.000814341 -0.0138645 -0.0316086 0.0106279 0.0728828 0.0855695 -0.0596991 -0.0170931 0.00527906 0.0661815 0.0431066 -0.00174519 -0.0160384 -0.0248131 0.0162372 0.0627489 -0.030184 0.109661 0.0576104 -0.0389055 0.104114 0.0795696 0.203561 0.0229674 -0.0148914 0.0346748 -0.0324352 0.00382818 0.146463 0.162807
internal_weight=15169 12887 7473 5414 2282 2000 2665 282 5121 1517 802 4319 4808 3335 1824 1494 2998 187 1424 1750 293 235 58 337 2495 1047 1115 1473 483 390
internal_count=15169 12887 7473 5414 2282 2000 2665 282 5121 1517 802 4319 4808 3335 1824 1494 2998 187 1424 1750 293 235 58 337 2495 1047 1115 1473 483 390
is_linear=0
shrinkage=0.05


Tree=30
num_leaves=31
num_cat=0
split_feature=1 5 2 0 5 12 12 0 0 9 7 3 12 9 2 11 11 10 9 7 12 1 0 9 13 9 11 2 11 7
split_gain=5248.68 1762.4 1321.6 1231.99 1192.88 1123.67 763.347 727.194 630.918 561.52 523.859 463.232 441.366 424.998 421.227 328.196 320.033 318.595 300.739 297.475 373.235 283.688 253.783 252.614 245.19 244.95 234.711 233.078 221.599 221.052
threshold=12.99666666666667 0.066028395045580529 14.505000000000001 32.500000000000007 0.038602586321227726 537667.95000000007 -1474869.5999999999 28.500000000000004 25.500000000000004 27.386459500000004 1.5000000000000002 22.965000000000003 14768.324500000004 18.203201500000002 25.635000000000002 -3.519042999999999 2.3342743000000001 811427.27000000014 14.811401000000002 3.5000000000000004 -664227.27499999991 9.0800000000000054 31.500000000000004 31.835983000000002 15.445000000000002 5.174880850000001 1.6972500000000015 11.755000000000001 0.29051199999999971 3.5000000000000004
decision_type=2 2 2 2 2 2 2 2 2 2 2 2 2 2 2 2 2 2 2 2 2 2 2 2 2 2 2 2 2 2
left_child=1 3 7 4 -1 10 11 17 27 21 -4 -3 19 15 -5 24 22 18 -2 20 -6 -10 28 -24 -9 -17 -12 -8 -15 -11
right_child=2 6 5 14 12 -7 8 13 9 29 26 -13 -14 16 -16 25 -18 -19 -20 -21 -22 -23 23 -25 -26 -27 -28 -29 -30 -31
leaf_value=-0.10677416740646149 0.057683457174444286 0.20281070585434258 0.10538816623991049 0.017489389622874302 0.068119233785502942 -0.079630140930108229 0.018459803177137975 0.092455414622216625 -0.012296754773569927 0.15662911810742863 0.038092517824083023 -0.066913460977375508 -0.060363464973441944 0.01961091873041975 -0.025670622754424111 0.14268048885724929 0.28065867729130245 0.0030444214956014738 0.17229613310967884 -0.042778208776330262 -0.018463240943441216 0.052259150621115781 0.1461069754676638 0.32925759438425306 0.2814590921625495 0.039991947280203693 -0.013873243483332852 -0.011490142017172959 0.18331131162443037 0.023717885002175847
leaf_weight=661 431 78 254 1373 134 226 890 37 299 132 995 20 1232 72 961 73 42 243 66 1393 1750 395 321 20 32 284 278 2405 29 41
leaf_count=661 431 78 254 1373 134 226 890 37 299 132 995 20 1232 72 961 73 42 243 66 1393 1750 395 321 20 32 284 278 2405 29 41
internal_value=-3.24912e-05 -0.0158522 0.0546554 -0.0304337 -0.0440461 0.0244253 0.00983322 0.0867727 0.00658543 0.0445365 0.0398257 0.147765 -0.0348504 0.116706 -0.000281292 0.0802839 0.148763 0.0499634 0.0729037 -0.0252587 -0.012305 0.0244462 0.13623 0.156849 0.180109 0.0609899 0.0267441 -0.00340048 0.066614 0.12513
internal_weight=15167 11764 3403 7504 5170 1753 4260 1650 4162 867 1527 98 4509 910 2334 426 484 740 497 3277 1884 694 442 341 69 357 1273 3295 101 173
internal_count=15167 11764 3403 7504 5170 1753 4260 1650 4162 867 1527 98 4509 910 2334 426 484 740 497 3277 1884 694 442 341 69 357 1273 3295 101 173
is_linear=0
shrinkage=0.05


Tree=31
num_leaves=31
num_cat=0
split_feature=1 2 5 12 12 0 12 7 0 9 9 3 11 2 13 4 11 0 1 13 14 13 11 13 0 12 13 9 9 2
split_gain=4759.93 1548.41 1440.43 1076.92 862.234 827.741 667.339 479.896 453.702 524.125 452.059 439.777 429.987 393.507 348.81 348.655 314.738 317.007 300.297 296.049 263.833 260.311 256.223 243.742 236.525 230.394 227.356 245.191 225.83 192.823
threshold=11.628333333333339 14.695000000000002 0.062092519981030526 551203.90000000002 24120.819999999967 26.500000000000004 -1399383.4999999998 1.5000000000000002 27.500000000000004 27.386459500000004 18.688476500000004 22.965000000000003 -7.5822294999999986 25.985000000000003 7.6650000000000009 -7.8949999999999996 2.8232880000000002 31.500000000000004 15.628333333333343 6.4050000000000011 8.0850000000000026 16.795000000000005 -4.0332336999999994 11.335000000000003 25.500000000000004 114493.3 20.005000000000006 31.618255500000004 4.9375763000000008 20.595000000000002
decision_type=2 2 2 2 2 2 2 2 2 2 2 2 2 2 2 2 2 2 2 2 2 2 2 2 2 2 2 2 2 2
left_child=2 5 4 7 14 15 11 21 -8 -10 12 22 -7 24 20 -2 17 -12 -9 -11 -1 -3 -4 -21 -6 -17 -19 -28 -14 -5
right_child=1 3 6 29 13 10 8 18 9 19 16 -13 28 -15 -16 25 -18 26 -20 23 -22 -23 -24 -25 -26 -27 27 -29 -30 -31
leaf_value=-0.052556083829206214 0.23635729446329853 0.054444454274923573 0.31400662401380641 -0.045464221568157277 -0.074579064590573826 0.29026844373771121 -0.0083622784424926093 0.0019861440770729947 0.017034804769191426 0.02996342033147812 0.068658933970020028 -0.039278870753266595 0.13272637328217654 -0.11152337702834392 -0.0097501842404904213 0.045416897632013113 0.28361544236540798 0.11545701414814445 0.045266508978734771 0.33695159290324561 -0.017514646232729261 0.15493921869277183 0.12323095275822915 0.13460338525474072 -0.028133497538762299 -0.02050365125285877 0.16956535894686067 0.35261215603067764 0.045016902007507076 -0.13332160120116218
leaf_weight=1309 22 395 24 150 594 21 3660 1373 609 41 185 33 88 391 2100 851 32 223 566 22 911 77 66 46 509 157 142 21 442 107
leaf_count=1309 22 395 24 150 594 21 3660 1373 609 41 185 33 88 391 2100 851 32 223 566 22 911 77 66 46 509 157 142 21 442 107
internal_value=-3.08666e-05 0.04081 -0.0192417 0.0152544 -0.0356816 0.072029 0.00199392 0.0256258 -0.00123311 0.0351078 0.10111 0.116855 0.0683721 -0.0684241 -0.0243581 0.0394472 0.131024 0.122473 0.0146198 0.136084 -0.0381765 0.0708387 0.174104 0.200069 -0.0531459 0.0351495 0.148264 0.193148 0.05958 -0.082043
internal_weight=15167 4852 10315 2668 5814 2184 4501 2411 4378 718 1154 123 551 1494 4320 1030 603 571 1939 109 2220 472 90 68 1103 1008 386 163 530 257
internal_count=15167 4852 10315 2668 5814 2184 4501 2411 4378 718 1154 123 551 1494 4320 1030 603 571 1939 109 2220 472 90 68 1103 1008 386 163 530 257
is_linear=0
shrinkage=0.05


Tree=32
num_leaves=31
num_cat=0
split_feature=1 2 0 4 2 7 0 1 12 9 5 12 10 5 3 2 11 12 1 9 7 12 2 9 11 11 10 10 7 9
split_gain=4346.61 1582.83 1234.5 1046.03 995.928 764.48 751.071 612.624 452.432 442.202 417.617 412.085 367.284 360.605 333.645 308.85 299.836 289.076 298.826 282.865 256.905 336.032 248.876 234.629 260.641 224.851 215.725 215.456 215.305 204.938
threshold=13.895000000000007 15.165000000000001 32.500000000000007 8.8150000000000031 26.385000000000002 1.5000000000000002 25.500000000000004 20.255000000000006 -1612356.5549999997 27.386459500000004 0.044101433496007723 14768.324500000004 1359200.6500000001 0.10851873965155671 11.005000000000001 12.215000000000002 -3.9076074999999997 -1399383.4999999998 9.0800000000000054 30.382873500000006 3.5000000000000004 -664227.27499999991 11.755000000000001 24.554977500000003 0.62539689999999981 4.1361540000000003 2478942.1000000006 3105664.6500000004 3.5000000000000004 20.121566500000004
decision_type=2 2 2 2 2 2 2 2 2 2 2 2 2 2 2 2 2 2 2 2 2 2 2 2 2 2 2 2 2 2
left_child=1 6 4 5 11 23 8 12 16 17 -4 20 13 14 -7 -9 -1 -8 -19 -14 21 29 -10 24 -2 -16 -23 -13 -11 -3
right_child=3 2 10 -5 -6 7 9 15 22 28 -12 27 19 -15 25 -17 -18 18 -20 -21 -22 26 -24 -25 -26 -27 -28 -29 -30 -31
leaf_value=0.30062425024807454 0.1291850012715367 0.096439868525088401 -0.016404371065017038 -0.10134923430524914 -0.10030823956859521 0.096763599993547014 0.14527165449031118 0.16593339039077021 0.019201006044585082 0.14526498693103593 0.023862582313240514 -0.052506265077585823 -0.050493685365716461 0.18850170771845365 0.037961539713130703 0.069470809537859765 0.045199107240747521 -0.015028817078762977 0.049521459477048502 0.049604200078916236 -0.03921863490783771 -0.014328920607952215 -0.010647061879757773 0.15384352682279301 0.033736216690785324 -0.056804030041993518 -0.13477286183716436 -0.16156316138407653 0.023600741937601321 -0.05550187327233809
leaf_weight=20 159 107 1435 102 614 245 53 145 970 150 1168 1244 188 44 1213 194 27 293 462 113 1423 1716 2494 231 130 66 38 47 48 28
leaf_count=20 159 107 1435 102 614 245 53 145 970 150 1168 1244 188 44 1213 194 27 293 462 113 1423 1716 2494 231 130 66 38 47 48 28
internal_value=-2.93233e-05 -0.0128492 -0.0264606 0.0558572 -0.0404933 0.0617352 0.0107154 0.0488902 -0.000198216 0.0488046 0.00166394 -0.0325145 0.0376736 0.0473848 0.0433106 0.110731 0.153891 0.0323946 0.0244708 -0.0129154 -0.0231742 -0.0110878 -0.00228891 0.116277 0.0862496 0.0330714 -0.0169383 -0.0564766 0.115771 0.064926
internal_weight=15167 12337 7820 2830 5217 2728 4517 2208 3511 1006 2603 4603 1869 1568 1524 339 47 808 755 301 3312 1889 3464 520 289 1279 1754 1291 198 135
internal_count=15167 12337 7820 2830 5217 2728 4517 2208 3511 1006 2603 4603 1869 1568 1524 339 47 808 755 301 3312 1889 3464 520 289 1279 1754 1291 198 135
is_linear=0
shrinkage=0.05


Tree=33
num_leaves=31
num_cat=0
split_feature=1 13 12 10 4 7 1 9 2 1 7 10 5 3 14 1 12 2 9 14 12 11 9 11 11 11 10 12 13 5
split_gain=3922.82 1467.89 1037.4 957.341 944.04 689.943 552.893 510.116 461.466 351.175 343.506 331.473 325.446 301.115 292.804 294.255 280.125 278.737 255.286 234.473 230.877 218.928 211.753 235.229 204.927 202.928 194.567 177.636 240.3 173.028
threshold=13.895000000000007 7.745000000000001 -485240.18499999994 655156.87500000012 8.8150000000000031 1.5000000000000002 20.255000000000006 31.181061000000003 26.385000000000002 10.558333333333341 2.5000000000000004 1359200.6500000001 0.10851873965155671 11.005000000000001 9.3050000000000015 1.0000000180025095e-35 -1399383.4999999998 12.215000000000002 30.382873500000006 9.0350000000000019 287536.98999999999 -5.9403229999999985 24.554977500000003 0.62539689999999981 2.0464936000000007 4.1361540000000003 191616.00000000003 72163.265000000043 21.325000000000006 0.025090954476174768
decision_type=2 2 2 2 2 2 2 2 2 2 2 2 2 2 2 2 2 2 2 2 2 2 2 2 2 2 2 2 2 2
left_child=1 3 16 14 5 22 11 9 19 -4 21 12 13 -7 15 -1 -3 26 -13 20 -5 -11 23 -2 -16 -15 -8 28 -24 -10
right_child=4 2 7 8 -6 6 17 -9 29 10 -12 18 -14 25 24 -17 -18 -19 -20 -21 -22 -23 27 -25 -26 -27 -28 -29 -30 -31
leaf_value=0.14055350053912172 0.12272575113163829 0.16416497776018724 -0.01285186548188437 -0.041369614358930967 -0.096281771168258853 0.091925420077631673 0.085671272949037855 0.087530595165007052 -0.15920797419612823 0.13961126379330049 -0.0078960810327618602 -0.047969001174010859 0.17907662414416503 0.036063462742915268 0.013925831171290509 -0.028789554472165569 0.060670970726996988 0.065997269295501648 0.047123989443896355 -0.0027241654568570086 -0.09032721153250145 0.025997526723861172 0.10586585630060119 0.032049405801450263 -0.035665574608540807 -0.053963829049219696 0.20425070566548542 0.25752009074053456 0.25935479000521205 -0.084024454475186028
leaf_weight=26 159 84 3947 1079 102 245 57 157 92 44 1166 188 44 1213 1048 1919 295 194 113 288 310 1167 170 130 260 66 88 31 30 455
leaf_count=26 159 84 3947 1079 102 245 57 157 92 44 1166 188 44 1213 1048 1919 295 194 113 288 310 1167 170 130 260 66 88 31 30 455
internal_value=-2.78571e-05 -0.0122067 0.00320393 -0.0315088 0.0530644 0.0586484 0.0464457 -0.00149805 -0.0567905 -0.00370828 0.0114746 0.0357899 0.0450156 0.0411451 -0.0142243 -0.0265258 0.083609 0.105194 -0.0122696 -0.0437828 -0.0522961 0.0301255 0.110463 0.0819371 0.00406821 0.0314178 0.157637 0.146151 0.128889 -0.0966696
internal_weight=15167 12337 6860 5477 2830 2728 2208 6481 2224 6324 2377 1869 1568 1524 3253 1945 379 339 301 1677 1389 1211 520 289 1308 1279 145 231 200 547
internal_count=15167 12337 6860 5477 2830 2728 2208 6481 2224 6324 2377 1869 1568 1524 3253 1945 379 339 301 1677 1389 1211 520 289 1308 1279 145 231 200 547
is_linear=0
shrinkage=0.05


Tree=34
num_leaves=31
num_cat=0
split_feature=1 2 5 12 10 0 12 0 7 9 3 13 0 9 4 2 12 1 9 2 13 10 7 9 10 7 12 4 12 3
split_gain=3563.98 1195.95 1113.12 852.011 733.292 634.862 504.984 397.542 369.399 365.737 360.255 339.178 322.15 296.111 292.114 267.904 243.019 234.658 222.46 278.717 259.247 221.884 218.41 211.704 203.412 198.876 237.759 209.654 420.801 259.487
threshold=11.628333333333339 14.695000000000002 0.061633284026702588 551203.90000000002 2090967.6000000003 26.500000000000004 -1399383.4999999998 30.500000000000004 1.5000000000000002 21.635193000000005 22.965000000000003 7.6650000000000009 32.500000000000007 27.386459500000004 -7.8949999999999996 27.415000000000003 -166415.07000000001 16.231666666666673 14.116455000000002 10.275 15.165000000000001 3105664.6500000004 3.5000000000000004 27.386459500000004 811427.27000000014 3.5000000000000004 343129.43500000006 0.9450000000000004 120043.05000000006 12.155000000000003
decision_type=2 2 2 2 2 2 2 2 2 2 2 2 2 2 2 2 2 2 2 2 2 2 2 2 2 2 2 2 2 2
left_child=2 5 4 8 11 14 10 -8 23 18 -4 12 15 -9 -2 -1 -11 -10 19 20 -7 -6 -15 -3 -16 26 27 29 -29 -18
right_child=1 3 6 -5 21 9 7 13 17 16 -12 -13 -14 22 24 -17 25 -19 -20 -21 -22 -23 -24 -25 -26 -27 -28 28 -30 -31
leaf_value=-0.039548605968831793 0.21445376602086155 0.049836978622126507 0.15253192352867881 -0.073689235922615934 -0.066806336801121913 0.030576661398464985 -0.0062107273148717798 0.027474630636847526 0.0026392484566266985 0.055877754927541205 -0.04031303829767488 -0.011090442974488803 -0.0072945954453082469 0.22393581695440742 0.044972027891095223 -0.091077525032463066 0.041705734670162205 0.043347482649395107 0.013995235143177912 0.061498591254656176 0.23854199699423415 -0.14450264192289777 0.023969280381094329 0.15589905709449978 -0.0040602916143896266 0.079509923883503489 0.31660810865107036 0.28239265388288237 0.034070289887798332 0.15573815523378001
leaf_weight=1613 22 419 91 257 616 22 3997 415 1473 130 33 2416 669 36 706 299 75 466 181 322 47 108 22 53 302 124 21 59 24 149
leaf_count=1613 22 419 91 257 616 22 3997 415 1473 130 33 2416 669 36 706 299 75 466 181 322 47 108 22 53 302 124 21 59 24 149
internal_value=-2.64642e-05 0.0353132 -0.0166496 0.0128537 -0.0313682 0.0627499 0.00167975 -0.00108127 0.0220788 0.0882181 0.10121 -0.0245545 -0.0371578 0.0422642 0.0342156 -0.0476067 0.116124 0.0124227 0.0598249 0.0810402 0.172234 -0.0783964 0.148086 0.0617465 0.0302818 0.133451 0.153843 0.142709 0.210589 0.117558
internal_weight=15167 4852 10315 2668 5721 2184 4594 4470 2411 1154 124 4997 2581 473 1030 1912 582 1939 572 391 69 724 58 472 1008 452 328 307 83 224
internal_count=15167 4852 10315 2668 5721 2184 4594 4470 2411 1154 124 4997 2581 473 1030 1912 582 1939 572 391 69 724 58 472 1008 452 328 307 83 224
is_linear=0
shrinkage=0.05


Tree=35
num_leaves=31
num_cat=0
split_feature=13 5 5 0 2 9 10 12 0 0 11 14 9 5 9 2 9 13 12 2 12 12 12 4 2 13 11 11 7 12
split_gain=3357.7 967.797 928.911 997.461 687.821 616.427 575.097 486.976 454.568 440.53 357.832 346.115 334.444 320.95 305.032 283.852 594.155 255.441 249.152 241.526 303.881 234.122 230.088 221.1 309.263 216.349 240.92 212.52 208.281 206.748
threshold=11.495000000000003 0.10487678763520207 0.033823777939368187 32.500000000000007 17.545000000000005 25.929458500000003 1976138.4500000002 -1957352.53 27.500000000000004 30.500000000000004 0.9373315000000001 16.825000000000006 27.386459500000004 0.056931399037756868 10.819717500000001 10.155000000000003 17.823700000000002 27.005000000000006 -927955.52499999991 8.1800000000000015 -77425.069999999978 -135693.10000000006 34245.149999999914 0.9450000000000004 12.035000000000002 24.145000000000003 -0.408813499999999 -0.88372799999999996 1.5000000000000002 -135693.10000000006
decision_type=2 2 2 2 2 2 2 2 2 2 2 2 2 2 2 2 2 2 2 2 2 2 2 2 2 2 2 2 2 2
left_child=2 5 9 4 7 6 10 -4 -7 -1 14 15 27 -10 21 16 -9 19 -16 20 -3 -2 -6 25 -25 -15 -27 -5 -14 -26
right_child=1 17 3 12 22 8 -8 11 13 -11 -12 -13 28 23 18 -17 -18 -19 -20 -21 -22 -23 -24 24 29 26 -28 -29 -30 -31
leaf_value=-0.10100167758411055 0.23020160000771286 0.34766930225102799 0.13463529174216091 0.039632611476209396 -0.028045084450415977 0.017208788191008632 -0.075841491984252565 0.0038373438303993231 0.035243867510022023 -0.030360895192804688 0.0010152360970239157 0.13603998886807481 0.23903058916330339 0.073968339443867132 0.12900736445188524 -0.011439253634362611 0.29728137408585653 0.29395506950941952 0.014521014625527066 0.091303745404315684 0.095838664948940278 0.057010716999606054 -0.058729449513528688 0.31567622031326648 0.021957701963908744 0.070274841075851802 0.30451382398605348 0.003595957640467252 0.067582267233951679 0.17016716656252379
leaf_weight=413 20 23 60 597 1963 325 147 69 197 474 967 41 20 299 50 4954 23 22 959 195 25 802 887 27 33 21 23 1300 155 82
leaf_count=413 20 23 60 597 1963 325 147 69 197 474 967 41 20 299 50 4954 23 22 959 195 25 802 887 27 33 21 23 1300 155 82
internal_value=0.000392923 0.0383052 -0.0141996 -0.00987847 -0.0178889 0.0321025 0.0205554 -0.00697728 0.0658725 -0.0632523 0.0256199 -0.00864757 0.0210383 0.0890627 0.0386142 -0.00982319 0.0771984 0.130806 0.0201943 0.116035 0.216508 0.0612246 -0.0375949 0.110923 0.163391 0.0892015 0.192718 0.014937 0.0871764 0.127637
internal_weight=15173 4217 10956 10069 7997 3952 2945 5147 1007 887 2798 5087 2072 682 1831 5046 92 265 1009 243 48 822 2850 485 142 343 44 1897 175 115
internal_count=15173 4217 10956 10069 7997 3952 2945 5147 1007 887 2798 5087 2072 682 1831 5046 92 265 1009 243 48 822 2850 485 142 343 44 1897 175 115
is_linear=0
shrinkage=0.05


Tree=36
num_leaves=31
num_cat=0
split_feature=1 13 12 5 12 0 7 1 5 9 2 4 3 1 4 1 3 9 0 14 1 14 12 0 9 7 12 4 13 1
split_gain=3069.67 1212.96 716.361 703.981 681.044 443.11 404.162 417.305 386.978 385.783 374.096 366.942 283.443 284.959 269.856 332.472 243.647 240.684 226.618 214.323 211.518 191.309 188.243 183.847 182.65 294.188 178.549 200.432 174.503 173.712
threshold=15.221666666666676 9.7150000000000016 24120.819999999967 0.054659744194175526 -485240.18499999994 25.500000000000004 2.5000000000000004 24.156666666666677 0.11897682747295471 31.181061000000003 9.5050000000000008 2.5849999999999995 9.6950000000000021 10.716666666666676 -4.3399999999999999 4.4400000000000031 11.145000000000001 5.8871612000000004 30.500000000000004 11.095000000000001 6.7033333333333358 0.15000000000000005 551203.90000000002 25.500000000000004 27.386459500000004 1.0000000180025095e-35 -1474869.5999999999 1.1500000000000015 7.745000000000001 5.1666666666666679
decision_type=2 2 2 2 2 2 2 2 2 2 2 2 2 2 2 2 2 2 2 2 2 2 2 2 2 2 2 2 2 2
left_child=1 2 10 5 26 -2 7 -5 -8 17 -1 19 -12 14 23 21 -9 -6 -19 29 -13 -16 -22 28 -20 -26 -3 -28 -14 -4
right_child=3 4 11 6 9 -7 8 16 -10 -11 12 20 13 -15 15 -17 -18 18 24 -21 22 -23 -24 -25 25 -27 27 -29 -30 -31
leaf_value=0.19813912326381322 -0.1144685925213971 0.19147528852449686 -0.078161413536804641 0.088006459574339599 0.027716859451435063 0.022343745635029898 0.045988928561655776 0.13254722062734398 0.26823132842779163 0.082547400549420433 0.10191901294198238 -0.1246094333019501 -0.02701692219594853 0.0079034011142868031 -0.11756569777454795 -0.020937120261751666 0.3254818580547969 -0.013308659229966373 0.0087167171924462852 0.088571791458678883 -0.042037548098317667 -0.020857197720604608 -0.10018693070822196 0.040780184116915585 0.18812047827082712 -0.017219657007830614 0.046049319827408702 0.16989374181558922 0.035209230868632251 -0.02251592522298989
leaf_weight=21 69 41 171 621 884 416 949 36 20 164 53 161 399 1190 145 4191 30 1872 1524 38 438 79 204 271 37 33 136 43 157 780
leaf_count=21 69 41 171 621 884 416 949 36 20 164 53 161 399 1190 145 4191 30 1872 1524 38 438 79 204 271 37 33 136 43 157 780
internal_value=0.000373277 -0.00874227 -0.0202639 0.0558585 0.0114535 0.00287972 0.0713746 0.100711 0.050576 0.00726676 -0.0125538 -0.0482561 -0.0132361 -0.014185 -0.0191993 -0.0241092 0.220245 0.00442859 -0.00151106 -0.0278689 -0.0733658 -0.0834587 -0.0605149 0.00701273 0.0123441 0.0913173 0.0973574 0.0757997 -0.00944587 -0.0325216
internal_weight=15173 13032 8298 2141 4734 485 1656 687 969 4514 6506 1792 6485 6432 5242 4415 66 4350 3466 989 803 224 642 827 1594 70 220 179 556 951
internal_count=15173 13032 8298 2141 4734 485 1656 687 969 4514 6506 1792 6485 6432 5242 4415 66 4350 3466 989 803 224 642 827 1594 70 220 179 556 951
is_linear=0
shrinkage=0.05


Tree=37
num_leaves=31
num_cat=0
split_feature=1 13 12 5 14 0 7 4 1 5 2 0 0 0 11 5 1 12 1 1 11 11 7 1 3 11 13 3 10 3
split_gain=2788.34 937.897 874.915 745.568 615.338 554.065 525.153 503.981 453.685 431.549 354.989 337.401 294.94 288.77 285.693 277.285 277.036 272.846 263.472 260.826 246.138 228.6 222.501 275.544 219.891 180.159 179.194 186.66 234.824 177.759
threshold=13.168333333333342 7.5950000000000006 -485240.18499999994 0.054659744194175526 8.0050000000000008 32.500000000000007 2.5000000000000004 1.0000000180025095e-35 24.156666666666677 0.11897682747295471 10.705000000000002 21.500000000000004 30.500000000000004 14.500000000000002 -3.519042999999999 0.09119928105183743 1.0000000180025095e-35 -1612356.5549999997 9.4366666666666728 5.1666666666666679 -6.8841704999999997 -4.2898862499999995 2.5000000000000004 10.716666666666676 11.145000000000001 -1.4594422 19.145000000000003 10.025 690345.77500000014 15.495000000000003
decision_type=2 2 2 2 2 2 2 2 2 2 2 2 2 2 2 2 2 2 2 2 2 2 2 2 2 2 2 2 2 2
left_child=1 4 15 5 7 -2 8 16 20 12 11 -4 13 -8 -14 21 -1 -18 -17 25 -5 -3 23 -12 -10 -9 27 28 -22 -13
right_child=3 2 10 6 -6 -7 9 19 24 -11 22 29 14 -15 -16 18 17 -19 -20 -21 26 -23 -24 -25 -26 -27 -28 -29 -30 -31
leaf_value=0.11086577933869864 -0.081124518728283648 0.16509620090946556 0.020018001624317234 0.23527174639799028 -0.0093283576012663412 0.0202916366336717 0.048819842122970747 -0.019191787834279241 0.1259198607230145 0.26028005594298959 -0.0062132775354159881 0.080053619418653077 0.22575716978829841 -0.022204732226431781 0.04688686362396538 0.32096186564082196 0.05837889537215233 -0.032339350522240268 0.086675893408911575 -0.053988490654272261 0.062102860618382695 0.042318366679029856 -0.017777396018144615 0.025029086775745897 0.30920776767656211 -0.12523162863063358 0.10961556335268714 0.048539187052107496 0.23725616713204692 0.23950271315487295
leaf_weight=38 163 44 230 23 2508 775 235 48 36 21 2688 44 23 366 759 21 89 1206 28 1028 50 274 2336 957 30 242 216 635 31 29
leaf_count=38 163 44 230 23 2508 775 235 48 36 21 2688 44 23 366 759 21 89 1206 28 1028 50 274 2336 957 30 242 216 635 31 29
internal_value=0.000354613 -0.0110833 0.00132645 0.0405215 -0.0270819 0.00266815 0.0551634 -0.0438778 0.0824486 0.0353213 -0.00305607 0.0497428 0.0319055 0.00556694 0.0521478 0.0763667 -0.0222 -0.0261047 0.187084 -0.0658023 0.0736866 0.0593065 -0.00573089 0.00198945 0.209233 -0.10768 0.069699 0.0576571 0.129137 0.143396
internal_weight=15173 11810 6651 3363 5159 938 2425 2651 1021 1404 6284 303 1383 601 782 367 1333 1295 49 1318 955 318 5981 3645 66 290 932 716 81 73
internal_count=15173 11810 6651 3363 5159 938 2425 2651 1021 1404 6284 303 1383 601 782 367 1333 1295 49 1318 955 318 5981 3645 66 290 932 716 81 73
is_linear=0
shrinkage=0.05


Tree=38
num_leaves=31
num_cat=0
split_feature=1 5 0 5 5 0 9 5 5 0 1 12 11 7 11 3 11 5 7 5 12 7 12 1 9 1 11 12 9 12
split_gain=2536.99 1008.4 966.648 618.573 601.46 585.662 624.464 553.843 405.716 388.455 354.796 331.639 312.447 291.322 266.948 236.946 233.539 279.13 269.076 216.094 207.452 194.908 353.142 207.199 197.834 262.125 175.178 171.602 165.313 163.79
threshold=14.996666666666675 0.07029877351487876 32.500000000000007 0.11897682747295471 0.038602586321227726 26.500000000000004 27.386459500000004 0.054659744194175526 0.04177982042444172 25.500000000000004 28.088333333333335 14768.324500000004 0.75517299999999932 1.5000000000000002 -8.1593934499999978 9.6950000000000021 3.7435149500000016 0.1064396143475352 2.5000000000000004 0.09528348086612777 -1321743.0499999998 3.5000000000000004 -664227.27499999991 10.05666666666667 20.121566500000004 0.67333333333333367 1.4573359999999991 -52814.364999999991 13.930069000000001 76500.850000000049
decision_type=2 2 2 2 2 2 2 2 2 2 2 2 2 2 2 2 2 2 2 2 2 2 2 2 2 2 2 2 2 2
left_child=1 2 4 5 -1 14 20 9 -4 -2 13 21 -10 29 -3 -16 17 -15 -19 -8 -7 22 24 -24 25 -6 -17 -28 -27 -9
right_child=7 3 8 -5 11 6 19 10 12 -11 -12 -13 -14 16 15 26 -18 18 -20 -21 -22 -23 23 -25 -26 28 27 -29 -30 -31
leaf_value=-0.073211553079138916 -0.10543336035550706 0.13784894919695542 -0.01528657925972194 0.29098498258739708 -0.031049164873547853 0.13475974741023641 0.11223977971451143 0.086664377267174908 0.038964865644747722 0.021107040038040023 0.15786942761311287 -0.043224063013987589 -0.004296924772314051 0.046363952490144189 0.084165181632501529 0.0049401945166554946 -0.027553370332687482 0.078515586987710925 0.27551576452186477 0.25767567893772414 0.020527321350805108 -0.028060708069579721 -0.019477489255340846 0.019575896124950087 -0.037841483547880847 0.04467359886039049 0.040164761977462937 -0.035531897038967981 0.18110274237114937 0.19941382197042307
leaf_weight=671 70 36 1289 20 32 43 113 306 1047 454 93 1485 694 1122 83 2266 98 52 26 33 525 1747 1645 428 37 34 87 537 64 36
leaf_count=671 70 36 1289 20 32 43 113 306 1047 454 93 1485 694 1122 83 2266 98 52 26 33 525 1747 1645 428 37 34 87 537 64 36
internal_value=0.000336882 -0.00820975 -0.0171341 0.0136613 -0.0285334 0.0121715 0.0528822 0.0492462 0.00597681 0.00420279 0.0628658 -0.0230548 0.0217198 0.0574784 0.00251129 0.000872485 0.0466613 0.0527221 0.144182 0.145112 0.0291752 -0.0155426 -0.00577956 -0.0114144 0.0641663 0.0931993 -0.00151966 -0.024978 0.13377 0.0985327
internal_weight=15173 12916 9173 3743 6143 3723 714 2257 3030 524 1733 5472 1741 1640 3009 2973 1298 1200 78 146 568 3987 2240 2073 167 130 2890 624 98 342
internal_count=15173 12916 9173 3743 6143 3723 714 2257 3030 524 1733 5472 1741 1640 3009 2973 1298 1200 78 146 568 3987 2240 2073 167 130 2890 624 98 342
is_linear=0
shrinkage=0.05


Tree=39
num_leaves=31
num_cat=0
split_feature=1 13 12 12 5 0 1 1 9 4 2 11 3 14 11 4 1 0 10 9 1 2 14 9 0 5 11 9 11 11
split_gain=2294.72 922.092 568.18 556.066 521.013 335.654 312.006 307.544 302.179 261.217 260.515 244.939 220.308 235.392 216.52 207.224 250.713 196.399 294.083 279.361 268.367 200.844 188.561 186.206 188.58 192.469 191.101 210.865 185.267 171.534
threshold=15.221666666666676 9.5650000000000031 24120.819999999967 -485240.18499999994 0.054659744194175526 25.500000000000004 5.4016666666666726 28.088333333333335 31.181061000000003 2.5849999999999995 9.5050000000000008 -5.9403229999999985 9.6950000000000021 9.3050000000000015 -3.519042999999999 -4.3399999999999999 3.2399999999999998 30.500000000000004 1036713.8000000002 29.797760000000004 18.116666666666678 9.3250000000000011 0.15000000000000005 0.51583863500000005 30.500000000000004 0.044101433496007723 0.6820218499999996 17.725753500000007 1.6689449999999992 -4.8818211269999994
decision_type=2 2 2 2 2 2 2 2 2 2 2 2 2 2 2 2 2 2 2 2 2 2 2 2 2 2 2 2 2 2
left_child=1 2 10 29 5 -2 -4 14 11 -8 -1 -5 -12 15 -6 -14 22 18 21 -19 -21 -16 -17 -13 -25 -26 -27 -28 -15 -3
right_child=4 3 6 8 7 -7 9 -9 -10 -11 12 23 13 28 17 16 -18 19 -20 20 -22 -23 -24 24 25 26 27 -29 -30 -31
leaf_value=0.16923707947134972 -0.099417268560416466 0.22597718916833404 -0.089372912375256422 0.066462450020715297 0.1344731686725503 0.019656391453239708 -0.013609295217847643 0.14997595643965148 0.071917688957844936 -0.055991927938944634 0.090011742834072081 0.054907753932265907 0.0054368906315880594 0.014926464532454446 0.20982325829565529 -0.11984673595592917 -0.019897535048239171 0.054071992166008748 -0.020368673057580864 0.26263974865277606 0.094866918735928715 0.046529677593126109 -0.0020871331345061867 -0.010016048567050297 -0.012587597590668695 0.039727821254055856 -0.019895005403894817 0.047494810574452387 -0.025325214698257326 0.072603754534666401
leaf_weight=20 69 20 301 149 84 416 776 93 167 684 53 156 799 1136 20 111 3823 792 199 30 116 322 49 2374 575 699 386 166 382 206
leaf_count=20 69 20 301 149 84 416 776 93 167 684 53 156 799 1136 20 111 3823 792 199 30 116 322 49 2374 575 699 386 166 382 206
internal_value=0.000320038 -0.00756133 -0.017882 0.00957802 0.0482929 0.00271602 -0.0430213 0.0616413 0.00587269 -0.0334653 -0.0109355 0.00342441 -0.0115027 -0.0123567 0.0563853 -0.0178021 -0.0224639 0.0519503 0.0279587 0.0657876 0.129341 0.056079 -0.0837829 0.00126815 -0.00072418 0.0113563 0.0223616 0.000370773 0.00479725 0.0861766
internal_weight=15173 13032 8134 4898 2141 485 1761 1656 4672 1460 6373 4505 6353 6300 1563 4782 3983 1479 541 938 146 342 160 4356 4200 1826 1251 552 1518 226
internal_count=15173 13032 8134 4898 2141 485 1761 1656 4672 1460 6373 4505 6353 6300 1563 4782 3983 1479 541 938 146 342 160 4356 4200 1826 1251 552 1518 226
is_linear=0
shrinkage=0.05


Tree=40
num_leaves=31
num_cat=0
split_feature=1 7 2 5 12 10 11 9 12 1 13 0 9 13 14 0 12 11 9 12 1 11 11 10 3 11 3 1 9 11
split_gain=1934.66 804.896 705.43 699.046 575.485 469.682 446.999 496.571 427.973 365.77 307.359 306.501 331.524 294.279 265.532 240.304 236.311 232.1 225.809 218.607 220.347 211.032 207.788 239.817 208.143 196.488 181.711 236.14 409.542 212.456
threshold=11.555000000000005 2.5000000000000004 8.1800000000000015 0.067317404643110534 331624.50000000006 2833873.6500000004 -8.1593934499999978 20.531082500000004 -1612356.5549999997 18.515000000000011 7.535000000000001 29.500000000000004 27.386459500000004 19.145000000000003 7.6450000000000005 30.500000000000004 -1033449.7499999999 4.1361540000000003 14.811401000000002 -145730.63999999998 10.370000000000006 3.4080502500000009 -0.037582500000000955 1587092.2500000002 9.6950000000000021 -3.519042999999999 10.405000000000003 21.530000000000005 28.762573500000006 -1.2297055000000003
decision_type=2 2 2 2 2 2 2 2 2 2 2 2 2 2 2 2 2 2 2 2 2 2 2 2 2 2 2 2 2 2
left_child=3 6 -3 5 9 10 -2 22 18 17 14 -10 -13 21 16 -6 -1 25 -5 20 -12 -9 23 -8 -24 -4 29 -28 -29 -15
right_child=1 2 4 8 15 -7 7 13 11 -11 19 12 -14 26 -16 -17 -18 -19 -20 -21 -22 -23 24 -25 -26 -27 27 28 -30 -31
leaf_value=0.021587610571069345 0.27561106702143495 0.27488895559310916 0.077186907221677536 0.23793607439313616 -0.073649379354985667 -0.089557454753513177 0.058774060381808248 0.054113049839642748 -0.0010838305544046117 0.063469643115603394 0.014578628494577892 0.028055202173780637 0.16530176161860044 0.17841308848424392 -0.014550748581598702 0.015487329436179538 -0.048285425018738198 -0.050814157443750188 0.057086865140332121 -0.012098864274516993 0.13335921469661924 0.20857154950499535 0.128733814197282 -0.10331555716693402 -0.00049820119530917225 0.0097736750528007264 0.11877077327261115 0.1050328873013231 0.41372987776994707 -0.015910603297062408
leaf_weight=131 22 25 114 28 277 242 464 574 2965 357 295 286 52 22 1580 104 1586 151 45 2873 45 23 33 24 558 2085 117 22 21 39
leaf_count=131 22 25 114 28 277 242 464 574 2965 357 295 286 52 22 1580 104 1586 151 45 2873 45 23 33 24 558 2085 117 22 21 39
internal_value=0.000718426 0.0260589 0.0103582 -0.0118717 0.00821663 -0.0211602 0.0515285 0.0489297 0.00670528 0.0163144 -0.0186177 0.00405871 0.0491701 0.0783103 -0.0293427 -0.0493181 -0.0429544 0.00915084 0.126454 -0.00761226 0.0302996 0.0600637 0.026656 0.0508024 0.0067178 0.0132685 0.127601 0.155595 0.255792 0.0541734
internal_weight=15160 5032 3113 10128 3088 6752 1919 1897 3376 2707 6510 3303 338 818 3297 381 1717 2350 73 3213 340 597 1079 488 591 2199 221 160 43 61
internal_count=15160 5032 3113 10128 3088 6752 1919 1897 3376 2707 6510 3303 338 818 3297 381 1717 2350 73 3213 340 597 1079 488 591 2199 221 160 43 61
is_linear=0
shrinkage=0.05


Tree=41
num_leaves=31
num_cat=0
split_feature=13 5 0 5 5 5 5 12 12 0 10 13 11 11 11 7 12 7 12 13 2 1 2 10 12 1 3 3 4 11
split_gain=1748.33 793.863 739.48 680.856 582.395 480.344 384.518 318.982 313.477 295.79 265.057 254.42 242.258 237.775 209.396 203.076 328.306 175.587 168.25 325.692 180.328 172.215 164.149 163.688 162.734 162.618 182.257 162.177 161.564 156.839
threshold=14.265000000000002 0.033823777939368187 32.500000000000007 0.11897682747295471 0.067590405314035429 0.10487678763520207 0.050825921918980048 37746.287000000004 1598213.0750000004 24.500000000000004 359221.54500000004 18.005000000000006 -8.1593934499999978 0.75517299999999932 0.96618656500000011 3.5000000000000004 -615623.89999999979 1.0000000180025095e-35 -562846.0199999999 7.6650000000000009 12.535000000000002 9.3516666666666719 17.305000000000003 703442.27000000014 355401.10000000003 7.6266666666666643 37.695000000000007 10.025 0.079999999999999197 -2.7182619999999997
decision_type=2 2 2 2 2 2 2 2 2 2 2 2 2 2 2 2 2 2 2 2 2 2 2 2 2 2 2 2 2 2
left_child=1 9 3 4 7 8 -4 15 11 -1 -7 14 -6 -8 24 16 22 -15 19 -14 29 -20 -3 -12 27 26 -18 -2 -29 -21
right_child=5 2 6 -5 12 10 13 -9 -10 -11 23 -13 18 17 -16 -17 25 -19 21 20 -22 -23 -24 -25 -26 -27 -28 28 -30 -31
leaf_value=-0.096514591075274658 0.14272462489867682 0.011030621189825437 0.0026437979353925748 0.27419629189230149 0.10932560371304001 0.052139710614250767 0.056438506797143989 -0.042188413083476262 -0.075999855215195575 -0.033689467606694938 0.25044703990019657 0.059141266878747316 -0.019839363493335746 0.080788356428727129 -0.0071800467931898322 -0.026766097116942462 -0.041349340143739532 -0.0010556592980098753 -0.014642729155725521 0.22408036139926743 0.02713428465349059 0.0085126487155802628 0.11288089520790999 0.1222110723488425 -0.041508062429253076 -0.00048944124573503949 0.083796196635211678 0.055176448055370267 0.010151118125595915 0.08589318145501923
leaf_weight=254 38 74 1598 21 54 99 788 1390 64 714 37 773 150 78 400 1736 473 410 1343 28 93 1997 85 76 63 1387 31 496 333 77
leaf_count=254 38 74 1598 21 54 99 788 1390 64 714 37 773 150 78 400 1736 473 410 1343 28 93 1997 85 76 63 1387 31 496 333 77
internal_value=0.000682505 -0.00664316 -0.00307604 -0.0101694 -0.010839 0.0400391 0.0189864 -0.0217033 0.0330118 -0.0501746 0.11187 0.0363293 0.00418861 0.0394531 0.0230709 -0.0141823 -0.00352598 0.012026 0.00264918 0.0357345 0.0778359 -0.000798032 0.0654789 0.1642 0.0360821 -0.00932809 -0.0336519 0.0417202 0.0370903 0.122743
internal_weight=15160 12781 11813 8939 8918 2379 2874 5176 2167 968 212 2103 3742 1276 1330 3786 2050 488 3688 348 198 3340 159 113 930 1891 504 867 829 105
internal_count=15160 12781 11813 8939 8918 2379 2874 5176 2167 968 212 2103 3742 1276 1330 3786 2050 488 3688 348 198 3340 159 113 930 1891 504 867 829 105
is_linear=0
shrinkage=0.05


Tree=42
num_leaves=31
num_cat=0
split_feature=1 2 2 12 1 10 12 1 3 11 11 0 9 4 2 0 3 9 1 9 11 0 0 9 12 11 3 12 4 1
split_gain=1597.19 597.409 582.996 567.635 424.525 384.363 365.234 289.775 309.899 347.264 307.001 279.999 257.292 246.907 244.327 251.994 220.784 204.651 204.315 187.131 181.501 181.456 179.731 167.971 159.119 157.112 138.325 265.405 128.799 126.966
threshold=11.398333333333339 10.505000000000001 15.165000000000001 466495.35000000015 16.798333333333343 2833873.6500000004 -1612356.5549999997 28.088333333333335 15.555000000000001 -0.19911184999999973 -7.5822294999999986 30.500000000000004 29.401855500000003 -1.4899999999999991 28.505000000000006 25.500000000000004 39.185000000000009 14.811401000000002 5.4016666666666726 4.2349700000000006 -0.90946950000000004 30.500000000000004 23.500000000000004 28.762573500000006 -1033449.7499999999 0.88186600000000059 10.405000000000003 -14555.435000000098 -3.5349999999999997 8.9400000000000102
decision_type=2 2 2 2 2 2 2 2 2 2 2 2 2 2 2 2 2 2 2 2 2 2 2 2 2 2 2 2 2 2
left_child=2 7 6 4 13 14 17 8 10 -10 -2 29 -13 19 15 16 18 -1 -4 -3 -6 23 -16 25 -20 -5 27 -15 -17 -8
right_child=1 3 5 21 20 -7 11 -9 9 -11 -12 12 -14 26 22 28 -18 -19 24 -21 -22 -23 -24 -25 -26 -27 -28 -29 -30 -31
leaf_value=0.22156886948006496 0.24294915229082106 0.10379796818953616 -0.066730072978043967 -0.11774855774085694 0.013523585338271776 -0.08272141249705979 -0.01265005194689656 0.23775571802487741 0.061689372986022922 0.32087843199260535 0.042155172375555425 0.031936406298601901 0.17462719702614576 0.18450882449265449 -0.083864949554649751 0.024009386354048774 0.087746271710946344 0.050120089535156023 0.077719654263247076 0.029853091808277783 0.063815683124465228 0.016522679507600526 -0.029909915847063092 0.044101645903881742 -0.021464197457003519 -0.040360999546811258 0.00427928139193599 0.018535267584094847 -0.0065443626163990054 0.0074645382350902864
leaf_weight=28 20 98 255 108 236 237 1428 26 28 24 395 258 36 31 201 446 45 46 41 674 748 113 665 36 2945 167 2454 108 1522 1741
leaf_count=28 20 98 255 108 236 237 1428 26 28 24 395 258 36 31 201 446 45 46 41 674 748 113 665 36 2945 167 2454 108 1522 1741
internal_value=0.00064838 0.022894 -0.0111917 0.0174815 0.0228654 -0.020245 0.00507976 0.0752947 0.0662498 0.181315 0.051832 0.00273106 0.0494087 0.0144179 -0.0178256 -0.0137696 -0.0222438 0.114993 -0.023771 0.0392399 0.0517538 -0.0377415 -0.042433 -0.0574581 -0.0201023 -0.0707532 0.00702774 0.055551 0.000379912 -0.0015994
internal_weight=15160 5266 9894 4773 4349 6357 3537 493 467 52 415 3463 294 3365 6120 5254 3286 74 3241 772 984 424 866 311 2986 275 2593 139 1968 3169
internal_count=15160 5266 9894 4773 4349 6357 3537 493 467 52 415 3463 294 3365 6120 5254 3286 74 3241 772 984 424 866 311 2986 275 2593 139 1968 3169
is_linear=0
shrinkage=0.05


Tree=43
num_leaves=31
num_cat=0
split_feature=13 5 0 5 5 5 5 12 0 12 12 13 11 11 13 4 7 12 9 9 9 11 12 0 7 9 7 7 12 0
split_gain=1446.81 658.319 650.387 588.374 469.245 400.342 301.592 299.63 258.554 232.781 227.04 376.19 212.59 210.739 205.896 182.428 175.323 283.206 231.737 357.547 165.288 174.046 164.012 178.708 162.052 159.082 155.204 146.268 145.747 155.036
threshold=14.265000000000002 0.03463203447107914 32.500000000000007 0.11897682747295471 0.067590405314035429 0.096758600609290243 0.050825921918980048 37746.287000000004 25.500000000000004 1598213.0750000004 -80338.299999999916 19.955000000000002 -8.1593934499999978 0.75517299999999932 18.005000000000006 -1.4899999999999991 3.5000000000000004 -615623.89999999979 20.121566500000004 13.664733500000002 7.9659576500000009 2.1215210000000009 803.26530000000025 28.500000000000004 2.5000000000000004 2.2684174000000001 1.0000000180025095e-35 5.5000000000000009 -820061.34999999986 30.500000000000004
decision_type=2 2 2 2 2 2 2 2 2 2 2 2 2 2 2 2 2 2 2 2 2 2 2 2 2 2 2 2 2 2
left_child=1 8 3 4 7 9 -4 16 -1 14 11 24 25 -8 20 -13 17 18 19 -3 21 -2 -12 -24 -7 -6 -15 -14 -22 -30
right_child=5 2 6 -5 12 10 13 -9 -10 -11 22 15 27 26 -16 -17 -18 -19 -20 -21 28 -23 23 -25 -26 -27 -28 -29 29 -31
leaf_value=-0.081020944905394576 0.061068278381479095 -0.026862781513482332 0.0033931442111962023 0.25515315816515971 -0.0054413808598404844 0.029211820544380891 0.052367262053746623 -0.039682084845746729 -0.027516800658325055 -0.066802172049406972 0.018495187062698489 0.36952253416180614 0.0052024359626899885 0.075203958609833935 0.052199842860042922 0.16304587255353514 -0.024111819387062323 -0.0078635532268872248 -0.046095171272999752 0.15584495475078808 0.1265658158659935 -0.056796074248850352 0.0067058188375085596 0.15033661692278155 0.17610131427645684 0.17059837283961701 -0.0017430948871315641 -0.030896398326948141 -0.026534995047567789 0.018420875816573604
leaf_weight=320 298 40 1517 21 21 57 788 1367 767 63 130 20 3382 78 716 23 1723 1889 38 81 25 35 32 67 28 33 410 306 281 604
leaf_count=320 298 40 1517 21 21 57 788 1367 767 63 130 20 3382 78 716 23 1723 1889 38 81 25 35 32 67 28 33 410 306 281 604
internal_value=0.00061596 -0.00604812 -0.00258842 -0.00919368 -0.00981883 0.0364182 0.0184619 -0.0196277 -0.0432678 0.0277997 0.0852323 0.138566 0.00364934 0.0363767 0.0308421 0.259082 -0.0123579 -0.00246921 0.0616183 0.0954457 0.0185394 0.0486801 0.0554215 0.103911 0.0775989 0.102138 0.0105558 0.00220725 0.00750991 0.00414675
internal_weight=15160 12781 11694 8901 8880 2379 2793 5138 1087 2022 357 128 3742 1276 1959 43 3771 2048 159 121 1243 333 229 99 85 54 488 3688 910 885
internal_count=15160 12781 11694 8901 8880 2379 2793 5138 1087 2022 357 128 3742 1276 1959 43 3771 2048 159 121 1243 333 229 99 85 54 488 3688 910 885
is_linear=0
shrinkage=0.05


Tree=44
num_leaves=31
num_cat=0
split_feature=1 7 11 5 12 9 12 7 0 5 12 4 1 10 12 11 12 4 5 3 9 13 4 12 3 11 4 7 9 0
split_gain=1341.43 731.496 590.473 556.87 565.231 499.012 423.679 399.163 345.439 513.964 482.147 340.046 300.379 278.396 275.616 268.508 299.656 257.443 253.324 225.782 212.804 198.776 194.853 234.347 284.045 186.18 170.358 202.659 167.439 166.956
threshold=9.9966666666666715 2.5000000000000004 -8.1593934499999978 0.098570738721928605 -24037.24549999995 18.203201500000002 331624.50000000006 2.5000000000000004 26.500000000000004 0.060368248158157452 643951.75000000012 -2.3699999999999979 15.525000000000004 2613666.6500000004 -1399383.4999999998 0.60459940000000023 156875.75000000003 -3.8799999999999968 0.076540380399567107 9.6950000000000021 30.953628500000004 12.075000000000001 0.54000000000000015 -54858.435000000092 10.405000000000003 4.4502715000000013 -5.6049999999999986 3.5000000000000004 8.6774290000000018 28.500000000000004
decision_type=2 2 2 2 2 2 2 2 2 2 2 2 2 2 2 2 2 2 2 2 2 2 2 2 2 2 2 2 2 2
left_child=7 2 17 6 11 15 12 14 -7 -10 21 -5 25 26 18 16 -4 -2 -1 -17 -16 -11 -23 -24 -25 -3 27 -9 -14 -8
right_child=1 3 5 4 -6 8 29 13 9 10 -12 -13 28 -15 20 19 -18 -19 -20 -21 -22 22 23 24 -26 -27 -28 -29 -30 -31
leaf_value=-0.0032000644524630751 0.10067641348356293 0.0010926554044596219 0.041226772912813764 0.36239885309567821 0.032282569715120259 0.014348051148659453 -0.067298951708155391 0.11734938004187175 0.033819087064209545 0.19538307129405441 0.35078573763370513 0.091883791415464322 0.068049481195280745 -0.08143094013108404 -0.0064961130797486638 0.12377734887263468 -0.047770914087458601 0.35133211433887485 0.17599975234579024 -0.014095374844912176 0.080384324784649339 0.06522534526547677 0.05504241436719895 0.069830322605760206 0.29245481083267616 -0.04869754497561371 -0.025565394839091572 -0.0030133248262249968 0.018333057283201594 -0.0085047782644207398
leaf_weight=38 21 3066 878 26 103 348 298 42 422 48 20 21 223 213 3342 31 106 20 41 705 72 273 42 23 38 200 3384 209 704 203
leaf_count=38 21 3066 878 26 103 348 298 42 422 48 20 21 223 213 3342 31 106 20 41 705 72 273 42 23 38 200 3384 209 704 203
internal_value=0.000585162 0.0149966 0.0345111 0.00301147 0.0978469 0.0318779 -1.90623e-05 -0.0147646 0.0564222 0.0733296 0.110882 0.24153 0.0051734 -0.025873 -0.00252733 0.0145542 0.0316396 0.222947 0.0898024 -0.00828824 -0.00466384 0.0995662 0.0873343 0.145934 0.208514 -0.00195635 -0.0226174 0.017127 0.0302929 -0.0434762
internal_weight=15160 7819 2975 4844 150 2934 4694 7341 1214 866 444 47 4193 3848 3493 1720 984 41 79 736 3414 424 376 103 61 3266 3635 251 927 501
internal_count=15160 7819 2975 4844 150 2934 4694 7341 1214 866 444 47 4193 3848 3493 1720 984 41 79 736 3414 424 376 103 61 3266 3635 251 927 501
is_linear=0
shrinkage=0.05


Tree=45
num_leaves=31
num_cat=0
split_feature=1 7 2 11 13 1 12 12 12 11 5 10 1 1 7 10 10 1 3 9 0 9 11 12 11 9 4 11 9 12
split_gain=1408.99 675.429 574.453 463.217 438.544 381.405 377.041 320.091 296.074 259.843 245.04 248.062 232.304 197.023 186.544 173.487 172.667 169.121 155.511 154.688 164.85 150.586 288.152 225.93 258.801 212.849 161.095 147.371 131.874 129.746
threshold=10.558333333333341 2.5000000000000004 8.1800000000000015 -8.1593934499999978 7.5950000000000006 17.971666666666682 616506.75000000012 -74142.756499999945 24120.819999999967 3.8305968000000008 0.092123456475797297 829985.97500000009 15.628333333333343 5.4016666666666726 1.0000000180025095e-35 846345.81000000017 3025024.0000000005 17.583333333333339 10.795000000000002 3.0882568000000004 11.500000000000002 20.531082500000004 1.7595825700000012 466495.35000000015 0.52932700000000044 26.753524500000005 -6.4950000000000001 1.5063325000000003 2.6151123500000004 18814.695000000011
decision_type=2 2 2 2 2 2 2 2 2 2 2 2 2 2 2 2 2 2 2 2 2 2 2 2 2 2 2 2 2 2
left_child=4 3 -3 -2 8 21 9 10 18 12 15 -12 29 -10 -15 -6 17 -8 -1 20 -9 23 26 24 -5 -24 -23 -19 -26 -4
right_child=1 2 6 5 7 -7 16 19 13 -11 11 -13 -14 14 -16 -17 -18 27 -20 -21 -22 22 25 -25 28 -27 -28 -29 -30 -31
leaf_value=0.051258240390238886 0.22890409346549745 0.22598580892743736 0.0079743757896779399 0.039882385142411873 0.048101598663408185 0.078770813744232129 -0.069777407182575496 -0.0035977862431117013 -0.084511594305103521 -0.036834045851040789 0.022055080364788732 0.2220801574808936 0.031710079017191022 0.019362221568735551 -0.046955631057036519 -0.0031876553151214239 -0.17799285286664965 -0.051886407260529024 -0.019847000144492928 -0.012441487937570342 0.06961048428402436 0.17482104737311602 0.083651536182932015 -0.071482103911862868 0.064353597557379141 0.28261049002408983 0.030645973221154796 0.074797768130277595 -0.012227553591289169 -0.021860616915033795
leaf_weight=79 31 29 2121 791 283 408 172 208 284 313 31 31 958 128 618 395 25 44 2886 3290 122 20 41 69 63 20 620 48 522 440
leaf_count=79 31 29 2121 791 283 408 172 208 284 313 31 31 958 128 618 395 25 44 2886 3290 122 20 41 69 63 20 620 48 522 440
internal_value=-0.000290524 0.0167265 0.00422976 0.036789 -0.014008 0.0344571 0.00266924 -0.00304278 -0.0259751 0.00682259 0.0269214 0.122068 0.0107057 -0.0490694 -0.0355767 0.0182207 -0.0524022 -0.0405092 -0.0179525 -0.00916805 0.0234671 0.0260322 0.0450483 0.0168071 0.0212343 0.148884 0.0351514 0.0142097 -0.00398035 0.00284849
internal_weight=15090 6735 4150 2585 8355 2554 4121 4360 3995 3832 740 62 3519 1030 746 678 289 264 2965 3620 330 2146 701 1445 1376 61 640 92 585 2561
internal_count=15090 6735 4150 2585 8355 2554 4121 4360 3995 3832 740 62 3519 1030 746 678 289 264 2965 3620 330 2146 701 1445 1376 61 640 92 585 2561
is_linear=0
shrinkage=0.05


Tree=46
num_leaves=31
num_cat=0
split_feature=13 10 5 9 0 10 12 11 9 9 4 9 12 11 10 12 5 1 12 4 9 10 9 4 13 7 4 10 10 14
split_gain=1272.58 503.381 484.288 376.525 362.475 301.713 298.783 296.163 362.273 246.275 227.481 219.303 224.77 203.501 193.898 186.204 171.748 168.543 161.449 195.927 273.704 190.435 150.107 148.425 142.92 137.74 164.566 151.795 180.186 134.035
threshold=11.165000000000001 1947133.4500000002 0.05486968561851132 26.753524500000005 26.500000000000004 1901634.0000000002 37746.287000000004 -7.5822294999999986 22.686889500000003 29.797760000000004 -6.7300000000000004 4.2349700000000006 -1321743.0499999998 -5.9403229999999985 2902472.5000000005 -1258124.3499999999 0.09528348086612777 9.8716666666666715 1084879.1000000003 0.54000000000000015 23.835876500000005 167375.02500000002 0.51583863500000005 4.0049999999999999 25.005000000000006 2.5000000000000004 3.0350000000000006 160816.32500000004 996544.00000000012 1.0000000180025095e-35
decision_type=2 2 2 2 2 2 2 2 2 2 2 2 2 2 2 2 2 2 2 2 2 2 2 2 2 2 2 2 2 2
left_child=1 3 5 6 15 -2 13 -6 11 14 -10 -9 -13 -1 29 -4 -5 -15 19 20 21 -12 -17 -8 -22 26 27 -21 -29 -3
right_child=2 9 4 16 7 -7 23 8 10 -11 18 12 -14 17 -16 22 -18 -19 -20 25 24 -23 -24 -25 -26 -27 -28 28 -30 -31
leaf_value=0.040566554769429039 0.0015532784817591631 -0.021726736456781845 0.13798485317042675 0.030375368812406073 0.19899519141162597 -0.091510769630733291 -0.018843759178810131 0.087733161709490748 0.22706897875124757 0.0021919636738111248 0.059694177251020886 0.18218564242124557 0.012798265019241101 -0.011930727581206434 -0.091837142199200986 0.070702682739050171 0.17645368341888701 0.0036170516074490802 0.18421343532563361 0.054431874944323992 0.020507471570722229 0.27527543324977161 0.0056315098325299129 -0.056742426390112705 0.11348745054362908 0.061859411880576691 0.016948137603079279 0.29322003296266003 0.13278048292157196 -0.062741584790723073
leaf_weight=243 1046 479 29 481 31 95 754 121 22 290 21 20 943 4523 218 95 21 2836 27 24 407 20 1321 393 46 147 24 30 42 341
leaf_count=243 1046 479 29 481 31 95 754 121 22 290 21 20 943 4523 218 95 21 2836 27 24 407 20 1321 393 46 147 24 30 42 341
internal_value=-0.000275997 -0.00975761 0.0219599 -0.00562522 0.0314925 -0.00619526 -0.00804149 0.0456998 0.0431908 -0.0385443 0.0684879 0.024288 0.0163162 -0.00445239 -0.0499253 0.0125658 0.0364862 -0.00593895 0.0640605 0.0597975 0.0411459 0.164856 0.00999716 -0.0318291 0.0299491 0.0943065 0.134054 0.163331 0.19963 -0.0387829
internal_weight=15090 10579 4511 9251 3370 1141 8749 1925 1894 1328 810 1084 963 7602 1038 1445 502 7359 788 761 494 41 1416 1147 453 267 120 96 72 820
internal_count=15090 10579 4511 9251 3370 1141 8749 1925 1894 1328 810 1084 963 7602 1038 1445 502 7359 788 761 494 41 1416 1147 453 267 120 96 72 820
is_linear=0
shrinkage=0.05


Tree=47
num_leaves=31
num_cat=0
split_feature=1 7 1 2 5 0 1 4 10 4 0 10 11 9 11 7 13 3 4 11 9 7 11 10 11 9 11 9 10 3
split_gain=1164.53 615.888 456.853 366.651 355.669 409.394 340.267 301.042 248.155 245.894 249.223 232.595 215.472 217.196 216.346 205.241 184.396 249.638 364.908 177.092 152.104 188.932 148.138 197.718 140.087 128.06 126.863 120.987 250.657 113.64
threshold=11.595000000000002 1.5000000000000002 6.898333333333329 19.755000000000006 0.09119928105183743 22.500000000000004 17.971666666666682 0.079999999999999197 1659529.2000000002 -4.3399999999999999 30.500000000000004 2171057.6000000006 -5.9403229999999985 25.186416500000004 1.4291234999999995 2.5000000000000004 20.005000000000006 10.405000000000003 -0.76500000000000046 -3.4139709799999989 8.771881500000001 1.0000000180025095e-35 3.8305968000000008 690345.77500000014 1.0331569999999994 31.181061000000003 0.60459940000000023 19.435943500000004 1993230.4000000001 15.655000000000003
decision_type=2 2 2 2 2 2 2 2 2 2 2 2 2 2 2 2 2 2 2 2 2 2 2 2 2 2 2 2 2 2
left_child=2 12 7 6 15 -6 9 11 -5 10 -3 -1 -2 20 16 26 -15 -18 -19 -11 21 29 23 -21 -23 -25 -4 -7 -29 -14
right_child=1 3 4 8 5 27 -8 -9 -10 19 -12 -13 13 14 -16 -17 17 18 -20 22 -22 24 -24 25 -26 -27 -28 28 -30 -31
leaf_value=-0.0053404622862703865 0.21725164439529179 0.17875493389243882 0.0081556964706316609 -0.0078598183057742108 0.016129998743382609 0.051915596767018235 0.049226216084911019 -0.065663461339276682 -0.095885254840620548 0.064888106365033921 0.022485417772371036 -0.061285951426177016 0.18802106256892043 0.051821175066790348 0.24385124862194063 -0.014729266323354757 -0.011640184521675111 0.10222843018801589 0.36608551979064941 0.01706192851957922 0.015702589926777862 0.066848533281709185 -0.043708432720294635 -0.029551421641166101 -0.031654801313729525 0.037342217479599642 -0.011433714909200969 0.3109001159667969 0.089871247677967475 0.063368068792095236
leaf_weight=759 20 42 2326 888 332 24 728 528 88 121 65 246 41 232 20 4607 20 38 20 1310 402 118 159 452 52 85 1282 23 29 33
leaf_count=759 20 42 2326 888 332 24 728 528 88 121 65 246 41 232 20 4607 20 38 20 1310 402 118 159 452 52 85 1282 23 29 33
internal_value=-0.000262198 0.0196658 -0.00994364 0.0107817 -0.00547228 0.0400934 0.0195394 -0.0350946 -0.0157965 0.00986529 0.0838249 -0.0190346 0.0547919 0.0514628 0.084464 -0.00773531 0.074181 0.140687 0.193214 0.00614471 0.0346045 0.0657463 0.00260136 0.00658797 0.0367181 -0.018963 0.00119516 0.144776 0.187634 0.132433
internal_weight=15090 4934 10156 3938 8623 408 2962 1533 976 2234 107 1005 996 976 330 8215 310 78 58 2127 646 244 2006 1847 170 537 3608 76 52 74
internal_count=15090 4934 10156 3938 8623 408 2962 1533 976 2234 107 1005 996 976 330 8215 310 78 58 2127 646 244 2006 1847 170 537 3608 76 52 74
is_linear=0
shrinkage=0.05


Tree=48
num_leaves=31
num_cat=0
split_feature=1 7 2 11 1 12 1 4 12 7 14 10 9 2 11 7 5 9 3 10 1 9 12 12 10 9 11 9 11 12
split_gain=1065.15 539.918 483.368 376.604 336.381 308.746 298.353 271.691 257.341 276.974 222.986 210.311 190.546 261.436 183.814 175.522 143.144 400.566 152.787 141.938 143.498 138.439 138.119 137.763 146.576 133.167 132.906 126.438 240.043 189.41
threshold=10.558333333333341 2.5000000000000004 8.1800000000000015 -8.1593934499999978 6.898333333333329 616506.75000000012 17.971666666666682 0.079999999999999197 -140751.00999999986 3.5000000000000004 14.775 2130926.3500000006 27.386459500000004 10.705000000000002 3.8305968000000008 2.5000000000000004 0.098570738721928605 22.397857500000004 10.945000000000002 3025024.0000000005 17.583333333333339 30.953628500000004 394517.45000000001 -1090546.2299999997 428022.20500000002 11.730713000000002 1.5063325000000003 20.531082500000004 1.7595825700000012 466495.35000000015
decision_type=2 2 2 2 2 2 2 2 2 2 2 2 2 2 2 2 2 2 2 2 2 2 2 2 2 2 2 2 2 2
left_child=4 3 -3 -2 7 10 27 11 9 12 14 -1 23 -14 16 21 18 -18 -4 20 -7 -10 -17 24 -6 -16 -22 29 -29 -5
right_child=1 2 5 6 8 19 -8 -9 15 -11 -12 -13 13 -15 25 22 17 -19 -20 -21 26 -23 -24 -25 -26 -27 -28 28 -30 -31
leaf_value=-0.0046407309496386282 0.20570939899452273 0.20679059182775431 0.033655528695490114 0.018530480116788928 0.018636291490660772 -0.064069889964390989 0.069574486252146447 -0.062380288654568378 -0.0038570353260797526 -0.012365912759499387 0.048413090956440141 -0.057002485498116255 0.27520574599504471 0.034752666606352879 -0.068843957566580669 -0.016271865216975625 0.010632057373425279 0.24256072176309923 -0.00024048894019438368 -0.16176089572906494 -0.049474891833961011 0.068903615621766487 -0.05480539648483878 0.018052226994343605 0.14134357466344846 -0.0027385125138387561 0.070831543723276505 0.03132177979890912 0.13512683127640335 -0.066362378815108022
leaf_weight=747 31 29 378 1376 45 172 408 528 2694 431 283 258 20 26 148 2877 83 24 2759 25 44 67 253 356 53 157 48 640 61 69
leaf_count=747 31 29 378 1376 45 172 408 528 2694 431 283 258 20 26 148 2877 83 24 2759 25 44 67 253 356 53 157 48 640 61 69
internal_value=-0.000249088 0.0145466 0.00337353 0.0324839 -0.0121759 0.00194206 0.0303814 -0.0333399 -0.00742009 0.017008 0.00570048 -0.0180829 0.0423282 0.139297 0.00229455 -0.0112806 0.00578366 0.0626534 0.00384389 -0.0478928 -0.0371099 -0.00209138 -0.0193866 0.0325032 0.0849984 -0.0348159 0.0132937 0.0229299 0.0403547 0.0144768
internal_weight=15090 6735 4150 2585 8355 4121 2554 1533 6822 931 3832 1005 500 46 3549 5891 3244 107 3137 289 264 2761 3130 454 98 305 92 2146 701 1445
internal_count=15090 6735 4150 2585 8355 4121 2554 1533 6822 931 3832 1005 500 46 3549 5891 3244 107 3137 289 264 2761 3130 454 98 305 92 2146 701 1445
is_linear=0
shrinkage=0.05


Tree=49
num_leaves=31
num_cat=0
split_feature=1 7 2 11 13 12 1 12 12 14 2 11 11 13 11 1 7 11 10 1 9 11 12 11 4 9 11 4 9 9
split_gain=961.294 487.276 436.24 344.133 321.158 278.644 274.533 251.652 220.18 201.711 174.923 203.673 173.979 150.002 149.319 148.643 150.58 143.542 128.099 129.507 121.107 210.557 196.563 198.525 124.506 120.28 119.947 118.568 237.901 182.498
threshold=10.558333333333341 2.5000000000000004 8.1800000000000015 -7.5822294999999986 7.5950000000000006 616506.75000000012 17.971666666666682 -74142.756499999945 24120.819999999967 16.560000000000002 11.705000000000002 -2.1219025499999988 3.8305968000000008 15.445000000000002 -3.519042999999999 5.4016666666666726 1.0000000180025095e-35 4.0352475000000014 3025024.0000000005 17.583333333333339 19.107818500000004 3.4080502500000009 466495.35000000015 0.52932700000000044 -6.9599999999999991 6.7399292000000015 1.5063325000000003 -0.86000000000000021 7.157531800000001 30.382873500000006
decision_type=2 2 2 2 2 2 2 2 2 2 2 2 2 2 2 2 2 2 2 2 2 2 2 2 2 2 2 2 2 2
left_child=4 3 -3 25 8 9 20 10 -1 12 11 -6 13 -4 -15 -10 -17 -9 19 -7 22 24 23 -5 -22 -2 -21 29 -29 -8
right_child=1 2 5 6 7 18 27 17 15 -11 -12 -13 -14 14 -16 16 -18 -19 -20 26 21 -23 -24 -25 -26 -27 -28 28 -30 -31
leaf_value=-0.014889695463041678 0.084071167632937427 0.1964510624778682 0.0012568841784434629 0.033316443276877307 0.20815795623511077 -0.060866395493720249 0.055919649725547062 -0.0052453316353252705 -0.0725083447835395 0.067124958668136975 0.014281283109882409 0.045587890601849985 -0.032509733812278584 0.12652440558498104 0.021925080897412044 0.01935562136191038 -0.040227492442603985 -0.049455224227678687 -0.15367285139858722 -0.047001147947528146 0.15249943642743999 0.18006375934183599 -0.076015001302585011 -0.0059347932696184082 0.028973309702760904 0.25349113822660668 0.06728996673288444 -0.016729711154855938 0.10425284270364928 -0.095745448172092448
leaf_weight=2965 20 29 2704 753 25 172 96 3426 284 128 631 84 311 36 653 128 618 194 25 44 21 25 60 563 713 22 48 49 238 25
leaf_count=2965 20 29 2704 753 25 172 96 3426 284 128 631 84 311 36 653 128 618 194 25 44 21 25 60 563 713 22 48 49 238 25
internal_value=-0.000236633 0.0138192 0.00320485 0.0308597 -0.0115671 0.00184496 0.0285152 -0.00218349 -0.0218081 0.00541546 0.0243849 0.0828746 0.00328295 0.00656368 0.0273904 -0.0417237 -0.0300041 -0.00761459 -0.0454982 -0.0352544 0.0213336 0.0373677 0.0124892 0.0165243 0.0325074 0.172815 0.012629 0.0660958 0.0835973 0.0245839
internal_weight=15090 6735 4150 2585 8355 4121 2543 4360 3995 3832 740 109 3704 3393 689 1030 746 3620 289 264 2135 759 1376 1316 734 42 92 408 287 121
internal_count=15090 6735 4150 2585 8355 4121 2543 4360 3995 3832 740 109 3704 3393 689 1030 746 3620 289 264 2135 759 1376 1316 734 42 92 408 287 121
is_linear=0
shrinkage=0.05


Tree=50
num_leaves=31
num_cat=0
split_feature=1 2 0 7 12 5 11 12 0 11 13 11 5 13 12 9 12 7 12 9 1 2 13 9 5 9 1 9 10 9
split_gain=980.394 444.422 399.022 317.949 273.932 254.268 250.509 248.496 238.802 236.669 243.994 189.846 186.241 167.054 235.065 172.93 157.139 155.963 177.935 222.538 225.649 160.51 148.861 146.905 144.152 142.677 139.186 137.078 136.64 133.095
threshold=15.085000000000004 13.575000000000001 32.500000000000007 1.5000000000000002 14768.324500000004 0.047225502173822723 -8.1593934499999978 1355583.3900000001 11.500000000000002 0.60459940000000023 23.055000000000003 0.75517299999999932 0.1064396143475352 8.0050000000000008 -927955.52499999991 2.2684174000000001 51279.035000000011 3.5000000000000004 -615623.89999999979 20.121566500000004 0.2100000000000086 16.935000000000006 6.0050000000000008 5.8871612000000004 0.05142710283834228 23.683960000000003 9.4366666666666728 24.857635500000004 556593.65000000014 22.397857500000004
decision_type=2 2 2 2 2 2 2 2 2 2 2 2 2 2 2 2 2 2 2 2 2 2 2 2 2 2 2 2 2 2
left_child=1 6 4 9 17 -4 23 12 -8 10 16 -7 24 28 27 -16 -2 18 19 20 -3 -22 25 -1 -5 -6 -20 -15 -10 -13
right_child=3 2 5 7 22 11 8 -9 13 -11 -12 29 -14 14 15 -17 -18 -19 26 -21 21 -23 -24 -25 -26 -27 -28 -29 -30 -31
leaf_value=0.040224453638638219 0.072633899114431535 -0.042054133272419379 -0.0076362251616931658 -0.0092329569562099173 -0.058189577189398614 0.037138827012937199 -0.0087838856702921655 -0.059378693671373842 0.024542424140254575 0.014298712571710349 0.26544410601258278 -0.013336484872408903 0.094349954822345788 0.14097202973174197 0.079528961796313524 0.01711339057523284 0.21862731337547303 -0.020456690194651898 -0.013847038853668192 -0.042215302547341904 0.039798361593141013 0.15687089860300296 -0.019532603568000219 0.19975359644050952 0.02934235529948976 -0.014562584181925665 0.012582555123568743 0.025845561587683315 -0.031287794885779867 0.0514068466279963
leaf_weight=31 235 33 1778 296 707 778 1116 89 197 125 20 437 95 70 122 1228 20 2126 1692 57 52 67 1072 27 1332 255 706 41 247 97
leaf_count=31 235 33 1778 296 707 778 1116 89 197 125 20 437 95 70 122 1228 20 2126 1692 57 52 67 1072 27 1332 255 706 41 247 97
internal_value=0.000236918 -0.00502307 -0.0102027 0.0309979 -0.0170007 0.00468454 0.0115589 0.0220914 0.00958274 0.0713443 0.0972742 0.0213814 0.0262997 0.0203424 0.0285048 0.0227539 0.0840844 -0.0104059 -0.00220947 0.0420374 0.0736321 0.105713 -0.0323463 0.114488 0.0223287 -0.0466252 -0.00606585 0.0984478 -0.00651628 -0.00157599
internal_weight=15148 12936 9857 2212 6767 3090 3079 1812 3021 400 275 1312 1723 1905 1461 1350 255 4733 2607 209 152 119 2034 58 1628 962 2398 111 444 534
internal_count=15148 12936 9857 2212 6767 3090 3079 1812 3021 400 275 1312 1723 1905 1461 1350 255 4733 2607 209 152 119 2034 58 1628 962 2398 111 444 534
is_linear=0
shrinkage=0.05


Tree=51
num_leaves=31
num_cat=0
split_feature=1 11 9 4 1 2 11 4 3 12 4 3 12 1 10 4 7 9 1 3 2 9 12 1 3 7 9 4 10 11
split_gain=888.763 462.483 435.537 400.449 340.289 267.13 205.154 214.014 197.631 178.035 170.212 170.134 168.337 165.733 155.906 206.426 169.875 157.671 139.829 223.809 153.341 137.426 128.153 127.142 168.598 258.223 417.656 112.816 110.199 137.373
threshold=16.371666666666673 -8.1593934499999978 8.6774290000000018 3.3100000000000001 8.9400000000000102 18.035000000000004 3.8305968000000008 -1.4450000000000001 9.8750000000000018 355401.10000000003 -6.2849999999999993 9.6950000000000021 -387942.52999999985 5.6516666666666699 88783.675000000003 -9.1999999999999993 3.5000000000000004 4.2349700000000006 6.898333333333329 39.185000000000009 37.695000000000007 32.488892500000006 -84348.049999999916 21.530000000000005 10.625000000000002 2.5000000000000004 28.762573500000006 -1.7849999999999999 446448.96000000002 -1.4923249999999999
decision_type=2 2 2 2 2 2 2 2 2 2 2 2 2 2 2 2 2 2 2 2 2 2 2 2 2 2 2 2 2 2
left_child=1 2 -1 4 11 10 7 14 22 13 -2 -3 28 -5 17 -16 -17 -6 19 -14 -21 -10 -9 -12 -25 26 -26 -7 -13 -30
right_child=5 3 -4 9 6 27 -8 8 21 -11 23 12 18 -15 15 16 -18 -19 -20 20 -22 -23 -24 24 25 -27 -28 -29 29 -31
leaf_value=0.048622330643913969 0.17562481386493892 0.093216133000035048 0.29232583734714851 -0.062687640656303209 0.043547596254722404 0.10532067397778684 -0.028133682845664271 0.17388638046880564 -0.00088445523970937824 -0.05248830927146763 0.035343526707969364 0.046823138499620387 -0.044607453666534937 -0.012313746936583259 0.15431300813483229 0.046132502631170358 -0.012239558928740735 0.002809375100496963 -0.012152475975899931 0.10212903358750856 -0.060931206459090829 0.086966103534731609 0.038965753824308974 0.033318445448741671 0.070361396428887488 0.060537933698471859 0.36030834498612779 -0.011865901373007297 0.03565719609137908 -0.018794776805810123
leaf_weight=110 25 38 22 180 299 22 414 24 4142 432 953 154 705 1758 37 564 160 1155 2675 46 21 45 66 127 27 85 23 309 171 359
leaf_count=110 25 38 22 180 299 22 414 24 4142 432 953 154 705 1758 37 564 160 1155 2675 46 21 45 66 127 27 85 23 309 171 359
internal_value=0.000225073 -0.00389468 0.0892396 -0.00480905 -0.000817286 0.0358291 0.00599236 0.00816861 0.00163551 -0.0234626 0.0464815 -0.0120976 -0.0130663 -0.0169924 0.0207835 0.0391196 0.0332326 0.0111868 -0.0175624 -0.0363081 0.0510206 5.97232e-05 0.0749446 0.0438242 0.0746718 0.113575 0.203737 -0.00407707 0.00959184 -0.00122631
internal_weight=15148 13577 132 13445 11075 1571 6906 6492 4277 2370 1240 4169 4131 1938 2215 761 724 1454 3447 772 67 4187 90 1215 262 135 50 331 684 530
internal_count=15148 13577 132 13445 11075 1571 6906 6492 4277 2370 1240 4169 4131 1938 2215 761 724 1454 3447 772 67 4187 90 1215 262 135 50 331 684 530
is_linear=0
shrinkage=0.05


Tree=52
num_leaves=31
num_cat=0
split_feature=1 2 0 5 2 12 12 7 11 13 11 0 9 9 11 4 10 5 13 0 7 7 12 9 1 9 10 4 10 9
split_gain=805.022 372.486 357.797 283.263 225.853 213.301 211.598 191.352 195.703 192.618 182.52 166.177 292.001 223.464 149.953 137.841 169.402 132.423 132.422 131.606 125.874 152.154 142.049 272.763 170.619 155.65 148.578 123.284 119.075 171.308
threshold=15.221666666666676 13.575000000000001 31.500000000000004 0.054659744194175526 22.685000000000006 14768.324500000004 -1258124.3499999999 1.5000000000000002 0.60459940000000023 23.055000000000003 0.75517299999999932 28.500000000000004 20.236847000000001 7.457778900000001 2.0464936000000007 0.87500000000000011 1577289.7500000002 0.1064396143475352 16.150000000000002 25.500000000000004 3.5000000000000004 1.0000000180025095e-35 -615623.89999999979 20.121566500000004 6.5966666666666667 10.819717500000001 970804.90000000014 -0.22999999999999951 438684.73000000004 17.725753500000007
decision_type=2 2 2 2 2 2 2 2 2 2 2 2 2 2 2 2 2 2 2 2 2 2 2 2 2 2 2 2 2 2
left_child=1 6 5 19 10 20 28 8 9 15 -4 14 13 -13 -8 16 18 -9 -5 -2 21 -3 23 26 25 -24 -23 -7 -1 -30
right_child=3 2 4 7 -6 27 11 17 -10 -11 -12 12 -14 -15 -16 -17 -18 -19 -20 -21 -22 22 24 -25 -26 -27 -28 -29 29 -31
leaf_value=0.021085968128006376 -0.066709097696317207 -0.022596378891629035 0.029270314140169663 0.16938121428506242 -0.0098977575974223356 -0.011289307747675266 0.0083297471431463179 0.025547097032405437 0.016479623706062447 0.24704697540961207 -0.0034306741942862701 0.068436758912866935 0.091300379336238482 -0.025156402434467484 -0.024920417545143764 0.17168394888977748 -0.052244208351923872 0.08678155096737962 0.058119213616905308 0.005820429334785826 -0.019301175193636666 0.041573193664357189 0.057602271378040318 -0.048174767500283766 0.0050824313117501692 -0.081217791016346644 0.15849097131238299 -0.038418635304951286 0.22350080403685571 0.058190051395268672
leaf_weight=56 74 700 1074 36 1533 611 2138 1250 106 20 708 96 156 190 403 37 26 95 104 404 2073 61 25 49 1571 105 49 1331 25 42
leaf_count=56 74 700 1074 36 1533 611 2138 1250 106 20 708 96 156 190 403 37 26 95 104 404 2073 61 25 49 1571 105 49 1331 25 42
internal_value=0.000213819 -0.00447661 -0.00922037 0.0285395 0.00417319 -0.0159732 0.0106283 0.038233 0.0724129 0.0990001 0.016278 0.00797826 0.0362739 0.00625948 0.00305631 0.0844142 0.0649625 0.0298722 0.0867294 -0.00540799 -0.0101426 -0.0027263 0.00475169 0.0499463 0.000527154 -0.0545216 0.0936547 -0.0298831 0.0748969 0.119873
internal_weight=15148 12996 9890 2152 3315 6575 3106 1674 329 223 1782 2983 442 286 2541 203 166 1345 140 478 4633 2560 1860 159 1701 130 110 1942 123 67
internal_count=15148 12996 9890 2152 3315 6575 3106 1674 329 223 1782 2983 442 286 2541 203 166 1345 140 478 4633 2560 1860 159 1701 130 110 1942 123 67
is_linear=0
shrinkage=0.05


Tree=53
num_leaves=31
num_cat=0
split_feature=1 11 3 4 1 2 3 11 4 0 12 10 4 7 3 10 1 3 7 10 4 1 2 1 4 10 0 11 7 10
split_gain=734.476 402.238 332.77 331.744 292.143 218.577 201.807 167.076 176.165 163.586 158.388 156.58 148.941 145.197 133.994 113.392 110.057 155.123 226.264 196.263 106.702 157.629 103.808 166.878 101.217 98.0942 139.159 115.567 96.712 96.0285
threshold=16.371666666666673 -8.1593934499999978 14.705000000000002 3.3100000000000001 9.3266666666666769 18.035000000000004 9.6950000000000021 3.8305968000000008 -1.6100000000000001 26.500000000000004 -348799.4499999999 2572698.8500000006 -6.2849999999999993 2.5000000000000004 9.8750000000000018 2016128.6000000003 21.530000000000005 10.625000000000002 2.5000000000000004 679930.75000000012 -22.014999999999997 2.8000000000000003 11.705000000000002 28.088333333333335 -1.7849999999999999 446448.96000000002 20.500000000000004 -1.2297055000000003 3.5000000000000004 112425.79000000002
decision_type=2 2 2 2 2 2 2 2 2 2 2 2 2 2 2 2 2 2 2 2 2 2 2 2 2 2 2 2 2 2
left_child=1 2 9 4 6 12 -3 8 29 -1 25 -5 -2 20 -10 -15 -14 22 19 -19 -12 -22 23 -18 -7 26 -8 28 -27 -6
right_child=5 3 -4 11 7 24 10 -9 14 -11 13 -13 16 15 -16 -17 17 18 -20 -21 21 -23 -24 -25 -26 27 -28 -29 -30 -31
leaf_value=0.10844190274675687 0.16301005610823632 0.09780594768912293 0.020320874445117366 -0.017439306962762493 0.013294671929078178 0.10009329779581591 0.095307694365308712 -0.025777275772929181 0.064679277684977818 0.29039443021728878 0.098017662732551497 -0.063362848923399384 0.031829362301447145 -0.021526513934092793 0.0012294652323762494 -0.062342489596630912 0.016976522900304707 0.073723313478486874 0.056089601987315454 0.27443195900012712 -0.056304322624175701 -0.0043806257629262482 -0.026429399585022648 0.17825427494295265 -0.010905870382333458 0.057854909403249624 0.0043139729535940918 -0.015859205870302633 -0.010456064852240328 0.037602009105014982
leaf_weight=30 25 43 81 2167 1250 22 73 380 85 21 24 203 953 1496 3947 192 53 21 85 29 157 2118 51 23 309 126 99 395 88 602
leaf_count=30 25 43 81 2167 1250 22 73 380 85 21 24 203 953 1496 3947 192 53 21 85 29 157 2118 51 23 309 126 99 395 88 602
internal_value=0.000203128 -0.00354201 0.0833146 -0.00439475 -0.00076151 0.0325696 -0.0100278 0.00635534 0.00843052 0.183364 -0.0110003 -0.0213728 0.0422054 -0.0150336 0.00256707 -0.0261691 0.0397197 0.06842 0.105736 0.190134 -0.00685756 -0.00796393 0.0287536 0.0657843 -0.00352828 0.00958994 0.0429334 0.00017274 0.0297644 0.0211959
internal_weight=15148 13577 132 13445 11075 1571 4811 6264 5884 51 4768 2370 1240 3987 4032 1688 1215 262 135 50 2299 2275 127 76 331 781 172 609 214 1852
internal_count=15148 13577 132 13445 11075 1571 4811 6264 5884 51 4768 2370 1240 3987 4032 1688 1215 262 135 50 2299 2275 127 76 331 781 172 609 214 1852
is_linear=0
shrinkage=0.05


Tree=54
num_leaves=31
num_cat=0
split_feature=1 11 9 4 1 12 12 11 5 4 9 12 7 9 4 0 7 3 13 11 9 12 7 11 11 13 0 13 5 13
split_gain=662.865 363.02 363.238 299.921 265.214 207.69 176.918 189.916 173.173 206.568 164.004 163.308 162.073 152.83 253.225 159.957 164.497 178.573 146.616 146.001 145.596 142.917 137.353 120.601 118.552 138.495 115.734 121.075 125.733 110.438
threshold=16.371666666666673 -8.1593934499999978 8.6774290000000018 3.0900000000000021 8.7933333333333419 2079917.1500000001 -1139563.7499999998 -1.0962828499999999 0.1064396143475352 -3.605 4.7802733500000008 24120.819999999967 1.5000000000000002 19.571395500000005 -8.3149999999999959 25.500000000000004 1.0000000180025095e-35 11.695000000000002 25.930000000000003 -0.90946950000000004 26.536346500000004 537667.95000000007 3.5000000000000004 -0.97532699999999994 -1.7185214999999994 16.355000000000004 30.500000000000004 8.8050000000000015 0.045819015196588132 16.355000000000004
decision_type=2 2 2 2 2 2 2 2 2 2 2 2 2 2 2 2 2 2 2 2 2 2 2 2 2 2 2 2 2 2
left_child=1 2 -1 4 12 8 7 -6 19 -10 29 20 26 24 -15 -16 -17 -18 -11 22 -5 -14 -2 -19 25 -12 -3 28 -28 -8
right_child=5 3 -4 11 6 -7 10 -9 9 18 13 -13 21 14 15 16 17 23 -20 -21 -22 -23 -24 -25 -26 -27 27 -29 -30 -31
leaf_value=0.042055727409791542 0.018056619950793048 -0.0054690482660816999 0.26461474026384002 -0.013768246194539483 0.03578968380632646 -0.099354810963074372 0.01804154076920611 0.21106579482555388 0.23716541780158878 0.026210683419719924 0.012134092317505785 -0.036185077979344192 -0.018308610690615682 0.18721085347235203 -0.0038550399904431522 0.059725628239820056 0.11628196479286999 -0.045664185246512778 0.15981813497575267 0.037102894101937477 0.04909732223925542 -0.088208921160548931 -0.05714339257853969 0.014194105365463226 -0.012232541882429646 -0.12093903563916684 0.016124277019903797 -0.0018418367498519797 0.11764273599675688 0.095453863466779393
leaf_weight=110 234 1536 22 1530 68 30 1147 20 20 77 873 937 1933 20 1275 228 40 93 28 1100 98 76 82 884 2362 20 61 135 61 48
leaf_count=110 234 1536 22 1530 68 30 1147 20 20 77 873 937 1933 20 1275 228 40 93 28 1100 98 76 82 884 2362 20 61 135 61 48
internal_value=0.000192972 -0.00336491 0.0791489 -0.00417501 -0.000549053 0.0309411 0.00517237 0.0756252 0.0334777 0.0898915 0.00428541 -0.0195553 -0.0112004 0.000807524 0.00999944 0.008593 0.021341 0.0127356 0.0618393 0.0284977 -0.00998396 -0.0209529 -0.00145731 0.00849623 -0.00636528 0.00915373 -0.000272905 0.0307826 0.0668835 0.021151
internal_weight=15148 13577 132 13445 10880 1571 7078 88 1541 125 6990 2565 3802 5795 2540 2520 1245 1017 105 1416 1628 2009 316 977 3255 893 1793 257 122 1195
internal_count=15148 13577 132 13445 10880 1571 7078 88 1541 125 6990 2565 3802 5795 2540 2520 1245 1017 105 1416 1628 2009 316 977 3255 893 1793 257 122 1195
is_linear=0
shrinkage=0.05


Tree=55
num_leaves=31
num_cat=0
split_feature=0 9 5 4 0 5 10 3 11 9 3 9 9 12 9 10 0 13 3 13 14 4 10 3 11 11 4 3 12 7
split_gain=615.911 626 495.303 407.779 293.093 283.277 265.357 248.463 167.902 155.096 154.066 153.956 150.95 184.087 168.317 166.881 132.805 132.639 121.609 119.04 132.357 111.299 108.241 106.788 106.347 127.197 100.469 112.014 98.7064 97.2404
threshold=30.500000000000004 27.386459500000004 0.06186204972538021 -6.4950000000000001 44.500000000000007 0.11897682747295471 2655043.4000000004 8.1800000000000015 -2.2254333999999987 3.2372894500000005 11.215000000000002 32.147735500000003 19.571395500000005 -1139563.7499999998 14.633026000000003 1478159.0000000002 25.500000000000004 19.535000000000004 20.535000000000004 9.7150000000000016 17.785000000000004 -15.5 100466.28500000002 36.580000000000005 -1.8116303 -0.63258350000000074 -17.799999999999994 18.745000000000001 -1090546.2299999997 3.5000000000000004
decision_type=2 2 2 2 2 2 2 2 2 2 2 2 2 2 2 2 2 2 2 2 2 2 2 2 2 2 2 2 2 2
left_child=2 4 6 -3 7 10 12 -2 -9 -10 -4 24 13 23 15 22 18 -13 -8 20 -12 -14 -15 -1 -5 -26 -16 -28 -21 -24
right_child=1 3 5 11 -6 -7 16 8 9 -11 19 17 21 14 26 -17 -18 -19 -20 28 -22 -23 29 -25 25 -27 27 -29 -30 -31
leaf_value=0.076058255280435527 0.15435584004247382 0.24963194773773903 0.021194544294297308 0.13614664802948634 -0.017926797300742061 0.14428850054740905 -0.12597599233141041 0.035717458481483076 0.058643708610246682 0.0049649807554034116 -0.0099536191721949566 0.056690723779187963 0.11278851591050626 -0.012157027843250776 0.044066900219768286 0.0076224524361552101 -0.028431392481089918 0.23236946935455005 -0.049822759491588001 0.080641263847549771 0.1160756065731957 -0.0059070052067958815 -0.022584948062043017 -0.048346390380807548 -0.037421642985118901 0.046954643189011484 -0.02870360578362012 -0.067061170870043998 0.0056960303681358061 -0.067098427588730941
leaf_weight=69 31 27 844 30 933 35 101 631 141 2949 2614 22 20 492 30 465 186 21 109 45 21 1579 240 23 49 505 356 409 1854 251
leaf_count=69 31 27 844 30 933 35 101 631 141 2949 2614 22 20 492 30 465 186 21 109 45 21 1579 240 23 49 505 356 409 1854 251
internal_value=-0.000100612 0.0135489 -0.0075803 0.0593729 0.00715209 0.00250257 -0.020185 0.0133884 0.012214 0.0074144 0.00157983 0.0511799 -0.0162579 -0.0243629 -0.0272062 -0.0170573 -0.0591982 0.142487 -0.0864488 -0.00207143 -0.00894921 -0.00442238 -0.0287318 0.0449571 0.0444569 0.0394918 -0.0456912 -0.0492111 0.00747198 -0.0453403
internal_weight=15082 5339 9743 654 4685 5413 4330 3752 3721 3090 5378 627 3934 2335 2243 1448 396 43 210 4534 2635 1599 983 92 584 554 795 765 1899 491
internal_count=15082 5339 9743 654 4685 5413 4330 3752 3721 3090 5378 627 3934 2335 2243 1448 396 43 210 4534 2635 1599 983 92 584 554 795 765 1899 491
is_linear=0
shrinkage=0.05


Tree=56
num_leaves=31
num_cat=0
split_feature=0 9 5 4 0 5 10 3 11 9 9 3 12 4 7 9 1 1 12 3 10 7 12 14 7 7 7 10 12 2
split_gain=555.86 564.965 447.011 368.02 264.516 255.658 242.974 224.238 153.753 153.276 140.478 139.044 138.86 200.746 141.169 141.105 137.681 134.72 127.796 139.215 122.378 119.836 124.389 104.634 106.125 101.028 212.949 120.709 98.1822 98.2641
threshold=30.500000000000004 27.386459500000004 0.06186204972538021 -6.4950000000000001 44.500000000000007 0.11897682747295471 2902472.5000000005 8.1800000000000015 -1.4594422 22.799347000000001 32.488892500000006 11.215000000000002 -348799.4499999999 -22.014999999999997 3.5000000000000004 13.110717750000001 16.936666666666671 6.898333333333329 -1090546.2299999997 19.835000000000004 191616.00000000003 1.0000000180025095e-35 948047.67500000016 17.785000000000004 2.5000000000000004 1.5000000000000002 1.0000000180025095e-35 846345.81000000017 7319.502000000014 10.275
decision_type=2 2 2 2 2 2 2 2 2 2 2 2 2 2 2 2 2 2 2 2 2 2 2 2 2 2 2 2 2 2
left_child=2 4 6 -3 7 11 9 -2 25 12 -5 -4 14 -14 -1 -15 21 -13 19 -19 -17 -10 -23 24 -20 26 -9 -28 29 -26
right_child=1 3 5 10 -6 -7 -8 8 16 -11 -12 17 13 15 -16 20 -18 18 23 -21 -22 22 -24 -25 28 -27 27 -29 -30 -31
leaf_value=0.039376390990972357 0.14663804640182324 0.23715035197911441 0.020134817247093609 0.043797949930085213 -0.017030457391929293 0.13707407496603471 -0.06662254389522114 0.007758015818035347 0.026847199434113483 -0.0014617568455398556 0.1647573312819004 -0.033727550144543893 0.12696694064707983 -0.015136838833944795 -0.021532666959575619 -0.022196663533847576 0.031671946869959687 0.024635997911294304 0.007094364661380418 0.16295634353452404 -0.052755740530903907 -0.0025664051975229688 -0.1278902852907777 0.1102718276636941 0.061395274258185445 0.018534814950079092 0.076957261756873674 0.20404223107140174 -0.030106020581532212 -0.0059139854854250613
leaf_weight=170 31 27 844 602 933 35 254 128 379 1229 25 311 21 1111 216 586 435 87 1884 23 743 1975 20 21 56 638 124 22 443 1709
leaf_count=170 31 27 844 602 933 35 254 128 379 1229 25 311 21 1111 216 586 435 87 1884 23 743 1975 20 21 56 638 124 22 443 1709
internal_value=-9.55816e-05 0.0128714 -0.00720128 0.0564042 0.00679448 0.00237744 -0.0191758 0.012719 0.0116033 -0.0162191 0.0486209 0.00150084 -0.0225896 -0.0269628 0.00529257 -0.0282876 0.00581201 -0.00196786 0.00037106 0.0535575 -0.0392812 0.00107356 -0.00382278 -0.00105138 -0.00162269 0.0294406 0.0548345 0.0961071 -0.00906061 -0.00377839
internal_weight=15082 5339 9743 654 4685 5413 4330 3752 3721 4076 627 5378 2847 2461 386 2440 2809 4534 4223 110 1329 2374 1995 4113 4092 912 274 146 2208 1765
internal_count=15082 5339 9743 654 4685 5413 4330 3752 3721 4076 627 5378 2847 2461 386 2440 2809 4534 4223 110 1329 2374 1995 4113 4092 912 274 146 2208 1765
is_linear=0
shrinkage=0.05


Tree=57
num_leaves=31
num_cat=0
split_feature=0 9 5 4 2 5 10 11 3 1 4 7 12 9 12 9 13 9 9 12 10 12 4 0 1 11 10 1 12 11
split_gain=501.664 516.495 403.427 291.874 284.574 230.731 219.284 182.824 182.218 187.326 165.868 303.709 161.755 142.743 181.9 148.02 132.488 123.856 123.979 122.3 115.061 112.448 110.389 108.417 99.1824 110.727 97.8951 105.976 94.7519 113.475
threshold=30.500000000000004 29.123154000000003 0.06186204972538021 -6.4950000000000001 20.665000000000003 0.11897682747295471 2902472.5000000005 -2.9232479999999996 13.035000000000002 16.798333333333343 0.67500000000000082 2.5000000000000004 125462.20499999997 19.435943500000004 -1139563.7499999998 14.633026000000003 9.7150000000000016 3.6372528000000002 21.782089500000001 -526510.39999999967 1478159.0000000002 -57636.595000000023 -17.799999999999994 46.500000000000007 17.071666666666673 1.1644440000000007 100466.28500000002 11.180000000000012 713066.36000000022 0.50860600000000045
decision_type=2 2 2 2 2 2 2 2 2 2 2 2 2 2 2 2 2 2 2 2 2 2 2 2 2 2 2 2 2 2
left_child=2 4 6 -3 7 16 13 8 9 -2 12 -12 -5 14 -1 20 -4 -9 24 -18 26 -20 -17 -6 25 -19 -16 -28 -22 -30
right_child=1 3 5 10 23 -7 -8 17 -10 -11 11 -13 -14 -15 15 22 19 18 21 -21 28 -23 -24 -25 -26 -27 27 -29 29 -31
leaf_value=0.04772104727072192 0.21815659826275924 0.24768745445392351 -0.005704605144598484 0.011300924989336637 -0.00085395482717945121 0.13022037363478117 -0.063291416458022873 0.054293487363840258 0.036423088941130603 0.039739886019378903 0.23877279726439157 0.056514261061092842 0.12100650551479444 -0.0042451812354409677 -0.010703436778052626 0.046625090721521927 0.05411045295752686 0.0096845145172630362 -0.0095923204407788436 0.0072089966938560972 0.012443673698550478 0.038316305203837137 -0.046718522796861187 -0.033312404536707203 0.033731444747224615 -0.019820890337017748 -0.032089256455565728 -0.095308844587187982 0.0063357081491914064 -0.11276224236935378
leaf_weight=87 31 22 2946 168 1923 35 254 178 268 28 32 80 42 1682 492 33 148 786 156 2284 422 570 788 297 224 534 412 79 45 36
leaf_count=87 31 22 2946 168 1923 35 254 178 268 28 32 80 42 1682 492 33 148 786 156 2284 422 570 788 297 224 534 412 79 45 36
internal_value=-9.08026e-05 0.0122279 -0.00684122 0.0714879 0.00814668 0.00225857 -0.018217 0.0188211 0.0539357 0.133484 0.0594494 0.108588 0.033242 -0.0154081 -0.0232511 -0.0259276 0.0014258 0.0141306 0.0109812 0.0100632 -0.0165137 0.0280219 -0.0429666 -0.00519637 0.0029686 -0.00225176 -0.0264662 -0.042261 0.00293618 -0.0465967
internal_weight=15082 5339 9743 344 4995 5413 4330 2775 327 59 322 112 210 4076 2394 2307 5378 2448 2270 2432 1486 726 821 2220 1544 1320 983 491 503 81
internal_count=15082 5339 9743 344 4995 5413 4330 2775 327 59 322 112 210 4076 2394 2307 5378 2448 2270 2432 1486 726 821 2220 1544 1320 983 491 503 81
is_linear=0
shrinkage=0.05


Tree=58
num_leaves=31
num_cat=0
split_feature=0 9 5 4 11 0 5 10 9 11 1 1 14 7 3 1 12 0 9 7 3 12 12 3 14 3 12 7 9 1
split_gain=452.751 466.763 364.093 260.725 216.49 216.009 208.235 199.294 163.703 151.788 149.079 144.921 127.99 150.19 139.912 128.456 125.213 118.633 115.44 112.386 110.547 107.634 106.085 125.134 101.497 98.632 99.9322 142.863 111.221 106.633
threshold=30.500000000000004 26.631515000000004 0.06186204972538021 -6.2849999999999993 -1.8116303 46.500000000000007 0.11897682747295471 2655043.4000000004 32.147735500000003 -1.4594422 19.498333333333338 16.936666666666671 17.785000000000004 5.5000000000000009 11.215000000000002 6.898333333333329 -211014.54999999996 25.500000000000004 22.799347000000001 1.0000000180025095e-35 20.535000000000004 948047.67500000016 -1090546.2299999997 19.685000000000006 10.035000000000002 43.435000000000009 -348799.4499999999 3.5000000000000004 13.110717750000001 5.1666666666666679
decision_type=2 2 2 2 2 2 2 2 2 2 2 2 2 2 2 2 2 2 2 2 2 2 2 2 2 2 2 2 2 2
left_child=2 5 7 -3 -5 9 12 18 16 -2 -10 19 13 14 24 -16 -6 20 25 -11 -9 -21 23 -17 -4 26 27 -1 -28 -30
right_child=1 3 6 4 8 -7 -8 17 10 11 -12 -13 -14 -15 15 22 -18 -19 -20 21 -22 -23 -24 -25 -26 -27 28 -29 29 -31
leaf_value=0.039666660104961296 0.024565648527833512 0.1882602623393459 0.017110660348477035 0.16209590746888092 -0.061518389343594521 -0.03537328032452277 0.12370935282536916 -0.11455818232480844 0.036716458946466447 0.022408214503771583 0.22511734047106335 0.029981367227387996 0.10994275863523838 -0.0287440091633617 -0.031725484957783733 0.022188168389394004 0.034131961575105278 -0.022037072677505754 -0.00089664957311653493 -0.0048465189947505677 -0.041950947429062031 -0.12134553320240229 0.00062003072080904541 0.1514755635522306 0.081082992491257555 0.060451014636476577 -0.012717007192959838 -0.023258672815413689 -0.067974937649731018 -0.028241794005313726
leaf_weight=157 1060 31 703 35 36 305 35 101 21 415 21 421 27 398 304 85 690 186 1190 2284 109 20 3769 24 68 38 1080 212 201 1056
leaf_count=157 1060 31 703 35 36 305 35 101 21 415 21 421 27 398 304 85 690 186 1190 2284 109 20 3769 24 68 38 1080 212 201 1056
internal_value=-8.62624e-05 0.0116165 -0.00649916 0.0459764 0.0404835 0.00525548 0.00214564 -0.0173062 0.0349413 0.0082059 0.130917 0.00268319 0.00135451 0.000806593 0.00318114 -0.000427127 0.029389 -0.051116 -0.0139028 -0.00154356 -0.0768716 -0.0058578 0.00202638 0.0506551 0.0227528 -0.0195433 -0.0206666 0.00351444 -0.0244847 -0.0345953
internal_weight=15082 5339 9743 834 803 4505 5413 4330 768 4200 42 3140 5378 5351 4953 4182 726 396 3934 2719 210 2304 3878 109 771 2744 2706 369 2337 1257
internal_count=15082 5339 9743 834 803 4505 5413 4330 768 4200 42 3140 5378 5351 4953 4182 726 396 3934 2719 210 2304 3878 109 771 2744 2706 369 2337 1257
is_linear=0
shrinkage=0.05


Tree=59
num_leaves=31
num_cat=0
split_feature=0 12 5 5 1 7 3 14 11 3 2 7 13 11 0 10 11 13 4 12 7 7 14 11 4 10 1 3 11 3
split_gain=413.728 416.417 412.436 276.646 200.775 173.352 175.441 153.249 150.746 218.753 149.427 142.035 184.881 134.509 133.201 130.747 196.875 121.688 150.781 136.057 110.794 103.945 101.528 96.7191 132.282 96.3981 95.7178 94.6174 88.6415 97.7244
threshold=25.500000000000004 18814.695000000011 0.051007396788393895 0.11897682747295471 10.716666666666676 3.5000000000000004 9.0150000000000023 9.6950000000000021 -8.1593934499999978 20.025000000000002 27.690000000000001 1.0000000180025095e-35 13.005000000000001 -1.762634 35.500000000000007 1237021.3500000003 1.5319672499999999 24.145000000000003 1.6449999999999998 7319.502000000014 5.5000000000000009 1.0000000180025095e-35 14.585000000000003 -1.3700563499999996 -9.1999999999999993 1467816.5000000002 7.2216666666666685 10.275 4.0352475000000014 17.065000000000001
decision_type=2 2 2 2 2 2 2 2 2 2 2 2 2 2 2 2 2 2 2 2 2 2 2 2 2 2 2 2 2 2
left_child=1 3 21 4 10 6 13 -7 9 -8 -1 12 23 -4 25 16 -6 -10 19 -19 -9 -2 -22 24 -3 -15 -13 -17 29 -23
right_child=2 11 5 -5 15 7 8 20 17 -11 -12 26 -14 14 -16 27 -18 18 -20 -21 22 28 -24 -25 -26 -27 -28 -29 -30 -31
leaf_value=-0.0062578818020154556 0.018461387797638222 -0.16566122222691776 0.16372578829908982 0.16774734351783993 0.028592364456501991 -0.0070052842293468936 0.23860569320619107 0.0052361138205982271 0.02042507863414765 0.01865529827773571 -0.061892871132060406 -0.064800198570506659 0.14198666093024342 -0.062147513473475427 0.14460825813778985 0.071266111750155695 -0.0096099633825449723 0.069806819719008428 -0.021925657537990605 0.21693092215467585 0.032068371885589191 0.023432930639887953 0.10484297562312957 0.010756751304635636 -0.018343349209385452 0.080687033349559428 -0.029807681198322878 -0.044893156264213405 -0.04649271157658881 -0.009876440827347387
leaf_weight=4522 405 20 39 24 1077 889 20 267 2249 26 124 231 22 27 24 20 491 55 29 22 175 245 66 195 64 21 1269 142 147 2175
leaf_count=4522 405 20 39 24 1077 889 20 267 2249 26 124 231 22 27 24 20 491 55 29 22 175 245 66 195 64 21 1269 142 147 2175
internal_value=-8.19493e-05 -0.00766756 0.00895883 -0.00169077 -0.00232856 0.0196325 0.0274847 0.0055132 0.0246436 0.114286 -0.00774276 -0.0289066 0.00243878 0.0889401 0.0484312 0.0122115 0.0166298 0.0228926 0.0752454 0.111842 0.0274206 -0.00508 0.0519983 -0.00856499 -0.053419 0.000342601 -0.0351965 -0.0305525 -0.00879416 -0.00650421
internal_weight=15082 8201 6881 6400 6376 3909 2512 1397 2401 46 4646 1801 301 111 72 1730 1568 2355 106 77 508 2972 241 279 84 48 1500 162 2567 2420
internal_count=15082 8201 6881 6400 6376 3909 2512 1397 2401 46 4646 1801 301 111 72 1730 1568 2355 106 77 508 2972 241 279 84 48 1500 162 2567 2420
is_linear=0
shrinkage=0.05


Tree=60
num_leaves=31
num_cat=0
split_feature=9 11 0 10 10 1 11 3 11 12 9 2 11 4 5 1 9 11 3 12 3 10 10 14 9 12 1 12 12 3
split_gain=398.77 395.758 277.967 275.152 216.267 204.735 267.137 185.468 157.444 168.498 153.996 145.549 128.197 124.512 117.714 116.365 135.878 137.66 128.849 152.796 142.802 124.951 122.26 151.63 115.037 109.773 105.143 234.632 103.797 101.398
threshold=27.386459500000004 2.8841705000000002 32.500000000000007 2613666.6500000004 1251522.0000000002 10.243333333333345 -8.1593934499999978 14.555000000000001 4.1361540000000003 381736.44999999995 30.953628500000004 12.405000000000003 -1.9543765999999982 -12.17 0.03463203447107914 18.711666666666673 8.4241635000000006 1.4291234999999995 10.275 -3616.6450000000036 13.195000000000002 597135.70000000007 217987.26500000004 0.015000000000000001 11.730713000000002 -348799.4499999999 14.453333333333338 -140751.00999999986 -1090546.2299999997 39.185000000000009
decision_type=2 2 2 2 2 2 2 2 2 2 2 2 2 2 2 2 2 2 2 2 2 2 2 2 2 2 2 2 2 2
left_child=3 2 10 5 -4 14 7 -7 9 15 12 -6 -2 -5 -1 16 17 22 19 -18 -20 -17 -8 -24 -10 -16 -14 -28 -22 -27
right_child=1 -3 4 13 11 6 8 -9 24 -11 -12 -13 26 -15 25 21 18 -19 20 -21 28 -23 23 -25 -26 29 27 -29 -30 -31
leaf_value=-0.027914839560213213 0.073458653289911358 0.18761765440512035 0.034089382473577623 0.070164061872207598 0.17417238980818253 0.22048711652557054 0.032602066722577434 0.027735635165411693 -0.053582639947987391 -0.02539946946769189 0.029712529835479829 0.05343218691026172 -0.0057905315542000763 -0.049535671206386002 0.010999653269743974 0.027029259227252064 0.15326153150449195 -0.0079896022664466635 -0.024423425005522664 0.0014158686975369583 0.090883388151140776 0.12642051113976374 0.018435711689281886 -0.071472811834378688 0.0012375139857936195 -0.0084265131129973355 -0.15130747861640401 -0.0033105801476139419 0.0029527361227415596 0.096778709839513199
leaf_weight=635 43 36 404 23 52 24 1112 26 196 390 395 48 487 392 885 260 30 390 527 37 34 36 162 66 187 5437 43 71 2603 23
leaf_count=635 43 36 404 23 52 24 1112 26 196 390 395 48 487 392 885 260 30 390 527 37 34 36 162 66 187 5437 43 71 2603 23
internal_value=-3.49077e-05 0.0237378 0.0199143 -0.00282059 0.0503846 -0.00154696 0.00516069 0.120256 0.00420633 0.00631043 0.0051337 0.116217 -0.00994183 -0.0429017 -0.00738972 0.00866288 0.0068458 0.0181543 0.000790806 0.0694065 -0.00066218 0.0391174 0.0257633 -0.00759044 -0.0268167 -0.00533559 -0.0159089 -0.059134 0.00408646 -0.00798334
internal_weight=15054 1579 1543 13475 504 13060 6080 50 6030 5647 1039 100 644 415 6980 5257 4961 1730 3231 67 3164 296 1340 228 383 6345 601 114 2637 5460
internal_count=15054 1579 1543 13475 504 13060 6080 50 6030 5647 1039 100 644 415 6980 5257 4961 1730 3231 67 3164 296 1340 228 383 6345 601 114 2637 5460
is_linear=0
shrinkage=0.05


Tree=61
num_leaves=31
num_cat=0
split_feature=9 11 0 5 11 9 3 12 1 11 3 0 9 13 0 11 1 9 11 12 1 3 12 12 9 11 11 9 2 1
split_gain=359.89 357.172 250.866 245.686 251.687 187.92 181.268 180.329 207.419 220.999 167.385 140.549 138.981 125.761 124.825 115.698 106.013 128.447 114.378 103.258 116.685 101.879 101.188 100.466 166.859 99.6671 107.946 159.985 98.5713 97.1189
threshold=27.386459500000004 2.8841705000000002 32.500000000000007 0.033823777939368187 4.0352475000000014 31.835983000000002 8.1800000000000015 372394.45000000007 10.276666666666673 -8.1593934499999978 14.555000000000001 25.500000000000004 30.953628500000004 20.935000000000006 19.500000000000004 -1.9543765999999982 18.711666666666673 8.4241635000000006 1.4291234999999995 -1612356.5549999997 2.3316666666666674 39.185000000000009 -2220763.9749999996 -1090546.2299999997 18.875198500000003 3.141601000000001 -0.089218000000000672 22.946487500000003 23.085000000000004 15.628333333333343
decision_type=2 2 2 2 2 2 2 2 2 2 2 2 2 2 2 2 2 2 2 2 2 2 2 2 2 2 2 2 2 2
left_child=3 2 12 14 6 13 -5 8 19 10 -10 28 15 -4 -1 -2 17 18 -11 20 -8 -21 -22 24 -19 26 -18 -28 -9 -17
right_child=1 -3 5 4 -6 -7 7 11 9 16 -12 -13 -14 -15 -16 29 25 23 -20 21 22 -23 -24 -25 -26 -27 27 -29 -30 -31
leaf_value=-0.084147690990190399 0.069785720005977978 0.17823676704946492 0.030995436541696453 0.076858083729465052 -0.030480968830597272 0.19428702436742329 -0.027581150979613479 -0.051226228713513747 0.20946276259298124 0.024716889777054982 0.026348852710081985 -0.0011226188770311976 0.028226903387333586 0.1034712273787175 -0.021349794944568672 -0.0067887996229003631 0.014119513623314206 0.13374549393142973 -0.006574350589125727 -0.0058850787426763668 0.13703923371354385 0.06726740958789984 0.030386860397474732 -0.0007176700212635557 -0.044531310030392242 -0.056792746769264338 0.047442229707358466 0.17456471090713011 0.008653611894918695 -0.063642549658702183
leaf_weight=87 43 36 413 78 676 21 46 378 24 1320 26 452 395 70 875 513 123 35 375 5651 35 48 61 2923 21 25 99 33 84 88
leaf_count=87 43 36 413 78 676 21 46 378 24 1320 26 452 395 70 875 513 123 35 375 5651 35 48 61 2923 21 25 99 33 84 88
internal_value=-3.31623e-05 0.0225509 0.0189186 -0.00267956 -0.000807574 0.0478653 0.000887046 0.000383114 0.00218064 0.00965139 0.114244 -0.0209453 0.00487701 0.0414992 -0.027029 -0.00944474 0.00859576 0.00680554 0.017794 -0.00421957 0.037896 -0.00526895 0.0692705 0.000553268 0.0668917 0.0384796 0.0478201 0.0792229 -0.040339 -0.0151135
internal_weight=15054 1579 1543 13475 12513 504 11837 11759 10845 5004 50 914 1039 483 962 644 4954 4674 1695 5841 142 5699 96 2979 56 280 255 132 462 601
internal_count=15054 1579 1543 13475 12513 504 11837 11759 10845 5004 50 914 1039 483 962 644 4954 4674 1695 5841 142 5699 96 2979 56 280 255 132 462 601
is_linear=0
shrinkage=0.05


Tree=62
num_leaves=31
num_cat=0
split_feature=0 9 11 12 0 2 9 9 11 12 12 3 3 7 1 11 2 10 11 7 12 9 7 1 4 0 9 10 4 4
split_gain=334.853 367.376 319.708 263.422 192.253 167.84 144.045 140.548 138.813 133.204 146.024 129.875 129.174 129.027 150.613 131.242 173.881 128.942 115.138 132.02 182.87 178.818 151.177 114.578 190.953 154.344 121.132 112.152 125.177 115.121
threshold=25.500000000000004 27.386459500000004 2.8841705000000002 3800.8150000000173 46.500000000000007 27.415000000000003 6.1808015000000012 21.524780500000002 -2.8648379999999993 -317715.57000000001 -400489.24999999994 10.715000000000002 11.295000000000002 1.0000000180025095e-35 20.255000000000006 0.045898499999999849 11.585000000000003 3201150.1000000006 4.0352475000000014 1.0000000180025095e-35 -791940.56499999983 0.51583863500000005 2.5000000000000004 10.496666666666671 -5.1849999999999996 18.500000000000004 22.233505000000005 1338074.1000000003 0.39499999999999963 1.6800000000000008
decision_type=2 2 2 2 2 2 2 2 2 2 2 2 2 2 2 2 2 2 2 2 2 2 2 2 2 2 2 2 2 2
left_child=3 4 9 5 8 18 -5 -8 12 10 11 -3 -2 15 -15 -11 -17 -10 19 20 -1 -22 -21 -24 -25 -26 -27 28 -16 -30
right_child=1 2 -4 6 -6 -7 7 -9 17 13 -12 -13 -14 14 27 16 -18 -19 -20 22 21 -23 23 24 25 26 -28 -29 29 -31
leaf_value=0.12769103816577368 0.11454099260079556 0.1129614662209695 0.1968886179973682 0.00962902430053671 -0.034002397641285313 -0.061985077213888108 -0.040597534384806365 -0.010816040199715646 0.0033190034746115645 0.0043032282438033665 -0.12189889460236632 -0.040446279902715945 0.020959897430997448 0.018090463164205803 -0.0063123457160635076 0.24426330506801605 0.078792441508720654 -0.076601256576238896 -0.025472681297978184 0.016279141283506264 0.072602812565387573 -0.028074784440234923 -0.0090638013991437682 0.13137224518868607 0.014888019077842022 -0.10820628138987914 -0.0086517776577518541 0.1430271826928135 0.18867141423873943 0.02292454041540623
leaf_weight=21 39 22 30 288 326 114 991 660 4843 39 28 37 677 606 52 20 77 51 437 1697 47 716 2082 32 900 46 91 43 22 20
leaf_count=21 39 22 30 288 326 114 991 660 4843 39 28 37 677 606 52 20 77 51 437 1697 47 716 2082 32 900 46 91 43 22 20
internal_value=-3.15042e-05 0.00804035 0.0361408 -0.0069207 0.00332538 -0.00187811 -0.0230003 -0.0286922 0.00549451 0.0311486 -0.0278682 0.0167566 0.0260572 0.0369899 0.0287941 0.0817655 0.11291 0.00248616 -0.000749064 0.0011693 -0.017867 -0.0218732 0.00424777 -0.00223183 0.0110742 0.00736202 -0.0420788 0.0761401 0.0455428 0.109744
internal_weight=15054 6932 996 8122 5936 6183 1939 1651 5610 966 87 59 716 879 743 136 97 4894 6069 5632 784 763 4848 3151 1069 1037 137 137 94 42
internal_count=15054 6932 996 8122 5936 6183 1939 1651 5610 966 87 59 716 879 743 136 97 4894 6069 5632 784 763 4848 3151 1069 1037 137 137 94 42
is_linear=0
shrinkage=0.05


Tree=63
num_leaves=31
num_cat=0
split_feature=9 11 10 1 11 9 3 11 3 1 12 7 5 10 11 1 4 14 9 4 9 3 11 2 13 12 13 11 13 11
split_gain=294.901 299.402 224.955 171.893 180.898 168.347 171.819 149.835 136.271 129.84 197.981 112.737 215.737 136.603 144.92 161.167 111.61 111.521 116.762 109.215 109.204 141.542 252.898 216.877 181.944 199.184 171.548 167.331 124.016 122.226
threshold=27.386459500000004 3.4080502500000009 2613666.6500000004 18.711666666666673 -6.3146518499999997 4.7802733500000008 8.1800000000000015 4.1361540000000003 13.965000000000002 6.898333333333329 -1139563.7499999998 2.5000000000000004 0.10075568292563668 655156.87500000012 2.0464936000000007 11.713333333333336 -12.17 0.62000000000000011 24.857635500000004 -4.3399999999999999 31.835983000000002 9.8750000000000018 -0.23602250000000066 12.095000000000001 20.935000000000006 -166415.07000000001 17.830000000000002 -0.56028759999999866 19.535000000000004 0.26310749999999855
decision_type=2 2 2 2 2 2 2 2 2 2 2 2 2 2 2 2 2 2 2 2 2 2 2 2 2 2 2 2 2 2
left_child=2 20 3 4 8 -6 -7 9 -1 -8 17 -12 13 -13 15 19 -4 18 -11 -15 21 22 23 -2 27 -26 -24 -23 -22 -30
right_child=1 -3 16 -5 5 6 7 -9 -10 10 11 12 -14 14 -16 -17 -18 -19 -20 -21 28 24 26 -25 25 -27 -28 -29 29 -31
leaf_value=0.10946978925955747 0.23214700503895683 0.20794774109408973 0.068380791434775226 0.031038959960413531 0.011337137622545726 0.081040348421390129 -0.020618119640863124 -0.030335985941436435 0.020572782572040343 0.082229420742881837 0.0030103097296501047 -0.0046296087302174589 0.13801770031452179 0.08153836231213063 0.0082491270358035912 -0.076766766332089897 -0.044947408409123979 -0.05077523646565775 -0.044571879834291485 -0.02691291565556941 0.031796106284277308 -0.044471078961380306 0.080592742562294012 0.02807182594323936 -0.045053305253386501 0.14275546626498301 -0.12649871952831745 0.0108441973713128 0.042103409970348532 0.20877253322819755
leaf_weight=53 30 21 23 399 1716 57 1117 597 231 134 3705 3806 25 24 267 175 392 24 21 709 180 158 20 23 20 48 20 1015 22 22
leaf_count=53 30 21 23 399 1716 57 1117 597 231 134 3705 3806 25 24 267 175 392 24 21 709 180 158 20 23 20 48 20 1015 22 22
internal_value=-2.9929e-05 0.0204136 -0.0024255 -0.00127389 -0.0022922 -0.00319752 -0.00553703 -0.00600241 0.0371627 -0.00455071 -0.00253189 -0.0036015 -0.00849498 -0.00923033 -0.0241328 -0.0336548 -0.0386666 0.0495203 0.0650499 -0.023362 0.0178858 0.0124614 0.0719564 0.143586 0.00800292 0.0875176 -0.022953 0.00339338 0.05019 0.125438
internal_weight=15054 1579 13475 13060 12661 12377 10661 10604 284 10007 8890 8711 5006 4981 1175 908 415 179 155 733 1558 1334 93 53 1241 68 40 1173 224 44
internal_count=15054 1579 13475 13060 12661 12377 10661 10604 284 10007 8890 8711 5006 4981 1175 908 415 179 155 733 1558 1334 93 53 1241 68 40 1173 224 44
is_linear=0
shrinkage=0.05


Tree=64
num_leaves=31
num_cat=0
split_feature=0 2 7 9 11 11 12 13 4 8 11 3 2 5 5 4 9 9 9 9 4 11 13 1 2 7 3 1 12 12
split_gain=292.888 314.687 240.107 269.166 339.115 236.772 229.537 204.132 189.477 198.009 154.522 153.918 145.242 130.977 126.884 176.548 215.717 126.201 124.452 121.324 111.585 123.886 103.852 101.857 127.341 97.8842 170.243 97.108 101.086 97.9945
threshold=25.500000000000004 20.665000000000003 1.5000000000000002 20.531082500000004 0.20185850000000019 -2.3337861999999991 3800.8150000000173 19.345000000000002 0.46999999999999981 1.0000000180025095e-35 3.4080502500000009 9.6950000000000021 27.415000000000003 0.085142622059514478 0.11500865045037176 3.0350000000000006 27.386459500000004 13.612152000000002 6.1808015000000012 21.524780500000002 -4.4699999999999989 1.2455905000000007 21.325000000000006 21.530000000000005 12.535000000000002 1.0000000180025095e-35 16.945000000000004 10.716666666666676 -1258124.3499999999 -247119.02549999996
decision_type=2 2 2 2 2 2 2 2 2 2 2 2 2 2 2 2 2 2 2 2 2 2 2 2 2 2 2 2 2 2
left_child=6 2 3 5 23 8 12 10 9 13 -6 14 27 -2 15 16 17 -4 25 22 -7 -22 -20 24 -5 26 -8 29 -29 -1
right_child=1 -3 11 4 7 20 18 -9 -10 -11 -12 -13 -14 -15 -16 -17 -18 -19 19 -21 21 -23 -24 -25 -26 -27 -28 28 -30 -31
leaf_value=0.01370980668019367 0.0089758990569821281 -0.0062177189966173595 0.15423735809468089 -0.033953142084774901 0.066517959284381228 -0.031084086112263105 0.18458063695579768 0.2133984506958061 0.18103433793211091 0.19115549623966219 0.18264055839356255 0.0049161326217921275 -0.057678640923021655 0.1393458622253754 -0.047331317081781371 0.021144083925717316 0.24113032365074527 -0.0091919265411518243 -0.040542056932620307 -0.010163246042414385 0.040636681686023711 -0.015435983164649732 0.05888272008375714 0.12517604672095992 0.040831911018253064 -0.0028588903623805832 -0.021722079105675224 0.10943628317117692 0.0081215780387216066 -0.007598020594658389
leaf_weight=629 155 2603 21 91 182 202 20 36 28 20 34 2796 114 22 28 91 26 27 964 660 212 184 27 22 152 248 20 25 1619 3796
leaf_count=629 155 2603 21 91 182 202 20 36 28 20 34 2796 114 22 28 91 26 27 964 660 212 184 27 22 152 248 20 25 1619 3796
internal_value=-2.84325e-05 0.0075207 0.0157815 0.0333684 0.0616421 0.0156072 -0.0064715 0.103168 0.0593286 0.0420304 0.0847965 0.00789713 -0.00176439 0.0251801 0.051083 0.0677837 0.125138 0.0623084 -0.0214813 -0.0267719 -0.000843194 0.0145827 -0.0378332 0.0221532 0.012826 0.0088478 0.0814293 -0.0007141 0.00966225 -0.00456918
internal_weight=15054 6932 4329 1340 517 823 8122 252 225 197 216 2989 6183 177 193 165 74 48 1939 1651 598 396 991 265 243 288 40 6069 1644 4425
internal_count=15054 6932 4329 1340 517 823 8122 252 225 197 216 2989 6183 177 193 165 74 48 1939 1651 598 396 991 265 243 288 40 6069 1644 4425
is_linear=0
shrinkage=0.05


Tree=65
num_leaves=31
num_cat=0
split_feature=0 10 2 5 13 1 1 0 9 9 7 9 9 11 1 9 11 5 0 7 5 10 11 0 11 3 2 7 7 11
split_gain=249.782 222.945 198.18 195.479 156.93 138.75 135.258 121.92 255.234 181.409 119.888 152.803 183.31 245.671 143.663 133.169 115.631 111.808 108.92 130.231 108.762 162.234 105.923 105.142 96.9368 104.02 95.1589 94.672 137.542 95.1636
threshold=25.500000000000004 811427.27000000014 19.615000000000006 0.11897682747295471 2.5700000000000007 13.993333333333334 14.343333333333339 14.500000000000002 10.907455500000003 8.9051360000000024 3.5000000000000004 18.203201500000002 4.2349700000000006 -8.1593934499999978 16.798333333333343 7.157531800000001 -2.3337861999999991 0.082338418044621706 33.500000000000007 5.5000000000000009 0.086918739848144994 641643.09500000009 0.070938114999999982 11.500000000000002 4.0352475000000014 17.065000000000001 14.405000000000003 1.0000000180025095e-35 2.5000000000000004 2.4506684100000005
decision_type=2 2 2 2 2 2 2 2 2 2 2 2 2 2 2 2 2 2 2 2 2 2 2 2 2 2 2 2 2 2
left_child=1 3 10 5 -3 20 -6 9 -9 26 11 12 -2 -14 16 -16 -15 -18 -12 -20 27 22 23 -22 25 -4 -7 29 -29 -1
right_child=2 4 24 -5 6 7 -8 8 -10 -11 18 -13 13 14 15 -17 17 -19 19 -21 21 -23 -24 -25 -26 -27 -28 28 -30 -31
leaf_value=-0.028663301833561784 0.059440040348977589 -0.035335041524638622 0.029455079236743221 0.14182185443739098 -0.0036711629546307468 0.061418538369953903 -0.050973796204335113 -0.041962480407707614 0.09633323092606258 -0.00246922245177512 -0.01246622639768138 0.034140877462154086 0.15815828287601472 0.021283401118639366 -0.063300996848071611 0.064888916779846817 -0.0093626882182775602 -0.066224643708479525 0.0039062845508377794 0.053024733613151798 0.0050781662184661925 0.15661199748516086 -0.016435017385542112 0.059470608202527378 -0.040680658179716028 -0.0036096828198529866 0.17216194507411936 0.010013502546920551 -0.0096142237983752668 0.034359130068178555
leaf_weight=648 163 889 262 24 1361 164 170 138 44 130 647 1165 25 272 24 130 682 99 568 177 210 20 211 154 159 2582 22 1338 2681 66
leaf_count=648 163 889 262 24 1361 164 170 138 44 130 647 1165 25 272 24 130 682 99 568 177 210 20 211 154 159 2582 22 1338 2681 66
internal_value=1.11272e-05 -0.00586197 0.00699467 -0.000581825 -0.018626 -0.00116845 -0.00892358 0.0240704 -0.00852835 0.0428456 0.014352 0.0207737 0.0096104 0.00301768 -0.000195669 0.0449113 -0.00679251 -0.0165705 0.00254203 0.015576 -0.00352749 0.0166207 0.0117515 0.0280904 -0.00268771 -0.000563632 0.0745172 -0.00606038 -0.00307979 -0.0228377
internal_weight=15225 8270 6955 5850 2420 5826 1531 498 182 316 3952 2560 1395 1232 1207 154 1053 781 1392 745 5328 595 575 364 3003 2844 186 4733 4019 714
internal_count=15225 8270 6955 5850 2420 5826 1531 498 182 316 3952 2560 1395 1232 1207 154 1053 781 1392 745 5328 595 575 364 3003 2844 186 4733 4019 714
is_linear=0
shrinkage=0.05


Tree=66
num_leaves=31
num_cat=0
split_feature=0 12 5 5 7 13 1 12 11 1 0 3 7 9 9 11 1 9 4 11 7 7 9 4 5 0 7 0 11 4
split_gain=225.428 208.603 176.431 167.792 150.014 157.242 147.553 168.789 126.84 136.368 137.004 125.985 106.22 133.93 169.827 221.858 129.803 120.185 105.701 104.229 103.506 163.081 134.085 143.971 101.04 99.7658 116.76 91.9585 91.1008 264.526
threshold=25.500000000000004 37746.287000000004 0.050825921918980048 0.11897682747295471 1.0000000180025095e-35 12.275 7.1700000000000008 -1258124.3499999999 3.8305968000000008 15.221666666666676 15.500000000000002 20.695000000000004 3.5000000000000004 18.203201500000002 4.2349700000000006 -8.1593934499999978 16.798333333333343 7.157531800000001 3.3100000000000001 -2.3337861999999991 1.0000000180025095e-35 2.5000000000000004 0.51583863500000005 -3.3100000000000009 0.082338418044621706 33.500000000000007 5.5000000000000009 13.500000000000002 0.44839499999999882 0.87500000000000011
decision_type=2 2 2 2 2 2 2 2 2 2 2 2 2 2 2 2 2 2 2 2 2 2 2 2 2 2 2 2 2 2
left_child=1 3 -2 6 5 -3 -1 11 9 20 18 -8 13 14 -4 -16 19 -18 -11 -17 22 -22 23 -9 -21 -14 -27 -24 29 -15
right_child=2 4 12 -5 -6 -7 7 8 -10 10 -12 -13 25 28 15 16 17 -19 -20 24 21 -23 27 -25 -26 26 -28 -29 -30 -31
leaf_value=-0.022952248279825935 -0.0025579644291573492 0.001541654487618871 0.05695890334133831 0.13319667485421119 -0.028327223704233403 0.14711228558793663 0.036244129732643307 -0.037110821306705476 -0.024919389407767473 0.044350312037041061 -0.017805351124241434 0.18209958270192148 -0.011860382270031316 0.0023261968021999362 0.15025036931037905 0.020219231188275445 -0.060135947540402412 0.061644471067791952 0.15800622393903527 -0.008888640472600115 0.016482629058633711 -0.0041138012693732098 -0.034983429741589515 0.14132617150361723 -0.062913412008095873 0.0039124279189449943 0.050253953405896605 0.012011192733758039 0.050947769914390678 0.066653161639282602
leaf_weight=751 2978 256 164 23 1365 20 57 20 483 185 87 20 651 529 25 272 24 130 23 688 1436 2906 479 26 99 575 178 133 413 229
leaf_count=751 2978 256 164 23 1365 20 57 20 483 185 87 20 651 529 25 272 24 130 23 688 1436 2906 479 26 99 575 178 133 413 229
internal_value=1.05708e-05 -0.00556888 0.00664494 -0.00161787 -0.0215294 0.0120903 -0.00208725 0.000589029 -0.00039099 0.00184644 0.034881 0.0741287 0.0135361 0.0195723 0.00914683 0.00281308 -0.000225608 0.0426657 0.056918 -0.00646287 -0.000102592 0.00269792 -0.0185825 0.0637449 -0.0156846 0.00247417 0.014867 -0.0247705 0.0320543 0.0217601
internal_weight=15225 8270 6955 6629 1641 276 6606 5855 5778 5295 295 77 3977 2573 1402 1238 1213 154 208 1059 5000 4342 658 46 787 1404 753 612 1171 758
internal_count=15225 8270 6955 6629 1641 276 6606 5855 5778 5295 295 77 3977 2573 1402 1238 1213 154 208 1059 5000 4342 658 46 787 1404 753 612 1171 758
is_linear=0
shrinkage=0.05


Tree=67
num_leaves=31
num_cat=0
split_feature=1 4 12 11 1 12 11 3 3 2 10 11 9 3 12 10 9 3 1 0 11 9 10 0 0 3 9 10 1 9
split_gain=210.882 166.497 177.416 167.798 148.517 131.558 126.445 144.385 121.269 119.581 107.291 134.838 102.835 105.528 232.068 102.43 102.384 124.063 111.641 99.8617 106.119 101.205 86.1659 85.1081 81.3391 80.5756 169.475 97.1099 95.7422 154.724
threshold=6.898333333333329 -9.1999999999999993 -1258124.3499999999 3.9140779000000001 17.971666666666682 524888.8550000001 -6.8841704999999997 14.705000000000002 43.435000000000009 9.5050000000000008 2613666.6500000004 0.031524500000000628 -0.9425811799999998 9.6950000000000021 -84348.049999999916 1985475.8500000003 29.575012000000005 19.755000000000006 11.628333333333339 31.500000000000004 -5.9403229999999985 6.0406342000000004 13466.775500000002 46.500000000000007 25.500000000000004 10.405000000000003 27.136032500000002 112425.79000000002 19.983333333333338 23.527862500000001
decision_type=2 2 2 2 2 2 2 2 2 2 2 2 2 2 2 2 2 2 2 2 2 2 2 2 2 2 2 2 2 2
left_child=8 2 -2 4 5 6 7 22 19 -4 11 15 -8 14 -14 -6 17 -7 -18 20 -1 -22 -3 24 -15 26 -13 -27 -29 -30
right_child=1 3 9 -5 10 16 12 -9 -10 -11 -12 25 13 23 -16 -17 18 -19 -20 -21 21 -23 -24 -25 -26 27 -28 28 29 -31
leaf_value=0.083173755264800531 0.18204354427077554 0.064138070715868731 0.12140666615217924 -0.021863517686292445 0.01187186611768527 -0.035811342711049118 0.066934785063688954 0.013198096879535694 0.069370270577760837 0.011192296244149661 -0.048006535085061419 0.04726762826931441 0.15415410343557598 -0.0023052450093733515 0.0015812743811603682 -0.08713411183229515 -0.026745873107574883 0.024843595538399009 0.14031750302761795 0.029921649130893513 0.052238973525420923 -0.027524945247148953 0.18804946638643744 -0.026522004198726232 0.0065814025692669522 0.023538587145493742 -0.083687441498041151 0.046261309523527562 -0.0034680755830115897 0.14688405687497422
leaf_weight=23 22 47 30 738 390 510 60 154 39 137 52 84 36 6003 81 28 20 101 20 94 41 1323 20 278 4509 137 35 114 22 77
leaf_count=23 22 47 30 738 390 510 60 154 39 137 52 84 36 6003 81 28 20 101 20 94 41 1323 20 278 4509 137 35 114 22 77
internal_value=1.00422e-05 0.00196976 0.0485741 0.00131807 0.00265693 0.00113883 0.00241024 0.0398551 -0.0176596 0.0309913 0.0217973 0.0258896 0.00165567 0.00129657 0.0485268 0.00523989 -0.0207114 -0.0257849 0.0567858 -0.0199514 -0.0233314 -0.0251273 0.101127 0.000784434 0.00150658 0.0442938 0.00875143 0.0563781 0.0775003 0.113472
internal_weight=15225 13705 189 13516 12778 11839 11188 221 1520 167 939 887 10967 10907 117 418 651 611 40 1481 1387 1364 67 10790 10512 469 119 350 213 99
internal_count=15225 13705 189 13516 12778 11839 11188 221 1520 167 939 887 10967 10907 117 418 651 611 40 1481 1387 1364 67 10790 10512 469 119 350 213 99
is_linear=0
shrinkage=0.05


Tree=68
num_leaves=31
num_cat=0
split_feature=1 11 4 10 9 3 11 9 4 1 11 9 1 2 10 7 7 7 9 11 11 10 9 1 3 14 2 11 1 9
split_gain=193.835 163.346 154.403 293.549 146.07 139.166 136.927 125.125 174.212 117.649 192.949 157.138 190.956 161.768 108.844 105.942 98.7811 93.1199 131.401 124.931 105.002 116.455 106.216 100.276 89.9606 89.7582 87.5822 87.4234 86.1169 85.2072
threshold=8.9150000000000063 -8.8778688499999987 -8.3149999999999959 428022.20500000002 4.7802733500000008 9.8750000000000018 -0.2933347499999987 27.386459500000004 3.3600000000000025 19.23166666666668 -0.23602250000000066 23.527862500000001 20.681666666666676 12.745000000000003 3201150.1000000006 1.5000000000000002 1.5000000000000002 1.5000000000000002 18.203201500000002 2.4506684100000005 4.4502715000000013 811427.27000000014 31.181061000000003 11.861666666666673 13.375000000000002 11.425000000000002 10.025 2.7533263000000008 26.068333333333339 16.774185500000005
decision_type=2 2 2 2 2 2 2 2 2 2 2 2 2 2 2 2 2 2 2 2 2 2 2 2 2 2 2 2 2 2
left_child=14 -2 3 -3 15 6 7 -6 -9 17 -11 -12 13 -13 16 -4 26 18 -7 25 21 -19 23 27 -15 -20 -1 -23 -14 -8
right_child=1 2 4 -5 5 9 29 8 -10 10 11 12 28 24 -16 -17 -18 20 19 -21 -22 22 -24 -25 -26 -27 -28 -29 -30 -31
leaf_value=0.094545882344245921 0.14017263535748831 -0.00017238559878685259 0.044703678537041741 0.17284937147528701 0.032466182751314986 -0.0044704297032066229 0.038534143776632848 0.19188888540698423 0.0078386548161506666 -0.019860495080557976 -0.0063681303241918258 -0.043319998273537275 0.17754689967259765 0.14821170265304631 -0.064265389545055646 0.011014029284481515 -0.012611052945751608 0.00072439232396888137 0.013539227408634519 0.092844029831684244 -0.032431175085059209 -0.015433881603227865 0.021081741194803875 -0.038945745134397469 0.035282375837365786 0.099150564684532594 0.00039214733540993656 0.039970956950248049 0.064561405348090031 -0.023180773822313622
leaf_weight=25 22 66 291 39 98 984 104 36 20 156 86 42 48 29 84 1178 3051 4039 708 59 336 721 172 476 45 32 2052 79 26 121
leaf_count=25 22 66 291 39 98 984 104 36 20 156 86 42 48 29 84 1178 3051 4039 708 59 336 721 172 476 45 32 2052 79 26 121
internal_value=9.54013e-06 0.00407985 0.00378018 0.0640928 0.00313959 0.000600533 0.0302088 0.0665354 0.126157 -0.000795527 0.0245865 0.0497087 0.0750908 0.0350552 -0.00781011 0.0176877 -0.00688533 -0.00223716 0.00776079 0.022824 -0.00529852 -0.00363704 -0.0158027 -0.0207745 0.0795385 0.0172413 0.00152544 -0.00996265 0.137849 0.00534523
internal_weight=15225 10013 9991 105 9886 8417 379 154 56 8038 432 276 190 116 5212 1469 5128 7606 1783 799 5823 5487 1448 1276 74 740 2077 800 74 225
internal_count=15225 10013 9991 105 9886 8417 379 154 56 8038 432 276 190 116 5212 1469 5128 7606 1783 799 5823 5487 1448 1276 74 740 2077 800 74 225
is_linear=0
shrinkage=0.05


Tree=69
num_leaves=31
num_cat=0
split_feature=0 12 0 7 3 11 7 3 2 11 14 9 11 2 4 12 4 1 2 1 11 4 4 11 9 1 2 0 12 13
split_gain=180.631 179.176 146.696 134.12 157.689 182.083 114.488 121.635 105.4 104.946 99.8508 92.3561 161.992 179.849 122.453 177.862 92.4609 123.958 117.602 215.22 90.8812 89.8079 88.8144 172.667 83.3817 80.158 79.5802 83.0373 121.131 173.392
threshold=25.500000000000004 5404.0812500000002 44.500000000000007 1.5000000000000002 9.8750000000000018 -3.1616514999999992 1.0000000180025095e-35 13.085000000000003 27.950000000000006 3.6683805000000005 16.560000000000002 19.571395500000005 0.045898499999999849 22.065000000000001 -7.5200000000000005 -664227.27499999991 -6.4950000000000001 9.0800000000000054 10.275 19.498333333333338 -1.1949770000000013 -9.7749999999999986 3.0350000000000006 -0.23602250000000066 19.435943500000004 7.2216666666666685 8.6750000000000025 23.500000000000004 -1258124.3499999999 8.0750000000000011
decision_type=2 2 2 2 2 2 2 2 2 2 2 2 2 2 2 2 2 2 2 2 2 2 2 2 2 2 2 2 2 2
left_child=1 8 3 11 5 -5 7 -3 10 -6 26 14 -13 16 -2 -16 17 -14 -18 -20 21 -9 23 -7 -11 -8 -1 28 29 -28
right_child=2 6 -4 4 9 22 25 20 -10 24 -12 12 13 -15 15 -17 18 -19 19 -21 -22 -23 -24 -25 -26 -27 27 -29 -30 -31
leaf_value=0.082066787654084386 -0.030092484931601517 0.12829275876283647 -0.012409935915375259 0.17563565320645769 0.0038460886086487452 0.15704936980072298 -0.049866937028492993 -0.13302784455707298 -0.047906817050061674 -0.012791481468001168 0.0718307665879062 0.0027157312012221439 0.074944485326043586 -0.013418601178450557 0.16576748043298722 0.014943018054610133 -0.032191604646769442 0.22259252078476408 0.054358084863111479 0.22145309760456994 0.019865333636241836 -0.014419173303095601 -0.0010133672452900769 0.010822984933530769 -0.081096026548718836 -0.01894082225801022 0.0061826536924961739 -0.026699629275209504 -0.00061627958061057607 0.14068318736311552
leaf_weight=29 153 20 941 24 3851 33 247 20 117 167 48 249 44 82 20 863 33 21 234 21 207 79 106 52 61 1381 68 298 5719 37
leaf_count=29 153 20 941 24 3851 33 247 20 117 167 48 249 44 82 20 863 33 21 234 21 207 79 106 52 61 1381 68 298 5719 37
internal_value=9.06314e-06 -0.00498533 0.00594776 0.00882016 0.00409444 0.0458291 -0.018217 0.00882916 -0.000891795 0.00189464 -4.43304e-06 0.020618 0.034877 0.0532866 0.0112037 0.0183592 0.0687818 0.122646 0.0566249 0.0681189 0.00102109 -0.0383805 0.0295184 0.0675932 -0.0310659 -0.0236329 -0.000565007 -0.000956435 0.000360782 0.0535781
internal_weight=15225 8270 6955 6014 4294 215 1954 326 6316 4079 6199 1720 684 435 1036 883 353 65 288 255 306 99 191 85 228 1628 6151 6122 5824 105
internal_count=15225 8270 6955 6014 4294 215 1954 326 6316 4079 6199 1720 684 435 1036 883 353 65 288 255 306 99 191 85 228 1628 6151 6122 5824 105
is_linear=0
shrinkage=0.05


Tree=70
num_leaves=31
num_cat=0
split_feature=5 0 0 12 5 0 9 7 5 12 13 11 9 10 1 3 13 13 3 0 11 3 3 9 12 7 12 14 0 14
split_gain=196.55 212.615 150.879 128.044 124.096 118.057 113.921 157.963 282.049 274.699 268.658 93.201 86.4081 82.7275 101.129 157.746 94.4489 96.2963 110.009 95.0452 85.8208 81.1182 79.3453 78.3762 98.7369 116.333 84.4683 77.9629 76.8802 73.6726
threshold=0.05486968561851132 30.500000000000004 44.500000000000007 -1258124.3499999999 0.081201793231137673 32.500000000000007 29.797760000000004 2.5000000000000004 0.083998327794592029 -50574.306500000086 19.955000000000002 -0.15367100000000097 13.930069000000001 88783.675000000003 11.363333333333342 11.585000000000003 15.165000000000001 8.2450000000000028 36.580000000000005 21.500000000000004 3.4974674999999986 19.925000000000004 8.1800000000000015 4.2349700000000006 803.26530000000025 1.5000000000000002 6184.4950000000035 17.785000000000004 46.500000000000007 14.075000000000001
decision_type=2 2 2 2 2 2 2 2 2 2 2 2 2 2 2 2 2 2 2 2 2 2 2 2 2 2 2 2 2 2
left_child=5 3 6 4 11 13 22 8 -8 -10 -11 -2 -4 -1 16 -16 17 -15 19 -19 -17 -6 -3 -24 -25 -26 -27 -5 -7 -9
right_child=1 2 12 27 21 28 7 29 9 10 -12 -13 -14 14 15 20 -18 18 -20 -21 -22 -23 23 24 25 26 -28 -29 -30 -31
leaf_value=-0.00054521584688514777 -0.0096657927248139531 0.090399988024894684 -0.010617094143078877 -0.0011537064281189294 0.053680335812042568 0.0035435127830622513 0.20672994936388492 -0.0039678022114755795 0.16687903478741647 0.10382792112919002 -0.10835668291364398 0.10127622481921446 -0.12829228989206828 -0.019252157906730221 0.022038586411092964 -0.093390721652946068 -0.12055687954028448 -0.034786227112635973 0.10823344422790866 0.020618894655360945 -0.0053256847243756053 0.16436232125759126 0.042453943045378702 0.0029527008007548387 0.057201110354241719 0.071725508153366924 0.0037137254108587669 0.0891261593438685 -0.023409273535523696 0.10035600140690804
leaf_weight=882 107 35 39 6648 49 2492 37 110 30 26 35 23 26 1605 56 132 21 118 26 225 35 25 224 1243 214 52 374 24 296 20
leaf_count=882 107 35 39 6648 49 2492 37 110 30 26 35 23 26 1605 56 132 21 118 26 225 35 25 224 1243 214 52 374 24 296 20
internal_value=0.0003709 0.00488071 0.0174795 0.000364121 0.0393848 -0.00678367 0.0195153 0.0509034 0.0903314 0.0430045 -0.0179173 0.00996241 -0.0576872 -0.0134979 -0.0186486 -0.0505821 -0.0150791 -0.013957 0.00907465 0.00155824 -0.074934 0.0910729 0.0157346 0.0144943 0.0111683 0.0271245 0.0120156 -0.000828959 0.000681954 0.012082
internal_weight=15229 9341 2465 6876 204 5888 2400 258 128 91 61 130 65 3100 2218 223 1995 1974 369 343 167 74 2142 2107 1883 640 426 6672 2788 130
internal_count=15229 9341 2465 6876 204 5888 2400 258 128 91 61 130 65 3100 2218 223 1995 1974 369 343 167 74 2142 2107 1883 640 426 6672 2788 130
is_linear=0
shrinkage=0.05


Tree=71
num_leaves=31
num_cat=0
split_feature=7 1 5 12 9 14 7 13 10 11 4 4 7 11 9 7 0 11 13 14 7 10 11 9 9 10 5 5 12 14
split_gain=183.002 180.061 168.947 450.415 245.15 154.214 150.502 167.791 154.471 132.691 123.722 117.267 143.9 98.0928 97.6882 138.526 202.774 514.917 97.4411 97.2179 231.001 103.992 96.3355 89.2135 120.662 92.8185 96.0082 86.5223 190.426 83.1758
threshold=2.5000000000000004 12.293333333333344 0.099552030683233303 -24037.24549999995 17.823700000000002 9.1850000000000005 1.0000000180025095e-35 8.4350000000000005 630188.40000000002 -8.8778688499999987 9.8750000000000018 -5.7799999999999976 3.5000000000000004 -1.1949770000000013 8.4241635000000006 5.5000000000000009 14.500000000000002 0.99192899999999906 17.590000000000003 1.0000000180025095e-35 4.5000000000000009 224638.04000000001 -0.32756050000000053 6.3137665000000007 25.837906000000004 2613666.6500000004 0.04348771488548888 0.056931399037756868 1031286.8900000001 15.120000000000003
decision_type=2 2 2 2 2 2 2 2 2 2 2 2 2 2 2 2 2 2 2 2 2 2 2 2 2 2 2 2 2 2
left_child=1 9 5 4 -4 11 8 -8 13 -1 14 12 22 -3 15 16 17 -7 -15 20 23 -21 -2 -13 25 -25 -27 -9 -29 -17
right_child=2 6 3 -5 -6 10 7 27 -10 -11 -12 19 -14 18 -16 29 -18 -19 -20 21 -22 -23 -24 24 -26 26 -28 28 -30 -31
leaf_value=0.096326102145217571 0.025348089414614219 -0.022383177255590758 0.070595978816541338 -0.010349468858469102 0.29737779726697638 0.048790326831157055 -0.0603262099581705 -0.0026175880959991172 0.18261049024083398 0.0012861963835553911 -0.058148208520257143 0.0091435095368823365 0.0041479923541923079 0.076491776132679656 0.0021787666467550375 -0.0095564849670652461 0.010516251106609536 0.3017522453069687 -0.012576249102130533 -0.0064532231963572231 0.11073581001588279 -0.028513478578470187 0.15553220691780251 -0.013296712373992626 0.0094339240958204312 -0.0043768788266572217 -0.10328550908903955 0.023397538088212228 0.17942776031792165 0.067746683300995245
leaf_weight=37 27 45 26 105 22 103 71 344 22 4953 71 695 207 160 1419 230 136 25 38 938 42 1241 30 2588 614 42 59 878 20 41
leaf_count=37 27 45 26 105 22 103 71 344 22 4953 71 695 207 160 1419 230 136 25 38 938 42 1241 30 2588 614 42 59 878 20 41
internal_value=0.000352355 0.0066464 -0.00442068 0.0476543 0.174538 -0.00535715 0.0213682 0.0144311 0.0557395 0.0019909 0.0066875 -0.00911937 0.0235189 0.0442533 0.00904335 0.0272505 0.0530281 0.098197 0.0593979 -0.0105049 -0.00591374 -0.0190171 0.093866 -0.00713917 -0.0105653 -0.0151319 -0.0621552 0.0187046 0.0268726 0.00213883
internal_weight=15229 6568 8661 153 48 8508 1578 1313 265 4990 2025 6483 264 243 1954 535 264 128 198 6219 4040 2179 57 3998 3303 2689 101 1242 898 271
internal_count=15229 6568 8661 153 48 8508 1578 1313 265 4990 2025 6483 264 243 1954 535 264 128 198 6219 4040 2179 57 3998 3303 2689 101 1242 898 271
is_linear=0
shrinkage=0.05


Tree=72
num_leaves=31
num_cat=0
split_feature=9 10 11 1 12 12 12 9 4 11 9 0 1 5 0 13 11 11 3 11 0 12 4 3 9 1 0 2 1 9
split_gain=166.124 182.508 156.431 149.766 115.678 145.28 114.514 117.158 113.58 95.6466 83.8332 82.3284 80.2024 76.3634 98.4642 80.6366 75.7705 74.3924 186.016 107.853 73.2729 91.4039 72.4059 71.746 70.8418 70.835 68.8412 77.9173 70.5278 112.061
threshold=25.837906000000004 2526417.6000000006 -4.4799044999999991 17.971666666666682 -39794.199999999946 -145730.63999999998 -2220763.9749999996 4.7802733500000008 5.7150000000000007 2.7533263000000008 32.147735500000003 46.500000000000007 28.088333333333335 0.043187216732505869 25.500000000000004 8.4650000000000016 4.4502715000000013 -1.9543765999999982 9.3250000000000011 -1.0962828499999999 28.500000000000004 -326118.49799999996 -1.0999999999999985 10.275 15.605621500000002 20.681666666666676 21.500000000000004 14.805000000000001 9.3516666666666719 4.0888671500000013
decision_type=2 2 2 2 2 2 2 2 2 2 2 2 2 2 2 2 2 2 2 2 2 2 2 2 2 2 2 2 2 2
left_child=1 2 -1 6 5 -5 -4 8 26 10 17 16 -6 -3 22 -16 23 18 -2 25 -21 -22 -15 -9 -17 -19 28 -28 -8 -30
right_child=9 13 3 4 12 -7 7 11 -10 -11 -12 -13 -14 14 15 24 -18 19 -20 20 21 -23 -24 -25 -26 -27 27 -29 29 -31
leaf_value=0.02155283010683845 0.16821335984021427 -0.015415201028464019 0.088307222236386124 0.030697567202150822 0.010611662081566591 0.19796282230388551 -0.01993571962379638 0.030847069057827331 0.12450725850427435 0.072137241959571843 0.044068148065540387 -0.035776465443206264 0.10334640512615444 -0.042386392069359624 -0.078774825888685895 0.075317927578893995 -0.024230276035820328 -0.021537107095289765 0.011238546940413388 -0.0011937182161105325 -0.074513969163840219 0.020454213336264401 -0.13214596584439278 -0.0044964104314555468 -0.031791176176384876 -0.11997089210249808 0.058183719089421895 0.011885693520124481 0.0013298796210492415 0.06210782207185836
leaf_weight=737 25 270 34 34 346 21 311 146 21 65 174 222 25 39 40 26 484 89 77 965 26 993 53 8693 38 23 117 407 642 86
leaf_count=737 25 270 34 34 346 21 311 146 21 65 174 222 25 39 40 26 484 89 77 965 26 993 53 8693 38 23 117 407 642 86
internal_value=0.000334737 -0.0019446 -0.000783358 -0.00220382 0.0268926 0.0945625 -0.00331419 -0.0035941 0.00899916 0.0122992 0.0106594 -0.00568397 0.0168606 -0.0326603 -0.0564163 -0.0230845 -0.0049674 0.0080147 0.0497128 0.0059855 0.00868031 0.0180311 -0.0940957 -0.00391262 0.0117219 -0.0417512 0.00744723 0.0222232 -4.76746e-06 0.00850969
internal_weight=15229 12792 12326 11589 426 55 11163 11129 1584 2437 2372 9545 371 466 196 104 9323 2198 102 2096 1984 1019 92 8839 64 112 1563 524 1039 728
internal_count=15229 12792 12326 11589 426 55 11163 11129 1584 2437 2372 9545 371 466 196 104 9323 2198 102 2096 1984 1019 92 8839 64 112 1563 524 1039 728
is_linear=0
shrinkage=0.05


Tree=73
num_leaves=31
num_cat=0
split_feature=7 2 9 1 7 13 10 14 11 4 4 7 12 11 12 11 13 14 7 10 3 11 2 3 11 1 11 12 4 11
split_gain=163.949 158.048 392.187 153.611 135.782 148.366 138.437 135.302 116.669 115.281 102.599 129.858 92.2116 90.5613 89.9184 87.3362 87.8562 85.9087 209.234 91.9683 81.3997 348.388 79.7057 79.0354 159.296 120.25 98.2488 87.1054 153.001 98.8098
threshold=2.5000000000000004 10.025 22.397857500000004 12.293333333333344 1.0000000180025095e-35 8.4350000000000005 630188.40000000002 9.1350000000000033 -8.8778688499999987 9.8750000000000018 -5.7799999999999976 3.5000000000000004 -237685.5799999999 1.6689449999999992 -1090546.2299999997 -1.1949770000000013 17.590000000000003 1.0000000180025095e-35 4.5000000000000009 224638.04000000001 11.415000000000001 1.1377865000000009 22.425000000000004 9.6950000000000021 0.96618656500000011 19.748333333333338 -1.2297055000000003 984926.71000000008 0.80999999999999972 2.3914488500000006
decision_type=2 2 2 2 2 2 2 2 2 2 2 2 2 2 2 2 2 2 2 2 2 2 2 2 2 2 2 2 2 2
left_child=3 2 12 8 6 -6 15 10 -1 13 11 14 -2 20 -3 -5 -17 18 -12 -19 21 -9 -13 24 25 26 -7 29 -29 -25
right_child=1 7 -4 4 5 23 -8 9 -10 -11 17 22 -14 -15 -16 16 -18 19 -20 -21 -22 -23 -24 27 -26 -27 -28 28 -30 -31
leaf_value=0.090432155849663798 0.087498183008925673 0.15728744405966541 0.22328802203902831 -0.021230343778928122 -0.057013141962004382 -0.0045867160529546114 0.17262636243619703 0.016992443815824834 0.0013146078879856019 -0.055588726174367012 -0.0068039635029408492 -0.011933070063276823 -0.014490606592215122 -0.010444419552365327 0.031202189600275411 0.072167993940529418 -0.012406018605504774 -0.0060949269787328921 0.10537954879165184 -0.026943205109396393 0.010351610898101738 0.21951623857021332 0.065916070369322122 0.016336040682136007 0.14890860349617221 -0.035054735979065298 0.13180431170809656 0.18312485888600349 -0.01245180023368448 -0.0274385321388642
leaf_weight=37 29 26 26 45 71 23 22 141 4953 73 4001 166 94 482 31 160 38 927 42 1232 1325 25 41 917 33 48 31 20 20 150
leaf_count=37 29 26 26 45 71 23 22 141 4953 73 4001 166 94 482 31 160 38 927 42 1232 1325 25 41 917 33 48 31 20 20 150
internal_value=0.000318 -0.00419974 0.0468511 0.0062754 0.019873 0.0132838 0.0525202 -0.00509337 0.0019754 0.00611317 -0.0086394 0.0218879 0.00955553 0.0083961 0.0887148 0.0416464 0.0559366 -0.00993885 -0.00563856 -0.0179917 0.0144867 0.047493 0.00348632 0.0173024 0.0534207 0.0225276 0.0737118 0.0128978 0.0853365 0.0101822
internal_weight=15229 8661 149 6568 1578 1313 265 8512 4990 2046 6466 264 123 1973 57 243 198 6202 4043 2159 1491 166 207 1242 135 102 54 1107 40 1067
internal_count=15229 8661 149 6568 1578 1313 265 8512 4990 2046 6466 264 123 1973 57 243 198 6202 4043 2159 1491 166 207 1242 135 102 54 1107 40 1067
is_linear=0
shrinkage=0.05


Tree=74
num_leaves=31
num_cat=0
split_feature=7 2 1 7 13 10 14 9 7 0 9 9 4 7 12 4 14 7 10 4 9 13 9 9 9 3 10 2 12 2
split_gain=147.964 150.025 138.634 122.543 133.9 124.939 111.921 104.257 119.676 175.213 288.281 263.562 100.104 197.538 135.051 116.196 82.0599 186.707 85.7621 81.6563 80.7485 79.0248 117.431 77.3729 97.4929 85.6141 77.1427 84.6423 74.8073 137.314
threshold=2.5000000000000004 8.1800000000000015 12.293333333333344 1.0000000180025095e-35 8.4350000000000005 630188.40000000002 9.1850000000000005 8.4241635000000006 5.5000000000000009 14.500000000000002 4.0888671500000013 5.3151093000000005 -5.3199999999999985 3.5000000000000004 -24037.24549999995 -7.8949999999999996 1.0000000180025095e-35 4.5000000000000009 134661.23000000001 10.395000000000001 8.9051360000000024 15.165000000000001 29.971771000000004 25.837906000000004 6.3137665000000007 9.3250000000000011 2613666.6500000004 22.965000000000003 -637928.41999999993 21.115000000000006
decision_type=2 2 2 2 2 2 2 2 2 2 2 2 2 2 2 2 2 2 2 2 2 2 2 2 2 2 2 2 2 2
left_child=2 -2 21 5 -5 20 12 8 9 10 -8 -12 13 14 15 -3 17 23 -18 -9 -4 28 -23 24 -14 -25 -26 -28 29 -1
right_child=1 6 3 4 -6 -7 7 19 -10 -11 11 -13 16 -15 -16 -17 18 -19 -20 -21 -22 22 -24 25 26 -27 27 -29 -30 -31
leaf_value=0.018698971851720373 0.12084745419366907 0.038755961472079874 0.089349857523854159 -0.054162484705185809 0.016437314964828816 0.16399504744701765 0.021435668951143391 0.0016350196805555999 0.0016201986845978452 0.0093177019623587581 0.30901750691912394 0.090480439566277174 0.0073550374694407415 -0.0017145624944164711 -0.017822357976720448 0.18834420942208346 -0.0046774500346834606 0.10011057137356449 -0.025010890340230477 -0.055671032291765399 0.022877688203416357 -0.049061050454634915 0.040172256156802179 0.10954629563327348 -0.0115044951506835 0.0068585844318838135 -0.095449092120317547 -0.0028778228692190595 0.0016651754380887223 0.15491205178201201
leaf_weight=247 24 21 61 71 1242 22 69 1424 273 136 22 37 736 257 21 34 869 42 1286 65 182 159 48 21 2616 607 58 43 4516 20
leaf_count=247 24 21 61 71 1242 22 69 1424 273 136 22 37 736 257 21 34 869 42 1286 65 182 159 48 21 2616 607 58 43 4516 20
internal_value=0.0003021 -0.00398976 0.00596163 0.0188793 0.0126197 0.0498942 -0.00433665 0.00594491 0.0248319 0.048835 0.0908221 0.171969 -0.00748752 0.0192272 0.0900435 0.131229 -0.00890454 -0.00477176 -0.0168115 -0.000866588 0.0395641 0.00187663 -0.0283693 -0.00585117 -0.00878721 0.0102924 -0.0131599 -0.0560376 0.00318562 0.0289022
internal_weight=15229 8661 6568 1578 1313 265 8637 2026 537 264 128 59 6611 333 76 55 6278 4123 2155 1489 243 4990 207 4081 3453 628 2717 101 4783 267
internal_count=15229 8661 6568 1578 1313 265 8637 2026 537 264 128 59 6611 333 76 55 6278 4123 2155 1489 243 4990 207 4081 3453 628 2717 101 4783 267
is_linear=0
shrinkage=0.05


Tree=75
num_leaves=31
num_cat=0
split_feature=0 0 5 1 9 12 14 4 10 9 11 7 11 7 10 1 1 9 11 9 9 10 9 12 4 7 3 11 9 1
split_gain=146.107 170.62 145.003 144.225 134.607 118.095 146.772 148.494 133.47 109.483 195.852 106.524 97.8102 89.1795 141.85 125.445 124.297 144.305 98.423 92.5196 125.718 91.8072 87.6858 85.1194 83.6441 83.3361 80.163 78.0804 93.5911 80.7683
threshold=30.500000000000004 44.500000000000007 0.11897682747295471 5.1666666666666679 10.704941000000002 -400489.24999999994 0.15000000000000005 0.87500000000000011 846345.81000000017 26.631515000000004 3.0119014500000003 2.5000000000000004 -1.762634 2.5000000000000004 124395.10000000002 13.993333333333334 11.213333333333344 29.401855500000003 0.56436135000000009 8.6774290000000018 3.5200653500000008 1676685.0500000003 21.782089500000001 198809.39000000022 -5.9349999999999987 4.5000000000000009 18.615000000000006 -1.0689090000000003 19.718338000000003 28.088333333333335
decision_type=2 2 2 2 2 2 2 2 2 2 2 2 2 2 2 2 2 2 2 2 2 2 2 2 2 2 2 2 2 2
left_child=2 9 3 4 23 6 7 8 26 27 12 22 -11 -7 15 -15 24 18 21 20 -17 -18 -9 -1 -16 -22 -5 28 -2 -29
right_child=1 -3 -4 5 -6 13 -8 11 -10 10 -12 -13 -14 14 16 19 17 -19 -20 -21 25 -23 -24 -25 -26 -27 -28 29 -30 -31
leaf_value=0.05906465060116959 0.025544204260874295 -0.012775439932320715 0.10412885066001648 0.01594806121679667 -0.031009602785912135 0.0020050298602333951 -0.018631957439153437 0.18050055227270634 -0.01191547214429518 0.10892618619836868 0.18178659044206144 0.040512535858085785 0.019658246934535467 -0.0041711896570146376 0.065004876309022727 0.0015168811491829285 -0.048768449074393788 0.0093809651617044812 -0.025729226164638682 -0.00029707208953120494 0.055764476180468737 -0.11086982531258122 0.04782202674075961 -0.057713297680020342 -0.012187966130319042 0.16351554073831615 0.080371072494248935 0.0013719166012881663 -0.012458281115163118 0.099830458277747752
leaf_weight=71 853 954 31 107 747 3468 215 33 218 32 20 87 747 2441 36 47 172 133 235 99 38 91 20 20 1393 34 88 2562 200 21
leaf_count=71 853 954 31 107 747 3468 215 33 218 32 20 87 747 2441 36 47 172 133 235 99 38 91 20 20 1393 34 88 2562 200 21
internal_value=-0.000208911 0.00640697 -0.00383808 -0.00417985 -0.0240153 -0.00232367 0.0164234 0.0300526 0.0149674 0.0105332 0.0272917 0.0745539 0.0233252 -0.00408228 -0.00855586 -0.000925691 -0.0184047 -0.0368875 -0.0492444 0.035415 0.065125 -0.070256 0.130433 0.0333992 -0.0102433 0.106647 0.045021 0.00685062 0.0183263 0.00217239
internal_weight=15213 5389 9824 9793 838 8955 768 553 413 4435 799 140 779 8187 4719 2659 2060 631 498 218 119 263 53 91 1429 72 195 3636 1053 2583
internal_count=15213 5389 9824 9793 838 8955 768 553 413 4435 799 140 779 8187 4719 2659 2060 631 498 218 119 263 53 91 1429 72 195 3636 1053 2583
is_linear=0
shrinkage=0.05


Tree=76
num_leaves=31
num_cat=0
split_feature=0 0 5 1 9 12 14 4 10 3 7 10 7 12 7 10 1 4 9 1 13 9 9 7 14 5 10 13 9 12
split_gain=131.861 153.984 130.865 130.163 121.483 106.581 132.49 134.191 120.361 98.9688 98.4053 104.475 96.1376 80.7257 87.381 118.144 113.214 104.305 98.3602 161.043 95.7849 83.499 113.46 80.0855 152.204 112.207 139.634 79.8256 79.1364 76.8203
threshold=30.500000000000004 44.500000000000007 0.11897682747295471 5.1666666666666679 10.704941000000002 -400489.24999999994 0.62000000000000011 0.87500000000000011 846345.81000000017 8.1800000000000015 1.5000000000000002 801840.32000000007 2.5000000000000004 1853834.5000000002 2.5000000000000004 124395.10000000002 13.993333333333334 -5.3199999999999985 29.401855500000003 11.296666666666672 3.0050000000000003 8.6774290000000018 3.5200653500000008 5.5000000000000009 14.775 0.076016728882312964 1761505.3000000003 13.170000000000002 21.782089500000001 198809.39000000022
decision_type=2 2 2 2 2 2 2 2 2 2 2 2 2 2 2 2 2 2 2 2 2 2 2 2 2 2 2 2 2 2
left_child=2 9 3 4 29 6 7 8 -5 -2 11 -11 28 14 -7 16 -16 20 19 -19 -17 22 -18 25 -25 -12 -27 -24 -9 -1
right_child=1 -3 -4 5 -6 13 -8 12 -10 10 23 -13 -14 -15 15 17 21 18 -20 -21 -22 -23 27 24 -26 26 -28 -29 -30 -31
leaf_value=0.056111418855914356 0.07995406926423311 -0.012136667911344027 0.09892240796358355 0.042769959912850312 -0.029459122564114378 0.0027186046812309721 -0.017811730280997248 0.17147552541485339 -0.01124000571057898 0.013625717074636508 -0.0044233614370291531 0.049181771790431032 0.038486909361063748 -0.050450512428727494 -0.0039626301357248662 -0.032882188363000754 0.0014410365531419187 -0.014117023073216321 0.0088750668278341927 -0.049285761269058641 0.1066036825766787 -0.00028221835053027282 0.15544502905436927 0.010947692521049865 0.083868366162996838 0.014859796536794463 0.11636399701237679 0.050110096283055641 0.045430925190448765 -0.054827634170651444
leaf_weight=71 50 954 31 195 747 3424 214 33 219 977 2063 262 87 92 2441 20 47 1243 276 441 32 99 35 562 82 402 37 37 20 20
leaf_count=71 50 954 31 195 747 3424 214 33 219 977 2063 262 87 92 2441 20 47 1243 276 441 32 99 35 562 82 402 37 37 20 20
internal_value=-0.000198465 0.00608662 -0.00364618 -0.00397086 -0.0228146 -0.00220749 0.0156023 0.0285095 0.0141995 0.0100066 0.009209 0.0211444 0.0708262 -0.00387817 -0.00334887 -0.00779654 -0.000879406 -0.016938 -0.0187923 -0.0233269 0.0529553 0.0336442 0.0618687 0.00450843 0.0202326 0.000461116 0.0234148 0.101315 0.123912 0.0317292
internal_weight=15213 5389 9824 9793 838 8955 768 554 414 4435 4385 1239 140 8187 8095 4671 2659 2012 1960 1684 52 218 119 3146 644 2502 439 72 53 91
internal_count=15213 5389 9824 9793 838 8955 768 554 414 4435 4385 1239 140 8187 8095 4671 2659 2012 1960 1684 52 218 119 3146 644 2502 439 72 53 91
is_linear=0
shrinkage=0.05


Tree=77
num_leaves=31
num_cat=0
split_feature=0 0 5 1 9 12 0 11 2 9 11 9 7 2 11 7 2 9 13 11 12 7 10 1 11 13 9 14 3 1
split_gain=119.005 138.971 118.106 117.472 109.638 96.1889 125.636 99.3161 94.0842 92.1235 174.545 88.2596 88.9015 104.268 87.0992 79.789 78.4627 76.3297 74.3791 79.2033 72.855 78.8614 106.625 102.176 92.1117 76.048 95.4232 89.8782 72.7803 70.0732
threshold=30.500000000000004 44.500000000000007 0.11897682747295471 5.1666666666666679 10.704941000000002 -400489.24999999994 19.500000000000004 -2.8648379999999993 11.145000000000001 26.631515000000004 2.7533263000000008 11.730713000000002 3.5000000000000004 19.475000000000005 -1.762634 2.5000000000000004 9.3250000000000011 18.606658500000005 27.005000000000006 0.084259000000001208 1853834.5000000002 2.5000000000000004 124395.10000000002 13.993333333333334 -1.2634284999999996 12.845000000000001 10.613372750000002 10.885000000000003 11.075000000000001 13.510000000000005
decision_type=2 2 2 2 2 2 2 2 2 2 2 2 2 2 2 2 2 2 2 2 2 2 2 2 2 2 2 2 2 2
left_child=2 9 3 4 -1 6 17 8 -8 18 14 -9 13 15 -11 -13 28 -5 19 -2 21 -7 23 -23 29 27 -27 -25 -16 -24
right_child=1 -3 -4 5 -6 20 7 11 -10 10 -12 12 -14 -15 16 -17 -18 -19 -20 -21 -22 22 24 25 -26 26 -28 -29 -30 -31
leaf_value=0.030142748474583522 0.01325382602580101 -0.011529834571095916 0.093976288587756224 0.085863355282609438 -0.027986166405415482 0.0025826745307440603 0.12930204603075982 -0.060773696811520499 0.02275480943585723 0.10153549727983774 0.15767804570496083 -0.0066109853108914998 -0.020251322896948077 0.12899213477291846 -0.11184901574795897 0.069405445939999949 0.021264883816925099 0.012727463568250339 0.083246081887233647 -0.0015868957055935103 -0.047927987065328206 -0.0037644986592470261 -0.029510502466106793 0.1459847959280014 -0.011071662554488215 0.036453226169881718 -0.059334595893055966 0.036694663267974791 0.019938753396272661 -0.090329063164868537
leaf_weight=91 1713 954 31 88 747 3424 25 64 121 32 24 130 211 22 22 47 701 60 31 1892 92 2441 307 25 1649 78 39 76 20 56
leaf_count=91 1713 954 31 88 747 3424 25 64 121 32 24 130 211 22 22 47 701 60 31 1892 92 2441 307 25 1649 78 39 76 20 56
internal_value=-0.000188542 0.00578229 -0.00346387 -0.00377232 -0.0216738 -0.00209711 0.0148222 0.0049416 0.0409992 0.00950625 0.0248788 -0.00616475 0.00235957 0.0263339 0.0207663 0.0135742 0.0172877 0.0562137 0.00612817 0.00546502 -0.00368426 -0.00318143 -0.00740671 -0.000835436 -0.0160911 0.031962 0.00452395 0.0637467 -0.0490929 -0.038893
internal_weight=15213 5389 9824 9793 838 8955 768 620 146 4435 799 474 410 199 775 177 743 148 3636 3605 8187 8095 4671 2659 2012 218 117 101 42 363
internal_count=15213 5389 9824 9793 838 8955 768 620 146 4435 799 474 410 199 775 177 743 148 3636 3605 8187 8095 4671 2659 2012 218 117 101 42 363
is_linear=0
shrinkage=0.05


Tree=78
num_leaves=31
num_cat=0
split_feature=11 7 0 10 12 7 1 5 3 13 0 2 11 11 13 7 0 3 7 4 0 4 12 10 5 3 5 10 0 1
split_gain=108.816 147.225 103.264 180.699 114.261 96.0352 98.0368 82.055 84.2473 82.9233 112.674 88.345 77.1251 69.2597 74.9753 97.8037 137.951 142.987 94.0926 173.444 163.405 119.706 127.914 120.411 103.925 73.0044 68.7325 67.8957 67.0412 100.738
threshold=4.0352475000000014 1.0000000180025095e-35 32.500000000000007 156515.26500000004 17036.408500000009 2.5000000000000004 2.8000000000000003 0.11897682747295471 10.945000000000002 20.075000000000003 27.500000000000004 12.215000000000002 0.80784600000000151 3.4974674999999986 7.495000000000001 1.0000000180025095e-35 12.500000000000002 14.925000000000002 2.5000000000000004 -5.3199999999999985 16.500000000000004 1.090000000000001 -278036.23499999993 855428.60000000021 0.10075568292563668 11.985000000000001 0.044375416234924366 1181179.4500000002 25.500000000000004 19.23166666666668
decision_type=2 2 2 2 2 2 2 2 2 2 2 2 2 2 2 2 2 2 2 2 2 2 2 2 2 2 2 2 2 2
left_child=2 -2 4 12 7 6 -6 8 9 10 -1 -12 26 14 -10 16 -16 -18 21 20 -20 23 -23 -17 -21 -25 -4 -15 -8 -30
right_child=1 -3 3 -5 5 -7 28 -9 13 -11 11 -13 -14 27 15 18 17 -19 19 24 -22 22 -24 25 -26 -27 -28 -29 29 -31
leaf_value=0.018084252541101988 0.04456283943799496 -0.025888054998530158 -0.002962096673952246 0.024016573435523002 -0.043965336631395319 -0.01866746598042161 -0.0042164152835748418 0.077666237811957084 -0.0077240596696614679 -0.053438681749523514 0.17618313385617168 0.029348602928221224 -0.0098307983941380486 0.02015259039575594 -0.032825019993255412 0.01557163184176341 0.10690331685223751 -0.00050855539118250213 -0.0047495665028691294 -0.0066338597973237476 0.15648398062383587 0.10911303615596678 0.027940493080829618 -0.091633885501263057 0.10540347260733446 -0.013334061863742834 0.014312902924256122 0.12098683059215545 0.015846364244098052 0.13125025734305382
leaf_weight=464 83 696 1069 1165 114 1596 705 35 2687 36 21 20 1081 101 400 847 35 270 30 1441 33 56 364 36 21 172 1248 20 347 20
leaf_count=464 83 696 1069 1165 114 1596 705 35 2687 36 21 20 1081 101 400 847 35 270 30 1441 33 56 364 36 21 172 1248 20 347 20
internal_value=-0.000179115 -0.0183817 0.000803277 0.0070235 -0.0020721 -0.0106593 0.000117262 0.00129785 0.000918932 0.0198782 0.0251048 0.104557 0.00119745 -0.000655915 -0.00136532 0.00324627 -0.0135116 0.0118174 0.00718438 -0.00152422 0.0797061 0.0161882 0.0387635 0.00720085 -0.00502457 -0.026886 0.00634269 0.0368194 0.00480515 0.0221354
internal_weight=15213 779 14434 4563 9871 2782 1186 7089 7054 541 505 41 3398 6513 6392 3705 705 305 3000 1525 63 1475 420 1055 1462 208 2317 121 1072 367
internal_count=15213 779 14434 4563 9871 2782 1186 7089 7054 541 505 41 3398 6513 6392 3705 705 305 3000 1525 63 1475 420 1055 1462 208 2317 121 1072 367
is_linear=0
shrinkage=0.05


Tree=79
num_leaves=31
num_cat=0
split_feature=11 7 5 0 12 0 2 7 3 9 10 1 10 7 14 11 10 11 7 3 1 9 1 7 14 14 14 12 12 9
split_gain=98.2066 132.871 97.3747 88.9551 129.112 87.2643 81.2278 78.8965 106.963 78.5542 139.255 77.7935 116.219 89.7902 187.709 202.033 91.252 68.4635 64.989 114.368 154.511 329.684 83.1706 89.1843 141.09 90.5201 99.5118 99.0287 79.9083 72.8442
threshold=4.0352475000000014 1.0000000180025095e-35 0.025090954476174768 25.500000000000004 5404.0812500000002 44.500000000000007 13.375000000000002 1.0000000180025095e-35 13.135000000000003 12.133773500000002 2054312.5000000002 10.716666666666676 641643.09500000009 5.5000000000000009 9.1350000000000033 0.7156830000000004 239823.67000000001 -1.3700563499999996 1.5000000000000002 10.025 18.711666666666673 25.929458500000003 21.530000000000005 5.5000000000000009 15.325000000000001 1.0000000180025095e-35 8.3050000000000015 1319704.2350000001 45026.054999999913 19.571395500000005
decision_type=2 2 2 2 2 2 2 2 2 2 2 2 2 2 2 2 2 2 2 2 2 2 2 2 2 2 2 2 2 2
left_child=2 -2 -1 4 11 18 -7 8 -6 -3 -11 -4 13 14 16 -16 -13 -10 29 20 21 -20 23 25 -25 27 -27 -21 -24 -5
right_child=1 9 3 5 7 6 -8 -9 17 10 -12 12 -14 -15 15 -17 -18 -19 19 22 -22 -23 28 24 -26 26 -28 -29 -30 -31
leaf_value=-0.045887261944579649 0.042334697750138955 -0.040728655019130248 -0.0022681607006546861 0.0072440412627459878 0.11272828928802325 -0.081872292748979628 -0.006169072846843658 -0.018569654879286204 -0.035507320193573833 0.0096686127576127157 -0.069243015868353172 0.0098107455158083119 -0.019958123054248208 -0.018427762872438923 0.039952957979878606 0.17708360286983285 0.065617989592574297 0.017005129979690538 0.020067510750420667 0.0036177845036825308 0.0073318369058937728 0.22907515148921262 0.017804524567229359 0.010132158185012811 0.095961499389480148 -0.046710752824347626 -0.0069112880719805385 -0.081178884846823562 0.10791679835494827 0.028681148930375447
leaf_weight=111 83 362 4304 970 23 37 837 1558 90 263 71 868 252 154 98 37 80 200 54 2116 143 29 89 783 51 213 598 35 34 670
leaf_count=111 83 362 4304 970 23 37 837 1558 90 263 71 868 252 154 98 37 80 200 54 2116 143 29 89 783 51 213 598 35 34 670
internal_value=-0.000170159 -0.0174626 0.000763113 0.00112464 -0.00254831 0.00535193 -0.0093739 -0.0139676 0.00893967 -0.0245937 -0.00710601 0.00113985 0.0109908 0.0172957 0.0223755 0.0775369 0.0145202 0.000708163 0.00757671 0.00424323 0.0388287 0.0930943 0.00224877 0.000937605 0.0153807 -0.00312909 -0.0173642 0.00223802 0.0427136 0.0160019
internal_weight=15213 779 14434 14323 7664 6659 874 1871 313 696 334 5793 1489 1237 1083 135 948 290 5785 4145 226 83 3919 3796 834 2962 811 2151 123 1640
internal_count=15213 779 14434 14323 7664 6659 874 1871 313 696 334 5793 1489 1237 1083 135 948 290 5785 4145 226 83 3919 3796 834 2962 811 2151 123 1640
is_linear=0
shrinkage=0.05


Tree=80
num_leaves=31
num_cat=0
split_feature=0 1 5 12 12 11 4 9 2 11 9 2 13 1 13 12 3 3 9 12 9 12 11 3 3 3 1 5 3 1
split_gain=119.813 108.955 100.138 91.7758 85.5597 84.8883 76.5756 72.5583 140.88 83.6017 69.8642 123.045 230.509 143.581 82.6523 143.764 99.2364 74.1191 73.5597 106.125 69.2812 64.9086 62.1234 105.556 58.7983 84.5804 76.6277 86.7079 57.2122 68.5724
threshold=25.500000000000004 6.898333333333329 0.048367594201596455 287536.98999999999 -1612356.5549999997 -8.8778688499999987 -22.014999999999997 14.030655000000001 12.685 0.52932700000000044 30.382873500000006 11.005000000000001 18.235000000000003 21.530000000000005 6.0050000000000008 72163.265000000043 14.505000000000001 12.275 30.953628500000004 -37575.179999999986 4.2349700000000006 -664227.27499999991 3.6683805000000005 21.695000000000004 18.685000000000006 11.815000000000003 9.6116666666666735 0.061406204044325112 9.0150000000000023 15.730000000000013
decision_type=2 2 2 2 2 2 2 2 2 2 2 2 2 2 2 2 2 2 2 2 2 2 2 2 2 2 2 2 2 2
left_child=1 6 -2 4 -3 -4 21 8 -8 -10 20 12 -12 14 -13 -16 17 -17 -14 -20 -7 -1 28 -24 25 -5 -27 -28 29 -22
right_child=2 3 5 24 -6 10 7 -9 9 -11 11 13 18 -15 15 16 -18 -19 19 -21 22 -23 23 -25 -26 26 27 -29 -30 -31
leaf_value=-0.016480842605233192 -0.0031392982647156691 0.078516557462075184 0.093006417204936354 0.0041730655565563792 -0.0010025256280883864 0.02871010511604254 0.1119649172939826 -0.032374466165565087 -0.033418328347257699 0.032678709800044697 0.09754475243389607 0.0032368686443401706 -0.14320374727249147 0.15976312272250653 0.019717013193047153 0.079792614020407215 0.027784665177265806 0.20678778425962838 0.038001160452572201 -0.1022835128807596 0.12164620288780757 0.11090499302372336 -0.03449105421614649 0.086523144021630291 0.011800144394684553 -0.012307938290698244 -0.08600789155692809 -0.024161661472352384 0.0047533923992251889 0.022591891049299963
leaf_weight=20 2656 34 30 152 6657 320 25 644 156 69 30 135 22 24 113 20 24 27 26 28 21 20 182 20 117 151 126 103 3207 104
leaf_count=20 2656 34 30 152 6657 320 25 644 156 69 30 135 22 24 113 20 24 27 26 28 21 20 182 20 117 151 126 103 3207 104
internal_value=-0.000314973 -0.00438645 0.00450508 -0.00233971 -0.000598453 0.00919086 -0.0204711 -0.0234994 -0.000637221 -0.0131486 0.00860651 0.0272722 -0.0198118 0.0418229 0.0329497 0.0547499 0.110506 0.152747 -0.0661367 -0.034739 0.00643191 0.0472121 0.00441464 -0.0225095 -0.0202916 -0.0273493 -0.0399583 -0.0581906 0.0060469 0.039233
internal_weight=15263 8274 6989 7340 6691 4333 934 894 250 225 4303 449 106 343 319 184 71 47 76 54 3854 40 3534 202 649 532 380 229 3332 125
internal_count=15263 8274 6989 7340 6691 4333 934 894 250 225 4303 449 106 343 319 184 71 47 76 54 3854 40 3534 202 649 532 380 229 3332 125
is_linear=0
shrinkage=0.05


Tree=81
num_leaves=31
num_cat=0
split_feature=0 7 11 9 11 11 3 1 11 2 1 12 4 11 0 3 10 7 4 5 0 4 5 12 13 5 0 4 10 9
split_gain=108.131 102.922 129.788 109.908 158.344 151.119 107.798 237.946 111.139 173.21 100.675 90.6533 85.6787 79.8813 84.7343 83.7641 71.382 73.7009 89.2144 70.5772 70.1601 69.4069 78.6 101.715 128.822 66.4454 65.2564 62.4585 62.3694 59.5375
threshold=25.500000000000004 1.5000000000000002 -8.8778688499999987 19.571395500000005 3.4080502500000009 3.9140779000000001 10.405000000000003 19.983333333333338 0.38314760000000053 22.175000000000004 7.4300000000000024 287536.98999999999 -7.5200000000000005 0.7156830000000004 31.500000000000004 15.135000000000003 1618198.8000000003 1.0000000180025095e-35 -0.69500000000000017 0.084423815429351498 32.500000000000007 -5.4550000000000001 0.11173197057763083 -166415.07000000001 1.0050000000000001 0.06620324683008863 33.500000000000007 -22.014999999999997 1217008.3000000003 4.7802733500000008
decision_type=2 2 2 2 2 2 2 2 2 2 2 2 2 2 2 2 2 2 2 2 2 2 2 2 2 2 2 2 2 2
left_child=10 2 -2 12 6 -6 -5 8 19 28 27 -12 -4 14 25 -16 17 18 -15 -8 -21 22 23 24 -3 -14 -11 -1 -10 -20
right_child=1 21 3 4 5 -7 7 -9 9 26 11 -13 13 16 15 -17 -18 -19 29 20 -22 -23 -24 -25 -26 -27 -28 -29 -30 -31
leaf_value=0.044851471930742265 0.13460388468282128 -0.0025046709858413257 -0.030707579714023266 -0.076743725494102202 0.20753404446270154 0.029944845683872703 0.012244039501686312 0.15411100931027358 0.036371134995438516 -0.094887920504524603 6.2251559284453925e-05 -0.019901665696538985 0.010815816158664567 -0.025998722349906023 0.074567169090178576 0.019737968814768147 0.051859810884872626 -0.039626237739765542 0.11650344291701914 -0.081388915884825927 0.013777328622253502 -0.00077829274527594185 -0.057464992384547775 0.0066699332500011034 0.13144685430033132 -0.064774310394473705 0.0082175765382616148 -0.018578827634292722 0.093701062852157915 0.019677691802672752
leaf_weight=40 22 28 163 27 23 25 326 34 84 21 6305 625 79 111 84 408 44 172 20 45 34 4780 23 97 50 46 57 1304 109 77
leaf_count=40 22 28 163 27 23 25 326 34 84 21 6305 625 79 111 84 408 44 172 20 45 34 4780 23 97 50 46 57 1304 109 77
internal_value=-0.000299224 0.00427983 0.0138262 0.0124903 0.0270464 0.11504 0.0213155 0.0250445 0.018553 0.0433371 -0.00416712 -0.00173825 0.00299978 0.00827769 0.0197594 0.0290991 -0.0084304 -0.0154114 0.00461247 0.0019691 -0.0404313 0.000423315 0.0294318 0.0408525 0.0833617 -0.0170014 -0.0195416 -0.016691 0.0687492 0.0396418
internal_weight=15263 6989 2011 1989 785 48 737 710 676 271 8274 6930 1204 1041 617 492 424 380 208 405 79 4978 198 175 78 125 78 1344 193 97
internal_count=15263 6989 2011 1989 785 48 737 710 676 271 8274 6930 1204 1041 617 492 424 380 208 405 79 4978 198 175 78 125 78 1344 193 97
is_linear=0
shrinkage=0.05


Tree=82
num_leaves=31
num_cat=0
split_feature=0 1 5 12 4 9 12 11 10 9 2 13 1 13 12 3 9 12 9 9 12 12 11 13 12 9 5 14 3 3
split_gain=97.5883 91.1514 86.7234 83.83 75.3198 93.715 69.197 68.7871 67.1374 61.0207 108.63 204.387 129.088 72.7686 129.521 95.4504 65.6879 94.5078 61.2093 60.9887 58.58 56.5479 56.3668 55.5252 51.1641 50.1269 49.5256 47.2137 59.5703 47.0788
threshold=25.500000000000004 5.4016666666666726 0.048367594201596455 -1321743.0499999998 -22.014999999999997 15.173217500000002 58979.254999999983 -8.8778688499999987 359221.54500000004 30.382873500000006 11.005000000000001 18.235000000000003 21.530000000000005 6.0050000000000008 72163.265000000043 13.425000000000002 30.953628500000004 -37575.179999999986 4.2349700000000006 -0.9425811799999998 -664227.27499999991 1696944.3500000003 4.4502715000000013 19.955000000000002 1084879.1000000003 17.198593000000002 0.027207194543252305 2.0050000000000003 20.255000000000006 8.1800000000000015
decision_type=2 2 2 2 2 2 2 2 2 2 2 2 2 2 2 2 2 2 2 2 2 2 2 2 2 2 2 2 2 2
left_child=1 4 24 8 20 6 27 -4 -3 18 11 -11 13 -12 23 -16 -13 -18 -9 -5 -1 26 29 -15 -2 -10 -21 28 -6 -20
right_child=2 3 7 19 5 -7 -8 9 25 10 12 16 -14 14 15 -17 17 -19 22 21 -22 -23 -24 -25 -26 -27 -28 -29 -30 -31
leaf_value=-0.017899372950196266 -0.0019489554204431333 -0.010356471012346448 0.083875613963852333 0.045893111060343925 0.076327427073071399 -0.044297698783208689 -0.045971204214064143 0.026808359299539009 0.13689498648695325 0.091611618145058554 0.0027235068360136616 -0.13534329926425762 0.15084582045674325 0.03552436626412802 0.16619178052201417 0.049956122138782554 0.035797224084560118 -0.096586616230862482 0.052628473338543202 -0.061615192217545384 0.1031171701848507 -0.050679541642348919 -0.036998999797988957 -0.051525711300580403 -0.046862402102695065 0.03878372214424114 -0.0028286986805161562 0.089266796002075793 -0.013359966485784103 0.0042302318740616964
leaf_weight=20 2591 32 30 63 24 335 56 320 23 30 135 22 24 90 33 38 26 28 51 36 20 63 82 23 65 30 7470 21 81 3401
leaf_count=20 2591 32 30 63 24 335 56 320 23 30 135 22 24 90 33 38 26 28 51 36 20 63 82 23 65 30 7470 21 81 3401
internal_value=-0.000284263 -0.00395877 0.00406584 -0.00254884 -0.0234927 -0.028607 0.000274265 0.00842648 0.0468316 0.00790046 0.0253448 -0.0188953 0.0390167 0.0306032 0.0510585 0.103981 -0.0625164 -0.0328462 0.00586814 -0.0030988 0.0426089 -0.00350658 0.00397203 0.0178062 -0.00304812 0.0813603 -0.00311065 0.0208278 0.00714001 0.00494527
internal_weight=15263 8274 6989 7717 557 517 182 4333 85 4303 449 106 343 319 184 71 76 54 3854 7632 40 7569 3534 113 2656 53 7506 126 105 3452
internal_count=15263 8274 6989 7717 557 517 182 4333 85 4303 449 106 343 319 184 71 76 54 3854 7632 40 7569 3534 113 2656 53 7506 126 105 3452
is_linear=0
shrinkage=0.05


Tree=83
num_leaves=31
num_cat=0
split_feature=1 9 10 3 11 10 11 1 1 3 11 9 7 11 12 7 1 12 13 2 12 3 7 3 13 8 1 12 11 11
split_gain=81.3811 84.3364 106.252 138.145 92.232 130.413 83.4869 73.944 73.8016 200.125 68.2469 74.746 85.9497 67.6906 67.4032 100.889 106.152 76.0116 87.9431 67.5142 65.8224 101.885 155.639 84.0301 78.0434 67.9367 65.5854 82.6669 73.9884 64.1536
threshold=7.4300000000000024 30.382873500000006 2146156.3500000006 22.555000000000003 -0.19911184999999973 2685141.6500000004 1.7595825700000012 1.0000000180025095e-35 20.255000000000006 11.145000000000001 4.1361540000000003 12.2447815 1.0000000180025095e-35 -0.38799999999999985 198809.39000000022 2.5000000000000004 10.656666666666677 -129991.24999999999 19.955000000000002 11.355000000000002 -1612356.5549999997 26.775000000000002 3.5000000000000004 39.185000000000009 0.015000000000000001 1.0000000180025095e-35 11.363333333333342 137976.87000000011 1.2455905000000007 -0.56028759999999866
decision_type=2 2 2 2 2 2 2 2 2 2 2 2 2 2 2 2 2 2 2 2 2 2 2 2 2 2 2 2 2 2
left_child=7 2 10 26 5 29 -5 -1 14 -10 -2 12 -12 -7 17 16 -16 19 -19 -6 21 22 -9 -22 -23 -25 28 -28 -4 -3
right_child=1 4 3 6 8 13 -8 20 9 -11 11 -13 -14 -15 15 -17 -18 18 -20 -21 23 24 -24 25 -26 -27 27 -29 -30 -31
leaf_value=0.06259120743189539 0.0021562472446435546 -0.086015311555535198 0.0098041114000783827 0.0022924230738471333 0.12316205977247313 0.12505311503075064 0.13817266307771206 0.17905796590176495 -0.014758765291083942 0.19850879050791265 0.04479674019983837 0.0053004511390441567 -0.037667896583676336 -0.0050339914578944453 0.037515119370073083 0.014142408967018127 0.19846882181508202 0.0097073641010050286 -0.092794829023920972 0.02153638874138282 -0.015235979354519077 0.03245885011274368 0.0013432398638022799 0.052435581311583525 -0.086816736652205392 -0.050594093799591067 -0.113559350398619 -0.034849568213955316 -0.043127970634554716 -0.0054788521141745155
leaf_weight=35 11425 51 155 26 26 20 20 22 22 22 35 266 325 20 20 50 21 232 23 44 1836 32 28 80 24 20 41 179 115 48
leaf_count=35 11425 51 155 26 26 20 20 22 22 22 35 266 325 20 20 50 21 232 23 44 1836 32 28 80 24 20 41 179 115 48
internal_value=-0.00027005 0.00117897 0.000306653 -0.0214758 0.0195092 -0.0161826 0.0613708 -0.00946925 0.0302944 0.091875 0.00127548 -0.0147991 -0.0296505 0.0600096 0.023781 0.0618161 0.119955 0.0131312 0.000462068 0.0592831 -0.0107044 0.0276601 0.0795377 -0.0128049 -0.0186593 0.0318296 -0.0292532 -0.0495182 -0.012741 -0.0469673
internal_weight=15263 13186 12587 536 599 139 46 2077 460 44 12051 626 360 40 416 91 41 325 255 70 2042 106 50 1936 56 100 490 220 270 99
internal_count=15263 13186 12587 536 599 139 46 2077 460 44 12051 626 360 40 416 91 41 325 255 70 2042 106 50 1936 56 100 490 220 270 99
is_linear=0
shrinkage=0.05


Tree=84
num_leaves=31
num_cat=0
split_feature=0 7 11 9 11 11 3 1 11 2 1 4 12 11 1 13 5 0 4 9 4 5 12 13 12 3 7 4 3 9
split_gain=85.8269 89.4717 108.665 95.3738 140.756 130.681 94.3005 206.829 97.7798 150.561 80.453 75.5228 73.7502 70.5876 78.5041 92.8 64.7783 65.0569 63.7973 82.1678 60.9614 70.4818 91.0465 114.3 60.3639 60.0717 59.0598 63.0028 56.0633 54.7624
threshold=25.500000000000004 1.5000000000000002 -8.8778688499999987 19.571395500000005 3.4080502500000009 3.9140779000000001 10.405000000000003 19.983333333333338 0.38314760000000053 22.175000000000004 5.4016666666666726 -7.5200000000000005 -1321743.0499999998 0.7156830000000004 13.993333333333334 7.3450000000000006 0.084423815429351498 32.500000000000007 -22.014999999999997 15.173217500000002 -5.4550000000000001 0.11173197057763083 -166415.07000000001 1.0050000000000001 58979.254999999983 24.625000000000004 1.0000000180025095e-35 -1.2 21.145000000000003 4.4892885000000007
decision_type=2 2 2 2 2 2 2 2 2 2 2 2 2 2 2 2 2 2 2 2 2 2 2 2 2 2 2 2 2 2
left_child=10 2 -2 11 6 -6 -5 8 16 -10 18 -4 28 14 15 -13 -8 -18 -1 24 21 22 23 -3 -20 -11 27 -15 -12 -29
right_child=1 20 3 4 5 -7 7 -9 9 25 12 13 -14 26 -16 -17 17 -19 19 -21 -22 -23 -24 -25 -26 -27 -28 29 -30 -31
leaf_value=0.038781383521854881 0.12323716579174454 -0.0024354123177805116 -0.028985984220478024 -0.072057362728648711 0.19403594835944799 0.028891721751540901 0.011381738716675728 0.14347737391996335 0.064032557416572169 -0.093006933927536006 0.016982398662021607 0.061343141826742054 -0.0028937542378752517 -0.017872581358745015 0.063335028790364359 0.0026258410398216532 -0.078523183429820675 0.013116708573173076 0.019479189553327624 -0.041453476480778254 -0.00089883505639454036 -0.054873258588106738 0.0058882259773378525 0.12374052065238357 -0.042910844566566603 0.0074831492235434465 -0.028121694867667003 0.10797328847859587 0.10510884972307116 0.018836083825590322
leaf_weight=40 22 28 163 27 23 25 326 34 193 20 59 79 7632 110 84 454 45 34 126 335 4780 23 97 50 56 58 197 21 26 96
leaf_count=40 22 28 163 27 23 25 326 34 193 20 59 79 7632 110 84 454 45 34 126 335 4780 23 97 50 56 58 197 21 26 96
internal_value=-0.000256547 0.003823 0.0127238 0.0115014 0.0250609 0.108023 0.0196577 0.0231455 0.0170933 0.0403401 -0.00370252 0.00266064 -0.00237791 0.00761588 0.018409 0.0113288 0.00153795 -0.0390832 -0.0220544 -0.0267612 0.000227295 0.0274137 0.0382285 0.0784466 0.000282256 -0.0182835 -0.00809022 0.00929392 0.0439387 0.0348351
internal_weight=15263 6989 2011 1989 785 48 737 710 676 271 8274 1204 7717 1041 617 533 405 79 557 517 4978 198 175 78 182 78 424 227 85 117
internal_count=15263 6989 2011 1989 785 48 737 710 676 271 8274 1204 7717 1041 617 533 405 79 557 517 4978 198 175 78 182 78 424 227 85 117
is_linear=0
shrinkage=0.05


Tree=85
num_leaves=31
num_cat=0
split_feature=11 2 11 3 3 12 1 9 2 13 9 3 11 7 9 10 13 12 9 9 13 1 1 1 3 7 0 7 9 9
split_gain=98.3963 87.0478 81.7989 166.211 79.7823 95.9109 100.303 195.608 115.837 75.5952 81.9487 80.612 73.5089 72.0351 84.1357 89.2252 68.2875 67.4848 59.9178 117.632 58.7081 58.4441 57.0107 56.6193 90.9202 76.6743 84.2871 185.938 76.1253 75.9484
threshold=4.0352475000000014 41.085000000000008 -6.8841704999999997 14.705000000000002 11.005000000000001 1598213.0750000004 19.983333333333338 29.971771000000004 12.275 20.075000000000003 29.401855500000003 9.6950000000000021 0.045898499999999849 1.0000000180025095e-35 12.2447815 2036305.6500000001 15.445000000000002 -1779.59187 23.527862500000001 27.386459500000004 15.970000000000002 9.3800000000000026 10.05666666666667 4.4400000000000031 43.435000000000009 1.5000000000000002 11.500000000000002 1.0000000180025095e-35 1.3606109500000001 0.51583863500000005
decision_type=2 2 2 2 2 2 2 2 2 2 2 2 2 2 2 2 2 2 2 2 2 2 2 2 2 2 2 2 2 2
left_child=1 2 3 -1 9 6 23 12 -9 -4 -11 -12 17 22 20 -16 -7 -8 -14 -20 -15 -17 -2 24 -6 26 27 28 -25 -28
right_child=13 -3 4 -5 5 16 7 8 -10 10 11 -13 18 14 15 21 -18 -19 19 -21 -22 -23 -24 25 -26 -27 29 -29 -30 -31
leaf_value=0.1123113361434365 -0.0013888741078387414 -0.047714735697145051 0.020410322249002577 0.0086251513527698647 -0.018637520498646597 -0.028545563544113459 -0.056391634823133557 0.2181464892625809 0.047972662225365642 0.0063966080474738901 -0.11841720311729718 -0.0024418403362405712 -0.0074259968424165573 -0.032679502401051337 0.010320957596211331 -0.085951515873695941 -0.13134785287082196 0.028114260316249876 0.17232460658997298 0.023178897358668158 -0.10448671753608413 0.0033741178239385288 0.088204238277215227 0.045405192374054236 0.062932478615807169 -0.0024617818211337497 0.097873948161111918 0.016191548160460988 -0.03324760498965184 0.010289839915872411
leaf_weight=49 56 92 853 183 669 84 54 20 20 156 31 29 37 348 253 47 20 42 20 39 31 30 26 33 36 8446 25 469 454 2494
leaf_count=49 56 92 853 183 669 84 54 20 20 156 31 29 37 348 253 47 20 42 20 39 31 30 26 33 36 8446 25 469 454 2494
internal_value=-0.000181168 0.000764845 0.00107755 0.0305244 0.000590653 -0.000492106 -0.000105296 0.032473 0.13306 0.0137195 -0.0127031 -0.0623624 0.0115175 -0.0173493 -0.0224807 -0.00402211 -0.0483152 -0.0194203 0.0424553 0.0737368 -0.0385529 -0.0511493 0.0270187 -0.000703915 -0.0144722 0.000110334 0.00636187 -0.00627846 -0.0279179 0.0111591
internal_weight=15146 14355 14263 232 14031 12962 12858 232 40 1069 216 60 192 791 709 330 104 96 96 59 379 77 82 12626 705 11921 3475 956 487 2519
internal_count=15146 14355 14263 232 14031 12962 12858 232 40 1069 216 60 192 791 709 330 104 96 96 59 379 77 82 12626 705 11921 3475 956 487 2519
is_linear=0
shrinkage=0.05


Tree=86
num_leaves=31
num_cat=0
split_feature=11 5 11 3 3 0 9 1 13 9 3 7 9 10 3 1 4 7 4 7 11 5 1 1 10 9 11 11 13 9
split_gain=88.8026 79.2016 72.7046 150.632 71.5624 76.1783 158.425 205.289 68.2246 73.9587 72.7524 65.0117 75.9325 80.5258 61.2508 64.7417 63.3898 63.2959 165.839 297.388 170.347 109.207 104.826 85.8409 145.181 103.66 87.6813 70.0334 69.0233 96.4114
threshold=4.0352475000000014 0.025090954476174768 -6.8841704999999997 14.705000000000002 11.005000000000001 32.500000000000007 30.182007500000005 19.983333333333338 20.075000000000003 29.401855500000003 9.6950000000000021 1.0000000180025095e-35 12.2447815 2036305.6500000001 43.435000000000009 2.8000000000000003 8.370000000000001 2.5000000000000004 -5.3199999999999985 3.5000000000000004 -0.32756050000000053 0.11500865045037176 19.23166666666668 11.756666666666677 124395.10000000002 30.382873500000006 0.47410600000000086 2.7533263000000008 17.245000000000001 10.1609195
decision_type=2 2 2 2 2 2 2 2 2 2 2 2 2 2 2 2 2 2 2 2 2 2 2 2 2 2 2 2 2 2
left_child=1 -1 3 -3 8 14 -7 -8 -4 -10 -11 -2 -13 -14 15 16 -6 21 19 20 -19 22 28 27 -25 26 -26 -20 -17 -30
right_child=11 2 4 -5 5 6 7 -9 9 10 -12 12 13 -15 -16 17 -18 18 23 -21 -22 -23 -24 24 25 -27 -28 -29 29 -31
leaf_value=-0.040783428763480567 0.025667762894910285 0.10669577034684469 0.019389806089821521 0.0079311726268145501 -0.027010744612572003 0.0037301035788806351 0.026115830595819997 0.19992552088654561 0.0060767770915005643 -0.11249634323100891 -0.0023197484427484971 -0.036625270119576107 0.0098049094082360636 -0.048591854824841796 0.062031417521130706 0.0038218545410512034 0.055027479946613313 0.027813002606853845 -0.0066678693464950062 0.0053687695934272863 0.21497883191031797 -0.10838209837675095 0.093449411704204982 0.0064550598419366853 -0.065190312818436805 0.010021194038716586 -0.02070327217011033 0.023133208950631697 0.063956906199455266 -0.056937894371754318
leaf_weight=114 82 49 853 182 405 4044 65 23 156 31 29 379 253 77 36 3414 25 20 3475 187 31 22 32 283 276 95 185 209 20 94
leaf_count=114 82 49 853 182 405 4044 65 23 156 31 29 379 253 77 36 3414 25 20 3475 187 31 22 32 283 276 95 185 209 20 94
internal_value=-0.000172109 0.000726603 0.00105889 0.0288812 0.000600152 -0.000426914 0.00517434 0.0715434 0.0130335 -0.012068 -0.0592443 -0.0164819 -0.0213567 -0.003821 -0.00305427 -0.00332135 -0.0222411 -0.00234622 -0.00612377 0.034557 0.14158 0.0026747 0.003361 -0.00826439 -0.0226983 -0.0375371 -0.0473376 -0.0049772 0.00254387 -0.0357283
internal_weight=15146 14355 14241 231 14010 12941 4132 88 1069 216 60 791 709 330 8809 8773 430 8343 4761 238 51 3582 3560 4523 839 556 461 3684 3528 114
internal_count=15146 14355 14241 231 14010 12941 4132 88 1069 216 60 791 709 330 8809 8773 430 8343 4761 238 51 3582 3560 4523 839 556 461 3684 3528 114
is_linear=0
shrinkage=0.05


Tree=87
num_leaves=31
num_cat=0
split_feature=11 2 11 3 3 12 1 11 2 3 1 2 13 11 11 10 13 1 7 11 1 3 12 4 7 1 12 14 11 0
split_gain=80.1444 71.6395 66.723 135.304 64.9706 85.0105 83.23 95.0864 131.756 128.422 86.8124 64.8149 61.5727 72.6452 63.041 76.7602 80.2089 61.1631 58.6731 51.4542 73.502 81.1074 103.235 73.3587 80.1269 75.505 61.9379 75.9862 74.275 83.1323
threshold=4.0352475000000014 41.085000000000008 -6.8841704999999997 14.705000000000002 11.005000000000001 1598213.0750000004 19.983333333333338 -1.0962828499999999 12.635000000000003 12.855000000000002 22.513333333333339 13.615 20.075000000000003 -1.8116303 -0.58377064999999939 1309407.3000000003 22.095000000000002 9.930000000000005 1.0000000180025095e-35 2.7533263000000008 6.898333333333329 39.185000000000009 -1258124.3499999999 8.0250000000000021 1.0000000180025095e-35 11.44000000000001 -1139563.7499999998 0.62000000000000011 -2.0107271 23.500000000000004
decision_type=2 2 2 2 2 2 2 2 2 2 2 2 2 2 2 2 2 2 2 2 2 2 2 2 2 2 2 2 2 2
left_child=1 2 3 -1 12 6 19 -8 9 10 -9 -10 -4 -14 -15 -16 -17 -7 -2 20 21 -6 -23 24 25 -21 27 28 29 -22
right_child=18 -3 4 -5 5 17 7 8 11 -11 -12 -13 13 14 15 16 -18 -19 -20 23 26 22 -24 -25 -26 -27 -28 -29 -30 -31
leaf_value=0.10136098321907375 0.024384374839321869 -0.043289827561491856 0.018420315759149621 0.0078106452980653846 -0.016753666997914585 0.0061317123875424678 -0.049008109917243324 0.22494069820358639 -0.051871106131323452 0.0060762112717265672 0.081171398219608129 0.03257237324757236 0.047555062954502542 -0.097515081857832586 -0.042003208060438439 -0.049289355315268041 0.074415982945969225 -0.073961033521970712 -0.020288875285637525 0.027644062027908291 0.094368752049790186 -0.069971602857112888 0.057700710742440278 0.068673971259536656 0.0016935770200965515 0.13653925627470018 -0.00063857345608548332 -0.057528490132906222 0.080800947338780946 -0.018528361775956691
leaf_weight=49 82 92 853 183 1139 37 33 21 29 23 21 105 42 26 90 20 38 67 709 78 22 20 76 52 724 20 10342 22 68 63
leaf_count=49 82 92 853 183 1139 37 33 21 29 23 21 105 42 26 90 20 38 67 709 78 22 20 76 52 724 20 10342 22 68 63
internal_value=-0.000163504 0.000690273 0.000973956 0.0275691 0.000534209 -0.000442886 -7.87194e-05 0.0295977 0.0426329 0.101048 0.153056 0.0142973 0.0123818 -0.0114646 -0.0257107 -0.0130964 0.031759 -0.0454665 -0.0156578 -0.000624018 -0.00149447 -0.0130337 0.0311023 0.0110803 0.00743695 0.0498676 -0.000139437 0.0293581 0.0418516 0.0106921
internal_weight=15146 14355 14263 232 14031 12962 12858 232 199 65 42 134 1069 216 174 148 58 104 791 12626 11752 1235 96 874 822 98 10517 175 153 85
internal_count=15146 14355 14263 232 14031 12962 12858 232 199 65 42 134 1069 216 174 148 58 104 791 12626 11752 1235 96 874 822 98 10517 175 153 85
is_linear=0
shrinkage=0.05


Tree=88
num_leaves=31
num_cat=0
split_feature=11 2 11 3 9 9 3 1 4 7 9 1 12 13 0 10 0 3 13 13 12 11 12 12 10 3 3 4 4 13
split_gain=72.3303 64.6546 60.2175 122.112 59.3057 58.3437 61.1238 68.6241 58.5091 52.9524 68.5291 74.703 64.6495 52.984 51.9705 89.0589 68.3782 65.6393 75.3592 72.8044 144.764 116.159 125.434 170.914 188.47 89.7676 87.7149 80.9958 73.7021 67.5956
threshold=4.0352475000000014 41.085000000000008 -6.8841704999999997 14.705000000000002 -0.9425811799999998 32.147735500000003 11.815000000000003 9.8100000000000094 -2.4100000000000006 1.0000000180025095e-35 12.2447815 8.845000000000006 -22076.031999999974 15.970000000000002 32.500000000000007 112425.79000000002 36.500000000000007 11.005000000000001 27.005000000000006 16.935000000000006 -145730.63999999998 -2.379028249999998 271968.65200000006 96819.599999999991 811427.27000000014 41.085000000000008 14.705000000000002 -3.4799999999999991 0.1449999999999996 7.535000000000001
decision_type=2 2 2 2 2 2 2 2 2 2 2 2 2 2 2 2 2 2 2 2 2 2 2 2 2 2 2 2 2 2
left_child=1 2 3 -1 -4 14 -7 -8 -9 -2 13 12 -12 -11 17 -16 -17 18 -6 25 26 -22 23 24 27 29 -21 -23 -29 -19
right_child=9 -3 4 -5 5 6 7 8 -10 10 11 -13 -14 -15 15 16 -18 19 -20 20 21 22 -24 -25 -26 -27 -28 28 -30 -31
leaf_value=0.096292933213467505 0.023165155894963482 -0.041125335684046152 0.048910309199755642 0.0074201128007894985 0.014862767338746455 0.087664280338988959 0.091603266318207199 -0.072257766096542275 0.017153315627100794 -0.028199819975864446 0.024463196163592132 0.010508517200392285 -0.075637519138830683 -0.096416673761221677 2.5220675397284076e-05 0.0096837816428405384 0.038406937653550285 -0.0079704498120934976 -0.070180111275382207 -0.12981520806965621 -0.11828549333981105 -0.01495562151429199 -0.040489057369183665 0.17216463943652344 -0.080994280161602164 0.05947286972840285 -0.026404418616014461 0.17417717341333627 0.038436534963548187 0.001108291286919595
leaf_weight=49 82 92 63 183 740 36 23 24 77 348 23 253 54 31 3167 950 265 3706 27 46 21 21 86 20 35 58 37 20 20 4589
leaf_count=49 82 92 63 183 740 36 23 24 77 348 23 253 54 31 3167 950 265 3706 27 46 21 21 86 20 35 58 37 20 20 4589
internal_value=-0.000155329 0.000655759 0.000925258 0.0261907 0.000507499 0.000289187 0.0303088 0.0136572 -0.00409288 -0.0148749 -0.0192744 -0.00261551 -0.0457373 -0.0337796 -5.86646e-05 0.00444028 0.0159485 -0.00215015 0.0118691 -0.00339195 -0.0273458 -0.00636482 0.0052705 0.0391957 0.0114938 -0.00251444 -0.0837164 0.0645608 0.106307 -0.00294786
internal_weight=15146 14355 14263 232 14031 13968 160 124 101 791 709 330 77 379 13808 4382 1215 9426 767 8659 306 223 202 116 96 8353 83 61 40 8295
internal_count=15146 14355 14263 232 14031 13968 160 124 101 791 709 330 77 379 13808 4382 1215 9426 767 8659 306 223 202 116 96 8353 83 61 40 8295
is_linear=0
shrinkage=0.05


Tree=89
num_leaves=31
num_cat=0
split_feature=11 1 11 3 7 12 9 3 10 11 13 11 1 10 13 9 9 7 9 0 3 4 9 11 12 13 12 12 13 12
split_gain=65.8043 59.9795 82.7841 93.4832 55.7072 77.7041 76.115 76.4671 73.1093 167.535 90.9496 69.9855 89.3362 68.4146 68.1594 98.0646 68.0411 64.8952 96.2481 65.9845 64.8123 90.3448 140.055 227.214 64.7407 62.315 62.2807 93.6137 61.2136 61.1563
threshold=4.6548615 8.150000000000011 -6.8841704999999997 14.705000000000002 1.5000000000000002 616506.75000000012 9.8246920000000024 12.035000000000002 690345.77500000014 -0.037582500000000955 20.005000000000006 0.60459940000000023 12.99666666666667 2809705.1500000004 13.005000000000001 2.6151123500000004 17.491165000000006 1.0000000180025095e-35 14.633026000000003 30.500000000000004 9.6950000000000021 3.4200000000000013 27.386459500000004 -0.23602250000000066 693780.90000000014 11.995000000000003 -908.2500000001163 -97356.349999999962 15.165000000000001 -1090546.2299999997
decision_type=2 2 2 2 2 2 2 2 2 2 2 2 2 2 2 2 2 2 2 2 2 2 2 2 2 2 2 2 2 2
left_child=1 -1 3 -3 8 20 -7 -8 11 13 17 12 14 -10 -4 -16 25 18 -11 -20 21 22 -6 -24 28 -13 27 -14 -19 -22
right_child=-2 2 4 -5 5 6 7 -9 9 10 -12 16 26 -15 15 -17 -18 24 19 -21 29 -23 23 -25 -26 -27 -28 -29 -30 -31
leaf_value=-0.0054392205465315013 -0.017045902184017744 0.098650906450218623 0.007814377009223222 0.014608206149935724 0.016715255379324046 0.055909786878093594 0.0060416717123049895 -0.03877018653722003 0.0008449898798175621 0.16638572722673417 0.12575806360090933 -0.0054373358362027561 0.074504376223067867 -0.087206295101592946 0.072484065974131234 -0.047247779883949431 0.01757184683890747 0.025432650583485761 0.020468453702455414 0.10872847532232605 0.034713975306414069 -0.022644371108950248 0.21811324352255235 0.0090799457178666037 0.080956874268227508 -0.040797668603505484 0.045424024125849019 -0.048600665011760247 -0.039439797579931719 -0.00054918267513733336
leaf_weight=3296 555 45 910 125 132 31 137 312 273 20 31 342 23 24 20 118 175 150 72 30 125 70 26 26 38 196 241 47 48 7508
leaf_count=3296 555 45 910 125 132 31 137 312 273 20 31 342 23 24 20 118 175 150 72 30 125 70 26 26 38 196 241 47 48 7508
internal_value=-0.000147562 0.000495202 0.00222693 0.0368548 0.00169778 -0.000333581 -0.0198654 -0.0250971 0.00786038 0.0220083 0.0435988 0.00317628 0.00983229 -0.00627027 0.00284878 -0.0298953 -0.00951029 0.0364845 0.0660926 0.0464273 0.000855118 0.0257021 0.0440948 0.113597 0.0211786 -0.0183195 0.0333651 -0.00815187 0.009706 2.8296e-05
internal_weight=15146 14591 11295 170 11125 8367 480 449 2758 686 389 2072 1359 297 1048 138 713 358 122 102 7887 254 184 52 236 538 311 70 198 7633
internal_count=15146 14591 11295 170 11125 8367 480 449 2758 686 389 2072 1359 297 1048 138 713 358 122 102 7887 254 184 52 236 538 311 70 198 7633
is_linear=0
shrinkage=0.05


Tree=90
num_leaves=31
num_cat=0
split_feature=9 11 3 13 11 12 11 10 1 1 12 13 1 2 12 11 12 11 9 12 0 4 13 9 10 11 13 0 9 10
split_gain=86.1118 94.1656 185.291 123.522 90.4139 125.049 80.4593 74.1451 78.0199 72.1585 70.692 67.0553 117.678 80.2329 66.6667 61.9883 70.7618 66.6087 60.9451 83.8236 82.9756 98.5118 84.4428 85.6806 101.944 81.991 91.5518 76.5532 72.3625 70.6501
threshold=25.837906000000004 -1.8116303 9.0150000000000023 11.865 -0.52418549999999964 17036.408500000009 3.4080502500000009 3105664.6500000004 17.971666666666682 11.673333333333344 -14555.435000000098 20.935000000000006 22.513333333333339 12.155000000000003 150647.46500000011 3.4080502500000009 -39794.199999999946 0.41149899999999745 6.4737701000000003 -48384.650999999991 19.500000000000004 8.0250000000000021 5.0050000000000008 18.606658500000005 1062504.5000000002 -0.94378635000000066 16.150000000000002 24.500000000000004 17.491165000000006 1478159.0000000002
decision_type=2 2 2 2 2 2 2 2 2 2 2 2 2 2 2 2 2 2 2 2 2 2 2 2 2 2 2 2 2 2
left_child=7 2 -2 -4 5 9 11 8 18 -3 -11 -6 -13 -14 -7 16 17 -10 25 20 22 -22 -20 24 -24 -1 29 -23 -29 -27
right_child=1 4 3 -5 6 14 -8 -9 15 10 -12 12 13 -15 -16 -17 -18 -19 19 -21 21 27 23 -25 -26 26 -28 28 -30 -31
leaf_value=0.014380185901724388 0.18386654054576701 0.012336816192031481 0.12781167114153505 -0.010919031024198323 0.0073182950417852227 0.12316791287490302 0.08359436462507458 -0.037519862686832703 0.037601000263821335 -0.067783099501532745 0.0023996482071067609 0.1495873896000178 -0.040226229826609297 0.081055925220251082 -0.0013804082843390381 -0.02568240609019995 0.017731964559564481 0.14591638441620902 -0.002247099672275456 -0.0059091007989430077 -0.0028398677045764517 -0.017541541013380756 0.047504907062817257 0.0024615148848776396 0.16431328306595486 -0.010787542293475257 0.040583860173097092 0.15479174292025466 0.032009359278405709 0.036489117919083901
leaf_weight=1243 22 65 21 68 1906 21 37 140 40 134 49 23 30 25 22 65 324 22 187 7616 1470 23 169 96 21 1124 108 24 24 85
leaf_count=1243 22 65 21 68 1906 21 37 140 40 134 49 23 30 25 22 65 324 22 187 7616 1470 23 169 96 21 1124 108 24 24 85
internal_value=0.00030576 0.00894804 0.0539335 0.0218152 0.00678827 -0.0192691 0.0105402 -0.00133263 -0.000931851 -0.0329172 -0.048991 0.00917782 0.0546169 0.014902 0.0594455 0.01949 0.0270968 0.0760355 -0.00168741 -0.00351023 0.00556116 -6.15409e-05 0.0238795 0.0409623 0.0604153 0.00516953 -0.00352359 0.0574616 0.0934006 -0.00746371
internal_weight=15204 2423 111 89 2312 291 2021 12781 12641 248 183 1984 78 55 43 451 386 62 12190 9630 2014 1541 473 286 190 2560 1317 71 48 1209
internal_count=15204 2423 111 89 2312 291 2021 12781 12641 248 183 1984 78 55 43 451 386 62 12190 9630 2014 1541 473 286 190 2560 1317 71 48 1209
is_linear=0
shrinkage=0.05


Tree=91
num_leaves=31
num_cat=0
split_feature=9 11 3 13 11 10 10 9 11 10 1 13 1 2 9 12 0 13 11 9 10 12 11 7 5 11 11 12 1 1
split_gain=77.7159 84.9845 167.225 111.478 81.5985 113.292 155.238 78.7699 72.6145 66.9159 70.5861 60.5174 106.205 72.4102 56.2391 75.9532 80.3743 79.4871 79.5545 80.7244 72.7049 83.217 72.1923 86.0616 149.331 92.3874 80.561 70.497 69.6184 68.472
threshold=25.837906000000004 -1.8116303 9.0150000000000023 11.865 -0.52418549999999964 2733385.1500000004 2321244.8000000003 30.182007500000005 3.4080502500000009 3105664.6500000004 18.116666666666678 20.935000000000006 22.513333333333339 12.155000000000003 6.4737701000000003 -48384.650999999991 19.500000000000004 5.0050000000000008 -2.379028249999998 18.606658500000005 1062504.5000000002 -637928.41999999993 -0.94378635000000066 1.0000000180025095e-35 0.086918739848144994 2.5579835000000002 3.4080502500000009 -52814.364999999991 3.6633333333333336 9.3516666666666719
decision_type=2 2 2 2 2 2 2 2 2 2 2 2 2 2 2 2 2 2 2 2 2 2 2 2 2 2 2 2 2 2
left_child=9 2 -2 -4 5 6 7 -3 11 10 14 -6 -13 -14 22 16 17 28 -19 20 21 -20 29 24 25 -24 -25 -18 -16 -1
right_child=1 4 3 -5 8 -7 -8 -9 -10 -11 -12 12 13 -15 15 -17 27 18 19 -21 -22 -23 23 26 -26 -27 -28 -29 -30 -31
leaf_value=-0.00029135758401396529 0.17467321371871303 -0.0022495289222400601 0.1214210878747205 -0.010373079338494469 0.0069523803110429954 0.096534231379628188 -0.14548939311504364 -0.078924599781166768 0.079414645109224968 -0.035643869456169867 0.019470428271915367 0.14210802310186885 -0.038214918449521067 0.07700312953814864 -0.074834154379953235 -0.0055979860092593139 -0.0015165903800438041 -0.04373289220608198 0.12147297123195351 0.0092173113163267623 0.15744664244353773 0.035444406849783887 -0.004100204217306609 -0.0050301414534393851 0.14088897396624089 0.094442688780171535 -0.05836340193636716 0.088631886447017846 0.010667667351882765 0.023531444744043218
leaf_weight=515 22 206 21 68 1906 20 25 40 37 140 412 23 30 25 28 7642 1523 26 37 89 20 117 158 1036 25 28 76 22 159 728
leaf_count=515 22 206 21 68 1906 20 25 40 37 140 412 23 30 25 28 7642 1523 26 37 89 20 117 158 1036 25 28 76 22 159 728
internal_value=0.000290472 0.00850064 0.0512368 0.0207244 0.00644886 -0.0183056 -0.0267809 -0.014717 0.0100132 -0.001266 -0.000885259 0.00871893 0.0518861 0.0141569 -0.00157105 -0.00331834 0.00530166 0.0232658 0.0397014 0.0479497 0.0677611 0.0561136 0.00500888 -0.00312023 0.0261554 0.0107342 -0.00867522 -0.000232923 -0.00213474 0.0136612
internal_weight=15204 2423 111 89 2312 291 271 246 2021 12781 12641 1984 78 55 12229 9663 2021 476 289 263 174 154 2566 1323 211 186 1112 1545 187 1243
internal_count=15204 2423 111 89 2312 291 271 246 2021 12781 12641 1984 78 55 12229 9663 2021 476 289 263 174 154 2566 1323 211 186 1112 1545 187 1243
is_linear=0
shrinkage=0.05


Tree=92
num_leaves=31
num_cat=0
split_feature=9 11 3 13 11 12 11 4 1 3 1 10 1 12 2 9 3 11 9 11 12 12 9 0 2 4 12 7 0 11
split_gain=70.1386 76.6985 150.921 100.609 73.6426 110.644 65.5346 63.8559 111.524 83.7318 61.6846 60.3916 63.8048 60.322 59.9536 58.3107 78.7016 57.5095 82.0886 55.8089 63.7911 62.8209 53.3053 51.7879 48.894 46.5158 86.19 104.311 76.7032 73.8673
threshold=25.837906000000004 -1.8116303 9.0150000000000023 11.865 -0.52418549999999964 17036.408500000009 3.4080502500000009 0.21499999999999989 20.681666666666676 10.625000000000002 11.673333333333344 3105664.6500000004 17.971666666666682 -14555.435000000098 13.335000000000003 28.377518000000006 11.005000000000001 -0.88372799999999996 29.971771000000004 3.4080502500000009 -39794.199999999946 -145730.63999999998 -0.9425811799999998 46.500000000000007 9.0150000000000023 -1.4050000000000009 24120.819999999967 1.0000000180025095e-35 21.500000000000004 -6.8841704999999997
decision_type=2 2 2 2 2 2 2 2 2 2 2 2 2 2 2 2 2 2 2 2 2 2 2 2 2 2 2 2 2 2
left_child=11 2 -2 -4 5 10 7 9 -9 -6 -3 12 22 17 -7 -10 -17 -12 -19 20 21 -14 -1 25 -11 -24 29 -28 -29 -27
right_child=1 4 3 -5 6 14 -8 8 15 24 13 -13 19 -15 -16 16 -18 18 -20 -21 -22 -23 23 -25 -26 26 27 28 -30 -31
leaf_value=0.042951254282535906 0.16593954915350134 0.011612634218942661 0.11535003541835719 -0.0098544259939123621 -0.079553182981908332 0.11996482364833355 0.075443912659947931 0.013348973900822361 0.012582270037382843 0.07309419092101356 -0.039545981321069928 -0.033861675986221855 0.032659665246804553 0.0023820690943726474 0.0015972163042296537 0.044526383727788929 0.18157037713310936 -0.046952077932655815 -0.18410885347984732 -0.025234801252730768 0.015953053060025854 0.13684860062987911 0.0030530607507875166 -0.023300712304298542 0.00090137111092295982 0.090657884686515908 0.036407467395979533 -0.03113411036236164 -0.0082389427268120801 -0.0011263120606258147
leaf_weight=67 22 65 21 68 32 20 37 836 20 24 90 140 39 49 23 20 22 24 20 65 324 23 4075 273 1030 22 98 583 982 6090
leaf_count=67 22 65 21 68 32 20 37 836 20 24 90 140 39 49 23 20 22 24 20 65 324 23 4075 273 1030 22 98 583 982 6090
internal_value=0.000275949 0.0080756 0.048675 0.0196882 0.00612641 -0.0173903 0.00951255 0.00828298 0.0181475 0.000126124 -0.0302283 -0.0012027 -0.000840996 -0.0450899 0.0566519 0.0828503 0.116311 -0.062449 -0.109296 0.017627 0.0248446 0.0713104 -0.00152427 -0.00177007 0.00254523 -0.00127405 -0.00354195 -0.0136343 -0.0167679 -0.000795937
internal_weight=15204 2423 111 89 2312 291 2021 1984 898 1086 248 12781 12641 183 43 62 42 134 44 451 386 62 12190 12123 1054 11850 7775 1663 1565 6112
internal_count=15204 2423 111 89 2312 291 2021 1984 898 1086 248 12781 12641 183 43 62 42 134 44 451 386 62 12190 12123 1054 11850 7775 1663 1565 6112
is_linear=0
shrinkage=0.05


Tree=93
num_leaves=31
num_cat=0
split_feature=0 10 0 14 12 4 5 9 4 10 0 5 7 7 11 9 11 5 4 5 7 11 10 13 10 1 12 13 10 9
split_gain=67.2616 86.3942 141.414 90.5884 82.0987 80.7118 79.6971 78.0957 126.338 70.0309 138.66 198.323 240.135 150.146 127.187 108.223 128.195 113.736 102.993 124.929 136.826 98.6582 93.2656 109.213 90.3907 83.5207 79.017 77.0562 75.8079 65.4881
threshold=25.500000000000004 148840.49500000002 34.500000000000007 1.0000000180025095e-35 1391.0202500000019 -6.2849999999999993 0.035835871573888907 18.203201500000002 -8.3149999999999959 1226737.0000000002 33.500000000000007 0.083998327794592029 2.5000000000000004 2.5000000000000004 -0.54315160000000062 28.762573500000006 0.47410600000000086 0.084853635566382604 -5.4550000000000001 0.08193364079429484 3.5000000000000004 0.62539689999999981 1835194.1500000001 19.145000000000003 2733385.1500000004 11.250000000000004 -97356.349999999962 5.0050000000000008 2253620.8500000006 29.401855500000003
decision_type=2 2 2 2 2 2 2 2 2 2 2 2 2 2 2 2 2 2 2 2 2 2 2 2 2 2 2 2 2 2
left_child=4 -2 3 6 -1 -4 -3 8 -8 10 11 13 -13 25 24 18 17 28 21 20 27 -16 -18 -24 29 -9 -19 -20 -17 -11
right_child=1 2 5 -5 -6 -7 7 9 -10 14 -12 12 -14 -15 15 16 22 26 19 -21 -22 -23 23 -25 -26 -27 -28 -29 -30 -31
leaf_value=5.5533949467521639e-05 -0.0015972162925222599 0.1054425204342062 0.11083794201413791 -0.0085439868183479675 -0.011532423979570076 0.026826897860672418 -0.058184954561081463 0.038810332268476494 0.005072357239620821 -0.014879335267912776 -0.016905922609835099 0.043148779332637791 0.26701281640840618 -0.016443806278862452 -0.040176915164504737 0.14009219922125341 0.005655871617297332 0.047545325002548378 -0.11461748589168896 -0.12843809100714595 0.062827212499912119 0.087218115033412535 0.066340800297136113 0.17850542164900726 0.063951489782851687 0.13951682477391192 -0.066165063668042423 -0.01331898686621571 0.025847610655539439 -0.084315154539715303
leaf_weight=6215 3539 22 30 884 2027 608 88 50 766 84 78 25 23 76 21 20 30 22 22 22 57 55 60 34 23 35 50 128 53 57
leaf_count=6215 3539 22 30 884 2027 608 88 50 766 84 78 25 23 76 21 20 30 22 22 22 57 55 60 34 23 35 50 128 53 57
internal_value=0.000262151 0.00388061 0.00954408 0.00467989 -0.00279436 0.0307773 0.0108292 0.00972147 -0.00144596 0.0190258 0.0399834 0.0612148 0.150417 0.0346203 0.0108757 0.0219707 0.0450885 0.013169 0.00158157 -0.0151568 -0.00311722 0.0520169 0.0824138 0.106911 -0.027957 0.0802777 -0.0314202 -0.0281761 0.0571475 -0.0429491
internal_weight=15204 6962 3423 2785 8242 638 1901 1879 854 1025 287 209 48 161 738 574 269 145 305 229 207 76 124 94 164 85 72 150 73 141
internal_count=15204 6962 3423 2785 8242 638 1901 1879 854 1025 287 209 48 161 738 574 269 145 305 229 207 76 124 94 164 85 72 150 73 141
is_linear=0
shrinkage=0.05


Tree=94
num_leaves=31
num_cat=0
split_feature=0 0 12 9 4 11 12 4 12 9 1 7 12 2 12 2 7 0 12 9 14 3 10 1 3 7 9 3 11 2
split_gain=60.7036 82.6641 74.094 65.9195 86.0622 76.0525 85.7478 72.5672 82.2192 127.297 74.5292 65.6191 74.8792 84.8809 63.68 58.6648 84.2238 54.4988 79.449 101.843 130.594 111.404 70.2738 61.6022 53.2847 52.8251 84.0369 141.945 64.5391 69.3159
threshold=25.500000000000004 46.500000000000007 1391.0202500000019 27.386459500000004 -6.7300000000000004 -2.379028249999998 -317715.57000000001 0.21499999999999989 106157.84999999987 28.933563000000003 13.336666666666671 1.5000000000000002 -107128.155 11.815000000000003 -400489.24999999994 11.875000000000002 2.5000000000000004 23.500000000000004 -261954.64999999988 17.198593000000002 7.7950000000000008 13.035000000000002 1747731.6000000003 8.2633333333333372 14.605000000000002 1.0000000180025095e-35 10.350937000000002 16.205000000000002 -1.3292384999999995 17.305000000000003
decision_type=2 2 2 2 2 2 2 2 2 2 2 2 2 2 2 2 2 2 2 2 2 2 2 2 2 2 2 2 2 2
left_child=2 3 17 -2 -5 -6 14 8 11 -10 -11 12 -8 -14 -7 16 -13 18 19 20 21 -1 24 -20 -23 26 27 -4 29 -28
right_child=1 -3 25 4 5 6 7 -9 9 10 -12 15 13 -15 -16 -17 -18 -19 23 -21 -22 22 -24 -25 -26 -27 28 -29 -30 -31
leaf_value=0.16109278915183886 0.002776894559929825 -0.021382710214846643 0.16676339900121095 0.097383837588131433 0.093787828550256538 -0.0047237167741323626 0.090489604567679072 0.031773318011285169 -0.043169528030251203 0.026818423018116377 0.11311488512067379 -0.14481619757910569 -0.046863367623191772 0.034031011733461333 -0.10384685728125848 -0.014035663175904614 -0.012352530844509602 -0.019656634568559365 -0.010471064080991155 -0.00050821880434690403 -0.073624782161989616 -0.045375483892858032 0.12817791927428474 0.0022122420373093463 0.040340557554736735 -0.014457076991851137 -0.12757802980375432 0.014439768022499406 0.0055107245802262584 -0.0064581242320990127
leaf_weight=21 5649 314 20 32 29 43 26 392 38 58 44 24 59 72 26 132 24 332 1257 331 23 20 21 4016 194 1706 21 65 188 27
leaf_count=21 5649 314 20 32 29 43 26 392 38 58 44 24 59 72 26 132 24 332 1257 331 23 20 21 4016 194 1706 21 65 188 27
internal_value=0.000249044 0.00368658 -0.00265464 0.00487066 0.0167102 0.0140405 0.011575 0.0158349 0.00273658 0.0349434 0.0640443 -0.0106431 0.012981 -0.00240233 -0.0420745 -0.0312487 -0.0785844 5.27573e-05 0.00116503 0.0182486 0.0405013 0.0507549 0.0408949 -0.000811258 0.0323297 -0.0109558 0.00765222 0.0502806 -0.00770124 -0.0594481
internal_weight=15204 6962 8242 6648 999 967 938 869 477 140 102 337 157 131 69 180 48 6215 5883 610 279 256 235 5273 214 2027 321 85 236 48
internal_count=15204 6962 8242 6648 999 967 938 869 477 140 102 337 157 131 69 180 48 6215 5883 610 279 256 235 5273 214 2027 321 85 236 48
is_linear=0
shrinkage=0.05


Tree=95
num_leaves=31
num_cat=0
split_feature=11 9 11 9 0 0 10 8 14 7 1 7 4 1 1 12 7 14 7 11 7 10 11 1 3 12 3 11 12 9
split_gain=63.8612 58.9577 188.807 58.7585 55.0484 51.3846 88.8471 65.6161 77.6036 63.51 76.3095 76.7176 63.0864 66.639 92.5605 61.2309 60.5268 103.898 60.0806 83.7211 64.4569 52.7277 79.1912 63.2131 47.1305 73.3471 60.6067 106.922 59.0253 75.7365
threshold=-5.6412046999999994 3.0882568000000004 -8.8778688499999987 32.147735500000003 46.500000000000007 32.500000000000007 1135407.6500000001 1.0000000180025095e-35 8.6050000000000022 3.5000000000000004 10.813333333333343 1.5000000000000002 -5.3199999999999985 20.681666666666676 19.748333333333338 -2220763.9749999996 5.5000000000000009 15.895000000000001 1.0000000180025095e-35 -1.1616668749999999 1.5000000000000002 156515.26500000004 -0.0572815000000002 9.930000000000005 39.185000000000009 -102629.89199999992 24.245000000000001 1.6972500000000015 -348799.4499999999 11.835205500000002
decision_type=2 2 2 2 2 2 2 2 2 2 2 2 2 2 2 2 2 2 2 2 2 2 2 2 2 2 2 2 2 2
left_child=1 -1 -3 4 5 7 16 15 9 10 11 -9 -8 14 -14 -2 18 -18 21 20 -20 -7 -23 -24 26 -26 28 -28 29 -17
right_child=3 2 -4 -5 -6 6 12 8 -10 -11 -12 -13 13 -15 -16 24 17 -19 19 -21 -22 22 23 -25 25 -27 27 -29 -30 -31
leaf_value=-0.010015887986309044 0.054739844114804759 0.17999299278017133 0.020975253462591874 0.028440956513829236 -0.021506139240767316 0.0069207028921693062 0.11897389718797058 -0.022204663279528799 0.0056544105787866153 -0.079414363431208057 -0.091193057170936051 0.079296711158184777 0.027707277040462941 0.090803214535117152 -0.079242767490770513 -0.023545428394304159 0.012607119711899034 0.10275148083181943 0.045959054618416463 -0.0073893216473197134 0.005608239754383868 -0.013903776470882199 0.025434445095963255 0.10932472020070604 -0.014170007780194283 0.082379346128020975 -0.027885633119924466 0.016395964812148701 -0.0018807685615577379 0.017757504813254065
leaf_weight=119 49 20 280 179 302 458 20 164 178 66 35 21 168 34 23 130 534 34 119 2190 588 42 43 47 37 42 503 187 7795 759
leaf_count=119 49 20 280 179 302 458 20 164 178 66 35 21 168 34 23 130 534 34 119 2190 588 42 43 47 37 42 503 187 7795 759
internal_value=0.000515276 0.0197638 0.0315764 -3.16239e-05 -0.000381472 6.57203e-05 0.00463409 -0.00190538 -0.020265 -0.0363966 -0.0234913 -0.0106829 0.0338736 0.0263091 0.0148285 -0.00100885 0.00286747 0.0180031 0.000402014 -0.00255983 0.0124 0.0149452 0.0427878 0.0692438 -0.00129782 0.03716 -0.00162193 -0.0158847 -0.000488663 0.0117177
internal_weight=15166 419 300 14747 14568 14266 4300 9966 464 286 220 185 245 225 191 9502 4055 568 3487 2897 707 590 132 90 9453 79 9374 690 8684 889
internal_count=15166 419 300 14747 14568 14266 4300 9966 464 286 220 185 245 225 191 9502 4055 568 3487 2897 707 590 132 90 9453 79 9374 690 8684 889
is_linear=0
shrinkage=0.05


Tree=96
num_leaves=31
num_cat=0
split_feature=11 13 9 11 7 9 1 12 4 7 12 11 9 11 9 9 12 1 5 9 10 10 1 4 1 3 4 12 3 4
split_gain=57.6347 57.2575 53.0295 49.8248 49.5048 48.1931 77.7203 43.8492 43.6871 52.959 75.1635 43.0326 42.2216 42.084 88.1315 67.7952 64.1757 57.0538 57.0732 55.075 71.0851 57.9436 64.2493 54.7962 88.0629 54.5373 49.6812 114.05 44.9451 45.3608
threshold=-5.6412046999999994 15.075000000000001 32.147735500000003 4.0352475000000014 1.0000000180025095e-35 12.2447815 8.5100000000000033 -2220763.9749999996 1.6449999999999998 1.0000000180025095e-35 -757505.23999999999 -3.1616514999999992 -0.9425811799999998 2.7533263000000008 22.397857500000004 6.7399292000000015 150647.46500000011 7.2216666666666685 0.028082000864304141 18.783355500000003 811427.27000000014 107.75510500000001 16.231666666666673 -2.2149999999999994 9.410000000000009 12.745000000000003 -9.1999999999999993 -927955.52499999991 43.435000000000009 13.225000000000003
decision_type=2 2 2 2 2 2 2 2 2 2 2 2 2 2 2 2 2 2 2 2 2 2 2 2 2 2 2 2 2 2
left_child=1 8 3 7 -5 -6 -7 11 9 -1 -11 -2 -9 17 15 -15 -16 25 -19 21 -21 -17 -23 -18 -25 -14 27 -20 29 -27
right_child=2 -3 -4 4 5 6 -8 12 -10 10 -12 -13 13 14 16 19 23 18 26 20 -22 22 -24 24 -26 28 -28 -29 -30 -31
leaf_value=-0.033834747442622382 0.0097132446935340282 0.090635879900163197 0.027018908318002091 0.023226829230347103 -0.029596493599660913 -0.04904812112266959 0.010335983347991951 0.046018648169934756 0.08418518340303785 0.11196108773350716 0.01178829941421836 0.10378478612750769 0.043201890682920498 -0.037817632200078638 0.10696765805649407 -0.0010860827349575095 -0.029087966879208883 -0.033414772839656451 0.14105462320148945 0.015215540917900703 -0.05903711873587103 0.02247471319807863 0.10158252139974917 0.00021566040813922883 0.11279243854805827 -0.014646196206203733 0.00045642076895094531 0.011932474066961116 0.038870936162163354 0.034788364404812457
leaf_weight=58 31 26 179 85 366 71 246 50 21 20 294 20 47 87 34 303 30 123 20 66 63 308 28 38 32 1396 10915 118 43 48
leaf_count=58 31 26 179 85 366 71 246 50 21 20 294 20 47 87 34 303 30 123 20 66 63 308 28 38 32 1396 10915 118 43 48
internal_value=0.000489513 0.0187756 -3.00427e-05 -0.000362399 -0.0127576 -0.0172358 -0.00296456 0.000327419 0.0140215 0.0100607 0.0181687 0.046604 0.000155762 -1.16331e-05 0.00992316 0.00401426 0.0476255 -0.000784687 0.000456419 0.00875303 -0.0210474 0.0147691 0.029067 0.0274491 0.0516793 -0.0098268 0.000833345 0.0306458 -0.0115029 -0.0130029
internal_weight=15166 419 14747 14568 768 683 317 13800 393 372 314 51 13749 13699 989 855 134 12710 11176 768 129 639 336 100 70 1534 11053 138 1487 1444
internal_count=15166 419 14747 14568 768 683 317 13800 393 372 314 51 13749 13699 989 855 134 12710 11176 768 129 639 336 100 70 1534 11053 138 1487 1444
is_linear=0
shrinkage=0.05


Tree=97
num_leaves=31
num_cat=0
split_feature=11 12 4 9 0 0 10 8 14 4 1 1 7 1 7 7 14 7 11 9 7 10 11 1 9 9 11 1 12 12
split_gain=52.1958 91.5357 56.8035 47.7245 46.1589 47.7585 79.2739 56.7784 70.5277 56.6976 60.3632 83.8557 56.1259 64.0741 69.6027 56.0891 93.2509 53.1274 79.5603 60.3128 48.4326 47.4816 71.1048 56.3755 46.1733 43.1278 43.3451 42.1367 41.8531 41.5019
threshold=-5.9403229999999985 -721716.83999999973 -3.1799999999999984 32.147735500000003 46.500000000000007 32.500000000000007 1135407.6500000001 1.0000000180025095e-35 8.6050000000000022 -5.3199999999999985 20.681666666666676 19.748333333333338 3.5000000000000004 10.813333333333343 1.5000000000000002 5.5000000000000009 15.895000000000001 1.0000000180025095e-35 -1.1616668749999999 6.618774300000001 1.5000000000000002 156515.26500000004 -0.0572815000000002 9.930000000000005 3.5200653500000008 15.605621500000002 0.29051199999999971 13.595000000000004 18.285714000000009 -348799.4499999999
decision_type=2 2 2 2 2 2 2 2 2 2 2 2 2 2 2 2 2 2 2 2 2 2 2 2 2 2 2 2 2 2
left_child=1 -1 -3 4 5 7 15 29 12 -8 11 -11 13 14 -9 17 25 21 19 20 24 27 -23 -24 -19 -17 -27 -7 -28 -2
right_child=3 2 -4 -5 -6 6 9 8 -10 10 -12 -13 -14 -15 -16 16 -18 18 -20 -21 -22 22 23 -25 -26 26 28 -29 -30 -31
leaf_value=0.11155170977115632 0.0079584373318884721 -0.0086718140783997987 0.032456511885826586 0.025667963533885986 -0.019490304923576913 -0.0010557409651386759 0.11275284450501205 -0.02105016197508314 0.0057909792212821132 0.026237331818480644 0.086327587066711314 -0.075523289092613966 -0.074582072533490695 -0.08218381988841135 0.075596722295241697 -0.002564724878747069 0.097635280549087947 0.034221237034282904 -0.0070557975141543119 0.0037267905910353771 0.022885508610920955 -0.013191133000500919 0.024224741566319801 0.10344808578808258 0.13919085125264247 0.0089389943112076434 0.03454401171552398 0.036603078963635592 0.11085732050917366 -0.0021783274228185895
leaf_weight=25 1148 164 172 179 307 369 20 165 180 169 34 23 66 37 21 257 34 22 2190 534 138 42 43 47 20 163 98 93 22 8384
leaf_count=25 1148 164 172 179 307 369 20 165 180 169 34 23 66 37 21 257 34 22 2190 534 138 42 43 47 20 163 98 93 22 8384
internal_value=0.000465037 0.0192497 0.012382 6.99868e-06 -0.000307053 0.000104237 0.00449884 -0.00179316 -0.0187774 0.0320621 0.0249213 0.0140473 -0.0340795 -0.0220921 -0.0101384 0.00283367 0.01732 0.000456549 -0.00233031 0.0121639 0.0371938 0.0140812 0.040528 0.0655969 0.0842068 0.0122631 0.0257287 0.00652493 0.0485348 -0.000957492
internal_weight=15166 361 336 14805 14626 14319 4318 10001 469 246 226 192 289 223 186 4072 574 3498 2904 714 180 594 132 90 42 540 283 462 120 9532
internal_count=15166 361 336 14805 14626 14319 4318 10001 469 246 226 192 289 223 186 4072 574 3498 2904 714 180 594 132 90 42 540 283 462 120 9532
is_linear=0
shrinkage=0.05


Tree=98
num_leaves=31
num_cat=0
split_feature=11 7 11 9 11 9 1 1 9 12 11 7 9 11 9 12 9 9 0 2 10 1 3 2 12 12 7 1 1 0
split_gain=50.0339 43.8102 43.7352 48.6515 163.085 43.1593 69.3257 41.5112 40.9335 38.9466 38.7557 38.7539 38.3105 38.3751 80.7679 58.556 53.34 72.4625 77.0654 77.5866 68.1754 64.9808 52.7191 51.3373 46.2284 56.3581 51.9964 44.278 42.3242 63.3278
threshold=4.0352475000000014 1.0000000180025095e-35 -5.6412046999999994 3.0882568000000004 -8.8778688499999987 12.2447815 8.3533333333333442 10.119999999999999 32.147735500000003 -2220763.9749999996 -3.1616514999999992 4.5000000000000009 -0.9425811799999998 2.7533263000000008 11.278717000000002 1853834.5000000002 22.397857500000004 18.783355500000003 39.500000000000007 12.585000000000003 811427.27000000014 16.508333333333344 20.955000000000002 37.695000000000007 150647.46500000011 868346.20000000019 3.5000000000000004 8.1050000000000022 7.2216666666666685 31.500000000000004
decision_type=2 2 2 2 2 2 2 2 2 2 2 2 2 2 2 2 2 2 2 2 2 2 2 2 2 2 2 2 2 2
left_child=2 7 3 -1 -5 11 -7 -2 9 10 -4 -3 -11 23 27 16 17 18 21 -20 -19 -16 -22 28 -18 -26 -27 -15 29 -14
right_child=1 5 8 4 -6 6 -8 -9 -10 12 -12 -13 13 14 15 -17 24 20 19 -21 22 -23 -24 -25 25 26 -28 -29 -30 -31
leaf_value=-0.010029711202178307 -5.8594645291078284e-05 -0.040487456064230022 0.0089232367035301952 0.16568982559256257 0.017900178161175322 -0.047444194890832639 0.0095187735701625972 0.077564587195714324 0.024384565305942931 0.043845102697610855 0.098197626993060116 -0.0068680178159703405 -0.011382597094170107 0.055435310660497006 0.031536991122051432 -0.057418090236994124 0.10092449766748093 0.014624095558555742 -0.10068656368181111 0.0091486305350483195 -0.10191909566055984 0.12275194121258599 3.5622467597325645e-05 -0.028972424363494859 -0.010275644267953578 0.1308833734691143 0.028713550057375071 -0.016610702996399673 0.00066373686369013119 0.02894491872971966
leaf_weight=119 61 229 31 20 280 68 249 24 179 50 20 137 1336 23 278 24 34 66 20 82 32 21 21 159 42 20 33 293 11110 105
leaf_count=119 61 229 31 20 280 68 249 24 179 50 20 137 1336 23 278 24 34 66 20 82 32 21 21 159 42 20 33 293 11110 105
internal_value=0.000441785 -0.011993 0.00110506 0.0170222 0.0277528 -0.0162058 -0.00270041 0.0218585 0.000627971 0.000319824 0.0439328 -0.0279031 0.000158047 -1.40606e-06 0.00948551 0.0192765 0.0221127 0.0149732 0.025141 -0.0123877 -0.0192897 0.0379434 -0.0615219 -0.000739609 0.050892 0.0329857 0.0672682 -0.0113668 -0.000381947 -0.00844409
internal_weight=15166 768 14398 419 300 683 317 85 13979 13800 51 366 13749 13699 989 673 649 520 401 102 119 299 53 12710 129 95 53 316 12551 1441
internal_count=15166 768 14398 419 300 683 317 85 13979 13800 51 366 13749 13699 989 673 649 520 401 102 119 299 53 12710 129 95 53 316 12551 1441
is_linear=0
shrinkage=0.05


Tree=99
num_leaves=31
num_cat=0
split_feature=11 2 12 7 13 9 9 0 5 12 1 12 1 11 7 3 11 3 1 4 9 9 1 9 4 11 12 11 14 11
split_gain=45.1556 41.1467 95.067 266.484 216.443 86.5178 182.322 170.323 78.229 68.4575 68.1608 52.1352 51.6313 44.8176 43.23 81.6706 68.1329 63.025 62.6895 61.2058 82.4556 56.3115 93.0326 144.558 99.8259 66.4325 71.485 57.8731 56.2442 67.4624
threshold=4.0352475000000014 10.705000000000002 -48384.650999999991 2.5000000000000004 11.695000000000002 28.003036500000004 14.216339500000002 32.500000000000007 0.11500865045037176 -590168.15999999992 21.530000000000005 -16114.289499999997 30.88333333333334 -0.037582500000000955 2.5000000000000004 18.475000000000005 -8.1593934499999978 9.8750000000000018 2.8000000000000003 -15.5 20.348770000000005 7.9659576500000009 15.221666666666676 3.9513092000000003 3.3100000000000001 2.2877653499999995 1444246.885 1.0589600000000001 10.465000000000002 -5.3520204999999983
decision_type=2 2 2 2 2 2 2 2 2 2 2 2 2 2 2 2 2 2 2 2 2 2 2 2 2 2 2 2 2 2
left_child=1 2 3 5 -5 6 -1 13 10 -6 11 -4 14 -7 15 16 -3 -18 19 20 -17 22 -16 -24 -25 26 28 -28 29 -23
right_child=-2 12 8 4 9 7 -8 -9 -10 -11 -12 -13 -14 -15 21 18 17 -19 -20 -21 -22 25 23 24 -26 -27 27 -29 -30 -31
leaf_value=0.05810510006034747 -0.011393321072879797 0.086957181670836048 -0.072216509282588964 0.25373983635079295 -0.0034969771894710986 -0.038644120766705758 -0.078387049878282211 0.14684447092521521 -0.052867333236480921 0.11346782142746037 0.097180775729939342 0.0066719535960113084 -0.059400830622245042 0.046078959645496478 0.0015650964023702467 -0.018335364004137156 0.047456701602417939 0.0072986483560066656 -7.6346261725545781e-05 -0.044888939896262865 0.092844999404180617 -0.09676184585051878 -0.0056993422284722338 0.046265557896492358 0.14923638578038664 0.011020119819880769 -0.11482777733493735 -0.011303631619860728 0.0070066071772000556 -0.006943210146703337
leaf_weight=40 768 28 22 21 22 37 63 27 62 29 20 436 36 27 1417 81 101 2993 2328 162 21 21 110 89 32 655 27 27 799 4665
leaf_count=40 768 28 22 21 22 37 63 27 62 29 20 436 36 27 1417 81 101 2993 2328 162 21 21 110 89 32 655 27 27 799 4665
internal_value=0.000419696 0.00104981 0.0120262 0.0364928 0.118641 0.00600474 -0.0253804 0.0415286 -2.58344e-05 0.0630124 0.00682808 0.00288255 0.000398914 -0.00290157 0.000557721 0.00386553 0.00931223 0.00860956 -0.00269489 -0.0257857 0.00455471 -0.00185248 0.00636166 0.0357847 0.0734975 -0.00403797 -0.00581862 -0.0630657 -0.00525502 -0.00734573
internal_weight=15166 14398 806 266 72 194 103 91 540 51 478 458 13592 64 13556 5714 3122 3094 2592 264 102 7842 1648 231 121 6194 5539 54 5485 4686
internal_count=15166 14398 806 266 72 194 103 91 540 51 478 458 13592 64 13556 5714 3122 3094 2592 264 102 7842 1648 231 121 6194 5539 54 5485 4686
is_linear=0
shrinkage=0.05


Tree=100
num_leaves=31
num_cat=0
split_feature=7 4 2 9 0 10 1 14 9 4 14 9 2 9 14 14 7 3 3 8 12 3 2 1 12 2 3 9 13 2
split_gain=56.94 58.4144 128.158 163.576 62.8186 73.6922 76.7762 102.353 80.2714 98.4463 167.074 76.6953 94.4974 74.2772 71.1937 64.9006 62.2305 101.899 62.1393 61.8474 58.5718 98.2081 58.5369 64.2051 52.8391 51.9501 51.338 99.2155 55.5479 57.4516
threshold=2.5000000000000004 -5.3199999999999985 10.705000000000002 14.811401000000002 32.500000000000007 112425.79000000002 11.180000000000012 0.15000000000000005 22.946487500000003 12.025000000000002 0.015000000000000001 6.618774300000001 24.245000000000001 29.401855500000003 0.62000000000000011 9.6450000000000014 5.5000000000000009 15.235000000000001 19.685000000000006 1.0000000180025095e-35 -387942.52999999985 13.195000000000002 22.425000000000004 1.1533333333333358 -247119.02549999996 26.195000000000004 9.0150000000000023 11.615219000000002 30.060000000000006 9.3250000000000011
decision_type=2 2 2 2 2 2 2 2 2 2 2 2 2 2 2 2 2 2 2 2 2 2 2 2 2 2 2 2 2 2
left_child=25 2 3 -2 5 -3 8 -8 9 11 -11 12 14 -9 -7 19 -6 -18 -12 -13 21 -10 23 -4 -25 26 27 -1 29 -28
right_child=1 4 22 -5 16 6 7 13 20 10 18 15 -14 -15 -16 -17 17 -19 -20 -21 -22 -23 -24 24 -26 -27 28 -29 -30 -31
leaf_value=0.096695828556337141 0.0047330202026800682 -0.0004329458879858744 -0.085531215285035711 0.20230594597182061 -0.0018015596794401353 0.024880762426721409 -0.013942454838794202 -0.070981954741715023 0.11853582680225372 0.13107473801200589 0.028735374859464702 -0.017872828362580008 0.10871268893991198 -0.011509177566493875 -0.029939758784041322 -0.073799925241619352 0.071540995475466121 0.0089655278558762978 -0.047230487962563836 -0.081279364558868111 0.0013701369324569919 0.009932881744359346 0.051686210297690383 0.029708828691632379 -0.016645994237442469 -0.012329800677354112 -0.027922457125011492 0.0011409027579004393 0.068661886137543302 0.0043817033967664459
leaf_weight=44 22 2550 22 20 2020 121 647 165 30 30 67 998 21 77 116 60 73 598 45 40 577 68 58 109 141 489 141 71 33 5765
leaf_count=44 22 2550 22 20 2020 121 647 165 30 30 67 998 21 77 116 60 73 598 45 40 577 68 58 109 141 489 141 71 33 5765
internal_value=-0.000175227 -0.00283138 0.0165525 0.0988154 -0.00369984 -0.00671142 -0.0119401 -0.0243183 -0.00687598 -0.0133268 0.0262827 -0.0174747 0.00705631 -0.0520588 -0.00195122 -0.0232388 0.00258072 0.0157733 -0.00178662 -0.0203162 0.00744012 0.0431787 0.0060827 -0.00364158 0.00356471 0.00334642 0.00461264 0.037701 0.00397193 0.00361047
internal_weight=15218 8675 372 42 8303 5612 3062 889 2173 1498 142 1356 258 242 237 1098 2691 671 112 1038 675 98 330 272 250 6543 6054 115 5939 5906
internal_count=15218 8675 372 42 8303 5612 3062 889 2173 1498 142 1356 258 242 237 1098 2691 671 112 1038 675 98 330 272 250 6543 6054 115 5939 5906
is_linear=0
shrinkage=0.05


Tree=101
num_leaves=31
num_cat=0
split_feature=3 1 1 4 3 11 5 10 10 13 9 4 11 5 1 2 5 13 12 3 4 5 2 1 9 5 12 3 0 12
split_gain=46.5915 57.1353 42.6424 64.6495 78.0207 54.9031 79.3516 72.2794 65.725 60.5772 106.723 176.438 111.776 85.2756 70.7253 55.9759 55.4713 46.5491 51.5519 47.0592 58.4548 45.4533 41.7721 41.4958 45.4828 43.0908 136.355 40.7649 49.0586 78.7487
threshold=8.1800000000000015 17.071666666666673 8.2333333333333467 -1.4050000000000009 11.005000000000001 0.78331000000000206 0.10075568292563668 2337698.6000000006 2776993.2500000005 14.610000000000001 9.8246920000000024 -3.4799999999999991 0.059401999999999518 0.088849409907240551 14.996666666666675 13.195000000000002 0.10851873965155671 15.445000000000002 -88711.170000000027 39.185000000000009 -12.17 0.10851873965155671 10.155000000000003 13.788333333333339 26.536346500000004 0.098570738721928605 -1.0000000180025095e-35 16.105000000000004 25.500000000000004 29721.480999999996
decision_type=2 2 2 2 2 2 2 2 2 2 2 2 2 2 2 2 2 2 2 2 2 2 2 2 2 2 2 2 2 2
left_child=1 -1 17 4 -4 8 7 -7 9 21 11 -11 15 -14 -13 22 -8 18 -2 -20 -21 23 -12 25 -25 -6 -27 28 29 -5
right_child=2 -3 3 27 5 6 16 -9 -10 10 12 14 13 -15 -16 -17 -18 -19 19 20 -22 -23 -24 24 -26 26 -28 -29 -30 -31
leaf_value=0.076487533310004935 0.0045208817502270481 0.00034942339573587692 -0.063324979052711769 0.0015109257015964272 0.010413932824994004 -0.0017372275695746175 -0.12158483923836189 0.067887812069593337 -0.049310444839038819 -0.00018162604590708559 0.0029245216432692753 0.19558157862297126 0.021709649787660233 0.12086239855204312 0.087442770896962396 0.024034934437855385 -0.020809203148302105 -0.057554215405668532 -0.0099111076763737215 0.089361706927970616 -0.0045053221696857802 -0.063970971213919786 -0.055994419736357839 -0.035493313838597593 0.033615276301861743 0.15348339805548841 0.0026596829414050633 -0.0059180123478578036 0.0077729852101152061 -0.017706779264219857
leaf_weight=44 1070 56 39 2720 1642 843 22 39 43 55 56 21 57 35 54 86 36 42 2314 27 43 21 65 93 32 22 47 3024 1907 663
leaf_count=44 1070 56 39 2720 1642 843 22 39 43 55 56 21 57 35 54 86 36 42 2314 27 43 21 65 93 32 22 47 3024 1907 663
internal_value=-0.000166466 0.0338502 -0.000391474 0.00106495 0.00697695 0.00781567 -0.00238389 0.00134143 0.0119323 0.0130843 0.0300184 0.0678395 0.0135745 0.0594308 0.117722 -0.00680609 -0.0590344 -0.00523318 -0.00459697 -0.00868929 0.0317005 0.00917218 -0.0287261 0.0100088 -0.0178015 0.0120405 0.0507484 -0.00128733 0.00135977 -0.00225536
internal_weight=15218 100 15118 11622 3308 3269 940 882 2329 2286 429 130 299 92 75 207 58 3496 3454 2384 70 1857 121 1836 125 1711 69 8314 5290 3383
internal_count=15218 100 15118 11622 3308 3269 940 882 2329 2286 429 130 299 92 75 207 58 3496 3454 2384 70 1857 121 1836 125 1711 69 8314 5290 3383
is_linear=0
shrinkage=0.05


Tree=102
num_leaves=31
num_cat=0
split_feature=7 4 2 9 0 10 9 11 9 14 9 4 11 12 10 9 4 11 9 12 7 3 11 11 13 7 13 3 2 9
split_gain=51.2291 51.0601 114.651 147.029 55.3999 64.7614 69.6882 143.854 137.382 105.24 106.894 117.255 104.88 75.6447 68.9244 72.0799 122.573 81.2944 68.0505 59.6391 57.2627 90.3553 69.3157 55.8971 118.138 68.5518 55.8247 57.5591 51.7517 48.6073
threshold=2.5000000000000004 -5.3199999999999985 10.705000000000002 14.811401000000002 32.500000000000007 112425.79000000002 23.390594500000002 1.8596655000000004 18.783355500000003 6.6650000000000009 5.6485900000000013 12.025000000000002 3.4974674999999986 1131824.3200000001 1309407.3000000003 15.716995500000001 5.0400000000000018 2.7533263000000008 18.203201500000002 905041.00000000012 5.5000000000000009 15.235000000000001 0.48957850000000042 -1.4923249999999999 10.585000000000003 5.5000000000000009 11.995000000000003 20.695000000000004 22.425000000000004 7.157531800000001
decision_type=2 2 2 2 2 2 2 2 2 2 2 2 2 2 2 2 2 2 2 2 2 2 2 2 2 2 2 2 2 2
left_child=-1 2 3 -2 5 -3 7 9 12 10 -7 13 14 19 -9 16 -16 -17 -13 26 29 22 -22 24 -8 -25 27 -12 -4 -6
right_child=1 4 28 -5 20 6 23 8 -10 -11 11 18 -14 -15 15 17 -18 -19 -20 -21 21 -23 -24 25 -26 -27 -28 -29 -30 -31
leaf_value=0.0031822388121830144 0.0040554358877918943 -0.00043194917321784935 -0.0036010049998153326 0.19136901900172235 0.015324754181803952 0.022708293257602277 0.10389234979980087 0.0021166518903038374 -0.04483582242059389 -0.044960482551733051 -0.010680890286100968 0.0046823450021774458 -0.024578880317801356 -0.097550041983394245 0.026676620464341896 -0.039746534200133507 0.12138873997216043 0.081624229523268615 0.10115468883514406 0.04915630692042984 0.10827343404986139 0.0086529929934287177 0.0092467185482382787 -0.013946828372933146 0.00018360615717341201 0.016138647470266134 -0.058788502386572662 -0.042915140332045014 0.048421436797120965 -0.0053090830054335564
leaf_weight=6543 22 2550 272 20 344 153 38 109 105 444 403 68 102 38 72 37 65 22 25 26 43 598 30 657 99 266 122 211 58 1676
leaf_count=6543 22 2550 272 20 344 153 38 109 105 444 403 68 102 38 72 37 65 22 25 26 43 598 30 657 99 266 122 211 58 1676
internal_value=-0.000158143 -0.00267758 0.0154451 0.0932524 -0.00348953 -0.0063177 -0.0112193 -0.016708 0.00615626 -0.0245647 -0.0159072 -0.0225232 0.0193115 -0.0287007 0.0339895 0.0517148 0.071613 0.00551036 0.0306158 -0.0252672 0.00240853 0.0150636 0.0675775 -0.000852924 0.0289495 -0.00527647 -0.0278963 -0.0217581 0.00554233 -0.0017952
internal_weight=15218 8675 372 42 8303 5612 3062 2002 512 1490 1046 893 407 800 305 196 137 59 93 762 2691 671 73 1060 137 923 736 614 330 2020
internal_count=15218 8675 372 42 8303 5612 3062 2002 512 1490 1046 893 407 800 305 196 137 59 93 762 2691 671 73 1060 137 923 736 614 330 2020
is_linear=0
shrinkage=0.05


Tree=103
num_leaves=31
num_cat=0
split_feature=7 4 2 11 0 10 1 14 9 11 11 11 9 2 9 0 11 9 7 14 9 2 1 12 1 2 9 7 9 2
split_gain=46.2343 46.0817 103.473 134.84 49.9984 58.473 69.3842 87.9939 66.4115 116.212 78.8775 80.1222 135.993 84.6241 61.2779 52.5938 52.2136 112.757 51.6796 80.9063 52.8527 46.7059 58.0711 47.2262 49.5208 45.8457 44.5608 75.5358 92.6568 72.0708
threshold=2.5000000000000004 -5.3199999999999985 10.705000000000002 -0.19911184999999973 32.500000000000007 129744.32300000002 11.213333333333344 0.15000000000000005 25.601272500000004 -1.3700563499999996 1.8596655000000004 3.5776522500000008 18.066559000000002 21.385000000000002 29.401855500000003 20.500000000000004 1.5546425000000001 19.571395500000005 5.5000000000000009 15.210000000000003 15.501877000000002 22.425000000000004 1.1533333333333358 -247119.02549999996 8.1050000000000022 26.195000000000004 19.435943500000004 4.5000000000000009 7.9659576500000009 22.815000000000001
decision_type=2 2 2 2 2 2 2 2 2 2 2 2 2 2 2 2 2 2 2 2 2 2 2 2 2 2 2 2 2 2
left_child=25 2 3 -2 5 -3 8 -8 10 -10 16 12 13 -12 -9 -15 26 -18 -6 20 -20 22 -4 24 -24 -1 27 28 -7 -28
right_child=1 4 21 -5 18 6 7 14 9 -11 11 -13 -14 15 -16 -17 17 -19 19 -21 -22 -23 23 -25 -26 -27 29 -29 -30 -31
leaf_value=0.004212626230722963 -0.0053718800842761996 -0.00046704468913789135 -0.081300648902966233 0.17400943393057045 -0.0017054417743070595 0.03183488192080404 -0.012920541444637879 -0.066067729740525077 0.12332166587002576 0.0054677842793753378 0.0060294336953525809 -0.029474820801075181 -0.026385491831707908 -0.00052179632087548573 -0.011595366115828879 0.086443656918392203 -0.019610296050715889 -0.14065318102590169 -0.0074020872498521493 0.065593408155626198 0.022293793988784755 0.046000365471338921 0.0078579430644458628 -0.015674653603837345 0.08412432070532494 -0.011703313180199751 -0.011997596730185307 -0.03247665712305782 -0.021239043499707528 0.039187111030583102
leaf_weight=6054 20 2579 22 22 2020 128 638 161 22 425 83 102 99 21 76 101 74 26 281 69 321 58 80 141 29 489 264 490 230 93
leaf_count=6054 20 2579 22 22 2020 128 638 161 22 425 83 102 99 21 76 101 74 26 281 69 321 58 80 141 29 489 264 490 230 93
internal_value=-0.000150235 -0.0025437 0.0146728 0.0885898 -0.00331505 -0.00600181 -0.0107081 -0.0225845 -0.00589259 0.0112682 -0.0103759 0.00887118 0.0217373 0.044977 -0.0485998 0.0714742 -0.0163638 -0.0510814 0.0022881 0.0143104 0.00843243 0.00526522 -0.00342095 0.00343246 0.028149 0.00302313 -0.0134827 -0.0197213 -0.00226289 0.00133623
internal_weight=15218 8675 372 42 8303 5612 3033 875 2158 447 1711 406 304 205 237 122 1305 100 2691 671 602 330 272 250 109 6543 1205 848 358 357
internal_count=15218 8675 372 42 8303 5612 3033 875 2158 447 1711 406 304 205 237 122 1305 100 2691 671 602 330 272 250 109 6543 1205 848 358 357
is_linear=0
shrinkage=0.05


Tree=104
num_leaves=31
num_cat=0
split_feature=7 10 9 7 0 1 11 9 9 9 3 7 2 1 9 2 10 11 13 5 11 7 5 9 3 3 7 9 1 4
split_gain=42.5161 57.9327 55.4906 51.5847 87.7523 67.5808 62.2631 70.016 80.1901 59.1134 50.6669 97.2934 57.4325 64.8463 136.941 90.2425 63.4988 64.0697 48.8941 46.2637 92.1328 126.803 58.516 45.0963 103.207 101.74 140.562 142.511 132.106 75.2893
threshold=1.5000000000000002 9.1428570000000011 27.277313500000002 1.0000000180025095e-35 11.500000000000002 12.186666666666675 1.3105312500000006 14.724106000000001 15.848221000000001 1.1599121000000003 9.6950000000000021 3.5000000000000004 10.505000000000001 18.983333333333338 25.240112000000003 15.805000000000001 829985.97500000009 1.0133970000000014 10.435 0.10346613183288232 -2.0107271 2.5000000000000004 0.10851873965155671 10.819717500000001 9.5050000000000008 15.985000000000001 1.0000000180025095e-35 9.4690400000000015 9.4366666666666728 0.040000000000000042
decision_type=2 2 2 2 2 2 2 2 2 2 2 2 2 2 2 2 2 2 2 2 2 2 2 2 2 2 2 2 2 2
left_child=1 2 3 4 5 -1 -5 -8 -9 -6 11 12 16 14 -14 -15 17 -2 -11 -12 -21 -22 -23 25 -25 26 28 29 -3 -28
right_child=10 23 -4 6 9 -7 7 8 -10 18 19 -13 13 15 -16 -17 -18 -19 -20 20 21 22 -24 24 -26 -27 27 -29 -30 -31
leaf_value=-0.030006042825479518 -0.0012174272154634065 0.046286010054441606 0.055158318651885523 0.012731280959263069 0.079483145818114276 0.049852559954992368 -0.034117977428328061 0.10749898718437181 -0.0040318790643689142 0.020510393952030408 -0.0020616533364327099 -0.024579663827549669 0.010517645281118652 -0.050441518785165888 0.16159193753497678 0.063807924941182134 0.13605723348446191 0.10367756097887953 -0.014759750469477882 0.02788083016110415 -0.12688885853625834 -0.069463754970241681 0.038675141919018899 -0.089786740638581775 0.0069341154735774405 0.001632480390859393 0.034079221072664236 0.11055478581000824 0.18720035147050332 -0.036452849690792558
leaf_weight=492 37 39 41 679 25 28 179 20 83 171 10367 100 60 56 20 25 24 24 231 44 40 22 29 28 1843 293 81 37 29 71
leaf_count=492 37 39 41 679 25 28 179 20 83 171 10367 100 60 56 20 25 24 24 231 44 40 22 29 28 1843 293 81 37 29 71
internal_value=-0.000142724 0.00402119 -0.00239507 -0.00363181 -0.0119137 -0.025706 0.0045294 -0.0152191 0.0176246 0.00488256 -0.00182011 0.0170058 0.0339104 0.0163563 0.0482862 -0.0151793 0.0671599 0.0400527 0.000243221 -0.00244035 -0.0315216 -0.0602437 -0.00797301 0.00918654 0.00548666 0.0217729 0.0447345 0.0225545 0.106382 0.00113332
internal_weight=15218 4370 1949 1908 947 520 961 282 103 427 10848 346 246 161 80 81 85 61 402 10502 135 91 51 2421 1871 550 257 189 68 152
internal_count=15218 4370 1949 1908 947 520 961 282 103 427 10848 346 246 161 80 81 85 61 402 10502 135 91 51 2421 1871 550 257 189 68 152
is_linear=0
shrinkage=0.05


Tree=105
num_leaves=31
num_cat=0
split_feature=1 11 9 13 0 12 13 9 3 12 3 5 0 0 1 11 3 8 12 9 2 7 9 12 13 9 3 1 11 5
split_gain=45.8631 69.435 137.968 60.3701 58.756 47.6234 55.3154 58.4306 51.4912 47.0165 46.6973 50.113 42.8078 43.5001 42.7869 67.3943 122.503 52.8781 52.5981 75.2926 70.3471 63.1929 60.3789 84.4184 45.3916 42.7896 42.9965 42.1171 63.5806 79.4074
threshold=8.5100000000000033 -7.5822294999999986 8.526763500000003 15.735000000000001 16.500000000000004 -88711.170000000027 11.865 25.837906000000004 15.345000000000001 2079917.1500000001 41.085000000000008 0.029385837701054972 32.500000000000007 45.500000000000007 5.1666666666666679 -1.7185214999999994 27.950000000000006 1.0000000180025095e-35 262288.29999999987 19.435943500000004 25.255000000000006 1.0000000180025095e-35 14.506409000000003 24120.819999999967 8.8050000000000015 13.930069000000001 20.695000000000004 24.156666666666677 -0.82485965000000039 0.11500865045037176
decision_type=2 2 2 2 2 2 2 2 2 2 2 2 2 2 2 2 2 2 2 2 2 2 2 2 2 2 2 2 2 2
left_child=3 2 4 5 -2 6 7 -1 -9 27 12 -12 14 -14 15 16 -7 -18 19 22 21 -20 -16 -24 -21 -17 -27 -3 -29 -30
right_child=1 9 -4 -5 -6 10 -8 8 -10 -11 11 -13 13 -15 18 25 17 -19 20 24 -22 -23 23 -25 -26 26 -28 28 29 -31
leaf_value=-0.00019459941294581559 0.061311199191289072 0.0010120217782876144 0.15612094831608592 -0.059720619950367482 -0.018920588674478826 0.094010626593033886 0.079623901223142945 0.10654819620692212 0.01932295812875964 -0.041872066460431567 -0.0024238266982138158 0.096927802129225304 0.03010065054860088 -0.016239650730276483 -0.011105889140659604 -0.0076452243349795198 -0.095868826969526713 0.016463908857919953 0.030047240223988747 0.0065792556948692602 0.051459955852224085 -0.018632243053553991 -0.025383424623467928 -0.09243879870867075 -0.029024502061880553 -0.086419926884655773 -0.034738006938269804 -0.029815909268588504 0.051655296559308797 -0.048442069959381356
leaf_weight=1092 39 10721 21 49 55 31 24 23 64 63 30 22 138 80 773 103 20 22 103 643 80 189 290 56 104 52 178 44 143 23
leaf_count=1092 39 10721 21 49 55 31 24 23 64 63 30 22 138 80 773 103 20 22 103 643 80 189 290 56 104 52 178 44 143 23
internal_value=-7.53227e-05 0.00160245 0.0402526 -0.00454925 0.0143671 -0.00389261 0.00447693 0.00294722 0.0423825 0.00119816 -0.00734785 0.0396096 -0.00820102 0.013095 -0.0099569 -0.0248904 0.0186186 -0.0370279 -0.00724778 -0.0106703 0.00991981 -0.00146106 -0.0188763 -0.0362363 0.00162237 -0.0344284 -0.0464226 0.00144639 0.0236221 0.0377864
internal_weight=15275 11109 115 4166 94 4117 1203 1179 87 10994 2914 52 2862 218 2644 406 73 42 2238 1866 372 292 1119 346 747 333 230 10931 210 166
internal_count=15275 11109 115 4166 94 4117 1203 1179 87 10994 2914 52 2862 218 2644 406 73 42 2238 1866 372 292 1119 346 747 333 230 10931 210 166
is_linear=0
shrinkage=0.05


Tree=106
num_leaves=31
num_cat=0
split_feature=1 11 9 13 0 12 13 9 3 12 3 4 0 4 11 1 9 2 13 1 0 1 9 0 1 11 5 11 2 1
split_gain=41.3915 62.6651 124.516 54.484 53.0273 42.9801 49.9221 52.7336 46.4708 42.4324 42.1443 60.101 38.634 42.1617 86.2522 57.5343 52.8454 59.7283 84.091 47.0584 39.5492 60.8156 44.7638 39.2588 38.0107 57.3815 71.6652 57.76 49.5429 76.161
threshold=8.5100000000000033 -7.5822294999999986 8.526763500000003 15.735000000000001 16.500000000000004 -88711.170000000027 11.865 25.837906000000004 15.345000000000001 2079917.1500000001 41.085000000000008 -9.7749999999999986 32.500000000000007 6.4200000000000017 -1.8560330999999992 4.8316666666666643 10.350937000000002 20.745000000000001 7.8150000000000004 2.8000000000000003 21.500000000000004 8.0766666666666751 20.236847000000001 45.500000000000007 24.156666666666677 -0.82485965000000039 0.11500865045037176 -1.8116303 10.785000000000002 30.88333333333334
decision_type=2 2 2 2 2 2 2 2 2 2 2 2 2 2 2 2 2 2 2 2 2 2 2 2 2 2 2 2 2 2
left_child=3 2 4 5 -2 6 7 -1 -9 24 12 -12 13 15 -15 16 -7 18 19 -18 22 -22 -16 -14 -3 27 28 -26 -27 -30
right_child=1 9 -4 -5 -6 10 -8 8 -10 -11 11 -13 23 14 20 -17 17 -19 -20 -21 21 -23 -24 -25 25 26 -28 -29 29 -31
leaf_value=-0.00018486928962548044 0.058245639485092121 0.00096142066986219788 0.14831490355233354 -0.056734589578545824 -0.017974558620374989 0.014507387286307766 0.075642705103382474 0.10122078517856806 0.018356810542172752 -0.039778463192730373 0.10039996787567029 -0.0084029089224835242 0.028595618262509073 0.08878627552340429 -0.046516673775234572 -0.0086622426128727167 -0.15392979430355902 -0.019386097576602229 -0.021243806883621104 -0.066626972823657774 0.0032172103609590637 0.096553836762905132 0.024557005723181646 -0.015427668052725494 0.026414663770802968 0.1130112017095089 -0.04601996638204741 -0.088278205533112802 0.060029302930546015 -0.030325878155417742
leaf_weight=1092 39 10721 21 49 55 51 24 23 64 63 22 30 138 30 72 2048 29 140 52 33 137 20 32 80 23 25 23 21 86 32
leaf_count=1092 39 10721 21 49 55 51 24 23 64 63 22 30 138 30 72 2048 29 140 52 33 137 20 32 80 23 25 23 21 86 32
internal_value=-7.15566e-05 0.00152233 0.0382399 -0.00432179 0.0136487 -0.00369798 0.00425309 0.00279986 0.0402634 0.00113825 -0.00698045 0.0376291 -0.00779097 -0.00945905 0.00849501 -0.0116795 -0.0319394 -0.0412653 -0.0681345 -0.107462 -0.000733877 0.0151072 -0.0246478 0.0124403 0.00137407 0.022441 0.0358971 -0.0283251 0.0490725 0.0355262
internal_weight=15275 11109 115 4166 94 4117 1203 1179 87 10994 2914 52 2862 2644 291 2353 305 254 114 62 261 157 104 218 10931 210 166 44 143 118
internal_count=15275 11109 115 4166 94 4117 1203 1179 87 10994 2914 52 2862 2644 291 2353 305 254 114 62 261 157 104 218 10931 210 166 44 143 118
is_linear=0
shrinkage=0.05


Tree=107
num_leaves=31
num_cat=0
split_feature=0 10 11 3 2 10 14 1 2 11 11 4 14 3 11 12 10 1 13 13 12 14 11 12 7 2 1 7 12 1
split_gain=40.4573 38.7722 82.0062 39.9464 40.5963 74.959 32.4087 31.3592 79.5774 51.1866 64.1036 34.1947 94.2372 78.7282 68.3461 76.8145 67.5728 59.9605 38.3481 52.0246 39.525 61.5844 60.4147 68.549 51.1173 86.3124 68.9349 55.7183 45.3965 44.0743
threshold=46.500000000000007 3244685.0000000005 0.64169300000000018 8.1800000000000015 14.555000000000001 630188.40000000002 19.055000000000003 28.088333333333335 10.785000000000002 -0.43183929999999998 0.13278194999999884 12.025000000000002 7.245000000000001 21.695000000000004 -2.3337861999999991 1262676.1950000003 1123436.4500000002 8.1050000000000022 20.265000000000004 20.370000000000001 551203.90000000002 0.015000000000000001 1.2748710000000012 1444246.885 1.5000000000000002 11.935 9.3800000000000026 2.5000000000000004 587093.50000000023 4.8316666666666643
decision_type=2 2 2 2 2 2 2 2 2 2 2 2 2 2 2 2 2 2 2 2 2 2 2 2 2 2 2 2 2 2
left_child=1 3 -3 4 5 -1 7 11 -9 -10 -11 18 13 14 -13 16 -16 -18 20 -20 -5 22 23 28 26 -26 -24 -27 -22 -30
right_child=-2 2 -4 6 -6 -7 -8 8 9 10 -12 12 -14 -15 15 -17 17 -19 19 -21 21 -23 24 -25 25 27 -28 -29 29 -31
leaf_value=0.013804548128197591 -0.018035588356596494 0.044453298024689926 -0.059537137257201334 0.00067716699296836052 -0.0028894501250414624 0.13877033581957221 0.049795238244714157 0.10750867364307244 -0.047567321083818878 0.10299732506275178 -0.019398488489020132 -0.017755136669923864 -0.023530349323326455 -0.040513636295994124 0.017873190641403199 -0.0093865490385464257 0.078945921492927229 0.17775116541555949 -0.07985213409448344 -0.011055483891001389 -0.067957384884357458 -0.040017100361001215 0.011969457553433521 -0.087334506702609366 -0.09455020970531873 -0.021308265915275487 0.11556299340266447 0.037469428729208325 -0.07391971392290933 0.0013631024304044236
leaf_weight=30 307 26 70 13393 42 20 33 24 30 20 23 24 84 24 20 21 34 28 31 242 31 148 42 32 21 69 26 97 21 262
leaf_count=30 307 26 70 13393 42 20 33 24 30 20 23 24 84 24 20 21 34 28 31 242 31 148 42 32 21 69 26 97 21 262
internal_value=-6.79788e-05 0.000300544 -0.0313731 0.000505 0.0333499 0.0637909 0.000300553 0.000189797 0.0285255 0.00255838 0.0375298 2.18187e-06 0.0189214 0.042537 0.0582316 0.0759373 0.0977885 0.123568 -0.000306249 -0.0188676 5.20625e-05 -0.0111255 -0.00401081 -0.0176201 0.0144552 0.000955668 0.0515788 0.0130377 -0.0105155 -0.00422325
internal_weight=15275 14968 96 14872 92 50 14780 14747 97 73 43 14650 235 151 127 103 82 62 14415 273 14142 749 601 346 255 187 68 166 314 283
internal_count=15275 14968 96 14872 92 50 14780 14747 97 73 43 14650 235 151 127 103 82 62 14415 273 14142 749 601 346 255 187 68 166 314 283
is_linear=0
shrinkage=0.05


Tree=108
num_leaves=31
num_cat=0
split_feature=9 13 4 2 10 11 0 9 2 13 3 9 4 4 11 12 7 10 4 14 3 12 10 9 11 10 4 12 13 11
split_gain=39.0398 61.6137 58.2701 43.3608 38.3906 66.625 36.1844 34.1277 47.2711 31.1356 31.0992 34.7051 55.7602 32.3433 29.5853 76.6348 44.4996 51.3056 37.3437 99.1687 72.746 72.0137 89.2865 43.3937 75.3731 96.2083 68.4973 67.7125 84.8216 86.1107
threshold=32.147735500000003 12.155000000000003 -1.53 12.275 3244685.0000000005 0.64169300000000018 46.500000000000007 11.110641250000002 23.740000000000006 6.5750000000000011 8.1800000000000015 10.907455500000003 2.8750000000000004 8.370000000000001 -4.0332336999999994 -2220763.9749999996 1.0000000180025095e-35 801840.32000000007 12.025000000000002 6.2650000000000006 22.285000000000004 1262676.1950000003 1491385.4000000001 19.571395500000005 -0.76246644999999968 2171057.6000000006 5.8750000000000027 524888.8550000001 1.0050000000000001 1.1377865000000009
decision_type=2 2 2 2 2 2 2 2 2 2 2 2 2 2 2 2 2 2 2 2 2 2 2 2 2 2 2 2 2 2
left_child=4 -2 -3 -4 6 -6 10 -8 -9 -7 11 -1 -13 -14 16 -16 17 -12 23 20 21 22 -20 27 25 -25 -26 -17 -29 -30
right_child=1 2 3 -5 5 9 7 8 -10 -11 14 12 13 -15 15 18 -18 -19 19 -21 -22 -23 -24 24 26 -27 -28 28 29 -31
leaf_value=0.079576462604105475 -0.012594433328175076 -0.0042348132745639701 0.11635085081215948 0.038263667554128918 0.039078973711002621 -0.029513765349984167 0.0033948328697168437 -0.10130242428609304 -0.021627427237647837 -0.098259178974798744 -0.026059675044047517 -0.054487799480557444 0.085747678171504638 -0.0010035093341554916 0.077984353521418193 -0.0022560476631915704 0.014241609796978688 0.054518692535550695 0.019970372386954049 -0.018401994229755317 -0.039701119214296345 -0.014717717098234141 0.12436270760717216 -0.0054196595026325739 0.0039499040856759079 -0.06302613755599655 0.033993776512084219 -0.064337613912005182 -0.029995761278736901 0.02268489340633215
leaf_weight=25 73 37 32 40 24 40 122 21 164 28 140 22 22 21 31 7809 720 23 33 99 20 23 54 878 4066 79 199 95 213 122
leaf_count=25 73 37 32 40 24 40 122 21 164 28 140 22 22 21 31 7809 720 23 33 99 20 23 54 878 4066 79 199 95 213 122
internal_value=-6.45799e-05 0.0229544 0.0467623 0.0729691 -0.000342155 -0.0325425 -0.000144673 -0.0171338 -0.0306716 -0.0578207 0.000210279 0.0295117 0.0102561 0.0433808 2.97033e-05 -0.000541196 0.00890095 -0.0146897 -0.000719011 0.0193025 0.048016 0.0639646 0.0847656 -0.00105962 0.00250623 -0.0101751 0.00535172 -0.00331971 -0.0226363 -0.0108106
internal_weight=15275 182 109 72 15093 92 15001 307 185 68 14694 90 65 43 14604 13721 883 163 13690 229 130 110 87 13461 5222 957 4265 8239 430 335
internal_count=15275 182 109 72 15093 92 15001 307 185 68 14694 90 65 43 14604 13721 883 163 13690 229 130 110 87 13461 5222 957 4265 8239 430 335
is_linear=0
shrinkage=0.05


Tree=109
num_leaves=31
num_cat=0
split_feature=1 11 9 13 0 9 3 2 12 9 1 11 7 4 9 4 7 4 2 11 0 9 7 3 1 3 12 2 1 13
split_gain=37.6301 54.1919 112.33 48.7841 47.8633 39.2428 90.6614 37.7358 36.4379 35.4249 74.2652 43.1046 77.2766 40.4571 39.0567 71.5299 66.853 62.6395 142.474 59.1948 57.3267 51.9215 96.4728 296.295 32.8943 32.3491 31.3122 31.418 101.239 133.833
threshold=8.5100000000000033 -7.5822294999999986 8.526763500000003 15.735000000000001 16.500000000000004 28.377518000000006 15.035000000000002 10.275 -1957352.53 31.618255500000004 20.255000000000006 0.44839499999999882 1.5000000000000002 -3.4799999999999991 4.7802733500000008 5.7150000000000007 1.0000000180025095e-35 -3.3100000000000009 11.465000000000002 -0.97532699999999994 21.500000000000004 4.0888671500000013 4.5000000000000009 13.615 14.255000000000004 43.435000000000009 2079917.1500000001 11.645000000000001 28.088333333333335 15.585000000000003
decision_type=2 2 2 2 2 2 2 2 2 2 2 2 2 2 2 2 2 2 2 2 2 2 2 2 2 2 2 2 2 2
left_child=3 2 4 5 -2 7 -7 -1 -3 14 11 13 -13 -11 15 16 17 -10 -19 20 24 -21 -23 -24 -18 -9 27 28 29 -16
right_child=1 8 -4 -5 -6 6 -8 25 9 10 -12 12 -14 -15 26 -17 19 18 -20 21 -22 22 23 -25 -26 -27 -28 -29 -30 -31
leaf_value=-0.060421533425105735 0.054616479859806791 0.060222791436199963 0.14015321777690024 -0.053709340711333313 -0.017797391724095429 0.080795828631768637 -0.0013857675236508703 -0.0046035416143897492 -0.01588166582961242 -0.06954245801482882 0.10448483108826306 0.094103479737768309 0.0022272342870322368 0.0047128946077207041 0.0030996467251031435 0.090032239063965305 0.0070944069426142333 0.16958201505582443 0.029409561534999934 -0.013198234889487079 0.033832788463560026 -0.0097555554974824207 0.21443247910250318 -0.023932651104405525 -0.043131957099669514 0.03951503175222093 -0.035884778953290418 0.00052601921672271006 0.070106974492470428 -0.034998253893773451
leaf_weight=30 39 26 21 49 55 45 132 3868 43 21 23 37 60 145 579 26 345 22 103 604 233 100 22 32 36 42 63 8052 39 383
leaf_count=30 39 26 21 49 55 45 132 3868 43 21 23 37 60 145 579 26 345 22 103 604 233 100 22 32 36 42 63 8052 39 383
internal_value=-6.13509e-05 0.00145839 0.0356035 -0.00411387 0.0122467 -0.00352359 0.0195079 -0.00455825 0.00110122 0.000961073 0.0183272 0.0107926 0.0372728 -0.00468085 0.000496111 0.00779065 0.00640215 0.0361731 0.0540799 0.00275673 0.0142962 -0.00659053 0.0193254 0.0731791 0.00234861 -0.00412963 -0.000756988 -0.000512533 -0.0088666 -0.0120682
internal_weight=15275 11109 115 4166 94 4117 177 3940 10994 10968 286 263 97 166 10682 1566 1540 168 125 1372 614 758 154 54 381 3910 9116 9053 1001 962
internal_count=15275 11109 115 4166 94 4117 177 3940 10994 10968 286 263 97 166 10682 1566 1540 168 125 1372 614 758 154 54 381 3910 9116 9053 1001 962
is_linear=0
shrinkage=0.05


Tree=110
num_leaves=31
num_cat=0
split_feature=0 11 11 9 5 9 12 1 1 0 1 9 1 10 11 1 13 4 7 1 9 12 0 9 12 11 1 12 9 12
split_gain=38.2054 32.9283 31.7988 122.738 69.4554 56.1513 80.0001 83.6089 67.4883 56.4577 52.3536 51.8605 106.773 112.111 77.2907 97.3052 65.5189 64.6874 152.908 60.5292 58.564 85.4905 97.4389 106.055 89.8455 117.516 70.7967 70.5495 70.1291 127.822
threshold=46.500000000000007 4.6548615 2.7533263000000008 28.933563000000003 0.08267880018319726 13.930069000000001 452050.99000000011 13.993333333333334 1.1533333333333358 4.5000000000000009 7.1700000000000008 10.704941000000002 14.996666666666675 124395.10000000002 0.58505249999999986 4.0233333333333352 14.905000000000003 -3.9699999999999993 1.5000000000000002 16.095000000000006 19.435943500000004 -296678.54999999999 23.500000000000004 15.605621500000002 -820061.34999999986 -1.1949770000000013 5.4016666666666726 -956311.49999999988 13.425262500000002 1190757.1200000003
decision_type=2 2 2 2 2 2 2 2 2 2 2 2 2 2 2 2 2 2 2 2 2 2 2 2 2 2 2 2 2 2
left_child=1 2 11 4 5 10 7 8 -7 -10 -4 12 14 -14 15 -1 -17 -18 -19 -15 21 22 -13 24 25 -24 -26 -22 29 -23
right_child=-2 -3 3 -5 -6 6 -8 -9 9 -11 -12 20 13 19 -16 16 17 18 -20 -21 27 28 23 -25 26 -27 -28 -29 -30 -31
leaf_value=0.066405822093097075 -0.016713633266811589 -0.011901612322408566 0.061248474556487055 0.13139667296782137 -0.024847421444371923 -0.057249142834916715 -0.0060961561040520406 0.10477888277039314 -0.014022611947998835 0.043180492240199347 -0.0047944841690383717 0.033775161997527905 0.035891708351840017 0.034443793629702089 -0.010578293501610115 0.0027548080723055154 -0.013607708655078621 0.18348416767659642 0.022708928853273393 -0.040519010483276573 -0.028823186534360525 0.003648280551436069 -0.027615424087919484 0.024144888235466733 0.08581265647939984 -0.14119287393405103 -0.015932122500532348 0.0025327055503357107 -0.01533913147322773 -0.10468948482136642
leaf_weight=65 334 526 32 20 154 22 168 39 52 253 482 256 462 39 966 2405 34 21 50 87 186 985 79 168 21 32 92 5047 2120 28
leaf_count=65 334 526 32 20 154 22 168 39 52 253 482 256 462 39 966 2405 34 21 50 87 186 985 79 168 21 32 92 5047 2120 28
internal_value=1.04598e-05 0.000385575 0.000835493 0.00855047 0.00650644 0.0111138 0.0224686 0.0355803 0.0273272 0.0334278 -0.00068286 0.000118176 0.00475881 0.02449 0.00148235 0.00600685 0.00444274 0.0431043 0.0702622 -0.0173162 -0.00200754 -0.00674885 0.00978287 -0.00588556 -0.0284084 -0.0603585 0.0029762 0.0014182 -0.0101681 0.000653752
internal_weight=15225 14891 14365 1222 1202 1048 534 366 327 305 514 13143 4129 588 3541 2575 2510 105 71 126 9014 3781 648 392 224 111 113 5233 3133 1013
internal_count=15225 14891 14365 1222 1202 1048 534 366 327 305 514 13143 4129 588 3541 2575 2510 105 71 126 9014 3781 648 392 224 111 113 5233 3133 1013
is_linear=0
shrinkage=0.05


Tree=111
num_leaves=31
num_cat=0
split_feature=11 9 9 3 2 7 13 3 11 9 2 9 1 12 9 13 1 2 10 9 9 12 1 10 7 2 4 2 11 12
split_gain=34.0552 30.223 30.3916 54.5779 65.701 65.7973 44.6479 31.012 29.444 112.148 60.8892 54.414 60.5975 54.8135 53.6917 88.1236 67.8631 52.2528 63.6575 51.3859 73.0269 132.185 69.1602 121.007 69.0123 130.276 88.992 77.3128 66.3515 79.3806
threshold=4.6548615 -0.9425811799999998 32.147735500000003 12.745000000000003 11.875000000000002 2.5000000000000004 12.155000000000003 10.625000000000002 2.7533263000000008 28.933563000000003 12.095000000000001 22.397857500000004 9.3800000000000026 452050.99000000011 13.846954000000002 13.805000000000001 2.8000000000000003 21.585000000000004 1237021.3500000003 12.900985500000003 19.435943500000004 -296678.54999999999 14.996666666666675 1071845.8500000003 3.5000000000000004 11.145000000000001 -7.5200000000000005 17.115000000000006 -2.2770380000000014 -691837.29999999993
decision_type=2 2 2 2 2 2 2 2 2 2 2 2 2 2 2 2 2 2 2 2 2 2 2 2 2 2 2 2 2 2
left_child=1 -1 8 6 -5 -6 -4 -8 19 10 -10 13 -13 14 -12 16 -16 -18 -19 22 21 24 -3 -24 25 -21 27 -27 -28 -30
right_child=-2 2 3 4 5 -7 7 -9 9 -11 11 12 -14 -15 15 -17 17 18 -20 20 -22 -23 23 -25 -26 26 28 -29 29 -31
leaf_value=0.033008102715444999 -0.012274673187333546 0.00097401735702802605 -0.0063381005078554159 -0.0630770264614013 0.079596605933000969 -0.013854835670645117 0.032311291322112086 0.11269064366817474 -0.023723944690293416 0.12482684202026575 -0.00019280209439226674 0.016313586216419936 0.091686108419671661 -0.025733637091249595 -0.046313282570594722 0.11406565642414185 0.0099525177719515766 0.029093785858195689 0.11479095374384235 -0.04295440040370252 0.00042057477957733709 -0.014455005803794009 0.022356473726995594 -0.081991965387915755 -0.0048068022278462269 -0.037250400029209464 0.036777983553576886 0.059325910519110042 0.1532408556582906 0.040199499979615215
leaf_weight=71 544 4446 21 31 31 48 20 30 156 20 497 80 40 121 36 26 174 72 31 47 5158 2376 662 29 252 43 57 40 41 25
leaf_count=71 544 4446 21 31 31 48 20 30 156 20 497 80 40 121 36 26 174 72 31 47 5158 2376 662 29 252 43 57 40 41 25
internal_value=9.93686e-06 0.000465139 0.000306991 0.0206681 -0.00139023 0.022816 0.0548429 0.0805389 5.15778e-05 0.00737588 0.00547076 0.00969951 0.0414378 0.0057198 0.0102723 0.0256149 0.0182675 0.0266607 0.0548861 -0.000644943 -0.003141 -0.00951746 0.00326118 0.0179772 0.0137135 0.0321606 0.0492984 0.0092924 0.0762944 0.110422
internal_weight=15225 14681 14610 181 110 79 71 50 14429 1253 1233 1077 120 957 836 339 313 277 103 13176 8039 2881 5137 691 505 253 206 83 123 66
internal_count=15225 14681 14610 181 110 79 71 50 14429 1253 1233 1077 120 957 836 339 313 277 103 13176 8039 2881 5137 691 505 253 206 83 123 66
is_linear=0
shrinkage=0.05


Tree=112
num_leaves=31
num_cat=0
split_feature=0 7 0 7 9 9 13 2 12 5 1 5 10 5 13 1 9 13 1 4 4 2 14 9 7 3 0 12 2 9
split_gain=34.2101 29.2699 56.9108 158.604 76.0145 59.4186 58.5403 90.3763 116.575 86.0958 85.156 84.828 78.1689 68.0592 62.5538 57.8137 50.4123 67.494 45.3644 43.0535 42.2976 76.0853 68.6173 77.7313 54.4038 55.8352 71.2945 53.0905 112.113 52.426
threshold=46.500000000000007 1.5000000000000002 14.500000000000002 1.0000000180025095e-35 0.51583863500000005 25.837906000000004 17.505000000000006 13.035000000000002 -129991.24999999999 0.099552030683233303 19.748333333333338 0.11897682747295471 1985475.8500000003 0.10851873965155671 20.935000000000006 12.99666666666667 2.7897034000000005 7.6650000000000009 11.595000000000002 6.8300000000000001 -5.3199999999999985 16.875000000000004 0.62000000000000011 19.107818500000004 1.0000000180025095e-35 15.985000000000001 18.500000000000004 -721716.83999999973 13.815000000000003 20.946472000000004
decision_type=2 2 2 2 2 2 2 2 2 2 2 2 2 2 2 2 2 2 2 2 2 2 2 2 2 2 2 2 2 2
left_child=1 2 3 15 -4 -5 11 8 9 -8 18 19 13 14 -10 16 -1 -18 -9 20 21 29 23 -23 25 26 -22 28 -26 -6
right_child=-2 -3 4 5 6 -7 7 10 12 -11 -12 -13 -14 -15 -16 -17 17 -19 -20 -21 24 22 -24 -25 27 -27 -28 -29 -30 -31
leaf_value=0.011400107710829213 -0.015816055691430155 -0.0010372384323610764 0.094640709616243837 0.0087761363260161832 -0.030087396246090067 0.074753996543586262 -0.029882036533672364 -0.051597020030021673 -0.080816280592561643 0.11058249158784748 0.11405744545161725 0.11205631852149965 0.02617962177504193 -0.15573446615175768 0.017908863270921366 0.040586131385394505 -0.0010045010038380717 -0.041107517997052798 0.023258975071054122 -0.055331930776055041 0.12571767783508853 -0.0043325069728351361 0.097249194165691735 0.056113005358673321 -0.01558408197015524 0.016571594929081147 0.035352853062453081 0.0039216427320145205 0.13737855922106817 0.0062041216020417567
leaf_weight=81 334 10638 25 655 240 36 24 29 68 20 20 20 22 22 21 35 141 410 67 26 26 212 25 71 25 567 136 1036 23 170
leaf_count=81 334 10638 25 655 240 36 24 29 68 20 20 20 22 22 21 35 141 410 67 26 26 212 25 71 25 567 136 1036 23 170
internal_value=9.44003e-06 0.0003644 0.00387031 -0.00457458 0.00783168 0.0122135 0.0070755 -0.0141023 -0.0365827 0.0339655 0.0201999 0.00948337 -0.059922 -0.0769872 -0.0575216 -0.0219667 -0.0254309 -0.0308452 0.000646227 0.00868108 0.00933866 -0.000932469 0.0178466 0.0108323 0.0134063 0.0239681 0.0498558 0.00630344 0.0577105 -0.0150397
internal_weight=15225 14891 4253 1358 2895 691 2870 293 177 44 116 2577 133 111 89 667 632 551 96 2557 2531 718 308 283 1813 729 162 1084 48 410
internal_count=15225 14891 4253 1358 2895 691 2870 293 177 44 116 2577 133 111 89 667 632 551 96 2557 2531 718 308 283 1813 729 162 1084 48 410
is_linear=0
shrinkage=0.05


Tree=113
num_leaves=31
num_cat=0
split_feature=11 11 9 9 1 10 11 1 13 4 4 4 1 9 12 0 3 12 9 10 12 11 1 9 9 12 3 9 9 9
split_gain=30.8768 38.331 76.7262 47.7897 87.3679 98.2706 71.6813 85.7554 58.0596 56.4404 107.253 55.5143 54.1636 52.7466 73.3541 100.182 65.2194 61.8872 61.7411 96.8586 88.9014 98.3527 71.9196 68.8535 53.3451 108.371 58.3657 72.8081 84.4986 56.9164
threshold=4.0352475000000014 2.7533263000000008 22.397857500000004 10.704941000000002 14.996666666666675 124395.10000000002 0.58505249999999986 4.0233333333333352 14.905000000000003 -3.9699999999999993 -1.9799999999999993 4.1700000000000017 16.095000000000006 19.435943500000004 -211014.54999999996 22.500000000000004 13.665000000000001 -956311.49999999988 15.605621500000002 1265137.0000000002 -820061.34999999986 -0.65457149999999931 4.8316666666666643 18.688476500000004 13.425262500000002 1190757.1200000003 13.915000000000001 11.403320500000001 12.453476000000002 13.664733500000002
decision_type=2 2 2 2 2 2 2 2 2 2 2 2 2 2 2 2 2 2 2 2 2 2 2 2 2 2 2 2 2 2
left_child=1 3 -3 4 6 11 7 -1 -9 -10 -11 -6 -7 14 15 16 -5 -15 20 -20 21 -17 -22 -21 25 26 -16 -28 -29 -26
right_child=-2 2 -4 13 5 12 -8 8 9 10 -12 -13 -14 17 24 18 -18 -19 19 23 22 -23 -24 -25 29 -27 27 28 -30 -31
leaf_value=0.061901313935716955 -0.009603242417947376 0.00455965881704813 0.045329676483603747 0.11967114813625812 0.028861651133771777 0.03172255131081702 -0.010126780520957591 0.0026362840414828424 -0.012376046071157736 0.16078973770851182 0.026139052974060179 0.1139950647695514 -0.039189002446658995 -0.027309015153854668 -0.020871509437724686 -0.026737938374681497 0.025568981149087358 0.0020481241481945978 0.0381845575244147 0.0063994738753535788 0.092691504340618847 -0.12836322439834477 -0.0092625636287266399 -0.083803469008382633 -0.052052101840447521 -0.09766131406151024 -0.015529532626588649 0.038631125447111871 -0.00072524275388767502 -0.012826188656983338
leaf_weight=66 792 872 133 20 450 39 994 2473 34 21 50 20 87 186 216 93 232 5153 147 56 20 32 128 34 97 28 223 265 281 1983
leaf_count=66 792 872 133 20 450 39 994 2473 34 21 50 20 87 186 216 93 232 5153 147 56 20 32 128 34 97 28 223 265 281 1983
internal_value=8.96801e-06 0.000536431 0.00995509 -0.000168496 0.004227 0.0219721 0.00131989 0.00562321 0.00418242 0.0405976 0.0659653 0.0324843 -0.0172402 -0.0021927 -0.0066496 0.00724617 0.0330374 0.00102538 -0.00549774 0.0131738 -0.0217071 -0.052754 0.00451501 -0.0276772 -0.010073 -0.000663765 0.00209353 0.00854404 0.0183763 -0.0146555
internal_weight=15225 14433 1005 13428 4234 596 3638 2644 2578 105 71 470 126 9194 3855 762 252 5339 510 237 273 125 148 90 3093 1013 985 769 546 2080
internal_count=15225 14433 1005 13428 4234 596 3638 2644 2578 105 71 470 126 9194 3855 762 252 5339 510 237 273 125 148 90 3093 1013 985 769 546 2080
is_linear=0
shrinkage=0.05


Tree=114
num_leaves=31
num_cat=0
split_feature=0 9 9 1 1 4 2 0 7 7 14 1 2 9 4 1 13 7 13 2 1 12 9 0 14 7 3 11 1 7
split_gain=30.7884 26.4109 26.6182 51.9081 38.1865 79.7646 36.9678 23.7806 52.2472 43.2499 64.1103 62.2222 79.0306 36.3612 30.9099 28.185 25.2251 21.0674 57.9858 71.1081 110.215 84.9531 75.7555 51.8281 57.2985 89.0639 72.6514 81.8166 48.9254 72.7938
threshold=46.500000000000007 -0.9425811799999998 32.147735500000003 19.748333333333338 9.9633333333333365 -1.829999999999999 12.275 4.5000000000000009 1.0000000180025095e-35 5.5000000000000009 8.6050000000000022 10.43833333333334 13.425000000000002 24.629822000000004 2.0200000000000009 1.0000000180025095e-35 11.075000000000001 1.5000000000000002 17.590000000000003 13.525 12.293333333333344 -129991.24999999999 10.819717500000001 13.500000000000002 8.7450000000000028 5.5000000000000009 11.415000000000001 1.1891630000000009 12.466666666666674 1.0000000180025095e-35
decision_type=2 2 2 2 2 2 2 2 2 2 2 2 2 2 2 2 2 2 2 2 2 2 2 2 2 2 2 2 2 2
left_child=1 -1 7 4 -4 -6 -7 8 16 10 13 -12 -13 -10 -15 -9 -3 18 28 21 -21 -20 -23 24 -19 26 27 -26 -17 -30
right_child=-2 2 3 -5 5 6 -8 15 9 -11 11 12 -14 14 -16 17 -18 23 19 20 -22 22 -24 -25 25 -27 -28 -29 29 -31
leaf_value=0.030767736158950228 -0.015004685908677279 -0.022859584852121771 0.062005331247512785 0.089436316571157914 -0.086843156944150512 0.057943150015281775 -0.0046999635045520136 0.048284293735219586 -0.0070962408621973311 -0.021958725021325117 0.0062193275041257344 0.0079081678403202776 0.13454561861498016 0.0067387037274189128 0.055336616270062401 0.0029952284339648614 -0.077343448313573995 0.00154987123441687 0.028995801871403673 -0.069328080062512995 0.049589230255889044 0.0063756078481674201 -0.075908029678646682 -0.0026841874782680699 0.050047294082025351 0.0023181603653058143 0.022510440149546965 0.15954328620185454 0.046148886054625055 0.0065205073624217819
leaf_weight=71 334 185 28 23 23 35 72 31 815 232 72 22 28 162 41 2883 24 1544 39 27 70 38 106 7294 59 281 138 24 173 351
leaf_count=71 334 185 28 23 23 35 72 31 815 232 72 22 28 162 41 2883 24 1544 39 27 70 38 106 7294 59 281 138 24 173 351
internal_value=8.51963e-06 0.000345261 0.000199512 0.0192564 0.00904031 -0.00236754 0.0157908 -3.61116e-05 -0.00582771 -0.00228013 0.00172463 0.0359758 0.0788251 -0.00238012 0.016554 0.000665107 -0.0291161 0.000551789 0.00375209 -0.0181205 0.0164885 -0.0364653 -0.0541943 -0.000711541 0.00632096 0.0209954 0.0447433 0.0817088 0.00554966 0.0196039
internal_weight=15225 14891 14820 181 158 130 107 14639 1581 1372 1140 122 50 1018 203 13058 209 13027 3687 280 97 183 144 9340 2046 502 221 83 3407 524
internal_count=15225 14891 14820 181 158 130 107 14639 1581 1372 1140 122 50 1018 203 13058 209 13027 3687 280 97 183 144 9340 2046 502 221 83 3407 524
is_linear=0
shrinkage=0.05


Tree=115
num_leaves=31
num_cat=0
split_feature=12 1 11 12 4 1 7 4 7 10 13 13 14 7 0 4 2 1 13 2 1 10 9 1 9 11 13 12 0 9
split_gain=37.6339 62.6222 30.0518 81.4455 96.195 86.4857 73.7222 76.6055 68.0194 52.456 60.572 59.8982 49.5416 46.4154 128.682 83.0521 98.9583 59.2017 56.5753 58.2928 46.6345 50.5274 54.316 74.3425 55.0389 43.1403 39.6095 39.2297 37.5126 37.4063
threshold=-2220763.9749999996 2.8000000000000003 -1.3292384999999995 42380.415000000001 -9.7749999999999986 2.8000000000000003 1.0000000180025095e-35 -10.424999999999999 2.5000000000000004 1890987.7500000002 7.495000000000001 11.405000000000003 7.7550000000000008 1.0000000180025095e-35 12.500000000000002 -4.0749999999999993 11.215000000000002 12.99666666666667 11.405000000000003 19.545000000000005 11.555000000000005 400876.42000000004 14.633026000000003 8.1266666666666776 30.182007500000005 2.0464936000000007 11.005000000000001 1391.0202500000019 31.500000000000004 19.209274500000003
decision_type=2 2 2 2 2 2 2 2 2 2 2 2 2 2 2 2 2 2 2 2 2 2 2 2 2 2 2 2 2 2
left_child=1 -1 3 6 -5 -6 7 -2 -7 11 -11 -10 -9 14 17 18 -17 -4 25 -20 21 26 23 -23 28 -16 -18 -22 -24 -15
right_child=2 -3 13 4 5 8 -8 12 9 10 -12 -13 -14 29 15 16 20 -19 19 -21 27 22 24 -25 -26 -27 -28 -29 -30 -31
leaf_value=-0.013398362427730771 0.065067805593897562 0.08000642076918954 -0.023705893713293034 -0.11870512643030712 0.079341192371570154 0.0056221071738327133 0.0099843591393314873 -0.025497667939599719 -0.0042552350492298437 -0.14346633918583393 -0.035965201690008768 -0.062546225873132549 0.035516407199808073 -0.0056297266616447614 0.0040921590997109181 0.12135012767933034 0.011280625675422559 0.05045869012588057 -0.006235265880823136 -0.072561230797034054 0.035863501567280652 0.033821077674042944 -0.015741430804608207 0.14756224524229763 0.063680783990861439 0.042052852575399792 -0.039580415328175335 0.10535745391001304 0.057642574822862773 0.00056673029417506234
leaf_weight=34 29 38 373 21 26 238 2616 330 166 20 38 60 37 5480 289 27 109 29 220 39 132 51 102 20 41 101 59 24 21 4384
leaf_count=34 29 38 373 21 26 238 2616 330 166 20 38 60 37 5480 289 27 109 29 220 39 132 51 102 20 41 101 59 24 21 4384
internal_value=-0.000164192 0.0358986 -0.000336352 0.00366348 -0.0136855 -0.00966098 0.00694088 -0.0131645 -0.014094 -0.0306167 -0.0730346 -0.0197307 -0.0193464 -0.00158176 0.00621539 0.0142134 0.0278588 -0.0183557 0.00189264 -0.0162226 0.0233431 0.0143579 0.0293272 0.0658608 0.0135109 0.013923 -0.00658129 0.0465549 -0.00321245 -0.00287575
internal_weight=15154 72 15082 3581 569 548 3012 396 522 284 58 226 367 11501 1637 1235 586 402 649 259 559 403 235 71 164 390 168 156 123 9864
internal_count=15154 72 15082 3581 569 548 3012 396 522 284 58 226 367 11501 1637 1235 586 402 649 259 559 403 235 71 164 390 168 156 123 9864
is_linear=0
shrinkage=0.05


end of trees

feature_importances:
solar_diff=404
temp=400
jepx_price_prev_ma3=376
temp_diff=375
slot=262
reserve_ratio=255
price_prev_weekday=244
weekday=233
solar=220
reserve_ratio_diff=212
reserve_ratio_inv=209
reserve_ratio_prev=196
price_prev_holiday=88
holiday=6

parameters:
[boosting: gbdt]
[objective: regression]
[metric: rmse,l2]
[tree_learner: serial]
[device_type: cpu]
[data_sample_strategy: bagging]
[data: ]
[valid: ]
[num_iterations: 2000]
[learning_rate: 0.05]
[num_leaves: 31]
[num_threads: 10]
[seed: 42]
[deterministic: 0]
[force_col_wise: 0]
[force_row_wise: 0]
[histogram_pool_size: -1]
[max_depth: -1]
[min_data_in_leaf: 20]
[min_sum_hessian_in_leaf: 0.001]
[bagging_fraction: 0.8]
[pos_bagging_fraction: 1]
[neg_bagging_fraction: 1]
[bagging_freq: 5]
[bagging_seed: 400]
[bagging_by_query: 0]
[feature_fraction: 0.9]
[feature_fraction_bynode: 1]
[feature_fraction_seed: 30056]
[extra_trees: 0]
[extra_seed: 12879]
[early_stopping_round: 0]
[early_stopping_min_delta: 0]
[first_metric_only: 0]
[max_delta_step: 0]
[lambda_l1: 0]
[lambda_l2: 0]
[linear_lambda: 0]
[min_gain_to_split: 0]
[drop_rate: 0.1]
[max_drop: 50]
[skip_drop: 0.5]
[xgboost_dart_mode: 0]
[uniform_drop: 0]
[drop_seed: 17869]
[top_rate: 0.2]
[other_rate: 0.1]
[min_data_per_group: 100]
[max_cat_threshold: 32]
[cat_l2: 10]
[cat_smooth: 10]
[max_cat_to_onehot: 4]
[top_k: 20]
[monotone_constraints: ]
[monotone_constraints_method: basic]
[monotone_penalty: 0]
[feature_contri: ]
[forcedsplits_filename: ]
[refit_decay_rate: 0.9]
[cegb_tradeoff: 1]
[cegb_penalty_split: 0]
[cegb_penalty_feature_lazy: ]
[cegb_penalty_feature_coupled: ]
[path_smooth: 0]
[interaction_constraints: ]
[verbosity: 1]
[saved_feature_importance_type: 0]
[use_quantized_grad: 0]
[num_grad_quant_bins: 4]
[quant_train_renew_leaf: 0]
[stochastic_rounding: 1]
[linear_tree: 0]
[max_bin: 255]
[max_bin_by_feature: ]
[min_data_in_bin: 3]
[bin_construct_sample_cnt: 200000]
[data_random_seed: 175]
[is_enable_sparse: 1]
[enable_bundle: 1]
[use_missing: 1]
[zero_as_missing: 0]
[feature_pre_filter: 1]
[pre_partition: 0]
[two_round: 0]
[header: 0]
[label_column: ]
[weight_column: ]
[group_column: ]
[ignore_column: ]
[categorical_feature: ]
[forcedbins_filename: ]
[precise_float_parser: 0]
[parser_config_file: ]
[objective_seed: 16083]
[num_class: 1]
[is_unbalance: 0]
[scale_pos_weight: 1]
[sigmoid: 1]
[boost_from_average: 1]
[reg_sqrt: 0]
[alpha: 0.9]
[fair_c: 1]
[poisson_max_delta_step: 0.7]
[tweedie_variance_power: 1.5]
[lambdarank_truncation_level: 30]
[lambdarank_norm: 1]
[label_gain: ]
[lambdarank_position_bias_regularization: 0]
[eval_at: ]
[multi_error_top_k: 1]
[auc_mu_weights: ]
[num_machines: 1]
[local_listen_port: 12400]
[time_out: 120]
[machine_list_filename: ]
[machines: ]
[gpu_platform_id: -1]
[gpu_device_id: -1]
[gpu_use_dp: 0]
[num_gpu: 1]

end of parameters

pandas_categorical:[]
