tree
version=v4
num_class=1
num_tree_per_iteration=1
label_index=0
max_feature_idx=19
objective=regression
feature_names=slot weekday holiday temp solar jepx_price_prev_96 temp_prev_96 solar_prev_96 temp_diff_96 solar_diff_96 reserve_ratio_prev_96 reserve_ratio_diff_96 price_prev_weekday_96 price_prev_holiday_96 weekly_max_reserve weekly_min_reserve weekly_max_reserve_prev weekly_min_reserve_prev weekly_max_reserve_diff weekly_min_reserve_diff
feature_infos=[0:47] [0:6] [0:1] [0.55319214000000005:31.48761] [0:3637010] [0:45.009999999999998] [0:31.48761] [0:3637010] [-12.467010200000001:12.515929999999999] [-3052193.2300000004:2990539] none none [0:45.009999999999998] [0:35] [15.635000000000002:94.025000000000006] [10.85:49.004999999999995] [0:94.025000000000006] [0:49.004999999999995] [-53.545000000000009:44.435000000000002] [-17.824999999999996:21.744999999999997]
tree_sizes=2673 2793 2806 2820 2808 2807 2815 2811 2825 2814 2807 2825 2820 2820 2815 2812 2810 2830 2788 2801 2828 2805 2830 2831 2819 2795 2824 2833 2810 2816 2820 2809 2834 2833 2822 2852 2803 2816 2834 2786 2848 2830 2834 2825 2814 2843 2839 2834 2834 2793 2819 2802 2819 2799 2806 2844 2838 2853 2821 2819 2823 2823 2841 2856 2853 2806 2830 2847 2830 2854 2796 2849 2836 2843 2791 2818 2815 2807 2798 2846 2846 2838 2841 2849 2819 2865 2844 2875 2830 2818 2836 2849 2840 2837 2850 2836 2816 2833 2890 2857 2802 2824 2813 2860 2866 2844 2856 2853 2832 2854 2828 2804 2822 2823 2803 2829 2811 2837 2811 2837 2842 2787 2862 2859 2775 2784 2789 2793 2822 2844 2816 2845 2817 2807 2838 2774 2832 2804 2839 2815 2803 2824 2831 2834 2839 2815 2823 2843 2783 2844 2824 2865 2844 2800 2803 2820 2797 2800 2791 2861 2820 2836 2879 2842 2816 2796 2835 2848 2846 2831 2821 2796 2821 2829 2799 2811 2837 2806 2842 2828 2841 2763 2832

Tree=0
num_leaves=31
num_cat=0
split_feature=5 4 12 3 9 4 9 12 3 12 12 9 0 17 12 5 9 16 0 0 12 15 9 3 4 3 0 0 0 9
split_gain=68123.1 30817.8 16481.5 13147 7109.15 5235.48 5224.43 5027.1 3277.35 2980.5 2432.75 2255.34 1958.36 1647.53 1575.13 1314.32 1306.89 1274.35 1226.05 1138.98 1023.17 990.47 989.831 939.073 910.229 906.405 898.287 869.785 853.097 836.199
threshold=11.055000000000001 1536526.0000000002 15.635000000000003 25.685928500000006 658849.65000000014 2257235.8500000006 844170.07000000018 8.4350000000000005 27.438568000000004 12.005000000000001 7.3350000000000009 9181.1049999999541 33.500000000000007 12.922500000000001 7.3550000000000013 16.680000000000003 -1212437.2 81.257500000000007 30.500000000000004 30.500000000000004 18.375000000000004 24.570000000000004 18875.749999999956 21.426284500000005 590682.68000000017 7.915100100000001 32.500000000000007 30.500000000000004 25.500000000000004 -19448.602499999983
decision_type=2 2 2 2 2 2 2 2 2 2 2 2 2 2 2 2 2 2 2 2 2 2 2 2 2 2 2 2 2 2
left_child=1 7 4 5 9 10 8 11 26 12 28 13 22 -1 -5 21 -15 18 25 23 -10 -14 -2 -6 -18 -9 -4 29 -3 -16
right_child=2 3 6 14 19 -7 -8 17 20 -11 -12 -13 15 16 27 -17 24 -19 -20 -21 -22 -23 -24 -25 -26 -27 -28 -29 -30 -31
leaf_value=10.071170350088089 9.9501818407803366 9.50936700138333 10.088797539030756 9.7325810283094523 9.4568715572381485 9.4427212751907899 9.736686663065651 9.9702466909044709 10.281799129580859 10.074584858808548 9.7384389384946211 9.7381434601617141 10.049190255718667 9.9463356961182043 9.9356735549722686 10.122068411404273 9.8433224978786296 10.189377362593213 9.9547157521143657 9.8600858148808594 10.47153728159916 9.9513234895285692 9.8278484051356667 9.7377972686752834 9.7771504148304693 9.8747770391836536 10.213772511640599 10.050510430115555 9.6385890428787881 9.7913125134197454
leaf_weight=78 838 277 189 392 59 558 55 287 135 1176 360 586 456 262 156 246 2641 41 994 64 150 597 206 60 647 1859 601 57 237 281
leaf_count=78 838 277 189 392 59 558 55 287 135 1176 360 586 456 262 156 246 2641 41 994 64 150 597 206 60 647 1859 601 57 237 281
internal_value=9.89143 9.81511 10.0449 9.65604 9.99383 9.56237 10.212 9.86498 10.2363 10.0096 9.63876 9.82916 9.97703 9.84386 9.80742 10.018 9.83887 9.91242 9.90881 9.68999 10.3817 9.9937 9.92604 9.59851 9.8303 9.88754 10.1839 9.86681 9.56895 9.84285
internal_weight=14545 9713 4832 2318 3702 1432 1130 7395 1075 3519 874 4214 2343 3628 886 1299 3550 3181 3140 183 285 1053 1044 119 3288 2146 790 494 514 437
internal_count=14545 9713 4832 2318 3702 1432 1130 7395 1075 3519 874 4214 2343 3628 886 1299 3550 3181 3140 183 285 1053 1044 119 3288 2146 790 494 514 437
is_linear=0
shrinkage=1


Tree=1
num_leaves=31
num_cat=0
split_feature=5 4 12 6 9 12 0 4 9 12 12 9 0 15 17 12 9 9 16 12 0 4 9 0 8 4 6 12 9 17
split_gain=61481.1 27860.5 14939.3 12590.8 5951.04 4726.83 4579.67 4083.79 3018.46 2524.68 2213.31 2181.66 2016.14 1515.88 1505.55 1271.44 1244.95 1183.49 1154.28 1183.04 1061.14 932.08 952.225 931.853 874.908 864.047 846.435 801.956 793.455 785.841
threshold=11.055000000000001 1596473.6500000001 14.515000000000002 25.581695500000006 658849.65000000014 8.4350000000000005 30.500000000000004 2358558.8500000006 188738.19999999987 18.485000000000003 7.2650000000000006 9181.1049999999541 32.500000000000007 24.315000000000005 13.050000000000002 7.3550000000000013 24869.521000000099 -1212437.2 81.257500000000007 11.735000000000001 41.500000000000007 266733.22500000003 456971.29999999999 29.500000000000004 2.0588680000000008 938236.30000000016 21.721893500000004 11.885000000000003 39085.219999999979 23.882500000000004
decision_type=2 2 2 2 2 2 2 2 2 2 2 2 2 2 2 2 2 2 2 2 2 2 2 2 2 2 2 2 2 2
left_child=1 5 4 7 12 11 8 10 -4 24 -3 14 16 20 -1 -5 27 29 19 -7 -14 -11 -23 26 -8 -19 -6 -2 -17 -16
right_child=2 3 6 15 23 18 9 -9 -10 21 -12 -13 13 -15 17 28 -18 25 -20 -21 -22 22 -24 -25 -26 -27 -28 -29 -30 -31
leaf_value=0.16115598909253645 0.052957787518087766 -0.32282302149496062 0.19741150195238855 -0.14816554227718026 -0.40558755814083042 0.0031023179408742711 0.2974739858679793 -0.44092428878760243 -0.16255506197740507 0.34511119429723441 -0.15943749773316085 -0.14614863630761452 0.22206520563724502 0.089844672808178497 0.2439900325865231 0.049326272167771773 -0.048813850813882148 -0.048277059790222128 0.28349453974628774 0.08653583623976871 0.11574452244033538 0.54421359822991189 0.18821637020224619 -0.051352446000365648 0.15398140631113499 -0.12124087084202889 -0.11978759115392512 0.15296095503402396 -0.07995529938223106 0.012690190995963677
leaf_weight=86 787 531 239 370 63 2650 677 478 77 162 340 632 587 908 44 206 235 2854 41 506 391 178 21 68 126 473 44 269 280 222
leaf_count=86 787 531 239 370 63 2650 677 478 77 162 340 632 587 908 44 206 235 2854 41 506 391 178 21 68 126 473 44 269 280 222
internal_value=0.000448505 -0.0720569 0.146195 -0.228316 0.0877762 -0.0261657 0.278505 -0.323491 0.109698 0.324332 -0.259045 -0.0603302 0.103412 0.136367 -0.0455878 -0.0783265 0.0552696 -0.0505363 0.0199035 0.0164792 0.179559 0.434157 0.506646 -0.196084 0.274958 -0.0586503 -0.288062 0.0784321 -0.0251569 0.0509503
internal_weight=14545 9713 4832 2205 3352 7508 1480 1349 316 1164 871 4311 3177 1886 3679 856 1291 3593 3197 3156 978 361 199 175 803 3327 107 1056 486 266
internal_count=14545 9713 4832 2205 3352 7508 1480 1349 316 1164 871 4311 3177 1886 3679 856 1291 3593 3197 3156 978 361 199 175 803 3327 107 1056 486 266
is_linear=0
shrinkage=0.05


Tree=2
num_leaves=31
num_cat=0
split_feature=5 4 12 6 9 3 4 4 1 4 0 12 0 12 9 6 16 5 15 12 12 17 9 9 9 0 0 0 9 0
split_gain=55499.1 23547.8 15314.1 11132.8 5660.55 4867.99 3807.74 3650.76 3591.66 2103.02 2076.05 1988.69 1799.58 1590.32 1210.49 1186.61 1159.91 1139.99 1145.6 1127.53 1070.8 999.927 923.815 837.025 811.876 747.116 721.013 674.187 668.55 660.046
threshold=10.765000000000002 1596473.6500000001 13.005000000000001 25.581695500000006 484778.34000000008 27.568130500000006 1471718.3000000003 2358558.8500000006 4.5000000000000009 283852.4200000001 25.500000000000004 7.2650000000000006 33.500000000000007 16.935000000000006 12489.531999999914 28.009628500000002 81.257500000000007 16.505000000000006 25.495000000000001 7.3550000000000013 18.375000000000004 15.005000000000001 1305120.5000000002 501994.3000000001 2293.4197500000018 30.500000000000004 25.500000000000004 25.500000000000004 -19448.602499999983 42.500000000000007
decision_type=2 2 2 2 2 2 2 2 2 2 2 2 2 2 2 2 2 2 2 2 2 2 2 2 2 2 2 2 2 2
left_child=1 8 4 7 12 6 13 11 10 -10 14 26 24 -4 16 -12 21 18 29 -5 -7 -1 27 -15 -2 28 -3 -6 -21 -14
right_child=2 3 5 19 22 20 -8 -9 9 -11 15 -13 17 23 -16 -17 -18 -19 -20 25 -22 -23 -24 -25 -26 -27 -28 -29 -30 -31
leaf_value=0.051640598339867505 0.060228354683281207 -0.3606940062847776 0.18161810087965635 -0.14090246615646398 -0.22062876073407456 0.33353672332574275 -0.15499538867406443 -0.41861892850904525 -0.053446439066933429 -0.17057611841747775 0.034924123756878783 -0.15107703572166781 0.1788140128188396 0.30329595517947594 -0.10106651179346898 0.36351371482014661 0.32176770853996278 0.21504413813469916 0.05100546362983565 0.039886995199557448 0.50742723614914931 -0.030732501450352757 -0.32086078451104361 0.012417160003231122 -0.033097204244679601 0.1509610947497465 -0.24324002961112448 -0.013524948847903449 -0.092496914209459324 0.085769160147814008
leaf_weight=423 1170 284 971 366 71 214 71 474 1178 568 1466 337 465 507 499 28 25 254 650 146 151 2855 73 26 291 54 242 88 275 323
leaf_count=423 1170 284 971 366 71 214 71 474 1178 568 1466 337 465 507 499 28 25 254 650 146 151 2855 73 26 291 54 242 88 275 323
internal_value=0.000426079 -0.073799 0.128943 -0.21748 0.0647518 0.240948 0.202819 -0.307135 -0.0293603 -0.0915505 -0.00885728 -0.245903 0.0822907 0.219711 -0.0284811 0.0410824 -0.0175153 0.117392 0.100143 -0.0749483 0.405475 -0.0201029 -0.173611 0.289107 0.0416399 -0.0241289 -0.306656 -0.106005 -0.0465871 0.140675
internal_weight=14545 9220 5325 2178 3385 1940 1575 1337 7042 1746 5296 863 3153 1504 3802 1494 3303 1692 1438 841 365 3278 232 533 1461 475 526 159 421 788
internal_count=14545 9220 5325 2178 3385 1940 1575 1337 7042 1746 5296 863 3153 1504 3802 1494 3303 1692 1438 841 365 3278 232 533 1461 475 526 159 421 788
is_linear=0
shrinkage=0.05


Tree=3
num_leaves=31
num_cat=0
split_feature=5 4 12 6 9 3 4 4 1 0 12 4 0 12 6 15 17 15 4 3 12 0 0 3 18 6 9 5 9 9
split_gain=50206.9 20215.6 15034.9 9844.69 5261.64 4355.32 3455.28 3238.9 3149.14 1921.18 1801.18 1791.03 1672.95 1484.36 1215.63 1116.75 1043.08 1004.49 983.739 970.95 949.492 921.348 878.528 759.139 746.413 742.033 740.298 727.68 723.38 665.657
threshold=10.495000000000003 1596473.6500000001 13.005000000000001 25.513076500000004 484778.34000000008 27.568130500000006 1291319.7000000002 2358558.8500000006 4.5000000000000009 33.500000000000007 7.2650000000000006 236607.73500000002 25.500000000000004 16.375000000000004 28.009628500000002 25.277500000000003 15.005000000000001 15.880000000000001 886104.83000000019 15.128632000000001 18.375000000000004 29.500000000000004 42.500000000000007 24.213379000000003 -14.150000000000004 21.721893500000004 2293.4197500000018 16.505000000000006 1202069.9500000002 -180217.64499999996
decision_type=2 2 2 2 2 2 2 2 2 2 2 2 2 2 2 2 2 2 2 2 2 2 2 2 2 2 2 2 2 2
left_child=1 8 4 7 9 6 13 10 12 26 -3 -10 16 -4 -14 22 -1 -5 19 24 -7 25 -11 -20 -18 -6 -2 -17 -8 -21
right_child=2 3 5 17 21 20 28 -9 11 15 -12 -13 14 -15 -16 27 18 -19 23 29 -22 -23 -24 -25 -26 -27 -28 -29 -30 -31
leaf_value=0.042851402226530777 0.050609315332517647 -0.29309207906566781 0.16828038569022508 0.024352723391105734 -0.33308198556795227 0.31447138177136535 -0.0033372857772945605 -0.39762249507372277 -0.054093223938247274 0.18052428786218433 -0.14414483999694461 -0.16477330786176858 0.028485403051465238 0.269284424860667 0.38036043536663056 0.047098166438040164 0.21683908592732182 -0.10409507524768749 -0.14457035665360068 0.030760651401942597 0.47711646820831705 -0.03949239392126544 0.082004332596572194 -0.002509465669245683 0.0015733635380479035 -0.11088570072315634 -0.032362543184559861 0.18055432971034732 -0.29531692651839092 -0.063172791908021012
leaf_weight=434 1413 515 857 201 91 217 79 473 1056 621 335 559 1349 632 25 721 42 627 347 216 153 89 356 129 977 64 332 119 29 1487
leaf_count=434 1413 515 857 201 91 217 79 473 1056 621 335 559 1349 632 25 721 42 627 347 216 153 89 356 129 977 64 332 119 29 1487
internal_value=0.000404776 -0.0749562 0.114915 -0.208126 0.0569069 0.227156 0.191344 -0.292749 -0.0316925 0.0722935 -0.234389 -0.0924029 -0.0121066 0.211151 0.0348878 0.108279 -0.0298847 -0.0729139 -0.0397557 -0.0281592 0.381727 -0.167713 0.144626 -0.106071 0.0104459 -0.241336 0.0348233 0.0660045 -0.0817392 -0.0512587
internal_weight=14545 8772 5773 2151 3806 1967 1597 1323 6621 3562 850 1615 5006 1489 1374 1817 3632 828 3198 2722 370 244 977 476 1019 155 1745 840 108 1703
internal_count=14545 8772 5773 2151 3806 1967 1597 1323 6621 3562 850 1615 5006 1489 1374 1817 3632 828 3198 2722 370 244 977 476 1019 155 1745 840 108 1703
is_linear=0
shrinkage=0.05


Tree=4
num_leaves=31
num_cat=0
split_feature=5 4 12 3 9 9 4 12 3 1 13 9 15 4 15 5 0 12 15 0 3 0 16 12 16 5 0 12 12 3
split_gain=45502.8 20541.3 11147 8816.41 4840.5 3825.71 3654.47 3565.16 2240.27 2112.08 1742.58 1690.5 1465.69 1453.13 1440.6 1188.59 1154.04 1137.43 1064.63 1127.3 915.806 913.88 889.91 936.178 859.354 806.48 795.805 765.366 712.003 704.762
threshold=11.055000000000001 1536526.0000000002 15.735000000000001 25.219284500000004 658849.65000000014 844170.07000000018 2149393.1000000006 8.6050000000000022 27.301452500000003 3.5000000000000004 12.505000000000001 -764901.52500000002 24.570000000000004 505248.27000000008 17.672500000000003 12.095000000000001 25.500000000000004 7.3550000000000013 24.570000000000004 21.500000000000004 8.6020965000000018 32.500000000000007 81.257500000000007 11.735000000000001 23.332500000000007 1.0000000180025095e-35 30.500000000000004 1.0000000180025095e-35 18.375000000000004 26.958389000000004
decision_type=2 2 2 2 2 2 2 2 2 2 2 2 2 2 2 2 2 2 2 2 2 2 2 2 2 2 2 2 2 2
left_child=1 7 4 6 9 8 12 11 -4 15 20 14 -3 25 -1 -2 -14 -5 -15 -20 -11 -22 23 -9 -8 -13 -6 -16 -10 -17
right_child=2 3 5 17 26 -7 24 22 28 10 -12 13 16 18 27 29 -18 -19 19 -21 21 -23 -24 -25 -26 -27 -28 -29 -30 -31
leaf_value=0.30980757630533645 0.089040166736058302 -0.12468511797487736 0.24056281078826999 -0.13203416357101655 -0.24153949270645778 -0.14510739092473632 -0.065473950157562896 0.0053305917120661604 0.3207389180761363 0.13076127429712833 0.15054915883905035 0.1526683803361196 -0.34914308534276611 -0.053496524476972611 -0.086409066665445025 0.15982505440908717 -0.1832852930924751 -0.018734880016151683 -0.22475413947894768 -0.083340276440529354 -0.01912499893078801 0.062869684289825006 0.26181432220496631 0.080524011072842405 -0.37051417474377613 -0.045976494016794496 -0.02321546212770045 0.058644009006370929 0.47582587893981088 0.27916382461436245
leaf_weight=45 606 368 753 399 120 54 24 2405 140 237 459 52 198 437 134 729 223 498 296 269 642 722 38 500 608 2936 64 283 157 149
leaf_count=45 606 368 753 399 120 54 24 2405 140 237 459 52 198 437 134 729 223 498 296 269 642 722 38 500 608 2936 64 283 157 149
internal_value=0.000384538 -0.0619916 0.125769 -0.191865 0.0844426 0.265323 -0.269339 -0.0212822 0.28643 0.0974245 0.0646632 -0.0495088 -0.197576 -0.059993 0.0410363 0.142902 -0.26129 -0.0691322 -0.1121 -0.157426 0.04004 0.0242769 0.0214173 0.0182727 -0.35893 -0.0425195 -0.165601 0.0120322 0.402721 0.180077
internal_weight=14545 9713 4832 2318 3728 1104 1421 7395 1050 3544 2060 4452 789 3990 462 1484 421 897 1002 565 1601 1364 2943 2905 632 2988 184 417 297 878
internal_count=14545 9713 4832 2318 3728 1104 1421 7395 1050 3544 2060 4452 789 3990 462 1484 421 897 1002 565 1601 1364 2943 2905 632 2988 184 417 297 878
is_linear=0
shrinkage=0.05


Tree=5
num_leaves=31
num_cat=0
split_feature=5 4 12 3 9 3 4 12 15 5 9 1 4 12 12 0 17 0 12 18 3 9 0 13 0 9 9 5 9 3
split_gain=43595.2 17064.1 13656.6 8187.76 4789.67 3679.08 2883.26 2683.97 2309.27 1913.95 1477.49 1266.88 1229.98 1171.19 1171.02 1070.98 1061.87 1033.79 930.111 910.022 884.29 802.383 749.5 736.304 722.109 669.983 669.081 777.756 654.029 647.824
threshold=10.265000000000002 1685683.05 13.005000000000001 26.067123000000006 484778.34000000008 27.506790500000005 1471718.3000000003 7.5250000000000012 21.357500000000005 16.335000000000004 9181.1049999999541 3.5000000000000004 2016831.5000000002 15.735000000000001 20.085000000000004 12.500000000000002 13.255000000000001 30.500000000000004 7.3550000000000013 -14.150000000000004 23.702026500000006 404446.65000000002 26.500000000000004 12.235000000000001 41.500000000000007 -36484.999999999993 -1212437.2 8.6550000000000029 605311.15000000002 21.907150500000004
decision_type=2 2 2 2 2 2 2 2 2 2 2 2 2 2 2 2 2 2 2 2 2 2 2 2 2 2 2 2 2 2
left_child=1 7 4 8 9 6 13 10 -3 11 16 15 22 -4 21 -2 -1 19 -5 -9 -6 -7 -10 -13 -19 -20 -18 -28 -15 -12
right_child=2 3 5 18 20 14 -8 17 12 -11 29 23 -14 28 -16 -17 26 24 25 -21 -22 -23 -24 -25 -26 -27 27 -29 -30 -31
leaf_value=0.20270152267737265 0.025801851655439047 -0.13546687681471936 0.14458756566616812 -0.13156980532057147 -0.23816376729557912 0.32746540707037242 -0.15025013229021661 0.25308716277281446 -0.29665814967491688 0.16233250802765184 -0.19951565029763435 0.012353025295416214 -0.34931961201563261 0.23973815797959791 0.50443594757017196 0.11719434939402065 0.022600172620097347 0.091284227110938143 0.07568235874880018 -0.023776648335909242 -0.048439963523728341 0.058725321869696347 -0.14595270604285954 0.0957286561564928 -0.00030340413899814829 -0.062471056926313419 -0.089673387798339901 -0.024344187573060973 -0.049906029701232917 -0.06171577766168216
leaf_weight=39 480 229 738 340 150 267 65 30 195 436 289 1690 690 764 91 965 220 397 127 2780 104 31 143 314 470 284 1442 666 20 121
leaf_count=39 480 229 738 340 150 267 65 30 195 436 289 1690 690 764 91 965 220 397 127 2780 104 31 143 314 470 284 1442 666 20 121
internal_value=-0.000214823 -0.0737199 0.101502 -0.201014 0.0498738 0.209645 0.175867 -0.0341155 -0.279055 0.0636267 -0.071218 0.051149 -0.311041 0.189795 0.347448 0.0868356 -0.0560392 -0.00609443 -0.0703913 -0.0208208 -0.160482 0.299509 -0.232898 0.0254169 0.0416346 -0.0197813 -0.0603738 -0.0690333 0.232349 -0.158848
internal_weight=14577 8462 6115 2008 4139 1976 1587 6454 1257 3885 2777 3449 1028 1522 389 1445 2367 3677 751 2810 254 298 338 2004 867 411 2328 2108 784 410
internal_count=14577 8462 6115 2008 4139 1976 1587 6454 1257 3885 2777 3449 1028 1522 389 1445 2367 3677 751 2810 254 298 338 2004 867 411 2328 2108 784 410
is_linear=0
shrinkage=0.05


Tree=6
num_leaves=31
num_cat=0
split_feature=5 4 12 6 9 3 13 9 4 0 12 0 9 4 12 4 12 5 16 6 9 3 3 6 14 4 8 9 8 12
split_gain=39370.3 15136 12545.3 7494.92 4501.63 3398.34 2389.99 2249.1 2113.75 1772.61 1591.76 1449.46 1408.21 1400.08 1226.58 1137.12 987.571 972.173 948.688 838.565 815.941 790.895 785.327 783.691 745.589 659.182 634.638 615.559 613.911 596.606
threshold=10.175000000000002 1685683.05 13.005000000000001 27.043670500000001 484778.34000000008 26.994903500000003 1.0000000180025095e-35 605311.15000000002 2313141.2500000005 32.500000000000007 7.3350000000000009 25.500000000000004 539947.09500000009 296468.63000000006 18.985000000000003 895553.05000000016 15.735000000000001 16.505000000000006 81.257500000000007 21.721893500000004 -168689.42999999991 12.274566500000001 12.916428000000002 28.085586500000005 38.265000000000008 1830266.2000000002 3.3337254999999986 -764901.52500000002 -2.4591979999999984 7.3550000000000013
decision_type=2 2 2 2 2 2 2 2 2 2 2 2 2 2 2 2 2 2 2 2 2 2 2 2 2 2 2 2 2 2
left_child=1 6 4 8 9 7 11 16 10 21 -3 15 14 -8 -7 18 28 26 20 25 -1 -2 -22 -13 -17 -6 -11 -23 -4 -5
right_child=2 3 5 29 19 12 13 -9 -10 17 -12 23 -14 -15 -16 24 -18 -19 -20 -21 22 27 -24 -25 -26 -27 -28 -29 -30 -31
leaf_value=0.05748404924031663 0.067580132720210379 -0.2627856988515665 0.25243540948397047 -0.10644747240317834 -0.12878944010632795 0.27737954271071757 -0.048353365310810477 -0.11783442267257234 -0.33214856543314686 0.089194872069728884 -0.11533489453442321 0.026022941496619392 0.026733358539640907 -0.13933758212643016 0.44902384251921995 -0.048270996597272409 0.21652375408610799 0.1790339595871869 0.2487275511477933 -0.043203777016377919 0.01515361120947153 0.19517234269529582 -0.048473849806095926 0.28903393848188996 -0.16432564112614712 -0.33319259456996075 -0.012110296354174268 -0.0041872354013742378 0.1145558275719749 -0.011095871641389197
leaf_weight=295 734 467 93 296 82 305 1155 69 569 1528 301 1213 40 667 158 343 702 283 33 102 674 40 1729 29 232 76 172 1210 612 368
leaf_count=295 734 467 93 296 82 305 1155 69 569 1528 301 1213 40 667 158 343 702 283 33 102 674 40 1729 29 232 76 172 1210 612 368
internal_value=-0.000204082 -0.0709559 0.0952299 -0.190915 0.046588 0.199126 -0.0332733 0.160877 -0.259109 0.0597977 -0.204996 -0.0138884 0.311364 -0.081661 0.335954 -0.0311895 0.174545 0.0932291 -0.0177341 -0.154962 -0.0209933 0.0263831 -0.0306274 0.0321641 -0.0950965 -0.22711 0.0789452 0.00219227 0.132744 -0.053602
internal_weight=14577 8371 6206 2001 4227 1979 6370 1476 1337 3967 768 4548 503 1822 463 3306 1407 1983 2731 260 2698 1984 2403 1242 575 158 1700 1250 705 664
internal_count=14577 8371 6206 2001 4227 1979 6370 1476 1337 3967 768 4548 503 1822 463 3306 1407 1983 2731 260 2698 1984 2403 1242 575 158 1700 1250 705 664
is_linear=0
shrinkage=0.05


Tree=7
num_leaves=31
num_cat=0
split_feature=5 4 12 6 9 9 3 1 16 13 12 4 9 5 4 12 18 12 12 1 5 13 9 15 17 1 13 8 9 1
split_gain=35581.9 13074.7 11862.8 6830.03 4167 3051.74 3212.95 2172.42 1947.04 1739.3 1732.61 1288.16 1221.54 1525.56 1159.4 1124.18 947.406 970.764 883.701 801.925 792.745 768.453 721.68 685.37 622.07 611.135 646.804 578.722 571.471 561.464
threshold=9.9850000000000012 1685683.05 13.005000000000001 25.513076500000004 484778.34000000008 616779.65000000026 26.994903500000003 4.5000000000000009 23.195000000000004 12.235000000000001 11.555000000000001 2016831.5000000002 -592433.90000000002 8.1250000000000018 80926.41250000002 20.085000000000004 -14.150000000000004 11.765000000000002 15.735000000000001 3.5000000000000004 2.0800000000000005 1.0000000180025095e-35 1305120.5000000002 24.9025 29.130000000000006 3.5000000000000004 8.9350000000000005 -2.4591979999999984 -51343.860000000008 3.5000000000000004
decision_type=2 2 2 2 2 2 2 2 2 2 2 2 2 2 2 2 2 2 2 2 2 2 2 2 2 2 2 2 2 2
left_child=1 7 4 8 9 6 18 12 -3 10 25 21 20 23 -9 29 -15 -18 27 28 -1 -10 -6 -14 -16 -2 -27 -4 -5 -8
right_child=2 3 5 19 22 -7 15 14 11 -11 -12 -13 13 16 24 -17 17 -19 -20 -21 -22 -23 -24 -25 -26 26 -28 -29 -30 -31
leaf_value=-0.0077468650885766342 0.052402775271165582 -0.070938448022039108 0.24044735655972832 0.05600990795962562 -0.092500695086178933 -0.077128870456108778 0.30597713282331829 -0.049308690497542856 -0.14813495209607166 0.1323265947440713 0.10599511424572626 -0.31352065425945097 -0.033657098818935478 0.26699879147550643 -0.096760989242303586 0.46042321192530489 -0.010969619418693781 0.10865272817925174 0.20431916107318668 -0.13403679139585609 0.11609320559944132 -0.30119853124204204 -0.26750695047856765 -0.092028434470434628 -0.1984890989513356 -0.022555933154683457 0.038055951094362092 0.10790730711376512 -0.0608964263650617 0.15419959958594343
leaf_weight=255 1076 130 95 153 187 103 292 845 246 606 798 740 1329 34 358 104 1733 188 710 251 262 123 86 809 259 980 799 619 330 77
leaf_count=255 1076 130 95 153 187 103 292 845 246 606 798 740 1329 34 358 104 1733 188 710 251 262 123 86 809 259 980 799 619 330 77
internal_value=-0.000193878 -0.0705838 0.0865003 -0.182405 0.0417383 0.187931 0.202323 -0.0342492 -0.254008 0.0538768 0.0408627 -0.275468 -0.0174069 -0.0265544 -0.0873563 0.315228 0.00536794 0.000737305 0.16482 -0.0615389 0.0550115 -0.199156 -0.147631 -0.0557443 -0.139464 0.0226575 0.00466661 0.125542 -0.023864 0.274305
internal_weight=14577 8045 6532 1973 4532 2000 1897 6072 1239 4259 3653 1109 4610 4093 1462 473 1955 1921 1424 734 517 369 273 2138 617 2855 1779 714 483 369
internal_count=14577 8045 6532 1973 4532 2000 1897 6072 1239 4259 3653 1109 4610 4093 1462 473 1955 1921 1424 734 517 369 273 2138 617 2855 1779 714 483 369
is_linear=0
shrinkage=0.05


Tree=8
num_leaves=31
num_cat=0
split_feature=5 4 12 6 4 0 12 15 1 0 6 17 4 0 4 15 4 4 0 8 16 0 14 12 7 13 6 6 17 1
split_gain=32112.6 11799.9 10706.1 6177.32 3343.4 3085.04 2291.69 2032.34 1960.61 1697.89 1220.75 1173.78 1463.54 1085.82 1053.95 1045.4 1022.33 983.148 970.342 856.814 825.499 825.853 806.777 735.959 1011.62 755.417 667.236 663.438 610.283 576.484
threshold=9.9850000000000012 1685683.05 13.005000000000001 27.341385000000006 1624533.7000000004 31.500000000000004 19.305000000000003 23.207500000000003 4.5000000000000009 32.500000000000007 21.721893500000004 21.372500000000002 80926.41250000002 25.500000000000004 250892.70000000004 24.315000000000005 779099.50000000012 824.33056500000009 30.500000000000004 1.5437625000000008 81.257500000000007 15.500000000000002 30.462500000000002 10.205000000000002 1753.6529000000003 15.120000000000003 25.192108000000005 28.085586500000005 29.130000000000006 3.5000000000000004
decision_type=2 2 2 2 2 2 2 2 2 2 2 2 2 2 2 2 2 2 2 2 2 2 2 2 2 2 2 2 2 2
left_child=1 8 4 7 9 11 19 22 13 23 -6 -4 -13 16 -10 17 20 -11 -9 -7 21 -1 -3 24 25 -2 -18 -15 -16 -5
right_child=2 3 5 29 10 6 -8 18 14 15 -12 12 -14 27 28 -17 26 -19 -20 -21 -22 -23 -24 -25 -26 -27 -28 -29 -30 -31
leaf_value=-0.03326014175854141 0.014055010982568348 -0.072134980764078496 0.16880810718567482 -0.0063332995886037904 -0.24728512936516811 0.20724046853308847 0.35089138406814296 -0.29188496115356505 -0.049101183182285624 0.085831177534855058 -0.043534696234304657 0.099344884976744652 -0.11887508782167588 0.017961056482137742 -0.092894189345664291 0.048852712126788198 -0.1201319923012269 0.19071081579640145 -0.12985009765006209 0.099455579946285302 0.23106617465699941 0.040389373199793979 -0.20828067678137629 0.052897775131640762 -0.073470227073598279 0.23198495195025493 -0.013128168161241384 0.26414678487926724 -0.19812947263479488 -0.11048778573873685
leaf_weight=2206 747 209 206 408 114 982 259 828 893 701 207 202 124 1209 335 1081 461 328 104 227 33 460 227 930 382 42 213 28 234 197
leaf_count=2206 747 209 206 408 114 982 259 828 893 701 207 202 124 1209 335 1081 461 328 104 227 33 460 227 930 382 42 213 28 234 197
internal_value=-0.000184184 -0.0670546 0.0821753 -0.173285 0.0396514 0.178535 0.215918 -0.232121 -0.0325367 0.0515085 -0.115895 0.075379 0.016341 -0.0165366 -0.0829885 0.0831899 -0.0312318 0.119262 -0.273804 0.187003 -0.0174759 -0.0205524 -0.143018 0.0196915 -0.00668076 0.0256558 -0.0863162 0.0235336 -0.136172 -0.0402481
internal_weight=14577 8045 6532 1973 4532 2000 1468 1368 6072 4211 321 532 326 4610 1462 2110 3373 1029 932 1209 2699 2666 436 2101 1171 789 674 1237 569 605
internal_count=14577 8045 6532 1973 4532 2000 1468 1368 6072 4211 321 532 326 4610 1462 2110 3373 1029 932 1209 2699 2666 436 2101 1171 789 674 1237 569 605
is_linear=0
shrinkage=0.05


Tree=9
num_leaves=31
num_cat=0
split_feature=12 4 6 0 13 4 12 3 0 17 0 15 16 3 15 4 15 0 4 8 15 13 15 3 0 3 0 12 4 6
split_gain=28471.8 17758.4 5663 4887.22 4152.34 3318.51 3019.57 1891.34 1862.99 1234.17 1222.18 1136.19 1076.48 840.525 814.578 762.911 761.587 892.341 689.14 687.901 673.124 623.206 601.634 593.969 568.19 520.593 511.264 505.755 502.552 496.824
threshold=11.735000000000001 1314668.7000000002 25.513076500000004 31.500000000000004 11.865 1967800.9000000001 16.935000000000006 13.039520500000002 25.500000000000004 25.165000000000003 21.500000000000004 18.195000000000004 81.257500000000007 28.373840000000005 34.352500000000013 1366851.1500000001 31.802500000000002 44.500000000000007 505248.27000000008 2.0989985000000009 18.445000000000004 1.0000000180025095e-35 14.537500000000003 9.1719970000000028 27.500000000000004 22.205658000000003 17.500000000000004 22.025000000000002 2517313.3500000006 28.228576500000006
decision_type=2 2 2 2 2 2 2 2 2 2 2 2 2 2 2 2 2 2 2 2 2 2 2 2 2 2 2 2 2 2
left_child=1 4 5 7 8 10 19 -2 9 23 -3 -7 18 27 22 -16 17 -10 -11 -5 -4 -12 -9 -1 -13 26 -20 -8 -26 -25
right_child=3 2 20 6 -6 11 13 14 16 12 21 24 -14 -15 15 -17 -18 -19 25 -21 -22 -23 -24 29 28 -27 -28 -29 -30 -31
leaf_value=0.03759408116345115 0.13158430447439523 -0.26137144962482933 0.0045855429182637807 0.15197195357582854 0.11344496582960935 -0.065540297100893583 0.21910085871847867 0.14793494548409797 0.070489420267203992 -0.047916415628177125 -0.074925266908269159 -0.31257098450658782 0.16104105212538602 0.37317250161268917 -0.013130109719171815 -0.30948900450498629 -0.018669061271120325 -0.0063505734405625352 -0.25509571936868486 0.058160219503804414 -0.080242344685953815 -0.16732895593868952 -0.00072500933675018707 -0.020706656961610653 -0.16068215068774172 -0.0086495170841015961 -0.11137668879583795 0.37818950263483986 -0.29477658923993361 0.14877739568156276
leaf_weight=598 424 154 357 1160 727 65 463 78 1091 1835 517 542 56 143 49 39 687 578 84 235 678 282 534 2503 146 83 235 56 134 44
leaf_count=598 424 154 357 1160 727 65 463 78 1091 1835 517 542 56 143 49 39 687 578 84 235 678 282 534 2503 146 83 235 56 134 44
internal_value=-0.000174975 -0.0370939 -0.144548 0.132088 -0.000838742 -0.197178 0.1779 0.0482474 -0.0114988 -0.027589 -0.132397 -0.266779 -0.0554853 0.26584 -0.00223097 -0.144471 0.0256399 0.0438786 -0.0609057 0.136169 -0.0509829 -0.107538 0.0182218 -0.00725001 -0.282692 -0.120198 -0.149221 0.236266 -0.224856 -0.0177788
internal_weight=14577 11396 2875 3181 8521 1840 2057 1124 7794 5438 953 887 2293 662 700 88 2356 1669 2237 1395 1035 799 612 3145 822 402 319 519 280 2547
internal_count=14577 11396 2875 3181 8521 1840 2057 1124 7794 5438 953 887 2293 662 700 88 2356 1669 2237 1395 1035 799 612 3145 822 402 319 519 280 2547
is_linear=0
shrinkage=0.05


Tree=10
num_leaves=31
num_cat=0
split_feature=5 4 6 12 12 4 3 4 4 6 0 4 1 1 0 0 3 0 5 1 0 5 14 3 17 4 3 17 4 12
split_gain=27415.1 12448.2 5574.13 5559.73 3174.75 2390.67 1647.25 1948.78 1574.23 1218.16 1154.6 1076.77 1041.27 893.458 860.874 852.274 814.175 1131.7 804.787 749.64 737.062 698.739 589.39 563.048 557.724 524.621 515.745 486.194 473.455 470.097
threshold=11.535000000000002 1674856.2500000002 24.741348000000002 15.635000000000003 9.3750000000000018 965098.05000000016 27.738769000000001 1522597.8500000003 2216097.7500000005 24.849334500000005 25.500000000000004 1094027.4000000001 3.5000000000000004 2.5000000000000004 30.500000000000004 27.500000000000004 24.071304000000005 21.500000000000004 16.505000000000006 4.5000000000000009 19.500000000000004 8.1450000000000014 23.195000000000004 10.653717000000002 32.957500000000003 6347.6364500000009 11.124771000000001 30.73 479150.01500000007 7.3550000000000013
decision_type=2 2 2 2 2 2 2 2 2 2 2 2 2 2 2 2 2 2 2 2 2 2 2 2 2 2 2 2 2 2
left_child=1 4 8 5 11 13 7 -5 10 14 22 20 -11 25 -7 -4 17 29 23 -12 24 -6 -3 -15 26 -2 27 -1 -26 -13
right_child=3 2 15 6 21 9 -8 -9 -10 12 19 16 -14 18 -16 -17 -18 -19 -20 -21 -22 -23 -24 -25 28 -27 -28 -29 -30 -31
leaf_value=0.00038927302708361149 0.11010852879381779 -0.055151042062789202 -0.087266912234485336 0.18667931319140579 -0.033731915655276903 -0.20326165197203394 0.31058615776727788 -0.13484887453168631 -0.27752788648940624 0.22958852435951518 -0.053850421725655906 -0.27765213483867568 -0.0067324703026495807 0.11667947972732136 -0.0089559104663502666 0.0209059470098551 3.3160179126553421e-05 -0.075363967988938782 0.14631368543383233 -0.21917015452163469 0.002361222765041051 0.040873130126080258 -0.26061279177529756 0.042887111114677745 -0.06588321164666032 0.20224689801078705 -0.041150751951320196 0.19534781338537444 -0.19688250452327805 -0.10551237304205613
leaf_weight=538 493 40 597 820 367 122 265 50 606 59 240 121 222 328 107 262 205 509 314 96 1436 2167 274 1220 596 225 2268 34 78 59
leaf_count=538 493 40 597 820 367 122 265 50 606 59 240 121 222 328 107 262 205 509 314 96 1436 2167 274 1220 596 225 2268 34 78 59
internal_value=-0.000734817 -0.0440365 -0.152426 0.106807 -0.0166738 0.0720452 0.201445 0.168201 -0.219554 -0.0268727 -0.165505 -0.0369414 0.0428865 0.0915987 -0.112473 -0.0542736 -0.0874436 -0.113471 0.0733274 -0.101085 -0.0278204 0.0300681 -0.234439 0.0585227 -0.0401542 0.138982 -0.0304502 0.0119777 -0.0810434 -0.221229
internal_weight=14718 10493 2115 4225 8378 3090 1135 870 1256 510 650 5844 281 2580 229 859 894 689 1862 336 4950 2534 314 1548 3514 718 2840 572 674 180
internal_count=14718 10493 2115 4225 8378 3090 1135 870 1256 510 650 5844 281 2580 229 859 894 689 1862 336 4950 2534 314 1548 3514 718 2840 572 674 180
is_linear=0
shrinkage=0.05


Tree=11
num_leaves=31
num_cat=0
split_feature=5 4 15 12 9 12 9 0 6 3 1 0 0 4 5 9 5 6 5 15 15 6 13 15 0 3 6 1 0 3
split_gain=24745.7 11282.3 5041.14 4951.12 2855.06 2370.01 2108.11 1482.51 1397.74 1232.44 1231.75 1144.69 1134.97 1065.8 899.67 858.774 782.138 742.279 714.203 880.096 681.087 679.733 625 547.166 545.962 538.622 527.851 468.055 465.619 458.118
threshold=11.575000000000001 1266455.0000000002 23.207500000000003 15.635000000000003 368566.25000000006 9.3750000000000018 777176.33000000007 30.500000000000004 22.484161500000003 27.738769000000001 3.5000000000000004 28.500000000000004 32.500000000000007 1892143.6500000001 15.945000000000002 -592433.90000000002 3.0050000000000003 26.717194000000003 8.2650000000000023 26.145000000000007 30.665000000000003 27.617050000000003 9.6550000000000029 18.592500000000005 23.500000000000004 8.0458220000000029 5.3343353000000011 4.5000000000000009 21.500000000000004 10.653717000000002
decision_type=2 2 2 2 2 2 2 2 2 2 2 2 2 2 2 2 2 2 2 2 2 2 2 2 2 2 2 2 2 2
left_child=1 5 11 4 10 15 9 8 13 -5 21 16 20 24 29 17 -3 27 19 26 -6 -2 -16 -18 -4 -7 -17 -1 -27 -12
right_child=3 2 7 6 12 25 -8 -9 -10 -11 14 -13 -14 -15 22 18 23 -19 -20 -21 -22 -23 -24 -25 -26 28 -28 -29 -30 -31
leaf_value=0.044676443693657912 0.1108849549131114 -0.18289568059389361 -0.23726388368735551 0.17669391508650734 -0.085990197309394834 0.090720525278607619 -0.11340257511129258 -0.06672553325259066 -0.12149409009693164 0.30180796867516974 0.099874193099094566 0.02711086284066181 0.097274080814132774 -0.28296732440121941 0.0051437377382415475 0.10910249656122742 -0.024799817843224416 0.21658449414372447 -0.01746287290630805 -0.092956754897240285 -0.28684336711026609 0.23391373256060086 0.14839901220695365 -0.10225783679983065 -0.11839937185266275 0.0012326081979369497 -0.036320636105594238 -0.070523347178751167 0.048729532672619834 0.020893405008446317
leaf_weight=325 968 161 186 820 137 328 54 214 339 259 224 315 62 572 97 66 458 50 2566 936 61 127 354 454 201 1190 1144 121 911 1018
leaf_count=325 968 161 186 820 137 328 54 214 339 259 224 315 62 572 97 66 458 50 2566 936 61 127 354 454 201 1190 1144 121 911 1018
internal_value=-0.000698077 -0.0415372 -0.125497 0.102225 0.0690519 -0.00965508 0.191468 -0.188659 -0.208762 0.206726 0.0838297 -0.0566928 -0.089412 -0.239611 0.0571019 -0.0286773 -0.081295 0.0339027 -0.0352647 -0.0565506 -0.147869 0.125154 0.117588 -0.063359 -0.175528 0.0311304 -0.0283885 0.0134227 0.0218274 0.0351379
internal_weight=14718 10537 2900 4181 3048 7637 1133 1512 1298 1079 2788 1388 260 959 1693 5208 1073 496 4712 2146 198 1095 451 912 387 2429 1210 446 2101 1242
internal_count=14718 10537 2900 4181 3048 7637 1133 1512 1298 1079 2788 1388 260 959 1693 5208 1073 496 4712 2146 198 1095 451 912 387 2429 1210 446 2101 1242
is_linear=0
shrinkage=0.05


Tree=12
num_leaves=31
num_cat=0
split_feature=5 4 12 6 9 12 9 3 15 9 0 0 15 9 0 9 4 8 9 12 3 0 9 5 5 18 6 12 3 8
split_gain=22354.2 9566.54 5266.55 4573.74 2577.86 2197.63 1955.85 1317.74 1307.62 1140.28 1083.81 855.523 786.145 740.21 733.432 721.349 718.049 712.83 680.915 695.762 573.071 545.469 913.743 530.712 752.46 506.801 499.668 489.391 466.845 450.837
threshold=11.175000000000002 1674856.2500000002 15.060000000000002 24.741348000000002 777176.33000000007 8.2650000000000023 753744.20000000007 27.738769000000001 21.357500000000005 9181.1049999999541 32.500000000000007 30.500000000000004 24.315000000000005 24869.521000000099 27.500000000000004 -383808.56999999989 6347.6364500000009 -1.6776274999999996 -764901.52500000002 1.0000000180025095e-35 24.345261000000004 32.500000000000007 89937.195000000007 7.535000000000001 1.0000000180025095e-35 -12.739999999999998 21.721893500000004 11.685 8.2985230000000012 -1.1059570000000016
decision_type=2 2 2 2 2 2 2 2 2 2 2 2 2 2 2 2 2 2 2 2 2 2 2 2 2 2 2 2 2 2
left_child=1 5 4 8 10 9 7 21 -3 18 13 15 16 29 -5 -10 -12 25 19 -1 -21 22 -4 24 -20 -7 -6 -19 -17 -2
right_child=2 3 6 14 26 17 -8 -9 11 -11 12 -13 -14 -15 -16 28 -18 27 23 20 -22 -23 -24 -25 -26 -27 -28 -29 -30 -31
leaf_value=-0.065397504569679327 0.10276290583798608 -0.08969770676953237 0.14237043530273075 -0.078982557969094855 -0.21997501439144537 0.25868295585470541 -0.10837253423218252 0.28209606288902223 -0.12119144788094327 -0.10209731088894787 0.087274560877060092 -0.095199197781854816 0.054323270697838683 -0.044988026967477557 0.022715339915254925 -0.017689459836110474 0.17359593021683395 -0.011376044320152455 0.093827938780304987 0.035981529228245983 0.21103865738402594 0.18071185254395958 -0.098312460022921475 -0.026388093083907955 -0.084034639610106932 0.042682279555202485 -0.026443549007392278 0.049242417158090357 -0.26235562645535798 0.029251282020856029
leaf_weight=143 283 224 202 587 93 28 59 279 113 660 677 116 900 263 254 20 374 2149 64 260 57 738 49 2372 839 901 52 394 775 793
leaf_count=143 283 224 202 587 93 28 59 279 113 660 677 116 900 263 254 20 374 2149 64 260 57 738 49 2372 839 901 52 394 775 793
internal_value=-0.000663173 -0.0432797 0.0884359 -0.138393 0.0557538 -0.0180234 0.173035 0.186129 -0.199126 -0.0415118 0.0648471 -0.223064 0.0886216 0.0302064 -0.0482676 -0.239399 0.117992 0.0117092 -0.0308059 0.0261577 0.0674587 0.159056 0.0953845 -0.0388069 -0.0714287 0.0491925 -0.150571 -0.00198412 -0.256201 0.0485857
internal_weight=14718 9956 4762 2089 3435 7867 1327 1268 1248 4395 3290 1024 1951 1339 841 908 1051 3472 3735 460 317 989 251 3275 903 929 145 2543 795 1076
internal_count=14718 9956 4762 2089 3435 7867 1327 1268 1248 4395 3290 1024 1951 1339 841 908 1051 3472 3735 460 317 989 251 3275 903 929 145 2543 795 1076
is_linear=0
shrinkage=0.05


Tree=13
num_leaves=31
num_cat=0
split_feature=5 4 6 0 12 9 12 4 9 0 5 8 0 12 15 15 3 3 16 0 14 17 0 16 7 12 3 15 4 15
split_gain=20336.1 10221.1 4465.9 3836.15 3137.16 2979.92 2247.03 1304.2 1087.03 979.631 740.254 680.535 680.534 642.591 637.41 611.627 606.638 564.336 594.837 531.707 678.011 530.245 526.193 519.325 511.386 499.286 487.148 485.059 518.065 474.683
threshold=12.185 1674856.2500000002 24.741348000000002 32.500000000000007 9.4950000000000028 102860.65000000004 16.935000000000006 2216097.7500000005 9181.1049999999541 25.500000000000004 8.1450000000000014 -1.4345549999999994 27.500000000000004 11.425000000000002 30.665000000000003 21.797500000000003 26.067123000000006 24.964721500000007 57.787500000000001 11.500000000000002 20.250000000000004 15.880000000000001 21.500000000000004 81.257500000000007 30631.405000000002 1.0000000180025095e-35 11.205078000000002 26.545000000000005 1009864.1800000002 31.877500000000001
decision_type=2 2 2 2 2 2 2 2 2 2 2 2 2 2 2 2 2 2 2 2 2 2 2 2 2 2 2 2 2 2
left_child=1 4 7 5 8 13 15 9 11 26 -6 17 -4 24 -7 -5 -8 18 -1 -12 -21 -13 27 -17 -2 -11 -3 -10 -29 -22
right_child=3 2 12 6 10 14 16 -9 22 25 19 21 -14 -15 -16 23 -18 -19 -20 20 29 -23 -24 -25 -26 -27 -28 28 -30 -31
leaf_value=-0.010443235424589477 0.072227573172104639 -0.079932006679120524 -0.07429480733213005 0.14642723900229135 -0.033491386507331647 -0.061795591708124736 0.17235832710167936 -0.24241135771202474 -0.065807453313509359 -0.16704182626010899 0.010921755898590691 0.024866261582644683 0.019301711550713009 0.11466791676562281 -0.22798093806339215 0.078623283184141288 0.27089830982749458 0.1288412806367682 0.10913649956741289 0.19785286059957885 0.062170789530216423 -0.037244020529819087 -0.026087774787137804 0.28678973047964035 -0.053779856534399761 -0.039986240958387501 -0.23507724865067911 -0.1094678572307804 -0.25598777698145975 -0.022276783433912827
leaf_weight=1087 220 63 619 747 362 214 299 618 302 117 855 379 283 500 79 894 327 93 115 84 1392 3682 282 31 127 228 257 183 90 189
leaf_count=1087 220 63 619 747 362 214 299 618 302 117 855 379 283 500 79 894 327 93 115 84 1392 3682 282 31 127 228 257 183 90 189
internal_value=-0.000630014 -0.0330773 -0.130182 0.105829 -0.00974864 0.0308414 0.143029 -0.190118 -0.0297488 -0.141521 0.0333676 -0.0213829 -0.0449292 0.0783872 -0.106603 0.112776 0.223832 0.0101785 0.000997421 0.0429719 0.0594301 -0.0314475 -0.0820328 0.0855997 0.0261096 -0.0830747 -0.204533 -0.10947 -0.157771 0.0520755
internal_weight=14718 11280 2185 3438 9095 1140 2298 1283 6213 665 2882 5356 902 847 293 1672 626 1295 1202 2520 1665 4061 857 925 347 345 320 575 273 1581
internal_count=14718 11280 2185 3438 9095 1140 2298 1283 6213 665 2882 5356 902 847 293 1672 626 1295 1202 2520 1665 4061 857 925 347 345 320 575 273 1581
is_linear=0
shrinkage=0.05


Tree=14
num_leaves=31
num_cat=0
split_feature=0 4 12 6 4 12 12 5 13 13 17 9 6 14 9 3 8 13 0 14 17 14 17 19 16 13 7 3 3 4
split_gain=18414.8 9876.24 5973.45 4144.6 2247.6 2010.99 1400.75 1341.09 1032.98 875.237 968.656 832.493 797.776 767.935 700.047 858.604 697.872 657.689 694.042 637.874 624.257 556.579 555.286 657.626 1317.06 526.862 494.789 468.569 530.758 466.023
threshold=30.500000000000004 1094027.4000000001 13.005000000000001 26.610565000000005 2164200.1000000006 11.555000000000001 18.485000000000003 12.005000000000001 1.0000000180025095e-35 12.705000000000002 31.490000000000006 -105540.75000000004 16.924210000000006 46.535000000000004 -612649.49999999988 11.022613500000002 1.5437625000000008 1.0000000180025095e-35 44.500000000000007 83.822500000000005 30.73 21.835000000000004 21.675000000000004 -0.8724999999999995 24.900000000000002 6.8450000000000006 2418971.2000000007 11.6789705 22.205658000000003 266733.22500000003
decision_type=2 2 2 2 2 2 2 2 2 2 2 2 2 2 2 2 2 2 2 2 2 2 2 2 2 2 2 2 2 2
left_child=1 5 7 4 8 9 16 17 13 10 14 22 21 -3 -1 20 -4 18 -2 -12 -16 -7 23 24 -5 -19 -15 -10 -29 -8
right_child=2 3 6 11 -6 12 29 -9 27 -11 19 -13 -14 26 15 -17 -18 25 -20 -21 -22 -23 -24 -25 -26 -27 -28 28 -30 -31
leaf_value=0.075749852230724002 0.057815546923333419 -0.060130865235302013 0.14762529880682709 0.53695224920908613 -0.23106095901625384 0.22321402264172086 0.17727474347190109 0.081654120403460109 -0.09208885853918139 0.13003793058677629 -0.06753322155657164 -0.067955293076252421 -0.023458565980729061 -0.18858319966957071 0.019743219874257898 -0.026957185250247175 0.056190524364104599 -0.15747337918437554 -0.013848527052567353 0.12240309575977533 0.25920692023521824 0.076444778725199419 -0.046111898677226926 0.02557365270289676 0.038699315115809443 -0.0079551189397323637 -0.0020179275223719223 -0.2419609880557515 -0.09696333769981455 0.28863851420653325
leaf_weight=231 1093 658 996 21 673 73 172 1204 114 99 1132 654 190 231 972 3042 264 64 489 46 28 561 161 167 36 742 42 274 82 207
leaf_count=231 1093 658 996 21 673 73 172 1204 114 99 1132 654 190 231 972 3042 264 64 489 46 28 561 161 167 36 742 42 274 82 207
internal_value=-0.000598514 -0.042128 0.0747199 -0.115127 -0.155961 -0.00647594 0.153819 0.0386278 -0.119886 -0.0172974 -0.0199733 -0.0336158 0.0664114 -0.0893809 -0.00890647 -0.0137446 0.128468 0.0169345 0.035664 -0.0601164 0.0264482 0.0933441 0.0247168 0.0756249 0.222266 -0.0198275 -0.159881 -0.180312 -0.208563 0.238099
internal_weight=14718 9487 5231 3113 2074 6374 1639 3592 1401 5550 5451 1039 824 931 4273 4042 1260 2388 1582 1178 1000 634 385 224 57 806 273 470 356 379
internal_count=14718 9487 5231 3113 2074 6374 1639 3592 1401 5550 5451 1039 824 931 4273 4042 1260 2388 1582 1178 1000 634 385 224 57 806 273 470 356 379
is_linear=0
shrinkage=0.05


Tree=15
num_leaves=31
num_cat=0
split_feature=5 4 12 15 9 0 12 9 13 1 9 0 9 1 8 5 13 1 5 12 5 13 16 17 4 9 9 12 18 12
split_gain=16888.4 5726.91 5488.26 3200.98 1916.97 1676.74 1548.98 1465.18 1153.73 1029.9 984.323 1035.39 919.917 803.67 755.036 752.417 630.134 544.945 740.513 541.239 511.406 494.501 493.417 477.269 451.936 439.479 409.785 383.433 421.018 337.03
threshold=9.8050000000000015 1215945.8000000003 12.185 23.207500000000003 972274.5 31.500000000000004 19.305000000000003 102860.65000000004 12.505000000000001 4.5000000000000009 -592433.90000000002 30.500000000000004 -449028.1999999999 3.5000000000000004 1.6480405000000007 6.5050000000000008 8.9750000000000032 2.5000000000000004 13.135000000000003 12.395000000000001 2.0800000000000005 7.8850000000000007 81.257500000000007 15.005000000000001 15378.777000000002 -31246.544999999995 -849039.84999999998 17.935000000000006 -0.24250000000000146 1.0050000000000001
decision_type=2 2 2 2 2 2 2 2 2 2 2 2 2 2 2 2 2 2 2 2 2 2 2 2 2 2 2 2 2 2
left_child=1 9 4 15 8 7 14 27 13 12 -5 29 20 26 17 -3 24 18 -7 22 -1 -11 23 -14 -15 -17 -2 -4 -29 -12
right_child=2 3 5 10 -6 6 -8 -9 -10 21 11 -13 19 16 -16 25 -18 -19 -20 -21 -22 -23 -24 -25 -26 -27 -28 28 -30 -31
leaf_value=0.00040262237289337812 0.26333970535885204 -0.11827309344304737 0.07766792106087364 -0.052454660140485047 -0.16488267547392754 0.11330953341033344 0.25738830492605991 -0.076073702324294681 0.099905457216415375 -0.09089155233212165 -0.21308870398021618 -0.06455656573350689 0.036489382584644396 0.0065750486582599925 0.053413907763412038 0.01474823818507898 0.033662739417361698 0.10659739720446962 0.22151037058837664 0.067811973633070011 0.10436754526293741 -0.027347495774083991 0.16059375152383981 -0.027012626784740784 -0.054104070776545971 -0.054145333087310579 0.045978656810765781 0.38399370800365107 0.12151719884201884 -0.1530366322914829
leaf_weight=207 22 306 462 191 128 279 264 165 538 578 711 183 329 662 289 368 889 542 365 192 276 651 38 2940 572 624 1508 22 50 348
leaf_count=207 22 306 462 191 128 279 264 165 538 578 711 183 329 662 289 368 889 542 365 192 276 651 38 2940 572 624 1508 22 50 348
internal_value=0.00147634 -0.0479584 0.0595807 -0.106608 0.0257247 0.119558 0.145847 0.0541547 0.0315461 -0.0172211 -0.158127 -0.174377 -0.00487214 0.0214784 0.125883 -0.049731 0.00156916 0.143542 0.174635 -0.013801 0.0598111 -0.0572323 -0.0185393 -0.0206216 -0.0215517 -0.028588 0.0491041 0.0943938 0.201718 -0.193355
internal_weight=14699 7942 6757 2731 4319 2438 1739 699 4191 5211 1433 1242 3982 3653 1475 1298 2123 1186 644 3499 483 1229 3307 3269 1234 992 1530 534 72 1059
internal_count=14699 7942 6757 2731 4319 2438 1739 699 4191 5211 1433 1242 3982 3653 1475 1298 2123 1186 644 3499 483 1229 3307 3269 1234 992 1530 534 72 1059
is_linear=0
shrinkage=0.05


Tree=16
num_leaves=31
num_cat=0
split_feature=5 4 12 15 3 4 4 5 1 9 0 9 3 5 14 12 3 18 3 13 1 14 9 17 0 5 1 1 16 3
split_gain=15268.7 5579.16 4487.34 2969.86 1807.64 1625.6 1218.71 971.393 966.147 877.323 958.422 798.264 769.285 709.818 686.599 664.788 612.827 537.582 524.378 521.198 507.972 506.154 492.268 485.615 473.021 511.069 512.175 470.984 465.045 449.117
threshold=10.175000000000002 1215945.8000000003 12.045000000000002 23.207500000000003 26.994903500000003 1596473.6500000001 1908458.0500000003 16.680000000000003 4.5000000000000009 -592433.90000000002 30.500000000000004 -285393.95000000001 23.338669000000007 4.0050000000000008 20.250000000000004 20.085000000000004 14.674957500000003 -15.849999999999996 25.219284500000004 6.495000000000001 2.5000000000000004 54.090000000000011 195414.98000000001 14.1425 32.500000000000007 14.870000000000003 2.5000000000000004 3.5000000000000004 59.625000000000007 13.242126500000003
decision_type=2 2 2 2 2 2 2 2 2 2 2 2 2 2 2 2 2 2 2 2 2 2 2 2 2 2 2 2 2 2
left_child=1 8 5 13 6 7 14 -2 11 -5 12 23 -11 -3 -4 27 21 -16 -7 -10 -17 -13 -15 -1 29 -26 -27 -6 -25 -19
right_child=2 3 4 9 15 18 -8 -9 19 10 -12 16 -14 22 17 20 -18 24 -20 -21 -22 -23 -24 28 25 26 -28 -29 -30 -31
leaf_value=0.29417817600071433 0.025922938806282755 -0.13574272235291765 0.21004352769083232 -0.049831928093113126 0.19120784676305846 -0.18402591596799667 -0.19885047607064432 0.10920606158463389 -0.12382629786253624 -0.20595088318769572 -0.061223583154037198 0.0040843116556280624 -0.10531929124835726 -0.0062071593746872858 0.29326909299819703 0.41210313045753627 -0.026566282977450586 0.09215130990692838 -0.038956531251425897 -0.037636430383241659 0.1996732844039798 0.095821916518007352 -0.07457936419612872 0.025196221543412008 0.072881678483448564 0.21107512933335137 0.10349441103171558 0.069764642569335927 0.15675374903143025 0.0035474576292740772
leaf_weight=20 3144 190 121 191 355 99 36 394 207 833 190 1195 246 717 31 53 2323 275 168 1149 60 172 416 484 659 168 324 103 78 298
leaf_count=20 3144 190 121 191 355 99 36 394 207 833 190 1195 246 717 31 53 2323 275 168 1149 60 172 416 484 659 168 324 103 78 298
internal_value=0.00140252 -0.042659 0.0603404 -0.100569 0.112628 0.0262196 0.0893141 0.0351975 -0.0140232 -0.149737 -0.164774 -0.0023516 -0.183008 -0.0463089 0.0948439 0.190694 -0.0109353 0.0869014 -0.0927463 -0.0507937 0.299309 0.015627 -0.0313112 0.052071 0.0831906 0.10167 0.140229 0.163896 0.0434551 0.0460711
internal_weight=14699 8411 6288 2783 2483 3805 1912 3538 5628 1460 1269 4272 1079 1323 1876 571 3690 1755 267 1356 113 1367 1133 582 1724 1151 492 458 562 573
internal_count=14699 8411 6288 2783 2483 3805 1912 3538 5628 1460 1269 4272 1079 1323 1876 571 3690 1755 267 1356 113 1367 1133 582 1724 1151 492 458 562 573
is_linear=0
shrinkage=0.05


Tree=17
num_leaves=31
num_cat=0
split_feature=0 4 12 15 3 3 15 9 0 15 15 12 12 16 16 17 9 8 4 12 12 13 19 18 12 14 8 16 6 14
split_gain=14028.2 7468.17 4597.3 3475.77 1596.18 1432.51 1319.95 1252.75 1196.17 1038.05 998.025 922.777 891.146 655.426 623.403 619.119 604.956 578.653 515.056 511.819 494.04 489.421 643.194 462.406 603.987 482.701 447.262 433.591 401.434 359.765
threshold=30.500000000000004 895553.05000000016 14.255000000000001 23.207500000000003 12.836166 23.158584500000003 24.9025 -487255.29999999999 44.500000000000007 14.480000000000002 14.350000000000003 20.005000000000006 11.595000000000001 50.577500000000008 49.430000000000007 14.030000000000003 -155446.70000000007 1.6480405000000007 1892143.6500000001 1.0000000180025095e-35 9.2250000000000032 8.9750000000000032 9.6525000000000052 5.0475000000000003 1.0000000180025095e-35 42.500000000000007 0.87539650000000002 81.257500000000007 28.892029000000004 41.937500000000007
decision_type=2 2 2 2 2 2 2 2 2 2 2 2 2 2 2 2 2 2 2 2 2 2 2 2 2 2 2 2 2 2
left_child=1 4 6 9 12 7 8 -5 26 10 -3 17 14 23 21 -11 19 -4 27 -6 -18 -1 -23 24 -7 -26 -2 -8 -13 -21
right_child=2 3 11 5 16 13 18 -9 -10 15 -12 28 -14 -15 -16 -17 20 -19 -20 29 -22 22 -24 -25 25 -27 -28 -29 -30 -31
leaf_value=-0.0062711627869955714 0.10802447501176744 0.0095897305867002 0.14720736627748168 -0.064545710636345746 -0.056546058465733733 -0.062958253696202657 0.013335002378604103 -0.19699464339088713 0.0015194552280299832 0.10921784339235258 0.30960477064213449 0.19656965465098619 0.10186133755723994 -0.15504751417040827 0.11093104857568591 -0.068152030297005631 -0.039585226763237551 0.056905166520928474 -0.095086957270872186 0.10042246537791058 0.00073562710506624735 0.034580555954887141 0.24649787030594295 -0.10921563778072596 0.27369661033153536 0.030014526834553579 0.046070216759441868 0.21522204655188101 0.34976372549167051 0.0076436806690701325
leaf_weight=1152 1065 262 934 217 132 104 1774 1007 500 51 31 125 401 150 163 1393 2436 219 110 220 1104 214 43 110 31 59 401 27 65 199
leaf_count=1152 1065 262 934 217 132 104 1774 1007 500 51 31 125 401 150 163 1393 2436 219 110 220 1104 214 43 110 31 59 401 27 65 199
internal_value=0.00133239 -0.0349153 0.0671547 -0.0940552 -0.00161017 -0.145377 0.0395377 -0.173513 0.0683011 -0.0444763 0.0413319 0.14688 0.0353286 -0.0695221 0.0183569 -0.0618876 -0.019425 0.130055 0.00994648 0.0293103 -0.0270106 0.00764746 0.0700375 -0.0273221 0.0191123 0.113949 0.0910779 0.0163616 0.248978 0.0563581
internal_weight=14699 9479 5220 3415 6064 1678 3877 1224 1966 1737 293 1343 1973 454 1572 1444 4091 1153 1911 551 3540 1409 257 304 194 90 1466 1801 190 419
internal_count=14699 9479 5220 3415 6064 1678 3877 1224 1966 1737 293 1343 1973 454 1572 1444 4091 1153 1911 551 3540 1409 257 304 194 90 1466 1801 190 419
is_linear=0
shrinkage=0.05


Tree=18
num_leaves=31
num_cat=0
split_feature=5 12 4 6 9 9 12 1 9 5 12 9 1 5 4 4 4 5 18 14 15 0 16 3 18 9 17 14 3 0
split_gain=12728.1 4497.72 4082.3 2534.6 1593.19 1503.06 1407.59 1193.91 1095.15 965.597 894.169 807.171 687.357 672.504 613.027 558.367 551.535 545.075 559.755 526.895 485.219 539.92 479.972 596.016 785.776 465.101 444.015 429.246 436.741 422.012
threshold=9.4650000000000016 11.735000000000001 1697924.2500000002 27.698791500000002 632527.95000000007 1488495.1000000001 17.435000000000006 4.5000000000000009 339223.04999999999 16.005000000000006 7.205000000000001 -592433.90000000002 2.5000000000000004 13.435 266733.22500000003 228110.02000000002 6347.6364500000009 8.1450000000000014 -14.150000000000004 21.140000000000004 14.4275 35.500000000000007 59.625000000000007 23.885086000000005 4.3599999999999985 1122248.7000000002 22.157500000000002 19.685000000000006 10.842041000000002 28.500000000000004
decision_type=2 2 2 2 2 2 2 2 2 2 2 2 2 2 2 2 2 2 2 2 2 2 2 2 2 2 2 2 2 2
left_child=2 4 7 10 9 6 12 11 14 27 -4 22 13 16 -8 -9 -3 26 -19 -14 -16 -22 23 -1 -25 -12 -13 -2 -29 -6
right_child=1 5 3 -5 29 -7 8 15 -10 -11 25 17 19 -15 20 -17 -18 18 -20 -21 21 -23 -24 24 -26 -27 -28 28 -30 -31
leaf_value=-0.0009486146472280322 0.087259471684198786 0.043151120930153414 -0.17596374800697945 -0.01574338350075347 -0.17264693897790634 -0.22338583436277182 0.14190772260831935 -0.037270422125477286 -0.012092018146303637 0.090941300151582194 -0.063690796957918724 -0.0075875915969548582 0.15840737542886044 0.16427589402059622 0.35658325514067779 -0.10302162139973013 0.13594809951105793 0.24348735902458429 0.00016219681018878464 0.041434120225506688 0.13558305668101336 0.30265355421069229 0.16121940000713628 0.05483806537522469 0.39557961484660276 -0.18396456392427674 -0.053319134072662568 0.043556783697122375 0.0014320685787446641 -0.028857173112088016
leaf_weight=359 195 400 858 524 130 36 350 774 79 473 366 897 107 371 69 554 267 24 1556 960 120 81 79 64 23 103 1300 797 2699 84
leaf_count=359 195 400 858 524 130 36 350 774 79 473 366 897 107 371 69 554 267 24 1556 960 120 81 79 64 23 103 1300 797 2699 84
internal_value=0.00126577 0.0486331 -0.0444363 -0.108852 0.0168439 0.0976377 0.101759 -0.023258 0.163235 0.0236817 -0.145619 -0.0104652 0.081345 0.110313 0.185576 -0.0646998 0.0802977 -0.0185398 0.00385828 0.0531643 0.242182 0.20291 0.0476262 0.0275054 0.144919 -0.0901049 -0.0346477 0.0150625 0.0110354 -0.116206
internal_weight=14699 7218 7481 1851 4378 2840 2804 5630 699 4164 1327 4302 2105 1038 620 1328 667 3777 1580 1067 270 201 525 446 87 469 2197 3691 3496 214
internal_count=14699 7218 7481 1851 4378 2840 2804 5630 699 4164 1327 4302 2105 1038 620 1328 667 3777 1580 1067 270 201 525 446 87 469 2197 3691 3496 214
is_linear=0
shrinkage=0.05


Tree=19
num_leaves=31
num_cat=0
split_feature=0 4 12 3 4 3 15 0 15 0 6 12 15 9 6 16 16 9 16 5 15 4 5 1 15 3 1 8 5 15
split_gain=11783.7 6197.9 3724.55 2902.48 1522.3 1349 1120.43 1039.96 981.598 792.608 780.244 746.882 647.465 566.123 787.776 615.305 552.141 537.617 535.592 509.113 503.276 499.371 485.094 467.473 430.846 430.515 688.354 430.814 379.568 408.265
threshold=30.500000000000004 895553.05000000016 14.255000000000001 23.158584500000003 1892143.6500000001 12.836166 24.9025 44.500000000000007 16.892500000000002 19.500000000000004 28.892029000000004 11.595000000000001 18.195000000000004 -36484.999999999993 28.570709000000004 24.290000000000003 49.430000000000007 -155446.70000000007 50.577500000000008 12.135000000000003 20.982500000000005 1674856.2500000002 8.6550000000000029 4.5000000000000009 29.810000000000002 24.964721500000007 1.5000000000000002 0.27423050000000165 18.225000000000005 13.887500000000001
decision_type=2 2 2 2 2 2 2 2 2 2 2 2 2 2 2 2 2 2 2 2 2 2 2 2 2 2 2 2 2 2
left_child=1 5 6 4 9 11 7 25 13 -3 21 16 -6 14 15 -5 -1 24 -10 -8 -12 28 -19 -11 -7 27 -27 -2 29 -4
right_child=2 3 10 8 12 17 19 -9 18 23 20 -13 -14 -15 -16 -17 -18 22 -20 -21 -22 -23 -24 -25 -26 26 -28 -29 -30 -31
leaf_value=0.0066638502068634203 0.091394940271414982 -0.18738192417250391 0.19632602935077764 0.11190268439514672 -0.032789110954283593 0.059834079968598956 -0.0074167417194654353 0.00090387881227070469 -0.038533914842907781 -0.049494572322095885 0.18969394465958753 0.093189708686008718 -0.18965991272048907 -0.0301013030577451 0.03253606980666518 0.43866477726399905 0.10386509286851103 -0.044993705073194369 -0.132705951681554 0.048993177251449152 0.4030174069544849 -0.067794346415570805 -0.0078933083201433371 -0.12483779765801349 -0.033302742667082288 0.21194404507609638 0.084976472130456254 0.021956569198418038 0.18408412644945682 0.097016095200493285
leaf_weight=1409 566 171 119 34 72 362 1341 500 863 722 148 401 761 156 140 25 163 1652 183 570 34 35 1888 288 189 148 383 369 213 794
leaf_count=1409 566 171 119 34 72 362 1341 500 863 722 148 401 761 156 140 25 163 1652 183 570 34 35 1888 288 189 148 383 369 213 794
internal_value=0.00120248 -0.0320192 0.0615298 -0.0858952 -0.124341 -0.00167843 0.036672 0.0631725 -0.0306277 -0.0878329 0.13329 0.03228 -0.176101 0.0412128 0.0971174 0.250361 0.0167426 -0.0180558 -0.0550095 0.00940882 0.229546 0.1182 -0.0252068 -0.0709786 0.027887 0.0844101 0.120365 0.0639909 0.123982 0.10996
internal_weight=14699 9479 5220 3415 2014 6064 3877 1966 1401 1181 1343 1973 833 355 199 59 1572 4091 1046 1911 182 1161 3540 1010 551 1466 531 935 1126 913
internal_count=14699 9479 5220 3415 2014 6064 3877 1966 1401 1181 1343 1973 833 355 199 59 1572 4091 1046 1911 182 1161 3540 1010 551 1466 531 935 1126 913
is_linear=0
shrinkage=0.05


Tree=20
num_leaves=31
num_cat=0
split_feature=0 9 5 5 15 12 1 4 3 4 12 4 5 6 13 9 15 9 16 4 17 15 12 12 1 9 15 3 15 0
split_gain=10811.5 5405.69 3217.48 2454.22 1666.29 1597.24 1365.27 962.953 844.917 825.251 743.745 731.918 723.693 683.558 646.762 627.172 624.49 568.561 557.977 530.139 476.182 463.838 453.224 438.949 423.408 422.185 413.033 366.525 457.797 353.387
threshold=32.500000000000007 97767.665000000023 13.135000000000003 7.3550000000000013 23.780000000000005 11.555000000000001 2.5000000000000004 1314668.7000000002 22.371765000000003 7573.1570000000002 4.3050000000000006 1556619.1500000001 18.415000000000003 22.332122500000004 15.120000000000003 -1076946.5499999998 27.947500000000002 -415061.99999999988 77.897500000000022 204388.50000000003 20.342500000000005 18.592500000000005 19.305000000000003 16.515000000000004 5.5000000000000009 -985890.04999999993 31.802500000000002 6.3158265000000009 22.370000000000005 46.500000000000007
decision_type=2 2 2 2 2 2 2 2 2 2 2 2 2 2 2 2 2 2 2 2 2 2 2 2 2 2 2 2 2 2
left_child=1 3 9 7 21 14 19 24 -6 26 17 13 -8 -10 15 -5 -11 -9 20 -4 27 -3 -21 -7 25 -1 29 28 -17 -2
right_child=2 4 6 5 8 23 12 10 11 16 -12 -13 -14 -15 -16 18 -18 -19 -20 22 -22 -23 -24 -25 -26 -27 -28 -29 -30 -31
leaf_value=0.040932393754090989 0.034314178720529401 -0.012040561602087552 0.1423965734124569 0.1317177620343864 -0.17350067759850837 0.049770294940549381 0.06499618767783262 -0.067371086785367337 0.24471427042936456 0.11466712772644766 -0.038341246983352104 -0.12087002997966448 0.15518404671224637 -0.052592106346554805 0.18980903268924781 0.03805599204648686 0.026043710846446147 -0.17694457696683438 0.12981518443647616 0.19136755846335854 -0.023497543799903799 -0.081247323198785137 0.34682131652321135 0.13907334077665034 -0.11702213833729427 -0.037158427760696916 -0.031229109673700819 0.00051260899641374666 0.23837467221652761 -0.031829172960297851
leaf_weight=233 1365 396 348 80 741 722 944 184 29 423 295 262 291 58 42 177 375 332 71 142 3095 623 70 170 120 673 419 1721 34 237
leaf_count=233 1365 396 348 80 741 722 944 184 29 423 295 262 291 58 42 177 375 332 71 142 3095 623 70 170 120 673 419 1721 34 237
internal_value=-8.40969e-05 -0.0291544 0.063286 -0.0102736 -0.100318 0.0049576 0.11561 -0.0609502 -0.14329 0.0299684 -0.101668 -0.0791449 0.0862469 0.04651 -0.00560839 -0.00719346 0.0730208 -0.137872 -0.00937332 0.180367 -0.0113392 -0.0543524 0.242697 0.0667899 -0.0287651 -0.0170755 0.012969 0.00813812 0.0703348 0.0245289
internal_weight=14672 10058 4614 7949 2109 6112 1795 1837 1090 2819 811 349 1235 87 5220 5178 798 516 5098 560 5027 1019 212 892 1026 906 2021 1932 211 1602
internal_count=14672 10058 4614 7949 2109 6112 1795 1837 1090 2819 811 349 1235 87 5220 5178 798 516 5098 560 5027 1019 212 892 1026 906 2021 1932 211 1602
is_linear=0
shrinkage=0.05


Tree=21
num_leaves=31
num_cat=0
split_feature=0 9 5 5 15 12 1 3 9 4 5 13 15 9 15 5 4 16 4 4 17 6 17 12 15 4 18 3 19 0
split_gain=9757.33 4899.57 2903.77 1928.81 1761.26 1279.51 1232.15 787.203 754.148 744.789 653.133 604.977 604.551 569.079 563.603 548.583 541.56 482.205 478.45 456.692 448.023 433.243 425.856 409.035 372.763 366.204 325.244 324.607 432.492 318.932
threshold=32.500000000000007 16158.445000000067 13.135000000000003 7.3550000000000013 23.207500000000003 11.805000000000001 2.5000000000000004 22.962448000000006 -905210.44999999995 7573.1570000000002 18.415000000000003 15.120000000000003 24.9025 -1076946.5499999998 27.947500000000002 6.6050000000000013 1142999.8000000003 77.897500000000022 204388.50000000003 2701203.0000000005 20.342500000000005 21.184631500000005 21.372500000000002 19.305000000000003 31.802500000000002 1314668.7000000002 18.98 6.3158265000000009 7.5400000000000009 46.500000000000007
decision_type=2 2 2 2 2 2 2 2 2 2 2 2 2 2 2 2 2 2 2 2 2 2 2 2 2 2 2 2 2 2
left_child=1 3 9 8 15 11 18 16 -1 24 -8 13 -10 -5 -11 -3 -6 20 -4 21 27 -9 -7 -20 29 -14 -18 28 -15 -2
right_child=2 4 6 5 7 22 10 19 12 14 -12 -13 25 17 -16 -17 26 -19 23 -21 -22 -23 -24 -25 -26 -27 -28 -29 -30 -31
leaf_value=0.0082174751971816201 0.03259846970300434 -0.12523116102457929 0.13527674450239319 0.1272027367265986 -0.087398289214168604 0.11102267269722439 0.061746378222448856 0.18917713753879073 -0.032617867042141202 0.10893377105437935 0.1474248449372518 0.1894517718382725 -0.070388965414155111 0.045949323170626645 0.024741525504365564 -0.030557534851994209 -0.18002034420786092 0.12560156007614529 0.18179918103392279 -0.16171757936517295 -0.019572383261961299 -0.051426856466408433 0.034547521684948457 0.3294802495597729 -0.029667654380228409 -0.14156733464965454 -0.055621542853482989 0.004378872968436638 0.28031823039054871 -0.030237714562836235
leaf_weight=377 1365 177 348 82 270 330 944 20 550 423 291 41 407 187 375 1129 672 69 142 94 2946 290 406 70 419 325 57 1607 22 237
leaf_count=377 1365 177 348 82 270 330 944 20 550 423 291 41 407 187 375 1129 672 69 142 94 2946 290 406 70 419 325 57 1607 22 237
internal_value=-7.98919e-05 -0.0276967 0.0601217 -0.00650904 -0.0851749 0.00732242 0.10983 -0.124072 -0.0539479 0.02847 0.0819346 -0.00181655 -0.072229 -0.00341273 0.0693697 -0.0433885 -0.14789 -0.00562976 0.171349 -0.0651775 -0.00753126 -0.035904 0.0688367 0.230562 0.0123205 -0.101991 -0.170294 0.0120024 0.0706197 0.0233025
internal_weight=14672 10058 4614 7349 2709 5690 1795 1403 1659 2819 1235 4954 1282 4913 798 1306 999 4831 560 404 4762 310 736 212 2021 732 729 1816 209 1602
internal_count=14672 10058 4614 7349 2709 5690 1795 1403 1659 2819 1235 4954 1282 4913 798 1306 999 4831 560 404 4762 310 736 212 2021 732 729 1816 209 1602
is_linear=0
shrinkage=0.05


Tree=22
num_leaves=31
num_cat=0
split_feature=0 9 12 17 12 0 15 1 17 13 12 9 16 3 16 12 3 1 4 4 3 3 6 6 16 15 8 16 16 3
split_gain=8815.93 4580.54 2536.03 1495.25 1339.18 854.439 1056.56 804.928 794.102 679.257 601.367 563.974 550.761 533.749 801.024 575.495 513.15 539.36 499.974 467.786 466.507 436.338 469.186 433.452 420.598 409.801 407.501 405.929 498.931 389.472
threshold=31.500000000000004 16158.445000000067 14.845000000000001 20.6675 10.155000000000003 44.500000000000007 27.947500000000002 2.5000000000000004 32.957500000000003 15.120000000000003 19.305000000000003 -1076946.5499999998 48.272500000000008 10.048187250000003 39.092500000000008 7.4250000000000007 9.9223480000000013 1.0000000180025095e-35 571017.25000000012 925046.50000000012 26.994903500000003 10.183746250000002 22.484161500000003 27.792511000000001 43.665000000000006 18.785000000000004 1.6480405000000007 39.690000000000005 45.330000000000005 21.755585000000004
decision_type=2 2 2 2 2 2 2 2 2 2 2 2 2 2 2 2 2 2 2 2 2 2 2 2 2 2 2 2 2 2
left_child=1 4 5 -3 8 6 -2 12 9 11 26 25 24 14 -13 18 -6 -18 -15 -10 -17 -9 -23 -19 -5 -1 -4 -27 -29 -20
right_child=2 3 10 7 16 -7 -8 21 19 -11 -12 13 -14 15 -16 20 17 23 29 -21 -22 22 -24 -25 -26 27 -28 28 -30 -31
leaf_value=0.21031316758539434 0.072434462783193918 -0.028815008110699869 0.11621193013747211 -0.059242467067642593 0.081231918884093757 -0.0089389714548031071 0.010789146124866584 -0.037803692843807135 -0.039053399032271389 0.25001677894592284 0.18599783914113366 0.012452508495061087 -0.16285893374588342 -0.021803242891039271 0.26493154926733536 -0.011560745786821857 -0.043621103068335138 0.021465265163509405 -0.10949279852399929 -0.1163970556534612 0.071656606821294544 -0.17373441844695517 -0.094226370326314979 0.12146755962842895 0.17388400254771114 -0.05587650079610227 0.032028188024694364 0.29897014809691391 0.043101424589618909 -0.03663415591859534
leaf_weight=39 1721 808 730 593 402 872 1166 94 788 25 259 654 136 1150 33 1424 289 859 383 260 191 648 260 124 20 79 179 23 111 352
leaf_count=39 1721 808 730 593 402 872 1166 94 788 25 259 654 136 1150 33 1424 289 859 383 260 191 648 260 124 20 79 179 23 111 352
internal_value=-7.58974e-05 -0.0276347 0.054432 -0.0850788 -0.00717827 0.034436 0.0475372 -0.111042 -0.0190734 -0.00987794 0.118785 -0.0113416 -0.0718317 -0.0157139 0.0245803 -0.0236231 0.0319889 0.0164262 -0.0423898 -0.0582417 -0.00171894 -0.140352 -0.150968 0.03408 -0.0516364 0.0613037 0.0996345 0.0340203 0.0870192 -0.0746
internal_weight=14672 9745 4927 2559 7186 3759 2887 1751 5512 4464 1168 4439 749 4187 687 3500 1674 1272 1885 1048 1615 1002 908 983 613 252 909 213 134 735
internal_count=14672 9745 4927 2559 7186 3759 2887 1751 5512 4464 1168 4439 749 4187 687 3500 1674 1272 1885 1048 1615 1002 908 983 613 252 909 213 134 735
is_linear=0
shrinkage=0.05


Tree=23
num_leaves=31
num_cat=0
split_feature=0 4 5 3 12 1 9 4 1 3 5 5 13 9 8 4 15 15 9 5 0 8 9 5 9 15 5 18 18 3
split_gain=7992.04 4155.94 2448.31 2332.7 1349.26 1070.95 930.598 647.322 571.132 561.752 554.943 546.768 496.57 513.858 528.273 502.372 471.209 434.548 429.653 376.124 374.079 361.778 357.761 347.252 473.599 316.499 315.89 317.126 442.599 313.537
threshold=32.500000000000007 1908458.0500000003 13.135000000000003 25.219284500000004 10.205000000000002 2.5000000000000004 9181.1049999999541 7573.1570000000002 5.5000000000000009 9.9223480000000013 6.995000000000001 18.415000000000003 14.380000000000001 -940183.15000000002 -1.2530670000000013 1848612.0000000002 27.947500000000002 18.195000000000004 45117.343000000008 17.005000000000006 27.500000000000004 0.76464900000000047 -1608717.3499999999 7.9050000000000011 -92497.450000000055 31.802500000000002 7.3550000000000013 -7.734999999999995 -9.3174999999999972 22.205658000000003
decision_type=2 2 2 2 2 2 2 2 2 2 2 2 2 2 2 2 2 2 2 2 2 2 2 2 2 2 2 2 2 2
left_child=1 4 7 17 6 18 8 25 12 -6 -10 -7 13 14 22 26 -9 -3 -4 -20 -19 -5 -1 -11 -25 -2 -15 28 -28 -8
right_child=2 3 5 21 9 11 29 16 10 23 -12 -13 -14 15 -16 -17 -18 20 19 -21 -22 -23 -24 24 -26 -27 27 -29 -30 -31
leaf_value=0.021223896482304015 0.020412170913361262 -0.025749084478973047 0.13811784408100919 -0.010408260021176195 0.072511814220656126 0.055577810344208445 -0.07890616823647803 0.099654427636689982 -0.14377190464247877 -0.048561423357593621 -0.03231027635676325 0.13396998171469948 0.16651182319702848 -0.042260074015793125 0.0039456367002166952 0.2378741054143757 0.022671823331713678 -0.1787208517814676 0.18906778293469595 0.40931319338934763 -0.11026349374494925 -0.081596384948824319 0.18334979751835701 0.095611082679695564 0.0083498000257832845 -0.028396930857750465 0.018916502875369043 -0.012591161690294311 0.20483276618378504 -0.020897366071085624
leaf_weight=54 1602 69 469 574 483 944 816 423 130 213 792 291 42 755 253 20 375 600 63 28 299 259 92 180 1142 419 375 2549 35 326
leaf_count=54 1602 69 469 574 483 944 816 423 130 213 792 291 42 755 253 20 375 600 63 28 299 259 92 180 1142 419 375 2549 35 326
internal_value=-7.21025e-05 -0.0250662 0.0544122 -0.0938844 -0.0100557 0.100056 -0.0215507 0.0253486 -0.0124102 0.0254832 -0.0480261 0.0740492 -0.00454489 -0.00628318 0.0476504 -0.0120463 0.0634784 -0.146671 0.157409 0.256836 -0.155952 -0.0325424 0.123385 0.0106853 0.0202311 0.0102929 -0.0133921 -0.00602637 0.0347874 -0.0623467
internal_weight=14672 10058 4614 1801 8257 1795 6239 2819 5097 2018 922 1235 4175 4133 399 3734 798 968 560 91 899 833 146 1535 1322 2021 3714 2959 410 1142
internal_count=14672 10058 4614 1801 8257 1795 6239 2819 5097 2018 922 1235 4175 4133 399 3734 798 968 560 91 899 833 146 1535 1322 2021 3714 2959 410 1142
is_linear=0
shrinkage=0.05


Tree=24
num_leaves=31
num_cat=0
split_feature=0 4 5 6 17 9 1 0 15 12 5 16 3 6 9 16 5 1 6 9 5 3 8 3 6 14 3 15 19 3
split_gain=7212.82 3750.74 2225.87 2162.57 1223.82 971.583 861.764 724.667 740.176 720.589 614.962 619.17 590.074 586.553 435.638 417.014 416.94 440.843 386.43 370.486 364.881 349.575 347.536 344.402 341.353 336.879 324.022 371.012 361.737 323.616
threshold=32.500000000000007 1908458.0500000003 14.870000000000003 23.827103000000005 20.6675 94061.970000000016 2.5000000000000004 42.500000000000007 27.947500000000002 11.805000000000001 14.325000000000001 59.625000000000007 22.528351000000004 22.332122500000004 -1375166.6499999999 23.195000000000004 7.3350000000000009 5.5000000000000009 28.892029000000004 76451.449999999997 19.335000000000004 26.730636500000003 -1.0131839999999996 10.183746250000002 28.683990500000004 77.897500000000022 6.3158265000000009 16.892500000000002 7.5400000000000009 9.6554720000000014
decision_type=2 2 2 2 2 2 2 2 2 2 2 2 2 2 2 2 2 2 2 2 2 2 2 2 2 2 2 2 2 2
left_child=1 4 7 15 9 10 19 8 21 14 11 16 23 -14 -1 -3 17 -6 -5 -4 -8 29 -13 -7 -18 -9 28 -28 -16 -2
right_child=2 3 6 18 5 12 20 25 -10 -11 -12 22 13 -15 26 -17 24 -19 -20 -21 -22 -23 -24 -25 -26 -27 27 -29 -30 -31
leaf_value=0.21848473319162928 0.1303957277468431 -0.015551684858397611 0.15409397699244198 -0.065344766504617485 -0.040850467065775317 -0.024793290433247586 0.066065985865676261 -0.00082402901853828765 0.011202668137206797 0.078020993482659395 0.059894694582180823 0.090688108242604704 0.18736116130124122 -0.04384333491915654 0.040969028846640609 -0.14966534817266916 -0.019017681212544726 -0.13494932957905897 0.0021263342708173929 0.30490345120271473 0.14211068076744157 0.13493932297998909 0.0031190986255312278 -0.12525180121549159 0.15051509412626426 0.20098656579142526 0.028718235188441372 -0.015012322761395844 0.254683411934159 0.050253331855470075
leaf_weight=24 148 62 305 419 812 107 733 1352 763 410 256 168 34 142 198 890 2890 147 430 47 201 198 348 421 30 21 708 1540 22 846
leaf_count=24 148 62 305 419 812 107 733 1352 763 410 256 168 34 142 198 890 2890 147 430 47 201 198 348 421 30 21 708 1540 22 846
internal_value=-6.84973e-05 -0.0238129 0.0516916 -0.0891902 -0.00955291 -0.0237234 0.107558 0.0301037 0.0496565 0.0165957 -0.0154375 -0.0198254 -0.078465 0.00082117 0.00648959 -0.140931 -0.0266702 -0.0552744 -0.0311721 0.17423 0.0824311 0.0742709 0.0316299 -0.104894 -0.0172759 0.00226266 0.00442805 -0.00123953 0.0623405 0.062186
internal_weight=14672 10058 4614 1801 8257 5355 1286 3328 1955 2902 4651 4395 704 176 2492 952 3879 959 849 352 934 1192 516 528 2920 1373 2468 2248 220 994
internal_count=14672 10058 4614 1801 8257 5355 1286 3328 1955 2902 4651 4395 704 176 2492 952 3879 959 849 352 934 1192 516 528 2920 1373 2468 2248 220 994
is_linear=0
shrinkage=0.05


Tree=25
num_leaves=31
num_cat=0
split_feature=5 12 4 6 1 9 6 4 13 9 16 17 5 3 15 13 14 5 3 1 5 7 13 16 19 14 4 12 1 9
split_gain=6449.45 2409.22 2147.04 1630.41 1040.05 950.023 947.095 961.779 655.061 631.687 524.833 473.423 459.007 439.838 436.082 424.201 419.267 382.843 377.718 366.058 463.088 355.153 342.011 323.607 516.209 414.816 294.38 292.213 292.022 284.82
threshold=9.4650000000000016 11.735000000000001 1892143.6500000001 27.698791500000002 4.5000000000000009 777176.33000000007 27.792511000000001 1924691.5500000003 12.035000000000002 -592433.90000000002 59.625000000000007 15.880000000000001 21.450000000000006 24.345261000000004 18.592500000000005 5.0050000000000008 21.140000000000004 7.9050000000000011 10.933334500000003 2.5000000000000004 15.585000000000003 3584.7935000000002 6.2950000000000008 30.605 1.4175000000000006 30.605 447987.82500000007 14.185 1.5000000000000002 72036.849999999875
decision_type=2 2 2 2 2 2 2 2 2 2 2 2 2 2 2 2 2 2 2 2 2 2 2 2 2 2 2 2 2 2
left_child=2 5 4 14 9 8 7 12 18 10 13 -11 16 26 -4 -6 -3 -13 23 20 21 -18 -7 -2 -25 -26 -1 -19 -15 -21
right_child=1 6 3 -5 15 22 -8 -9 -10 11 -12 17 -14 28 -16 -17 19 27 -20 29 -22 -23 -24 24 25 -27 -28 -29 -30 -31
leaf_value=0.088287328790252417 0.013139465652040827 0.13399087227091472 -0.027337012712418902 -0.0098995604386289768 -0.11485788857948685 -0.16045982250855084 0.13481090794676537 -0.14398901050203836 0.062434570476531039 0.031518978419389679 0.16618813701470694 -0.038676746841747045 0.25025282572023572 0.24639839810589628 -0.13082992379864875 -0.043446928347185054 0.032981156211215966 -0.0089010665941208419 -0.0027193856181088887 0.045367285469503749 0.15025114659885211 0.099506263095353931 -0.018383171752383801 0.031323578851655702 0.0095774163212627179 0.22999071477333435 -0.02242713124695098 0.10415726820070109 0.058448445828135825 -0.020233580371803749
leaf_weight=75 631 174 114 495 252 105 472 58 630 498 75 1590 32 31 950 1190 507 1825 2610 809 168 332 71 221 30 74 301 59 62 208
leaf_count=75 631 174 114 495 252 105 472 58 630 498 75 1590 32 31 950 1190 507 1825 2610 809 168 332 71 221 30 74 301 59 62 208
internal_value=-0.000310919 0.033749 -0.0326264 -0.0848654 -0.0189573 0.0106594 0.0703243 0.0570212 0.0154329 -0.00715268 0.0433773 -0.0140732 0.0622492 0.023738 -0.119741 -0.0559265 0.0595121 -0.0206089 0.00712915 0.0531093 0.0744784 0.0593058 -0.103145 0.0340169 0.0745512 0.16641 -0.00034313 -0.00536049 0.121098 0.0319504
internal_weight=14649 7132 7517 1559 5958 4372 2760 2288 4196 4516 544 3972 2230 469 1064 1442 2198 3474 3566 2024 1007 839 176 956 325 104 376 1884 93 1017
internal_count=14649 7132 7517 1559 5958 4372 2760 2288 4196 4516 544 3972 2230 469 1064 1442 2198 3474 3566 2024 1007 839 176 956 325 104 376 1884 93 1017
is_linear=0
shrinkage=0.05


Tree=26
num_leaves=31
num_cat=0
split_feature=0 9 12 5 15 12 15 3 12 15 8 0 15 14 9 3 4 18 8 19 9 1 15 4 3 4 19 3 17 6
split_gain=5946.05 3550.42 1971.41 1342.92 1213.97 810.504 727.792 601.227 591.74 583.312 559.024 555.335 461.406 426.323 379.41 404.275 379.192 374.272 350.883 440.415 348.436 423.068 393.568 346.123 331.545 327.063 313.974 301.931 280.873 273.668
threshold=30.500000000000004 32355.739999999976 11.735000000000001 8.4350000000000005 23.207500000000003 20.290000000000003 29.670000000000005 23.338669000000007 15.005000000000001 25.495000000000001 1.764236500000002 44.500000000000007 29.390000000000004 81.257500000000007 -1265081.5999999999 13.039520500000002 7573.1570000000002 6.9575000000000058 0.1265870000000007 9.6525000000000052 -192623.84999999998 3.5000000000000004 14.4275 2701203.0000000005 10.312973000000001 1366851.1500000001 -0.98249999999999982 26.117233000000002 15.005000000000001 26.001251000000003
decision_type=2 2 2 2 2 2 2 2 2 2 2 2 2 2 2 2 2 2 2 2 2 2 2 2 2 2 2 2 2 2
left_child=1 3 9 6 24 10 12 -6 14 11 13 -2 17 16 -5 18 -4 28 19 -16 21 22 -17 -9 -3 -8 -7 -18 -1 -29
right_child=2 4 5 8 7 26 25 23 -10 -11 -12 -13 -14 -15 15 20 27 -19 -20 -21 -22 -23 -24 -25 -26 -27 -28 29 -30 -31
leaf_value=0.038975214419934796 0.061758311916908587 0.013621498844782054 0.054272999799354009 0.22647162083536387 -0.13553393184827897 0.10769235929474236 -0.048220045618648094 -0.025120546516413607 0.094227600614155804 -0.0029431485857236536 0.017364768483755046 -0.0080748263189204892 0.16253029811713432 0.27127768536408742 0.044199020156997261 0.31559814039779749 0.075795281615241294 -0.060737595290427819 0.0027217968904014339 0.23383700996637347 -0.012215566127599282 -0.023716047043601671 0.075417085985342663 -0.14246866066720995 -0.054399537645231588 -0.11423395665376697 0.26245846076856688 0.31534909442067149 -0.016054642066399373 0.12561364818744714
leaf_weight=265 964 226 722 20 854 56 661 241 218 1663 383 404 36 30 708 23 462 422 684 32 1887 75 66 85 864 262 79 20 1855 382
leaf_count=265 964 226 722 20 854 56 661 241 218 1663 383 404 36 30 708 23 462 422 684 32 1887 75 66 85 864 262 79 20 1855 382
internal_value=-0.000295373 -0.0238036 0.0428705 -0.00664272 -0.0783404 0.0796851 -0.0288591 -0.113483 0.0143052 0.0169509 0.0716773 0.0411351 -0.0152184 0.0845497 0.00932007 0.00807028 0.0810176 -0.0177357 0.0285375 0.0523996 -0.00614003 0.0637657 0.137486 -0.0557174 -0.0402961 -0.0669586 0.198259 0.103367 -0.00917591 0.135053
internal_weight=14649 9484 5165 7214 2270 2134 3501 1180 3713 3031 1999 1368 2578 1616 3495 3475 1586 2542 1424 740 2051 164 89 326 1090 923 135 864 2120 402
internal_count=14649 9484 5165 7214 2270 2134 3501 1180 3713 3031 1999 1368 2578 1616 3495 3475 1586 2542 1424 740 2051 164 89 326 1090 923 135 864 2120 402
is_linear=0
shrinkage=0.05


Tree=27
num_leaves=31
num_cat=0
split_feature=0 9 12 5 15 15 15 0 12 12 3 9 12 3 15 3 4 14 9 3 16 14 9 18 16 4 18 19 16 16
split_gain=5366.31 3210.37 1786.85 1237.3 998.086 680.027 651.703 672.438 637.552 534.402 442.382 432.911 613.327 428.941 414.47 383.335 374.291 350.337 344.133 366.553 342.962 336.33 318.138 381.584 369.481 313.861 289.968 416.968 601.541 402.25
threshold=30.500000000000004 55087.349999999984 13.005000000000001 8.4350000000000005 19.897500000000004 29.670000000000005 27.947500000000002 44.500000000000007 20.290000000000003 15.005000000000001 23.338669000000007 -472723.28999999992 5.0050000000000008 11.476120000000002 14.4275 21.120101500000001 1892143.6500000001 78.607500000000016 -1265081.5999999999 13.039520500000002 49.430000000000007 31.117500000000003 -192623.84999999998 -1.0024999999999993 25.592500000000005 914801.72000000009 5.8549999999999978 0.13750000000000109 44.155000000000001 60.27000000000001
decision_type=2 2 2 2 2 2 2 2 2 2 2 2 2 2 2 2 2 2 2 2 2 2 2 2 2 2 2 2 2 2
left_child=1 3 6 5 -3 11 7 -2 14 18 16 21 13 -13 -4 -15 -6 -16 -5 20 -20 -1 23 24 -21 -7 27 29 -29 -23
right_child=2 4 8 9 10 25 -8 -9 -10 -11 -12 12 -14 15 17 -17 -18 -19 19 22 -22 26 -24 -25 -26 -27 -28 28 -30 -31
leaf_value=-0.013908874993088058 0.055619150003852341 -0.015340428037113449 0.13325058018829347 0.21514804271981119 -0.085958606182658256 -0.040716872677860901 -0.0044593454653537624 -0.0098337583349638776 0.18834622957640224 0.088637208813293414 -0.058173574694424746 0.034199747251604788 -0.0092110646800818395 -0.14362953409786625 0.057954131136099596 -0.051557950994894179 -0.14452261487217177 0.20839773464947939 0.018626649962400935 0.32884746065363291 0.10177972826411621 -0.023945067620164233 -0.011976871691199476 -0.0077324742031703282 0.076630343690092834 -0.099459395669504583 -0.016558904524940948 0.30603379891978372 0.027376400241080453 0.19111380378405254
leaf_weight=273 1545 503 252 20 568 564 1479 526 135 220 523 83 1564 191 1188 277 525 40 1307 20 137 79 1919 91 53 381 77 45 34 30
leaf_count=273 1545 503 252 20 568 564 1479 526 135 220 523 83 1564 191 1188 277 525 40 1307 20 137 79 1919 91 53 381 77 45 34 30
internal_value=-0.000280605 -0.0226134 0.040727 -0.00700959 -0.0768475 -0.0279791 0.0208912 0.0389952 0.084329 0.0130191 -0.0959924 -0.0150058 -0.0251926 -0.0705557 0.0748409 -0.0891342 -0.114089 0.0628546 0.00832898 0.00715621 0.0265158 0.0250407 -0.00626448 0.0605775 0.145731 -0.0644004 0.0651662 0.0986387 0.186105 0.0352454
internal_weight=14649 9484 5165 7365 2119 3598 3550 2071 1615 3767 1616 2653 2115 551 1480 468 1093 1228 3547 3527 1444 538 2083 164 73 945 265 188 79 109
internal_count=14649 9484 5165 7365 2119 3598 3550 2071 1615 3767 1616 2653 2115 551 1480 468 1093 1228 3547 3527 1444 538 2083 164 73 945 265 188 79 109
is_linear=0
shrinkage=0.05


Tree=28
num_leaves=31
num_cat=0
split_feature=5 4 0 9 5 1 3 8 1 9 13 4 16 3 17 15 5 5 5 8 3 19 9 17 18 15 7 9 18 1
split_gain=4853.55 1685.82 1555.58 1252.8 1187.04 1137.09 793.81 718.881 608.309 583.358 551.208 463.157 447.78 465.344 436.335 418.246 410.49 405.537 386.33 348.972 311.085 351.072 310.089 307.029 332.346 272.409 319.981 262.124 247.792 227.345
threshold=9.4650000000000016 2272802.9000000004 32.500000000000007 165519.84999999998 19.335000000000004 4.5000000000000009 29.112502500000002 4.1968695000000018 2.5000000000000004 -449028.1999999999 4.9600000000000009 7573.1570000000002 59.625000000000007 21.755585000000004 17.845000000000002 30.665000000000003 7.3550000000000013 16.505000000000006 14.870000000000003 1.2579650000000002 6.9126740000000009 6.0674999999999999 -874444.14999999967 21.797500000000003 8.8850000000000033 15.005000000000001 455.404965 -331870.40499999991 -15.849999999999996 2.5000000000000004
decision_type=2 2 2 2 2 2 2 2 2 2 2 2 2 2 2 2 2 2 2 2 2 2 2 2 2 2 2 2 2 2
left_child=1 5 3 17 7 9 -3 8 11 12 19 -4 13 -1 -11 -5 -16 20 -10 -7 21 -2 -22 24 -13 -19 -27 -21 -18 -6
right_child=2 6 4 15 29 10 -8 -9 18 14 -12 23 -14 -15 16 -17 28 25 -20 27 22 -23 -24 -25 -26 26 -28 -29 -30 -31
leaf_value=-0.0079713551309507566 0.044088213039346111 -0.11776004023394751 0.049703533210383295 -0.036937509382605781 0.25348285322590752 -0.15872776393235766 -0.021694137031933472 -0.049673641331185021 0.014251274404724769 0.018542882746265428 -0.041640205232598315 0.13100009390234368 0.14376197278144814 0.087947501246154497 -0.049852309470438699 -0.13394422183726468 0.14873729522029561 0.25280572364517001 0.061025927359143639 0.030659559602764522 0.1438248335942626 0.25979091124609116 0.0033722480138884156 0.079237219839411788 0.31459492274693085 0.11414923254949179 -0.0099315525910378191 -0.12442145594223231 -0.012715611597725777 0.13337080083504801
leaf_weight=425 332 702 776 399 49 187 310 193 1207 827 1293 206 84 180 950 154 24 21 696 55 40 20 2238 356 28 129 87 54 2426 201
leaf_count=425 332 702 776 399 49 187 310 193 1207 827 1293 206 84 180 950 154 24 21 696 55 40 20 2238 356 28 129 87 54 2426 201
internal_value=-0.000266574 -0.0283002 0.0292803 0.00495258 0.0516944 -0.0189608 -0.0883327 0.0440963 0.0496324 -0.00707575 -0.0557302 0.0750901 0.035586 0.0205665 -0.0140296 -0.063952 -0.0219524 0.0182432 0.0313586 -0.117279 0.0125982 0.056344 0.00583849 0.10848 0.152969 0.0808866 0.0641722 -0.0461696 -0.011134 0.156913
internal_weight=14649 7517 7132 3420 3712 6505 1012 3462 3269 4916 1589 1366 689 605 4227 553 3400 2867 1903 296 2630 352 2278 590 234 237 216 109 2450 250
internal_count=14649 7517 7132 3420 3712 6505 1012 3462 3269 4916 1589 1366 689 605 4227 553 3400 2867 1903 296 2630 352 2278 590 234 237 216 109 2450 250
is_linear=0
shrinkage=0.05


Tree=29
num_leaves=31
num_cat=0
split_feature=12 4 15 13 0 17 9 3 0 4 3 16 13 17 15 3 17 4 14 14 12 7 0 0 12 3 5 1 3 15
split_gain=4453.23 2902.59 1119.95 908.108 749.159 689.25 756.272 652.66 601.776 573.387 554.883 560.037 543.992 492.66 459.481 453.073 447.753 407.323 379.626 371.348 331.584 304.736 296.83 290.949 290.78 288.924 300.091 281.723 280.05 254.148
threshold=11.735000000000001 1392009.5500000003 18.592500000000005 12.035000000000002 30.500000000000004 31.490000000000006 -985890.04999999993 26.895874000000003 26.500000000000004 168242.78000000003 11.476120000000002 30.605 8.9950000000000028 16.790000000000003 17.672500000000003 25.219284500000004 31.127500000000001 2313141.2500000005 83.822500000000005 78.607500000000016 20.290000000000003 705008.35000000009 6.5000000000000009 30.500000000000004 8.6050000000000022 9.1719970000000028 15.785000000000002 3.5000000000000004 26.067123000000006 34.850000000000009
decision_type=2 2 2 2 2 2 2 2 2 2 2 2 2 2 2 2 2 2 2 2 2 2 2 2 2 2 2 2 2 2
left_child=1 3 -3 5 9 6 14 19 15 22 11 -8 24 27 -1 -4 -12 -10 23 25 -9 -22 -2 -7 -13 -6 -27 -11 -19 -15
right_child=4 2 8 -5 7 18 10 20 17 13 16 12 -14 29 -16 -17 -18 28 -20 -21 21 -23 -24 -25 -26 26 -28 -29 -30 -31
leaf_value=0.24331298735702322 -0.021488601759333037 0.0022009775568387177 -0.12180181333492511 0.056919471815549016 0.11240188056388155 -0.049425816395593986 0.0054021639403876061 0.097959561407949133 -0.021433236158879262 0.16320266547069576 -0.011573329894551277 0.0064341151203212155 0.23579795169333617 -0.033441057376606152 0.058949376345542127 -0.05596006538721339 0.11500884837103667 -0.1208699470677934 0.105887501032985 0.18922848106206705 0.09457656014710665 0.27799556330363784 0.067820323341194186 -0.0078752956934118271 0.089323691442254785 0.027756965250134741 0.083838643889925457 -0.015266737693398284 -0.028308405896276236 -0.15370145333456059
leaf_weight=42 116 572 800 633 156 1222 1097 482 592 48 4354 188 45 317 173 388 71 236 49 48 39 54 470 643 242 1046 309 41 125 51
leaf_count=42 116 572 800 633 156 1222 1097 482 592 48 4354 188 45 317 173 388 71 236 49 48 39 54 470 643 242 1046 309 41 125 51
internal_value=-0.000253246 -0.0147607 -0.0599511 -0.000763544 0.0521326 -0.00525694 0.00282611 0.069107 -0.076556 0.0174028 -0.000477176 0.0250401 0.0703934 -0.0245772 0.0949646 -0.100298 -0.00954229 -0.0469594 -0.0314909 0.052314 0.114638 0.201078 0.0501414 -0.0351004 0.0530836 0.0479647 0.0405461 0.0809864 -0.0888196 -0.0501076
internal_weight=14649 11472 2713 8759 3177 8126 6212 2134 2141 1043 5997 1572 475 457 215 1188 4425 953 1914 1559 575 93 586 1865 430 1511 1355 89 361 368
internal_count=14649 11472 2713 8759 3177 8126 6212 2134 2141 1043 5997 1572 475 457 215 1188 4425 953 1914 1559 575 93 586 1865 430 1511 1355 89 361 368
is_linear=0
shrinkage=0.05


Tree=30
num_leaves=31
num_cat=0
split_feature=12 4 15 13 5 9 15 1 6 4 14 9 3 15 14 5 5 19 17 17 19 3 1 6 15 6 18 13 18 4
split_gain=4147.83 2486.97 928.138 779.878 724.301 843.13 573.04 528.578 514.998 452.518 442.47 393.61 482.969 675.045 426.93 347.09 333.96 390.297 332.142 594.538 334.64 304.207 278.515 310.424 294.291 275.172 246.235 225.104 206.974 206.667
threshold=11.555000000000001 1314668.7000000002 18.592500000000005 12.100000000000001 13.505000000000001 330804.32500000001 30.935000000000006 2.5000000000000004 23.827103000000005 1892143.6500000001 63.745000000000005 -592433.90000000002 11.476120000000002 30.73 39.092500000000008 6.1450000000000005 17.315000000000001 0.68500000000000061 28.632500000000004 21.372500000000002 -0.15249999999999805 14.198684500000001 2.5000000000000004 26.874130500000003 27.527500000000003 30.337082000000002 -1.0824999999999994 8.9350000000000005 0.24000000000000024 2427451.5000000005
decision_type=2 2 2 2 2 2 2 2 2 2 2 2 2 2 2 2 2 2 2 2 2 2 2 2 2 2 2 2 2 2
left_child=1 3 28 6 15 7 11 16 9 -4 27 22 13 14 -13 -2 -6 -18 19 20 26 -12 23 24 -1 29 -9 -8 -3 -17
right_child=4 2 8 -5 5 -7 10 18 -10 -11 21 12 -14 -15 -16 25 17 -19 -20 -21 -22 -23 -24 -25 -26 -27 -28 -29 -30 -31
leaf_value=0.026908948692283774 -0.08407270583643843 0.026151609888966917 -0.05588596814503171 0.053308029861769593 0.097745971275243926 -0.041728248262236312 -0.045800084468483625 0.10281460035269654 -0.035212590220625221 -0.11090695619324123 0.15017693681785693 0.0090110312117144906 -0.0099250288759221011 0.3050017992655436 0.089771992177702487 0.032222781124558432 0.12830448630980038 0.28648997791239927 0.13326393018455007 -0.019266270668367332 0.045187394788976792 0.0042436883703135609 0.0080637798001658798 0.22697994564260757 0.18365128154938037 0.17491781120047425 0.2478898970263177 -0.0066838479056189372 -0.033392889094322399 -0.069988471107082631
leaf_weight=129 67 336 670 610 403 141 1361 127 720 845 52 1263 4022 21 188 1633 119 58 129 230 260 114 197 35 39 33 38 504 258 51
leaf_count=129 67 336 670 610 403 141 1361 127 720 845 52 1263 4022 21 188 1633 119 58 129 230 260 114 197 35 39 33 38 504 258 51
internal_value=-0.000324425 -0.0146359 -0.0552639 -0.00116937 0.0491238 0.07467 -0.00536258 0.0867024 -0.0700282 -0.0865742 -0.0282667 0.00252989 -0.000956564 0.0235483 0.0194749 0.0275728 0.12289 0.180139 0.0599309 0.0454882 0.0805317 0.0499577 0.0504163 0.091517 0.0632956 0.0319293 0.136226 -0.0352293 0.000288848 0.0291273
internal_weight=14653 11364 2829 8535 3289 1505 7925 1364 2235 1515 2031 5894 5494 1472 1451 1784 580 177 784 655 425 166 400 203 168 1717 165 1865 594 1684
internal_count=14653 11364 2829 8535 3289 1505 7925 1364 2235 1515 2031 5894 5494 1472 1451 1784 580 177 784 655 425 166 400 203 168 1717 165 1865 594 1684
is_linear=0
shrinkage=0.05


Tree=31
num_leaves=31
num_cat=0
split_feature=12 4 13 6 5 1 17 9 17 9 3 16 13 14 5 8 17 17 1 5 9 1 0 4 19 1 8 18 18 6
split_gain=3743.41 2247.18 829.177 735.706 654.146 760.358 639.999 586.883 579.949 513.902 570.133 415.687 621.056 411.426 389.123 371.146 318.846 509.716 314.005 311.313 302.268 360.579 276.239 295.384 275.264 264.586 258.694 246.4 243.106 231.901
threshold=11.555000000000001 1908458.0500000003 12.100000000000001 22.626434000000003 13.435 2.5000000000000004 31.490000000000006 202930.00000000003 31.127500000000001 -1076946.5499999998 11.476120000000002 30.605 8.9950000000000028 83.822500000000005 7.1150000000000011 0.01766990000000002 28.632500000000004 21.372500000000002 2.5000000000000004 6.1450000000000005 -285393.95000000001 3.5000000000000004 26.500000000000004 2448852.6500000004 -0.15249999999999805 4.5000000000000009 4.1968695000000018 0.24000000000000024 8.8850000000000033 30.337082000000002
decision_type=2 2 2 2 2 2 2 2 2 2 2 2 2 2 2 2 2 2 2 2 2 2 2 2 2 2 2 2 2 2
left_child=1 2 6 22 19 -6 8 16 9 15 11 -11 28 -8 -12 18 17 24 -1 -2 21 27 -3 25 -7 -24 29 -16 -13 -21
right_child=4 3 -4 -5 5 7 13 -9 -10 10 14 12 -14 -15 20 -17 -18 -19 -20 26 -22 -23 23 -25 -26 -27 -28 -29 -30 -31
leaf_value=0.20305723310527155 -0.079869069614961971 -0.12519057722595292 0.050879628738253038 -0.032490905921832992 0.11332225657544198 0.12827523530380905 -0.036430459249489365 -0.051094028157078558 0.12622706606502604 0.0034610955088697315 -0.052092282840837591 0.027670138163482932 0.23713637342337859 0.098604413147630368 0.15001617961430125 -0.024192495421094293 0.13303246441923205 -0.015676826162189576 0.059384385541257682 0.03222579249058366 -0.012891883770261231 -0.0091314236304109418 0.017748264813297023 -0.11096759421005845 0.045336459716961763 -0.10692636688472704 -0.046759737521699332 0.02533000995963812 0.14449724605679512 0.16617192264759181
leaf_weight=59 67 477 626 769 619 163 2055 144 88 1194 593 407 44 58 84 74 122 226 107 1553 4008 205 127 200 259 64 103 75 50 33
leaf_count=59 67 477 626 769 619 163 2055 144 88 1194 593 407 44 58 84 74 122 226 107 1553 4008 205 127 200 259 64 103 75 50 33
internal_value=-0.000308204 -0.0139041 -0.00478274 -0.0681027 0.0466676 0.0705329 -0.0086114 0.0415541 -0.00132038 -0.00294707 -0.0055374 0.0195004 0.0577258 -0.0327239 -0.014085 0.0689344 0.0588805 0.0449198 0.110449 0.0258331 -0.0089299 0.0346955 -0.0996529 -0.0684982 0.0773721 -0.0240275 0.0300261 0.0912019 0.0404521 0.0350128
internal_weight=14653 11364 9727 1637 3289 1533 9101 914 6988 6900 6660 1695 501 2113 4965 240 770 648 166 1756 4372 364 868 391 422 191 1689 159 457 1586
internal_count=14653 11364 9727 1637 3289 1533 9101 914 6988 6900 6660 1695 501 2113 4965 240 770 648 166 1756 4372 364 868 391 422 191 1689 159 457 1586
is_linear=0
shrinkage=0.05


Tree=32
num_leaves=31
num_cat=0
split_feature=5 12 1 9 4 9 4 3 4 5 3 17 8 5 5 18 15 9 5 13 1 17 3 14 14 15 5 14 1 17
split_gain=3414.23 1291.87 1196.41 712.044 620.465 573.337 542.655 539.339 482.222 415.741 375.281 364.231 359.33 347.429 320.194 351.927 309.959 307.248 379.405 300.76 278.907 259.384 258.093 249.377 246.358 242.593 242.343 241.801 239.365 231.597
threshold=9.3750000000000018 11.595000000000001 4.5000000000000009 -285393.95000000001 228110.02000000002 725589.43000000017 2466279.1500000004 26.994903500000003 2038559.8000000003 7.2650000000000006 29.412842000000001 14.030000000000003 -2.6286925000000001 16.855000000000004 6.1450000000000005 -15.849999999999996 29.640000000000004 -340160.89999999997 7.6350000000000007 6.2950000000000008 3.5000000000000004 21.145000000000007 9.1719970000000028 38.490000000000009 19.942500000000006 34.352500000000013 17.425000000000004 31.117500000000003 2.5000000000000004 29.130000000000006
decision_type=2 2 2 2 2 2 2 2 2 2 2 2 2 2 2 2 2 2 2 2 2 2 2 2 2 2 2 2 2 2
left_child=2 5 3 9 -4 13 11 8 12 -1 -8 -5 16 24 -13 -16 21 -6 -19 -7 -9 -3 -14 -22 -2 -18 -24 -11 -28 -20
right_child=1 7 4 6 17 19 10 20 -10 27 -12 14 22 -15 15 -17 25 18 29 -21 23 -23 26 -25 -26 -27 28 -29 -30 -31
leaf_value=0.0011632723854429665 0.059123607755074616 0.11135002790556459 -0.024039449328502733 0.044346943818277029 -0.041375886546963593 -0.12387686514151774 -0.099630346640669443 0.11166997258032887 -0.13750718652184954 0.033706906875774552 -0.0081904022568212217 -0.056950969870486472 0.081665748909833927 0.058479254397045655 0.17366340434551242 -0.014628537359018158 0.30942315966994677 -0.13635625546348507 -0.037297342663846052 0.00020265428113670631 -0.00042337841159143652 0.0034697384871751739 0.018724329451237202 0.15311983547666497 0.003801826721463951 0.082834637094111679 0.14821510116939676 0.11667227171373701 0.041211920101878879 -0.1173790310463267
leaf_weight=619 213 149 734 244 307 123 342 458 38 208 167 478 249 356 25 3369 27 377 251 81 119 89 1380 34 3645 21 73 152 184 141
leaf_count=619 213 149 734 244 307 123 342 458 38 208 167 478 249 356 25 3369 27 377 251 81 119 89 1380 34 3645 21 73 152 184 141
internal_value=-0.000292794 0.0241325 -0.0241416 -0.0127266 -0.0594838 0.00725422 -0.0209265 0.0505658 0.0390704 0.0260115 -0.0696294 -0.0149038 0.0421597 0.0112173 -0.0186375 -0.0132416 0.0943843 -0.0836624 -0.100544 -0.07461 0.0921449 0.0710082 0.0342402 0.0336973 0.00685614 0.210291 0.0270264 0.0687367 0.0716058 -0.0661022
internal_weight=14653 7239 7414 5604 1810 4418 4625 2821 2210 979 509 4116 2172 4214 3872 3394 286 1076 769 204 611 238 1886 153 3858 48 1637 360 257 392
internal_count=14653 7239 7414 5604 1810 4418 4625 2821 2210 979 509 4116 2172 4214 3872 3394 286 1076 769 204 611 238 1886 153 3858 48 1637 360 257 392
is_linear=0
shrinkage=0.05


Tree=33
num_leaves=31
num_cat=0
split_feature=0 9 12 15 1 15 0 1 12 4 3 8 13 14 4 15 6 7 3 8 18 14 3 15 0 15 9 8 3 8
split_gain=3178.91 1943.64 967.338 697.977 622.782 499.69 509.709 498.687 461.715 433.071 413.701 380.588 363.209 357.585 300.456 291.559 274.684 503.734 268.193 266.766 264.191 258.143 240.172 416.036 260.622 232.649 227.453 382.994 284.665 218.585
threshold=30.500000000000004 32355.739999999976 14.255000000000001 21.417500000000004 5.5000000000000009 30.275000000000002 42.500000000000007 1.0000000180025095e-35 10.765000000000002 3584.7935000000002 22.371765000000003 1.6480405000000007 15.120000000000003 83.822500000000005 2701203.0000000005 18.592500000000005 22.332122500000004 827359.47000000009 28.949890000000003 -5.6699063999999995 -10.987500000000002 78.607500000000016 13.341156000000002 27.527500000000003 12.500000000000002 13.255000000000001 -1038673.6949999999 -0.95713799999999949 17.960815500000006 -0.91896099999999936
decision_type=2 2 2 2 2 2 2 2 2 2 2 2 2 2 2 2 2 2 2 2 2 2 2 2 2 2 2 2 2 2
left_child=1 4 5 -3 7 6 15 25 12 -6 19 18 26 -7 16 -2 17 -12 20 -5 -4 -22 23 24 -10 29 27 28 -9 -1
right_child=2 3 11 10 9 13 -8 8 22 -11 14 -13 -14 -15 -16 -17 -18 -19 -20 -21 21 -23 -24 -25 -26 -27 -28 -29 -30 -31
leaf_value=0.17869417476654054 0.088700831786674622 -0.017801677285802991 0.22917514237073752 0.002634479541302426 -0.013634306538065119 -0.012546507040860728 0.0026143617480546047 0.27186363271691583 0.0043591544640605943 -0.080652252067507368 0.23096132321017132 0.010660921708273489 0.14471344122619823 0.20073733709752561 -0.1109270478217084 0.036922926127812138 -0.037470594418214626 -0.071723695530521644 0.14846503144229642 -0.10290072082867346 0.063381507914401961 0.2407618289902097 0.014318261835814536 0.17251885134751935 0.084598039925531165 -0.036448533282748254 -0.0044550783236675627 -0.0095256293949580965 0.073024944944608247 -0.028371877051316774
leaf_weight=25 340 739 26 64 579 1129 1023 22 207 413 28 231 43 20 122 1357 366 27 131 930 881 21 515 74 198 964 3898 155 99 26
leaf_count=25 340 739 26 64 579 1129 1023 22 207 413 28 231 43 20 122 1357 366 27 131 930 881 21 515 74 198 964 3898 155 99 26
internal_value=-0.000278154 -0.0174455 0.0313146 -0.0577335 -0.00474183 0.0188129 0.0304916 0.00112065 0.00736593 -0.0415359 -0.076933 0.0688103 0.000140095 -0.00883399 -0.041836 0.0472968 -0.0218144 0.0823705 0.0814944 -0.0961057 0.0720406 0.0675112 0.0380212 0.0635055 0.0435871 -0.0309426 -0.00134928 0.0425145 0.109177 0.0731311
internal_weight=14653 9494 5159 2276 7218 3869 2720 6226 5211 992 1537 1290 4217 1149 543 1697 421 55 1059 994 928 902 994 479 405 1015 4174 276 121 51
internal_count=14653 9494 5159 2276 7218 3869 2720 6226 5211 992 1537 1290 4217 1149 543 1697 421 55 1059 994 928 902 994 479 405 1015 4174 276 121 51
is_linear=0
shrinkage=0.05


Tree=34
num_leaves=31
num_cat=0
split_feature=0 9 5 5 1 15 1 8 1 5 3 14 8 5 14 17 0 6 8 3 12 0 3 8 16 6 0 6 14 3
split_gain=2868.97 1754.13 997.648 715.734 678.107 629.924 480.851 477.629 442.489 384.4 375.331 330.761 330.053 321.212 298.947 306.11 311.308 279.197 274.286 262.49 247.91 244.117 241.026 234.978 220.575 331.544 207.9 222.279 207.053 206.095
threshold=30.500000000000004 32355.739999999976 14.870000000000003 8.4250000000000025 2.5000000000000004 21.417500000000004 1.5000000000000002 1.4353792500000002 5.5000000000000009 14.765000000000002 22.962448000000006 19.207500000000007 -1.5276795000000012 19.335000000000004 81.257500000000007 26.350000000000001 42.500000000000007 26.341767000000001 -3.4381104999999992 22.962448000000006 17.260000000000002 26.500000000000004 11.205078000000002 -5.6699063999999995 50.577500000000008 22.896362000000003 34.500000000000007 29.442657500000003 19.685000000000006 5.3683013000000015
decision_type=2 2 2 2 2 2 2 2 2 2 2 2 2 2 2 2 2 2 2 2 2 2 2 2 2 2 2 2 2 2
left_child=1 3 4 8 7 29 -4 11 17 12 23 -2 28 18 15 16 -13 -1 -8 -9 -14 -19 -6 -7 25 -12 27 -15 -5 -3
right_child=2 5 6 9 22 10 13 19 -10 -11 24 14 20 26 -16 -17 -18 21 -20 -21 -22 -23 -24 -25 -26 -27 -28 -29 -30 -31
leaf_value=-0.021613616175491887 0.18560084568129645 0.14140668887645008 0.14968441510062305 0.14299139397218824 0.03446124559599003 0.0025027551979292188 0.20880316210289798 -0.022743724518864708 -0.068856909044194822 0.061438415461831541 0.12200739030775272 0.089315355219399997 -0.0051924173569250394 -0.070699917428916501 0.23977532774209975 0.018019543547563344 0.023137769050484078 0.0012506871433898567 0.037518363409327717 0.090631448774267057 0.14999693357027497 0.084079323366961708 -0.011982265435149625 -0.096410384909566368 -0.093384425441613642 -0.033880891238077748 0.12652012811156052 0.13444977227760399 0.026575353813283895 -0.021315439670979434
leaf_weight=2453 45 20 155 40 338 64 24 379 423 338 38 499 2517 31 20 593 276 465 894 59 26 110 1610 971 131 333 213 23 846 719
leaf_count=2453 45 20 155 40 338 64 24 379 423 338 38 499 2517 31 20 593 276 465 894 59 26 110 1610 971 131 333 213 23 846 719
internal_value=-0.000264246 -0.0165733 0.0297489 -0.00450474 0.0167246 -0.0548468 0.0668681 0.0382228 -0.0209546 0.0105652 -0.0730864 0.0521895 0.0055506 0.0560356 0.0478642 0.0450585 0.0657476 -0.0142628 0.0419964 -0.00747173 -0.00360574 0.0170962 -0.00392379 -0.090294 -0.0376084 -0.0179139 0.104305 0.0166787 0.0318312 -0.0169116
internal_weight=14653 9494 5159 7218 3819 2276 1340 1871 3451 3767 1537 1433 3429 1185 1388 1368 775 3028 918 438 2543 575 1948 1035 502 371 267 54 886 739
internal_count=14653 9494 5159 7218 3819 2276 1340 1871 3451 3767 1537 1433 3429 1185 1388 1368 775 3028 918 438 2543 575 1948 1035 502 371 267 54 886 739
is_linear=0
shrinkage=0.05


Tree=35
num_leaves=31
num_cat=0
split_feature=0 4 15 5 1 6 3 8 3 12 1 1 4 12 6 18 16 13 3 7 17 16 16 18 15 19 15 0 17 16
split_gain=2886.87 1622.86 1196.32 836.303 663.974 611.497 551.894 419.018 394.521 387.804 383.511 337.399 339.762 288.41 276.373 263.711 261.777 281.263 254.455 242.769 256.607 241.45 312.48 371.624 268.275 239.167 236.89 322.102 362.658 286.81
threshold=30.500000000000004 590682.68000000017 18.592500000000005 14.870000000000003 2.5000000000000004 17.115844500000005 23.338669000000007 2.0989985000000009 11.205078000000002 13.995000000000003 2.5000000000000004 2.5000000000000004 2016831.5000000002 20.290000000000003 28.009628500000002 5.4175000000000049 81.257500000000007 14.380000000000001 10.757034000000003 733484.95000000007 30.217500000000001 50.577500000000008 37.437500000000007 10.710000000000003 29.390000000000004 -0.44999999999999923 33.865000000000009 10.500000000000002 20.817500000000006 32.957500000000003
decision_type=2 2 2 2 2 2 2 2 2 2 2 2 2 2 2 2 2 2 2 2 2 2 2 2 2 2 2 2 2 2
left_child=1 5 -3 4 7 9 8 14 -4 16 13 12 15 -5 -2 -10 17 26 -6 20 -7 22 -8 24 -24 -12 27 -1 29 -29
right_child=3 2 6 10 18 19 21 -9 11 -11 25 -13 -14 -15 -16 -17 -18 -19 -20 -21 -22 -23 23 -25 -26 -27 -28 28 -30 -31
leaf_value=-0.0022355979506708981 0.043498175106071124 0.0092753140407773795 -0.017654078029926901 0.088960739419620599 0.038589917219162571 -0.013093301023746468 -0.041960476127052164 -0.013825095677158878 0.0023565931413793394 0.070759350922970018 0.084724242356781623 -0.099162377549846678 -0.099886554193944335 0.2169331968561107 0.12532083887506176 -0.078756205970124837 0.12703027915447315 0.11888450062168497 -0.010941124664188317 0.046339283866478252 -0.054468533332919247 -0.075044007325079293 0.016689599872838544 -0.14088525830302387 0.13721632084509891 0.031363338395578554 -0.026613130951280362 0.053831610405878 0.012651220947894193 0.16906289507686678
leaf_weight=1359 1469 894 288 322 309 1984 432 316 277 291 298 1020 253 51 111 157 47 56 1612 142 462 200 263 32 56 711 468 216 518 72
leaf_count=1359 1469 894 288 322 309 1984 432 316 277 291 298 1020 253 51 111 157 47 56 1612 142 462 200 263 32 56 711 468 216 518 72
internal_value=-0.000135489 -0.0165462 -0.0414493 0.0298103 0.0177437 0.000626518 -0.0566769 0.0387345 -0.0717861 0.0158835 0.0631376 -0.0809191 -0.053833 0.106458 0.0492465 -0.0269861 0.0100469 0.00800219 -0.00297387 -0.0172185 -0.0209082 -0.0260128 -0.0134889 0.0215531 0.0378479 0.0471231 0.00564389 0.0126168 0.0376594 0.0826394
internal_weight=14686 9487 3872 5199 3817 5615 2978 1896 1995 3027 1382 1707 687 373 1580 434 2736 2689 1921 2588 2446 983 783 351 319 1009 2633 2165 806 288
internal_count=14686 9487 3872 5199 3817 5615 2978 1896 1995 3027 1382 1707 687 373 1580 434 2736 2689 1921 2588 2446 983 783 351 319 1009 2633 2165 806 288
is_linear=0
shrinkage=0.05


Tree=36
num_leaves=31
num_cat=0
split_feature=0 9 5 3 14 15 12 0 15 4 9 16 1 12 1 3 3 3 1 9 6 5 16 8 17 5 17 18 19 3
split_gain=2605.4 1579.33 764.331 753.177 647.862 747.708 531.445 479.774 480.136 455.54 451.95 371.053 370.988 360.606 338.204 349.595 314.578 302.115 290.269 239.673 457.201 273.109 228.991 226.232 198.473 191.571 188.849 186.136 185.373 219.871
threshold=30.500000000000004 202930.00000000003 16.965000000000003 10.933334500000003 81.257500000000007 30.275000000000002 6.0050000000000008 42.500000000000007 14.1425 1009864.1800000002 -487255.29999999999 25.772500000000004 2.5000000000000004 12.395000000000001 1.0000000180025095e-35 26.579483000000007 25.459869000000001 28.373840000000005 2.5000000000000004 -248634.64999999999 28.426101500000005 7.8550000000000013 49.430000000000007 3.6623076999999999 25.165000000000003 25.290000000000003 28.407500000000002 -4.5349999999999993 10.42 6.9126740000000009
decision_type=2 2 2 2 2 2 2 2 2 2 2 2 2 2 2 2 2 2 2 2 2 2 2 2 2 2 2 2 2 2
left_child=1 3 4 13 5 7 9 8 -2 -5 -11 -3 17 22 -8 -16 -12 -4 -13 20 21 -17 28 -10 -24 26 -14 -22 -1 -30
right_child=2 11 12 6 -6 -7 14 -9 23 10 16 18 25 -15 15 19 -18 -19 -20 -21 27 -23 24 -25 -26 -27 -28 -29 29 -31
leaf_value=0.0059345123704217309 0.12438584273074603 -0.011156656869900982 0.10236588269621134 -0.016290846136572095 0.21375218071909841 -0.01718215252365107 -0.035710627926168831 0.0042918416932416509 0.041436388137155195 -0.0077547626542878115 -0.10939375715145333 -0.045028308877001988 0.031738850918563107 0.08434459855063603 -0.0038915525497031193 0.09816352091729641 -0.037880141921971013 0.25736688751549947 -0.094849641238751753 0.01774546340203894 0.1692560080594073 0.35345517935400661 0.039131677916395616 -0.031376452740298308 0.19620973934729896 0.16962670726435525 0.10182985058200994 0.015693444807527098 0.23237172719091179 -0.0020804055407643318
leaf_weight=1358 172 282 125 1634 43 1092 643 1148 1907 289 413 489 395 208 2498 20 245 42 727 393 24 22 61 113 30 35 127 111 20 20
leaf_count=1358 172 282 125 1634 43 1092 643 1148 1907 289 413 489 395 208 2498 20 245 42 727 393 24 22 61 113 30 35 127 111 20 20
internal_value=-0.000128715 -0.0157189 0.0283198 -0.00688502 0.0206086 0.0187347 -0.014858 0.0304776 0.0441916 -0.0322823 -0.0598747 -0.0628309 0.0759825 0.0226764 -0.00273933 0.00417088 -0.0827663 0.141348 -0.0748146 0.0395042 0.0878158 0.231888 0.0140619 0.0373632 0.0909157 0.0563845 0.0487916 0.0429935 0.00905929 0.115146
internal_weight=14686 9487 5199 7989 4475 4432 6292 3340 2192 2581 947 1498 724 1697 3711 3068 658 167 1216 570 177 42 1489 2020 91 557 522 135 1398 40
internal_count=14686 9487 5199 7989 4475 4432 6292 3340 2192 2581 947 1498 724 1697 3711 3068 658 167 1216 570 177 42 1489 2020 91 557 522 135 1398 40
is_linear=0
shrinkage=0.05


Tree=37
num_leaves=31
num_cat=0
split_feature=0 9 5 14 15 15 5 0 15 12 15 1 1 1 0 13 3 15 15 18 3 3 12 4 1 18 8 16 16 4
split_gain=2351.37 1440.9 689.809 584.695 674.807 525.254 520.343 432.996 433.322 380.698 359.865 334.816 280.8 336.782 442.312 371.59 272.659 256.16 251.81 309.292 246.177 325.664 233.384 243.486 230.525 209.301 208.09 188.362 265.833 185.016
threshold=30.500000000000004 16158.445000000067 16.965000000000003 81.257500000000007 30.275000000000002 18.592500000000005 8.4250000000000025 42.500000000000007 14.1425 16.515000000000004 29.670000000000005 2.5000000000000004 1.0000000180025095e-35 3.5000000000000004 12.500000000000002 8.9350000000000005 28.373840000000005 29.390000000000004 14.4275 -1.0824999999999994 8.2985230000000012 23.338669000000007 7.6350000000000007 2164200.1000000006 2.5000000000000004 6.9575000000000058 2.2414855 52.975000000000001 56.455000000000005 2701203.0000000005
decision_type=2 2 2 2 2 2 2 2 2 2 2 2 2 2 2 2 2 2 2 2 2 2 2 2 2 2 2 2 2 2
left_child=1 6 3 4 7 -3 10 8 -2 12 17 16 -8 14 27 -15 -4 25 19 -16 -7 22 -22 24 -24 -1 -10 -14 -29 -23
right_child=2 5 11 -5 -6 20 9 -9 26 -11 -12 -13 13 15 18 -17 -18 -19 -20 -21 21 29 23 -25 -26 -27 -28 28 -30 -31
leaf_value=-0.0027851054148537026 0.11816655036960838 -0.0022835663277589219 0.097247588584572081 0.20306457372945408 -0.0163230448738555 0.014230061787233321 -0.030402082398191789 0.0040772496306362566 0.042210333106807454 0.09452293308407772 -0.044381911863235042 0.053565284319069817 0.0034782857632124908 -0.018042211071262595 0.086214471740148416 0.031060537662446264 0.24449854227049009 0.14842966514138076 0.058894611451089277 0.31529514303673872 -0.096252091238817214 -0.019307050211699886 0.016129331584304376 -0.11504635275798916 -0.066255806781562801 -0.042433473710665123 -0.0028557884641474368 0.19624732010066512 0.032539622976210207 -0.083395403799619794
leaf_weight=2008 172 498 125 43 1092 106 452 1148 1719 127 920 557 814 1216 41 564 42 26 288 23 756 471 151 112 194 399 301 30 143 148
leaf_count=2008 172 498 125 43 1092 106 452 1148 1719 127 920 557 814 1216 41 564 42 26 288 23 756 471 151 112 194 399 301 30 143 148
internal_value=-0.000122279 -0.0149329 0.0269038 0.0195782 0.017798 -0.0480849 -0.00347951 0.0289537 0.041982 0.0094542 -0.017744 0.0721834 0.00642879 0.0117663 0.0307096 -0.00248381 0.134281 -0.0076713 0.0788302 0.16854 -0.0598543 -0.0641408 -0.0792002 -0.0509919 -0.0301974 -0.00935748 0.035495 0.013548 0.0609282 -0.0346303
internal_weight=14686 9487 5199 4475 4432 2436 7051 3340 2192 3698 3353 724 3571 3119 1339 1780 167 2433 352 64 1938 1832 1213 457 345 2407 2020 987 173 619
internal_count=14686 9487 5199 4475 4432 2436 7051 3340 2192 3698 3353 724 3571 3119 1339 1780 167 2433 352 64 1938 1832 1213 457 345 2407 2020 987 173 619
is_linear=0
shrinkage=0.05


Tree=38
num_leaves=31
num_cat=0
split_feature=0 9 4 5 12 3 13 16 8 14 15 3 9 18 16 0 0 3 19 12 18 18 14 14 8 16 12 7 14 8
split_gain=2130.36 1328.82 825.174 662.072 490.925 470.691 438.65 366.3 339.315 326.367 312.645 311.482 292.779 321.08 283.009 260.191 256.277 252.677 271.472 237.431 228.743 438.864 217.299 211.376 199.597 188.404 178.513 261.85 175.116 174.555
threshold=32.500000000000007 202930.00000000003 7573.1570000000002 7.8550000000000013 16.515000000000004 24.964721500000007 1.0000000180025095e-35 44.727500000000013 -1.4830170000000009 81.257500000000007 14.4275 8.7442325000000007 -415061.99999999988 2.0550000000000002 47.007500000000007 46.500000000000007 26.500000000000004 7.6208342500000006 7.5400000000000009 7.8150000000000004 16.462500000000002 7.530000000000002 25.592500000000005 19.942500000000006 4.0906070000000021 81.257500000000007 4.3050000000000006 827359.47000000009 63.745000000000005 1.1555635000000006
decision_type=2 2 2 2 2 2 2 2 2 2 2 2 2 2 2 2 2 2 2 2 2 2 2 2 2 2 2 2 2 2
left_child=1 3 9 6 8 -4 12 16 20 11 -6 -2 22 14 -14 24 -3 18 -10 -7 21 23 -1 -5 -13 -25 27 -15 -23 -8
right_child=2 7 5 4 10 19 29 -9 17 -11 -12 15 13 26 -16 -17 -18 -19 -20 -21 -22 28 -24 25 -26 -27 -28 -29 -30 -31
leaf_value=-0.062826387211680421 0.053337246099619998 -0.057105338110920646 0.03413216385543949 0.099115514676634445 0.26458367908542807 0.043808805644136306 -0.068490446387619558 -0.0891798084306102 0.02049194042758639 0.18394426570998298 0.062831040703697702 0.012669943732869549 0.013566950857847818 0.030757631305040736 -0.051906001427716932 -0.044899829022732436 -0.0095124987229649148 -0.0086059334521835749 0.16316844540320941 0.10630823540046375 -0.058616404150697327 0.095749471472894282 0.031399266390463358 0.013326605944460912 -0.047124364036445821 0.12967131295137935 -0.03424291286070872 -0.12759034205675127 0.26812140863874684 -0.017956592622012518
leaf_weight=70 350 715 1120 85 22 223 606 504 337 27 151 2006 670 33 219 255 468 3542 37 477 77 41 486 1041 150 36 552 125 23 238
leaf_count=70 350 715 1120 85 22 223 606 504 337 27 151 2006 670 33 219 255 468 3542 37 477 77 41 486 1041 150 36 552 125 23 238
internal_value=-0.000116165 -0.0129931 0.0280466 -0.00485234 0.00562206 0.0542343 -0.0236846 -0.0534848 0.00287523 0.0109513 0.0884874 0.00925963 -0.0117175 -0.022585 -0.00256193 0.00286097 -0.0382774 -0.00447886 0.034607 0.0863977 0.024977 0.0302272 0.0195363 0.0232065 0.00850986 0.0172156 -0.0476562 -0.0945177 0.157696 -0.0542404
internal_weight=14686 10078 4608 8391 5392 1820 2999 1687 5219 2788 173 2761 2155 1599 889 2411 1183 3916 374 700 1303 1226 556 1162 2156 1077 710 158 64 844
internal_count=14686 10078 4608 8391 5392 1820 2999 1687 5219 2788 173 2761 2155 1599 889 2411 1183 3916 374 700 1303 1226 556 1162 2156 1077 710 158 64 844
is_linear=0
shrinkage=0.05


Tree=39
num_leaves=31
num_cat=0
split_feature=0 9 5 1 3 3 17 4 6 17 3 14 17 4 3 5 1 8 9 17 5 16 3 9 16 3 14 1 1 18
split_gain=1929.26 1189.9 591.233 534.29 500.862 486.896 454.166 452.25 426.215 390.91 493.7 348.736 366.118 329.879 327.377 300.676 294.637 277.936 273.911 241.437 232.705 215.301 212.928 200.074 199.035 343.936 239.723 195.78 187.765 186.958
threshold=30.500000000000004 10315.369999999997 14.870000000000003 2.5000000000000004 10.048187250000003 23.338669000000007 15.880000000000001 590682.68000000017 17.674896 15.775 24.213379000000003 81.257500000000007 26.350000000000001 455.404965 21.755585000000004 15.585000000000003 1.5000000000000002 1.4012759999999995 -1076946.5499999998 20.6675 18.225000000000005 81.257500000000007 10.757034000000003 64516.524999999914 34.165000000000006 23.885086000000005 45.217500000000008 1.5000000000000002 2.5000000000000004 8.8850000000000033
decision_type=2 2 2 2 2 2 2 2 2 2 2 2 2 2 2 2 2 2 2 2 2 2 2 2 2 2 2 2 2 2
left_child=1 6 3 11 -3 19 9 8 15 18 -11 12 13 -2 -9 17 23 21 -1 -6 -18 -8 -5 -4 -14 -26 -27 -21 -20 -15
right_child=2 4 16 22 5 -7 7 14 -10 10 -12 -13 24 29 -16 -17 20 -19 28 27 -22 -23 -24 -25 25 26 -28 -29 -30 -31
leaf_value=0.14543007611199607 0.026357827982328275 0.016357487889570348 0.092010495490836397 0.033660920220803962 -0.025406280149442642 -0.023720535890832423 0.019660262173714697 -0.051797628521056599 -0.018679016581584749 0.0061476493626832964 0.35746647953987121 0.21146508259353816 -0.018551531351616947 0.072151513997641817 -0.0046199443930727913 0.076914888119653746 0.028727522715720318 -0.011718102895460412 0.03886492930318744 -0.048471938412449046 0.075244930045795633 0.17065005327264471 -0.011648428576656317 0.24582349061965944 0.014261360605137031 0.26818316429853439 0.042289184374005903 -0.095987961522323889 -0.0070975366746790823 0.17681562507835527
leaf_weight=43 594 309 137 309 231 909 1452 868 1843 20 20 27 416 384 638 170 820 1031 451 308 400 24 1612 25 380 24 23 732 438 48
leaf_count=43 594 309 137 309 231 909 1452 868 1843 20 20 27 416 384 638 170 820 1031 451 308 400 24 1612 25 380 24 23 732 438 48
internal_value=-0.000110357 -0.0135259 0.02437 0.0142243 -0.0432177 -0.0516621 -0.00296537 -0.00808112 -0.000174548 0.0287501 0.181807 0.033054 0.0304766 0.0505359 -0.0318113 0.012565 0.0523919 0.00820141 0.0221812 -0.0716455 0.0439791 0.0221154 -0.00436025 0.115747 0.00606278 0.030043 0.157639 -0.0819159 0.0162198 0.0837809
internal_weight=14686 9487 5199 3817 2489 2180 6998 6026 4520 972 40 1896 1869 1026 1506 2677 1382 2507 932 1271 1220 1476 1921 162 843 427 47 1040 889 432
internal_count=14686 9487 5199 3817 2489 2180 6998 6026 4520 972 40 1896 1869 1026 1506 2677 1382 2507 932 1271 1220 1476 1921 162 843 427 47 1040 889 432
is_linear=0
shrinkage=0.05


Tree=40
num_leaves=31
num_cat=0
split_feature=0 4 3 8 1 6 3 5 6 1 17 14 0 14 15 5 8 1 3 16 17 1 19 19 19 19 12 15 1 1
split_gain=1804.29 1366.57 755.85 669.642 616.979 520.117 494.42 428.256 387.773 331.568 361.649 333.837 328.835 291.709 278.304 266.801 266.328 263.24 251.683 235.704 257.017 249.422 235.383 228.808 320.614 226.123 206.697 195.738 185.733 224.918
threshold=28.500000000000004 590682.68000000017 23.158584500000003 2.0989985000000009 2.5000000000000004 28.156021500000005 10.183746250000002 18.225000000000005 17.115844500000005 3.5000000000000004 17.672500000000003 24.445000000000004 5.5000000000000009 81.257500000000007 33.865000000000009 9.4950000000000028 -0.3174894999999997 2.5000000000000004 15.044784500000002 41.535000000000004 15.005000000000001 2.5000000000000004 0.68500000000000061 -0.44999999999999923 -1.4624999999999992 -2.4624999999999981 12.045000000000002 31.980000000000008 1.0000000180025095e-35 3.5000000000000004
decision_type=2 2 2 2 2 2 2 2 2 2 2 2 2 2 2 2 2 2 2 2 2 2 2 2 2 2 2 2 2 2
left_child=1 8 6 4 5 13 -3 18 12 10 11 16 -1 15 19 -2 -4 -8 25 20 -14 -21 -7 24 -9 -6 -27 -20 -10 -30
right_child=3 2 9 -5 7 22 17 23 28 -11 -12 -13 14 -15 -16 -17 -18 -19 27 21 -22 -23 -24 -25 -26 26 -28 -29 29 -31
leaf_value=-0.010939653255716428 0.0126728037534466 0.0016343286601719837 0.095782221378387225 -0.01550106157732053 -0.033708553300399721 0.088473688383698679 -0.046752390044814927 0.060049930860598878 -0.045944017958027959 -0.038461926632682268 -0.0094850709774339931 0.018615198654569978 0.095491516566194534 0.19320775597326217 -0.014053398990884154 0.053103130274890303 0.30737310184165834 -0.086600572385281294 0.0073447354888398599 0.10954673184429881 0.015114227592053334 0.033348861514174787 0.19742036985562128 0.039539457146484568 0.24279923994094132 0.026368223372343732 0.091107829011700781 -0.030624570188413566 0.0086290322782588188 -0.023382830650771971
leaf_weight=949 639 288 58 983 116 183 734 60 367 575 535 127 109 31 380 1129 20 952 1202 182 1136 262 68 188 40 516 162 473 1088 1107
leaf_count=949 639 288 58 983 116 183 734 60 367 575 535 127 109 31 380 1129 20 952 1202 182 1136 262 68 188 40 516 162 473 1088 1107
internal_value=0.000390615 -0.0137827 -0.0393471 0.0221011 0.0297904 0.0505639 -0.0589105 0.0143441 0.00128555 -0.00997959 0.012152 0.0686193 0.0134298 0.0411566 0.0246075 0.0384906 0.150036 -0.0692527 0.0076137 0.0333057 0.0221513 0.0645831 0.117989 0.072043 0.13315 0.0308001 0.041837 -0.00337734 -0.0130202 -0.00751545
internal_weight=14659 8869 3289 5790 4807 2050 1974 2757 5580 1315 740 205 3018 1799 2069 1768 78 1686 2469 1689 1245 444 251 288 100 794 678 1675 2562 2195
internal_count=14659 8869 3289 5790 4807 2050 1974 2757 5580 1315 740 205 3018 1799 2069 1768 78 1686 2469 1689 1245 444 251 288 100 794 678 1675 2562 2195
is_linear=0
shrinkage=0.05


Tree=41
num_leaves=31
num_cat=0
split_feature=5 1 6 1 9 13 19 19 16 16 17 5 19 14 12 17 14 9 14 4 6 14 9 14 16 3 5 9 16 16
split_gain=1653.38 685.768 673.208 640.043 587.469 417.999 360.57 423.869 346.676 319.486 309.995 308.196 293.971 393.795 286.518 284.971 272.376 313.736 272.078 244.726 270.941 237.972 432.194 255.982 410.588 238.27 230.489 250.153 223.971 217.678
threshold=8.4350000000000005 3.5000000000000004 27.792511000000001 4.5000000000000009 -364831.21999999991 9.0050000000000008 -7.987499999999998 -7.0825000000000014 59.625000000000007 24.745000000000001 12.922500000000001 17.005000000000006 3.9975000000000027 40.285000000000004 10.205000000000002 16.790000000000003 24.445000000000004 -173665.07000000004 24.445000000000004 1094027.4000000001 24.413406500000004 43.465000000000011 140723.34999999989 60.27000000000001 63.13000000000001 14.477310000000001 7.6350000000000007 7907.1765000000023 21.580000000000002 37.662500000000009
decision_type=2 2 2 2 2 2 2 2 2 2 2 2 2 2 2 2 2 2 2 2 2 2 2 2 2 2 2 2 2 2
left_child=3 2 6 4 8 14 -2 -8 10 11 -1 -4 13 16 -3 -14 17 -9 -6 -20 -21 22 -15 -23 25 -25 27 29 -12 -5
right_child=1 5 9 26 18 -7 7 12 -10 -11 28 -13 15 21 -16 -17 -18 -19 19 20 -22 23 -24 24 -26 -27 -28 -29 -30 -31
leaf_value=0.20802483782172204 -0.012819134312754322 -0.025578558573321919 0.10061356484370887 -0.088040223931951378 0.018432779795084526 0.01975661438634 0.13822859777249846 0.23489149481590307 0.11085882991221603 0.053812229291405389 0.13521497159293203 0.26208068989694883 0.081334880753778496 0.071107459384185542 0.0071734512411005509 -0.048017979559508414 0.0048889961796004236 0.037989366046072663 -0.013052694415630754 -0.058049333217786631 -0.010794271254592881 0.020874618718616289 0.27686163753271104 0.24537024218134765 0.031608398850521871 0.099693834153788824 -0.028412854539810392 -0.11337602690700846 0.0015928068979201055 -0.02137358317608834
leaf_weight=20 694 1676 122 217 394 1566 83 21 107 330 33 39 52 171 1110 235 1558 552 1684 876 464 557 30 41 201 89 594 231 631 281
leaf_count=20 694 1676 122 217 394 1566 83 21 107 330 33 39 52 171 1110 235 1558 552 1684 876 464 557 30 41 201 89 594 231 631 281
internal_value=0.000371084 0.0134443 0.0265286 -0.0211978 -0.0116627 -0.000911828 0.0201728 0.0265506 0.0271676 0.0819838 0.0140755 0.139727 0.0239075 0.0282294 -0.0125295 -0.0245812 0.0157297 0.0452057 -0.0206489 -0.0257409 -0.0416864 0.0526893 0.101817 0.0415691 0.0763934 0.145638 -0.0515327 -0.0703711 0.00823367 -0.0504231
internal_weight=14659 9127 4775 5532 4209 4352 4284 3590 791 491 684 161 3507 3220 2786 287 2131 573 3418 3024 1340 1089 201 888 331 130 1323 729 664 498
internal_count=14659 9127 4775 5532 4209 4352 4284 3590 791 491 684 161 3507 3220 2786 287 2131 573 3418 3024 1340 1089 201 888 331 130 1323 729 664 498
is_linear=0
shrinkage=0.05


Tree=42
num_leaves=31
num_cat=0
split_feature=5 1 4 9 1 9 5 19 16 8 17 18 16 9 16 17 18 14 5 9 16 16 4 19 16 15 15 16 12 8
split_gain=1492.18 625.309 686.032 661.15 577.639 530.191 476.973 336.098 312.876 312.285 279.77 260.214 333.225 249.906 245.671 338.648 280.954 220.974 208.016 226.507 210.705 202.134 212.494 215.457 201.919 217.402 199.216 188.154 187.65 182.63
threshold=8.4350000000000005 2.5000000000000004 9030.8765000000021 202930.00000000003 4.5000000000000009 -364831.21999999991 14.870000000000003 -8.5824999999999996 59.625000000000007 -1.5276795000000012 12.922500000000001 4.2975000000000003 48.892500000000005 1305120.5000000002 41.120000000000012 21.797500000000003 8.8850000000000033 19.685000000000006 7.6350000000000007 32355.739999999976 37.662500000000009 21.580000000000002 375622.34000000003 -0.45999999999999813 54.190000000000005 29.640000000000004 15.005000000000001 42.720000000000006 19.305000000000003 -0.73139874999999932
decision_type=2 2 2 2 2 2 2 2 2 2 2 2 2 2 2 2 2 2 2 2 2 2 2 2 2 2 2 2 2 2
left_child=4 2 7 6 5 8 9 -2 10 17 -1 12 -7 14 15 16 26 -3 19 20 -6 -12 23 -23 25 -9 28 -16 -4 -24
right_child=1 3 13 -5 18 11 -8 24 -10 -11 21 -13 -14 -15 27 -17 -18 -19 -20 -21 -22 22 29 -25 -26 -27 -28 -29 -30 -31
leaf_value=0.19762359902262688 -0.024314565419437082 0.16689588005344075 0.094000505301214399 -0.042213378954558435 -0.085309974870941038 -0.0013085691178495763 0.037264941485948826 0.026088656938783573 0.10531588770072715 -0.0070025609621952763 0.12845422397508766 -0.040637279606303894 -0.048245190380580109 -0.04553435861106174 0.21047574135406719 0.023257116352266304 0.22159105624471392 0.021776197896803146 -0.026992211792731119 -0.10980414767508154 -0.02066799616581632 0.01562406535667833 0.022571852737729135 0.19014892335981132 0.071190303378743144 -0.025076774413927451 0.04928013275774127 0.091729480978595776 0.24179391050021404 -0.035097084814923039
leaf_weight=20 460 27 105 712 223 1918 1169 1249 107 3000 33 1029 471 52 41 431 35 922 594 216 290 48 249 28 199 249 270 179 27 306
leaf_count=20 460 27 105 712 223 1918 1169 1249 107 3000 33 1029 471 52 41 431 35 922 594 216 290 48 249 28 199 249 270 179 27 306
internal_value=0.00035253 0.0127721 0.0301752 0.00293018 -0.0201379 -0.0110796 0.00921041 0.0135942 0.0258092 0.000905586 0.0133717 -0.0196165 -0.0105623 0.0615482 0.0666661 0.0547046 0.0857204 0.025905 -0.0489561 -0.0668526 -0.0487677 0.00782198 0.00151317 0.0799227 0.0238701 0.0175839 0.0738909 0.113859 0.124231 -0.00922399
internal_weight=14659 9127 3297 5830 5532 4209 5118 2157 791 3949 684 3418 2389 1140 1088 868 437 949 1323 729 513 664 631 76 1697 1498 402 220 132 555
internal_count=14659 9127 3297 5830 5532 4209 5118 2157 791 3949 684 3418 2389 1140 1088 868 437 949 1323 729 513 664 631 76 1697 1498 402 220 132 555
is_linear=0
shrinkage=0.05


Tree=43
num_leaves=31
num_cat=0
split_feature=0 4 3 8 1 3 5 5 16 3 16 9 9 3 14 17 14 3 16 12 17 0 8 17 15 5 17 9 9 1
split_gain=1446.15 1101.18 623.576 580.285 495.016 423.834 361.105 351.833 306.169 286.621 321.458 280.976 262.914 246.026 229.089 246.344 227.227 221.231 217.208 214.405 207.964 225.57 217.318 201.817 244.751 201.709 195.143 191.093 190.823 239.964
threshold=28.500000000000004 590682.68000000017 22.796951000000004 2.0989985000000009 2.5000000000000004 11.124771000000001 17.315000000000001 18.225000000000005 50.577500000000008 13.949234000000002 46.535000000000004 -340160.89999999997 -134848.80499999996 28.454635500000006 19.207500000000007 14.267500000000002 81.257500000000007 8.6020965000000018 35.417500000000011 7.3550000000000013 15.005000000000001 11.500000000000002 1.91395585 15.775 18.195000000000004 25.290000000000003 26.350000000000001 -115016.20999999998 -1153098.0499999998 3.5000000000000004
decision_type=2 2 2 2 2 2 2 2 2 2 2 2 2 2 2 2 2 2 2 2 2 2 2 2 2 2 2 2 2 2
left_child=1 9 5 4 6 -3 14 17 28 10 20 18 -11 -8 -2 27 -17 -6 -7 -13 21 -1 -22 -9 -25 -26 -14 -16 29 -4
right_child=3 2 8 -5 7 11 13 23 -10 12 -12 19 26 -15 15 16 -18 -19 -20 -21 22 -23 -24 24 25 -27 -28 -29 -30 -31
leaf_value=0.014442176718642619 0.13637879977934061 -0.006259327544525988 0.17833634181456134 -0.015231883054343021 0.047939896620481988 -0.069767902818891933 0.083194682372479956 -0.0071041276574962675 -0.068757133034398399 0.037040005357754154 0.061029577414171955 -0.092917194320869298 -0.0024883246627098788 0.23835427032576667 0.24060291215777396 0.029095746155437686 0.17026203171960241 0.0015227622888622895 0.0061779945806304431 -0.048300154919834359 0.012341617332369848 0.1321891303879745 -0.029053706248669188 0.21269788532243933 0.0460377165198892 0.20161070079193452 -0.02838669576707354 0.075595548054711387 -0.0047150569775441589 -0.0095980214859758117
leaf_weight=106 60 382 33 983 291 170 88 72 186 297 327 760 1939 36 20 1674 29 2178 211 417 1257 66 424 34 158 24 1164 143 1095 35
leaf_count=106 60 382 33 983 291 170 88 72 186 297 327 760 1939 36 20 1674 29 2178 211 417 1257 66 424 34 158 24 1164 143 1095 35
internal_value=0.000334904 -0.0123541 -0.0353022 0.0197716 0.0269296 -0.0534568 0.0455369 0.0130939 -0.00919396 0.00117215 0.0153242 -0.065029 -0.00790179 0.128241 0.0402123 0.0371201 0.0314996 0.00699355 -0.0277086 -0.0771098 0.0072585 0.0596241 0.00190044 0.0653918 0.0895571 0.0665528 -0.0122033 0.0958419 0.000332056 0.0816054
internal_weight=14659 8869 3289 5790 4807 1940 2050 2757 1349 5580 2180 1558 3400 124 1926 1866 1703 2469 381 1177 1853 172 1681 288 216 182 3103 163 1163 68
internal_count=14659 8869 3289 5790 4807 1940 2050 2757 1349 5580 2180 1558 3400 124 1926 1866 1703 2469 381 1177 1853 172 1681 288 216 182 3103 163 1163 68
is_linear=0
shrinkage=0.05


Tree=44
num_leaves=31
num_cat=0
split_feature=0 4 3 8 12 3 4 6 0 16 9 15 3 6 16 17 6 17 14 14 12 4 6 3 15 9 7 17 5 0
split_gain=1305.15 993.815 562.777 523.707 447.554 382.919 366.948 303.351 281.48 276.317 240.709 230.151 211.257 267.651 209.024 224.418 217.566 199.339 200.5 191.741 191.133 182.793 317.275 181.632 179.487 178.534 173.302 172.895 166.221 163.279
threshold=28.500000000000004 590682.68000000017 22.796951000000004 2.0989985000000009 9.4150000000000009 10.183746250000002 9030.8765000000021 17.115844500000005 5.5000000000000009 50.577500000000008 -354322.47499999992 33.865000000000009 23.885086000000005 25.910095000000002 32.177500000000002 20.817500000000006 14.414078000000002 15.172500000000001 19.942500000000006 40.43 7.3550000000000013 2135617.6000000006 21.853057500000002 10.549316500000002 12.922500000000001 -654737.69999999995 509412.50000000006 13.050000000000002 13.135000000000003 12.500000000000002
decision_type=2 2 2 2 2 2 2 2 2 2 2 2 2 2 2 2 2 2 2 2 2 2 2 2 2 2 2 2 2 2
left_child=1 7 5 4 27 -3 -6 8 -1 21 19 14 23 -14 17 16 -16 -10 29 -7 -12 22 -4 -8 -24 -5 -9 -2 -17 -19
right_child=3 2 9 25 6 10 12 26 11 -11 20 -13 13 -15 15 28 -18 18 -20 -21 -22 -23 24 -25 -26 -27 -28 -29 -30 -31
leaf_value=-0.010691802132419862 0.14006895738840106 0.0024183902480419623 0.21266822278499606 0.13339028267189862 0.020995421008815861 -0.056267208282699703 0.096194452477770087 -0.015082141625408408 0.076149982411233302 -0.065319276267852916 -0.085149512172677494 -0.012961253419420438 0.19793223660777917 0.070208059037489098 0.051553604635192408 0.0231418517555614 0.16305936911218877 0.012249389901019944 -0.0047744191095229786 0.014860848306181902 -0.044660336666402747 -0.024145778210494271 0.11928002838976681 0.025690425231659337 0.0045675392337739913 -0.017541121155495523 0.036195854225201211 0.0078424113299757764 0.09126367643736652 0.16747482642531397
leaf_weight=949 25 288 20 20 1282 219 111 2385 108 186 811 380 44 605 107 549 74 36 676 167 455 461 36 516 646 963 177 2224 107 32
leaf_count=949 25 288 20 20 1282 219 111 2385 108 186 811 380 44 605 107 549 74 36 676 167 455 461 36 516 646 963 177 2224 107 32
internal_value=0.000318158 -0.0117364 -0.0335371 0.018783 0.0255831 -0.050784 0.0398885 0.00111354 0.0118548 -0.00873426 -0.060059 0.0221964 0.0588705 0.0788673 0.0301063 0.0478527 0.0971416 0.0126724 0.00345788 -0.0254942 -0.0705977 0.000315453 0.016379 0.038172 0.0106227 -0.0144703 -0.0115395 0.00931225 0.0342532 0.0852967
internal_weight=14659 8869 3289 5790 4807 1940 2558 5580 3018 1349 1652 2069 1276 649 1689 837 181 852 744 386 1266 1163 702 627 682 983 2562 2249 656 68
internal_count=14659 8869 3289 5790 4807 1940 2558 5580 3018 1349 1652 2069 1276 649 1689 837 181 852 744 386 1266 1163 702 627 682 983 2562 2249 656 68
is_linear=0
shrinkage=0.05


Tree=45
num_leaves=31
num_cat=0
split_feature=5 12 8 13 13 9 9 14 14 9 16 9 16 18 16 6 1 19 18 9 1 7 17 3 19 19 12 5 16 1
split_gain=1312.64 639.25 479.038 419.244 359.262 336.651 281.808 266.326 484.009 255.487 282.147 241.39 278.582 236.419 285.596 227.306 222.185 212.595 204.68 199.486 194.385 315.119 287.174 221.037 191.629 184.136 179.827 170.426 169.63 156.167
threshold=7.9050000000000011 9.9250000000000025 3.9680939999999993 1.0000000180025095e-35 9.2500000000000018 -354322.47499999992 -3213.511149999988 24.632500000000004 23.332500000000007 -267475.02500000002 60.27000000000001 1538128.5650000002 81.257500000000007 3.890000000000001 48.892500000000005 22.021896000000002 1.5000000000000002 3.1025000000000031 -1.8324999999999994 777176.33000000007 2.5000000000000004 3584.7935000000002 34.997500000000009 17.688675000000003 0.13750000000000109 -2.4624999999999981 8.2750000000000004 16.680000000000003 46.150000000000006 1.0000000180025095e-35
decision_type=2 2 2 2 2 2 2 2 2 2 2 2 2 2 2 2 2 2 2 2 2 2 2 2 2 2 2 2 2 2
left_child=3 4 6 5 9 15 7 8 -3 10 26 12 20 14 16 18 -7 -17 24 -11 21 29 -23 25 -1 -22 -2 -6 -26 -8
right_child=1 2 -4 -5 27 13 11 -9 -10 19 -12 -13 -14 -15 -16 17 -18 -19 -20 -21 23 22 -24 -25 28 -27 -28 -29 -30 -31
leaf_value=-0.0029793270028282688 -0.005377372599037175 0.067808658685003007 -0.032677526007110484 -0.050990440287766461 0.010133676236918531 0.024522683290272098 -0.0058883630459287978 0.037338346805118765 0.26685076033746874 -0.0096737740483030174 0.17976677694147636 -0.11723193329188131 0.15579400026263335 -0.045113522494185987 -0.048193576223389947 0.041616035210563965 -0.020396101214966572 0.19936580484112104 -0.030248166348750667 -0.053562184690087236 -0.036500320126219551 0.05275366471953076 0.17362846598981627 -0.010479086483426672 0.20689072559516017 0.03558503670983492 0.098130519041283559 0.050825511409736158 0.040240990498883501 0.031210853623228355
leaf_weight=97 177 175 354 1069 1468 536 414 599 37 3596 31 31 39 812 393 194 566 24 270 279 101 461 55 776 26 721 55 312 37 901
leaf_count=97 177 175 354 1069 1468 536 414 599 37 3596 31 31 39 812 393 194 566 24 270 279 101 461 55 776 26 721 55 312 37 901
internal_value=0.000149309 0.00939251 0.0232355 -0.0241577 -0.0015172 -0.0144507 0.0278279 0.0543843 0.102547 -0.00959705 0.0380918 0.0216726 0.0229143 -0.023395 -0.0115987 0.0173925 0.00145187 0.058983 -0.00369285 -0.0128337 0.0214029 0.0325244 0.0656376 0.00865989 0.0411193 0.0267278 0.0191611 0.0172662 0.109017 0.0195309
internal_weight=14606 10582 4664 4024 5918 2955 4310 811 212 4138 263 3499 3468 2307 1495 648 1102 218 430 3875 3429 1831 516 1598 160 822 232 1780 63 1315
internal_count=14606 10582 4664 4024 5918 2955 4310 811 212 4138 263 3499 3468 2307 1495 648 1102 218 430 3875 3429 1831 516 1598 160 822 232 1780 63 1315
is_linear=0
shrinkage=0.05


Tree=46
num_leaves=31
num_cat=0
split_feature=4 5 6 17 16 1 6 1 3 14 14 14 5 9 14 8 18 6 3 6 4 3 0 16 1 3 9 1 13 18
split_gain=1199.55 881.235 542.756 382.301 369.93 343.477 267.443 389.374 272.626 250.23 237.475 272.516 214.301 205.527 184.683 182.214 181.73 168.048 261.945 176.257 165.572 189.481 186.679 157.9 267.265 388.536 286.126 881.739 185.041 208.038
threshold=1908458.0500000003 13.005000000000001 28.085586500000005 26.350000000000001 81.257500000000007 2.5000000000000004 27.165604000000005 3.5000000000000004 11.476120000000002 83.822500000000005 30.605 33.522500000000008 25.290000000000003 -940183.15000000002 24.445000000000004 4.1968695000000018 -3.9749999999999992 17.115844500000005 24.964721500000007 13.728470000000003 754976.78000000014 24.659149500000002 25.500000000000004 41.120000000000012 2.5000000000000004 23.535812500000002 -1.0000000180025095e-35 1.5000000000000002 8.4550000000000018 -1.1999999999999991
decision_type=2 2 2 2 2 2 2 2 2 2 2 2 2 2 2 2 2 2 2 2 2 2 2 2 2 2 2 2 2 2
left_child=1 3 -2 6 9 16 8 13 10 23 14 -12 15 -8 -1 17 -3 19 -19 -7 -10 22 -22 28 25 26 27 -25 29 -5
right_child=2 5 -4 4 -6 12 7 -9 20 -11 11 -13 -14 -15 -16 -17 -18 18 -20 -21 21 -23 -24 24 -26 -27 -28 -29 -30 -31
leaf_value=0.026124684174798369 -0.055979136410272703 0.12588534547543093 0.0016947344859546921 0.0021991003437673361 0.096898020237684249 0.027278332871639627 0.16090708084936656 -0.018466502938033296 0.0014224024213802472 0.14248075711727143 0.11775104327983149 0.029550029274345524 0.13895186573389692 0.055785325080679772 -0.013173786579707629 -0.036177424296787747 0.050614851816703943 -0.025519004938151693 0.028342031617324993 0.087177527948003861 -0.06600244155641985 0.022328630676520606 -0.010349183356175944 0.0040023571089741923 -0.018969793858561755 0.14146405979990959 -0.017128948130994106 0.30391664581914107 0.0013008731391464072 -0.040262916022827611
leaf_weight=644 1261 91 603 359 75 564 56 176 3093 25 111 415 37 274 558 146 675 358 611 157 295 169 308 117 999 63 323 31 544 1468
leaf_count=644 1261 91 603 359 75 564 56 176 3093 25 111 415 37 274 558 146 675 358 611 157 295 169 308 117 999 63 323 31 544 1468
internal_value=0.000141844 0.00562231 -0.0373218 -0.00109803 -0.0131021 0.0313501 0.00678268 0.0415926 0.00363342 -0.0152019 0.0201429 0.0481628 0.0198144 0.0736242 0.0078813 0.0174135 0.0595569 0.0220432 0.00844291 0.0403216 -0.0037478 -0.0244621 -0.0375759 -0.0162117 -0.00370616 0.0248488 0.00925062 0.0668222 -0.0242973 -0.0319193
internal_weight=14606 12742 1864 10103 4004 2639 6099 506 5593 3929 1728 526 1873 330 1202 1836 766 1690 969 721 3865 772 603 3904 1533 534 471 148 2371 1827
internal_count=14606 12742 1864 10103 4004 2639 6099 506 5593 3929 1728 526 1873 330 1202 1836 766 1690 969 721 3865 772 603 3904 1533 534 471 148 2371 1827
is_linear=0
shrinkage=0.05


Tree=47
num_leaves=31
num_cat=0
split_feature=5 12 8 13 0 4 13 3 18 3 9 6 9 5 9 16 9 8 8 14 14 14 1 8 1 8 18 9 1 16
split_gain=1095.79 548.445 410.865 367.375 363.743 338.745 310.879 243.566 264.173 261.435 232.092 251.015 218.492 193.918 192.379 181.109 179.998 180.718 177.562 198.9 411.145 227.173 175.303 181.294 164.668 164.351 158.503 156.365 243.265 200.597
threshold=7.9050000000000011 9.9250000000000025 3.9680939999999993 1.0000000180025095e-35 26.500000000000004 1478533.8 12.035000000000002 27.180496000000002 -12.739999999999998 15.688782000000002 -307260.79999999999 24.933151500000005 1252783.0750000002 13.605000000000002 -874444.14999999967 45.502500000000005 1538128.5650000002 -0.58859249999999885 0.80783149999999992 24.445000000000004 23.332500000000007 25.592500000000005 1.5000000000000002 -0.68075550000000085 2.5000000000000004 0.41409349999999995 6.6449999999999969 -267475.02500000002 3.5000000000000004 56.867500000000007
decision_type=2 2 2 2 2 2 2 2 2 2 2 2 2 2 2 2 2 2 2 2 2 2 2 2 2 2 2 2 2 2
left_child=3 6 7 4 5 26 12 8 -3 13 11 -6 27 25 -11 -8 17 -16 19 20 24 -21 -15 -24 -9 -10 -1 28 29 -2
right_child=1 2 -4 -5 10 -7 15 18 9 14 -12 -13 -14 22 16 -17 -18 -19 -20 21 -22 -23 23 -25 -26 -27 -28 -29 -30 -31
leaf_value=0.0007307659739694064 0.054245924916497226 0.11584820906880876 -0.030379619452665631 -0.047192023333638623 0.033381408163058089 -0.04982709041649077 0.015090547072083425 0.18259914162067267 0.03459455029333771 0.15910302206873894 -0.0023692131297307593 0.16863684016393454 -0.062238397987728768 0.10943960824244939 -0.015953234288967558 0.074299252026847437 -0.12495195647632634 0.01754731544086446 0.0031494687005163059 -0.025130257172038758 0.30234531724452973 0.066560108254576408 0.094335033876873628 0.015276668060312255 0.035522138386387646 -0.0034915632801684779 -0.039939357699908529 -0.0059238769170074368 -0.012376190010722314 0.22196748540514993
leaf_weight=1043 118 71 354 1069 210 789 493 26 870 20 561 41 165 129 639 175 27 1088 146 83 25 363 107 225 71 420 311 4797 149 21
leaf_count=1043 118 71 354 1069 210 789 493 26 870 20 561 41 165 129 639 175 27 1088 146 83 25 363 107 225 71 420 311 4797 149 21
internal_value=0.000134751 0.00858003 0.0214022 -0.022074 -0.0129873 -0.0237856 -0.00152516 0.0256553 0.0203589 0.0184356 0.0155112 0.0554749 -0.00561293 0.0321414 0.0049074 0.0306018 0.00314918 0.00515192 0.05233 0.0649715 0.121543 0.0494967 0.0599757 0.0407563 0.0749448 0.0221944 -0.00861075 -0.00377553 0.0320079 0.0795852
internal_weight=14606 10582 4664 4024 2955 2143 5918 4310 3596 3525 812 251 5250 1751 1774 668 1754 1727 714 568 122 446 461 332 97 1290 1354 5085 288 139
internal_count=14606 10582 4664 4024 2955 2143 5918 4310 3596 3525 812 251 5250 1751 1774 668 1754 1727 714 568 122 446 461 332 97 1290 1354 5085 288 139
is_linear=0
shrinkage=0.05


Tree=48
num_leaves=31
num_cat=0
split_feature=4 0 0 6 4 15 3 15 6 8 16 14 0 0 15 16 14 17 16 1 17 15 12 16 3 8 18 3 3 12
split_gain=1001.5 701.811 494.454 472.41 471.828 420.569 408.827 359.415 283.061 271.913 273.042 280.188 270.783 263.765 261.824 285.981 233.021 326.171 224.493 195.769 186.934 184.654 184.476 179.83 173.212 170.47 157.475 289.109 198.622 192.123
threshold=1908458.0500000003 25.500000000000004 44.500000000000007 28.085586500000005 479150.01500000007 14.4275 22.528351000000004 14.350000000000003 17.115844500000005 4.0906070000000021 81.257500000000007 81.257500000000007 17.500000000000004 5.5000000000000009 32.370000000000012 30.807500000000005 20.387500000000006 13.887500000000001 54.190000000000005 1.0000000180025095e-35 18.195000000000004 13.050000000000002 7.5250000000000012 56.867500000000007 26.579483000000007 -0.24290450000000116 -2.1549999999999989 10.653717000000002 21.755585000000004 7.3350000000000009
decision_type=2 2 2 2 2 2 2 2 2 2 2 2 2 2 2 2 2 2 2 2 2 2 2 2 2 2 2 2 2 2
left_child=1 4 5 -2 8 7 12 -3 13 10 11 14 -6 -1 15 16 20 25 -15 -10 -7 -8 -14 -20 -19 -18 -17 -28 -29 -30
right_child=3 2 -4 -5 6 9 21 -9 19 -11 -12 -13 22 18 -16 26 17 24 23 -21 -22 -23 -24 -25 -26 -27 27 28 29 -31
leaf_value=-0.0087049646575136658 -0.051509750821576855 0.062517635200540739 -0.015229425735837458 0.0022969542192851208 -0.11122389866588572 0.018358084045422191 0.12773494396744103 0.25217376925327162 -0.044588574680059945 -0.027119571888220631 0.15064351053110192 0.18302655948532953 -0.054832911842472846 0.01660366875576922 -0.0054636324478908168 0.023889249927192508 0.22912803274534999 -0.015890275676582546 0.18905637694039831 -0.0046407428331857693 0.11966554041905904 -0.0014613115642113702 -0.010889226791914553 0.052527136165459148 0.026939756568244117 0.055331796624286236 0.15363140790028249 0.028543089833033605 0.0032171289582426351 0.092658875318610751
leaf_weight=974 1261 334 920 603 139 104 29 27 360 280 42 27 578 1694 739 820 21 823 27 2071 81 597 407 226 331 43 67 605 75 301
leaf_count=974 1261 334 920 603 139 104 29 27 360 280 42 27 578 1694 739 820 21 823 27 2071 81 597 407 226 331 43 67 605 75 301
internal_value=0.000128014 0.00513565 0.0183034 -0.0341034 -0.00532143 0.0248395 -0.0278592 0.0767024 0.00204798 0.0205443 0.0238162 0.0224967 -0.0458945 0.012538 0.0214158 0.0274886 0.0104294 0.00248795 0.023165 -0.0105565 0.0627143 0.00452382 -0.0366755 0.0670975 -0.00360541 0.112359 0.0403012 0.0531426 0.0462795 0.0748181
internal_weight=14606 12742 5640 1864 7102 4720 1750 361 5352 4359 4079 4037 1124 2921 4010 3271 1403 1218 1947 2431 185 626 985 253 1154 64 1868 1048 981 376
internal_count=14606 12742 5640 1864 7102 4720 1750 361 5352 4359 4079 4037 1124 2921 4010 3271 1403 1218 1947 2431 185 626 985 253 1154 64 1868 1048 981 376
is_linear=0
shrinkage=0.05


Tree=49
num_leaves=31
num_cat=0
split_feature=5 12 17 13 9 12 3 3 16 4 1 9 15 15 9 1 6 14 15 9 3 17 18 18 5 17 14 19 1 15
split_gain=908.222 450.469 336.616 292.025 283.385 268.472 264.434 275.633 304.402 301.377 229.288 418.691 311.886 215.118 195.362 228.912 179.24 169.742 169.38 198.785 165.304 164.128 162.949 220.303 441.768 201.737 198.347 298.666 161.691 150.4
threshold=7.9050000000000011 9.6150000000000002 14.1425 9.2500000000000018 -905210.44999999995 6.3150000000000004 27.180496000000002 9.9223480000000013 30.807500000000005 2379283.6000000006 2.5000000000000004 42813.400000000263 31.490000000000006 30.050000000000004 -278443.60000000003 3.5000000000000004 8.7963715000000011 35.320000000000007 15.775 -55890.299999999865 16.160598500000003 34.577500000000008 0.24000000000000024 -1.1399999999999986 15.325000000000001 17.845000000000002 51.217500000000008 0.68500000000000061 1.5000000000000002 22.192500000000006
decision_type=2 2 2 2 2 2 2 2 2 2 2 2 2 2 2 2 2 2 2 2 2 2 2 2 2 2 2 2 2 2
left_child=2 3 18 14 17 16 7 -3 -9 10 11 12 13 -10 15 -2 -6 21 -1 -20 -19 28 23 -8 -25 -24 27 -27 -4 -13
right_child=1 6 4 -5 5 -7 22 8 9 -11 -12 29 -14 -15 -16 -17 -18 20 19 -21 -22 -23 25 24 -26 26 -28 -29 -30 -31
leaf_value=0.0064923948881433421 0.08172968233665151 0.038736499374421064 0.096577955349799127 0.015112259356881194 0.033400877321470686 -0.01496325548857743 0.05379846162487021 -0.013172192437626715 0.031698100275860445 -0.13110715864282665 0.0035056420691598478 0.19803392167498426 -0.032039833806591665 0.13118679304607214 -0.012214807499529717 -0.01305267757252712 -0.046789404153518781 0.17547763302212671 0.20597129112907819 0.040727311758270775 0.028957853504976674 -0.15435027522700173 -0.022550116975668014 0.052989755493278307 0.3373826516622847 0.03085849385803896 -0.041974890527679873 0.15952422025877594 -0.031739220769791791 0.084320411393418906
leaf_weight=133 124 890 31 1780 73 1782 280 1162 687 33 965 41 191 59 3687 131 1534 21 28 52 231 21 143 36 22 138 46 67 118 100
leaf_count=133 124 890 31 1780 73 1782 280 1162 687 33 965 41 191 59 3687 131 1534 21 28 52 231 21 143 36 22 138 46 67 118 100
internal_value=0.000121613 0.00781018 -0.0200972 -0.00169724 -0.023516 -0.0283273 0.0190039 0.0140926 0.00731895 0.0187885 0.0212097 0.0370579 0.0249701 0.0395665 -0.00928752 0.0330376 -0.0431467 0.0151223 0.0410728 0.0985627 0.0411678 -0.0234863 0.0467004 0.0721705 0.160863 0.0248505 0.0518556 0.0729102 -0.00504236 0.117386
internal_weight=14606 10582 4024 5722 3811 3389 4860 4128 3238 2076 2043 1078 937 746 3942 255 1607 422 213 80 252 170 732 338 58 394 251 205 149 141
internal_count=14606 10582 4024 5722 3811 3389 4860 4128 3238 2076 2043 1078 937 746 3942 255 1607 422 213 80 252 170 732 338 58 394 251 205 149 141
is_linear=0
shrinkage=0.05


Tree=50
num_leaves=31
num_cat=0
split_feature=0 9 4 1 17 17 3 16 0 13 17 16 3 5 16 5 15 16 0 3 5 15 3 5 14 14 5 16 15 17
split_gain=808.706 573.263 538.206 346.517 309.16 554.189 706.741 300.536 267.098 261.185 264.701 277.583 256.525 291.137 255.492 237.944 209.722 202.528 204.677 197.858 195.068 233.29 189.042 180.76 171.845 385.63 292.551 195.255 203.174 164.597
threshold=32.500000000000007 16158.445000000067 7573.1570000000002 2.5000000000000004 15.880000000000001 15.775 24.213379000000003 81.257500000000007 34.500000000000007 15.120000000000003 34.352500000000013 33.810000000000009 7.1367340000000015 11.135000000000003 23.332500000000007 2.0800000000000005 18.592500000000005 81.257500000000007 46.500000000000007 11.124771000000001 19.335000000000004 19.997500000000002 8.6020965000000018 9.8750000000000018 46.150000000000006 56.867500000000007 8.8350000000000026 41.120000000000012 30.217500000000001 28.537500000000005
decision_type=2 2 2 2 2 2 2 2 2 2 2 2 2 2 2 2 2 2 2 2 2 2 2 2 2 2 2 2 2 2
left_child=1 4 17 15 5 -1 -7 9 16 10 11 19 13 -13 -5 -3 -4 18 22 -6 -10 -22 -2 -18 27 -26 -27 -17 -29 -14
right_child=2 3 8 14 7 6 -8 -9 20 -11 -12 12 29 -15 -16 24 23 -19 -20 -21 21 -23 -24 -25 25 26 -28 28 -30 -31
leaf_value=0.017477047722108282 0.04501683529520082 -0.063186840703532962 0.065806699060439636 0.010994345410631932 0.0075316050803274307 0.016013207752257588 0.41845751762390138 0.10012764211963206 0.04388564766582144 0.10943227098608505 -0.032495196570611395 0.032691301991964912 -0.0010876430019411978 0.249788789127184 -0.050013888735044025 0.0062332406423186663 0.039462926153550459 0.14828302962705495 -0.037443900569067205 -0.021504781484839586 0.020495493109261648 0.14058413323558247 0.001970089196569227 -0.025899215555407959 -0.083931391133109531 -0.0076068583875894547 0.1924198713004589 0.017971257492899895 0.17939121582678386 0.027651639471343643
leaf_weight=961 290 157 139 196 826 24 20 68 1044 49 844 47 1779 23 1379 649 159 24 288 2025 61 120 2116 316 147 68 25 44 35 692
leaf_count=961 290 157 139 196 826 24 20 68 1044 49 844 47 1779 23 1379 649 159 24 288 2025 61 120 2116 316 147 68 25 44 35 692
internal_value=0.000339239 -0.00757756 0.0178128 -0.0272831 -0.000346643 0.0254218 0.198942 -0.00442303 0.0387028 -0.00555421 -0.00645772 -0.00238213 0.00963465 0.104023 -0.0424218 -0.00608908 0.0117876 0.00367864 0.0023904 -0.0130923 0.0521934 0.100112 0.0071586 -0.0040201 0.00317161 -0.0335195 0.0461638 0.0152676 0.0894864 0.00696075
internal_weight=14615 10058 4557 2700 7358 1005 44 6353 1839 6285 6236 5392 2541 70 1575 1125 614 2718 2694 2851 1225 181 2406 475 968 240 93 728 79 2471
internal_count=14615 10058 4557 2700 7358 1005 44 6353 1839 6285 6236 5392 2541 70 1575 1125 614 2718 2694 2851 1225 181 2406 475 968 240 93 728 79 2471
is_linear=0
shrinkage=0.05


Tree=51
num_leaves=31
num_cat=0
split_feature=5 15 1 19 17 0 9 5 8 15 15 8 18 15 12 9 18 15 9 8 9 6 15 0 17 1 9 14 8 0
split_gain=735.655 408.699 381.224 426.595 268.652 253.33 327.407 231.114 224.087 216.346 396.34 288.48 213.036 203.033 469.195 198.675 195.964 195.142 194.236 193.028 185.599 183.4 180.126 170.392 163.075 161.857 279.102 153.61 148.548 148.08
threshold=12.395000000000001 30.342500000000005 1.5000000000000002 -8.4024999999999999 14.030000000000003 34.500000000000007 448.26445500000005 19.335000000000004 -1.4830170000000009 14.4275 14.030000000000003 -2.5485535000000001 4.2975000000000003 29.390000000000004 1.0000000180025095e-35 484778.34000000008 18.98 34.155000000000008 -1.0000000180025095e-35 -3.215789500000001 1202069.9500000002 18.767715500000005 19.997500000000002 10.500000000000002 20.6675 3.5000000000000004 -501603.70000000013 83.822500000000005 4.1968695000000018 28.500000000000004
decision_type=2 2 2 2 2 2 2 2 2 2 2 2 2 2 2 2 2 2 2 2 2 2 2 2 2 2 2 2 2 2
left_child=1 4 3 -2 25 6 9 28 15 10 -4 -11 13 19 -15 27 -10 -5 -16 23 -21 -18 -9 -6 -8 26 -1 -3 -7 -14
right_child=2 8 5 17 12 7 24 22 16 11 -12 -13 29 14 18 -17 21 -19 -20 20 -22 -23 -24 -25 -26 -27 -28 -29 -30 -31
leaf_value=0.20987244564294816 -0.011674486262102922 0.0048218320268880862 0.0066423614659617027 0.10124382010525651 -0.012184863974876212 0.023762528954342145 -0.0017525343741152735 0.012235195252227866 -0.032933414037183507 0.096956971792374239 0.29213372186291964 -0.0013525161226709368 -0.026046560273110742 -0.012271688843532254 0.19716722271160078 -0.096858306063546076 -0.003619259305890988 -0.0055450709004487312 0.069702724540340044 -0.0025952888910963979 -0.082911268897252546 0.14391021301070681 0.10911268605584545 0.042069160121913265 -0.057491993669669554 -0.015336900345907376 0.037815020615274531 0.10201048437844625 -0.051198747823280946 0.0042512029746891314
leaf_weight=25 150 535 31 337 212 1183 237 73 2103 86 20 564 1356 220 38 45 77 49 140 4909 73 29 140 456 294 133 412 44 70 574
leaf_count=25 150 535 31 337 212 1183 237 73 2103 86 20 564 1356 220 38 45 77 49 140 4909 73 29 140 456 294 133 412 44 70 574
internal_value=0.000322277 -0.00565753 0.0213663 0.0598811 -0.000202812 0.0137147 -0.00299832 0.02776 -0.022116 0.0194352 0.1186 0.0116546 -0.00257213 0.00204341 0.0365602 0.00434218 -0.02959 0.0876877 0.0969142 -0.000388044 -0.00377214 0.0367426 0.0759105 0.0248508 -0.0326139 0.0329593 0.0476581 0.0122075 0.0195747 -0.0170357
internal_weight=14615 11381 3234 536 8548 2698 1232 1466 2833 701 51 650 7978 6048 398 624 2209 386 178 5650 4982 106 213 668 531 570 437 579 1253 1930
internal_count=14615 11381 3234 536 8548 2698 1232 1466 2833 701 51 650 7978 6048 398 624 2209 386 178 5650 4982 106 213 668 531 570 437 579 1253 1930
is_linear=0
shrinkage=0.05


Tree=52
num_leaves=31
num_cat=0
split_feature=0 9 0 1 5 15 16 17 16 1 17 18 16 5 15 3 6 3 5 0 16 17 15 19 3 9 19 5 8 17
split_gain=672.634 494.985 475.64 296.793 266.036 256.963 247.25 272.499 221.874 215.342 240.098 489.827 244.632 211.076 172.152 170.548 244.339 157.068 155.411 146.877 145.966 257.024 265.381 433.418 200.575 185.59 181.698 159.328 147.033 240.908
threshold=32.500000000000007 16158.445000000067 42.500000000000007 2.5000000000000004 16.215000000000003 13.050000000000002 81.257500000000007 33.547500000000007 23.332500000000007 2.5000000000000004 21.515000000000004 8.8850000000000033 34.165000000000006 2.0800000000000005 20.982500000000005 24.964721500000007 26.985916500000005 11.957275500000002 25.290000000000003 14.500000000000002 32.177500000000002 15.880000000000001 14.1425 -1.4249999999999996 6.9126740000000009 -31246.544999999995 2.2449999999999997 0.015000000000000001 -1.4830170000000009 29.480000000000004
decision_type=2 2 2 2 2 2 2 2 2 2 2 2 2 2 2 2 2 2 2 2 2 2 2 2 2 2 2 2 2 2
left_child=1 4 9 13 5 19 7 20 -5 10 11 -2 -12 -3 -13 -14 -17 -8 -11 -1 21 22 -7 -24 26 -25 -22 -23 29 -26
right_child=2 3 -4 8 -6 6 17 -9 -10 18 12 14 15 -15 -16 16 -18 -19 -20 -21 24 27 23 25 28 -27 -28 -29 -30 -31
leaf_value=0.029582721800135315 0.054012059099712774 -0.059387740953143232 -0.0067957192839755917 0.010542785772716399 0.053707991408809254 -0.043176657513758501 0.2056650695346651 -0.027774135172822442 -0.046310222399029918 0.013968476451661044 -0.0012444351413287225 0.11943489650021429 0.040542475437668424 0.0031119752336752388 0.30558587290622574 0.26353286829861727 0.053116210227882543 0.0406351356500122 0.12351726937587515 0.1380627708023657 0.040405948708454771 -0.082476761180308014 0.23887305085857713 0.063079887684434663 0.011942094401240833 0.0045417447975320581 0.21373416753042315 -0.013479570524343879 0.00022524412532661564 0.092823117075121808
leaf_weight=97 402 157 1502 196 222 151 21 1038 1379 1709 400 23 402 968 27 22 37 46 33 46 54 87 24 195 432 443 21 2186 2178 117
leaf_count=97 402 157 1502 196 222 151 21 1038 1379 1709 400 23 402 968 27 22 37 46 33 46 54 87 24 195 432 443 21 2186 2178 117
internal_value=0.000306164 -0.00691394 0.016242 -0.0252248 -0.000194828 -0.00187174 -0.00322853 -0.00415324 -0.0392352 0.0275686 0.0428591 0.0723687 0.0273674 -0.00561021 0.219956 0.0521933 0.131577 0.0923609 0.0160437 0.0644784 1.09102e-05 -0.00749059 0.016637 0.0302802 0.00827274 0.0224335 0.0889378 -0.0161205 0.00605422 0.029179
internal_weight=14615 10058 4557 2700 7358 7136 6993 6926 1575 3055 1313 452 861 1125 50 461 59 67 1742 143 5888 3086 813 662 2802 638 75 2273 2727 549
internal_count=14615 10058 4557 2700 7358 7136 6993 6926 1575 3055 1313 452 861 1125 50 461 59 67 1742 143 5888 3086 813 662 2802 638 75 2273 2727 549
is_linear=0
shrinkage=0.05


Tree=53
num_leaves=31
num_cat=0
split_feature=4 3 5 3 0 1 3 14 14 14 14 14 9 3 8 14 14 17 17 18 5 14 17 1 6 0 4 0 17 19
split_gain=638.235 587.359 581.695 316.815 293.776 279.965 267.882 263.738 309.167 430.108 253.491 245.594 256.948 233.339 384.805 203.048 305.728 197.28 427.768 301.028 260.038 188.121 165.48 162.722 164.511 150.818 150.67 147.995 142.127 169.272
threshold=1023095.8250000001 23.338669000000007 14.610000000000001 11.4018405 19.500000000000004 3.5000000000000004 28.949890000000003 24.745000000000001 23.332500000000007 24.290000000000003 81.257500000000007 20.250000000000004 -223630.86899999998 14.043549000000002 0.44749449999999952 37.437500000000007 49.802500000000002 33.865000000000009 30.73 7.530000000000002 8.8350000000000026 32.145000000000003 26.350000000000001 1.5000000000000002 15.815261500000002 6.5000000000000009 727434.84500000009 11.500000000000002 20.342500000000005 0.75249999999999961
decision_type=2 2 2 2 2 2 2 2 2 2 2 2 2 2 2 2 2 2 2 2 2 2 2 2 2 2 2 2 2 2
left_child=2 3 10 -2 -5 7 23 8 -3 -10 11 27 -13 14 17 21 28 18 19 -14 -21 -9 -15 24 -4 -12 -8 -1 -17 -30
right_child=1 5 6 4 -6 -7 26 15 9 -11 25 12 13 22 -16 16 -18 -19 -20 20 -22 -23 -24 -25 -26 -27 -28 -29 29 -31
leaf_value=0.0061660666742427333 0.0048210063834364216 0.032964486480951356 0.11859380145524299 -0.1135107661324336 -0.036435579241154419 -0.018089436414141812 0.048636125182004081 0.01066234001599943 0.34604530044916004 0.066872776893747821 -0.023483954234556719 0.026805098787682127 0.018117284602881905 -0.0025531427292613462 -0.017758303996456292 -0.050905802819761453 -0.043225577187746077 -0.012297778213948288 0.14073872822450428 0.0062835355966817594 0.21502722211786218 -0.058306014275520436 -0.021150325464897354 0.024634287321441531 0.025191164140899974 0.12922330874888624 0.21873303127475083 0.071692573009497676 0.03962127447046121 0.123684162038126
leaf_weight=157 450 130 99 133 1755 718 23 302 22 37 22 771 1316 3038 935 24 86 344 82 25 37 147 1973 1374 90 61 30 191 136 107
leaf_count=157 450 130 99 133 1755 718 23 302 22 37 22 771 1316 3038 935 24 86 344 82 25 37 147 1973 1374 90 61 30 191 136 107
internal_value=0.000290855 -0.0165937 0.00675679 -0.0328794 -0.0418651 0.00568582 0.0343664 0.0229115 0.0760459 0.170971 0.00177274 0.000958802 -0.000722655 -0.00346122 0.00827366 0.0103898 0.0387636 0.0217658 0.0297918 0.0231897 0.130856 -0.0119175 -0.00987548 0.0306177 0.0741164 0.0887467 0.144917 0.0421303 0.0651721 0.0766366
internal_weight=14615 4047 10568 2338 1888 1709 1616 991 189 59 8952 8869 8521 7750 2739 802 353 1804 1460 1378 62 449 5011 1563 189 83 53 348 267 243
internal_count=14615 4047 10568 2338 1888 1709 1616 991 189 59 8952 8869 8521 7750 2739 802 353 1804 1460 1378 62 449 5011 1563 189 83 53 348 267 243
is_linear=0
shrinkage=0.05


Tree=54
num_leaves=31
num_cat=0
split_feature=0 9 3 1 5 3 14 0 9 14 14 19 17 16 3 1 3 19 12 9 13 16 5 1 15 17 14 9 1 9
split_gain=589.162 504.549 305.702 305.031 292.374 259.595 402.378 257.911 207.175 201.071 385.26 215.892 247.937 256.357 175.701 174.256 172.727 333.505 180.617 166.175 165.456 156.368 155.517 154.734 164.91 154.612 166.509 151.313 223.552 174.34
threshold=26.500000000000004 207603.35000000001 24.964721500000007 3.5000000000000004 7.535000000000001 15.365066500000003 41.535000000000004 40.500000000000007 -331870.40499999991 24.445000000000004 23.332500000000007 -11.0975 29.810000000000002 41.360000000000007 11.574844500000003 1.5000000000000002 6.5328368500000007 7.5400000000000009 10.665000000000001 -105540.75000000004 15.120000000000003 77.897500000000022 16.965000000000003 2.5000000000000004 30.050000000000004 21.145000000000007 28.407500000000002 -223630.86899999998 3.5000000000000004 -294864.9599999999
decision_type=2 2 2 2 2 2 2 2 2 2 2 2 2 2 2 2 2 2 2 2 2 2 2 2 2 2 2 2 2 2
left_child=1 4 5 7 -1 6 14 9 -7 10 -4 -11 13 15 25 22 17 18 -6 -12 21 27 -13 24 -8 26 -2 28 29 -18
right_child=2 -3 3 -5 16 8 23 -9 -10 11 19 12 -14 -15 -16 -17 20 -19 -20 -21 -22 -23 -24 -25 -26 -27 -28 -29 -30 -31
leaf_value=-0.021213192968889568 0.023145279983793961 -0.041417042562899201 0.064893141524620765 0.0058874693410033057 -0.0003503139066297519 0.027910765769478374 0.067499393862847118 0.0074453389532064184 -0.013113351398969575 0.20103211043910549 0.32936617770920629 0.055464070154374226 -0.068730904328379236 0.13822547518393052 -0.013432348527863822 0.0075721939768803835 0.048674312601350758 0.18550662397174167 0.065770081319839843 0.13230190176516773 0.088581907208643715 0.07117855570201452 0.20082584913820029 0.02725539247391659 0.17140738088257459 -0.0012800782990881191 0.091229283531047728 -0.0054187354493493555 -0.016454954908323893 0.194089971203357
leaf_weight=1822 366 1023 129 893 353 363 173 326 2022 22 23 230 47 73 655 242 146 32 146 20 51 72 20 172 49 432 119 4432 138 24
leaf_count=1822 366 1023 129 893 353 363 173 326 2022 22 23 230 47 73 655 242 146 32 146 20 51 72 20 172 49 432 119 4432 138 24
internal_value=0.000276313 -0.00855499 0.011688 0.0277362 -0.00389619 0.00421902 0.0176707 0.0449721 -0.00686943 0.0601504 0.108097 0.0471428 0.0416108 0.0507897 0.00634623 0.0378165 0.00195319 0.0290301 0.0189955 0.237708 -0.00100339 -0.00195286 0.067093 0.0628535 0.090434 0.0204738 0.0398504 -0.00306372 0.0308241 0.0692036
internal_weight=14615 8239 6376 2025 7216 4351 1966 1132 2385 806 172 634 612 565 1572 492 5394 531 499 43 4863 4812 250 394 222 917 485 4740 308 170
internal_count=14615 8239 6376 2025 7216 4351 1966 1132 2385 806 172 634 612 565 1572 492 5394 531 499 43 4863 4812 250 394 222 917 485 4740 308 170
is_linear=0
shrinkage=0.05


Tree=55
num_leaves=31
num_cat=0
split_feature=4 5 14 6 16 17 1 17 9 16 8 18 8 1 14 14 16 16 16 18 0 18 17 18 4 12 18 12 12 13
split_gain=672.687 413.843 337.65 267.65 219.29 219.469 214.21 209.607 215.335 208.661 201.423 442.643 228.965 195.093 187.463 188.592 174.476 168.754 210.447 210.572 301.898 177.178 167.422 155.644 153.184 245.609 173.671 149.685 141.737 129.961
threshold=1883932.0000000002 15.785000000000002 19.942500000000006 29.032333500000004 81.257500000000007 26.350000000000001 2.5000000000000004 14.267500000000002 -307260.79999999999 41.120000000000012 -1.6776274999999996 7.3400000000000025 0.1265870000000007 1.5000000000000002 48.017500000000005 39.357500000000009 24.537500000000005 18.242500000000003 33.742500000000007 8.8850000000000033 33.500000000000007 7.5000000000000009 27.697500000000002 -10.987500000000002 11617.586000000001 8.0750000000000011 1.867500000000007 19.580000000000002 12.995000000000003 8.2750000000000004
decision_type=2 2 2 2 2 2 2 2 2 2 2 2 2 2 2 2 2 2 2 2 2 2 2 2 2 2 2 2 2 2
left_child=1 2 28 16 5 6 7 8 -4 29 11 -11 22 -3 15 -14 -2 -9 -19 21 -21 -20 -12 27 26 -26 -17 -15 -1 -7
right_child=3 13 4 -5 -6 9 -8 17 -10 10 12 -13 14 23 -16 24 -18 18 19 20 -22 -23 -24 -25 25 -27 -28 -29 -30 -31
leaf_value=0.030729477492564206 0.0049042349514789923 0.087971922410883099 0.2103345749154687 0.0070618039536977989 0.075674817585588805 -0.026733598994758186 -0.0035406639591611224 0.09214268602430821 0.041328068321181993 0.0067002118049139109 -0.14428792571228358 0.15333323205574487 -0.009016877361709856 0.049226413429608908 -0.013447521129978567 -0.016208693653218521 -0.044475854905559095 -0.0057963140720808659 0.024240077437054742 0.029141502784058859 0.27532901287078859 -0.084757795160970636 -0.024456921787541285 0.015629198232819004 0.042365239376300268 0.17438080087304117 0.10064153561125631 0.19045609611840475 0.10556654657881995 -0.00068430128561739378
leaf_weight=335 207 131 20 426 92 1850 3939 60 327 222 31 67 179 176 446 103 1317 1307 847 33 20 39 488 993 95 56 46 21 78 646
leaf_count=335 207 131 20 426 92 1850 3939 60 327 222 31 67 179 176 446 103 1317 1307 847 33 20 39 488 993 95 56 46 21 78 646
internal_value=-0.000639845 0.00357487 0.000485947 -0.027975 -0.00119351 -0.00184704 0.00385636 0.014839 0.0510691 -0.0107373 0.00259163 0.0406947 -0.00503427 0.0300587 0.00987938 0.0315992 -0.0377687 0.00938717 0.00717643 0.0252333 0.122042 0.0194422 -0.0316145 0.0236834 0.0558335 0.0913247 0.0198659 0.0642814 0.0448634 -0.0199917
internal_weight=14597 12647 11326 1950 10913 10821 6592 2653 347 4229 1733 289 1444 1321 925 479 1524 2306 2246 939 53 886 519 1190 300 151 149 197 413 2496
internal_count=14597 12647 11326 1950 10913 10821 6592 2653 347 4229 1733 289 1444 1321 925 479 1524 2306 2246 939 53 886 519 1190 300 151 149 197 413 2496
is_linear=0
shrinkage=0.05


Tree=56
num_leaves=31
num_cat=0
split_feature=4 5 0 13 14 16 8 17 15 16 0 0 8 17 6 0 1 18 4 6 17 18 16 0 7 15 6 19 17 12
split_gain=614.345 422.402 398.678 230.369 230.325 225.612 223.865 185.649 181.696 254.43 169.35 158.711 195.72 156.323 153.368 147.588 139.573 144.243 132.727 132.317 157.269 156.524 169.154 150.442 144.377 147.759 145.538 123.572 125.4 114.125
threshold=965098.05000000016 15.785000000000002 26.500000000000004 1.0000000180025095e-35 20.250000000000004 81.257500000000007 1.7269135000000022 17.737500000000004 33.527500000000011 32.177500000000002 6.5000000000000009 12.500000000000002 -2.6286925000000001 18.785000000000004 28.085586500000005 4.5000000000000009 1.5000000000000002 -10.987500000000002 1892143.6500000001 18.337127500000005 20.817500000000006 4.0450000000000026 45.745000000000012 26.500000000000004 3584.7935000000002 25.495000000000001 22.484161500000003 -1.3299999999999981 15.775 19.580000000000002
decision_type=2 2 2 2 2 2 2 2 2 2 2 2 2 2 2 2 2 2 2 2 2 2 2 2 2 2 2 2 2 2
left_child=1 4 7 6 11 8 -4 27 9 13 -11 -1 -13 -6 -9 -7 -3 29 -5 20 21 22 -12 -21 -25 26 -26 28 -2 -18
right_child=2 16 3 18 5 15 -8 14 -10 10 19 12 -14 -15 -16 -17 17 -19 -20 23 -22 -23 -24 24 25 -27 -28 -29 -30 -31
leaf_value=0.0054106094264647084 0.0067695463575967929 0.084606134692579507 0.022818408026154875 -0.0049617002145939714 0.0049117533546091463 -0.030030494886450473 -0.026658991914621351 -0.044296100601158905 -0.016194753230831718 -0.0073884811482014647 0.060146415702722694 0.19394844983305251 0.051342593910640971 -0.016017409573806343 -0.0041865178348384274 0.12820134288880841 0.055637072613025279 0.020028259704999277 -0.051359859883491871 -0.01046487937444022 0.019179768270498464 0.13058311263254535 -0.036247557910558371 0.0027660103743393019 0.045497431095740566 0.020732217553957141 0.15622731449082494 -0.012980429233128997 0.14714070945405042 0.18283931244164708
leaf_weight=168 41 125 1016 354 1657 20 295 1539 1442 858 243 28 171 1933 282 56 149 833 273 669 1205 60 56 413 73 198 50 344 26 20
leaf_count=168 41 125 1016 354 1657 20 295 1539 1442 858 243 28 171 1933 282 56 149 833 273 669 1205 60 56 413 73 198 50 344 26 20
internal_value=-0.000607853 0.00587898 -0.016828 -0.000236627 0.00237571 0.00078081 0.011685 -0.031234 4.47454e-05 0.00320285 0.0121757 0.0411965 0.0714077 -0.00635735 -0.0380847 0.0865614 0.0347879 0.0285731 -0.0251638 0.0178333 0.027834 0.0568822 0.0420927 0.00668497 0.0223161 0.0474693 0.0905096 -0.000880919 0.0612419 0.0706906
internal_weight=14597 10427 4170 1938 9300 8933 1311 2232 8857 7415 3825 367 199 3590 1821 76 1127 1002 627 2967 1564 359 299 1403 734 321 123 411 67 169
internal_count=14597 10427 4170 1938 9300 8933 1311 2232 8857 7415 3825 367 199 3590 1821 76 1127 1002 627 2967 1564 359 299 1403 734 321 123 411 67 169
is_linear=0
shrinkage=0.05


Tree=57
num_leaves=31
num_cat=0
split_feature=4 0 0 4 3 6 0 0 6 1 8 16 16 13 0 3 16 3 14 4 16 9 8 7 13 12 8 18 17 12
split_gain=562.679 324.321 347.903 280.545 259.625 227.647 227.051 219.504 237.933 202.401 190.142 180.868 172.352 167.221 190.719 163.503 162.702 162.668 161.691 152.13 150.912 118.081 179.916 140.471 112.93 111.075 167.067 140.2 210.012 118.099
threshold=1883932.0000000002 26.500000000000004 45.500000000000007 333472.53000000009 22.528351000000004 29.032333500000004 17.500000000000004 8.5000000000000018 17.511337000000001 1.0000000180025095e-35 4.0906070000000021 59.625000000000007 62.547500000000007 0.070000000000000021 13.500000000000002 11.574844500000003 81.257500000000007 28.190140000000003 81.257500000000007 19.305785000000004 24.537500000000005 -821822.44999999984 -1.4345549999999994 1044940.2000000001 8.9350000000000005 7.3550000000000013 1.0124815 1.5075000000000005 28.920000000000005 8.7150000000000016
decision_type=2 2 2 2 2 2 2 2 2 2 2 2 2 2 2 2 2 2 2 2 2 2 2 2 2 2 2 2 2 2
left_child=1 3 10 7 6 20 -5 9 13 -1 16 15 -13 14 -9 -8 17 18 21 -15 -2 22 -3 -23 -11 26 27 28 -17 -27
right_child=5 2 -4 4 -6 -7 11 8 -10 24 -12 12 -14 19 -16 25 -18 -19 -20 -21 -22 23 -24 -25 -26 29 -28 -29 -30 -31
leaf_value=-0.04069108433522034 0.0050768720809424269 0.092370350529760628 -0.022920878275486781 -0.080513903267627362 0.0051399217802918559 0.0067348256793546505 -0.0031404219269128551 0.020113835707799541 -0.0053940738396358792 -0.0060226952645549307 -0.025167805644336579 0.14922886591476317 0.0028949894275244201 0.022792258118057535 0.065134643419034327 -0.10104638917270947 0.11714364223575796 0.048338785292580726 0.14211369198560717 -0.039886621004591394 -0.040847792196099561 0.016384227269149097 0.0071267374289445866 -0.010395265041118045 0.025840019892062128 0.0041946290694842387 -0.012567056725937187 -0.11608876884235322 0.026025310210112867 -0.066547881766337524
leaf_weight=386 207 119 619 206 711 426 363 586 968 2000 255 26 89 273 393 74 42 410 25 150 1317 3334 129 574 323 175 122 148 58 89
leaf_count=386 207 119 619 206 711 426 363 586 968 2000 255 26 89 273 393 74 42 410 25 150 1317 3334 129 574 323 175 122 148 58 89
internal_value=-0.00057746 0.00327725 0.0123943 -0.00375464 -0.0193133 -0.0255777 -0.032192 0.0025589 0.0136719 -0.00716346 0.0168665 -0.0234907 0.0359792 0.0268359 0.0381865 -0.030137 0.0191801 0.0182839 0.0153366 0.000565705 -0.03461 0.014574 0.0480299 0.0124509 -0.00159237 -0.0448513 -0.0613987 -0.0826754 -0.0452119 -0.0196542
internal_weight=14597 12647 5507 7140 2061 1950 1350 5079 2370 2709 4888 1144 115 1402 979 1029 4633 4591 4181 423 1524 4156 248 3908 2323 666 402 280 132 264
internal_count=14597 12647 5507 7140 2061 1950 1350 5079 2370 2709 4888 1144 115 1402 979 1029 4633 4591 4181 423 1524 4156 248 3908 2323 666 402 280 132 264
is_linear=0
shrinkage=0.05


Tree=58
num_leaves=31
num_cat=0
split_feature=4 5 0 4 14 1 6 1 1 4 18 17 18 0 3 14 3 15 4 3 0 3 3 5 4 12 17 14 14 6
split_gain=510.858 363.633 340.259 252.339 207.059 180.989 176.594 165.565 312.024 202.242 197.937 195.734 291.495 169.807 158.147 154.906 153.932 152.743 151.009 146.337 139 186.169 128.924 127.145 122.241 119.203 146.874 120.009 116.638 109.216
threshold=965098.05000000016 15.785000000000002 25.500000000000004 2448852.6500000004 20.250000000000004 4.5000000000000009 28.009628500000002 1.0000000180025095e-35 2.5000000000000004 1.0000000180025095e-35 -15.849999999999996 29.480000000000004 -0.11499999999999487 9.5000000000000018 28.949890000000003 41.890000000000008 24.448990000000006 26.745000000000005 795530.85000000021 9.6554720000000014 12.500000000000002 4.7374877000000009 5.3683013000000015 16.005000000000006 2701203.0000000005 7.8850000000000007 18.812500000000004 42.500000000000007 43.850000000000001 28.426101500000005
decision_type=2 2 2 2 2 2 2 2 2 2 2 2 2 2 2 2 2 2 2 2 2 2 2 2 2 2 2 2 2 2
left_child=1 4 16 5 20 6 23 13 9 10 -9 17 15 -6 -3 -13 19 -11 -16 -2 -1 -22 -12 -4 -18 26 -8 -27 -14 -26
right_child=2 14 3 -5 7 -7 25 8 -10 11 22 12 28 -15 18 -17 24 -19 -20 -21 21 -23 -24 -25 29 27 -28 -29 -30 -31
leaf_value=0.0054340414406310418 0.0051220560783584576 0.028504272314252052 0.012008459495620774 -0.032964904848633146 -0.044970725633677225 -0.018139689820678907 0.22494505241513255 0.12269992753345933 -0.004158715269067104 0.030774236674617039 0.10063071510590174 0.10045086908081145 -0.024622343993245591 -0.0044332532809754389 0.032579062883520409 0.24518309739129296 -0.0050521695117786737 -0.043393250578990232 0.22219605513271834 -0.048508070204762069 0.16069945682372366 0.042183860611158669 0.0022881937028295255 -0.058574601138631499 -0.13506183926947415 0.023245248742211885 0.05754708816346369 0.13694818901757783 0.072023243557762448 -0.027630823483205825
leaf_weight=168 145 1085 847 507 365 500 20 36 4941 705 34 51 54 884 21 29 658 77 21 1036 42 157 1683 69 35 216 38 26 74 73
leaf_count=168 145 1085 847 507 365 500 20 36 4941 705 34 51 54 884 21 29 658 77 21 1036 42 157 1683 69 35 216 38 26 74 73
internal_value=-0.000548587 0.00536671 -0.0153397 -0.00197311 0.00211627 0.00718356 0.0175961 0.000604066 0.00334844 0.0168712 0.00666838 0.0349373 0.0780453 -0.0162797 0.0321894 0.152916 -0.030601 0.0234713 0.127388 -0.0419235 0.0389241 0.0671972 0.00423557 0.00669161 -0.0131443 0.0508911 0.115271 0.0354613 0.0312509 -0.0624464
internal_weight=14597 10427 4170 2223 9300 1716 1216 8933 7684 2743 1753 990 208 1249 1127 80 1947 782 42 1181 367 199 1717 916 766 300 58 242 128 108
internal_count=14597 10427 4170 2223 9300 1716 1216 8933 7684 2743 1753 990 208 1249 1127 80 1947 782 42 1181 367 199 1717 916 766 300 58 242 128 108
is_linear=0
shrinkage=0.05


Tree=59
num_leaves=31
num_cat=0
split_feature=4 5 6 3 3 16 1 16 1 6 9 1 1 3 16 16 17 6 1 12 18 9 16 13 7 3 3 4 17 6
split_gain=464.38 291.516 194.801 183.07 194.343 174.12 173.386 189.461 203.873 152.306 142.251 136.194 183.552 135.874 144.711 205.405 184.585 131.509 131.074 171.287 233.476 194.802 129.473 129.316 133.41 117.359 114.951 105.764 105.458 99.6292
threshold=1883932.0000000002 9.6050000000000022 29.032333500000004 28.190140000000003 8.4622800000000016 81.257500000000007 5.5000000000000009 59.625000000000007 2.5000000000000004 27.280121000000005 -192623.84999999998 2.5000000000000004 1.0000000180025095e-35 22.205658000000003 54.190000000000005 55.145000000000003 37.045000000000009 26.193130500000002 3.5000000000000004 9.5050000000000008 -1.0824999999999994 -155446.70000000007 24.537500000000005 5.0050000000000008 1653374.4500000002 17.025939500000003 2.6135253500000002 965098.05000000016 12.922500000000001 3.0838165000000006
decision_type=2 2 2 2 2 2 2 2 2 2 2 2 2 2 2 2 2 2 2 2 2 2 2 2 2 2 2 2 2 2
left_child=1 6 22 4 26 11 7 9 10 29 -9 12 -6 14 16 -16 -14 -15 19 20 -11 -22 -2 24 -8 -7 -3 -13 -5 -1
right_child=2 3 -4 28 5 25 23 8 -10 18 -12 27 13 17 15 -17 -18 -19 -20 -21 21 -23 -24 -25 -26 -27 -28 -29 -30 -31
leaf_value=0.043097585889997639 0.0051717289650344833 0.12024263472789352 0.0066577378376234024 0.13767059662689765 -0.0066550966384229778 0.15164522045489515 -0.13621415493006891 0.14564655026306914 0.00069098371258574415 0.02060213980739059 0.043777732344205379 0.00040666061574154113 -0.0035890812584202301 0.088492954142777067 0.18123328960858859 0.031665678359615639 0.14736895880528861 0.027377201736401603 -0.033072766982082086 -0.011844372653535435 0.21036511487430998 0.022821714878082277 -0.037365980465838437 -0.01903320029970075 -0.025922015420530506 0.020216034975435053 0.026431037065107379 -0.029511288359521999 0.035549266317856952 -0.0075953973197322904
leaf_weight=99 207 34 426 27 662 33 52 49 221 69 114 3057 567 145 26 196 21 224 59 70 45 20 1317 593 58 35 825 327 397 4622
leaf_count=99 207 34 426 27 662 33 52 49 221 69 114 3057 567 145 26 196 21 224 59 70 45 20 1317 593 58 35 825 327 397 4622
internal_value=-0.000521158 0.0029807 -0.0232329 0.0102745 0.0080844 0.00450433 -0.00491987 -0.001862 0.0319793 -0.00446935 0.0744009 0.00346977 0.0144142 0.0262445 0.014788 0.0491826 0.00180228 0.0513929 0.0325628 0.0515456 0.0846598 0.152659 -0.0315882 -0.0282693 -0.0780601 0.0839978 0.0301442 -0.00248435 0.0420523 -0.00653236
internal_weight=14597 12647 1950 6576 6152 5293 6071 5368 384 4984 163 5225 1841 1179 810 222 588 369 263 204 134 65 1524 703 110 68 859 3384 424 4721
internal_count=14597 12647 1950 6576 6152 5293 6071 5368 384 4984 163 5225 1841 1179 810 222 588 369 263 204 134 65 1524 703 110 68 859 3384 424 4721
is_linear=0
shrinkage=0.05


Tree=60
num_leaves=31
num_cat=0
split_feature=4 3 9 3 16 6 17 13 8 9 17 16 15 6 6 15 7 4 8 9 14 1 1 17 12 19 17 19 16 18
split_gain=383.569 241.538 232.047 293.312 253.478 221.396 202.522 217.195 211.779 201.448 200.007 254.863 195.643 167.508 162.331 181.913 155.766 154.538 149.484 145.189 141.197 137.838 257.91 204.409 134.429 131.675 175.007 122.854 119.979 119.464
threshold=1908458.0500000003 26.895874000000003 -592433.90000000002 13.705368000000002 46.535000000000004 18.767715500000005 20.817500000000006 12.035000000000002 0.2070610000000013 34398.139999999919 18.812500000000004 33.990000000000002 29.810000000000002 16.483978000000004 26.717194000000003 19.720000000000002 890914.92000000004 2747903.2000000007 2.1483459999999988 -173665.07000000004 19.207500000000007 2.5000000000000004 1.5000000000000002 26.157500000000002 11.135000000000003 -0.57750000000000223 27.045000000000005 7.5400000000000009 22.352500000000003 -1.8324999999999994
decision_type=2 2 2 2 2 2 2 2 2 2 2 2 2 2 2 2 2 2 2 2 2 2 2 2 2 2 2 2 2 2
left_child=1 2 14 4 6 28 8 20 10 13 -4 24 25 18 15 -1 19 -7 -6 -5 -8 22 -17 -24 -12 -3 -27 -10 -2 -23
right_child=5 12 3 16 9 17 7 -9 27 -11 11 -13 -14 -15 -16 21 -18 -19 -20 -21 -22 29 23 -25 -26 26 -28 -29 -30 -31
leaf_value=-0.058300710693541646 0.028468142940225649 0.046347326936068925 0.020630185377308506 0.034774977035106049 0.037465668018313129 0.0021781233526955508 0.097282848396959415 0.07297559671512828 -0.0081250557708161322 -0.038117441705992967 0.02938288447844303 0.22254540262600553 -0.037499875204241653 0.1460683164547901 0.092335083433205178 0.015451560271460385 -0.028190971146833495 -0.036543979123234753 0.17879566058516505 -0.006733497831744587 -0.012122961292454167 0.032361316621685642 0.037846730058973141 0.178144906283003 0.12390300668776036 0.009260689770322815 0.11920864383052839 0.075476062836799224 -0.053157661378800548 -0.02666081880383632
leaf_weight=69 49 546 705 219 290 854 30 82 676 61 136 26 127 49 84 168 841 369 20 5538 1737 195 47 58 52 761 38 47 554 153
leaf_count=69 49 546 705 219 290 854 30 82 676 61 136 26 127 49 84 168 841 369 20 5538 1737 195 47 58 52 761 38 47 554 153
internal_value=-0.000296781 0.00277159 0.000286376 -0.00165959 0.00919007 -0.02173 0.00477491 -0.00657388 0.0175544 0.0458884 0.0334815 0.0758187 0.021821 0.0601624 0.0267078 0.0187184 -0.00809078 -0.009505 0.0465837 -0.00515449 -0.0102655 0.027276 0.053872 0.115345 0.0555267 0.0274223 0.0144898 -0.0026904 -0.0465247 0.00641193
internal_weight=14581 12755 11283 10509 3911 1826 3491 1849 1642 420 919 214 1472 359 774 690 6598 1223 310 5757 1767 621 273 105 188 1345 799 723 603 348
internal_count=14581 12755 11283 10509 3911 1826 3491 1849 1642 420 919 214 1472 359 774 690 6598 1223 310 5757 1767 621 273 105 188 1345 799 723 603 348
is_linear=0
shrinkage=0.05


Tree=61
num_leaves=31
num_cat=0
split_feature=0 4 0 4 8 6 0 14 15 0 13 13 12 14 17 8 12 15 16 14 15 4 4 16 16 6 5 17 19 16
split_gain=377.188 442.464 265.424 243.885 189.117 188.908 201.95 142.158 175.266 136.445 250.339 158.188 135.05 125.382 251.521 115.613 114.301 110.499 187.895 187.551 144.96 117.637 109.971 134.125 104.917 100.836 100.464 100.451 98.5323 300.416
threshold=26.500000000000004 505248.27000000008 44.500000000000007 2517313.3500000006 4.0906070000000021 22.626434000000003 17.500000000000004 37.437500000000007 14.4275 15.500000000000002 0.91000000000000003 8.9350000000000005 16.205000000000002 21.140000000000004 14.030000000000003 -6.6284332500000005 17.935000000000006 31.490000000000006 64.420000000000002 48.892500000000005 28.632500000000004 283852.4200000001 179443.30500000002 60.27000000000001 60.412500000000009 3.7109528000000003 21.450000000000006 37.045000000000009 9.4575000000000014 32.177500000000002
decision_type=2 2 2 2 2 2 2 2 2 2 2 2 2 2 2 2 2 2 2 2 2 2 2 2 2 2 2 2 2 2
left_child=1 9 3 4 7 6 -3 8 -2 11 22 16 13 -10 -15 -16 -1 19 -19 20 -9 -22 -11 -24 -7 -6 -14 -23 -13 -30
right_child=2 5 -4 -5 25 24 -8 17 12 10 -12 28 26 14 15 -17 -18 18 -20 -21 21 27 23 -25 -26 -27 -28 -29 29 -31
leaf_value=-0.0064173039639989996 0.043486901193706171 -0.09643192147097189 -0.016085158466339119 -0.027343297362050802 0.081157682800576808 -0.0055910901036342782 -0.029355107382765724 0.044980816217749069 0.048122327100449745 0.08437461179975024 -0.030171963616800437 0.012869590774784527 -0.030419514570976539 0.15360890575524033 0.060083588664217494 0.0027227596130340033 0.059422511707490959 -0.00195203590548521 0.084860996286281284 0.016455847246445787 0.047482843935316391 0.20582276803214811 0.016028592124415927 0.12607929252328412 -0.11347943345165773 -0.032761518751957874 0.071841508551285821 0.066741227693855765 -0.0047639198774882298 0.17273390976712111
leaf_weight=4086 370 121 917 351 21 1112 1545 611 208 122 154 564 315 29 92 1945 67 464 72 618 43 37 259 31 23 259 26 20 59 40
leaf_count=4086 370 121 917 351 21 1112 1545 611 208 122 154 564 315 29 92 1945 67 464 72 618 43 37 259 31 23 259 26 20 59 40
internal_value=-0.000281942 -0.00739279 0.00881279 0.0129783 0.0157372 -0.0235092 -0.0342268 0.0180439 0.0112775 0.000994802 0.0242175 -0.00173444 0.00672019 0.0111203 0.00739502 0.00531343 -0.00535512 0.0288736 0.00970942 0.0366027 0.0541144 0.10992 0.0445475 0.0277926 -0.00777737 -0.0242176 -0.0226225 0.157022 0.0209453 0.0669524
internal_weight=14581 8183 6398 5481 5130 2801 1666 4850 2985 5382 566 4816 2615 2274 2066 2037 4153 1865 536 1329 711 100 412 290 1135 280 341 57 663 99
internal_count=14581 8183 6398 5481 5130 2801 1666 4850 2985 5382 566 4816 2615 2274 2066 2037 4153 1865 536 1329 711 100 412 290 1135 280 341 57 663 99
is_linear=0
shrinkage=0.05


Tree=62
num_leaves=31
num_cat=0
split_feature=0 4 8 0 3 4 0 14 13 0 13 1 3 19 0 15 14 17 14 15 12 17 17 15 3 17 17 3 8 14
split_gain=340.413 399.324 243.507 214.162 196.329 190.047 161.461 144.189 126.304 131.616 225.931 128.805 124.291 118.447 118.437 153.563 165.273 145.449 180.251 210.746 120.699 118.131 236.271 116.677 187.06 214.9 161.102 159.595 122.28 113.693
threshold=26.500000000000004 505248.27000000008 4.0906070000000021 46.500000000000007 23.885086000000005 2517313.3500000006 17.500000000000004 81.257500000000007 15.005000000000001 15.500000000000002 0.91000000000000003 1.0000000180025095e-35 11.022613500000002 -11.419999999999996 42.500000000000007 14.4275 37.437500000000007 31.490000000000006 49.105000000000011 28.632500000000004 16.375000000000004 19.342500000000005 21.477500000000003 21.675000000000004 24.964721500000007 31.720000000000002 14.030000000000003 7.4524841000000004 -6.3225254999999985 42.835000000000008
decision_type=2 2 2 2 2 2 2 2 2 2 2 2 2 2 2 2 2 2 2 2 2 2 2 2 2 2 2 2 2 2
left_child=1 8 3 5 6 7 -3 14 9 11 -11 -1 -8 -14 15 -2 20 18 19 21 23 -18 29 24 27 26 -26 -17 -29 -23
right_child=2 4 -4 -5 -6 -7 12 -9 -10 10 -12 -13 13 -15 -16 16 17 -19 -20 -21 -22 22 -24 -25 25 -27 -28 28 -30 -31
leaf_value=-0.022645092383900195 0.050338299393679821 -0.086029963428865527 -0.031993760776946129 -0.03082023202331137 -0.0053430069855097215 -0.023569978096912574 -0.0018487780156877191 0.10232443241996969 0.080853807869158245 0.042320115886655754 -0.02866336520180687 0.00085672082730016582 0.037569432227679021 -0.038795821922623597 -0.00018838095529415588 0.07966668800167416 0.010530445431760014 0.0070652075984719192 0.015999806908510727 0.14982865133455822 -0.021895622005509333 0.10213692354326938 0.039542204810377402 0.00084220636968487827 0.1663640586733818 0.20778993601826104 0.033218731117214122 0.094691050965939799 -0.0078561286057586884 0.23456851059482214
leaf_weight=680 341 131 353 295 1058 337 348 47 49 412 154 4087 53 1211 1109 69 151 556 475 56 316 71 269 1138 25 22 249 31 467 21
leaf_count=680 341 131 353 295 1058 337 348 47 49 412 154 4087 53 1211 1109 69 151 556 475 56 316 71 269 1138 25 22 249 31 467 21
internal_value=-0.000267845 -0.00702315 0.00837215 0.0107293 -0.0223337 0.012861 -0.0326471 0.0151291 0.000945062 0.000210854 0.0230066 -0.00249575 -0.0283089 -0.0355938 0.0143654 0.0181568 0.0153545 0.0277193 0.0387296 0.0577377 0.00682131 0.0476653 0.0631981 0.0113563 0.0252208 0.057439 0.045367 0.00840143 -0.00147267 0.132366
internal_weight=14581 8183 6398 6045 2801 5750 1743 5413 5382 5333 566 4767 1612 1264 5366 4257 3916 1599 1043 568 2317 512 361 2001 863 296 274 567 498 92
internal_count=14581 8183 6398 6045 2801 5750 1743 5413 5382 5333 566 4767 1612 1264 5366 4257 3916 1599 1043 568 2317 512 361 2001 863 296 274 567 498 92
is_linear=0
shrinkage=0.05


Tree=63
num_leaves=31
num_cat=0
split_feature=4 0 0 6 9 3 1 9 19 1 0 3 5 1 16 3 0 19 4 16 16 6 3 3 6 13 5 19 8 19
split_gain=311.256 226.906 267.945 187.351 183.487 161.193 226.047 225.382 166.589 157.094 188.695 143.453 138.824 131.002 129.268 129.075 125.277 144.531 124.635 123.615 117.675 114.534 106.212 102.753 114.132 101 100.946 100.236 112.629 133.348
threshold=1908458.0500000003 25.500000000000004 42.500000000000007 18.767715500000005 265190.60000000009 23.885086000000005 3.5000000000000004 3522.3800000000006 -3.4350000000000018 5.5000000000000009 12.500000000000002 6.5328368500000007 8.2750000000000004 1.0000000180025095e-35 59.625000000000007 11.476120000000002 12.500000000000002 2.7200000000000011 2747903.2000000007 32.090000000000011 57.615000000000009 26.424957500000005 15.365066500000003 19.827545000000004 11.418304500000001 12.705000000000002 16.965000000000003 0.72000000000000253 -1.1545409999999998 0.067500000000002572
decision_type=2 2 2 2 2 2 2 2 2 2 2 2 2 2 2 2 2 2 2 2 2 2 2 2 2 2 2 2 2 2
left_child=1 4 5 22 9 14 7 12 21 11 -11 16 -7 -13 15 -3 17 -1 -5 -17 26 -9 -2 24 -12 -15 27 28 29 -21
right_child=3 2 -4 18 -6 6 -8 8 -10 10 23 13 -14 25 -16 19 -18 -19 -20 20 -22 -23 -24 -25 -26 -27 -28 -29 -30 -31
leaf_value=-0.012458089394987418 -0.019832413820217235 0.025308636279859038 -0.0081467207726336806 0.0021760341404491175 -0.035818469699929682 0.12596129942181949 0.0081831174794306221 0.25309998548549156 0.065451121966551701 -0.0021974210076501593 -0.03000115803636921 -0.018511631006948911 0.025417057193811793 0.0019251160366786956 0.040047138658185683 -0.017396142862807776 0.063813023313742848 0.069734174577428754 -0.032598479524845396 0.027863715098494182 -0.084063426789009216 0.11026071986804407 -0.061908554589561827 -0.017353573086772375 -0.10328078112729333 0.066712651294121725 0.056188274029156438 -0.013445980547262433 0.0042934761043301132 0.12319987009851384
leaf_weight=208 280 656 1507 854 413 37 589 23 137 562 96 860 476 4348 316 686 163 72 369 181 33 36 323 157 119 61 115 388 470 46
leaf_count=208 280 656 1507 854 413 37 589 23 137 562 96 860 476 4348 316 686 163 72 369 181 33 36 323 157 119 61 115 388 470 46
internal_value=-0.000254453 0.00250959 0.00993362 -0.0195619 -0.00348095 0.0164381 0.0310758 0.0500939 0.0957015 -0.00147141 -0.0204818 0.00163708 0.0326688 -0.000660491 0.00986599 0.00616221 0.0289641 0.00867706 -0.00831603 -0.000382895 0.00908271 0.165944 -0.0423707 -0.0481049 -0.0705606 0.00282147 0.0116442 0.00692297 0.0182618 0.0471829
internal_weight=14581 12755 5696 1826 7059 4189 1298 709 196 6646 934 5712 513 5269 2891 2575 443 280 1223 1919 1233 59 603 372 215 4409 1200 1085 697 227
internal_count=14581 12755 5696 1826 7059 4189 1298 709 196 6646 934 5712 513 5269 2891 2575 443 280 1223 1919 1233 59 603 372 215 4409 1200 1085 697 227
is_linear=0
shrinkage=0.05


Tree=64
num_leaves=31
num_cat=0
split_feature=0 4 8 0 3 4 0 14 9 3 8 18 12 19 4 3 15 14 3 3 14 18 15 16 1 14 16 14 14 18
split_gain=284.022 337.882 211.659 185.984 169.01 154.325 144.362 128.286 117.196 124.402 113.265 123.405 152.226 152.751 108.954 108.738 108.025 139.241 146.467 140.18 130.355 123.983 136.821 124.845 107.314 126.631 106.474 104.095 113.768 106.929
threshold=26.500000000000004 505248.27000000008 4.0906070000000021 46.500000000000007 23.885086000000005 2517313.3500000006 17.500000000000004 81.257500000000007 -285393.95000000001 14.115570000000002 4.4141236500000014 15.159999999999998 13.135000000000003 10.42 1546777.6000000003 9.6554720000000014 32.370000000000012 37.437500000000007 29.112502500000002 15.365066500000003 48.892500000000005 1.7850000000000039 13.887500000000001 22.780000000000005 2.5000000000000004 24.992500000000003 19.685000000000006 54.090000000000011 65.377500000000012 9.6375000000000046
decision_type=2 2 2 2 2 2 2 2 2 2 2 2 2 2 2 2 2 2 2 2 2 2 2 2 2 2 2 2 2 2
left_child=1 8 3 5 6 7 -3 16 -1 10 11 12 13 27 -6 -8 17 21 19 -19 -21 23 -23 -2 -17 -26 -4 29 -29 -10
right_child=2 4 26 -5 14 -7 15 -9 9 -11 -12 -13 -14 -15 -16 24 -18 18 -20 20 -22 22 -24 -25 25 -27 -28 28 -30 -31
leaf_value=0.036322996007220353 0.045502924520572779 -0.080541839862761325 0.082066577449440958 -0.02887188422387087 0.015162004037563102 -0.020994621256051324 0.0058697134306978276 0.096124803895091135 0.0015620891399671941 -0.007070469900553049 -0.032268560295685748 -0.052232109461328946 0.053549509234726435 0.12302942245170988 -0.017672960131444392 -0.015236265052192133 -0.0026242566027742053 0.056849258671768689 0.090656265490170987 0.032821904238512348 -0.0013285228634217325 0.05346416760729078 -0.013577836919763284 0.011403247050332093 -0.12121148160183613 -0.038207115006360523 -0.036713190109947245 0.096222310863209495 0.0053396661190264344 0.10020267980372799
leaf_weight=224 314 131 20 295 417 337 230 47 1463 3052 156 72 220 29 641 595 902 275 90 604 520 85 727 1849 49 738 333 66 72 28
leaf_count=224 314 131 20 295 417 337 230 47 1463 3052 156 72 220 29 641 595 902 275 90 604 520 85 727 1849 49 738 333 66 72 28
internal_value=-0.00024173 -0.0064122 0.00765025 0.00984789 -0.0204957 0.0118344 -0.0300647 0.0138782 0.00091742 -0.000620162 0.00872758 0.0120073 0.0144701 0.00928468 -0.00473139 -0.0259626 0.0131578 0.0163468 0.0288289 0.0248514 0.0170228 0.0100995 -0.00655989 0.0163535 -0.0312603 -0.0433751 -0.0299835 0.00725975 0.0488053 0.00341449
internal_weight=14581 8183 6398 6045 2801 5750 1743 5413 5382 5158 2106 1950 1878 1658 1058 1612 5366 4464 1489 1399 1124 2975 812 2163 1382 787 353 1629 138 1491
internal_count=14581 8183 6398 6045 2801 5750 1743 5413 5382 5158 2106 1950 1878 1658 1058 1612 5366 4464 1489 1399 1124 2975 812 2163 1382 787 353 1629 138 1491
is_linear=0
shrinkage=0.05


Tree=65
num_leaves=31
num_cat=0
split_feature=5 3 3 15 1 14 14 14 9 1 16 9 9 4 15 9 16 17 15 4 9 3 3 14 14 12 0 15 3 0
split_gain=283.472 202.191 200.076 193.61 173.069 235.422 176.75 389.199 150.852 148.549 333.723 182.182 154.472 154.314 154.1 231.936 144.98 139.61 134.21 131.857 175.637 150.912 129.732 143.836 202.857 126.951 120.27 114.1 110.517 101.015
threshold=7.6950000000000012 26.730636500000003 9.6554720000000014 29.810000000000002 3.5000000000000004 42.835000000000008 24.445000000000004 23.290000000000003 -487255.29999999999 2.5000000000000004 49.802500000000002 265190.60000000009 -173665.07000000004 2745.3884000000003 28.762500000000006 404446.65000000002 18.242500000000003 21.797500000000003 29.810000000000002 1952618.3000000003 42813.400000000263 18.856491000000002 2.6135253500000002 30.605 32.177500000000002 6.0050000000000008 34.500000000000007 33.915000000000006 11.205078000000002 12.500000000000002
decision_type=2 2 2 2 2 2 2 2 2 2 2 2 2 2 2 2 2 2 2 2 2 2 2 2 2 2 2 2 2 2
left_child=8 2 22 4 5 6 7 -3 -1 10 13 -11 -12 -4 17 18 -10 -15 -16 20 -14 -22 -2 29 -25 28 -13 -26 -18 -24
right_child=1 3 9 -5 -6 -7 -8 -9 16 11 12 26 19 14 15 -17 25 -19 -20 -21 21 -23 23 24 27 -27 -28 -29 -30 -31
leaf_value=0.0080555749956582653 0.089303001909163501 0.041200852436610522 -0.0095445567767687006 -0.03192267224963178 0.0066253408565350421 0.13824161642364094 0.018823487788204321 0.21611480201153377 0.060611556701619052 -0.0044758940950530577 0.1566704654765706 -0.043008604316825655 0.033656741164399893 0.030732510774178764 0.13154227867722512 0.1642551379557699 0.01774604690946498 -0.013537952106271407 0.0030931702802179878 -0.081237603511129117 0.22937649854499365 0.046203137212432924 -0.013301081774941917 0.12471350838119787 0.041900068120559276 -0.0092227239465719115 0.041601960632302197 -0.011434380095159066 -0.035653127053272539 0.015260746872588875
leaf_weight=725 58 195 1606 168 756 56 636 38 58 4106 31 483 290 321 25 40 106 400 109 21 23 22 493 57 311 1443 46 148 1128 832
leaf_count=725 58 195 1606 168 756 56 636 38 58 4106 31 483 290 321 25 40 106 400 109 21 23 22 493 57 311 1443 46 148 1128 832
internal_value=0.00029644 0.0041394 0.00117274 0.0192567 0.0243715 0.0388755 0.0324721 0.0697276 -0.012222 -0.00248794 0.00641298 -0.00803398 0.0496211 -0.000272965 0.0163641 0.0585972 -0.0175973 0.00617192 0.0270576 0.0402994 0.0479182 0.139825 0.0156748 0.0133551 0.0357506 -0.0192918 -0.0356512 0.0247029 -0.0310662 0.00463359
internal_weight=14731 11271 9422 1849 1681 925 869 233 3460 7523 2888 4635 387 2501 895 174 2735 721 134 356 335 45 1899 1841 516 2677 529 459 1234 1325
internal_count=14731 11271 9422 1849 1681 925 869 233 3460 7523 2888 4635 387 2501 895 174 2735 721 134 356 335 45 1899 1841 516 2677 529 459 1234 1325
is_linear=0
shrinkage=0.05


Tree=66
num_leaves=31
num_cat=0
split_feature=5 3 3 15 1 14 14 14 1 16 9 7 4 8 6 9 12 16 13 16 3 0 16 14 16 17 13 17 18 6
split_gain=255.833 182.477 181.249 174.733 156.194 212.468 159.517 351.252 153.434 323.046 163.704 155.225 141.228 141.468 138.071 154.314 154.013 125.445 119.319 119.597 110.355 105.617 105.01 183.482 99.2305 157.448 403.417 98.984 117.527 103.432
threshold=7.6950000000000012 26.730636500000003 8.6020965000000018 29.810000000000002 3.5000000000000004 42.835000000000008 24.445000000000004 23.290000000000003 2.5000000000000004 49.802500000000002 265190.60000000009 19.305785000000004 1952618.3000000003 -3.0364684999999993 6.8278655000000006 -487255.29999999999 6.0050000000000008 64.94250000000001 14.255000000000001 32.177500000000002 2.6135253500000002 34.500000000000007 41.120000000000012 44.397500000000001 30.605 32.202500000000008 9.5450000000000017 21.797500000000003 8.8850000000000033 20.227219000000002
decision_type=2 2 2 2 2 2 2 2 2 2 2 2 2 2 2 2 2 2 2 2 2 2 2 2 2 2 2 2 2 2
left_child=14 2 20 4 5 6 7 -3 9 11 18 -4 13 -11 -1 -16 -17 -15 -10 -20 -2 -12 27 -24 -22 26 -26 28 -13 -29
right_child=1 3 8 -5 -6 -7 -8 -9 10 12 21 22 -14 17 15 16 -18 -19 19 -21 24 -23 23 -25 25 -27 -28 29 -30 -31
leaf_value=0.042998440127952828 0.084837851949549958 0.039140810400056542 -0.0089555900646340024 -0.030326538674888159 0.0062940738183291005 0.13132953494787217 0.017882313278050503 0.20530905660830046 -0.0058313404243962039 0.13014580116353253 -0.039603557543465374 0.021067806895221138 -0.07717572280338833 0.064137863851339058 0.0071615180006849915 -0.032368318334187837 -0.0080668578520989211 -0.0037797236793712546 -0.049248877435809739 0.056491029553498467 0.0052531545546185623 0.039521862663652589 0.094550846982747322 -0.01492747427114556 0.040283527528773996 -0.0014925507681996183 0.26845026441982817 0.0087297534341368634 0.13540254843731722 -0.040988035982296077
leaf_weight=112 58 195 1645 168 756 56 636 38 4129 55 507 354 21 222 715 1188 1445 98 33 141 952 46 100 62 250 189 21 369 24 146
leaf_count=112 58 195 1645 168 756 56 636 38 4129 55 507 354 21 222 715 1188 1445 98 33 141 952 46 100 62 250 189 21 369 24 146
internal_value=0.000281618 0.00393243 0.00111411 0.0182938 0.023153 0.0369317 0.0308485 0.0662412 -0.00186755 0.0068307 -0.00741322 0.000645306 0.0490038 0.0560699 -0.0116109 -0.0134378 -0.0190316 0.0433381 -0.00412214 0.0364369 0.0172434 -0.0330217 0.0156154 0.0526517 0.0144669 0.0335353 0.0579643 0.00889663 0.0283272 -0.005365
internal_weight=14731 11271 9422 1849 1681 925 869 233 7952 3096 4856 2700 396 375 3460 3348 2633 320 4303 174 1470 553 1055 162 1412 460 271 893 378 515
internal_count=14731 11271 9422 1849 1681 925 869 233 7952 3096 4856 2700 396 375 3460 3348 2633 320 4303 174 1470 553 1055 162 1412 460 271 893 378 515
is_linear=0
shrinkage=0.05


Tree=67
num_leaves=31
num_cat=0
split_feature=0 4 3 8 0 0 6 4 14 0 4 12 12 14 15 16 14 14 4 18 12 8 14 17 3 1 18 14 4 17
split_gain=237.343 267.774 172.196 163.403 147.324 140.744 177.913 131.963 122.412 122.167 119.544 114.701 114.273 112.994 151.459 109.11 153.19 279.518 265.582 161.329 103.83 112.092 99.0243 97.5859 96.822 93.8387 89.5649 155.169 107.63 87.8742
threshold=26.500000000000004 228110.02000000002 22.528351000000004 4.0906070000000021 45.500000000000007 5.5000000000000009 17.115844500000005 2448852.6500000004 55.745000000000012 17.500000000000004 437452.15500000009 14.025 4.3050000000000006 83.822500000000005 32.370000000000012 32.177500000000002 24.445000000000004 23.332500000000007 1009864.1800000002 1.5900000000000001 18.085000000000004 5.6624755000000002 37.437500000000007 12.922500000000001 5.8565368500000003 1.0000000180025095e-35 3.6474999999999995 41.360000000000007 2149393.1000000006 17.737500000000004
decision_type=2 2 2 2 2 2 2 2 2 2 2 2 2 2 2 2 2 2 2 2 2 2 2 2 2 2 2 2 2 2
left_child=1 5 9 4 7 25 20 13 22 12 -11 -8 -3 14 15 16 17 19 -19 -2 21 -7 29 -18 -12 -1 27 28 -24 -4
right_child=3 2 8 -5 -6 6 11 -9 -10 10 24 -13 -14 -15 -16 -17 23 18 -20 -21 -22 -23 26 -25 -26 -27 -28 -29 -30 -31
leaf_value=-0.036823530599089847 0.029223657807698023 -0.094401960453728076 0.011824301633212382 -0.026301784709900907 -0.014603205497280279 0.019854843288817588 -0.0031811779525955522 -0.016184071948300512 -0.067970149484736953 0.037424947846392616 0.041452885360922669 -0.10922163766450609 -0.028872802942537537 0.10624707824635236 -0.00582148478761508 0.025571474559546916 0.070065730278535437 0.062206875899669216 0.26836566041622845 -0.033276259047852363 0.089834391325712207 -0.035191948578350861 0.14094664679383331 -0.0024479906839406408 -0.026043524276645125 -0.0043859481855988139 -0.00086340045686634668 0.0089631259591052576 0.013320620295902095 -0.02058226929532514
leaf_weight=260 534 116 335 339 580 1642 1330 389 68 84 55 26 156 33 851 2052 48 61 21 128 50 98 53 1389 1564 1565 211 112 24 557
leaf_count=260 534 116 335 339 580 1642 1330 389 68 84 55 26 156 33 851 2052 48 61 21 128 50 98 53 1389 1564 1565 211 112 24 557
internal_value=0.000267537 -0.00531437 -0.0162749 0.00748362 0.00936552 0.00203897 0.00844686 0.0118904 -0.00258352 -0.0257029 -0.0207331 -0.0052144 -0.0568191 0.0140246 0.013426 0.0172955 0.00950906 0.0279252 0.115004 0.0171391 0.0187958 0.0167545 0.000857877 -2.58205e-05 -0.0237506 -0.00900719 0.0215289 0.0465277 0.101167 -0.00841164
internal_weight=14731 8306 3335 6425 6086 4971 3146 5506 1360 1975 1703 1356 272 5117 5084 4233 2181 744 82 662 1790 1740 1292 1437 1619 1825 400 189 77 892
internal_count=14731 8306 3335 6425 6086 4971 3146 5506 1360 1975 1703 1356 272 5117 5084 4233 2181 744 82 662 1790 1740 1292 1437 1619 1825 400 189 77 892
is_linear=0
shrinkage=0.05


Tree=68
num_leaves=31
num_cat=0
split_feature=0 4 3 8 1 0 0 3 14 0 6 1 0 1 15 3 6 14 14 14 1 14 4 18 2 12 14 14 14 3
split_gain=214.202 241.666 155.407 151.404 173.835 176.538 145.198 143.609 133.266 127.022 160.566 114.196 151.277 142.863 113.882 112.22 114.381 114.118 284.308 120.663 114.215 110.477 108.938 107.643 105.297 103.518 98.9131 194.969 119.954 102.996
threshold=26.500000000000004 228110.02000000002 22.528351000000004 1.7269135000000022 4.5000000000000009 40.500000000000007 34.500000000000007 15.786346500000002 42.915000000000013 5.5000000000000009 17.115844500000005 2.5000000000000004 19.500000000000004 5.5000000000000009 39.452500000000008 24.773575000000005 25.870392000000002 24.445000000000004 23.332500000000007 25.592500000000005 2.5000000000000004 55.745000000000012 204388.50000000003 -16.747499999999995 1.0000000180025095e-35 14.025 66.217500000000015 76.862500000000011 46.150000000000006 17.269775500000005
decision_type=2 2 2 2 2 2 2 2 2 2 2 2 2 2 2 2 2 2 2 2 2 2 2 2 2 2 2 2 2 2
left_child=1 9 11 4 5 15 -6 8 -7 -1 -11 14 13 -13 26 -2 22 18 20 -19 -18 -4 -17 -5 -21 -12 28 -28 29 -3
right_child=3 2 21 23 6 7 -8 -9 -10 10 25 12 -14 -15 -16 16 17 19 -20 24 -22 -23 -24 -25 -26 -27 27 -29 -30 -31
leaf_value=-0.0085568331861461851 0.015883878631411521 0.011479887650852904 0.00081498304888985964 0.058066567582851752 -0.025316308198396326 0.0034085415812980194 0.0081589743695458846 -0.012487536029506181 0.057457419949176927 0.017856051981226865 -0.003022118969051267 -0.043479550377199215 -0.022106153108831496 -0.11602234683309993 -0.11586500799655915 0.051134901854675265 0.080546432137489327 -0.035290541516786275 0.18752747269777151 0.03488403449933538 0.00056576582187033717 -0.064571641498546606 0.19769386833622343 -0.011025559554287745 -0.081751159746199842 -0.10376055735485773 0.13638138623800308 -0.01592818516899239 -0.043254340056513831 -0.043867665596025174
leaf_weight=1825 1482 406 1292 59 508 331 894 747 174 1790 1330 276 750 90 25 32 85 77 39 596 94 68 21 1266 20 26 34 55 233 106
leaf_count=1825 1482 406 1292 59 508 331 894 747 174 1790 1330 276 750 90 25 32 85 77 39 596 94 68 21 1266 20 26 34 55 233 106
internal_value=0.000254161 -0.00504865 -0.0154612 0.00710944 0.0110217 0.0167055 -0.00397044 0.00143581 0.0220313 0.00193702 0.00802452 -0.0244178 -0.0349659 -0.0613179 -0.0107137 0.0245215 0.0378004 0.0336462 0.0651982 0.0237208 0.0385454 -0.00245435 0.109205 -0.007949 0.0310972 -0.00495368 -0.00756173 0.0422575 -0.0135133 2.12145e-05
internal_weight=14731 8306 3335 6425 5100 3698 1402 1252 505 4971 3146 1975 1116 366 859 2446 964 911 218 693 179 1360 53 1325 616 1356 834 89 745 512
internal_count=14731 8306 3335 6425 5100 3698 1402 1252 505 4971 3146 1975 1116 366 859 2446 964 911 218 693 179 1360 53 1325 616 1356 834 89 745 512
is_linear=0
shrinkage=0.05


Tree=69
num_leaves=31
num_cat=0
split_feature=5 3 15 3 0 16 3 1 16 16 13 16 19 16 19 17 15 15 5 6 17 14 3 4 14 15 14 5 0 16
split_gain=201.623 152.285 159.281 157.941 150.39 129.669 220.66 184.669 147.718 246.898 143.942 197.587 188.155 130.453 126.121 167.282 124.406 509.444 124.433 124.279 119.616 145.934 118.467 116.101 113.451 166.079 147.144 130.825 110.408 115.247
threshold=7.6350000000000007 26.730636500000003 29.810000000000002 6.7229768000000005 12.500000000000002 30.407500000000002 15.615509000000001 2.5000000000000004 54.190000000000005 56.967500000000008 9.1550000000000029 30.767500000000002 9.6525000000000052 30.285000000000004 -0.57750000000000223 27.045000000000005 14.350000000000003 14.480000000000002 21.450000000000006 6.8278655000000006 19.897500000000004 45.380000000000003 21.426284500000005 80926.41250000002 48.017500000000005 30.342500000000005 46.840000000000003 17.615000000000006 12.500000000000002 32.410000000000004
decision_type=2 2 2 2 2 2 2 2 2 2 2 2 2 2 2 2 2 2 2 2 2 2 2 2 2 2 2 2 2 2
left_child=19 3 14 4 -2 13 8 23 10 -10 20 -12 -13 -5 16 -16 -3 -18 -19 -1 21 28 -21 -8 25 26 -9 -27 -7 -30
right_child=1 2 -4 5 -6 6 7 24 9 -11 11 12 -14 -15 15 -17 17 18 -20 22 -22 -23 -24 -25 -26 27 -28 -29 29 -31
leaf_value=0.042001601912219216 -0.0018071537948299633 0.010880301008634146 -0.029823754620343468 -0.0077921836277463899 0.041559827470302478 0.0015469025725161466 9.3643490506317663e-05 0.0025351574754433424 0.15460725863548844 0.028798541123639394 0.1881661253316062 0.015694176753007976 0.14047667548498685 -0.076826827472874101 0.0053227991762128338 0.091244336591723069 0.26918943988589139 0.033067059089690147 0.15067097183006506 -0.020705017732832585 -0.0043999092076113444 -0.034577697284928544 -0.0010184557937639605 0.035073187578396468 -0.030708321039738664 -0.033435217604227199 0.085602064522212015 0.048831639396694472 0.027176424069510586 0.096837799190120269
leaf_weight=108 365 262 171 3055 442 127 707 824 44 343 21 271 34 70 1014 60 26 358 24 1844 1250 82 1305 357 670 548 57 53 129 110
leaf_count=108 365 262 171 3055 442 127 707 824 44 343 21 271 34 70 1014 60 26 358 24 1844 1250 82 1305 357 670 548 57 53 129 110
internal_value=0.000241452 0.00335801 0.0162276 0.00077979 0.0219453 -0.00117183 0.00336364 -0.00520938 0.0147991 0.0431024 0.00938732 0.0398185 0.0296044 -0.00933856 0.0207429 0.0101229 0.0377667 0.055032 0.0404558 -0.0107378 0.00354483 0.0257121 -0.0125466 0.0118302 -0.0136342 -0.00591507 0.00790952 -0.0261804 0.0392196 0.0592381
internal_weight=14731 11474 1915 9559 807 8752 5627 3216 2411 387 2024 326 305 3125 1744 1074 670 408 382 3257 1698 448 3149 1064 2152 1482 881 601 366 239
internal_count=14731 11474 1915 9559 807 8752 5627 3216 2411 387 2024 326 305 3125 1744 1074 670 408 382 3257 1698 448 3149 1064 2152 1482 881 601 366 239
is_linear=0
shrinkage=0.05


Tree=70
num_leaves=31
num_cat=0
split_feature=4 15 6 5 18 18 3 19 4 19 1 4 18 17 14 3 15 14 17 17 17 17 15 19 19 5 8 14 18 14
split_gain=207.868 176.908 165.89 159.553 137.387 145.038 133.538 159.088 132.413 128.98 127.588 154.578 219.829 158.69 150.833 221.312 241.51 146.894 304.359 196.656 521.724 163.256 150.71 145.31 163.16 136.069 116.67 115.036 112.696 112.425
threshold=1908458.0500000003 13.050000000000002 28.892029000000004 19.630000000000006 -10.987500000000002 4.5649999999999986 6.7229768000000005 10.42 366236.03500000003 1.6050000000000006 3.5000000000000004 1.0000000180025095e-35 4.4000000000000012 39.542500000000011 40.285000000000004 12.836166 29.480000000000004 36.002500000000012 29.480000000000004 16.327500000000004 15.775 31.197500000000002 15.665000000000001 -3.1975000000000011 -1.0549999999999977 7.7250000000000005 0.80783149999999992 25.360000000000003 6.217500000000002 38.982500000000009
decision_type=2 2 2 2 2 2 2 2 2 2 2 2 2 2 2 2 2 2 2 2 2 2 2 2 2 2 2 2 2 2
left_child=1 8 -2 6 -5 -6 7 -3 -1 -7 11 14 13 17 26 16 -16 19 23 20 22 -20 -13 -19 25 -25 -8 -24 -17 -26
right_child=2 3 -4 4 5 9 10 -9 -10 -11 -12 12 -14 -15 15 28 -18 18 21 -21 -22 -23 27 24 29 -27 -28 -29 -30 -31
leaf_value=0.018858867087507575 -0.02364159208662556 0.017136980887088222 0.010988244996507811 0.11272079349996954 -0.0038565073472198448 0.17407610158622266 -0.0033919566993215627 0.159942199960351 0.094512012855095029 0.02998338425304832 -0.0065642601059237998 -0.001577148077259124 -0.0084822849334947239 -0.044927081633876598 0.024621299197539116 0.014061747154526108 0.13861363802532681 0.14091337288916111 0.16370533115020203 0.0033442558823311231 0.25706382756707846 0.062893104835887226 0.12582127473746926 -0.16547165919095277 0.085731802922739117 -0.0081825330557132314 -0.028419924101257016 0.034442607476204805 -0.019494413155205975 0.017496554695864766
leaf_weight=181 1412 784 458 52 156 25 1432 20 85 41 4842 186 942 90 195 589 61 25 62 1121 27 114 52 20 71 44 690 102 435 403
leaf_count=181 1412 784 458 52 156 25 1432 20 85 41 4842 186 942 90 195 589 61 25 62 1121 27 114 52 20 71 44 690 102 435 403
internal_value=0.000415171 0.00268229 -0.0151601 0.00182914 0.039566 0.0224307 0.000988975 0.0206893 0.0430337 0.084564 -0.000387979 0.00410167 0.0118838 0.0201639 -0.00335336 0.0102023 0.0517835 0.0227944 0.0410162 0.0137447 0.0455129 0.0984065 0.0287132 0.0230754 0.0175996 -0.0573354 -0.0115302 0.0652977 -0.000193067 0.0277174
internal_weight=14717 12847 1870 12581 274 222 12307 804 266 66 11503 6661 3259 2317 3402 1280 256 2227 739 1488 367 176 340 563 538 64 2122 154 1024 474
internal_count=14717 12847 1870 12581 274 222 12307 804 266 66 11503 6661 3259 2317 3402 1280 256 2227 739 1488 367 176 340 563 538 64 2122 154 1024 474
is_linear=0
shrinkage=0.05


Tree=71
num_leaves=31
num_cat=0
split_feature=4 1 17 16 14 16 3 17 13 16 3 3 16 19 19 19 4 19 17 17 8 14 8 8 7 17 19 14 18 14
split_gain=190.296 164.652 218.312 207.462 175.907 224.026 393.966 225.802 170.598 167.022 166.282 153.561 138.727 116.968 123.674 106.667 120.311 136.459 136.364 166.097 176.546 165.138 147.278 105.923 104.988 102.016 101.286 99.1886 201.839 169.692
threshold=2135617.6000000006 3.5000000000000004 14.1425 41.120000000000012 24.290000000000003 24.900000000000002 26.958389000000004 21.735000000000003 8.7350000000000012 30.407500000000002 23.885086000000005 30.318222000000002 39.542500000000011 1.5374999999999945 0.99249999999999983 3.8349999999999995 1494279.6000000003 -2.4624999999999981 42.337500000000006 29.480000000000004 -1.4830170000000009 48.272500000000008 -5.1782529999999998 -0.27494850000000065 245959.67000000001 31.877500000000001 5.4800000000000031 46.150000000000006 20.252500000000005 41.535000000000004
decision_type=2 2 2 2 2 2 2 2 2 2 2 2 2 2 2 2 2 2 2 2 2 2 2 2 2 2 2 2 2 2
left_child=1 2 -1 4 5 6 -4 -8 13 -6 15 -2 26 14 -3 16 18 -18 19 -5 22 24 -21 -12 -22 -23 27 29 -29 -11
right_child=11 8 3 10 9 -7 7 -9 -10 12 23 -13 -14 -15 -16 -17 17 -19 -20 20 21 25 -24 -25 -26 -27 -28 28 -30 -31
leaf_value=0.03683045614992702 -0.022758140804645707 -0.0053720487277537452 0.024486393677224026 0.014167347027750585 -0.017900880328999579 -0.011150890956563636 0.28495736831556195 0.076725341876347872 0.0084132045153401305 0.01111517516044384 -0.012095869624096416 0.029817091080715331 -0.035473888831654414 -0.018085735545428801 0.036544163836793389 -0.028783171307984214 0.034327252510935068 -0.071487055661586626 -0.021853826348121993 -0.003430557530373335 0.045579084357090086 0.048294004771326275 0.13647530318944362 0.071934640281397871 0.14428969089769655 -0.037300553911937526 -0.03363052163885473 -0.048442173115094196 0.022073641835341176 0.082480985774997295
leaf_weight=569 1266 1521 562 939 1619 404 23 30 1813 1558 46 156 215 2112 199 142 50 78 170 24 107 56 87 203 36 92 146 200 206 88
leaf_count=569 1266 1521 562 939 1619 404 23 30 1813 1558 46 156 215 2112 199 142 50 78 170 24 107 56 87 203 36 92 146 200 206 88
internal_value=0.000394412 0.00225385 0.00703365 0.0046393 -0.000786337 0.0177745 0.0367758 0.16709 -0.00422365 -0.00547717 0.0181393 -0.0169904 0.0028585 -0.0102024 -0.00052244 0.0127885 0.0163902 -0.0301533 0.020333 0.0256811 0.0525752 0.0321107 0.106225 0.0564109 0.0704293 -0.00491342 0.00660803 0.00947101 -0.0126632 0.0149306
internal_weight=14717 13295 7650 7081 5051 1019 615 53 5645 4032 2030 1422 2413 3832 1720 1781 1639 128 1511 1341 402 291 111 249 143 148 2198 2052 406 1646
internal_count=14717 13295 7650 7081 5051 1019 615 53 5645 4032 2030 1422 2413 3832 1720 1781 1639 128 1511 1341 402 291 111 249 143 148 2198 2052 406 1646
is_linear=0
shrinkage=0.05


Tree=72
num_leaves=31
num_cat=0
split_feature=15 9 0 16 19 17 15 14 14 17 9 5 1 17 9 16 18 3 7 14 3 15 14 14 17 5 15 16 13 19
split_gain=166.571 164.102 287.009 195.03 380.16 261.309 185.795 162.839 219.036 288.096 461.643 154.057 135.544 134.503 121.162 117.327 107.236 139.976 126.525 119.106 165.233 227.781 142.015 131.449 120.4 114.542 110.241 109.873 143.741 119.57
threshold=33.492500000000007 202930.00000000003 34.500000000000007 31.535000000000004 10.42 30.275000000000002 13.050000000000002 24.445000000000004 23.332500000000007 16.790000000000003 -29362.269999999975 19.630000000000006 1.5000000000000002 24.285000000000004 -39341.969999999921 21.580000000000002 -27.877499999999987 30.318222000000002 715941.03000000014 46.150000000000006 14.115570000000002 30.050000000000004 49.030000000000008 45.947500000000012 20.245000000000005 8.7050000000000018 22.157500000000002 45.030000000000008 9.0050000000000008 6.2725000000000017
decision_type=2 2 2 2 2 2 2 2 2 2 2 2 2 2 2 2 2 2 2 2 2 2 2 2 2 2 2 2 2 2
left_child=1 3 -3 5 11 6 14 8 12 10 -10 16 -8 -13 -1 -11 18 19 -5 23 21 -21 -23 27 -22 -25 -26 29 -29 -18
right_child=-2 2 -4 4 -6 -7 7 -9 9 15 -12 13 -14 -15 -16 -17 17 -19 -20 20 24 22 -24 25 26 -27 -28 28 -30 -31
leaf_value=0.096183718545493527 -0.011616209456923654 -0.017787132136684765 0.067344637355714485 0.00063845024866618447 0.19861310240985067 -0.069936230946062272 0.029892113153734745 -0.0092493232741813463 0.27122516069335467 0.075088275468127963 0.045875057661650731 0.0072048767598401481 -0.005938892039598377 0.10194006490685484 0.02015219820267521 -0.03302249181060455 0.021586882751027089 0.094024167152121668 -0.073763069294301084 0.0056311470131599805 -0.079625390168618082 0.0052581632014123665 0.13380697980257017 0.15630849786102774 0.02985716682457018 0.033182598156032757 -0.0096962091196330213 -0.019276974165282873 0.037605302047135462 -0.025510153946811921
leaf_weight=71 2420 1500 106 194 27 138 352 3087 33 37 73 67 1055 85 200 78 2340 50 81 255 55 31 70 30 204 51 1291 445 148 143
leaf_count=71 2420 1500 106 194 27 138 352 3087 33 37 73 67 1055 85 200 78 2340 50 81 255 55 31 70 30 204 51 1291 445 148 143
internal_value=0.000374691 0.00273445 -0.0121682 0.00497313 0.0114521 -0.00206598 -0.000187498 -0.00250145 0.0102938 0.0565693 0.116031 0.0105399 0.00302523 0.0601818 0.0400719 0.00176097 0.0091395 0.0107754 -0.0212762 0.00995326 8.347e-05 0.0308018 0.0943514 0.015912 -0.00697183 0.0787848 -0.00429896 0.0142564 -0.00508039 0.0188745
internal_weight=14717 12297 1606 10691 5567 5124 4986 4715 1628 221 106 5540 1407 152 271 115 5388 5113 275 5063 1906 356 101 3157 1550 81 1495 3076 593 2483
internal_count=14717 12297 1606 10691 5567 5124 4986 4715 1628 221 106 5540 1407 152 271 115 5388 5113 275 5063 1906 356 101 3157 1550 81 1495 3076 593 2483
is_linear=0
shrinkage=0.05


Tree=73
num_leaves=31
num_cat=0
split_feature=4 0 3 4 0 13 6 0 19 16 19 9 8 14 18 6 15 15 16 5 19 18 18 4 19 19 5 7 8 17
split_gain=162.752 169.17 150.489 142.834 142.692 135.07 154.668 125.227 143.363 177.943 174.14 156.997 143.333 135.568 126.816 109.033 107.752 99.2955 95.7452 90.5013 101.399 148.102 188.085 92.9424 106.894 84.7388 92.97 83.8965 81.7798 95.6311
threshold=1023095.8250000001 25.500000000000004 28.949890000000003 742135.02500000014 46.500000000000007 1.0000000180025095e-35 18.279663000000003 6.5000000000000009 1.8325000000000025 39.690000000000005 -3.6275000000000008 -155446.70000000007 -6.6284332500000005 19.207500000000007 -0.85000000000000486 15.210525500000001 21.145000000000007 32.370000000000012 34.57500000000001 9.0750000000000011 -0.8724999999999995 0.51499999999999713 -1.9899999999999947 2986732.3500000006 0.64250000000000196 -2.4250000000000003 14.025 1403124.6000000003 4.4141236500000014 15.425000000000002
decision_type=2 2 2 2 2 2 2 2 2 2 2 2 2 2 2 2 2 2 2 2 2 2 2 2 2 2 2 2 2 2
left_child=2 -2 4 -4 7 6 -3 25 9 12 14 16 -9 -14 -11 -16 -12 -15 -7 23 21 22 27 24 -8 -1 -27 -21 -10 -30
right_child=1 5 3 -5 -6 18 19 8 28 10 11 -13 13 17 15 -17 -18 -19 -20 20 -22 -23 -24 -25 -26 26 -28 -29 29 -31
leaf_value=-0.024428370703890326 -0.019387102699393324 -0.01150077666625092 -0.00030881034003363717 0.13541525726517042 -0.03069352106479193 0.0009124797718583961 0.027506305229195595 0.056815020064056858 0.00025279466297632497 -0.027760863384524971 -0.0051853312906332133 0.024927048080903666 0.051237552652747688 0.0045240951478017245 0.11575964719522745 0.0035698912655517685 0.08353680121270346 -0.023020550883971459 -0.036203179682479866 0.094441415050200053 -0.015038415517924515 -0.025278195312070054 0.16368922281104167 -0.019087719407809133 0.0793054751949967 -0.002934826694013069 0.077233307431074427 -0.034174644469749181 0.070420453661964061 -0.041635826491184684
leaf_weight=512 1840 542 36 42 304 361 323 131 2582 232 41 1127 143 3016 32 67 207 367 335 21 254 58 37 68 144 1601 37 32 21 204
leaf_count=512 1840 542 36 42 304 361 323 131 2582 232 41 1127 143 3016 32 67 207 367 335 21 254 58 37 68 144 1601 37 32 21 204
internal_value=0.000355957 -0.00822852 0.00357654 0.0727734 0.0030685 0.00121139 0.00975891 0.00406305 0.00688849 0.0116802 0.0250148 0.0328526 0.00545963 0.00355164 -0.00754389 0.0398332 0.068869 0.00153595 -0.0169521 0.0220564 0.00413007 0.0370273 0.0771798 0.0355263 0.0434786 -0.00667365 -0.00112395 0.0167864 -0.00226653 -0.0311772
internal_weight=14717 4015 10702 78 10624 2175 1479 10320 8170 5363 1706 1375 3657 3526 331 99 248 3383 696 937 402 148 90 535 467 2150 1638 53 2807 225
internal_count=14717 4015 10702 78 10624 2175 1479 10320 8170 5363 1706 1375 3657 3526 331 99 248 3383 696 937 402 148 90 535 467 2150 1638 53 2807 225
is_linear=0
shrinkage=0.05


Tree=74
num_leaves=31
num_cat=0
split_feature=4 15 3 15 16 19 14 14 4 15 19 14 16 5 1 16 13 16 16 4 9 4 15 3 6 18 3 1 9 18
split_gain=155.167 148.065 123.943 118.286 210.817 250.484 163.815 214.985 237.835 258.419 124.791 138.384 115.691 115.284 129.161 172.255 121.96 116.938 114.654 114.537 95.7775 92.0148 90.3363 89.5131 88.5481 84.9688 84.317 78.6188 103.325 78.5205
threshold=2135617.6000000006 13.050000000000002 30.318222000000002 33.492500000000007 32.177500000000002 10.42 24.445000000000004 23.332500000000007 1009864.1800000002 14.350000000000003 7.5400000000000009 20.250000000000004 81.257500000000007 19.630000000000006 3.5000000000000004 54.345000000000006 13.985000000000001 41.890000000000008 30.605 366236.03500000003 241652.85000000012 886104.83000000019 32.177500000000002 19.355346500000007 28.156021500000005 2.8524999999999978 15.786346500000002 3.5000000000000004 34398.139999999919 17.550000000000001
decision_type=2 2 2 2 2 2 2 2 2 2 2 2 2 2 2 2 2 2 2 2 2 2 2 2 2 2 2 2 2 2
left_child=1 19 29 4 6 12 7 10 18 -10 11 25 13 14 24 16 20 -15 -9 -1 -16 -21 -22 -19 -6 -3 -17 28 -4 -2
right_child=2 3 27 -5 5 -7 -8 8 9 -11 -12 -13 -14 17 15 26 -18 23 -20 21 22 -23 -24 -25 -26 -27 -28 -29 -30 -31
leaf_value=0.01477494360628224 -0.024168763718762226 0.026513297610548599 0.12571981498173307 -0.0094771268139869358 0.012435679299144122 0.14767963847314769 -0.0095204020578026089 0.049546211660464308 0.042403846308588983 0.27463402336706288 0.093091119463379335 -0.011052440684148946 0.11472090121645194 0.00077126053125846762 0.006309133328730814 0.0239180733612369 0.067775198084612687 0.033176709905059804 -0.048851412049445674 0.15322023300123552 -0.01731515064196618 0.048532214722094631 -0.12367415221837851 0.12906866452990559 0.072752370613236583 -0.053119107801467183 -0.038434135535394341 -0.0097257608762256025 0.011174684360416401 0.022210674320883823
leaf_weight=181 1167 482 35 2147 3274 33 3708 134 25 23 37 966 26 71 1219 63 75 45 38 31 86 65 26 53 62 36 389 76 45 99
leaf_count=181 1167 482 35 2147 3274 33 3708 134 25 23 37 966 26 71 1219 63 75 45 38 31 86 65 26 53 62 36 389 76 45 99
internal_value=0.000338159 0.00201722 -0.0153602 0.00124752 0.00336561 0.0103458 -0.00357998 0.009072 0.0552705 0.153681 0.00238977 0.000128345 0.00950482 0.00899473 0.00767238 -0.00289273 0.00573922 0.0496352 0.0278072 0.0381902 0.00224358 0.0823377 -0.0420056 0.0850366 0.0135567 0.020979 -0.0297435 0.0266916 0.0612882 -0.0205419
internal_weight=14717 13295 1422 13018 10871 5422 5449 1741 220 48 1521 1484 5389 5363 5194 1858 1406 169 172 277 1331 96 112 98 3336 518 452 156 80 1266
internal_count=14717 13295 1422 13018 10871 5422 5449 1741 220 48 1521 1484 5389 5363 5194 1858 1406 169 172 277 1331 96 112 98 3336 518 452 156 80 1266
is_linear=0
shrinkage=0.05


Tree=75
num_leaves=31
num_cat=0
split_feature=17 12 13 17 19 14 1 17 6 9 1 5 8 15 6 9 4 0 14 14 9 17 5 16 13 17 14 12 9 16
split_gain=183.824 142.278 130.725 130.065 127.866 128.454 127.574 153.69 151.22 140.138 226.477 115.112 112.77 110.908 130.805 109.689 99.5746 159.109 98.5026 207.782 178.887 123.059 105.535 116.082 179.207 98.1697 86.0711 85.9314 83.9516 82.8052
threshold=21.145000000000007 20.290000000000003 12.035000000000002 19.997500000000002 -1.3299999999999981 66.217500000000015 2.5000000000000004 21.515000000000004 25.581695500000006 -592433.90000000002 1.5000000000000002 15.235000000000001 0.01766990000000002 23.282500000000002 26.659560500000005 -29362.269999999975 46721.587500000009 19.500000000000004 28.890000000000004 32.697500000000012 -592433.90000000002 20.817500000000006 8.4650000000000016 39.092500000000008 8.9750000000000032 34.352500000000013 34.57500000000001 0.015000000000000001 -48319.734999999964 31.117500000000003
decision_type=2 2 2 2 2 2 2 2 2 2 2 2 2 2 2 2 2 2 2 2 2 2 2 2 2 2 2 2 2 2
left_child=1 4 6 15 11 18 7 8 -2 10 25 -1 -12 -4 -15 -3 -8 -18 -6 20 -20 26 -22 -24 -25 27 -21 -9 -13 -11
right_child=2 3 13 -5 5 -7 16 9 -10 29 12 28 -14 14 -16 -17 17 -19 19 21 22 -23 23 24 -26 -27 -28 -29 -30 -31
leaf_value=0.017787797872403345 0.01930212657659864 0.097158642252907157 0.081153991518785135 0.14575015542140007 -0.0047242590234218198 0.088235738467086447 -0.0034179857726927311 0.10826434319217999 0.14318992768724759 -0.014227390175496419 0.16453107148408891 0.15444095963332805 0.048367976488338578 0.023143314509107792 -0.069878666536059494 -0.051074401174600305 -0.040222843964716773 -0.010648347287951337 0.1457925619886202 -0.029394308907749991 -0.0019519282079235923 0.066880715105396046 0.032718335766145697 0.014910646451070257 0.20830047392845152 -0.034273147601375564 0.0026443732806327351 0.0093663717282186382 0.048641408865650493 0.0018896047736996332
leaf_weight=709 78 24 69 35 2298 44 2383 30 36 1144 39 25 45 312 43 26 597 1909 34 260 198 65 350 23 25 90 1082 82 75 2627
leaf_count=709 78 24 69 35 2298 44 2383 30 36 1144 39 25 45 312 43 26 597 1909 34 260 198 65 350 23 25 90 1082 82 75 2627
internal_value=0.000175699 0.0076598 -0.00398538 0.071825 0.00660852 0.0032346 -0.00525528 0.00116829 0.0584246 -0.000440592 0.033303 0.024871 0.102301 0.0231499 0.0118759 0.0200775 -0.0107355 -0.0176938 0.00237184 0.0103772 0.0342418 -0.000308502 0.0278782 0.0427183 0.115635 0.00461084 -0.00356282 0.0358569 0.0750913 -0.00299977
internal_weight=14757 5273 9484 85 5188 4379 9060 4171 114 4057 286 809 84 424 355 50 4889 2506 4335 2037 630 1407 596 398 48 202 1342 112 100 3771
internal_count=14757 5273 9484 85 5188 4379 9060 4171 114 4057 286 809 84 424 355 50 4889 2506 4335 2037 630 1407 596 398 48 202 1342 112 100 3771
is_linear=0
shrinkage=0.05


Tree=76
num_leaves=31
num_cat=0
split_feature=17 12 17 9 16 13 3 4 0 17 16 1 0 6 6 16 16 16 15 3 15 6 5 19 16 19 9 3 16 15
split_gain=165.902 128.714 126.281 220.051 126.638 117.979 130.804 134.879 146.246 115.778 113.59 190.768 147.174 132.826 137.281 110.269 109.273 104.839 100.095 128.705 104.715 95.4115 117.704 91.9751 91.4375 90.5551 111.915 117.874 140.534 143.652
threshold=21.145000000000007 18.375000000000004 19.997500000000002 -168689.42999999991 38.045000000000009 12.035000000000002 23.338669000000007 914801.72000000009 19.500000000000004 22.237500000000004 31.535000000000004 2.5000000000000004 28.500000000000004 26.341767000000001 25.031235000000006 81.257500000000007 29.825000000000003 61.9925 23.282500000000002 27.378936500000005 29.810000000000002 20.458633500000005 14.005000000000001 -5.1000000000000005 58.235000000000007 -0.72249999999999914 -1375166.6499999999 11.574844500000003 24.632500000000004 30.73
decision_type=2 2 2 2 2 2 2 2 2 2 2 2 2 2 2 2 2 2 2 2 2 2 2 2 2 2 2 2 2 2
left_child=1 17 3 -3 -4 6 7 15 23 -10 16 12 -12 14 -14 21 -8 25 -7 -20 -21 -2 -23 -9 -13 -1 -27 28 -28 -30
right_child=5 2 4 -5 -6 18 10 8 9 -11 11 24 13 -15 -16 -17 -18 -19 19 20 -22 22 -24 -25 -26 26 27 -29 29 -31
leaf_value=0.018402774471685708 -0.0024734971407637993 0.14299916158119838 0.18389714535857951 -0.0073409678750173298 0.040305380687555847 0.077096292041782033 -0.0019655029307626168 0.018272263656059901 -0.052922579238784843 -0.010737942289488749 0.015094223914921961 0.0054783594928460829 0.065060368975225311 0.034551510052334748 0.18818723347626234 0.051060688822122106 -0.052587832109064092 0.083382468783231675 0.02216084783327333 0.0059475568078813101 -0.15391350388526917 -0.018913500551637766 -0.12224370400453438 -0.077323483766910311 -0.049165767203477852 0.11959060296416282 -0.0005604483020837988 -0.0042891671245716637 0.028765702101067128 0.14754324196665378
leaf_weight=1004 4194 30 28 129 34 69 614 30 182 1530 275 986 56 114 38 89 129 43 314 21 20 555 29 156 83 20 627 2886 445 27
leaf_count=1004 4194 30 28 129 34 69 614 30 182 1530 275 986 56 114 38 89 129 43 314 21 20 555 29 156 83 20 627 2886 445 27
internal_value=0.000166914 0.00727681 0.0446267 0.0210251 0.105153 -0.00378611 -0.00499252 -0.00849176 -0.0197973 -0.0152225 0.00532224 0.0130188 0.0390979 0.0708335 0.114835 -0.00408291 -0.0107546 0.00564294 0.0219924 0.0112821 -0.0720334 -0.00511007 -0.0240446 -0.0619048 0.00123564 0.00497558 0.00160956 0.00101743 0.0149527 0.0355602
internal_weight=14757 5273 221 159 62 9484 9060 6765 1898 1712 2295 1552 483 208 94 4867 743 5052 424 355 41 4778 584 186 1069 5009 4005 3985 1099 472
internal_count=14757 5273 221 159 62 9484 9060 6765 1898 1712 2295 1552 483 208 94 4867 743 5052 424 355 41 4778 584 186 1069 5009 4005 3985 1099 472
is_linear=0
shrinkage=0.05


Tree=77
num_leaves=31
num_cat=0
split_feature=17 12 18 1 14 16 16 9 18 8 17 18 0 19 14 3 13 9 14 14 0 15 9 13 17 12 4 13 12 12
split_gain=149.726 117.448 144.825 114.96 113.709 107.319 180.69 154.433 145.192 127.455 128.908 112.156 107.486 106.875 107.826 197.306 154.967 121.357 257.767 126.61 103.976 101.534 196.321 105.25 98.7324 98.342 95.6476 93.4671 92.8294 83.6366
threshold=21.145000000000007 20.290000000000003 4.3599999999999985 2.5000000000000004 19.207500000000007 41.120000000000012 42.720000000000006 97767.665000000023 2.9174999999999991 -1.6776274999999996 29.480000000000004 7.3400000000000025 34.500000000000007 -1.3299999999999981 28.890000000000004 11.476120000000002 9.4750000000000032 -307260.79999999999 42.995000000000012 61.9925 27.500000000000004 34.577500000000008 -6171.5039999999981 15.025 21.442500000000006 15.235000000000001 1009864.1800000002 10.545000000000002 11.885000000000003 15.005000000000001
decision_type=2 2 2 2 2 2 2 2 2 2 2 2 2 2 2 2 2 2 2 2 2 2 2 2 2 2 2 2 2 2
left_child=1 13 3 -3 -2 21 8 9 28 10 27 -12 -9 25 -15 16 20 18 -17 -19 -16 24 -23 -24 -6 -1 -27 -8 -7 -26
right_child=4 2 -4 -5 5 6 7 12 -10 -11 11 -13 -14 14 15 17 -18 19 -20 -21 -22 22 23 -25 29 26 -28 -29 -30 -31
leaf_value=0.015343411823931641 0.056524281328520144 0.10297747980113384 0.17236659027959988 -0.03433924781424659 -0.037995230188805677 0.039746121913305531 -0.011059885110325095 -0.028305497292395322 -0.013518596133815314 -0.0009714173730958316 0.032695791273169773 0.1097804830897422 0.033393297977017018 -0.0045930527060666177 0.017117175009387645 0.091693967908549195 0.17868516239381971 -0.0024375355763140913 -0.047401942434359572 0.066317076079015227 0.079927447069003579 -0.077525701988361728 -0.017132619463002912 0.09673328130018144 -0.0021599373079589832 0.04385137151926756 0.16123026492340226 0.071167469906007377 0.11219803757932303 -0.027489864348473267
leaf_weight=688 78 27 23 35 228 210 220 663 109 2448 188 63 79 2298 197 104 21 1541 49 70 99 147 604 21 3974 100 21 41 56 355
leaf_count=688 78 27 23 35 228 210 220 663 109 2448 188 63 79 2298 197 104 21 1541 49 70 99 147 604 21 3974 100 21 41 56 355
internal_value=0.000158569 0.00691297 0.0652112 0.02546 -0.0035968 -0.00409536 0.00201065 -0.0013395 0.0350833 0.00377353 0.0264603 0.0520437 -0.0217365 0.00595781 0.00287323 0.0111181 0.0474362 0.00459151 0.0471469 0.00054994 0.0381247 -0.00876682 -0.025535 -0.0133067 -0.00592614 0.0226542 0.0642229 0.00185706 0.0549992 -0.00423712
internal_weight=14757 5273 85 62 9484 9406 4077 3702 375 2960 512 251 742 5188 4379 2081 317 1764 153 1611 296 5329 772 625 4557 809 121 261 266 4329
internal_count=14757 5273 85 62 9484 9406 4077 3702 375 2960 512 251 742 5188 4379 2081 317 1764 153 1611 296 5329 772 625 4557 809 121 261 266 4329
is_linear=0
shrinkage=0.05


Tree=78
num_leaves=31
num_cat=0
split_feature=17 12 9 18 0 18 7 0 9 6 9 7 1 15 6 16 1 3 1 19 17 16 3 3 18 15 6 8 0 16
split_gain=135.128 106.033 113.043 162.135 135.041 251.037 117.261 102.114 156.487 97.5343 109.942 177.167 132.518 171.43 448.839 126.455 144.974 116.299 134.559 123.723 95.1893 129.013 93.4527 122.196 96.1227 90.2141 125.879 101.947 87.7672 86.9898
threshold=21.145000000000007 18.375000000000004 202930.00000000003 4.5649999999999986 34.500000000000007 -0.53499999999999825 206579.83500000002 34.500000000000007 39085.219999999979 28.892029000000004 -525095.82499999995 95395.440000000017 1.5000000000000002 34.352500000000013 16.574981500000003 59.625000000000007 3.5000000000000004 21.426284500000005 2.5000000000000004 -2.5475000000000008 29.480000000000004 43.850000000000001 19.485230000000005 7.1367340000000015 -33.717499999999994 24.315000000000005 20.924789000000001 0.7064819999999995 4.5000000000000009 61.9925
decision_type=2 2 2 2 2 2 2 2 2 2 2 2 2 2 2 2 2 2 2 2 2 2 2 2 2 2 2 2 2 2
left_child=1 29 3 4 5 -3 -5 9 -9 10 15 28 13 -13 -15 17 -17 18 19 -2 -21 -22 23 -14 -24 27 -27 -10 -12 -1
right_child=7 2 -4 6 -6 -7 -8 8 25 -11 11 12 22 14 -16 16 -18 -19 -20 20 21 -23 24 -25 -26 26 -28 -29 -30 -31
leaf_value=0.0044764718426721318 -0.026220751153155648 0.22845919753114383 -0.06989009487664416 0.051748408377170568 -0.0012349853862647538 -0.0039704753085970882 0.21902850954370068 0.00088996073659101537 0.039763314956974875 0.024350144581824763 -0.013510073340952583 -0.01005053181372919 0.025164014183605712 -0.071634155974930364 0.15895489686917441 0.11676300540566445 0.015948762148618699 0.029130488925429 -0.054260739357827381 -0.012163537362533989 0.034145528147928421 0.19602722926530988 -0.083555838062117499 -0.041083967311613019 -0.010933566925931051 0.050156444423692687 -0.038800551843340116 0.15069092292996014 0.004595774626439667 0.07589749262429947
leaf_weight=5009 109 21 21 20 111 26 22 2289 53 246 1001 876 75 36 51 54 105 207 148 33 32 20 48 968 898 122 59 34 2020 43
leaf_count=5009 109 21 21 20 111 26 22 2289 53 246 1001 876 75 36 51 54 105 207 148 33 32 20 48 968 898 122 59 34 2020 43
internal_value=0.00015064 0.00656732 0.0404671 0.0520546 0.0288438 0.0998811 0.139371 -0.00341696 0.00512238 -0.00656913 -0.00770761 -0.00991587 -0.0186272 -0.00340228 0.0635387 0.0109223 0.0501876 -0.000449609 -0.0183534 0.00903991 0.0542565 0.0964077 -0.0259985 -0.0363202 -0.0146184 0.0412716 0.0211594 0.0831143 -0.00140355 0.00508437
internal_weight=14757 5273 221 200 158 47 42 9484 2557 6927 6681 5973 2952 963 87 708 159 549 342 194 85 52 1989 1043 946 268 181 87 3021 5052
internal_count=14757 5273 221 200 158 47 42 9484 2557 6927 6681 5973 2952 963 87 708 159 549 342 194 85 52 1989 1043 946 268 181 87 3021 5052
is_linear=0
shrinkage=0.05


Tree=79
num_leaves=31
num_cat=0
split_feature=15 15 17 4 12 8 6 17 6 6 8 19 18 9 19 19 19 9 18 16 14 17 8 17 0 8 9 0 14 14
split_gain=126.576 154.069 144.862 149.981 131.258 122.193 121.615 111.959 108.737 115.081 139.065 105.152 113.542 149.349 154.969 131.941 149.354 116.747 106.294 120.42 282.275 102.657 99.4077 92.596 90.3379 90.0361 135.673 86.9281 115.583 83.7053
threshold=14.875000000000002 15.665000000000001 13.887500000000001 1009864.1800000002 19.580000000000002 4.5290685000000002 28.892029000000004 20.817500000000006 28.336166500000004 18.486160500000004 2.6599735000000018 -2.5475000000000008 -5.7274999999999947 30264.325000000001 10.42 1.4824999999999984 1.3524999999999976 -17847.799800000004 1.6174999999999982 30.605 33.925000000000004 13.787500000000001 -1.2530670000000013 32.957500000000003 25.500000000000004 -0.018691999999999705 -267475.02500000002 12.500000000000002 24.812500000000004 48.475000000000009
decision_type=2 2 2 2 2 2 2 2 2 2 2 2 2 2 2 2 2 2 2 2 2 2 2 2 2 2 2 2 2 2
left_child=-1 -2 21 4 5 8 24 -8 9 11 25 -4 13 14 17 16 27 -13 -17 -20 -21 22 -3 -22 -5 26 -11 -14 -29 -9
right_child=1 2 3 6 -6 -7 7 29 -10 10 -12 12 15 -15 -16 18 -18 -19 19 20 23 -23 -24 -25 -26 -27 -28 28 -30 -31
leaf_value=0.014820075462679716 -0.0325325768647114 0.12873868566006422 -0.0069012651042500237 -0.022110294079915938 0.047437875560496619 -0.022306777744818772 -0.012510489418081522 0.055622532189590859 0.060185857167149463 0.018374491004323978 0.066597971741986631 0.089507032402708575 -0.0016627046721055196 -0.040748902838095097 0.15459308745339514 -0.020041975450361404 0.087568793435619297 0.023279034780071921 -0.009091987669710656 0.19630851253219272 0.034355422864443562 0.11075797929451943 0.010780657669473552 -0.012511548113192229 -0.0051153681836279864 0.0027944333685192453 -0.018488479044831526 0.082918221021691968 0.018315919018123138 -0.015044166614322669
leaf_weight=1336 384 20 1004 1497 158 510 197 176 82 294 68 79 544 64 28 566 73 422 541 23 280 41 167 169 1637 1713 1653 75 901 55
leaf_count=1336 384 20 1004 1497 158 510 197 176 82 294 68 79 544 64 28 566 73 422 541 23 280 41 167 169 1637 1713 1653 75 901 55
internal_value=0.000143108 -0.00131792 -0.000398502 -0.00110169 0.00225629 0.00147087 -0.00981903 0.0151812 0.00288439 0.0023314 -0.00424995 0.00747615 0.0113101 0.031392 0.0401199 0.00755585 0.0177084 0.0337222 -0.00268674 0.00701026 0.0254664 0.0391062 0.0233965 0.0167151 -0.0132332 -0.00556625 -0.0129221 0.0143533 0.0232802 0.0387971
internal_weight=14757 13421 13037 12809 9247 9089 3562 428 8579 8497 3728 4769 3765 593 529 3172 1593 501 1579 1013 472 228 187 449 3134 3660 1947 1520 976 231
internal_count=14757 13421 13037 12809 9247 9089 3562 428 8579 8497 3728 4769 3765 593 529 3172 1593 501 1579 1013 472 228 187 449 3134 3660 1947 1520 976 231
is_linear=0
shrinkage=0.05


Tree=80
num_leaves=31
num_cat=0
split_feature=3 0 4 7 0 13 0 3 0 15 8 18 18 19 0 16 17 3 19 18 18 18 9 0 18 5 9 14 6 9
split_gain=112.527 112.416 173.488 143.45 115.113 117.892 132.232 106.807 110.951 104.658 99.831 117.165 90.3753 107.973 84.6938 81.7744 108.348 91.5345 90.6604 83.1984 189.174 110.645 90.6411 87.4853 83.7015 80.6556 80.5835 179.663 87.6502 78.6802
threshold=6.5328368500000007 25.500000000000004 283852.4200000001 696097.84500000009 41.500000000000007 1.0000000180025095e-35 34.500000000000007 21.120101500000001 17.500000000000004 26.745000000000005 1.764236500000002 -15.849999999999996 -2.8899999999999966 5.2550000000000017 23.500000000000004 30.807500000000005 21.675000000000004 10.757034000000003 -3.1449999999999991 -2.2174999999999989 -1.1499999999999913 -5.4425000000000017 4755.3153499999926 30.500000000000004 -1.1799999999999995 9.7750000000000004 -173665.07000000004 23.290000000000003 28.782043500000004 -874444.14999999967
decision_type=2 2 2 2 2 2 2 2 2 2 2 2 2 2 2 2 2 2 2 2 2 2 2 2 2 2 2 2 2 2
left_child=12 2 3 -2 5 10 -7 8 9 -4 15 -12 13 -1 29 16 18 25 -3 21 22 23 24 -19 -21 -17 27 -20 -29 -9
right_child=1 4 7 -5 -6 6 -8 14 -10 -11 11 -13 -14 -15 -16 17 -18 19 26 20 -22 -23 -24 -25 -26 -27 -28 28 -30 -31
leaf_value=0.032511448324238461 -0.00046757640386380886 0.076160784438252457 -0.0074789031077517375 0.092361450913761356 -0.0076188258945257895 -0.016982566704217283 0.012911529923439958 0.051993269171281199 -0.018871964525809585 -0.081323423937932168 0.099882887977247065 -0.0083283880479884283 0.0067258526097448536 0.1463187558171542 -0.029637257823212582 -0.0034559909076917737 -0.017284198622658033 0.082849148311243778 -0.018950169413524162 0.043244918597946796 0.020234448702017366 -0.020895428224840935 0.16443828040590655 0.0085559373510141791 0.14149178772888801 0.11264540385813093 0.0032770999385504408 0.14827757646329701 0.040737112280395296 -0.0021876676395312764
leaf_weight=222 4566 60 71 42 1738 862 648 72 1281 148 26 660 554 23 275 21 329 57 59 110 885 224 26 130 27 52 534 40 36 966
leaf_count=222 4566 60 71 42 1738 862 648 72 1281 148 26 660 554 23 275 21 329 57 59 110 885 224 26 130 27 52 534 40 36 966
internal_value=-0.000339824 -0.0013854 -0.00559462 0.000378522 0.00340256 0.00740489 -0.00415384 -0.0153793 -0.0244946 -0.057383 0.0127326 -0.00422709 0.0179086 0.0431954 -0.00496574 0.0172247 0.00653374 0.0246078 0.0172828 0.021874 0.0293512 0.00280802 0.0788504 0.0312015 0.0626074 0.0792464 0.0120023 0.0465154 0.0973374 0.00157055
internal_weight=14744 13945 7421 4608 6524 4786 1510 2813 1500 219 3276 686 799 245 1313 2590 1058 1532 729 1459 1048 411 163 187 137 73 669 135 76 1038
internal_count=14744 13945 7421 4608 6524 4786 1510 2813 1500 219 3276 686 799 245 1313 2590 1058 1532 729 1459 1048 411 163 187 137 73 669 135 76 1038
is_linear=0
shrinkage=0.05


Tree=81
num_leaves=31
num_cat=0
split_feature=4 15 16 17 9 19 5 8 15 9 17 15 16 6 16 13 18 18 16 17 17 15 6 5 19 7 18 18 8 6
split_gain=104.698 109.164 103.372 156.85 146.425 136.464 135.302 113.182 103.657 102.646 101.057 159.231 143.114 127.26 126.397 159.457 131.824 99.2369 92.3104 90.9201 90.5895 105.72 87.4254 101.429 85.1178 79.3337 84.0312 85.0948 76.5053 93.7335
threshold=1995239.4500000004 13.050000000000002 32.177500000000002 33.492500000000007 157021.65149999998 8.3900000000000023 14.765000000000002 3.1329045000000009 22.435000000000006 -59864.094999999965 29.390000000000004 33.750000000000007 41.890000000000008 14.615295500000002 45.285000000000004 14.060000000000002 15.667499999999995 -1.4275 39.092500000000008 32.892500000000005 26.882500000000004 32.70750000000001 2.6010895000000005 4.0050000000000008 1.5775000000000008 2719145.0000000005 3.890000000000001 3.7324999999999986 0.91444450000000022 20.458633500000005
decision_type=2 2 2 2 2 2 2 2 2 2 2 2 2 2 2 2 2 2 2 2 2 2 2 2 2 2 2 2 2 2
left_child=1 9 22 4 5 10 -7 20 -5 -1 14 12 18 -14 16 25 -4 -9 -12 -13 -6 -22 -3 -24 28 26 27 -16 29 -10
right_child=-2 2 3 8 7 6 -8 17 24 -11 11 19 13 -15 15 -17 -18 -19 -20 -21 21 -23 23 -25 -26 -27 -28 -29 -30 -31
leaf_value=0.097545330837368965 -0.012084054339915343 0.043545211078624135 0.018087338503788821 0.083967834393373672 -0.0090576863249786834 0.039026409795042127 0.17626562333200127 0.13873159346126376 -0.003487795419934762 0.017939599993651811 0.031189830744305987 -0.021925680148648097 0.024724631711951127 0.09124735699683105 -0.012631509684626237 0.071590803154924915 -0.043547101880700052 -0.0074051054910971572 -0.044980695211873999 0.037912350536514358 -0.11640712843865764 -0.025135129801928998 -0.04950702806538719 -0.004302813495182029 -0.027812657443548335 0.079324299483918226 0.013787712413415072 -0.08971024164929986 0.011928647553106374 -0.040121084701887889
leaf_weight=50 1677 93 1859 31 324 176 20 21 894 213 151 200 118 184 1111 67 91 26 54 93 49 90 127 5420 436 26 322 37 567 217
leaf_count=50 1677 93 1859 31 324 176 20 21 894 213 151 200 118 184 1111 67 91 26 54 93 49 90 127 5420 436 26 322 37 567 217
internal_value=-0.000322833 0.00118658 0.000531608 0.00451782 0.00935441 0.0122266 0.0530304 -0.0160392 -0.00679913 0.0330738 0.0103723 0.0264105 0.0433683 0.065255 0.00672 -0.00387347 0.0152111 0.05789 0.0111254 -0.00293272 -0.0235438 -0.0573102 -0.00453173 -0.00533778 -0.00813015 -0.00725322 -0.00878452 -0.0151158 -0.00301598 -0.010643
internal_weight=14744 13067 12804 7164 5019 4509 196 510 2145 263 4313 800 507 302 3513 1563 1950 47 205 293 463 139 5640 5547 2114 1496 1470 1148 1678 1111
internal_count=14744 13067 12804 7164 5019 4509 196 510 2145 263 4313 800 507 302 3513 1563 1950 47 205 293 463 139 5640 5547 2114 1496 1470 1148 1678 1111
is_linear=0
shrinkage=0.05


Tree=82
num_leaves=31
num_cat=0
split_feature=3 0 9 0 0 13 0 8 18 17 16 16 4 0 19 8 5 18 6 16 17 1 8 9 14 18 18 18 9 1
split_gain=101.018 99.9145 152.4 117.501 106.255 103.89 114.74 90.1935 99.7164 86.2028 87.9246 125.136 114.734 85.85 85.9733 77.5477 73.9595 73.5609 71.9163 88.1585 92.3193 114.05 111.179 88.001 143.478 107.878 87.1021 149.123 106.162 102.045
threshold=6.5328368500000007 25.500000000000004 448.26445500000005 23.500000000000004 41.500000000000007 1.0000000180025095e-35 34.500000000000007 1.764236500000002 -15.849999999999996 35.125000000000007 41.535000000000004 43.122500000000009 505248.27000000008 12.500000000000002 2.7200000000000011 1.1555635000000006 16.335000000000004 -2.6850000000000054 8.5004730000000013 30.807500000000005 21.675000000000004 1.5000000000000002 0.89805564999999998 -173665.07000000004 23.290000000000003 0.24000000000000024 -2.2174999999999989 -1.1499999999999913 432323.20000000001 1.5000000000000002
decision_type=2 2 2 2 2 2 2 2 2 2 2 2 2 2 2 2 2 2 2 2 2 2 2 2 2 2 2 2 2 2
left_child=13 2 3 9 5 7 15 18 -9 -2 12 -12 -11 14 -1 -7 -4 -15 -3 20 21 22 -20 24 -23 -26 28 29 -21 -28
right_child=1 4 16 -5 -6 6 -8 8 -10 10 11 -13 -14 17 -16 -17 -18 -19 19 26 -22 23 -24 -25 25 -27 27 -29 -30 -31
leaf_value=-0.014977691854982607 0.002602508776142418 0.064252047108388263 -0.015866168769008517 -0.031574113894483717 -0.0073723301619896958 -0.025540466413189741 0.012107793051234942 0.091988183686939576 -0.0078407939325905208 -0.031064544504655428 0.065821971019197789 -0.01643961051619559 -0.15167816118760544 0.058281210950501497 0.044011943512014116 0.0072071509029672937 -0.066595314636826525 0.016168208789537876 0.062036116991657765 0.011595498987985051 -0.018736171423503985 -0.018710575622143382 -0.04745886590745714 -0.011385507828295026 0.16537467894592772 0.03392954897638914 0.13444618872385852 0.022231965465568791 -0.072110699649368018 0.048166509903967383
leaf_weight=271 4801 76 1710 302 1738 604 648 26 660 190 56 265 22 163 80 258 75 285 164 386 321 59 27 364 27 37 49 924 42 114
leaf_count=271 4801 76 1710 302 1738 604 648 26 660 190 56 265 22 163 80 258 75 285 164 386 321 59 27 364 27 37 49 924 42 114
internal_value=-0.000306692 -0.00129736 -0.00526562 -0.00123321 0.00321652 0.00706178 -0.00378884 0.0120631 -0.00405719 0.000484626 -0.0185922 -0.00208868 -0.0435811 0.0169835 -0.00153276 -0.015739 -0.0179976 0.0314906 0.0163328 0.0148842 0.00335384 0.0138124 0.0465578 0.000969735 0.0375332 0.089383 0.0224874 0.0300103 0.00338134 0.0741033
internal_weight=14744 13945 7421 5636 6524 4786 1510 3276 686 5334 533 321 212 799 351 862 1785 448 2590 2514 999 678 191 487 123 64 1515 1087 428 163
internal_count=14744 13945 7421 5636 6524 4786 1510 3276 686 5334 533 321 212 799 351 862 1785 448 2590 2514 999 678 191 487 123 64 1515 1087 428 163
is_linear=0
shrinkage=0.05


Tree=83
num_leaves=31
num_cat=0
split_feature=15 3 9 0 4 0 14 3 3 9 16 15 14 18 19 6 19 18 0 3 0 15 4 3 4 18 14 4 16 0
split_gain=91.3656 95.2108 92.6197 91.2995 146.82 133.884 105.331 98.6429 128.55 135.563 134.316 105.252 103.515 139.197 90.7043 121.217 83.2243 79.8976 74.744 74.2669 97.6166 91.8899 75.4165 74.0377 117.41 89.3506 70.477 79.986 83.2995 93.6434
threshold=13.050000000000002 6.5328368500000007 -59864.094999999965 25.500000000000004 283852.4200000001 17.500000000000004 37.437500000000007 15.365066500000003 23.702026500000006 -173665.07000000004 47.520000000000003 39.400000000000006 48.017500000000005 9.6375000000000046 -0.43249999999999916 18.863998500000005 7.5400000000000009 0.38749999999999934 12.500000000000002 21.120101500000001 17.500000000000004 26.745000000000005 437452.15500000009 29.829971000000004 1908458.0500000003 9.0500000000000025 34.07500000000001 2448852.6500000004 30.407500000000002 31.500000000000004
decision_type=2 2 2 2 2 2 2 2 2 2 2 2 2 2 2 2 2 2 2 2 2 2 2 2 2 2 2 2 2 2
left_child=2 16 -1 4 5 -3 26 11 9 10 -9 -8 13 23 -12 -16 18 -17 -2 20 21 -6 -22 24 25 -10 27 28 29 -5
right_child=1 3 -4 6 19 -7 7 8 12 -11 14 -13 -14 -15 15 17 -18 -19 -20 -21 22 -23 -24 -25 -26 -27 -28 -29 -30 -31
leaf_value=0.08149720386403507 -0.0065815309452750053 -0.0010028502824025055 0.01308912291610969 0.014831911021689737 -0.006403720771408522 0.086642812239006162 0.040074534369375095 -0.01832425198018817 0.049161250010123086 -0.012983366929092341 0.092113222695218447 -0.016595769121823374 -0.0021413611714203901 0.0010896809754227211 -0.058617010560225363 0.013404371549791478 0.081323342358075978 0.11490667493957463 0.025645495951613962 -0.0058001805534098998 0.040792441713468484 -0.075597316888790289 -0.019586906023861352 0.12018730690702797 -0.034070496221906263 0.14630354907950041 -0.020319969939510338 -0.031642400510272159 0.011561027656814915 -0.011673905674705267
leaf_weight=61 312 4480 262 442 71 44 434 112 192 1010 78 101 286 179 33 47 46 33 425 1247 54 148 1223 40 38 27 500 190 1275 1354
leaf_count=61 312 4480 262 442 71 44 434 112 192 1010 78 101 286 179 33 47 46 33 425 1247 54 148 1223 40 38 27 500 190 1275 1354
internal_value=-0.000291357 -0.000880414 0.0260083 -0.00185388 -0.00568438 -0.000150417 0.00251533 0.0102328 0.00529709 -0.00418364 0.0251488 0.029376 0.0216333 0.0359181 0.0506408 0.0220138 0.0160751 0.0552741 0.0120026 -0.0148115 -0.0223229 -0.0531647 -0.0170337 0.056909 0.0470602 0.0611377 -0.00284033 -0.00016023 0.00178754 -0.00515076
internal_weight=14744 14421 323 13638 7267 4524 6371 2610 2075 1313 303 535 762 476 191 113 783 80 737 2743 1496 219 1277 297 257 219 3761 3261 3071 1796
internal_count=14744 14421 323 13638 7267 4524 6371 2610 2075 1313 303 535 762 476 191 113 783 80 737 2743 1496 219 1277 297 257 219 3761 3261 3071 1796
is_linear=0
shrinkage=0.05


Tree=84
num_leaves=31
num_cat=0
split_feature=4 15 0 4 0 5 0 3 6 0 13 14 4 6 8 9 15 15 7 8 8 6 19 16 0 0 9 3 8 5
split_gain=85.5317 95.1162 87.9836 124.066 119.775 143.135 109.999 91.0576 103.694 94.4072 85.5353 85.4847 84.9237 82.5039 82.91 81.8823 75.839 75.0581 79.8805 72.8478 69.614 65.9673 66.0375 178.979 71.7296 64.5754 76.1828 62.5475 61.5804 57.629
threshold=2517313.3500000006 13.050000000000002 25.500000000000004 228110.02000000002 15.500000000000002 10.435 46.500000000000007 22.528351000000004 21.721893500000004 17.500000000000004 8.9350000000000005 65.377500000000012 437452.15500000009 3.0838165000000006 4.0906070000000021 -59864.094999999965 29.810000000000002 26.350000000000001 188788.09000000003 1.1738435000000005 -3.0364684999999993 24.499130000000005 9.6525000000000052 32.177500000000002 12.500000000000002 8.5000000000000018 448.26445500000005 5.6103363500000007 -3.7946165000000001 11.415000000000001
decision_type=2 2 2 2 2 2 2 2 2 2 2 2 2 2 2 2 2 2 2 2 2 2 2 2 2 2 2 2 2 2
left_child=1 15 3 4 10 16 11 9 -9 17 25 13 -11 -4 27 -1 -6 -5 -19 -20 -13 22 24 -24 28 -3 -27 -15 -12 -2
right_child=29 2 6 7 5 -7 -8 8 -10 12 21 20 -14 14 -16 -17 -18 18 19 -21 -22 -23 23 -25 -26 26 -28 -29 -30 -31
leaf_value=0.085347398790478146 -0.012242425436912048 -0.0087535295359011615 0.070646955588079527 -0.0089472318128316422 0.096666978032638629 -0.0069105301616669062 -0.024828375935382948 0.1122558772750199 -0.0027934842418027863 0.035926877438456198 -0.048825303784438542 0.12313946984708309 -0.01754488083336915 0.040838809055086925 -0.02113127583916169 0.016437709452463433 0.01079943975330227 0.00078839484942019801 -0.10591435749953933 -0.030856040543100489 0.026239344377343068 -0.026294944183787378 -0.0055672396927378904 0.14442922398447991 -0.0288613402815182 0.0081085706098669771 -0.024804547196748902 0.0047554123316137197 0.027821005840414637 -0.064317610109911147
leaf_weight=53 782 2362 47 89 90 105 304 20 944 79 28 20 1236 123 307 231 36 37 99 48 253 82 43 37 79 1454 200 5090 409 57
leaf_count=53 782 2362 47 89 90 105 304 20 944 79 28 20 1236 123 307 231 36 37 99 48 253 82 43 37 79 1454 200 5090 409 57
internal_value=-0.000276789 0.000658662 6.15358e-05 -0.0035812 0.00105508 0.0362043 0.0044946 -0.0125286 -0.000406568 -0.0198873 -0.000674679 0.00602101 -0.0143325 0.0046814 0.00411973 0.0292976 0.0721334 -0.0466438 -0.0648774 -0.0814055 0.0333383 0.0157521 0.0215371 0.0638061 0.0149838 -0.00344793 0.00412875 0.00560679 0.02291 -0.0157803
internal_weight=14744 13905 13621 7477 4925 231 6144 2552 964 1588 4694 5840 1315 5567 5520 284 126 273 184 147 273 678 596 80 516 4016 1654 5213 437 839
internal_count=14744 13905 13621 7477 4925 231 6144 2552 964 1588 4694 5840 1315 5567 5520 284 126 273 184 147 273 678 596 80 516 4016 1654 5213 437 839
is_linear=0
shrinkage=0.05


Tree=85
num_leaves=31
num_cat=0
split_feature=4 3 15 13 3 14 16 17 17 9 17 14 17 19 17 0 5 18 18 5 0 13 1 13 17 5 15 4 16 16
split_gain=102.142 85.1473 120.467 91.5515 90.0556 106.123 97.3513 85.3549 145.935 117.463 113.148 106.772 95.7421 81.8418 99.9534 83.2403 92.528 76.0172 79.9152 134.073 111.129 83.0086 76.7314 108.993 99.4671 120.623 82.8803 102.266 74.7439 102.571
threshold=2517313.3500000006 26.994903500000003 29.810000000000002 11.195000000000002 9.6554720000000014 63.13000000000001 81.257500000000007 37.582500000000003 37.045000000000009 -1076946.5499999998 14.537500000000003 26.062500000000004 36.862500000000004 -0.57750000000000223 27.045000000000005 34.500000000000007 10.735000000000001 22.737500000000001 2.4725000000000024 0.015000000000000001 40.500000000000007 8.2650000000000023 3.5000000000000004 8.1050000000000022 34.997500000000009 9.4650000000000016 34.545000000000009 590682.68000000017 29.682500000000001 33.782500000000006
decision_type=2 2 2 2 2 2 2 2 2 2 2 2 2 2 2 2 2 2 2 2 2 2 2 2 2 2 2 2 2 2
left_child=1 4 13 -4 -1 6 7 8 9 10 -6 -12 17 -3 15 16 -15 18 20 -20 22 -22 24 -24 26 -26 -11 -28 -17 -30
right_child=-2 2 3 -5 5 -7 -8 -9 -10 12 11 -13 -14 14 -16 28 -18 -19 19 -21 21 -23 23 -25 25 -27 27 -29 29 -31
leaf_value=0.0094392707208445416 -0.016924787910943342 0.02897684782402913 -0.010384954631538882 -0.10299988187411253 0.13740187639539891 0.014630615163264553 0.060242707463784406 -0.022701192357078976 0.092352384668774906 0.0051218583216734023 -0.052629415456985323 0.033746694024005125 -0.081624091146513825 0.0095744693891856511 0.079863131715154106 0.00057102671220807526 -0.030130120795808658 0.041618889189428757 -0.062614716965058617 -0.0088897841508674968 -0.0276345225101816 0.0078582412286587345 -0.012495239659208734 0.012784722589584283 0.022898323326736837 0.16082636260468028 0.011834588686469943 0.1392113304983538 0.13422009420714207 0.028860035274798676
leaf_weight=1989 820 662 124 34 22 856 59 583 40 2131 43 213 40 320 44 184 271 90 121 2883 587 229 1380 617 51 23 40 26 28 132
leaf_count=1989 820 662 124 34 22 856 59 583 40 2131 43 213 40 320 44 184 271 90 121 2883 587 229 1380 617 51 23 40 26 28 132
internal_value=0.000220747 0.00123792 0.0113831 -0.0303147 -0.000280108 -0.00220674 -0.0037771 -0.00419131 -0.00292711 -0.00337569 0.0285893 0.0192382 -0.00445701 0.0153979 0.00621583 0.00275008 -0.00863187 -0.00407957 -0.00458809 -0.0110538 -0.000767664 -0.0176739 0.00246465 -0.00468466 0.00875138 0.0657678 0.00683093 0.0620133 0.0223045 0.047298
internal_weight=14642 13822 1799 158 12023 10034 9178 9119 8536 8496 278 256 8218 1641 979 935 591 8178 8088 3004 5084 816 4268 1997 2271 74 2197 66 344 160
internal_count=14642 13822 1799 158 12023 10034 9178 9119 8536 8496 278 256 8218 1641 979 935 591 8178 8088 3004 5084 816 4268 1997 2271 74 2197 66 344 160
is_linear=0
shrinkage=0.05


Tree=86
num_leaves=31
num_cat=0
split_feature=4 8 0 0 17 6 17 17 16 14 9 4 5 0 12 6 16 16 12 15 6 14 17 5 5 0 4 17 1 12
split_gain=92.1834 84.6812 90.4742 112.269 97.1905 104.391 96.5028 80.9627 78.7807 76.4778 75.3489 72.4204 104.936 82.9194 75.3826 74.4625 97.9969 126.021 102.702 125.571 194.563 130.419 71.4443 73.1532 70.4708 70.1214 184.506 193.818 87.4955 99.4775
threshold=2517313.3500000006 4.5290685000000002 25.500000000000004 40.500000000000007 35.125000000000007 12.737274000000001 34.932500000000012 16.790000000000003 60.27000000000001 21.835000000000004 -670851.7999999997 296468.63000000006 12.395000000000001 17.500000000000004 14.745000000000003 22.626434000000003 59.625000000000007 62.547500000000007 7.3550000000000013 34.545000000000009 17.944351500000003 31.535000000000004 26.145000000000007 3.0050000000000003 10.305000000000001 35.500000000000007 754976.78000000014 21.477500000000003 4.5000000000000009 19.995000000000001
decision_type=2 2 2 2 2 2 2 2 2 2 2 2 2 2 2 2 2 2 2 2 2 2 2 2 2 2 2 2 2 2
left_child=1 2 4 8 6 -6 11 -5 25 -3 -10 13 15 14 -1 16 18 -18 19 21 -21 -13 23 -19 -16 28 -27 -28 29 -4
right_child=-2 9 3 7 5 -7 -8 -9 10 -11 -12 12 -14 -15 24 -17 17 22 -20 20 -22 -23 -24 -25 -26 26 27 -29 -30 -31
leaf_value=0.0015613002500006056 -0.016078548692699195 0.075468952682885268 0.013050694454247797 -0.026427720518336542 0.0093628478930696587 -0.032399647275735369 0.089656940251588824 0.0013003678217465087 0.090903687711285722 -0.019331253638722061 0.024682974216607419 -0.012121752578978497 -0.046439213273751764 0.083771539665758621 0.1074234166847808 0.0065999793899137937 0.11644556551210342 0.036625297145829315 0.00055500828328783097 -0.039387158909812571 0.10945577356768282 -0.062686288372943141 0.050452425376307675 -0.082066029723843234 0.021190916814587332 0.014671518033014622 0.21869816111562695 0.030765840980936501 -0.011629919378869648 -0.042477759164484111
leaf_weight=4037 820 22 1578 311 217 482 30 1715 52 645 247 227 161 32 28 868 31 21 445 52 38 291 41 34 154 1288 23 34 633 85
leaf_count=4037 820 22 1578 311 217 482 30 1715 52 645 247 227 161 32 28 868 31 21 445 52 38 291 41 34 154 1288 23 34 633 85
internal_value=0.00020971 0.00117602 0.00205727 0.00660903 -0.00172015 -0.0194348 0.00018779 -0.00295602 0.0115275 -0.0162044 0.0361996 -0.000227701 -0.00757169 0.00358855 0.00298038 -0.00451619 -0.0126932 0.0287972 -0.0176972 -0.0310562 0.0234576 -0.0405277 0.000494122 -0.0367475 0.0344575 0.00950142 0.0185673 0.106598 0.00419061 0.0102125
internal_weight=14642 13822 13155 5966 7189 699 6490 2026 3940 667 299 6460 2209 4251 4219 2048 1180 127 1053 608 90 518 96 55 182 3641 1345 57 2296 1663
internal_count=14642 13822 13155 5966 7189 699 6490 2026 3940 667 299 6460 2209 4251 4219 2048 1180 127 1053 608 90 518 96 55 182 3641 1345 57 2296 1663
is_linear=0
shrinkage=0.05


Tree=87
num_leaves=31
num_cat=0
split_feature=4 0 0 17 17 6 14 16 15 5 19 3 0 15 15 15 4 7 5 15 9 9 15 13 0 4 17 9 0 4
split_gain=83.1955 78.9027 101.796 89.958 128.496 82.3855 82.114 87.8988 81.455 71.0803 67.6302 64.9911 69.8976 64.7639 77.0052 64.3698 79.2669 92.8452 83.3802 73.3331 69.0429 114.944 141.596 68.8989 69.5675 104.973 67.4235 62.8766 59.8064 248.465
threshold=2517313.3500000006 46.500000000000007 25.500000000000004 35.125000000000007 34.932500000000012 19.506957500000002 68.680000000000021 81.257500000000007 31.877500000000001 19.335000000000004 0.91000000000000025 4.9359436500000013 40.500000000000007 13.050000000000002 13.787500000000001 14.480000000000002 179443.30500000002 148050.51500000004 10.475000000000003 24.730000000000004 -670851.7999999997 -39341.969999999921 14.350000000000003 8.9350000000000005 11.500000000000002 1279.7355500000001 15.425000000000002 -241924.97500000006 35.500000000000007 754976.78000000014
decision_type=2 2 2 2 2 2 2 2 2 2 2 2 2 2 2 2 2 2 2 2 2 2 2 2 2 2 2 2 2 2
left_child=1 2 3 4 13 -5 7 8 11 -10 -2 -4 28 27 -15 20 17 23 26 -19 -16 22 -22 24 -17 -26 -18 -1 -13 -30
right_child=10 -3 6 5 -6 -7 -8 -9 9 -11 -12 12 -14 14 15 16 18 19 -20 -21 21 -23 -24 -25 25 -27 -28 -29 29 -31
leaf_value=0.11437384150922299 -0.02935642571262035 -0.023906231530663836 0.060037297907017041 -0.0089175213068786088 0.089022959521971645 -0.046885885092483454 0.035697559174150233 0.089376618502841843 -0.009467329192238241 0.066161314728378787 -0.00063234680603761555 0.0060511983702410364 -0.0023500214925352069 -0.035739893463414212 -0.068495872765779495 -0.0056195749092422592 0.02941228848543357 0.097431982879837356 -0.030923564359420865 0.010638160397351352 0.028676084559914231 0.011630263855049283 0.18665784536658422 0.016795464773097055 0.032146927741693497 -0.0060420683448831128 -0.0076462343520790517 0.018994083090714643 0.015305528507129323 0.12714963465427551
leaf_weight=20 418 308 59 567 40 191 233 31 1067 32 402 2000 1340 161 20 2507 132 45 373 53 37 233 23 598 341 381 1749 127 1102 52
leaf_count=20 418 308 59 567 40 191 233 31 1067 32 402 2000 1340 161 20 2507 132 45 373 53 37 233 23 598 341 381 1749 127 1102 52
internal_value=0.000199224 0.00111722 0.00168754 -0.00214167 -0.000330553 -0.0184847 0.00660544 0.00541268 0.00495215 -0.00726522 -0.0152746 0.00790117 0.0072167 -0.000856162 -0.00158149 -0.000734366 -0.00185493 0.00243662 -0.00932801 0.0504925 0.0213868 0.0275222 0.0892358 0.00120603 -0.00168108 0.0119946 -0.00504564 0.0319709 0.0112812 0.0203453
internal_weight=14642 13822 13514 7598 6840 758 5916 5683 5652 1099 820 4553 4494 6800 6653 6492 6179 3925 2254 98 313 293 60 3827 3229 722 1881 147 3154 1154
internal_count=14642 13822 13514 7598 6840 758 5916 5683 5652 1099 820 4553 4494 6800 6653 6492 6179 3925 2254 98 313 293 60 3827 3229 722 1881 147 3154 1154
is_linear=0
shrinkage=0.05


Tree=88
num_leaves=31
num_cat=0
split_feature=8 5 1 19 19 18 4 19 9 17 18 5 17 19 1 18 16 14 19 9 4 19 8 3 19 19 9 8 17 9
split_gain=79.8203 82.6596 89.0664 93.5462 95.2177 134.273 138.514 130.667 139.375 124.689 97.854 94.9903 87.0174 89.8931 82.02 77.8436 76.086 69.6595 67.9449 98.6283 75.7338 67.7534 77.6153 67.4712 65.1981 149.614 123.917 240.961 313.373 105.266
threshold=4.5290685000000002 7.6950000000000012 5.5000000000000009 0.36249999999999899 -2.4624999999999981 -1.5950000000000022 479150.01500000007 -3.2625000000000006 -45147.234999999964 29.480000000000004 -14.150000000000004 2.0800000000000005 19.607500000000005 1.2849999999999986 4.5000000000000009 1.867500000000007 21.580000000000002 21.835000000000004 1.6224999999999972 -331870.40499999991 1567545.4500000004 -11.0975 0.98701499999999964 2.6135253500000002 -2.5475000000000008 -0.78749999999999953 -42729.511500000001 0.25506550000000067 19.897500000000004 -1038673.6949999999
decision_type=2 2 2 2 2 2 2 2 2 2 2 2 2 2 2 2 2 2 2 2 2 2 2 2 2 2 2 2 2 2
left_child=1 2 3 4 7 9 11 10 -9 -6 -1 -7 -5 14 15 -14 -12 -2 -15 20 -20 -18 -23 -3 -25 26 27 -26 -29 -27
right_child=17 23 -4 12 5 6 -8 8 -10 -11 16 -13 13 18 -16 -17 21 -19 19 -21 -22 22 -24 24 25 29 -28 28 -30 -31
leaf_value=-0.09771484697301841 0.071085723354057828 0.054739780098732031 -0.029165484370406759 -0.015105661340215069 -0.010463095957147388 0.079765180262426544 -0.057867389958593834 0.10169550031423569 0.0031201201587401587 0.079555157957259912 0.083492211811244499 -0.019876012850900071 0.095262030139565468 -0.08400629688054323 -0.014106030524411102 0.026366750473474584 0.018871503786712485 -0.019345083477122611 0.023489993811470638 -0.0011045025642032686 0.10272850723164838 -0.027178776541567997 0.018925130309364879 -0.0048173089590633862 0.018263750457906649 0.069666200718360452 0.013647949843812433 0.29325863683507558 0.061681670377341416 0.0014433939949418707
leaf_weight=29 22 63 366 311 306 30 331 61 87 44 24 118 82 20 47 82 185 665 114 509 41 392 119 2201 142 57 1090 21 48 7035
leaf_count=29 22 63 366 311 306 30 331 61 87 44 24 118 82 20 47 82 185 665 114 509 41 392 119 2201 142 57 1090 21 48 7035
internal_value=0.000189263 0.00100837 -0.00590905 -0.00300596 -0.0104714 -0.0226873 -0.0398884 0.000818503 0.0437492 0.000853485 -0.00766446 0.000321526 0.00767838 0.0155955 0.044126 0.0608144 -0.00403743 -0.0164492 0.00679446 0.00952942 0.0444499 -0.00705569 -0.0164423 0.00314909 0.00284229 0.00485096 0.0204373 0.05551 0.132162 0.00199172
internal_weight=14642 13955 3298 2932 1726 829 479 897 148 350 749 148 1206 895 211 164 720 687 684 664 155 696 511 10657 10594 8393 1301 211 69 7092
internal_count=14642 13955 3298 2932 1726 829 479 897 148 350 749 148 1206 895 211 164 720 687 684 664 155 696 511 10657 10594 8393 1301 211 69 7092
is_linear=0
shrinkage=0.05


Tree=89
num_leaves=31
num_cat=0
split_feature=14 1 1 9 17 14 14 5 8 5 0 13 16 9 16 14 6 16 5 4 3 15 0 1 14 15 8 16 14 17
split_gain=74.3335 78.9429 113.581 100.863 149.596 119.174 103.004 112.005 106.989 97.9547 89.4439 86.3252 86.0054 131.866 94.6394 153.187 91.2753 98.1956 107.8 82.9528 109.278 79.8012 75.9163 80.229 74.9862 71.4164 71.1459 69.6597 74.7497 91.9884
threshold=19.942500000000006 2.5000000000000004 1.0000000180025095e-35 -849039.84999999998 26.157500000000002 24.445000000000004 30.407500000000002 8.0750000000000011 3.7490999999999999 7.3150000000000004 10.500000000000002 8.3150000000000031 41.120000000000012 42813.400000000263 36.360000000000007 42.835000000000008 8.9410550000000004 42.915000000000013 10.265000000000002 1458261.9500000002 18.856491000000002 39.452500000000008 11.500000000000002 1.5000000000000002 81.257500000000007 21.255000000000003 -3.6795043499999998 24.632500000000004 32.237500000000011 30.73
decision_type=2 2 2 2 2 2 2 2 2 2 2 2 2 2 2 2 2 2 2 2 2 2 2 2 2 2 2 2 2 2
left_child=-1 2 10 4 9 -5 -7 21 12 -4 -2 -3 14 16 15 26 -14 -18 -19 20 -15 24 -17 -24 -8 -13 -9 -27 -29 -30
right_child=1 11 3 5 -6 6 7 8 -10 -11 -12 25 13 19 -16 22 17 18 -20 -21 -22 -23 23 -25 -26 27 -28 28 29 -31
leaf_value=0.017753077076971983 -0.026970886775104508 -0.0067450021128973581 -0.062914970336215834 0.030351752402777432 0.097434707094806353 -0.011236500109785885 0.0013889435514477903 0.048834932577657579 -0.032396398669560303 0.049742937295935874 -0.00053882585086959119 0.042208975158082168 0.10872476463837009 0.19031245132972455 -0.019207907372334711 0.012675594980828465 0.07083440589834937 0.041446710777150973 -0.011148155576568874 2.4745762348175047e-05 0.065294739942659039 -0.068288671850330301 0.17614372170397216 0.057486254619113331 -0.096310094385407871 -0.021259793214200216 0.00027781304473932636 0.017117580862234739 -0.025322106903386848 0.0088216555491089834
leaf_weight=578 415 6069 35 476 77 869 1091 94 99 43 1399 122 31 29 201 26 80 164 240 20 44 45 28 29 20 261 382 834 316 525
leaf_count=578 415 6069 35 476 77 869 1091 94 99 43 1399 122 31 29 201 26 80 164 240 20 44 45 28 29 20 261 382 834 316 525
internal_value=0.0001798 -0.000542424 0.0038404 0.00842764 0.0479961 0.006882 0.0036828 0.00862557 0.0177974 -0.000808688 -0.00658585 -0.0037442 0.0214298 0.0354465 0.0102165 0.0207966 0.0255513 0.0202241 0.0102022 0.0902422 0.114959 -0.00301372 0.0834782 0.115774 -0.000369815 0.00510512 0.00986682 0.00276696 0.00651083 -0.00400763
internal_weight=14642 14064 5937 4123 155 3968 3492 2623 1467 78 1814 8127 1368 608 760 559 515 484 404 93 73 1156 83 57 1111 2058 476 1936 1675 841
internal_count=14642 14064 5937 4123 155 3968 3492 2623 1467 78 1814 8127 1368 608 760 559 515 484 404 93 73 1156 83 57 1111 2058 476 1936 1675 841
is_linear=0
shrinkage=0.05


Tree=90
num_leaves=31
num_cat=0
split_feature=1 17 16 9 7 9 16 14 5 9 15 6 15 16 18 13 12 14 14 14 9 1 18 3 3 7 5 14 15 16
split_gain=83.4908 103.642 89.7973 122.004 107.308 105.526 104.646 83.5551 110.037 82.5003 74.3093 161.646 98.2348 98.121 92.4986 72.0188 64.0523 60.9514 60.9406 123.864 346.843 67.2972 74.0442 112.076 60.7618 75.443 57.2923 115.056 118.577 98.5321
threshold=2.5000000000000004 14.267500000000002 57.255000000000003 -525095.82499999995 900181.68000000017 42813.400000000263 81.257500000000007 19.207500000000007 11.575000000000001 -110021.26999999995 17.737500000000004 29.161529500000004 15.005000000000001 18.242500000000003 0.51499999999999713 8.5450000000000017 28.610000000000003 19.942500000000006 23.290000000000003 24.537500000000005 -55890.299999999865 5.5000000000000009 -27.877499999999987 27.877289000000001 24.659149500000002 2257235.8500000006 9.0050000000000008 32.315000000000005 32.482500000000009 49.105000000000011
decision_type=2 2 2 2 2 2 2 2 2 2 2 2 2 2 2 2 2 2 2 2 2 2 2 2 2 2 2 2 2 2
left_child=1 9 7 -4 5 6 -5 8 -3 24 12 13 -9 -12 -13 16 17 -2 -19 20 -20 -21 -23 -24 -1 -26 29 -28 -29 -15
right_child=15 2 3 4 -6 -7 -8 10 -10 -11 11 14 -14 26 -16 -17 -18 18 19 21 -22 22 23 -25 25 -27 27 28 -30 -31
leaf_value=0.011207136960001663 0.021247713239723118 0.011217426028133942 0.11285544639039372 0.0087655775140083585 -0.031229348388603997 0.10070305119228105 0.12530158758163454 0.0047565381195102327 0.10375821107670412 0.017234199565030972 0.080219637091235765 0.11699702332654219 -0.025294866756738345 -0.0013202096100611005 0.023418807361139767 0.005138534829833793 0.081480249868971968 -0.020043892744858266 0.1720378786249942 -0.0035090139568013223 -0.01770445602959481 -0.098576478420623725 -0.02026560690928076 0.059124361216387859 0.15969365670378988 0.044629778647955892 -0.012145217234592566 0.024055981958104961 -0.01672590206985743 -0.037376979865635249
leaf_weight=28 199 119 36 233 90 46 21 496 44 396 39 46 602 2127 62 2019 21 768 37 4380 69 28 821 47 28 29 512 939 220 208
leaf_count=28 199 119 36 233 90 46 21 496 44 396 39 46 602 2127 62 2019 21 768 37 4380 69 28 821 47 28 29 512 939 220 208
internal_value=0.00017948 0.00451903 0.00268161 0.0247845 0.0166549 0.0310202 0.0184004 0.000942442 0.0361978 0.0268279 -0.000151943 0.00290643 -0.0117197 0.00129458 0.0632762 -0.00309032 -0.00569849 -0.00598684 -0.00686809 -0.00498793 0.0485264 -0.00606309 -0.0185484 -0.0159668 0.0715234 0.101152 0.000526216 0.00759456 0.0163148 -0.00453212
internal_weight=14710 6321 5840 426 390 300 254 5414 163 481 5251 4153 1098 4045 108 8389 6370 6349 6150 5382 106 5276 896 868 85 57 4006 1671 1159 2335
internal_count=14710 6321 5840 426 390 300 254 5414 163 481 5251 4153 1098 4045 108 8389 6370 6349 6150 5382 106 5276 896 868 85 57 4006 1671 1159 2335
is_linear=0
shrinkage=0.05


Tree=91
num_leaves=31
num_cat=0
split_feature=1 0 0 4 16 16 16 15 15 14 16 1 19 3 7 5 6 5 9 19 4 5 9 13 13 18 19 9 3 18
split_gain=75.3505 101.515 76.1042 90.7519 118.349 156.088 124.825 105.622 184.77 91.9161 92.1445 105.625 89.8099 88.0834 139.91 86.9749 84.4705 109.022 81.3428 77.4486 75.4509 70.0623 68.8014 66.2644 77.089 92.1034 121.947 103.234 91.4027 86.7454
threshold=2.5000000000000004 9.5000000000000018 43.500000000000007 886104.83000000019 49.105000000000011 57.255000000000003 43.665000000000006 36.410000000000011 34.352500000000013 18.242500000000003 56.967500000000008 1.5000000000000002 0.68500000000000061 28.521866000000006 686229.15000000002 14.460000000000003 28.156021500000005 13.875000000000002 383843.66500000015 -11.419999999999996 1808006.6000000003 12.635000000000003 -119329.29999999986 8.0450000000000017 1.0000000180025095e-35 -8.7149999999999981 -2.4250000000000003 -294864.9599999999 15.688782000000002 7.3400000000000025
decision_type=2 2 2 2 2 2 2 2 2 2 2 2 2 2 2 2 2 2 2 2 2 2 2 2 2 2 2 2 2 2
left_child=1 -1 3 9 6 -6 7 8 12 -3 13 -12 19 18 -15 -4 17 -14 -11 -5 -7 -13 -18 24 25 27 -27 -2 29 -28
right_child=23 2 15 4 5 20 -8 -9 -10 10 11 21 16 14 -16 -17 22 -19 -20 -21 -22 -23 -24 -25 -26 26 28 -29 -30 -31
leaf_value=-0.0080640346421354606 0.066725794020264101 0.07640016258801105 -0.0052567917753432057 0.035659052891730283 -0.077211559684171038 0.045269802278365759 0.065415134802571537 -0.062203626222908495 0.13757834018279727 0.0092023513047410424 0.0029638392211228321 0.11197702859838804 0.021533633605980831 0.0016403868104572649 0.17150369008833713 -0.090305581787833947 0.14470478902970041 -0.087092177014654659 0.10370881140090363 -0.0077489121084184688 -0.031591007603443605 0.03106828415559398 0.043015609419671821 0.0040881275296083272 -0.014477895625816665 -0.032553747238092103 0.0056951251067180108 0.0057281404463574298 -0.0073837898181433222 0.05567809352552161
leaf_weight=1316 96 61 496 114 105 61 84 60 26 2263 77 66 207 27 22 32 21 26 23 1042 67 45 80 2398 1778 347 1134 250 2292 94
leaf_count=1316 96 61 496 114 105 61 84 60 26 2263 77 66 207 27 22 32 21 26 23 1042 67 45 80 2398 1778 347 1134 250 2292 94
internal_value=0.000170506 0.00429308 0.00754223 0.00965959 0.00134243 -0.0320273 0.00602625 0.00286085 0.00543596 0.0157526 0.0142863 0.0479616 0.00313012 0.011575 0.0779055 -0.0104113 0.0259674 0.0094123 0.0101532 -0.0034682 0.00503797 0.0791762 0.0641589 -0.0029358 -0.00574725 -0.00206268 -0.00427406 0.0226523 -0.00148626 0.00952118
internal_weight=14710 6321 5005 4477 1893 233 1660 1576 1516 2584 2523 188 1490 2335 49 528 334 233 2286 1156 128 111 101 8389 5991 4213 3867 346 3520 1228
internal_count=14710 6321 5005 4477 1893 233 1660 1576 1516 2584 2523 188 1490 2335 49 528 334 233 2286 1156 128 111 101 8389 5991 4213 3867 346 3520 1228
is_linear=0
shrinkage=0.05


Tree=92
num_leaves=31
num_cat=0
split_feature=17 4 6 17 16 0 3 0 8 15 1 17 16 17 17 1 8 17 14 8 3 0 0 15 15 6 17 16 8 15
split_gain=71.1211 74.1983 80.0238 107.809 76.8061 104.757 116.404 71.463 68.3951 88.2643 72.8366 68.2657 64.7009 73.236 91.9409 70.1014 95.8443 67.133 131.943 81.7171 64.5131 73.2657 61.8575 61.5582 87.1275 207.822 71.7958 114.907 56.9094 87.9434
threshold=39.085000000000008 2701203.0000000005 28.892029000000004 25.165000000000003 81.257500000000007 34.500000000000007 11.957275500000002 46.500000000000007 0.1265870000000007 14.1425 1.5000000000000002 39.292500000000011 32.177500000000002 25.000000000000004 24.102500000000003 2.5000000000000004 -4.6007689999999979 20.612500000000001 45.380000000000003 -1.2530670000000013 2.6135253500000002 12.500000000000002 26.500000000000004 34.662500000000001 33.812500000000007 9.2041777500000013 30.275000000000002 27.065000000000001 -0.65249550000000045 25.097500000000004
decision_type=2 2 2 2 2 2 2 2 2 2 2 2 2 2 2 2 2 2 2 2 2 2 2 2 2 2 2 2 2 2
left_child=1 2 4 8 7 6 -6 12 9 -4 22 -2 13 14 20 28 -17 18 19 -18 21 -1 -10 24 26 -26 27 -15 -14 -30
right_child=11 -3 3 -5 5 -7 -8 -9 10 -11 -12 -13 15 23 -16 16 17 -19 -20 -21 -22 -23 -24 -25 25 -27 -28 -29 29 -31
leaf_value=-0.012297275224700571 -0.076620766615849878 -0.016902212222438862 -0.039862439768388873 0.077393904653653298 0.10507609451358968 0.11904082177788951 -0.033813800337278127 -0.023999836983375961 0.0017554071598819326 0.014861234472731927 0.0055333975592235986 -0.011060235191724601 0.0012692495139142198 -0.031470302004566041 0.036362848462443663 0.058091420557216882 0.077111109055465824 -0.0040199334735078049 -0.033098584284889508 0.017412645536380899 -0.0017062619396075497 0.10194130744202995 0.10263007717376404 -0.056502444681245836 0.17565382648082006 -0.014175944964644378 -0.034788896693667117 0.0057346280714492548 0.030060436668800112 0.0069280074264251581
leaf_weight=25 42 557 100 71 22 32 48 290 21 280 76 727 1009 309 171 70 66 3053 120 436 4321 32 55 76 21 46 294 632 688 1020
leaf_count=25 42 557 100 71 22 32 48 290 21 280 76 727 1009 309 171 70 66 3053 120 436 4321 32 55 76 21 46 294 632 688 1020
internal_value=0.00016198 0.000978523 0.00172266 0.0195223 0.000882889 0.0440972 0.00983731 0.000535238 0.0117988 0.000460268 0.0401451 -0.0146409 0.00110955 -0.00266333 0.000395687 0.00457007 0.000134301 -0.000969644 0.0140023 0.0252614 -0.00100915 0.0518367 0.0747568 -0.0127616 -0.0102084 0.0453229 -0.013221 -0.00648251 0.0106841 0.016246
internal_weight=14710 13941 13384 603 12781 102 70 12679 532 380 152 769 12389 5927 4549 6462 3745 3675 622 502 4378 57 76 1378 1302 67 1235 941 2717 1708
internal_count=14710 13941 13384 603 12781 102 70 12679 532 380 152 769 12389 5927 4549 6462 3745 3675 622 502 4378 57 76 1378 1302 67 1235 941 2717 1708
is_linear=0
shrinkage=0.05


Tree=93
num_leaves=31
num_cat=0
split_feature=17 9 16 19 9 3 3 14 8 19 14 0 4 8 19 0 6 7 15 16 6 14 18 12 12 12 15 17 7 15
split_gain=64.1868 68.3424 88.2605 105.581 89.0237 82.7638 166.845 127.807 124.874 114.434 120.74 120.16 102.132 97.67 92.2968 145.774 84.1525 79.009 89.9814 72.961 71.5639 77.7812 74.3279 73.936 70.5854 68.9137 67.8911 61.6098 57.4695 102.035
threshold=39.085000000000008 -285393.95000000001 59.625000000000007 -3.0675000000000021 -294864.9599999999 15.688782000000002 22.962448000000006 54.090000000000011 -1.0131839999999996 1.4175000000000006 68.197500000000005 29.500000000000004 2701203.0000000005 0.62739549999999966 -11.0975 29.500000000000004 21.184631500000005 77.752070000000018 18.035000000000004 60.735000000000007 20.548492500000005 30.767500000000002 -4.737499999999998 9.9850000000000012 23.560000000000006 8.0750000000000011 34.352500000000013 39.292500000000011 890914.92000000004 32.70750000000001
decision_type=2 2 2 2 2 2 2 2 2 2 2 2 2 2 2 2 2 2 2 2 2 2 2 2 2 2 2 2 2 2
left_child=1 2 4 -4 -1 7 20 13 -8 11 -11 26 14 -3 15 -10 -16 18 -15 -5 28 -22 23 -23 -18 -21 -9 -2 -7 -30
right_child=27 5 3 19 -6 6 8 9 12 10 -12 -13 -14 17 16 -17 24 -19 -20 25 21 22 -24 -25 -26 -27 -28 -29 29 -31
leaf_value=0.0047184437375835846 -0.072789727985149336 0.0078488054103133878 0.13053353670342216 0.093484745264956454 0.11102854090044274 -0.0041752537347900581 -0.021582384243721841 0.0070301036406598327 0.0049719264401440946 0.11270884105935693 0.012671904153418992 0.050567484548045973 -0.024615472124490737 -0.048596729079938755 0.067478351547781909 0.15297269143962436 0.0049752578527742543 0.0069400762859140909 -0.0093995988253341243 -0.0055454861440441825 0.010771997213566628 -0.051583168903986613 -0.025996873658360467 -0.15977990075945855 0.072609340609648285 0.093299015646889097 -0.05832776434699747 -0.010507223436508348 -0.036294550481456987 0.010051298386910384
leaf_weight=1280 42 2594 29 33 20 1924 472 257 41 70 53 159 261 176 56 28 3553 586 871 110 117 75 485 20 39 21 47 727 394 170
leaf_count=1280 42 2594 29 33 20 1924 472 257 41 70 53 159 261 176 56 28 3553 586 871 110 117 75 485 20 39 21 47 727 394 170
internal_value=0.000153881 0.000929597 0.0110381 0.0425894 0.00635398 -0.000282809 -0.00351982 0.00485215 0.0027333 0.0267351 0.0696035 0.0153468 0.00561842 0.00181846 0.00774138 0.0650302 0.0066578 -0.00776068 -0.0159886 0.0270382 -0.0122565 -0.0264168 -0.0339187 -0.0743614 0.00570959 0.0102998 -0.00307457 -0.0139089 -0.0082896 -0.0223251
internal_weight=14710 13941 1493 193 1300 12448 7635 4813 4450 586 123 463 3978 4227 3717 69 3648 1633 1047 164 3185 697 580 95 3592 131 304 769 2488 564
internal_count=14710 13941 1493 193 1300 12448 7635 4813 4450 586 123 463 3978 4227 3717 69 3648 1633 1047 164 3185 697 580 95 3592 131 304 769 2488 564
is_linear=0
shrinkage=0.05


Tree=94
num_leaves=31
num_cat=0
split_feature=0 0 4 5 4 17 19 8 19 17 18 18 9 17 16 16 16 3 14 17 18 8 8 18 18 16 16 19 6 0
split_gain=63.1574 91.7473 252.374 85.5393 142.533 151.505 114.074 114.31 92.481 87.6163 121.16 101.008 126.087 100.946 74.9271 104.52 73.0165 88.7477 92.2153 72.9725 71.8452 66.1108 64.1651 62.4907 113.468 77.3041 133.342 135.99 120.581 106.998
threshold=46.500000000000007 34.500000000000007 308042.31500000006 12.635000000000003 1279.7355500000001 18.592500000000005 -0.8724999999999995 -0.084029899999999533 2.1825000000000006 35.125000000000007 4.5649999999999986 3.7875000000000019 -10747.740000000018 35.565000000000005 66.217500000000015 46.535000000000004 30.605 5.6103363500000007 45.030000000000008 34.997500000000009 5.8549999999999978 4.0906070000000021 4.1968695000000018 -14.522499999999996 -14.150000000000004 32.237500000000011 45.745000000000012 -2.4624999999999981 30.206726000000003 15.500000000000002
decision_type=2 2 2 2 2 2 2 2 2 2 2 2 2 2 2 2 2 2 2 2 2 2 2 2 2 2 2 2 2 2
left_child=1 3 16 9 14 6 7 -6 -7 10 11 19 -13 -11 15 21 17 -3 -19 23 -12 -5 -22 -1 -25 -26 28 29 -27 -28
right_child=-2 2 -4 4 5 8 -8 -9 -10 13 20 12 -14 -15 -16 -17 -18 18 -20 -21 22 -23 -24 24 25 26 27 -29 -30 -31
leaf_value=-0.011055608025742951 -0.022369367899220501 0.05062173505624136 0.039470457069556347 0.010714927296527428 -0.0014975078403949738 -0.029170510009526668 -0.011238457036566432 0.15629048948599533 -0.075714183782554234 -0.087492944726513491 -0.028283603697495066 0.076242328518740493 0.011224447988821724 -0.010788163582755734 -0.07179601266980172 0.059637819583882992 0.0083324237382060209 -0.012804120675298628 0.065362214354368356 0.087007023179187237 -0.0068663447300053061 -0.049485182338817553 0.035653278007707061 0.082236845198860209 -0.0010296661549502007 0.017430715198822409 -0.021448409843903324 -0.014521109069213271 0.13036011348691925 0.10648780300662937
leaf_weight=694 305 63 527 267 24 364 269 22 151 45 391 107 246 916 27 97 1876 1160 39 26 1582 55 94 47 3031 1566 26 625 24 44
leaf_count=694 305 63 527 267 24 364 269 22 151 45 391 107 246 916 27 97 1876 1160 39 26 1582 55 94 47 3031 1566 26 625 24 44
internal_value=0.000146187 0.000622914 0.00745377 -0.0017081 -0.0138605 -0.0261104 0.00120414 0.0739663 -0.0428173 -6.96298e-05 0.00154771 0.00493011 0.0309324 -0.01438 0.00893627 0.0141386 0.00207685 -0.00722225 -0.0102616 0.00342118 -0.00898405 0.0004323 -0.00448159 0.00306239 0.00488933 0.00420548 0.0111498 -0.00711926 0.0191353 0.0589686
internal_weight=14710 14405 3665 10740 1276 830 315 46 515 9464 8503 6436 353 961 446 419 3138 1262 1199 6083 2067 322 1676 6057 5363 5316 2285 695 1590 70
internal_count=14710 14405 3665 10740 1276 830 315 46 515 9464 8503 6436 353 961 446 419 3138 1262 1199 6083 2067 322 1676 6057 5363 5316 2285 695 1590 70
is_linear=0
shrinkage=0.05


Tree=95
num_leaves=31
num_cat=0
split_feature=15 0 0 4 0 6 7 7 14 6 14 9 14 14 14 6 8 4 5 14 8 17 12 5 1 18 5 1 6 17
split_gain=77.8705 68.1529 84.8566 84.0895 98.9258 107.427 91.034 90.0154 72.2713 82.1134 69.1579 66.3789 65.9479 72.5305 62.2458 108.83 92.8789 84.1564 83.8931 75.9738 110.329 73.2073 72.3231 63.8139 61.4272 63.6652 61.0466 59.4527 96.1561 59.0719
threshold=13.050000000000002 26.500000000000004 45.500000000000007 179443.30500000002 5.5000000000000009 17.115844500000005 324735.73000000004 148050.51500000004 40.955000000000005 16.574981500000003 68.877500000000012 -39341.969999999921 37.437500000000007 21.140000000000004 48.892500000000005 29.032333500000004 -0.35963499999999898 2795078.6500000004 12.395000000000001 52.585000000000001 -3.215789500000001 31.877500000000001 8.1150000000000002 14.005000000000001 2.5000000000000004 6.9575000000000058 14.325000000000001 1.5000000000000002 26.001251000000003 14.030000000000003
decision_type=2 2 2 2 2 2 2 2 2 2 2 2 2 2 2 2 2 2 2 2 2 2 2 2 2 2 2 2 2 2
left_child=11 3 12 4 -2 7 -5 8 9 -6 24 -1 13 -3 15 18 -17 19 21 23 -21 -14 -18 -16 25 -10 -7 28 -20 -15
right_child=1 2 -4 6 5 26 -8 -9 10 -11 -12 -13 14 29 17 16 22 -19 27 20 -22 -23 -24 -25 -26 -27 -28 -29 -30 -31
leaf_value=0.071600417783033221 -0.0084125748994252226 0.0235061388291752 -0.014243848325141237 -0.03394895823912733 0.0033383320334746318 -0.0032410472408443609 -0.0067246368145356386 0.071895989865967722 0.086517391657245535 0.076222902149893357 -0.016450231752491423 0.013307399037749629 0.019410701837895325 0.032605742383275065 -0.0098722973461203949 -0.012497535639482997 0.025813330663368106 -0.049319384516459487 0.13413749742188624 0.10300101886757396 0.0097154702471587764 -0.013127413651874156 0.14048524056561293 -0.093049246328020543 0.019441074841107922 0.025624806761693261 -0.083786681387573489 0.025032524448907634 0.016075673140585424 -0.0027508723577372245
leaf_weight=62 1782 324 610 342 1140 1187 3006 66 97 40 70 230 394 123 158 23 20 71 35 33 802 308 44 27 211 77 24 338 34 2987
leaf_count=62 1782 324 610 342 1140 1187 3006 66 97 40 70 230 394 123 158 23 20 71 35 33 802 308 44 27 211 77 24 338 34 2987
internal_value=0.000122505 -0.000396813 0.00348366 -0.00345168 0.000866294 0.0065445 -0.00950562 0.0146476 0.0123367 0.005809 0.0292656 0.0256847 0.00537385 0.000992906 0.011952 0.0198304 0.0736802 0.00331532 0.0156059 0.00697911 0.0134022 0.00513472 0.10465 -0.0220116 0.0375776 0.0595707 -0.00483733 0.0336668 0.0759621 -0.00135252
internal_weight=14665 14373 6331 8042 4694 2912 3348 1701 1635 1180 455 292 5721 3434 2287 1196 87 1091 1109 1020 835 702 64 185 385 174 1211 407 69 3110
internal_count=14665 14373 6331 8042 4694 2912 3348 1701 1635 1180 455 292 5721 3434 2287 1196 87 1091 1109 1020 835 702 64 185 385 174 1211 407 69 3110
is_linear=0
shrinkage=0.05


Tree=96
num_leaves=31
num_cat=0
split_feature=15 3 0 19 5 18 8 18 8 16 3 3 3 6 9 6 5 8 18 18 16 14 18 16 15 7 15 15 9 19
split_gain=70.2782 65.6979 80.9792 71.9254 69.0326 103.098 94.1953 99.1622 104.514 69.5014 68.4975 61.9021 60.678 91.9085 103.86 81.571 77.7954 77.1706 122.13 77.7323 69.1551 69.0107 138.511 91.8198 88.8723 84.308 151.573 126.498 211.304 96.0015
threshold=13.050000000000002 6.7229768000000005 12.500000000000002 2.7200000000000011 19.630000000000006 -10.987500000000002 0.7064819999999995 4.5649999999999986 -0.099532999999999192 87.327500000000015 27.568130500000006 28.521866000000006 23.338669000000007 19.880386500000004 -849039.84999999998 24.012680000000003 16.005000000000006 -3.0364684999999993 7.530000000000002 -0.34499999999999525 56.110000000000007 36.805000000000007 9.6375000000000046 51.217500000000008 18.445000000000004 62745.389000000003 14.1425 14.4275 -51343.860000000008 1.2249999999999999
decision_type=2 2 2 2 2 2 2 2 2 2 2 2 2 2 2 2 2 2 2 2 2 2 2 2 2 2 2 2 2 2
left_child=-1 2 3 -2 9 -6 7 11 -9 12 -8 -7 13 17 -15 -14 -16 18 19 -3 -20 24 23 -23 25 -17 -27 28 -28 -29
right_child=1 4 -4 -5 5 6 10 8 -10 -11 -12 -13 15 14 16 21 -18 -19 20 -21 -22 22 -24 -25 -26 26 27 29 -30 -31
leaf_value=0.024400449910261732 -0.017395949934934318 0.019853470790500677 0.027616158355715039 0.034775675430071054 0.08499357398444167 -0.011749471475840691 -0.0092100562588846094 0.013954181259586699 0.1682346723649813 0.051952188763146605 -0.11583770699799062 0.071507946363297006 0.025764128576772089 0.018735490276453059 -0.019722422135631787 -0.0075211335095978493 -0.11256271535935609 -0.0040359633008142997 0.035357635477009944 -0.012847396767617245 0.1206394708009832 0.036490146247788985 -0.0056102483214614147 -0.01073734133085597 -0.012568692831166224 -0.024095574619514601 0.18189598497222453 0.0063219289359339806 0.017515360474910424 0.055823690921012595
leaf_weight=292 265 384 449 88 54 97 61 21 23 60 20 29 354 185 1191 690 23 6452 85 345 33 509 670 129 1403 175 34 364 46 134
leaf_count=292 265 384 449 88 54 97 61 21 23 60 20 29 354 185 1191 690 23 6452 85 345 33 509 670 129 1403 175 34 364 46 134
internal_value=0.00011638 -0.000376972 0.0135287 -0.00438999 -0.00119875 0.0223198 0.00883625 0.0299792 0.0946008 -0.00173947 -0.0355379 0.00741295 -0.00198341 -0.00442337 -0.0161632 0.00272439 -0.0214813 -0.0021732 0.0120164 0.00437775 0.0592076 0.000760964 0.0102672 0.026941 -0.00360803 0.00510424 0.0166733 0.0290168 0.0873771 0.0196417
internal_weight=14665 14373 802 353 13571 305 251 170 44 13266 81 126 13206 8698 1399 4508 1214 7299 847 729 118 4154 1308 638 2846 1443 753 578 80 498
internal_count=14665 14373 802 353 13571 305 251 170 44 13266 81 126 13206 8698 1399 4508 1214 7299 847 729 118 4154 1308 638 2846 1443 753 578 80 498
is_linear=0
shrinkage=0.05


Tree=97
num_leaves=31
num_cat=0
split_feature=15 0 4 0 6 16 17 9 19 0 0 6 9 8 17 0 14 14 14 16 5 19 3 3 6 16 19 15 16 3
split_gain=63.426 60.8389 77.77 88.1524 94.1912 85.8113 85.4051 82.446 76.8371 76.2952 65.6853 65.4761 59.9069 59.0064 57.9617 65.8123 56.177 73.1591 72.7029 55.2328 54.2343 53.6698 53.3038 51.0878 124.077 127.202 102.632 166.07 85.2673 97.2862
threshold=13.050000000000002 26.500000000000004 179443.30500000002 5.5000000000000009 17.115844500000005 31.802500000000002 33.865000000000009 -8703.4999999999982 9.6525000000000052 45.500000000000007 15.500000000000002 3.0838165000000006 -39341.969999999921 4.0906070000000021 15.172500000000001 12.500000000000002 68.877500000000012 54.090000000000011 47.832500000000003 44.397500000000001 14.325000000000001 2.2449999999999997 13.341156000000002 18.490432500000004 20.652496000000003 39.092500000000008 1.3524999999999976 34.545000000000009 37.437500000000007 18.669510000000002
decision_type=2 2 2 2 2 2 2 2 2 2 2 2 2 2 2 2 2 2 2 2 2 2 2 2 2 2 2 2 2 2
left_child=12 2 3 21 5 14 7 19 16 11 -4 -3 -1 -13 15 -5 17 18 -9 -7 -6 -2 -19 24 25 26 27 -12 -25 -30
right_child=1 9 10 4 20 6 -8 8 -10 -11 23 13 -14 -15 -16 -17 -18 22 -20 -21 -22 -23 -24 28 -26 -27 -28 -29 29 -31
leaf_value=0.066800373678486194 -0.013390663514757623 0.066567071878113032 -0.036207935454671464 0.0026762952127942947 -0.0028847821972743048 0.13326670728398091 0.0019562906535149443 0.023878524737051182 0.11799487269928921 -0.013501233896035435 0.0060862400669611481 0.0058473294230488131 0.011422006899703538 -0.016795556779068552 -0.0044518795848036783 0.087274069339036947 -0.03659175455038037 0.1031960215913702 -0.067549930836843408 0.033578606528074789 -0.078803369806458565 0.0057407569840041452 0.035778986572523999 -0.011558406557225237 -0.11003414284663671 -0.033063129504031827 -0.021801478499391218 0.13316872384813097 0.099195004155238464 0.0073456790809883809
leaf_weight=62 1266 43 209 56 1187 33 309 398 23 610 537 5374 230 304 639 39 35 49 23 24 24 516 73 933 33 473 367 27 30 739
leaf_count=62 1266 43 209 56 1187 33 309 398 23 610 537 5374 230 304 639 39 35 49 23 24 24 516 73 933 33 473 367 27 30 739
internal_value=0.000110561 -0.000358123 -0.00324442 0.000908132 0.00626824 0.0138558 0.0236399 0.0338227 0.0283721 0.00330822 -0.00906643 0.00510052 0.0231804 0.00463503 0.000965681 0.0374059 0.0248058 0.0287633 0.0188836 0.0912928 -0.00438936 -0.00785093 0.0628563 -0.0072593 -0.0142013 -0.0119488 -0.00122156 0.01217 -0.00139817 0.0109289
internal_weight=14665 14373 8042 4694 2912 1701 967 658 601 6331 3348 5721 292 5678 734 95 578 543 421 57 1211 1782 122 3139 1437 1404 931 564 1702 769
internal_count=14665 14373 8042 4694 2912 1701 967 658 601 6331 3348 5721 292 5678 734 95 578 543 421 57 1211 1782 122 3139 1437 1404 931 564 1702 769
is_linear=0
shrinkage=0.05


Tree=98
num_leaves=31
num_cat=0
split_feature=15 15 6 4 18 18 16 17 9 1 14 16 16 9 5 17 3 16 17 0 13 18 14 5 16 19 19 19 14 17
split_gain=59.6231 147.021 89.0224 96.8963 77.3319 108.503 74.2355 70.0759 92.5933 69.6619 63.652 81.611 71.9638 60.6558 60.2527 109.197 62.005 102.548 94.7904 97.7041 83.7951 74.7585 73.1671 61.2224 56.0056 74.2276 92.376 73.538 70.2847 99.2591
threshold=14.875000000000002 15.665000000000001 28.892029000000004 1995239.4500000004 19.212499999999999 20.580000000000002 81.257500000000007 13.887500000000001 -110021.26999999995 1.5000000000000002 21.140000000000004 24.537500000000005 21.835000000000004 45117.343000000008 19.630000000000006 19.720000000000002 11.124771000000001 24.992500000000003 20.817500000000006 11.500000000000002 16.190000000000001 0.38749999999999934 28.407500000000002 6.7200000000000015 32.177500000000002 1.4824999999999984 1.6224999999999972 1.3524999999999976 42.915000000000013 34.042500000000011
decision_type=2 2 2 2 2 2 2 2 2 2 2 2 2 2 2 2 2 2 2 2 2 2 2 2 2 2 2 2 2 2
left_child=-1 -2 3 6 -5 -6 7 8 -3 -4 -9 12 -12 -8 16 -16 18 23 19 -13 21 -20 -21 -18 -19 27 -27 -26 29 -28
right_child=1 2 9 4 5 -7 13 10 -10 -11 11 14 -14 -15 15 -17 17 24 20 22 -22 -23 -24 -25 25 26 28 -29 -30 -31
leaf_value=0.010187543135870229 -0.031474408998668525 0.097245254188892433 0.054296899263739075 -0.018294756331076259 0.12930527322349095 -6.8526780626303725e-05 0.060123792387182934 0.019087462833891497 0.012647366300004827 0.010397245393828747 -0.00070774981367084829 -0.0024828926573942913 -0.027613907893089797 -0.0230256507365868 -0.064381765001095256 0.047012870433134638 -0.03136923209996894 -0.0098935960453543116 -0.013112890847836126 0.0083469102891707194 0.098026355220512909 0.012718837339792 0.065182247187158524 0.06596985711671767 0.00289083561326826 -0.053072019749900924 0.0084812546573052646 0.042871112189404356 -0.015249973982018494 -0.041607082740149716
leaf_weight=1333 382 40 117 1078 21 71 90 404 169 397 476 154 520 29 26 143 20 2016 574 82 22 547 183 84 3436 106 981 119 935 110
leaf_count=1333 382 40 117 1078 21 71 90 404 169 397 476 154 520 29 26 143 20 2016 574 82 22 547 183 84 3436 106 981 119 935 110
internal_value=0.000105033 -0.000903067 -1.27113e-06 -0.000844074 -0.0145395 0.0294624 0.000578226 0.000158868 0.0288383 0.02039 -0.000389131 -0.0011361 -0.0147551 0.0398605 0.000286063 0.0298752 -0.000247673 -0.0020671 0.00884598 0.0291896 0.00138844 -0.000508114 0.0475955 0.0472508 -0.00273295 -0.000194559 -0.00757084 0.00422913 -0.00519022 0.0034311
internal_weight=14665 13332 12950 12436 1170 92 11266 11147 209 514 10938 10534 996 119 9538 169 9369 7807 1562 419 1143 1121 265 104 7703 5687 2132 3555 2026 1091
internal_count=14665 13332 12950 12436 1170 92 11266 11147 209 514 10938 10534 996 119 9538 169 9369 7807 1562 419 1143 1121 265 104 7703 5687 2132 3555 2026 1091
is_linear=0
shrinkage=0.05


Tree=99
num_leaves=31
num_cat=0
split_feature=15 3 16 5 17 8 14 8 18 18 16 9 4 3 4 19 8 19 19 7 17 14 18 17 19 19 19 18 15 18
split_gain=54.6389 56.7014 71.9453 55.7935 94.1952 85.8298 77.1849 108.046 72.6002 59.9621 56.7253 54.066 53.9186 53.7151 71.4151 87.1005 98.5671 83.5492 189.742 108.685 78.2218 110.635 77.6052 74.6493 73.1971 68.9487 69.3383 150.798 124.214 146.281
threshold=13.050000000000002 6.7229768000000005 17.290000000000003 19.630000000000006 17.340000000000003 -0.80615184999999989 47.007500000000007 -0.56567349999999983 -1.5950000000000022 -10.987500000000002 87.327500000000015 -39341.969999999921 1697924.2500000002 23.338669000000007 447987.82500000007 -2.5475000000000008 4.7106789999999998 1.4824999999999984 1.4175000000000006 733484.95000000007 38.265000000000008 46.787500000000001 20.252500000000005 14.350000000000003 16.092500000000005 2.2449999999999997 3.1349999999999993 7.530000000000002 27.697500000000002 3.0925000000000016
decision_type=2 2 2 2 2 2 2 2 2 2 2 2 2 2 2 2 2 2 2 2 2 2 2 2 2 2 2 2 2 2
left_child=11 2 -2 10 5 -5 7 -6 9 -9 13 -1 -4 14 15 22 17 18 19 23 24 -22 -3 -17 -16 -19 27 28 -27 -30
right_child=1 3 12 4 6 -7 -8 8 -10 -11 -12 -13 -14 -15 20 16 -18 25 -20 -21 21 -23 -24 -25 -26 26 -28 -29 29 -31
leaf_value=0.062950978365035798 -0.072681225789710882 -0.016508496595894318 0.012916122776678217 0.041569939826925598 -0.0074891782167585607 -0.064632321025531445 -0.0084748696535825729 0.088861165298743452 0.14131790084971324 -0.0046349121852674417 0.046921561217556397 0.010341529616498916 0.090628746589240819 0.0026242934035171847 -0.0084302285294838471 0.05290017575453753 -0.02505276278336771 -0.018132005016132279 0.11379288622074657 0.073971908719977372 -0.062278202862054655 0.0080131202422339346 0.020475262686909166 0.0054509032325221474 0.085248267295814695 -0.016342479244672827 -0.0030800200482568006 0.12427308651138887 0.025569357064687798 0.16827068101792109
leaf_weight=62 24 1140 755 30 47 52 66 47 36 27 60 230 23 4508 2965 87 293 510 45 64 157 87 162 1755 21 175 1059 33 124 21
leaf_count=62 24 1140 755 30 47 52 66 47 36 27 60 230 23 4508 2965 87 293 510 45 64 157 87 162 1755 21 175 1059 33 124 21
internal_value=9.97814e-05 -0.000335227 0.0125833 -0.00109867 0.0200448 -0.0257778 0.0368944 0.0559668 0.0830798 0.0547477 -0.00158478 0.021512 0.0152135 -0.00180516 -0.00410086 -0.000618749 0.00290911 0.00502449 0.0123134 0.00991755 -0.00999565 -0.0372153 -0.0119068 0.00769199 -0.0077714 -0.00237445 0.00331701 0.0225081 0.0120136 0.0462364
internal_weight=14665 14373 802 13571 305 82 223 157 110 74 13266 292 778 13206 8698 5468 4166 3873 1951 1906 3230 244 1302 1842 2986 1922 1412 353 320 145
internal_count=14665 14373 802 13571 305 82 223 157 110 74 13266 292 778 13206 8698 5468 4166 3873 1951 1906 3230 244 1302 1842 2986 1922 1412 353 320 145
is_linear=0
shrinkage=0.05


Tree=100
num_leaves=31
num_cat=0
split_feature=0 0 0 13 1 0 9 12 16 0 18 13 5 17 16 1 16 19 0 16 1 16 9 1 14 6 18 16 16 9
split_gain=59.1435 73.7752 57.3911 80.1121 64.7769 82.179 68.1302 70.6667 64.9639 63.126 63.6189 62.3866 95.4713 95.259 57.7263 125.719 68.5313 71.6533 68.5087 55.3615 54.9873 87.3014 64.3644 90.3262 56.3411 58.6081 93.8295 60.0099 82.7622 74.5845
threshold=45.500000000000007 25.500000000000004 23.500000000000004 2.02 5.5000000000000009 12.500000000000002 -204324.21799999994 10.845000000000001 30.767500000000002 19.500000000000004 1.6174999999999982 1.0000000180025095e-35 8.4250000000000025 15.775 59.625000000000007 3.5000000000000004 49.802500000000002 0.13750000000000109 20.500000000000004 38.045000000000009 1.5000000000000002 21.140000000000004 -472723.28999999992 2.5000000000000004 19.207500000000007 29.442657500000003 -1.1499999999999913 33.742500000000007 33.782500000000006 -849039.84999999998
decision_type=2 2 2 2 2 2 2 2 2 2 2 2 2 2 2 2 2 2 2 2 2 2 2 2 2 2 2 2 2 2
left_child=1 2 4 -4 6 8 7 11 -6 10 -7 12 14 -14 16 -16 17 18 -1 -19 21 -3 23 -22 -23 27 -27 29 -29 -26
right_child=-2 20 3 -5 5 9 -8 -9 -10 -11 -12 -13 13 -15 15 -17 -18 19 -20 -21 22 24 -24 -25 25 26 -28 28 -30 -31
leaf_value=0.037719922627244773 -0.015111341541135442 0.046599361399144293 -0.025734245732864144 0.02178666578407434 0.024216646813054354 -0.023916140769265203 -0.0010389035714360518 -0.026166939796770324 -0.011961245585347793 -0.0040774109119824558 -0.071034176062144669 -0.0095483808587185845 0.028035164214670661 0.18235542118549347 0.14837913932623689 -0.0042028204710395254 -0.038259772134336588 0.029057298764063599 -0.022171154646202923 0.10579213227611035 0.066991641902061833 0.073367167648040896 -0.00016515413911626859 0.0090694455493351422 0.079316401422023786 0.10763477009494563 0.0050255787625376677 0.099036399128713787 0.011452250023266351 -0.0086032380568361096
leaf_weight=96 613 168 496 108 188 190 5699 85 365 176 115 117 20 20 27 27 49 57 95 40 83 33 3932 356 25 37 56 28 735 687
leaf_count=96 613 168 496 108 188 190 5699 85 365 176 115 117 20 20 27 27 49 57 95 40 83 33 3932 356 25 37 56 28 735 687
internal_value=9.26877e-05 0.000753217 -0.00242012 -0.0172371 -0.00120515 -0.0128083 0.000689606 0.0162517 0.000337929 -0.0279223 -0.041682 0.0228312 0.031621 0.105195 0.0240942 0.0720882 0.0164038 0.0257042 0.00793117 0.0607005 0.00487236 0.0123101 0.00186219 0.0200206 0.00871202 0.00735129 0.0458486 0.00492401 0.0146663 -0.00551617
internal_weight=14723 14110 7970 604 7366 1034 6332 633 553 481 305 548 431 40 391 54 337 288 191 97 6140 1769 4371 439 1601 1568 93 1475 763 712
internal_count=14723 14110 7970 604 7366 1034 6332 633 553 481 305 548 431 40 391 54 337 288 191 97 6140 1769 4371 439 1601 1568 93 1475 763 712
is_linear=0
shrinkage=0.05


Tree=101
num_leaves=31
num_cat=0
split_feature=3 0 0 0 9 15 15 6 1 0 9 12 0 1 3 4 0 4 13 17 19 19 4 19 17 14 12 14 6 19
split_gain=59.2804 58.2296 52.0583 68.9346 174.915 88.5971 170.939 57.2898 54.1776 59.8223 51.5653 50.9646 48.7535 55.2166 62.7269 52.0681 68.2972 95.2884 63.8459 64.458 73.8411 66.7645 126.35 58.349 56.8348 84.7024 64.8611 54.4322 98.687 54.3336
threshold=2.6135253500000002 13.500000000000002 45.500000000000007 34.500000000000007 39085.219999999979 21.735000000000003 20.6675 20.924789000000001 5.5000000000000009 30.500000000000004 777176.33000000007 15.825000000000001 5.5000000000000009 1.0000000180025095e-35 26.067123000000006 779099.50000000012 15.500000000000002 88659.572000000015 3.7700000000000005 15.172500000000001 1.8325000000000025 0.13750000000000109 581985.07000000007 -11.0975 37.980000000000011 40.43 2.7500000000000004 36.002500000000012 16.393188500000004 -8.8775000000000013
decision_type=2 2 2 2 2 2 2 2 2 2 2 2 2 2 2 2 2 2 2 2 2 2 2 2 2 2 2 2 2 2
left_child=1 -1 3 8 -5 6 -6 11 10 -10 12 -7 13 -2 -15 16 17 -14 19 -18 21 -21 27 -17 29 -26 -27 -23 -29 -25
right_child=2 -3 -4 4 5 7 -8 -9 9 -11 -12 -13 15 14 -16 23 18 -19 -20 20 -22 22 -24 24 25 26 -28 28 -30 -31
leaf_value=-0.001168853792672356 -0.028506575583199426 0.095793242397485309 -0.014393398167259068 0.0029160038641676466 0.040748895926489719 0.026748252062568978 0.18154507348442386 -0.011025827002343665 -0.0067212845300618764 -0.038304151135590485 -0.015031940857223229 0.10072971664626024 0.0055054094754801424 -0.0074684993414261651 0.023453165811709673 0.028562821325225137 0.057970270666142777 -0.025705233688769868 -0.0097263642040606446 0.01456145257738492 -0.01200602750937619 0.046201975294388832 -0.011198749157340556 -0.030014492085532904 -0.098839039041807783 0.058606257493607705 -0.038252890419348012 0.17934586001294001 0.05492971044197377 -0.00042309061371781777
leaf_weight=30 252 32 612 3041 84 118 29 81 1329 169 539 29 2347 1125 192 150 111 273 188 471 170 76 61 164 38 25 56 28 37 2866
leaf_count=30 252 32 612 3041 84 118 29 81 1329 169 539 29 2347 1125 192 150 111 273 188 471 170 76 61 164 38 25 56 28 37 2866
internal_value=8.80533e-05 0.0488761 -0.000118267 0.000503584 0.00672373 0.0406806 0.0768824 0.0227384 -0.00146853 -0.0102844 -2.82263e-05 0.0413432 0.000908854 -0.00706355 -0.00296056 0.00268037 0.0067011 0.00225331 0.0169053 0.0221535 0.0174374 0.0248748 0.0489223 -0.00190464 -0.00335594 -0.0372512 -0.00835809 0.0749322 0.108524 -0.00202474
internal_weight=14723 62 14661 14049 3382 341 113 228 10667 1498 9169 147 8630 1569 1317 7061 3762 2620 1142 954 843 673 202 3299 3149 119 81 141 65 3030
internal_count=14723 62 14661 14049 3382 341 113 228 10667 1498 9169 147 8630 1569 1317 7061 3762 2620 1142 954 843 673 202 3299 3149 119 81 141 65 3030
is_linear=0
shrinkage=0.05


Tree=102
num_leaves=31
num_cat=0
split_feature=3 0 6 8 5 19 9 14 12 17 8 14 14 0 14 19 14 19 12 14 19 6 12 17 15 3 13 17 5 1
split_gain=53.5006 52.5522 47.3194 46.4575 47.0044 60.1914 68.8166 70.0015 71.6607 61.2832 170.322 115.706 92.5447 62.5203 80.4789 58.2818 98.5023 92.2532 100.033 71.9624 58.529 56.8396 55.51 65.9698 53.5159 48.1353 59.2862 60.6449 55.9973 55.1694
threshold=2.6135253500000002 13.500000000000002 2.6010895000000005 5.6624755000000002 7.6350000000000007 -11.0975 -487255.29999999999 25.592500000000005 7.3850000000000007 34.352500000000013 1.0124815 69.080000000000027 37.437500000000007 30.500000000000004 46.840000000000003 1.0000000180025095e-35 35.417500000000011 -1.2199999999999995 7.1450000000000005 36.360000000000007 -0.70250000000000046 16.309814500000005 7.1450000000000005 29.960000000000004 26.882500000000004 28.190140000000003 13.985000000000001 12.502500000000003 25.290000000000003 1.5000000000000002
decision_type=2 2 2 2 2 2 2 2 2 2 2 2 2 2 2 2 2 2 2 2 2 2 2 2 2 2 2 2 2 2
left_child=1 -1 -2 4 5 24 7 8 -7 11 12 13 -11 14 22 17 -17 -8 20 -18 -19 -16 23 -9 -4 28 27 -27 -6 -29
right_child=2 -3 3 -5 25 6 15 9 -10 10 -12 -13 -14 -15 21 16 19 18 -20 -21 -22 -23 -24 -25 -26 26 -28 29 -30 -31
leaf_value=-0.0011104109060640136 0.030275392838878423 0.091003579390235248 0.036743760953588112 -0.019278691012453313 0.00040633712126100335 0.026166222698014715 -0.0097096034118503323 0.055566050977047005 -0.085653872072304557 -0.13946463655341754 0.06971100944765779 0.1370912457505862 -0.024544275932143943 0.08257639746774327 -0.101435836404562 -0.020596670563303582 0.059816292048975206 -0.10575845252190318 -0.016793892309281296 0.002775802441300075 -0.042780249630315952 -0.0081536284619105181 -0.010482483242663581 -0.020814983482871738 -0.01957324159852529 0.079484432041645056 0.066390523831455078 0.029784657474550787 0.063758813983627732 -0.00082365291380527908
leaf_weight=30 127 32 148 318 10198 23 662 147 38 22 43 21 86 33 20 543 60 70 176 705 78 89 74 35 59 30 49 198 35 574
leaf_count=30 127 32 148 318 10198 23 662 147 38 22 43 21 86 33 20 543 60 70 176 705 78 89 74 35 59 30 49 198 35 574
internal_value=8.36506e-05 0.0464323 -0.000112353 -0.000377886 4.49096e-05 -0.00536373 -0.00720768 0.00741529 -0.0434922 0.0128633 -0.0144467 0.0227053 -0.047954 0.0166699 0.0107112 -0.01123 -0.00431045 -0.0204092 -0.0422706 0.00724957 -0.0725672 -0.0252696 0.0260312 0.0408774 0.0206921 0.00157323 0.0129991 0.00973706 0.000623022 0.00702667
internal_weight=14723 62 14661 14534 14216 3132 2925 631 61 570 151 419 108 398 365 2294 1308 986 324 765 148 109 256 182 207 11084 851 802 10233 772
internal_count=14723 62 14661 14534 14216 3132 2925 631 61 570 151 419 108 398 365 2294 1308 986 324 765 148 109 256 182 207 11084 851 802 10233 772
is_linear=0
shrinkage=0.05


Tree=103
num_leaves=31
num_cat=0
split_feature=0 0 9 18 18 18 15 6 9 13 18 0 3 0 8 3 14 14 15 15 12 9 19 7 9 18 6 14 14 14
split_gain=48.5063 77.396 148.872 78.488 110.474 85.7849 76.8123 102.557 72.587 70.2079 107.835 88.3114 83.9602 83.5312 81.8141 66.2115 65.0542 116.152 145.188 144.128 103.666 82.3834 106.572 79.7589 65.6686 77.6921 64.4628 63.9494 97.7807 63.1384
threshold=44.500000000000007 34.500000000000007 39085.219999999979 4.5649999999999986 3.7524999999999964 5.8549999999999978 24.315000000000005 21.184631500000005 -134848.80499999996 1.0000000180025095e-35 3.7324999999999986 9.5000000000000018 3.1437682500000004 12.500000000000002 1.1964270000000001 25.924270500000002 48.017500000000005 36.002500000000012 37.045000000000009 21.772500000000004 7.2650000000000006 -267475.02500000002 -0.45999999999999813 2509136.3500000006 1122248.7000000002 1.7850000000000039 22.484161500000003 33.110000000000007 43.300000000000004 35.620000000000012
decision_type=2 2 2 2 2 2 2 2 2 2 2 2 2 2 2 2 2 2 2 2 2 2 2 2 2 2 2 2 2 2
left_child=1 3 -3 4 9 -5 27 -8 -6 10 11 15 -13 -11 -15 -1 17 23 19 20 -19 22 -18 24 25 29 -24 -4 -29 -14
right_child=-2 2 6 5 8 -7 7 -9 -10 13 -12 12 16 14 -16 -17 21 18 -20 -21 -22 -23 26 -25 -26 -27 -28 28 -30 -31
leaf_value=-0.011409982647487995 -0.011011221104709597 0.0039099501953937998 0.035372388540279298 -0.028493403558917059 0.060395359648334437 -0.0045722127709468341 0.041920218154484101 -0.03794067446463581 0.013756393303985022 0.0050638558378843573 -0.10037224501371385 0.086105111427605158 0.015356051370639693 -0.02013284247133651 0.006642706924110591 0.01707541215808454 0.11535614045070751 -0.092743127580199924 -0.066962760720267203 0.048114713476960946 0.011845437570946752 -0.017294751898917198 -0.02691126147115773 -0.02341537139894408 -0.047717870157570223 -0.0096745872543477981 0.077912322776392109 0.15451217108455145 0.036866223524239933 -0.068077856448033588
leaf_weight=1219 924 2736 84 452 112 2194 131 58 327 914 25 34 1605 1224 372 245 28 28 38 473 154 466 55 227 52 432 20 38 33 23
leaf_count=1219 924 2736 84 452 112 2194 131 58 327 914 25 34 1605 1224 372 245 28 28 38 473 154 466 55 227 52 432 20 38 33 23
internal_value=7.94681e-05 0.000822116 0.00780777 -0.00118514 0.00126432 -0.00865852 0.0388091 0.0174126 0.0256552 -0.000138294 0.00321768 0.00372558 0.00790152 -0.0069893 -0.0138919 -0.00664296 0.00716313 0.0100744 0.0280535 0.0335659 -0.00424511 -0.00835019 0.0321175 0.0047476 0.00777458 0.00917536 0.00104169 0.0648989 0.0998317 0.0141773
internal_weight=14723 13799 3080 10719 8073 2646 344 189 439 7634 5124 5099 3635 2510 1596 1464 3601 3032 693 655 182 569 103 2339 2112 2060 75 155 71 1628
internal_count=14723 13799 3080 10719 8073 2646 344 189 439 7634 5124 5099 3635 2510 1596 1464 3601 3032 693 655 182 569 103 2339 2112 2060 75 155 71 1628
is_linear=0
shrinkage=0.05


Tree=104
num_leaves=31
num_cat=0
split_feature=3 0 0 0 4 0 1 4 1 19 1 16 9 1 16 7 5 9 14 6 15 14 17 16 3 16 14 19 19 3
split_gain=45.4647 47.4054 42.9882 58.8 54.0607 79.55 116.557 61.2795 59.2782 55.8283 48.884 75.7984 55.1527 73.678 58.3363 88.7711 96.9492 69.6536 60.6445 60.3967 105.641 57.5221 50.5797 62.6608 114.628 158.456 74.7814 61.1674 100.69 70.4767
threshold=2.6135253500000002 13.500000000000002 45.500000000000007 25.500000000000004 479150.01500000007 15.500000000000002 3.5000000000000004 88659.572000000015 1.0000000180025095e-35 -0.30749999999999739 1.5000000000000002 21.140000000000004 -472723.28999999992 2.5000000000000004 28.607500000000005 900181.68000000017 21.450000000000006 330804.32500000001 21.140000000000004 19.088211000000005 28.680000000000003 21.752500000000001 14.267500000000002 33.742500000000007 23.702026500000006 38.982500000000009 19.207500000000007 -8.4024999999999999 -1.3299999999999981 10.757034000000003
decision_type=2 2 2 2 2 2 2 2 2 2 2 2 2 2 2 2 2 2 2 2 2 2 2 2 2 2 2 2 2 2
left_child=1 -1 3 4 5 7 9 8 -2 -7 11 -5 13 -12 17 16 19 18 -14 -16 -21 -20 -13 26 27 -26 -24 -25 -29 -30
right_child=2 -3 -4 10 -6 6 -8 -9 -10 -11 12 22 14 -15 15 -17 -18 -19 21 20 -22 -23 23 24 25 -27 -28 28 29 -31
leaf_value=-0.0023529169180740916 -0.014229811834977877 0.085134244412620325 -0.013077270215718848 0.043097465412713414 -0.0083272339328245761 0.019599835990272738 -0.010136700268291559 -0.023750227561284757 0.0022493069661182869 0.063136070868069369 0.060521513426743716 0.045800936558137995 0.012135768100092648 0.0082088046951815912 0.015713753301756974 -0.0098148597064339534 0.083000099777498032 0.025073295988344641 -0.068699515003880315 0.012965070925650884 -0.024754119031773561 -0.015933784476520781 0.068870558000212023 -0.016938584913344431 0.13512225604512626 0.011440422938617528 -0.0081338972674749929 0.041765639307391314 0.086636870624497542 -0.010948551541216944
leaf_weight=30 634 32 612 168 2581 162 198 290 3919 135 83 83 187 356 1041 855 44 129 55 444 319 848 33 180 45 61 707 225 20 247
leaf_count=30 634 32 612 168 2581 162 198 290 3919 135 83 83 187 356 1041 855 44 129 55 444 319 848 33 180 45 61 707 225 20 247
internal_value=7.54947e-05 0.0428017 -0.000105191 0.000459897 -0.00238608 0.000486557 0.0195787 -0.00146484 -4.53913e-05 0.039389 0.00413645 0.011147 0.00129268 0.0180994 -0.000588535 0.00350656 0.00966989 -0.00966897 -0.0137807 0.00788134 -0.00280481 -0.0191476 0.0077943 0.0057162 0.0156236 0.0639469 -0.00469991 0.00800114 0.0171254 -0.00363878
internal_weight=14723 62 14661 14049 7919 5338 495 4843 4553 297 6130 1769 4361 439 3922 2703 1848 1219 1090 1804 763 903 1601 1518 778 106 740 672 492 267
internal_count=14723 62 14661 14049 7919 5338 495 4843 4553 297 6130 1769 4361 439 3922 2703 1848 1219 1090 1804 763 903 1601 1518 778 106 740 672 492 267
is_linear=0
shrinkage=0.05


Tree=105
num_leaves=31
num_cat=0
split_feature=3 14 0 3 17 13 16 19 5 0 19 6 18 14 14 3 13 19 19 3 8 7 7 14 14 8 7 14 1 19
split_gain=51.8844 74.1091 84.8809 75.4416 61.0629 64.2256 159.127 62.6058 55.2725 73.9468 49.4849 48.4213 66.8335 44.7217 44.5199 70.083 70.6937 85.2453 90.9566 77.088 74.1966 105.454 95.6213 71.289 108.733 70.8262 100.177 117.542 94.8142 87.6935
threshold=9.5282285000000027 28.407500000000002 12.500000000000002 4.9359436500000013 33.957500000000003 9.5050000000000008 30.605 0.29000000000000187 25.290000000000003 35.500000000000007 2.7200000000000011 3.0838165000000006 1.2850000000000004 18.242500000000003 63.13000000000001 22.962448000000006 12.585000000000003 1.5374999999999945 1.0000000180025095e-35 13.242126500000003 1.0000000180025095e-35 2509136.3500000006 155445.68000000002 34.460000000000001 43.465000000000011 0.6847235000000006 77.752070000000018 55.145000000000003 2.5000000000000004 -0.54249999999999854
decision_type=2 2 2 2 2 2 2 2 2 2 2 2 2 2 2 2 2 2 2 2 2 2 2 2 2 2 2 2 2 2
left_child=1 2 10 13 5 7 -7 -3 14 -10 -1 -5 -13 -4 15 16 17 18 25 -18 22 -22 -20 -24 -25 28 -27 -28 -2 -30
right_child=8 4 3 11 -6 6 -8 -9 9 -11 -12 12 -14 -15 -16 -17 19 -19 20 -21 21 -23 23 24 -26 26 27 -29 29 -31
leaf_value=-0.025848166516942668 -0.0084097398814805737 0.044650982871693987 0.10290700463950636 0.076656251932893493 -0.0038575200982558636 0.0017559568530746868 0.17925017268761345 0.0083541135099851321 -0.0095995957461687247 0.10965030600245183 0.021001961449188974 0.0087619404961479744 -0.029935552879255645 0.029342774246983668 0.0088570030461098247 0.0020170583362099704 0.059872115975836429 -0.014182507830883061 0.0041588419135493203 0.0014341676833322891 0.0011636989430883456 -0.089077184864874981 0.012530367572224983 0.10244620682693324 0.020073594740902385 -0.014204594716062523 0.0095974162443990072 0.10378539910806078 -0.05541147276921117 0.0028046812965638111
leaf_weight=355 1201 198 25 21 201 28 23 297 26 26 67 463 147 119 938 5031 82 2442 391 181 677 34 115 86 75 558 618 35 230 90
leaf_count=355 1201 198 25 21 201 28 23 297 26 26 67 463 147 119 938 5031 82 2442 391 181 677 34 115 86 75 558 618 35 230 90
internal_value=-0.000266578 0.00734576 -0.000366307 0.00945871 0.0197036 0.0283773 0.0818024 0.0228729 -0.00141946 0.0500254 -0.0184099 0.00200639 -0.000563521 0.0421143 -0.00162871 -0.002459 -0.00576334 -0.00678362 -0.00238749 0.0196544 0.00808577 -0.00315162 0.0200645 0.0425974 0.0640739 -0.00767013 0.00135221 0.0146458 -0.0148536 -0.0390382
internal_weight=14780 1944 1197 775 747 546 51 495 12836 52 422 631 610 144 12784 11846 6815 6552 4110 263 1378 711 667 276 161 2732 1211 653 1521 320
internal_count=14780 1944 1197 775 747 546 51 495 12836 52 422 631 610 144 12784 11846 6815 6552 4110 263 1378 711 667 276 161 2732 1211 653 1521 320
is_linear=0
shrinkage=0.05


Tree=106
num_leaves=31
num_cat=0
split_feature=0 0 4 18 18 18 15 15 0 14 14 18 14 18 7 17 0 15 12 6 3 3 8 1 18 6 9 15 17 19
split_gain=47.8733 58.2767 132.7 64.8693 84.7759 78.0179 69.2978 75.3273 143.445 78.6391 163.258 109.093 81.5649 74.7096 68.0156 67.9682 67.4934 91.9276 95.1903 83.5932 63.7031 63.5434 71.2189 67.2403 61.2373 60.2638 59.9722 58.8582 99.5676 91.011
threshold=44.500000000000007 34.500000000000007 308042.31500000006 4.5649999999999986 5.8549999999999978 3.7875000000000019 36.862500000000004 34.545000000000009 17.500000000000004 48.017500000000005 36.002500000000012 3.7324999999999986 47.007500000000007 3.6474999999999995 66358.213000000003 20.6675 8.5000000000000018 21.772500000000004 7.6850000000000014 25.959625000000003 11.022613500000002 12.625412000000003 -4.2309719999999986 1.5000000000000002 2.6199999999999997 14.075516000000002 -10747.740000000018 31.127500000000001 29.390000000000004 0.36249999999999899
decision_type=2 2 2 2 2 2 2 2 2 2 2 2 2 2 2 2 2 2 2 2 2 2 2 2 2 2 2 2 2 2
left_child=1 3 -3 5 14 6 7 9 -9 10 15 13 16 20 -5 24 19 18 -18 -12 -11 25 23 -23 -1 -6 -7 28 29 -19
right_child=-2 2 -4 4 21 26 -8 8 -10 11 12 -13 -14 -15 -16 -17 17 27 -20 -21 -22 22 -24 -25 -26 -27 -28 -29 -30 -31
leaf_value=0.0066533031099762626 -0.011415189181793531 0.0017405457918010002 0.028999580289839146 -0.0057538616448390943 0.0073131159024572446 0.051195331514626741 -0.017998397119178836 -0.0072880442672320746 0.067585470400905859 0.032139961203210991 -0.017890685566921354 -0.11431604662427196 0.10074960149584278 0.069670403969508632 -0.044515773178254434 -0.0070808716645881621 -0.056508708760763207 -0.014189730204422685 0.019124006505983025 0.065002776051147113 -0.020406231942316694 -0.082864140178659507 -0.0051053765732051448 0.0065352471940445175 -0.019353902126289905 0.06722805496378273 0.0094263614511794665 -0.0043605462789697491 0.082511954559456743 0.047759022925296157
leaf_weight=2392 902 2533 542 201 237 125 509 137 120 64 196 27 31 27 259 2707 57 85 154 36 584 58 1797 33 250 51 275 69 126 196
leaf_count=2392 902 2533 542 201 237 125 509 137 120 64 196 27 31 27 259 2707 57 85 154 36 584 58 1797 33 250 51 275 69 126 196
internal_value=-0.000253249 0.000472221 0.00654523 -0.00125642 -0.00807629 0.000944778 -0.000164242 0.00108646 0.0276724 0.000110516 0.00187957 -0.0157631 0.0209801 -0.011821 -0.0275785 -0.00151275 0.0182893 0.0261636 -0.00130758 -0.00502791 -0.0152165 -0.00395358 -0.00729069 -0.0504446 0.00419236 0.0179231 0.0224792 0.0383409 0.0455802 0.0290201
internal_weight=14780 13878 3075 10803 2636 8167 7767 7258 257 7001 6299 702 950 675 460 5349 919 687 211 232 648 2176 1888 91 2642 288 400 476 407 281
internal_count=14780 13878 3075 10803 2636 8167 7767 7258 257 7001 6299 702 950 675 460 5349 919 687 211 232 648 2176 1888 91 2642 288 400 476 407 281
is_linear=0
shrinkage=0.05


Tree=107
num_leaves=31
num_cat=0
split_feature=3 14 0 3 17 0 0 16 19 3 4 9 0 1 9 0 14 13 18 4 12 19 19 3 4 8 19 17 17 14
split_gain=45.7065 66.695 76.8135 68.4778 54.6273 47.482 55.871 52.8799 44.0471 43.3695 70.489 96.6917 92.9568 70.2312 95.4879 67.8899 67.5506 69.1601 72.1694 63.8295 63.6576 63.5061 77.977 79.367 63.4061 74.5625 69.8748 149.423 77.9594 62.2854
threshold=9.5282285000000027 28.407500000000002 12.500000000000002 4.9359436500000013 21.797500000000003 11.500000000000002 14.500000000000002 35.417500000000011 2.7200000000000011 23.158584500000003 590682.68000000017 -124422.36999999986 19.500000000000004 5.5000000000000009 140723.34999999989 34.500000000000007 59.050000000000004 8.9350000000000005 22.737500000000001 1142999.8000000003 13.135000000000003 1.8325000000000025 -3.2625000000000006 13.781188750000002 2947866.7500000005 0.1265870000000007 -11.0975 29.810000000000002 28.632500000000004 54.345000000000006
decision_type=2 2 2 2 2 2 2 2 2 2 2 2 2 2 2 2 2 2 2 2 2 2 2 2 2 2 2 2 2 2
left_child=1 2 8 -4 5 -3 -7 -8 -1 10 11 21 13 19 -15 20 17 18 -13 -12 -14 22 -2 -24 25 26 -11 28 -28 -29
right_child=9 4 3 -5 -6 6 7 -9 -10 24 12 16 15 14 -16 -17 -18 -19 -20 -21 -22 -23 23 -25 -26 -27 27 29 -30 -31
leaf_value=-0.024594367038307738 -0.0022486588842218261 0.013220592772948646 0.040046488677358466 0.0018344717248595318 0.010088106865444386 0.12266153553500772 0.069020549923975452 -0.011177406898434951 0.019606781271355813 0.052906994064423174 -0.0066802147728200244 -0.0095463630861838053 -0.0067030411134035607 -0.14891302362084388 -0.0089154582648050228 0.028333699778438762 0.012242894673508347 0.0070500082068897206 0.060723166248282869 -0.057900461469156055 -0.041730578898695178 -0.0056434585015850674 -0.043570686424417158 0.05833313335523993 -0.031012939634312467 0.0095029267236157369 -0.0022330124958618931 -0.073137972670651627 0.055528702721931049 -0.010559941384417472
leaf_weight=355 108 93 144 631 534 28 61 31 67 55 166 2934 2159 29 21 130 668 915 37 96 138 156 21 212 139 2411 2212 105 60 64
leaf_count=355 108 93 144 631 534 28 61 31 67 55 166 2934 2159 29 21 130 668 915 37 96 138 156 21 212 139 2411 2212 105 60 64
internal_value=-0.000240586 0.00690419 -0.000411946 0.00893451 0.0186276 0.0400366 0.060819 0.0419973 -0.0175766 -0.00132266 -0.00366177 -0.000159346 -0.0101206 -0.0358111 -0.090114 -0.00681801 -0.00244472 -0.00496951 -0.00867125 -0.0254479 -0.00880744 0.0207815 0.0328703 0.0491487 0.00228847 0.00323179 -0.00282578 -0.00408153 -0.000707615 -0.0494398
internal_weight=14780 1944 1197 775 747 213 120 92 422 12836 7790 5051 2739 312 50 2427 4554 3886 2971 262 2297 497 341 233 5046 4907 2496 2441 2272 169
internal_count=14780 1944 1197 775 747 213 120 92 422 12836 7790 5051 2739 312 50 2427 4554 3886 2971 262 2297 497 341 233 5046 4907 2496 2441 2272 169
is_linear=0
shrinkage=0.05


Tree=108
num_leaves=31
num_cat=0
split_feature=14 5 8 14 14 3 8 9 19 4 15 4 7 14 3 15 19 14 4 14 19 8 9 6 18 17 15 6 12 18
split_gain=43.5079 43.9827 38.1241 44.4415 52.95 124.193 89.5573 76.9509 100.735 73.7431 47.926 88.4405 71.4908 71.3187 71.8962 117.937 81.6469 91.9677 122.037 101.271 85.3566 86.6623 84.7431 105.764 77.8449 68.0399 115.561 79.217 62.9687 63.0264
threshold=19.207500000000007 25.290000000000003 4.3213500000000016 61.9925 56.737500000000004 11.824951 -2.5108339999999978 32355.739999999976 -1.0724999999999978 1611607.2500000002 36.410000000000011 416911.61000000004 2375643.0000000005 36.002500000000012 23.535812500000002 28.632500000000004 1.8325000000000025 54.090000000000011 1478533.8 48.017500000000005 2.142499999999997 -3.4381104999999992 -318180.50999999989 18.032211500000006 3.7524999999999964 34.997500000000009 28.350000000000005 15.210525500000001 16.005000000000006 1.2850000000000004
decision_type=2 2 2 2 2 2 2 2 2 2 2 2 2 2 2 2 2 2 2 2 2 2 2 2 2 2 2 2 2 2
left_child=-1 2 3 4 10 -6 -7 -8 9 -9 13 -12 -13 28 16 -16 17 19 -19 22 -18 -22 23 24 -15 26 -24 -27 -2 -30
right_child=1 -3 -4 -5 5 6 7 8 -10 -11 11 12 -14 14 15 -17 20 18 -20 -21 21 -23 25 -25 -26 27 -28 -29 29 -31
leaf_value=0.016426112561645743 -0.00074951216930013611 0.04982212194089973 -0.011534976971833998 0.010133767755880256 0.068488151616439591 -0.090137136148669847 -0.027765804155033727 0.014228382999343531 -0.011792483332566918 0.14673449992246571 0.0020594342285446513 -0.043476457494561242 0.0098760350976457318 0.11689274211498824 0.0097024260865407261 0.052410426555773021 -0.056350676449821203 0.059100715998937597 -0.035387202060188763 -0.021523780156661509 -0.07037154899232767 0.0053212756606088917 0.0091760096778981046 0.001952702430763135 0.0056074237196960235 0.10943648471448829 -0.036340078213896128 0.015885481732960754 -0.0034620433553391194 -0.037159524256487053
leaf_weight=382 7314 43 785 966 41 44 372 21 100 21 481 268 82 55 1117 189 111 153 44 355 44 269 540 76 22 29 188 103 320 245
leaf_count=382 7314 43 785 966 41 44 372 21 100 21 481 268 82 55 1117 189 111 153 44 355 44 269 540 76 22 29 188 103 320 245
internal_value=-0.000228557 -0.00067043 -0.000821679 -0.000201934 -0.000994086 -0.0155024 -0.0216737 -0.015813 0.0154998 0.0804814 -0.000270182 -0.0118547 -0.0309767 0.000591349 0.00676832 0.015883 0.000783521 0.0060564 0.0379968 0.0014568 -0.0186789 -0.00531925 0.00951021 0.0437965 0.0850969 0.00341043 -0.00257814 0.0364384 -0.00199186 -0.0180742
internal_weight=14780 14398 14355 13570 12604 599 558 514 142 42 12005 831 350 11174 3295 1306 1989 1565 197 1368 424 313 1013 153 77 860 728 132 7879 565
internal_count=14780 14398 14355 13570 12604 599 558 514 142 42 12005 831 350 11174 3295 1306 1989 1565 197 1368 424 313 1013 153 77 860 728 132 7879 565
is_linear=0
shrinkage=0.05


Tree=109
num_leaves=31
num_cat=0
split_feature=0 0 4 18 18 18 7 17 17 14 14 18 3 14 19 0 15 15 6 14 14 17 0 4 12 14 8 17 18 18
split_gain=44.0963 49.1367 115.226 56.9892 74.9189 67.9042 60.3403 57.4592 56.431 69.9317 131.534 99.5428 77.3249 58.8572 85.1967 80.51 143.18 121.051 77.0938 59.9635 104.592 54.9119 54.8816 89.8986 53.7059 55.9438 55.2657 53.229 62.573 94.4117
threshold=44.500000000000007 34.500000000000007 308042.31500000006 4.5649999999999986 5.8549999999999978 3.7875000000000019 66358.213000000003 18.592500000000005 38.687500000000007 48.017500000000005 45.502500000000005 3.7324999999999986 14.577041500000002 34.460000000000001 -3.1975000000000011 17.500000000000004 21.772500000000004 36.862500000000004 25.717727500000002 41.937500000000007 41.120000000000012 40.735000000000007 36.500000000000007 805762.65000000014 11.735000000000001 55.367500000000007 4.4141236500000014 20.6675 0.24000000000000024 0.2099999999999991
decision_type=2 2 2 2 2 2 2 2 2 2 2 2 2 2 2 2 2 2 2 2 2 2 2 2 2 2 2 2 2 2
left_child=1 3 -3 5 6 8 -5 -7 9 10 13 24 -12 27 -15 18 -17 19 -16 20 -18 -10 -4 -24 25 -11 -27 28 29 -1
right_child=-2 2 22 4 -6 7 -8 -9 21 11 12 -13 -14 14 15 16 17 -19 -20 -21 -22 -23 23 -25 -26 26 -28 -29 -30 -31
leaf_value=0.008384661604533326 -0.010929703089783378 0.0015784168887258928 0.016773627306929485 -0.0052774304823355695 -0.0036247729381637542 0.071183379270136363 -0.041786847605269302 0.013882572300199953 -0.034100166311415298 -0.020496301978174262 -0.0022717768412369947 -0.10734962694760826 0.064026411798070462 0.053214337781748992 -0.012600056215899148 -0.020243736855244557 0.046937896301250573 -0.034226222407932466 0.040432696560798564 0.0048112918442877184 0.14439437557612697 -0.0013372841687758633 0.03661428353037028 0.14555598463524472 -0.039056891747281074 0.015145162825448519 -0.059275475447928466 -0.0061927504819386872 -0.0063487640306174112 0.10099153981677123
leaf_weight=1612 902 2533 384 201 2176 50 259 350 232 277 65 27 136 110 517 152 246 52 79 66 31 285 136 22 129 328 27 2452 916 28
leaf_count=1612 902 2533 384 201 2176 50 259 350 232 277 65 27 136 110 517 152 246 52 79 66 31 285 136 22 129 328 27 2452 916 28
internal_value=-0.000217129 0.000479134 0.0060556 -0.00110817 -0.0075004 0.000955003 -0.0258338 0.0210452 -7.96393e-05 0.00105846 0.00277327 -0.0130039 0.0425867 0.00149512 0.0111869 0.00714229 0.0209939 0.0368626 -0.00557055 0.0476399 0.0578446 -0.0160394 0.0269794 0.0517834 -0.00965656 -0.00365554 0.009485 -0.000929763 0.00411908 0.00996575
internal_weight=14780 13878 3075 10803 2636 8167 460 400 7767 7250 6462 788 201 6261 1253 1143 547 395 596 343 277 517 542 158 761 632 355 5008 2556 1640
internal_count=14780 13878 3075 10803 2636 8167 460 400 7767 7250 6462 788 201 6261 1253 1143 547 395 596 343 277 517 542 158 761 632 355 5008 2556 1640
is_linear=0
shrinkage=0.05


Tree=110
num_leaves=31
num_cat=0
split_feature=3 5 8 17 5 19 3 9 8 9 6 16 13 19 16 6 1 18 9 5 14 19 3 19 12 14 3 8 8 15
split_gain=55.9286 42.5469 38.2199 56.5747 87.6873 62.1509 43.857 93.1014 89.9151 80.6944 104.179 70.4997 111.087 166.26 178.605 71.5034 93.3693 88.2044 115.619 80.4287 112.07 77.2889 70.3978 81.9036 142.909 65.1628 64.5276 64.06 62.0412 74.2183
threshold=2.6135253500000002 10.975000000000003 4.5290685000000002 19.452500000000004 8.8750000000000018 -2.5475000000000008 15.615509000000001 -278443.60000000003 -1.0448457499999992 -307260.79999999999 26.610565000000005 30.605 8.8650000000000002 9.6525000000000052 30.767500000000002 16.022552500000003 1.5000000000000002 1.6624999999999981 -254684.06500000003 12.575000000000001 68.877500000000012 -1.0849999999999989 22.796951000000004 -10.647499999999996 9.4150000000000009 57.855000000000004 8.2042695000000023 3.0023342500000005 1.3421017000000004 36.410000000000011
decision_type=2 2 2 2 2 2 2 2 2 2 2 2 2 2 2 2 2 2 2 2 2 2 2 2 2 2 2 2 2 2
left_child=1 -1 6 4 -4 -5 11 9 -9 -8 -11 -2 15 14 -14 17 -17 26 -19 -20 27 -18 -10 24 -24 28 -13 -21 -25 -30
right_child=2 -3 3 5 -6 -7 7 8 22 10 -12 12 13 -15 -16 16 21 18 19 20 -22 -23 23 25 -26 -27 -28 -29 29 -31
leaf_value=0.017576760371836524 -0.0026594694700199945 0.10853281045332551 0.071717276688044271 0.0066727869163745847 -0.023366306587217417 -0.028707974337872495 0.0080030501703303013 -0.015857623681766141 -0.008167514462752332 0.010110088276702005 0.13794112335890532 0.012831508257907662 0.14621670279237961 0.12512660979885945 0.012695111676092014 -0.0040500186755466254 -0.022937629392325153 -0.084997189631043329 0.0067159221433515997 0.066596856462675033 -0.033656659922174488 0.051169468753881037 0.011898951500826453 -0.00020368031394595392 0.11754470742875484 -0.038055528353140196 -0.014617508331571272 -0.018876663103699686 0.024526731025827204 -0.051086267685251575
leaf_weight=36 2124 20 48 181 49 395 1222 1259 2327 37 28 284 27 44 346 196 41 29 603 178 42 248 146 3281 41 103 870 25 446 35
leaf_count=36 2124 20 48 181 49 395 1222 1259 2327 37 28 284 27 44 346 196 41 29 603 178 42 248 146 3281 41 103 870 25 446 35
internal_value=0.000188128 0.0500611 -2.44746e-06 -0.011641 0.0236854 -0.0175901 0.000557755 -0.00155013 -0.00364638 0.0108906 0.0651758 0.00427792 0.00930179 0.0332037 0.0223602 0.00534031 0.0225892 0.00122129 0.0131739 0.0165312 0.0406888 0.040656 -0.00123629 0.0027442 0.0350619 0.00118057 -0.00786229 0.0560706 0.00225482 0.0190247
internal_weight=14711 56 14655 673 97 576 13982 8925 7638 1287 65 5057 2933 417 373 2516 485 2031 877 848 245 289 6379 4052 187 3865 1154 203 3762 481
internal_count=14711 56 14655 673 97 576 13982 8925 7638 1287 65 5057 2933 417 373 2516 485 2031 877 848 245 289 6379 4052 187 3865 1154 203 3762 481
is_linear=0
shrinkage=0.05


Tree=111
num_leaves=31
num_cat=0
split_feature=3 0 0 4 5 5 16 17 15 15 16 16 9 16 16 9 3 19 9 8 8 0 6 16 19 12 4 17 16 8
split_gain=50.4756 61.8431 35.0987 37.2733 62.8653 67.2861 55.0198 81.4221 112.636 72.9451 72.4961 79.5854 72.9825 64.803 136.432 63.718 61.038 87.1355 62.1201 62.85 58.08 53.6686 92.7609 53.3499 110.157 73.7329 57.7513 53.3083 53.0417 68.3882
threshold=2.6135253500000002 12.500000000000002 46.500000000000007 895553.05000000016 11.675000000000002 7.785000000000001 32.177500000000002 21.477500000000003 30.73 21.772500000000004 45.380000000000003 60.27000000000001 288.26442500000013 41.2425 41.937500000000007 34398.139999999919 15.128632000000001 1.2849999999999986 -124422.36999999986 2.8784180000000004 4.7106789999999998 9.5000000000000018 18.137421000000003 24.445000000000004 -1.4275 18.085000000000004 2448852.6500000004 21.442500000000006 20.372500000000006 2.8183900000000004
decision_type=2 2 2 2 2 2 2 2 2 2 2 2 2 2 2 2 2 2 2 2 2 2 2 2 2 2 2 2 2 2
left_child=1 -1 3 6 5 -5 28 8 10 15 21 -12 -13 -11 -15 -9 17 -16 -18 -20 -21 -8 -23 24 -6 26 -25 -24 29 -2
right_child=2 -3 -4 4 23 -7 7 9 -10 13 11 12 -14 14 16 -17 18 -19 19 20 -22 22 27 25 -26 -27 -28 -29 -30 -31
leaf_value=-0.0088830938656778574 0.0067550619770487654 0.096473635435104371 -0.016327709632664299 -0.0060419834674354106 0.098958863770323147 0.008108487024200639 0.0036824816658033751 0.018282667560975109 0.12002844953766237 -0.0077230341566448882 -0.017971175950060571 0.0091985477887569587 0.12323736450634898 0.059265093743722123 0.0016410178662123944 0.1079163588162157 0.018843914039111398 0.038298634302918799 -0.012278514049303642 0.035534918248426917 -0.015291836177213834 0.054613647430008398 0.0072698017297459843 -0.010694946967728798 -0.01015600251292992 -0.067033816585760742 -0.066335990448267421 0.079503087380102699 -0.0040760475271791746 0.06654449188906067
leaf_weight=26 490 30 322 2249 28 1341 255 355 26 1552 256 47 20 112 442 21 278 256 1082 147 91 243 291 452 133 84 52 28 3949 53
leaf_count=26 490 30 322 2249 28 1341 255 355 26 1552 256 47 20 112 442 21 278 256 1082 147 91 243 291 452 133 84 52 28 3949 53
internal_value=0.000178722 0.047558 -2.32508e-06 0.000364435 -0.00350525 -0.000756251 0.0020445 0.00539662 0.017126 0.00224245 0.0147791 -0.00527412 0.04324 0.000244104 0.00537907 0.0232888 0.00275048 0.0150856 -0.00263746 -0.00716157 0.0161012 0.0227072 0.0313394 -0.0166813 0.0088205 -0.023664 -0.0164357 0.01361 -0.00206133 0.0125909
internal_weight=14711 56 14655 14333 4339 3590 9994 5502 1166 4336 1140 323 67 3960 2408 376 2296 698 1598 1320 238 817 562 749 161 588 504 319 4492 543
internal_count=14711 56 14655 14333 4339 3590 9994 5502 1166 4336 1140 323 67 3960 2408 376 2296 698 1598 1320 238 817 562 749 161 588 504 319 4492 543
is_linear=0
shrinkage=0.05


Tree=112
num_leaves=31
num_cat=0
split_feature=3 0 8 16 0 19 4 14 14 18 8 15 18 15 18 16 12 19 19 3 19 19 18 8 19 19 15 15 3 14
split_gain=45.5542 55.8134 33.414 49.922 47.2954 45.1717 35.7751 55.4581 68.8983 53.3354 80.9976 64.0804 83.056 67.9789 58.8451 67.2889 54.166 101.789 89.8483 70.2288 63.1136 68.7999 85.7305 58.1847 57.21 71.776 51.5636 256.134 90.6394 64.7899
threshold=2.6135253500000002 12.500000000000002 4.5290685000000002 21.720000000000002 32.500000000000007 -2.5475000000000008 895553.05000000016 59.050000000000004 57.855000000000004 -22.502499999999998 1.3655399999999995 36.410000000000011 18.98 36.002500000000012 -35.264999999999993 58.832500000000003 15.135000000000003 -0.73249999999999893 -3.3524999999999996 21.755585000000004 0.68500000000000061 -1.2425000000000004 -2.090000000000003 0.93739350000000077 1.5649999999999979 1.2249999999999999 34.352500000000013 34.577500000000008 15.786346500000002 26.365000000000002
decision_type=2 2 2 2 2 2 2 2 2 2 2 2 2 2 2 2 2 2 2 2 2 2 2 2 2 2 2 2 2 2
left_child=1 -1 6 4 -4 -5 7 8 -2 10 14 13 -13 16 -8 -16 19 18 -18 26 21 -21 -23 -20 25 -22 28 -28 -11 -30
right_child=2 -3 3 5 -6 -7 9 -9 -10 11 -12 12 -14 -15 15 -17 17 -19 23 20 24 22 -24 -25 -26 -27 27 -29 29 -31
leaf_value=-0.0084389395367067601 0.0014455692618792282 0.0916499545101154 0.094709177696633909 0.0064937738966690736 -0.0070746749639511112 -0.023122498262339513 0.01225414879501183 0.014706749023268155 -0.047000114750620485 0.0027470718038385428 0.03689743403387679 -0.030531762502665562 0.054089294496225196 0.069432666216577801 -0.024050204633735122 -0.086942940129822982 -0.026070855793853605 -0.043476290361921084 0.10439354445446621 0.014245099910696796 0.034183027089225597 0.025854514357498262 -0.026512815752663121 -0.00058182676915418015 0.014535539173449026 0.13765613323166256 0.13226136925152027 -0.039168229924058016 -0.078967548348009592 -0.017004650761024098
leaf_weight=26 8906 30 21 181 25 446 47 810 74 931 44 309 32 35 100 74 60 188 33 443 83 103 324 22 533 21 37 53 45 675
leaf_count=26 8906 30 21 181 25 446 47 810 74 931 44 309 32 35 100 74 60 188 33 443 83 103 324 22 533 21 37 53 45 675
internal_value=0.000169786 0.0451801 -2.20883e-06 -0.0108845 0.0393919 -0.014573 0.00052159 0.00217658 0.00104635 -0.00334347 -0.0250542 -0.0018784 -0.0225908 9.11851e-05 -0.0373885 -0.0507977 -0.000592271 -0.0208106 0.0162429 0.00129386 0.00919632 0.000440738 -0.0138809 0.0624034 0.0211545 0.0550766 -0.00554647 0.0313084 -0.00755551 -0.0208773
internal_weight=14711 56 14655 673 46 627 13982 9790 8980 4192 265 3927 341 3586 221 174 3551 303 115 3248 1507 870 427 55 637 104 1741 90 1651 720
internal_count=14711 56 14655 673 46 627 13982 9790 8980 4192 265 3927 341 3586 221 174 3551 303 115 3248 1507 870 427 55 637 104 1741 90 1651 720
is_linear=0
shrinkage=0.05


Tree=113
num_leaves=31
num_cat=0
split_feature=3 0 18 0 18 19 15 15 4 12 15 5 8 14 18 18 18 15 5 19 1 13 17 18 14 12 15 3 18 5
split_gain=42.4303 62.6437 55.4655 55.6975 43.9083 43.2091 36.4446 198.218 229.869 69.1569 63.6208 50.8969 54.3401 71.5353 47.4031 62.2481 48.5349 39.8705 49.1529 36.3659 33.8353 33.7006 31.4616 50.6484 34.3132 62.806 57.0457 50.6601 73.0905 90.6802
threshold=6.5328368500000007 12.500000000000002 -2.6850000000000054 15.500000000000002 -2.0600000000000001 2.7200000000000011 14.4275 14.350000000000003 315282.50000000006 20.005000000000006 15.665000000000001 21.450000000000006 -0.54029850000000035 45.285000000000004 6.8100000000000014 -2.090000000000003 -2.0600000000000001 15.425000000000002 14.505000000000001 0.52500000000000135 2.5000000000000004 7.6050000000000013 14.1425 1.5900000000000001 28.890000000000004 18.815000000000001 27.045000000000005 12.179535000000003 0.38749999999999934 7.9250000000000007
decision_type=2 2 2 2 2 2 2 2 2 2 2 2 2 2 2 2 2 2 2 2 2 2 2 2 2 2 2 2 2 2
left_child=1 5 3 -3 -4 -1 7 9 -9 14 17 22 -13 -14 15 -2 -17 18 -8 20 -20 -5 23 -12 25 26 -24 28 29 -26
right_child=6 2 4 21 -6 -7 10 8 -10 -11 11 12 13 -15 -16 16 -18 -19 19 -21 -22 -23 24 -25 27 -27 -28 -29 -30 -31
leaf_value=-0.014103167167575439 0.021738875641684922 0.11263639050469335 -0.043782177473849521 0.050494646480263666 0.018299727277600108 0.026629491495834878 -0.00029125352595702939 0.0083032037313209798 0.18559038576980433 -0.065514416651179394 0.053017572653682336 -0.012095814683672155 0.13088108649849892 0.013504931234099246 0.041183032270476046 -0.045242703386355901 -0.001979601059060448 -0.040036685733325986 -0.015150934386821019 0.00055508496589027343 -0.09461271488988722 -0.0096096930152270946 -0.0075341255005613008 0.0036699439305124186 -0.066644476381215179 -0.090326342325318942 0.021501480634221911 -0.0012210251144769277 0.018064595779780052 0.0015037321504892155
leaf_weight=268 266 28 32 86 259 86 312 41 33 36 69 33 25 27 83 74 523 148 21 32 37 32 2398 211 55 22 182 8001 857 434
leaf_count=268 266 28 32 86 259 86 312 41 33 36 69 33 25 27 83 74 523 148 21 32 37 32 2398 211 55 22 182 8001 857 434
internal_value=0.000161296 0.011426 0.0240903 0.0492387 0.0114729 -0.00420766 -0.000478815 0.0084506 0.0873637 0.00250399 -0.00121183 -0.000468699 0.0380882 0.0699358 0.00509243 0.00162138 -0.0073422 -0.0178498 -0.00968146 -0.0422342 -0.0658421 0.0341952 -0.000736697 0.0158306 -0.00112492 -0.00620321 -0.00548588 0.000288768 0.0092634 -0.0061612
internal_weight=14711 791 437 146 291 354 13920 1056 74 982 12864 12314 85 52 946 863 597 550 402 90 58 118 12229 280 11949 2602 2580 9347 1346 489
internal_count=14711 791 437 146 291 354 13920 1056 74 982 12864 12314 85 52 946 863 597 550 402 90 58 118 12229 280 11949 2602 2580 9347 1346 489
is_linear=0
shrinkage=0.05


Tree=114
num_leaves=31
num_cat=0
split_feature=3 0 0 4 18 12 14 15 18 14 16 17 15 16 14 14 6 15 0 18 18 14 17 16 16 3 18 1 9 18
split_gain=38.7909 46.6112 32.1112 30.284 52.9782 53.6146 61.8891 122.452 58.4273 71.9067 47.4483 73.3165 99.5895 65.2969 93.067 77.4816 77.1818 65.2005 61.0713 95.3762 62.6321 59.7292 59.2728 58.7356 123.717 52.8022 84.1975 71.3401 59.6329 59.5092
threshold=2.6135253500000002 12.500000000000002 46.500000000000007 895553.05000000016 -14.522499999999996 15.060000000000002 23.942500000000006 14.4275 -5.4425000000000017 25.592500000000005 32.177500000000002 21.477500000000003 30.73 45.380000000000003 46.150000000000006 61.9925 16.483978000000004 21.772500000000004 9.5000000000000018 8.8850000000000033 -2.8899999999999966 30.807500000000005 35.810000000000009 41.2425 41.937500000000007 14.198684500000001 6.0925000000000002 2.5000000000000004 -124422.36999999986 -12.739999999999998
decision_type=2 2 2 2 2 2 2 2 2 2 2 2 2 2 2 2 2 2 2 2 2 2 2 2 2 2 2 2 2 2
left_child=1 -1 3 10 -5 8 7 -7 9 -6 -2 12 13 14 18 -15 -17 22 21 20 -20 -12 -13 -19 -25 26 29 -28 -27 -26
right_child=2 -3 -4 4 5 6 -8 -9 -10 -11 11 17 -14 15 -16 16 -18 23 19 -21 -22 -23 -24 24 25 28 27 -29 -30 -31
leaf_value=-0.0073118338934504068 -0.0019531658821729954 0.084154672423998517 -0.015620623796495684 -0.019800703397109026 -0.0098455306585809154 0.1024100694494943 -0.029406032473819545 -0.058573987512361439 -0.001700156361276196 0.035907392665720149 0.058836145733678069 0.017171974945633561 0.11286234248142978 -0.019770289026683797 -0.029103302064340381 0.10965365660190583 0.005087453865756591 -0.0074947118324285543 0.053773064119881579 0.10023992145258301 0.015163000334922056 -0.0065178407969346697 0.10563289977610112 0.056292732809587125 0.02996261852132457 0.01851379594037815 0.031370375957965893 0.12119103217947072 -0.0058972972569949177 -0.0092067332306344594
leaf_weight=26 4492 30 322 430 135 27 284 21 3206 236 43 356 26 238 82 25 60 1552 166 53 286 187 20 112 155 302 93 29 1458 259
leaf_count=26 4492 30 322 430 135 27 284 21 3206 236 43 356 26 238 82 25 60 1552 166 53 286 187 20 112 155 302 93 29 1458 259
internal_value=0.000153231 0.0416881 -5.48236e-06 0.000345322 -0.00314273 -0.00131031 -0.020531 0.0319795 0.000473664 0.0192588 0.0018597 0.00497263 0.0161029 0.0138961 0.0214202 -0.00513542 0.0358422 0.00197957 0.0270568 0.0367835 0.0293428 0.00570051 0.0218773 9.02897e-05 0.00497896 0.00247585 0.0162158 0.0527212 -0.00170858 0.00545812
internal_weight=14711 56 14655 14333 4339 3909 332 48 3577 371 9994 5502 1166 1140 817 323 85 4336 735 505 452 230 376 3960 2408 2296 536 122 1760 414
internal_count=14711 56 14655 14333 4339 3909 332 48 3577 371 9994 5502 1166 1140 817 323 85 4336 735 505 452 230 376 3960 2408 2296 536 122 1760 414
is_linear=0
shrinkage=0.05


Tree=115
num_leaves=31
num_cat=0
split_feature=15 9 14 9 14 3 3 7 19 1 14 8 1 9 5 19 14 19 19 17 8 8 8 6 1 15 3 0 4 0
split_gain=35.1801 44.1809 35.9148 62.4487 96.5229 58.4679 56.1563 47.2159 62.1413 50.2425 53.4304 56.6244 37.7622 38.9932 37.7138 75.5976 72.3828 65.1612 64.76 61.8246 94.4112 58.4148 57.7431 100.434 54.6896 126.47 55.493 53.7201 48.8015 43.5318
threshold=13.050000000000002 -592433.90000000002 37.662500000000009 -525095.82499999995 41.937500000000007 18.490432500000004 19.485230000000005 2488570.2500000005 1.2249999999999999 1.5000000000000002 34.662500000000001 0.76464900000000047 1.0000000180025095e-35 -204324.21799999994 7.6450000000000005 0.115000000000002 39.690000000000005 1.6050000000000006 -2.4624999999999981 22.237500000000004 -3.1376494999999998 3.5882570000000009 -0.018691999999999705 28.156021500000005 1.5000000000000002 21.515000000000004 9.5282285000000027 11.500000000000002 257092.75500000003 32.500000000000007
decision_type=2 2 2 2 2 2 2 2 2 2 2 2 2 2 2 2 2 2 2 2 2 2 2 2 2 2 2 2 2 2
left_child=1 -1 7 4 -4 -6 -7 -2 9 12 11 -11 13 -9 15 16 -5 22 -18 24 27 -17 -16 29 25 -19 -27 -21 -20 -24
right_child=2 -3 3 14 5 6 -8 8 -10 10 -12 -13 -14 -15 17 21 18 19 28 20 -22 -23 23 -25 -26 26 -28 -29 -30 -31
leaf_value=0.081947398061553642 -0.0015343329953113466 0.011260394286946394 0.068867800911400642 -0.096540123556873636 -0.016020225899826206 0.078745885966345672 0.013765812515834261 -0.074509727333982798 0.0065034054438096586 -0.045899851430228657 0.013451936892394363 -0.12480277345914925 0.042107069167879319 0.011648649518811626 0.00048722328778401424 0.0095858805321035953 0.00073390076128981505 -0.0059782391056907762 -0.0026508986182949123 0.10083935166950581 -0.017319707824751073 -0.052722742353798827 0.021846445751424012 0.080427874125919105 0.0013232420336354936 0.048741803462617105 0.16511586432655653 0.0010988666089596572 -0.04490612412033522 0.001947144037663905
leaf_weight=24 8314 280 84 28 140 40 197 24 153 121 29 28 31 29 991 631 337 59 102 27 807 40 656 59 688 20 21 27 207 473
leaf_count=24 8314 280 84 28 140 40 197 24 153 121 29 28 31 29 991 631 337 59 102 27 807 40 656 59 688 20 21 27 207 473
internal_value=9.01861e-06 0.0168409 -0.000347237 0.00276489 0.0203986 0.00959912 0.0247329 -0.00235591 -0.0188153 -0.0336006 -0.0486419 -0.0607272 -0.00172742 -0.0273665 0.00119344 -0.00600891 -0.0178364 0.00372404 -0.0144251 -0.00377485 -0.0130368 0.00587151 0.00939897 0.0168329 0.00634511 0.0408955 0.108348 0.0509691 -0.0309578 0.0135095
internal_weight=14667 304 14363 5634 461 377 237 8729 415 262 178 149 84 53 5173 1345 674 3828 646 1649 861 671 2179 1188 788 100 41 54 309 1129
internal_count=14667 304 14363 5634 461 377 237 8729 415 262 178 149 84 53 5173 1345 674 3828 646 1649 861 671 2179 1188 788 100 41 54 309 1129
is_linear=0
shrinkage=0.05


Tree=116
num_leaves=31
num_cat=0
split_feature=15 9 16 12 16 14 14 5 9 1 19 5 15 3 7 15 19 5 19 7 3 0 18 15 15 6 5 6 15 9
split_gain=31.7501 39.8733 33.0761 59.4926 75.5823 131.756 54.0821 49.1565 61.1958 46.5273 46.013 55.9849 76.9334 50.8993 60.1094 43.0253 41.3249 62.2833 46.5414 55.9481 71.5127 46.5068 41.1541 38.5733 69.9918 103.025 53.4193 36.2604 52.9451 34.9929
threshold=13.050000000000002 -592433.90000000002 32.177500000000002 19.995000000000001 29.332500000000003 31.927500000000006 23.195000000000004 7.5650000000000004 97767.665000000023 1.5000000000000002 1.2249999999999999 6.7200000000000015 19.342500000000005 20.709839000000006 1595949.2000000002 16.470000000000002 8.3900000000000023 14.025 5.9025000000000007 1403124.6000000003 15.464950500000002 35.500000000000007 1.5900000000000001 34.662500000000001 33.812500000000007 10.349563500000002 10.375000000000002 8.9410550000000004 32.27000000000001 -1153098.0499999998
decision_type=2 2 2 2 2 2 2 2 2 2 2 2 2 2 2 2 2 2 2 2 2 2 2 2 2 2 2 2 2 2
left_child=1 -1 3 7 5 6 -5 9 23 -2 11 12 -11 14 -12 -4 18 -18 -17 20 -20 -22 -15 24 29 -26 -25 -10 -29 -9
right_child=2 -3 15 4 -6 -7 -8 8 27 10 13 -13 -14 22 -16 16 17 -19 19 -21 21 -23 -24 26 25 -27 -28 28 -30 -31
leaf_value=0.077850026947756612 -0.0026774221436838674 0.010697374713074949 0.032689341092964654 0.0097187931571776683 -0.12727457243949175 0.093501523192971947 -0.08220687030504148 0.053114474139043272 0.039893877732936511 -0.02922068981964502 -0.078015039359196667 -0.025147589362571915 -0.14251897121811738 0.075255818546821299 -0.0069948884863577313 0.0013239704104744433 0.012883460994318897 0.10175550665174211 0.015959732913299756 0.026006834186121541 -0.030502701210701522 -0.089406445189094061 -0.0055480401823297144 0.0073440921943514585 0.14477678760886192 0.00011504252906888724 -0.053690000858075695 0.011818309858274961 -0.051484820226739558 -0.0029628026673214469
leaf_weight=24 463 280 111 24 20 20 48 28 106 31 41 124 29 26 109 7402 322 21 58 53 106 49 40 62 20 32 85 587 35 4311
leaf_count=24 463 280 111 24 20 20 48 28 106 31 41 124 29 26 109 7402 322 21 58 53 106 49 40 62 20 32 85 587 35 4311
internal_value=8.56763e-06 0.0159989 -0.000329876 -0.00306709 -0.0391798 -0.0200288 -0.051565 -0.00240717 -0.000594456 -0.0134683 -0.0259588 -0.0443326 -0.0839815 -0.0103071 -0.0264071 0.00177342 0.00134505 0.0183246 0.000585531 -0.0199631 -0.0314016 -0.0491239 0.0262838 -0.00275331 -0.00190987 0.0557542 -0.0279477 0.0128628 0.00825624 -0.00260093
internal_weight=14667 304 14363 6241 112 92 72 6129 5266 863 400 184 60 216 150 8122 8011 343 7668 266 213 155 66 4538 4391 52 147 728 622 4339
internal_count=14667 304 14363 6241 112 92 72 6129 5266 863 400 184 60 216 150 8122 8011 343 7668 266 213 155 66 4538 4391 52 147 728 622 4339
is_linear=0
shrinkage=0.05


Tree=117
num_leaves=31
num_cat=0
split_feature=15 15 17 17 1 17 17 3 4 7 14 14 14 9 14 6 6 7 17 17 9 14 9 14 3 18 6 17 9 18
split_gain=29.3003 97.0561 52.1939 209.885 95.2289 44.4994 43.8358 42.4605 39.7815 49.7507 38.4289 35.8586 52.9879 54.1915 48.3909 34.2704 37.0027 40.4974 32.4644 32.284 103.234 38.3183 57.1601 87.3169 52.677 52.8487 51.2795 68.7322 100.568 84.624
threshold=14.875000000000002 15.665000000000001 15.775 16.327500000000004 2.5000000000000004 14.4275 21.255000000000003 28.049743500000002 906158.82000000007 686229.15000000002 19.207500000000007 21.140000000000004 21.720000000000002 -86911.510000000111 21.835000000000004 27.548965500000005 29.275665500000006 2129138.5000000005 12.922500000000001 13.887500000000001 -110021.26999999995 37.662500000000009 -525095.82499999995 41.937500000000007 18.490432500000004 -5.2024999999999979 25.031235000000006 34.577500000000008 -540294.89999999979 4.5649999999999986
decision_type=2 2 2 2 2 2 2 2 2 2 2 2 2 2 2 2 2 2 2 2 2 2 2 2 2 2 2 2 2 2
left_child=2 5 4 -4 8 -2 7 -5 9 -1 -8 -3 13 -13 -14 -6 -17 -18 -10 20 -16 26 23 -23 25 -25 27 29 -29 -21
right_child=1 11 3 6 15 -7 10 -9 18 -11 -12 12 14 -15 19 16 17 -19 -20 21 -22 22 -24 24 -26 -27 -28 28 -30 -31
leaf_value=0.019563083744724281 0.0084232363438644983 0.013201267746234056 0.13048022267145989 0.020117915093431353 -0.0067405681817615153 -0.034115373869884578 0.04670683002242676 0.088061848282814034 -0.039635967806680134 0.091150647732946621 -0.0059553338019477748 0.036516240213451713 0.040225537410446419 -0.037630699333030641 0.10049774170373425 -0.061560048100849002 0.032714588443438213 -0.041339558236844216 0.012626622627692249 0.0039461626354986698 0.0032649885214676589 0.065358212195514215 0.00086787403872674125 0.050556551977992061 0.02335155178224943 -0.029654168309238945 -0.010934557935715589 -0.096515075587912613 -0.011845654713061567 -0.017309301728356548
leaf_weight=240 77 497 39 155 226 305 39 27 48 27 310 29 74 164 33 78 30 48 78 3804 158 84 5062 25 237 115 1631 38 455 534
leaf_count=240 77 497 39 155 226 305 39 27 48 27 310 29 74 164 33 78 30 48 78 3804 158 84 5062 25 237 115 1631 38 455 534
internal_value=8.13928e-06 -0.000701948 0.00704144 0.0185265 -0.00140562 -0.0255408 0.0103039 0.0301975 0.0158742 0.0268023 -7.04502e-05 3.13173e-05 -0.000494719 -0.0264894 -8.5169e-05 -0.019183 -0.0372086 -0.0128572 -0.00728294 -0.000330159 0.0200644 -0.000655178 0.00240291 0.0192583 0.00898674 -0.0153308 -0.00326889 -0.000680876 -0.0183719 0.00132965
internal_weight=14667 13322 1345 570 775 382 531 182 393 267 349 12940 12443 193 12250 382 156 78 126 12176 191 11985 5523 461 377 140 6462 4831 493 4338
internal_count=14667 13322 1345 570 775 382 531 182 393 267 349 12940 12443 193 12250 382 156 78 126 12176 191 11985 5523 461 377 140 6462 4831 493 4338
is_linear=0
shrinkage=0.05


Tree=118
num_leaves=31
num_cat=0
split_feature=5 14 15 16 16 6 19 19 19 18 9 18 12 19 18 4 3 0 16 9 16 19 9 16 3 6 3 9 9 16
split_gain=28.5421 42.4061 165.057 38.3948 44.702 33.3135 51.585 59.6137 87.6465 69.8501 51.6489 56.8085 51.1729 42.2921 63.2001 34.7827 34.561 36.9462 34.4146 56.2817 48.1438 35.3546 53.7057 38.4766 31.5619 44.8773 63.3232 31.124 70.6772 118.997
threshold=7.1150000000000011 25.510000000000002 24.570000000000004 59.625000000000007 60.735000000000007 9.4710995000000029 -11.0975 1.0000000180025095e-35 -1.2199999999999995 4.5649999999999986 -905210.44999999995 1.7850000000000039 1.0000000180025095e-35 0.75249999999999961 0.04250000000000221 1522597.8500000003 21.258667500000005 25.500000000000004 37.662500000000009 972274.5 29.825000000000003 3.702500000000001 -213126.80000000002 45.330000000000005 20.081711000000002 15.076431500000002 16.338577500000003 -278443.60000000003 -294864.9599999999 27.065000000000001
decision_type=2 2 2 2 2 2 2 2 2 2 2 2 2 2 2 2 2 2 2 2 2 2 2 2 2 2 2 2 2 2
left_child=1 2 -1 5 -5 -3 15 8 10 12 -8 -12 -10 14 -9 -7 17 -14 19 20 -15 23 -23 -20 25 -13 -27 28 -2 -30
right_child=27 3 -4 4 -6 6 7 13 9 -11 11 24 16 18 -16 -17 -18 -19 21 -21 -22 22 -24 -25 -26 26 -28 -29 29 -31
leaf_value=-0.002771357289057667 0.0067681354223237261 0.019312471134665735 -0.1278054976151051 0.082222419240596631 0.0079845690182823708 0.0031799760246316771 0.022416321225464345 0.10495100678643213 -0.093476797121040747 -0.12345188100028921 0.0093284441238211009 -0.0037475289048060131 -0.073860947635709023 0.0041988239261425203 0.0098894379309398678 0.060735524632036686 -0.00082393517903983594 0.0029563390690347424 0.03908062933972388 0.046096853564182916 -0.040157476674853115 0.0706943272698171 0.004119651693828677 -0.020032521370564819 -0.0094326367643661809 -0.13253961176052689 -0.042251484283268186 0.000238981592006911 0.15761389533678694 -0.0087849709797989239
leaf_weight=118 846 120 34 22 259 70 100 20 33 27 128 46 49 90 139 42 75 23 33 30 191 41 116 166 100 25 87 11594 21 22
leaf_count=118 846 120 34 22 259 70 100 20 33 27 128 46 49 90 139 42 75 23 33 30 191 41 116 166 100 25 87 11594 21 22
internal_value=7.7323e-06 -0.00526548 -0.0307395 -0.00335994 0.0137968 -0.00611325 -0.00798393 -0.0103985 -0.0212125 -0.0484586 -0.00960771 -0.0179041 -0.0372096 -0.00132569 0.0218469 0.0247633 -0.0245781 -0.0493221 -0.00684958 -0.0190009 -0.0259508 0.00376576 0.0215054 -0.0102298 -0.0314148 -0.0453276 -0.0624051 0.000930323 0.00994653 0.0724796
internal_weight=14667 2184 152 2032 281 1751 1631 1519 693 207 486 386 180 826 159 112 147 72 667 311 281 356 157 199 258 158 112 12483 889 43
internal_count=14667 2184 152 2032 281 1751 1631 1519 693 207 486 386 180 826 159 112 147 72 667 311 281 356 157 199 258 158 112 12483 889 43
is_linear=0
shrinkage=0.05


Tree=119
num_leaves=31
num_cat=0
split_feature=15 9 6 3 16 13 12 16 14 14 5 6 9 6 15 14 12 13 13 18 5 18 4 9 3 3 12 15 14 9
split_gain=27.1587 36.1793 31.0639 39.0612 28.9518 55.1991 51.8844 69.0436 117.081 49.0362 42.0057 48.5752 39.7656 42.5207 57.9861 39.5916 41.4052 39.3692 66.8916 81.016 103.244 66.5403 64.9757 80.4326 62.9989 50.7399 70.4383 72.0517 99.4548 68.666
threshold=13.050000000000002 -592433.90000000002 29.442657500000003 29.718979000000004 32.177500000000002 14.060000000000002 19.995000000000001 29.332500000000003 31.927500000000006 23.195000000000004 6.5050000000000008 13.063659500000002 97767.665000000023 8.2398835000000012 32.27000000000001 33.110000000000007 9.7350000000000012 1.0000000180025095e-35 5.0050000000000008 -31.497499999999992 7.8050000000000006 -35.264999999999993 2257235.8500000006 -1212437.2 22.205658000000003 23.702026500000006 15.395000000000001 35.565000000000005 37.437500000000007 -383808.56999999989
decision_type=2 2 2 2 2 2 2 2 2 2 2 2 2 2 2 2 2 2 2 2 2 2 2 2 2 2 2 2 2 2
left_child=1 -1 3 -3 6 17 10 8 9 -8 11 -2 -12 -14 -15 16 -13 25 21 20 -20 -19 23 -23 -25 -6 27 28 -27 -30
right_child=4 2 -4 -5 5 -7 7 -9 -10 -11 12 15 13 14 -16 -17 -18 18 19 -21 -22 22 -24 24 -26 26 -28 -29 29 -31
leaf_value=0.073712813823173448 0.008029072985215031 0.010699981273303643 0.056109229801222682 -0.053007515381883696 0.00083262461506173409 0.026194418649890801 0.010339425928153408 -0.12078915022313595 0.088734107315540323 -0.07719285896358391 -0.0029786091580835039 -0.0096434055495698782 0.040726942336186768 0.0081000200524269511 -0.050967652748592877 -0.062518909877204959 -0.08611435718834401 0.040561563541230403 -0.13948269106447697 0.0026216277708437279 -0.019112591054633352 0.014220815066389903 -0.0025105468036028845 -0.071288413183194482 0.011206655569926456 0.0040140097781123834 -0.013862628210788069 -0.016028637151795488 0.11979896605014802 0.034596696127902983
leaf_weight=24 115 221 32 27 4311 223 24 20 20 48 4886 154 92 746 44 72 20 38 20 1833 163 46 145 162 27 355 206 131 25 437
leaf_count=24 115 221 32 27 4311 223 24 20 20 48 4886 154 92 746 44 72 20 38 20 1833 163 46 145 162 27 355 206 131 25 437
internal_value=7.34573e-06 0.0147964 0.00974639 0.00376408 -0.000305671 0.00166213 -0.00286655 -0.0365912 -0.0182873 -0.0480154 -0.00225028 -0.0187961 -0.00121473 0.0085566 0.00481017 -0.0313363 -0.0184332 0.000969548 -0.00431974 -0.000545418 -0.0322678 -0.0225231 -0.0288316 -0.0450723 -0.0595034 0.00332529 0.0126371 0.0183955 0.0239152 0.0392072
internal_weight=14667 304 280 248 14363 8122 6241 112 92 72 6129 361 5768 882 790 246 174 7899 2434 2016 183 418 380 235 189 5465 1154 948 817 462
internal_count=14667 304 280 248 14363 8122 6241 112 92 72 6129 361 5768 882 790 246 174 7899 2434 2016 183 418 380 235 189 5465 1154 948 817 462
is_linear=0
shrinkage=0.05


Tree=120
num_leaves=31
num_cat=0
split_feature=0 0 4 18 18 0 17 18 9 18 9 8 14 19 5 18 14 6 6 0 3 9 8 1 0 0 7 15 17 7
split_gain=34.8976 34.6368 111.119 54.7206 68.5173 60.9649 74.6962 60.9062 115.031 86.8057 73.5207 52.3319 52.1407 83.4966 80.6538 58.9666 52.9379 74.3401 50.2706 70.1085 52.3381 48.7086 46.671 47.8563 45.5855 42.9343 42.1743 41.6243 65.8521 67.9372
threshold=46.500000000000007 34.500000000000007 308042.31500000006 4.5649999999999986 3.7524999999999964 11.500000000000002 19.965000000000003 7.520000000000004 288.26442500000013 7.5374999999999952 658849.65000000014 0.5564424999999994 49.105000000000011 -2.4624999999999981 5.2650000000000006 3.7324999999999986 45.502500000000005 26.054825000000005 26.424957500000005 23.500000000000004 18.212036000000005 501994.3000000001 -0.44294749999999888 3.5000000000000004 30.500000000000004 35.500000000000007 287537.45500000002 36.862500000000004 40.735000000000007 100346.97750000002
decision_type=2 2 2 2 2 2 2 2 2 2 2 2 2 2 2 2 2 2 2 2 2 2 2 2 2 2 2 2 2 2
left_child=1 3 -3 4 12 -6 -7 8 18 -9 22 -11 16 14 -14 -15 27 -18 19 -5 -21 25 -10 -24 -8 -4 -23 -1 29 -29
right_child=-2 2 21 7 5 6 24 9 10 11 -12 -13 13 15 -16 -17 17 -19 -20 20 -22 26 23 -25 -26 -27 -28 28 -30 -31
leaf_value=0.0012399165161586512 -0.0168182569649728 0.00099975851417874809 0.0038800591074874958 -0.00042052407875752055 -0.0066289418389828053 0.076857153813622583 0.028881860069048249 0.058644859141124217 -0.033731185683371648 -0.011317609057506228 -0.01099929341632459 0.0069012512627608623 0.095693931380907704 -0.016393105992037933 0.0030217521187970073 -0.08930801150613818 0.011770636907396629 0.083024506980464582 0.041739031437922409 -0.072817337191240353 -0.0014180136024064963 0.026960990930219059 -0.11670104108564557 -0.051415475163958037 -0.030464218946126026 0.033851445026071507 0.12271234555898801 0.00043371566723614377 0.020953877500345022 -0.052166489938099407
leaf_weight=6172 301 3175 209 475 145 73 190 58 104 932 135 683 30 632 108 29 285 42 54 66 42 23 50 64 39 279 23 107 86 144
leaf_count=6172 301 3175 209 475 145 73 190 58 104 932 135 683 30 632 108 29 285 42 54 66 42 23 50 64 39 279 23 107 86 144
internal_value=3.20861e-05 0.000382989 0.00454899 -0.00105505 0.000993134 0.0200197 0.0328146 -0.00727112 -0.0171009 -0.00145431 -0.039996 -0.00361267 -0.000120801 -0.0122068 0.0231679 -0.0195921 0.00129182 0.0209225 -0.00441341 -0.00868825 -0.0450509 0.0256516 -0.0579527 -0.0800495 0.0187749 0.0210153 0.0748367 0.000305612 -0.0168057 -0.0297433
internal_weight=14755 14454 3709 10745 8082 447 302 2663 990 1673 353 1615 7635 799 138 661 6836 327 637 583 108 534 218 114 229 488 46 6509 337 251
internal_count=14755 14454 3709 10745 8082 447 302 2663 990 1673 353 1615 7635 799 138 661 6836 327 637 583 108 534 218 114 229 488 46 6509 337 251
is_linear=0
shrinkage=0.05


Tree=121
num_leaves=31
num_cat=0
split_feature=0 0 13 0 3 1 3 6 4 5 9 19 15 7 3 17 4 12 3 8 3 19 19 1 15 4 4 6 4 19
split_gain=31.4951 32.6668 43.8973 48.9539 58.2045 50.4207 46.0289 38.6861 54.732 74.7562 57.6515 46.657 44.765 44.1013 72.4819 42.7017 39.1236 36.6336 60.2967 49.9236 45.2205 74.6641 79.0618 55.2893 80.7844 66.5576 74.8105 53.097 43.9474 40.8764
threshold=46.500000000000007 26.500000000000004 8.8050000000000015 12.500000000000002 25.368622000000006 5.5000000000000009 7.1367340000000015 29.275665500000006 845054.15500000014 9.7150000000000016 67230.680000000008 2.4750000000000019 13.887500000000001 2509136.3500000006 30.318222000000002 17.845000000000002 1291319.7000000002 13.295000000000002 18.490432500000004 -1.3213044999999981 22.962448000000006 5.9025000000000007 6.3675000000000006 1.5000000000000002 24.9025 2108244.0000000005 9030.8765000000021 21.184631500000005 2820191.0000000005 1.2249999999999999
decision_type=2 2 2 2 2 2 2 2 2 2 2 2 2 2 2 2 2 2 2 2 2 2 2 2 2 2 2 2 2 2
left_child=1 2 -1 4 -4 6 -5 17 -9 13 12 -12 -11 15 -15 -10 -14 20 -19 -20 -3 23 -23 24 25 26 -22 -26 -25 -21
right_child=-2 7 3 5 -6 -7 -8 8 9 10 11 -13 16 14 -16 -17 -18 18 19 29 21 22 -24 28 27 -27 -28 -29 -30 -31
leaf_value=-0.0028926045139389639 -0.015977344286037871 0.0012409716425447973 0.021688904674926835 0.057488256006035958 -0.027680551961286742 -0.048773341806372633 -0.011164575543941804 0.080913289007730788 0.12904443530873819 -0.089074618688651505 0.074799988342120372 -0.016253614394615094 0.034154538215241496 -0.02923342062304506 0.062596244738564233 0.041080183858001558 -0.026247674831677049 0.0067411563407328975 -0.047206825828559854 -0.0018818259300281623 0.042069593793432197 -0.088447202993274646 -0.0010592817645131921 0.0128197280432755 0.055328744931224118 -0.0060647103625039262 0.11235774915729618 -0.033802823351526803 -0.049955599485286356 -0.0284863720920309
leaf_weight=7462 301 3128 548 32 67 64 103 32 22 21 34 24 36 42 44 37 105 641 98 526 109 33 120 722 24 39 58 55 29 199
leaf_count=7462 301 3128 548 32 67 64 103 32 22 21 34 24 36 42 44 37 105 641 98 526 109 33 120 722 24 39 58 55 29 199
internal_value=3.04818e-05 0.00036384 -0.00168989 0.00933551 0.0163104 -0.0122202 0.00510869 0.003115 0.0182134 0.0127164 -0.00565408 0.0371226 -0.0209692 0.0405888 0.0177492 0.0738804 -0.0108258 0.00207814 -0.00475671 -0.0137119 0.00439601 0.0126962 -0.0199077 0.0175113 0.0362616 0.0527467 0.066481 -0.00672488 0.0103956 -0.00918432
internal_weight=14755 14454 8276 814 615 199 135 6178 397 365 220 58 162 145 86 59 141 5781 1464 823 4317 1189 153 1036 285 206 167 79 751 725
internal_count=14755 14454 8276 814 615 199 135 6178 397 365 220 58 162 145 86 59 141 5781 1464 823 4317 1189 153 1036 285 206 167 79 751 725
is_linear=0
shrinkage=0.05


Tree=122
num_leaves=31
num_cat=0
split_feature=0 0 4 9 12 7 18 1 13 0 13 19 8 0 6 19 19 19 18 12 8 3 14 0 1 16 16 7 19 12
split_gain=28.4243 29.4818 39.9961 70.7437 61.7 58.0223 57.0575 51.4851 47.6857 53.6606 54.1281 52.8101 126.401 57.8762 47.0097 41.1021 42.5938 75.9438 40.4008 48.3344 39.1629 38.3384 51.1134 43.9507 61.5747 43.8878 46.5053 44.4761 39.7114 50.2327
threshold=46.500000000000007 26.500000000000004 179443.30500000002 -13761.082000000088 19.580000000000002 335965.09000000008 14.970000000000001 2.5000000000000004 8.9350000000000005 9.5000000000000018 3.0050000000000003 9.4575000000000014 -0.95713799999999949 12.500000000000002 24.933151500000005 14.515000000000002 -10.054999999999996 -9.3674999999999962 21.745000000000001 13.135000000000003 -3.7946165000000001 22.649414000000004 57.615000000000009 17.500000000000004 5.5000000000000009 33.362500000000004 50.577500000000008 2202021.5000000005 1.6224999999999972 8.1150000000000002
decision_type=2 2 2 2 2 2 2 2 2 2 2 2 2 2 2 2 2 2 2 2 2 2 2 2 2 2 2 2 2 2
left_child=1 2 3 7 6 -4 8 -1 9 -5 -11 13 -13 14 20 16 -7 -18 19 -8 -10 23 25 24 -19 27 28 -23 29 -27
right_child=-2 -3 5 4 -6 15 18 -9 11 10 -12 12 -14 -15 -16 -17 17 21 -20 -21 -22 22 -24 -25 -26 26 -28 -29 -30 -31
leaf_value=0.055596804144237233 -0.015178477006057043 0.0029592473780526911 -0.026050393245241138 -0.0054560696664996099 0.078291126422584068 0.017772452006296218 -0.024670113361955688 0.0076603684769293596 -0.040884654790163039 0.012094182811058857 -0.015948415986781914 0.14753252806452413 0.01074564799404981 -0.027729438829354625 -0.036722730426117782 0.062915938987356174 -0.082366767851635825 -0.020681698600732028 0.002324483135916208 -0.096436869435840178 0.023553030777874077 0.0042994399159163301 -0.053522235950222243 -0.0072110445839629143 -0.10388674664621551 0.0007260328008076455 -0.011601292962568399 -0.024018978315813292 0.045264865488612228 0.066075532819543578
leaf_weight=99 301 6178 320 2439 25 206 179 129 25 1020 207 24 57 94 40 23 32 126 121 27 415 447 40 1475 27 184 119 201 140 35
leaf_count=99 301 6178 320 2439 25 206 179 129 25 1020 207 24 57 94 40 23 32 126 121 27 415 447 40 1475 27 184 119 201 140 35
internal_value=2.89578e-05 0.000345648 -0.00160539 0.00127906 -4.7853e-05 -0.00579404 -0.000469212 0.0284749 0.00105475 -0.00116547 0.00736328 0.0134812 0.0512751 0.00814794 0.0151739 -0.00367226 -0.00417739 -0.00577741 -0.020607 -0.0340764 0.0198918 -0.00490022 0.0020205 -0.00985696 -0.0353649 0.0039936 0.0154869 -0.00448451 0.0244661 0.01117
internal_weight=14755 14454 8276 4901 4673 3375 4648 228 4321 3666 1227 655 81 574 480 3055 3032 2826 327 206 440 2794 1166 1628 153 1126 478 648 359 219
internal_count=14755 14454 8276 4901 4673 3375 4648 228 4321 3666 1227 655 81 574 480 3055 3032 2826 327 206 440 2794 1166 1628 153 1126 478 648 359 219
is_linear=0
shrinkage=0.05


Tree=123
num_leaves=31
num_cat=0
split_feature=0 0 4 18 18 18 9 18 9 0 17 16 16 15 14 4 16 9 5 17 4 8 9 16 8 19 4 6 5 9
split_gain=25.6529 27.2093 99.4414 47.6682 61.2898 55.8083 101.468 78.0531 66.8683 53.5819 65.639 49.154 85.8638 76.6238 114.495 86.4852 74.1012 72.0308 112.709 73.1474 65.1386 51.6197 49.1975 51.0394 93.7476 48.9055 58.7907 48.2006 47.1304 44.6226
threshold=46.500000000000007 34.500000000000007 308042.31500000006 4.5649999999999986 3.7524999999999964 7.520000000000004 288.26442500000013 7.5374999999999952 658849.65000000014 11.500000000000002 19.965000000000003 45.330000000000005 45.217500000000008 36.862500000000004 36.002500000000012 73204.630000000019 46.150000000000006 -318180.50999999989 11.725000000000003 34.997500000000009 2379283.6000000006 1.961456499999999 -285393.95000000001 48.892500000000005 3.1329045000000009 2.8099999999999992 1191231.4000000001 9.4710995000000029 1.0050000000000001 501994.3000000001
decision_type=2 2 2 2 2 2 2 2 2 2 2 2 2 2 2 2 2 2 2 2 2 2 2 2 2 2 2 2 2 2
left_child=1 3 -3 4 11 6 -5 -7 -8 -6 -11 12 13 14 -1 -15 28 18 -16 -19 -17 -21 -18 24 -24 -9 -27 -25 -13 -4
right_child=-2 2 29 5 9 7 8 25 -10 10 -12 16 -14 15 17 20 22 19 -20 21 -22 -23 23 27 -26 26 -28 -29 -30 -31
leaf_value=0.00059743852239486797 -0.014419553178266632 0.00066321153797421935 0.019546226752286427 -0.0042412197980167144 -0.0060223997979232209 0.055808954409741124 -0.054785422348084117 -0.0096699456535730699 -0.010006615126126066 0.072241850601738863 0.017794680398152778 -0.11244822032749653 0.088103164372773005 0.0091784389904772858 0.11092290825282153 -0.070232746371494556 0.013715149433173963 0.0086301379707112696 -0.020070166117511692 0.091367002766506347 0.0026305443563953389 0.011831216656548136 0.0035807759599669631 0.055291997904602735 0.11619927444495262 -0.0049600681088128092 0.027580548095701554 -0.013502230950097277 -0.02982605956753509 0.071060690592529008
leaf_weight=4788 301 3175 488 637 145 58 218 1043 135 73 229 20 29 109 52 107 319 414 24 51 43 34 243 26 20 335 237 1230 126 46
leaf_count=4788 301 3175 488 637 145 58 218 1043 135 73 229 20 29 109 52 107 319 414 24 51 43 34 243 26 20 335 237 1230 126 46
internal_value=2.75099e-05 0.000328365 0.00402077 -0.000946194 0.000965452 -0.00674789 -0.0161573 -0.00117984 -0.0376604 0.0189606 0.0309558 -8.80948e-05 0.00228904 0.00184638 0.00312916 -0.0247156 -0.00685885 0.0242107 0.0695567 0.0173043 -0.0493453 0.0595527 -0.00413542 -0.00788416 0.0121449 -0.00322649 0.00852267 -0.0120781 -0.0411442 0.0239838
internal_weight=14755 14454 3709 10745 8082 2663 990 1673 353 447 302 7635 5651 5622 5363 259 1984 575 76 499 150 85 1838 1519 263 1615 572 1256 146 534
internal_count=14755 14454 3709 10745 8082 2663 990 1673 353 447 302 7635 5651 5622 5363 259 1984 575 76 499 150 85 1838 1519 263 1615 572 1256 146 534
is_linear=0
shrinkage=0.05


Tree=124
num_leaves=31
num_cat=0
split_feature=3 4 19 8 15 17 6 17 6 5 3 17 15 14 17 12 4 16 8 17 17 5 15 8 4 7 5 8 12 18
split_gain=25.2544 56.7194 55.0935 68.4364 36.1256 68.8517 39.5673 39.3543 33.576 27.5712 26.7429 59.6555 73.9113 44.7469 36.0848 43.3316 70.943 61.2722 57.0432 93.8875 142.492 133.514 119.129 42.0448 49.896 46.3988 56.2356 62.4931 47.0397 52.8308
threshold=6.5328368500000007 1697924.2500000002 7.5400000000000009 -1.2135315 22.435000000000006 16.775000000000002 5.7885742000000002 15.172500000000001 6.8278655000000006 11.805000000000001 26.621429500000005 29.810000000000002 20.397500000000004 54.190000000000005 28.632500000000004 15.395000000000001 1405884.3000000003 25.592500000000005 0.1265870000000007 15.775 14.030000000000003 17.425000000000004 21.477500000000003 -1.5276795000000012 1277071.8500000003 2056079.1500000001 11.095000000000001 0.76464900000000047 8.0450000000000017 -0.53499999999999825
decision_type=2 2 2 2 2 2 2 2 2 2 2 2 2 2 2 2 2 2 2 2 2 2 2 2 2 2 2 2 2 2
left_child=1 2 4 -4 5 7 -7 -1 -8 -6 -2 14 -13 -14 15 23 18 -18 -17 20 -20 -21 -23 24 -12 -25 27 28 -27 -30
right_child=10 -3 3 -5 9 6 8 -9 -10 -11 11 12 13 -15 -16 16 17 -19 19 21 -22 22 -24 25 -26 26 -28 -29 29 -31
leaf_value=0.0017452325170779659 -0.001511609410285184 0.089876843758282213 0.0050535031184554104 0.12914290980435908 -0.0040546755174591664 0.0059798928740285879 0.085803873352706436 -0.054095317843429594 0.030398012384772299 -0.046636032880000448 0.094386496675821649 0.060847514390945434 -0.051674477762735642 -0.0046565123002535553 0.036613804319579356 -0.014774342714711362 0.0023183992237080725 -0.069765860380957265 0.046640084847582114 0.0011134365315925568 -0.10987196676433086 0.20407737341116775 0.035469899177551271 0.012178489013289068 0.016238832115777768 0.00064465813907400643 -0.045375986893256934 -0.033455836629992956 0.095502341166138649 0.01388159587344324
leaf_weight=96 11356 21 25 20 219 138 35 47 125 46 30 25 111 93 95 191 49 74 33 47 26 22 20 1224 64 260 76 101 31 55
leaf_count=96 11356 21 25 20 219 138 35 47 125 46 30 25 111 93 95 191 49 74 33 47 26 22 20 1224 64 260 76 101 31 55
internal_value=2.61344e-05 0.00882973 0.00656343 0.0602044 0.0031444 0.011912 0.0255977 -0.016608 0.042518 -0.0114462 -0.000459911 0.00408637 -0.0202958 -0.0302398 0.00641478 0.00516905 -0.00852184 -0.0410494 0.00328019 0.0265803 -0.0223313 0.0590049 0.123788 0.00860478 0.0411796 0.00685205 -0.00561366 0.00114683 0.0112476 0.043303
internal_weight=14755 772 751 45 706 441 298 143 160 265 13983 2627 229 204 2398 2303 462 123 339 148 59 89 42 1841 94 1747 523 447 346 86
internal_count=14755 772 751 45 706 441 298 143 160 265 13983 2627 229 204 2398 2303 462 123 339 148 59 89 42 1841 94 1747 523 447 346 86
is_linear=0
shrinkage=0.05


Tree=125
num_leaves=31
num_cat=0
split_feature=8 9 8 3 18 19 12 16 9 3 9 17 0 4 19 6 1 15 17 5 18 3 16 5 6 4 19 1 8 5
split_gain=23.02 33.2504 33.1214 21.2623 53.4066 51.4797 33.2114 30.3515 24.5855 59.7234 60.0609 96.6568 44.9297 42.8371 39.1833 57.8333 56.9749 45.1886 52.6763 47.9908 45.2195 86.0804 42.5773 83.0112 73.9419 65.1162 68.3333 39.3288 79.1258 53.2185
threshold=5.6624755000000002 111905.9000000001 8.0189360000000018 6.7229768000000005 -3.9749999999999992 5.2550000000000017 11.375000000000002 17.290000000000003 -278443.60000000003 14.858001500000002 -294864.9599999999 25.277500000000003 20.500000000000004 1546777.6000000003 -3.2625000000000006 16.483978000000004 1.0000000180025095e-35 14.1425 13.887500000000001 15.785000000000002 4.707500000000004 16.933747 33.810000000000009 1.0050000000000001 29.752258000000001 1366851.1500000001 1.5374999999999945 2.5000000000000004 -0.54029850000000035 7.5050000000000008
decision_type=2 2 2 2 2 2 2 2 2 2 2 2 2 2 2 2 2 2 2 2 2 2 2 2 2 2 2 2 2 2
left_child=3 2 -2 4 5 6 -1 -6 9 12 14 -12 -5 -14 15 -11 -16 -18 -19 20 22 -22 23 -20 27 26 -25 28 -24 -30
right_child=1 -3 -4 8 7 -7 -8 -9 -10 10 11 -13 13 -15 16 -17 17 18 19 -21 21 -23 24 25 -26 -27 -28 -29 29 -31
leaf_value=0.0091247228100895892 -0.024907634829371049 0.047640787104942968 0.016864363948718229 0.027030487993562731 -0.056811258569359785 0.095275944333385543 0.067706628525629642 0.0029386249788434034 -0.0014018981639477006 0.059551506047999414 0.13544073856125277 -0.00020914576176939341 -0.042991244477619019 0.01217685841182445 -0.068393206697973274 -0.017521814723321906 -0.027483780429197049 0.078657715069130066 -0.09127641520241192 -0.028736782663073099 -0.099910957298495556 0.0070341721794997848 0.10136493435534447 0.059445436918956311 0.11156895802571223 -0.032372956997469858 -0.0090970692010448571 0.01662284844029328 -0.0036895716292483192 0.088405171746299388
leaf_weight=125 261 21 58 44 22 27 30 627 11931 27 24 29 140 47 22 247 65 32 21 63 22 130 46 86 26 57 63 363 62 21
leaf_count=125 261 21 58 44 22 27 30 627 11931 27 24 29 140 47 22 247 65 32 21 63 22 130 46 86 26 57 63 363 62 21
internal_value=-0.000441655 -0.0133009 -0.0173127 -0.000138013 0.00762564 0.0315618 0.0204632 0.000913205 -0.000613514 0.00513249 0.00900356 0.0612172 -0.0184291 -0.0291255 0.00695824 -0.009927 0.0112461 0.0129036 0.01555 0.0134464 0.0164091 -0.00844473 0.0214799 0.00342348 0.0293927 0.0130773 0.0304644 0.0250501 0.0487639 0.0196115
internal_weight=14739 340 319 14399 831 182 155 649 13568 1637 1406 53 231 187 1353 274 1079 1057 992 960 897 152 745 227 518 206 149 492 129 83
internal_count=14739 340 319 14399 831 182 155 649 13568 1637 1406 53 231 187 1353 274 1079 1057 992 960 897 152 745 227 518 206 149 492 129 83
is_linear=0
shrinkage=0.05


Tree=126
num_leaves=31
num_cat=0
split_feature=13 3 3 18 19 13 16 9 3 9 12 19 8 1 4 5 14 18 3 18 16 5 6 5 4 1 8 4 5 18
split_gain=23.0328 35.7304 21.4984 48.1995 46.4604 41.7482 27.3922 24.3266 51.1698 50.7602 90.8951 34.4826 52.2034 51.0397 46.4359 51.7207 35.9574 33.4208 75.4268 52.1004 43.5656 67.7782 80.0497 64.4699 51.984 43.0867 71.411 48.8111 48.0297 45.7613
threshold=17.310000000000006 11.957275500000002 6.7229768000000005 -3.9749999999999992 5.2550000000000017 7.6050000000000013 17.290000000000003 -278443.60000000003 14.858001500000002 -294864.9599999999 8.4350000000000005 -3.2625000000000006 -0.11416599999999998 1.0000000180025095e-35 821533.34500000009 0.015000000000000001 49.975000000000001 4.707500000000004 16.933747 3.7875000000000019 33.810000000000009 14.235000000000001 29.752258000000001 1.0050000000000001 1546777.6000000003 2.5000000000000004 -0.54029850000000035 1226607.5500000003 7.5050000000000008 1.5449999999999948
decision_type=2 2 2 2 2 2 2 2 2 2 2 2 2 2 2 2 2 2 2 2 2 2 2 2 2 2 2 2 2 2
left_child=2 -2 3 4 5 -1 -5 8 -4 11 -11 12 14 -13 -10 -16 -14 19 -19 20 23 22 25 -15 -25 26 27 -22 -28 -27
right_child=1 -3 7 6 -6 -7 -8 -9 9 10 -12 13 16 17 15 -17 -18 18 -20 -21 21 -23 -24 24 -26 29 28 -29 -30 -31
leaf_value=0.039505542797449326 0.084165361449122442 0.0071545448306886876 -0.016184443464053729 -0.053970694778995076 0.090512147104298626 -0.014117895086006872 0.002791693876813087 -0.0018129757362132697 0.0042440582458611311 0.0041045032893166399 0.13717152529529161 -0.064973545819520959 0.0015248006178160845 -0.086712594756058289 -0.10019244063465345 -0.023561113366955207 0.072101412600918249 -0.094915410740809003 0.0045324700190506597 0.062014665761799148 0.14350189232826235 -0.042054309180149664 0.11359121251106262 0.016104514975673879 -0.03231317108824245 0.017095352781481919 -0.0035050926820164724 0.040100017225458508 0.083984913827762728 -0.059126788945425127
leaf_weight=97 20 61 251 22 27 58 627 12158 82 33 21 22 59 21 31 76 26 22 143 57 25 39 25 221 74 316 62 21 21 21
leaf_count=97 20 61 251 22 27 58 627 12158 82 33 21 22 59 21 31 76 26 22 143 57 25 39 25 221 74 316 62 21 21 21
internal_value=-0.000419572 0.0261696 -0.000566504 0.00724436 0.0299837 0.01944 0.000867545 -0.00103594 0.0046245 0.00830788 0.0558528 0.00642561 -0.00943065 0.0104115 -0.0240667 -0.0457627 0.0231129 0.0119644 -0.00872725 0.0157452 0.0126278 0.021389 0.0264282 -0.00206659 0.00395906 0.0217521 0.0463257 0.0962967 0.0186309 0.0123456
internal_weight=14739 81 14658 831 182 155 649 13827 1669 1418 54 1364 274 1090 189 107 85 1068 165 903 846 530 491 316 295 466 129 46 83 337
internal_count=14739 81 14658 831 182 155 649 13827 1669 1418 54 1364 274 1090 189 107 85 1068 165 903 846 530 491 316 295 466 129 46 83 337
is_linear=0
shrinkage=0.05


Tree=127
num_leaves=31
num_cat=0
split_feature=13 19 8 9 8 14 18 7 14 3 4 3 14 3 12 19 19 14 9 19 4 5 3 9 4 4 9 9 4 5
split_gain=20.7981 34.7095 20.005 29.9953 29.9068 20.9008 46.313 60.8946 48.976 55.7529 59.2191 41.4596 36.1323 31.9779 76.2635 49.6098 71.0146 96.3868 44.3088 43.5094 48.1891 72.0635 43.172 41.2602 49.028 39.2585 29.6463 70.4461 45.1643 34.1245
threshold=16.985000000000003 5.7125000000000004 5.6624755000000002 111905.9000000001 8.0189360000000018 61.9925 22.737500000000001 2666486.7000000007 48.272500000000008 12.625412000000003 46721.587500000009 18.416977000000006 54.090000000000011 19.601028500000002 15.825000000000001 -1.0724999999999978 -4.2874999999999988 56.967500000000008 225371.50000000006 -1.0849999999999989 1522597.8500000003 15.585000000000003 17.853195000000003 -278443.60000000003 821533.34500000009 2293388.7000000007 339223.04999999999 146101.40000000005 692985.65000000014 12.005000000000001
decision_type=2 2 2 2 2 2 2 2 2 2 2 2 2 2 2 2 2 2 2 2 2 2 2 2 2 2 2 2 2 2
left_child=2 -2 5 4 -4 6 8 11 -1 10 12 -8 -10 19 15 16 18 -18 -15 -11 21 -21 25 24 -17 -22 27 29 -29 -7
right_child=1 -3 3 -5 -6 26 7 -9 9 13 -12 -13 -14 14 -16 23 17 -19 -20 20 22 -23 -24 -25 -26 -27 -28 28 -30 -31
leaf_value=3.4617150394334943e-05 -0.0023801212532902666 0.060726759889842691 -0.023559896160134337 0.045349396765232086 0.016133317369004262 0.013479035678265656 0.068443474263466642 -0.057847340553998955 0.0026683226252268806 -0.036759780081047209 -0.023644112619870115 0.015498017868501883 0.064042793793173944 0.0089514350215329531 -0.08495310780902704 -0.0060059050724295716 0.021346656933019403 0.14921897485852242 -0.053832146919825498 -0.00731959373670604 -0.12179556136781521 0.085819293667926733 0.014244448384270074 -0.016485111489679207 0.073617117877664243 -0.028369550496015861 -0.011349127013438745 0.1242165776945296 0.027934779185030997 -0.010615532731637359
leaf_weight=11480 53 37 261 21 58 554 58 20 38 256 53 102 65 162 30 58 56 20 34 214 22 23 20 558 29 23 184 21 29 200
leaf_count=11480 53 37 261 21 58 554 58 20 38 256 53 102 65 162 30 58 56 20 34 214 22 23 20 558 29 23 184 21 29 200
internal_value=-0.000398594 0.0235638 -0.000545813 -0.0125325 -0.0163429 -0.000260993 -0.000781416 0.0244087 -0.00112646 -0.00915125 0.0193015 0.0346907 0.0413998 -0.0121005 -0.00650591 -0.00393948 0.0139692 0.0549973 -0.00193959 -0.0215953 -0.0087406 0.0017192 -0.0468787 -0.0114917 0.0205351 -0.0740445 0.00675577 0.0108992 0.0683731 0.0070879
internal_weight=14739 90 14649 340 319 14309 13321 180 13141 1661 156 160 103 1505 947 917 272 76 196 558 302 237 65 645 87 45 988 804 50 754
internal_count=14739 90 14649 340 319 14309 13321 180 13141 1661 156 160 103 1505 947 917 272 76 196 558 302 237 65 645 87 45 988 804 50 754
is_linear=0
shrinkage=0.05


Tree=128
num_leaves=31
num_cat=0
split_feature=17 17 5 14 8 5 8 3 14 3 4 8 14 14 4 14 3 6 12 14 6 7 16 19 13 3 19 14 14 17
split_gain=19.1817 44.5179 43.2559 39.0049 61.8916 58.7233 57.8389 93.8683 49.1451 48.5135 65.7745 55.6576 42.3883 90.6758 38.415 34.4591 29.1398 36.3094 28.295 35.108 40.3902 39.6163 27.6354 62.1224 104.619 68.6563 38.8839 36.8438 135.674 136.996
threshold=34.520000000000003 34.155000000000008 4.0050000000000008 39.357500000000009 1.2870179999999991 5.2650000000000006 1.2579650000000002 20.395751500000006 37.437500000000007 17.853195000000003 1156097.8000000003 -1.1545409999999998 43.850000000000001 44.727500000000013 1967800.9000000001 42.720000000000006 11.957275500000002 14.324814000000002 18.005000000000006 48.970000000000006 14.324814000000002 815520.78000000014 32.177500000000002 8.3900000000000023 9.4750000000000032 12.916428000000002 7.1000000000000023 24.445000000000004 23.332500000000007 16.790000000000003
decision_type=2 2 2 2 2 2 2 2 2 2 2 2 2 2 2 2 2 2 2 2 2 2 2 2 2 2 2 2 2 2
left_child=1 22 -3 5 12 8 7 9 14 10 -7 -12 -5 -14 -2 -6 -15 -18 19 -17 -21 -22 27 26 -25 -26 -24 28 -1 -30
right_child=3 2 -4 4 15 6 -8 -9 -10 -11 11 -13 13 16 -16 18 17 -19 -20 20 21 -23 23 24 25 -27 -28 -29 29 -31
leaf_value=-0.0012803421711346627 -0.099789084986680099 -0.006108710922725389 0.067603511266255134 -0.032345777767238348 0.032017444231346746 -0.0065700637543637114 -0.03465306814697882 0.10498691066389992 0.014415787007998337 -0.052269654605123728 0.11622065454721452 0.00097342777997255325 0.085383661676730435 0.01651919844170284 -0.026745161884464325 -0.015005786735564471 -0.05873259466040779 -0.0076136082477679459 -0.048381232885488623 0.071528685241937645 -0.012539355330742323 0.06048780287114474 0.0020632438592989586 0.0049794814273548928 0.13081295412654678 0.033384789414703846 -0.027048218451663216 -0.0046402133040148097 0.077207362783236144 0.00068958873924767153
leaf_weight=1737 45 34 48 146 181 236 150 21 22 45 22 20 28 117 30 90 37 568 24 35 65 26 5847 157 33 40 117 4584 118 116
leaf_count=1737 45 34 48 146 181 236 150 21 22 45 22 20 28 117 30 90 37 568 24 35 65 26 5847 157 33 40 117 4584 118 116
internal_value=-0.000378664 0.000316903 0.0370399 -0.00505624 -0.000267285 -0.0157281 -0.00874409 0.00255343 -0.051296 -0.00410634 0.00368988 0.061341 -0.00769713 -0.00289886 -0.0705715 0.0155454 -0.00632256 -0.0107399 0.00312274 0.00884541 0.025882 0.00832555 8.07053e-05 0.00247548 0.0279739 0.0774277 0.00149214 -0.00218219 0.0035345 0.0392755
internal_weight=14739 12831 82 1908 1317 591 494 344 97 323 278 42 896 750 75 421 722 605 240 216 126 91 12749 6194 230 73 5964 6555 1971 234
internal_count=14739 12831 82 1908 1317 591 494 344 97 323 278 42 896 750 75 421 722 605 240 216 126 91 12749 6194 230 73 5964 6555 1971 234
is_linear=0
shrinkage=0.05


Tree=129
num_leaves=31
num_cat=0
split_feature=0 13 6 16 9 5 8 12 9 12 12 13 13 0 16 4 4 0 18 17 17 9 5 15 19 18 4 7 16 6
split_gain=19.3443 39.053 55.2188 31.4884 61.3787 68.6528 41.2296 29.6687 26.067 24.5569 30.4545 24.4952 86.1375 80.9554 64.4572 54.9469 53.9409 37.0019 86.5324 48.9628 62.7744 41.5911 37.1017 36.1936 40.5301 47.9853 49.9784 43.8646 39.6563 75.0434
threshold=4.5000000000000009 6.0050000000000008 26.105667000000004 81.257500000000007 9181.1049999999541 15.060000000000002 2.476943700000001 8.8750000000000018 539947.09500000009 11.595000000000001 9.0050000000000008 1.0000000180025095e-35 5.0050000000000008 19.500000000000004 28.407500000000002 2358558.8500000006 1314668.7000000002 40.500000000000007 2.0550000000000002 16.790000000000003 17.997500000000006 777176.33000000007 15.945000000000002 39.452500000000008 5.4325000000000019 10.710000000000003 1780264.7500000002 2509136.3500000006 34.975000000000009 30.337082000000002
decision_type=2 2 2 2 2 2 2 2 2 2 2 2 2 2 2 2 2 2 2 2 2 2 2 2 2 2 2 2 2 2
left_child=1 2 9 11 6 8 -5 -4 -6 10 -1 17 13 -13 -15 16 -16 21 -19 -20 -21 23 -22 24 27 -26 -27 -2 -29 -30
right_child=3 -3 7 4 5 -7 -8 -9 -10 -11 -12 12 -14 14 15 -17 -18 18 19 20 22 -23 -24 -25 25 26 -28 28 29 -31
leaf_value=-0.020574130970608354 0.0049567338439131152 0.006187124562568605 0.04568330570365544 0.091942780562921586 -0.087053557654975786 0.063084589202134375 0.014913298236206175 0.00081728268173876506 -0.0091730195690285076 -0.044460790004315125 -0.00023459831872189949 -0.058425036886221041 -0.0002158329041005012 0.028946095253312154 0.0018258518309727926 0.0038604885284227648 -0.049254178601759999 -0.016891041820675756 -0.030078847043537155 0.082364318712103757 0.0045791275496746128 -0.011671179119603831 0.049131783700655574 -0.01860568946260693 0.047420388835219103 -0.031361920737168369 0.060288092121481895 -0.023351533597965234 -0.0055317096708270147 0.081399078581203613
leaf_weight=537 6142 478 54 38 21 21 32 116 22 70 280 115 3581 81 73 151 177 791 74 31 461 460 52 175 115 51 21 272 219 28
leaf_count=537 6142 478 54 38 21 21 32 116 22 70 280 115 3581 81 73 151 177 791 74 31 461 460 52 175 115 51 21 272 219 28
internal_value=-0.000359731 -0.00567238 -0.0110355 0.000257879 0.0243724 -0.011018 0.0567293 0.0150688 -0.0472077 -0.0160386 -0.0136034 1.06453e-05 -0.00314718 -0.0207303 -0.0117368 -0.0199545 -0.0343388 0.00149438 -0.00593863 0.00807976 0.0132704 0.00289397 0.00909519 0.00384797 0.00442177 0.0273793 -0.00463067 0.00377727 -0.0101809 0.00432279
internal_weight=14739 1535 1057 13204 134 64 70 170 43 887 817 13070 4178 597 482 401 250 8892 1409 618 544 7483 513 7023 6848 187 72 6661 519 247
internal_count=14739 1535 1057 13204 134 64 70 170 43 887 817 13070 4178 597 482 401 250 8892 1409 618 544 7483 513 7023 6848 187 72 6661 519 247
is_linear=0
shrinkage=0.05


Tree=130
num_leaves=31
num_cat=0
split_feature=3 0 15 13 5 3 18 18 18 16 13 15 3 13 4 8 9 6 12 1 12 16 15 12 0 19 16 17 5 0
split_gain=26.9527 39.512 75.9947 69.9622 64.8882 55.5018 53.4707 41.8108 43.9438 38.1202 37.4718 34.8274 32.7736 63.7969 54.4737 58.0065 69.8264 55.6816 75.287 53.7422 80.0162 63.1551 100.199 62.4485 86.4541 105.548 116.828 128.974 101.359 53.3331
threshold=9.6554720000000014 11.500000000000002 28.620000000000005 7.7550000000000008 10.765000000000002 3.1437682500000004 -5.7274999999999947 5.6075000000000026 4.9300000000000006 30.605 9.4150000000000009 18.035000000000004 23.338669000000007 14.255000000000001 2747903.2000000007 -0.99009699999999989 -821822.44999999984 28.683990500000004 7.0750000000000011 3.5000000000000004 21.275000000000002 41.120000000000012 26.745000000000005 20.005000000000006 25.500000000000004 2.8099999999999992 24.445000000000004 29.432500000000001 17.315000000000001 31.500000000000004
decision_type=2 2 2 2 2 2 2 2 2 2 2 2 2 2 2 2 2 2 2 2 2 2 2 2 2 2 2 2 2 2
left_child=1 2 11 5 -4 -3 10 8 -7 -6 -5 -1 13 -2 15 16 -14 18 -16 20 21 22 23 24 -17 26 28 -28 -26 -24
right_child=12 3 4 6 9 7 -8 -9 -10 -11 -12 -13 14 -15 17 19 -18 -19 -20 -21 -22 -23 29 -25 25 -27 27 -29 -30 -31
leaf_value=-0.031013839032366992 -0.0033312157804568331 0.081793487083279728 0.006157758805455397 -0.0023206107020378114 0.024525805078446868 0.014984053207105533 -0.015724823097941081 0.057973232937246481 -0.052326284945011139 0.11634317971407795 0.085146445020412409 -0.0040259034702602959 0.022118470229988946 0.031345151850104301 -0.10189605384338192 0.0021315518706384075 -0.016980965222323102 -0.0030524274324188415 -0.0082302509848442337 -0.00027913234604416725 0.098565010869732281 0.031225883391381371 -0.011923450396286063 -0.049327821817335693 0.039378449084380499 0.11263326114664476 -0.0045121119130776847 0.085122126200132903 0.15722637136466802 -0.077272898125204645
leaf_weight=178 7585 33 115 25 20 806 307 55 25 26 24 364 142 135 41 969 583 161 45 1820 26 309 93 43 208 33 371 45 20 47
leaf_count=178 7585 33 115 25 20 806 307 55 25 26 24 364 142 135 41 969 583 161 45 1820 26 309 93 43 208 33 371 45 20 47
internal_value=0.000159264 0.00558765 -0.00392932 0.010835 0.0262334 0.0181248 -0.00798321 0.0157534 0.0129591 0.0764226 0.0405204 -0.0128891 -0.000687797 -0.00272483 0.0024853 0.00368586 -0.00932287 -0.020403 -0.0528849 0.00605316 0.0113788 0.0103186 0.00678639 0.0101557 0.0117097 0.025419 0.0209499 0.0051839 0.049716 -0.0338622
internal_weight=14654 1978 703 1275 161 919 356 886 831 46 49 542 12676 7720 4956 4709 725 247 86 3984 2164 2138 1829 1689 1646 677 644 416 228 140
internal_count=14654 1978 703 1275 161 919 356 886 831 46 49 542 12676 7720 4956 4709 725 247 86 3984 2164 2138 1829 1689 1646 677 644 416 228 140
is_linear=0
shrinkage=0.05


Tree=131
num_leaves=31
num_cat=0
split_feature=3 14 0 18 16 15 8 5 3 3 13 4 8 0 1 12 16 14 5 13 5 7 4 16 16 8 14 8 4 0
split_gain=24.3795 52.2288 53.8482 86.489 46.5431 39.2789 38.3882 36.4355 34.1966 29.9704 53.7321 49.4216 52.8243 53.4929 47.4301 72.1577 60.6284 91.5883 102.511 76.2775 60.5293 50.6621 75.7803 50.45 57.002 62.3548 56.2307 50.08 45.0272 61.0438
threshold=9.7777710000000031 28.407500000000002 12.500000000000002 1.2850000000000004 25.772500000000004 18.035000000000004 2.8784180000000004 8.8050000000000015 7.4524841000000004 23.338669000000007 14.255000000000001 2722004.4000000004 -0.99009699999999989 38.500000000000007 3.5000000000000004 21.275000000000002 41.120000000000012 24.445000000000004 17.315000000000001 11.095000000000001 15.685 1653374.4500000002 2108244.0000000005 33.742500000000007 33.782500000000006 0.4614720000000006 41.360000000000007 1.3655399999999995 668482.12500000012 19.500000000000004
decision_type=2 2 2 2 2 2 2 2 2 2 2 2 2 2 2 2 2 2 2 2 2 2 2 2 2 2 2 2 2 2
left_child=1 2 5 4 -4 -1 -3 -5 -9 10 28 12 13 -11 15 16 17 18 21 20 23 -14 -23 -19 -25 26 -26 -16 -2 -30
right_child=9 6 3 7 -6 -7 -8 8 -10 11 -12 -13 14 -15 27 -17 -18 19 -20 -21 -22 22 -24 24 25 -27 -28 -29 29 -31
leaf_value=-0.033323520187590293 -0.00041720915455932517 0.017775086628052231 0.025713574663944999 0.018658144316194874 -0.002697191155809713 -0.0028888210945297033 -0.029751619982222716 -0.013082680809748127 -0.063313990509777804 -0.0027477227164135866 0.028874327663220185 -0.018563076604265819 0.012615472934203217 -0.039051222798154983 -0.0037264278695451529 0.093636762014088729 0.030383703149877889 -0.00063247804320929672 0.13703133870236345 -0.096838536821305762 -0.030527253425242453 0.11200924144525613 0.012919817201598266 0.089716551414337653 0.057717084882360908 -0.013963735256055815 -0.0053818353658749004 0.019070478783223543 -0.031257059574967487 -0.0059482281135908744
leaf_weight=179 4976 761 392 38 228 260 45 72 64 603 133 267 333 122 1528 26 307 943 20 20 133 35 43 29 102 105 54 286 266 2284
leaf_count=179 4976 761 392 38 228 260 45 72 64 603 133 267 333 122 1528 26 307 943 20 20 133 35 43 29 102 105 54 286 266 2284
internal_value=0.000151301 0.005224 -0.00124597 0.00652358 0.0152657 -0.0152984 0.0151216 -0.0246267 -0.0367209 -0.000668615 -0.00262905 0.00236104 0.00355249 -0.00885673 0.00582209 0.0108459 0.00983241 0.00636007 0.0264906 0.000100136 0.00151944 0.0211115 0.057383 0.00497622 0.0232142 0.015825 0.0358752 -0.000132208 -0.00318578 -0.00858829
internal_weight=14654 2039 1233 794 620 439 806 174 136 12615 7659 4956 4689 725 3964 2150 2124 1817 431 1386 1366 411 78 1233 290 261 156 1814 7526 2550
internal_count=14654 2039 1233 794 620 439 806 174 136 12615 7659 4956 4689 725 3964 2150 2124 1817 431 1386 1366 411 78 1233 290 261 156 1814 7526 2550
is_linear=0
shrinkage=0.05


Tree=132
num_leaves=31
num_cat=0
split_feature=0 7 19 16 14 3 14 17 8 7 1 14 14 3 17 17 15 0 9 3 12 13 16 18 16 5 12 1 6 7
split_gain=23.6285 42.1778 51.8284 54.0322 39.9287 43.0791 51.6195 37.8996 35.7352 40.5839 43.3599 36.0974 74.9732 53.8032 54.133 94.1733 86.9705 63.2471 51.9968 74.941 49.3442 47.4953 44.8922 44.3833 41.9758 62.3904 41.7128 39.9426 39.6369 38.132
threshold=26.500000000000004 2056079.1500000001 2.9024999999999985 35.620000000000012 24.290000000000003 15.044784500000002 25.510000000000002 40.735000000000007 4.3213500000000016 1161899.9000000001 4.5000000000000009 37.437500000000007 34.07500000000001 15.464950500000002 21.962500000000002 20.982500000000005 25.277500000000003 38.500000000000007 -278443.60000000003 18.280716000000002 15.575000000000001 12.950000000000001 48.017500000000005 5.8549999999999978 41.535000000000004 20.005000000000006 18.085000000000004 4.5000000000000009 18.337127500000005 849058.90000000014
decision_type=2 2 2 2 2 2 2 2 2 2 2 2 2 2 2 2 2 2 2 2 2 2 2 2 2 2 2 2 2 2
left_child=1 -1 4 -4 -3 -6 -7 -8 11 -10 -11 12 -2 23 15 29 17 28 19 -16 21 -14 24 -13 -20 26 27 -26 -17 -15
right_child=8 2 3 -5 5 6 7 -9 9 10 -12 13 20 14 18 16 -18 -19 22 -21 -22 -23 -24 -25 25 -27 -28 -29 -30 -31
leaf_value=-0.00039393402301447674 0.0027565147981720908 0.0088964054864746605 -0.015655369232874364 0.036321632403880359 -0.068341454021632678 -0.069663145630917661 -0.018079578425633472 0.045204025283455851 -0.023970619331490486 -0.015764965629205107 0.06910574419630898 0.010828210139006842 -0.0070768696432141178 0.018834776032244052 -0.024822689521880378 0.084813246997073294 -0.0027619463897177155 0.036606206605210904 -0.0051586962236465769 0.039445100925046446 -0.059157592820172959 -0.074817988502659971 -0.015285566642300272 0.04099414135272695 0.032122874546485644 0.10349960011385738 -0.052034457400441173 -0.026524416802244058 0.18435836818069221 -0.01656533636510019
leaf_weight=7393 3269 110 100 100 50 47 441 25 235 34 27 320 341 221 63 20 35 28 428 162 66 28 549 197 150 21 22 36 20 116
leaf_count=7393 3269 110 100 100 50 47 441 25 235 34 27 320 341 221 63 20 35 28 428 162 66 28 549 197 150 21 22 36 20 116
internal_value=0.000143736 -0.00162126 -0.0120149 0.0103331 -0.0186562 -0.0240395 -0.0197216 -0.0146845 0.00242762 -0.014538 0.0218008 0.00325196 0.00016159 0.00804539 0.00410022 0.0194378 0.061279 0.0942413 -0.000615748 0.0214501 -0.0193391 -0.0122171 -0.00473251 0.0223228 0.00408579 0.0213637 0.0130711 0.0207718 0.134586 0.00664957
internal_weight=14654 8266 873 200 673 563 513 466 6388 296 61 6092 3704 2388 1871 440 103 68 1431 225 435 369 1206 517 657 229 208 186 40 337
internal_count=14654 8266 873 200 673 563 513 466 6388 296 61 6092 3704 2388 1871 440 103 68 1431 225 435 369 1206 517 657 229 208 186 40 337
is_linear=0
shrinkage=0.05


Tree=133
num_leaves=31
num_cat=0
split_feature=3 4 18 17 5 16 9 0 5 17 17 8 18 17 12 18 18 8 6 4 15 18 6 3 5 15 6 5 0 6
split_gain=22.8258 60.5069 32.7698 41.1627 84.3778 23.5905 69.1167 49.2935 50.0934 23.9053 64.0879 47.506 40.6067 38.3833 48.3991 39.423 66.2652 36.1397 34.3146 41.8325 31.8398 48.2207 41.8152 49.609 44.0733 35.8666 35.3277 42.7528 48.0688 38.083
threshold=6.5328368500000007 1697924.2500000002 -2.8899999999999966 32.202500000000008 14.145000000000001 81.257500000000007 45117.343000000008 6.5000000000000009 14.325000000000001 34.352500000000013 34.155000000000008 -0.14358550000000034 -27.877499999999987 35.565000000000005 13.995000000000003 19.737500000000004 2.337499999999999 -0.27494850000000065 15.945907500000002 516192.78000000009 42.337500000000006 -2.4924999999999975 15.638122500000001 18.965897000000002 13.505000000000001 32.482500000000009 21.853057500000002 8.3150000000000031 33.500000000000007 24.741348000000002
decision_type=2 2 2 2 2 2 2 2 2 2 2 2 2 2 2 2 2 2 2 2 2 2 2 2 2 2 2 2 2 2
left_child=1 2 3 4 -1 9 7 -7 -9 10 -2 12 -11 -14 15 16 17 18 -15 -20 21 -13 24 25 -23 -24 27 -25 -29 -28
right_child=5 -3 -4 -5 -6 6 -8 8 -10 11 -12 20 13 14 -16 -17 -18 -19 19 -21 -22 22 23 26 -26 -27 29 28 -30 -31
leaf_value=0.022418109292630106 1.3365735011843273e-05 0.086586273151139426 -0.00081614097258267567 -0.0077083127310451794 0.13267909638583661 -0.020010056947781282 -0.022949820876431964 0.099965452420157058 0.015781980119645597 -0.08117393805928852 0.062632514981598386 -0.012268939587837932 -0.030079597241829261 -0.026429946120828392 -0.081411417163908484 -0.042814550106917384 0.034854797951450918 -0.063772454232925421 -0.0073240867678411028 0.049257439439546094 -0.021716245277233794 0.017045859908015878 0.0035982941144279074 0.0066093885376559275 0.067965590296999404 -0.072819190932547337 -0.043307145845914344 0.11727410907236238 0.020021913083339182 0.01261769156683133
leaf_weight=131 11991 24 535 78 20 22 60 43 30 23 41 275 236 100 20 52 118 28 98 49 131 167 28 76 57 34 46 24 27 90
leaf_count=131 11991 24 535 78 20 22 60 43 30 23 41 275 236 100 20 52 118 28 98 49 131 167 28 76 57 34 46 24 27 90
internal_value=0.000136549 0.00841439 0.00595873 0.0217865 0.0370222 -0.000333878 0.019063 0.0455974 0.0653695 -0.000553155 0.000226745 -0.00614206 -0.0158015 -0.0136566 -0.00532148 -0.00190171 0.0035117 -0.00993734 -0.00383458 0.0115364 0.0011809 0.0048211 0.0133817 0.00192568 0.0300031 -0.0383081 0.0114104 0.0303739 0.0657877 -0.00629806
internal_weight=14654 788 764 229 151 13866 155 95 73 13711 12032 1679 724 701 465 445 393 275 247 147 955 824 549 325 224 62 263 127 51 136
internal_count=14654 788 764 229 151 13866 155 95 73 13711 12032 1679 724 701 465 445 393 275 247 147 955 824 549 325 224 62 263 127 51 136
is_linear=0
shrinkage=0.05


Tree=134
num_leaves=31
num_cat=0
split_feature=0 4 9 15 17 17 17 0 15 3 19 19 19 18 6 14 18 12 18 8 12 0 12 4 5 6 19 19 5 6
split_gain=21.5168 50.9472 45.6108 47.7118 94.4646 45.4172 54.9501 44.7039 58.1918 45.5131 40.7167 40.676 54.1401 76.8039 61.3616 44.5803 46.5764 39.4286 41.7256 62.6754 40.4813 36.724 44.6569 57.9114 38.8176 55.2967 48.6862 55.4676 74.5381 50.9025
threshold=26.500000000000004 179443.30500000002 -13761.082000000088 29.810000000000002 28.960000000000004 21.417500000000004 18.592500000000005 17.500000000000004 26.350000000000001 19.674591000000003 14.515000000000002 2.4174999999999991 3.1349999999999993 2.7374999999999994 19.506957500000002 30.962500000000002 -5.7274999999999947 19.075000000000003 15.159999999999998 1.3204195000000001 12.605000000000002 18.500000000000004 5.0050000000000008 1507414.0000000002 12.095000000000001 18.337127500000005 -0.44999999999999923 -10.054999999999996 8.4250000000000025 9.9721220000000024
decision_type=2 2 2 2 2 2 2 2 2 2 2 2 2 2 2 2 2 2 2 2 2 2 2 2 2 2 2 2 2 2
left_child=1 2 3 4 5 6 -1 8 -3 -10 21 17 13 -13 -15 16 -14 18 -4 20 -20 22 -9 -24 26 -26 27 -23 29 -29
right_child=-2 7 11 -5 -6 -7 -8 10 9 -11 -12 12 15 14 -16 -17 -18 -19 19 -21 -22 24 23 -25 25 -27 -28 28 -30 -31
leaf_value=0.019021451940716361 0.0023091690238695346 -0.005514860325497431 -0.001401859255553025 -0.0066736441673483794 0.14194717153906822 -0.0063528433628380308 0.1160122652416644 -0.011513515567258154 -0.051130943143514199 -0.0083440037377025041 0.061405168110892798 0.0094742565750303032 0.048145904850171901 0.1027717038562211 0.025408379645510154 -0.0059265777380990642 0.0059422951436003124 0.055788379930088228 -0.031515190333694869 0.023804770311974782 -0.10700846388936043 0.013256294758822654 0.03956261707174024 -0.034159075415846021 -0.075171968550421298 -0.0087185486892445221 0.0014404589576822709 0.019783290207647443 0.019647522061784693 -0.029667377392973607
leaf_weight=40 6388 387 3105 82 20 60 23 122 173 97 24 229 87 48 55 614 263 29 115 47 21 161 159 32 48 90 1373 57 107 598
leaf_count=40 6388 387 3105 82 20 60 23 122 173 97 24 229 87 48 55 614 263 29 115 47 21 161 159 32 48 90 1373 57 107 598
internal_value=0.000129722 -0.00155456 0.00174966 0.0237319 0.0411672 0.0247802 0.0544308 -0.00621788 -0.0179441 -0.0357593 -0.00343761 0.000677476 0.00818882 0.0256027 0.0614612 0.00219149 0.0164329 -0.00225731 -0.00276927 -0.0259705 -0.0431722 -0.00400413 0.0121173 0.0272113 -0.00607727 -0.0318328 -0.00452924 -0.0134094 -0.0190435 -0.025364
internal_weight=14654 8266 4838 225 143 123 63 3428 657 270 2771 4613 1296 332 103 964 350 3317 3288 183 136 2747 313 191 2434 138 2296 923 762 655
internal_count=14654 8266 4838 225 143 123 63 3428 657 270 2771 4613 1296 332 103 964 350 3317 3288 183 136 2747 313 191 2434 138 2296 923 762 655
is_linear=0
shrinkage=0.05


Tree=135
num_leaves=31
num_cat=0
split_feature=14 0 3 6 4 8 14 0 5 16 16 12 16 4 4 8 8 8 17 9 9 6 15 12 4 14 4 5 3 15
split_gain=22.4683 46.0131 69.8894 61.1911 77.1566 39.066 38.9615 63.4007 61.9058 48.1438 65.7529 59.4987 55.9891 76.9218 49.144 66.6262 45.3659 44.0163 60.1276 48.6266 41.3084 40.3523 54.246 42.2074 39.0433 37.6266 61.7658 46.8008 37.6618 42.1281
threshold=40.285000000000004 4.5000000000000009 25.219284500000004 9.316787500000002 429489.72000000003 2.0989985000000009 41.190000000000005 40.500000000000007 0.55000000000000016 35.620000000000012 41.535000000000004 14.005000000000001 41.937500000000007 886104.83000000019 2448852.6500000004 1.0981749999999997 1.961456499999999 -1.6776274999999996 29.480000000000004 169923.10000000006 165519.84999999998 19.088211000000005 44.330000000000005 10.935 938236.30000000016 42.720000000000006 1266455.0000000002 8.6150000000000002 19.355346500000007 28.485000000000003
decision_type=2 2 2 2 2 2 2 2 2 2 2 2 2 2 2 2 2 2 2 2 2 2 2 2 2 2 2 2 2 2
left_child=-1 2 -2 4 5 -3 7 8 -5 11 14 16 13 -12 25 -16 -8 18 -14 21 -10 22 23 -20 -23 26 -11 28 29 -27
right_child=1 3 -4 6 -6 -7 9 -9 20 10 12 -13 17 -15 15 -17 -18 -19 19 -21 -22 24 -24 -25 -26 27 -28 -29 -30 -31
leaf_value=-0.0013138638287879438 -0.020176652781439042 0.03554375677904828 0.029410299149796718 -0.024987101351672952 -0.028299104180186985 0.097068164656486586 0.0067247619695852429 -0.037093218566317643 0.034353729505457134 0.047768705765095849 0.091359729874061379 0.070147838263603102 -0.0039474268307339256 -0.016150155236079759 0.085502501231219094 -0.016144290905580613 0.059232470841909003 -0.0013427473015204512 0.11399422915166486 -0.010395799841973242 0.0948552518677062 -0.0046249775173997539 0.0026239345657328769 0.046622498529626334 0.073072299462827769 -0.07667767973295575 -0.055041982925363955 -0.034347749584743202 0.016732612582481519 -0.0071898987580260093
leaf_weight=9919 409 107 86 33 40 34 632 35 102 48 41 44 214 28 28 38 44 1908 46 54 39 61 30 47 22 29 21 339 106 88
leaf_count=9919 409 107 86 33 40 34 632 35 102 48 41 44 214 28 28 38 44 1908 46 54 39 61 30 47 22 29 21 339 106 88
internal_value=4.05795e-05 0.00286716 -0.0115615 0.00454452 0.0329919 0.0503794 0.00328159 0.0243091 0.0366601 0.00214541 -0.000522349 0.0138094 0.00333115 0.0477325 -0.0140732 0.0269786 0.0101424 0.00204496 0.0156815 0.0318377 0.0510882 0.0429086 0.0610871 0.0799462 0.0159695 -0.018367 0.0164785 -0.0226452 -0.00485519 -0.0244134
internal_weight=14672 4753 495 4258 181 141 4077 209 174 3868 3148 720 2451 69 697 66 676 2382 474 260 141 206 123 93 83 631 69 562 223 117
internal_count=14672 4753 495 4258 181 141 4077 209 174 3868 3148 720 2451 69 697 66 676 2382 474 260 141 206 123 93 83 631 69 562 223 117
is_linear=0
shrinkage=0.05


Tree=136
num_leaves=31
num_cat=0
split_feature=14 18 15 14 6 6 15 16 14 3 4 5 14 14 3 12 18 9 17 15 4 14 16 3 16 15 12 14 4 9
split_gain=21.5212 53.4388 41.4251 39.5071 34.2124 33.7634 38.488 27.5575 33.3298 69.5008 46.2934 38.5967 38.9396 38.0214 34.4515 47.7444 37.62 37.4621 93.509 40.7708 40.1627 34.3522 54.7365 69.7487 72.6556 65.2744 62.3666 62.1432 59.1547 104.926
threshold=63.13000000000001 22.737500000000001 21.477500000000003 63.890000000000001 16.119308000000004 17.603638000000004 38.380000000000003 81.257500000000007 48.272500000000008 12.625412000000003 479150.01500000007 11.505000000000001 59.050000000000004 54.090000000000011 20.288024500000002 15.235000000000001 19.212499999999999 -51343.860000000008 28.680000000000003 26.882500000000004 1060887.5000000002 40.285000000000004 59.625000000000007 22.962448000000006 44.727500000000013 28.632500000000004 8.3150000000000031 42.165000000000006 77.752070000000018 -1517015.575
decision_type=2 2 2 2 2 2 2 2 2 2 2 2 2 2 2 2 2 2 2 2 2 2 2 2 2 2 2 2 2 2
left_child=1 7 -2 -4 -3 -5 -7 8 21 10 13 14 -13 -10 15 17 -16 18 -11 -19 -20 -1 23 24 26 -25 27 -23 -24 -30
right_child=2 4 3 5 -6 6 -8 -9 9 11 -12 12 -14 -15 16 -17 -18 19 20 -21 -22 22 28 25 -26 -27 -28 -29 29 -31
leaf_value=-0.0012481706356225423 0.060762379648430009 0.075726630795618588 0.042851461968742885 -0.0068490537834241449 0.016812526452832106 0.0073157196808041952 0.055233944463543599 0.028066024503339844 0.00022509278741812238 -0.08131346137618975 -0.030162307363131954 -0.034019284484223582 0.0025839122696494571 0.061897725791810722 -0.0013695793263519308 0.060087349368259317 0.049959546709923371 0.0089545100764984158 -0.028818915040963997 -0.024360835106776432 0.063951186165213586 0.022493825456127527 -0.0014874611962951865 0.0090006328528102631 -0.021813354396568334 0.048625370129260402 0.018110444511273676 -0.024391328997758345 -0.01951305556365035 0.11372596836752363
leaf_weight=9919 35 29 65 452 164 330 48 82 38 68 29 281 98 73 589 20 38 152 28 232 20 100 51 503 367 131 422 241 22 45
leaf_count=9919 35 29 65 452 164 330 48 82 38 68 29 281 98 73 589 20 38 152 28 232 20 100 51 503 367 131 422 241 22 45
internal_value=3.85505e-05 -0.000459617 0.00739965 0.00531284 0.0256649 0.00237307 0.0134006 -0.00083175 -0.00100771 -0.00762793 0.0260884 -0.0107212 -0.0245546 0.0407846 -0.00615024 -0.0156656 0.00174128 -0.0186957 -0.0435967 -0.0111735 0.00983529 -7.31008e-05 0.00612005 0.00391464 -0.00353259 0.0171881 0.00526039 -0.010642 0.0390892 0.0699758
internal_weight=14672 13742 930 895 193 830 378 13549 13467 1666 140 1526 379 111 1147 520 627 500 116 384 48 11801 1882 1764 1130 634 763 341 118 67
internal_count=14672 13742 930 895 193 830 378 13549 13467 1666 140 1526 379 111 1147 520 627 500 116 384 48 11801 1882 1764 1130 634 763 341 118 67
is_linear=0
shrinkage=0.05


Tree=137
num_leaves=31
num_cat=0
split_feature=14 18 15 14 0 15 5 6 0 5 17 8 9 1 17 16 15 14 16 14 6 5 8 8 6 0 0 15 0 0
split_gain=19.4229 48.2285 37.3862 35.6551 41.9021 48.2253 33.8899 30.8767 30.3494 25.118 121.121 76.9295 57.5393 53.4503 48.9535 58.6557 34.9327 30.8555 27.5239 32.0089 41.5414 82.5332 63.8245 53.5438 52.9727 45.1883 41.6297 37.2685 31.0328 30.5966
threshold=63.13000000000001 22.737500000000001 21.477500000000003 63.890000000000001 25.500000000000004 31.197500000000002 11.445000000000002 16.119308000000004 30.500000000000004 19.630000000000006 17.457500000000003 -0.65249550000000045 -92497.450000000055 2.5000000000000004 29.390000000000004 33.782500000000006 21.255000000000003 25.510000000000002 81.257500000000007 48.272500000000008 14.697433500000001 11.475000000000003 2.5969391999999996 1.6127779999999989 15.210525500000001 34.500000000000007 20.500000000000004 28.680000000000003 33.500000000000007 17.500000000000004
decision_type=2 2 2 2 2 2 2 2 2 2 2 2 2 2 2 2 2 2 2 2 2 2 2 2 2 2 2 2 2 2
left_child=1 9 -2 -4 6 -6 -5 -3 -9 18 12 -12 -11 -13 15 -15 -17 -14 19 -1 22 24 23 25 29 26 -21 -23 -20 -22
right_child=2 7 3 4 5 -7 -8 8 -10 10 11 13 17 14 -16 16 -18 -19 28 20 21 27 -24 -25 -26 -27 -28 -29 -30 -31
leaf_value=-0.00036281354407593662 0.057724260956581154 0.071940299585975462 0.04070888875697095 -0.00120063249874406 0.0013191548624665154 0.038626260574517859 -0.035494679064819748 -0.0016796052370372475 0.042181710822677077 0.027181265055416872 -0.026203779821715706 0.12699172410182655 -0.037093983589494159 0.093224303779147921 0.082096459198257199 0.038239442190388218 -0.030753914492074836 -0.11254971559159457 0.0084590395671668758 0.012751424837376128 -0.017533671510006701 -0.019956855003256353 -0.025951571295830023 0.077956804050466955 -0.002917789806700656 0.058189454879611739 -0.059166808770253113 -0.056906421434822954 0.077093916548335029 -0.10288529236401832
leaf_weight=11550 35 29 65 361 245 134 90 98 66 26 41 20 42 21 46 32 43 20 58 89 21 160 87 39 1025 40 26 119 23 21
leaf_count=11550 35 29 65 361 245 134 90 98 66 26 41 20 42 21 46 32 43 20 58 89 21 160 87 39 1025 40 26 119 23 21
internal_value=3.6623e-05 -0.000436636 0.00702967 0.0050472 0.00225441 0.0145095 -0.00804423 0.0243817 0.0159719 -0.000790163 0.013741 0.0349797 -0.0352526 0.0504644 0.0396859 0.0193641 -0.00131675 -0.0614345 -0.00110911 -0.00128772 -0.00785362 -0.0115041 0.00963219 0.0255899 -0.00517295 0.0124137 -0.00350835 -0.0357167 0.027948 -0.0602095
internal_weight=14672 13742 930 895 830 379 451 193 164 13549 291 203 88 162 142 96 75 62 13258 13177 1627 1346 281 194 1067 155 115 279 81 42
internal_count=14672 13742 930 895 830 379 451 193 164 13549 291 203 88 162 142 96 75 62 13258 13177 1627 1346 281 194 1067 155 115 279 81 42
is_linear=0
shrinkage=0.05


Tree=138
num_leaves=31
num_cat=0
split_feature=0 5 18 0 0 4 18 15 4 8 0 5 4 18 9 4 9 14 15 13 14 5 9 8 8 12 15 3 1 1
split_gain=18.8885 33.8984 54.6764 27.5708 46.11 60.1237 50.6816 49.0597 35.0823 34.9974 53.6752 50.9806 65.7748 41.2299 49.8469 37.4666 61.303 63.5292 36.1379 44.7668 53.858 38.6264 71.166 147.972 47.2699 35.1323 37.4514 59.2539 36.6621 55.2091
threshold=44.500000000000007 14.145000000000001 -0.064999999999997712 25.500000000000004 23.500000000000004 1094027.4000000001 -1.9899999999999947 33.865000000000009 2293388.7000000007 2.1483459999999988 4.5000000000000009 11.805000000000001 1279.7355500000001 -31.497499999999992 -985890.04999999993 1392009.5500000003 3522.3800000000006 34.975000000000009 34.997500000000009 5.0300000000000002 44.727500000000013 8.3150000000000031 -77945.127999999982 0.27423050000000165 -1.1545409999999998 14.995000000000003 33.812500000000007 12.625412000000003 1.5000000000000002 2.5000000000000004
decision_type=2 2 2 2 2 2 2 2 2 2 2 2 2 2 2 2 2 2 2 2 2 2 2 2 2 2 2 2 2 2
left_child=3 -2 -3 4 9 6 -6 -7 -9 11 -11 13 -13 -1 -15 16 -12 -18 21 20 -20 -16 23 24 -23 26 28 -28 -24 -30
right_child=1 2 -4 -5 5 7 -8 8 -10 10 15 12 -14 14 18 -17 17 -19 19 -21 -22 22 25 -25 -26 -27 27 -29 29 -31
leaf_value=-0.03252150219200256 -0.0042055199660818348 -0.085630412114893695 0.0047159996561028745 0.0031190770102063085 -0.013946243062770617 -0.015657665977605296 -0.10374034179558018 0.068496134666906253 0.00025819461928525323 -0.013172228452605159 0.012152124321303873 -0.0014757157746879829 -0.03192471687800285 0.032506213866774061 -0.003779436461942592 -0.01363459510469168 0.013208745567895034 0.10986550665077043 -0.071673029681874653 0.0048376344421997989 -0.015685593979654921 0.056322386776728017 -0.009463631222065479 0.15518750230160852 -0.027379459262246622 0.052627972010264382 0.09925619971752167 0.01093566128630427 0.02592973688578544 0.0011697551383286564
leaf_weight=97 859 34 33 5806 30 454 33 31 48 258 828 420 307 118 2249 122 34 34 54 187 210 31 569 24 37 36 25 79 270 1355
leaf_count=97 859 34 33 5806 30 454 33 31 48 258 828 420 307 118 2249 122 34 34 54 187 210 31 569 24 37 36 25 79 270 1355
internal_value=3.47918e-05 -0.00687727 -0.0411314 0.000500423 -0.00141443 -0.0147896 -0.0609812 -0.00932984 0.0270351 -0.000328965 0.00719798 -0.00191176 -0.0143338 -0.000220906 0.000376568 0.0123606 0.0159001 0.0615371 -0.000363053 -0.0138796 -0.0271376 0.000940892 0.00531683 0.0484506 0.0107787 0.00361661 0.00284881 0.0321666 0.00145909 0.00528372
internal_weight=14672 926 67 13746 7940 596 63 533 79 7344 1276 6068 727 5341 5244 1018 896 68 5126 451 264 4675 2426 92 68 2334 2298 104 2194 1625
internal_count=14672 926 67 13746 7940 596 63 533 79 7344 1276 6068 727 5341 5244 1018 896 68 5126 451 264 4675 2426 92 68 2334 2298 104 2194 1625
is_linear=0
shrinkage=0.05


Tree=139
num_leaves=31
num_cat=0
split_feature=14 0 3 6 4 14 14 0 16 16 17 17 6 4 0 17 12 4 12 17 3 9 6 9 16 14 6 4 7 3
split_gain=17.8016 39.4533 61.6526 48.1789 64.1568 36.7328 31.8105 44.3551 35.8153 57.8441 62.0264 80.9146 65.6563 48.9951 50.8945 54.2654 48.7911 43.8414 42.3081 37.4851 87.8564 53.8464 42.1852 36.2132 58.3334 39.3689 35.5912 34.7482 50.3882 42.7558
threshold=40.285000000000004 4.5000000000000009 25.219284500000004 9.4710995000000029 429489.72000000003 39.452500000000008 41.032500000000006 40.500000000000007 35.620000000000012 41.535000000000004 28.632500000000004 31.490000000000006 19.506957500000002 2200801.6500000004 44.500000000000007 29.390000000000004 14.005000000000001 2448852.6500000004 7.8650000000000011 26.882500000000004 23.158584500000003 -254684.06500000003 22.021896000000002 583113.75000000023 41.937500000000007 46.840000000000003 11.715545500000001 236607.73500000002 2719145.0000000005 14.858001500000002
decision_type=2 2 2 2 2 2 2 2 2 2 2 2 2 2 2 2 2 2 2 2 2 2 2 2 2 2 2 2 2 2
left_child=5 2 -2 4 -3 -1 7 -5 16 17 19 13 23 14 15 -12 -8 -10 -19 26 21 -21 -23 24 -13 -26 -11 -17 29 -29
right_child=1 3 -4 6 -6 -7 8 -9 9 10 11 12 -14 -15 -16 27 -18 18 -20 20 -22 22 -24 -25 25 -27 -28 28 -30 -31
leaf_value=-0.00065300614740825208 -0.018903179421239879 0.043559310454967748 0.027670173454206699 0.039170813258608869 -0.02765864274930209 -0.018992374346465588 0.0088716139371678056 -0.035503460226270066 -0.01703589274272763 -0.027624966890788544 0.00622478292765792 0.096531155349119852 -0.016531123483762171 -0.017921882973034649 -0.034127904151458867 0.03181804755004123 0.063210031347857285 0.054116726057095971 -0.030804431345313788 -0.11122926501557232 0.014805864599890943 -0.021113093091148161 -0.098778243958950046 -0.016881995366531469 -0.016146095352752771 0.022990326188592498 0.0036127684828365053 0.015980311731497446 0.0036527644269741498 0.094742018137670442
leaf_weight=9638 409 151 86 116 40 281 676 24 626 102 99 23 308 52 26 144 44 44 22 24 112 139 20 84 82 297 860 21 26 96
leaf_count=9638 409 151 86 116 40 281 676 24 626 102 99 23 308 52 26 144 44 44 22 24 112 139 20 84 82 297 860 21 26 96
internal_value=3.30522e-05 0.00254902 -0.0108116 0.00410222 0.0286446 -0.00117255 0.00294963 0.0263695 0.00211469 -0.000147819 0.00337454 0.0112236 0.00152984 0.0278116 0.0335838 0.0381447 0.0121923 -0.0129495 0.0258097 -0.00448074 -0.020073 -0.0414196 -0.0308823 0.0129759 0.0192148 0.0145228 0.000300659 0.0491554 0.0666139 0.0806053
internal_weight=14672 4753 495 4258 191 9919 4067 140 3927 3207 2515 1258 794 464 412 386 720 692 66 1257 295 183 159 486 402 379 962 287 143 117
internal_count=14672 4753 495 4258 191 9919 4067 140 3927 3207 2515 1258 794 464 412 386 720 692 66 1257 295 183 159 486 402 379 962 287 143 117
is_linear=0
shrinkage=0.05


Tree=140
num_leaves=31
num_cat=0
split_feature=15 15 3 9 1 17 15 9 12 18 16 8 12 3 14 8 14 6 4 4 17 0 18 17 15 12 1 0 15 7
split_gain=19.976 45.3326 59.0941 123.172 76.3879 76.9316 64.1043 55.2261 59.0427 50.2452 51.7889 40.09 38.0682 48.2702 36.9023 68.295 37.6153 38.7944 35.9464 35.5279 30.9616 62.5683 49.8703 37.6911 41.1039 65.312 51.0921 58.0399 36.2515 54.8856
threshold=33.492500000000007 29.390000000000004 13.242126500000003 18875.749999999956 4.5000000000000009 21.852500000000003 29.810000000000002 -19448.602499999983 0.015000000000000001 1.817500000000001 55.535000000000004 -3.7946165000000001 15.235000000000001 16.837753000000003 33.782500000000006 0.96108950000000182 33.865000000000009 5.5493165000000007 1277071.8500000003 46721.587500000009 30.545000000000002 34.500000000000007 7.3600000000000003 33.492500000000007 34.850000000000009 0.015000000000000001 4.5000000000000009 34.500000000000007 35.310000000000009 993563.77500000014
decision_type=2 2 2 2 2 2 2 2 2 2 2 2 2 2 2 2 2 2 2 2 2 2 2 2 2 2 2 2 2 2
left_child=1 -1 3 4 11 -6 7 8 -4 10 -9 -3 -8 -14 15 -2 17 -16 -7 -19 21 28 -23 24 -22 26 -26 -28 -18 -30
right_child=14 2 6 -5 5 18 12 9 -10 -11 -12 -13 13 -15 16 -17 20 19 -20 -21 23 22 -24 -25 25 -27 27 -29 29 -31
leaf_value=-0.00047946748779453623 -0.040884098060498086 0.13809872794718969 0.0037125629683335626 -0.031361551570706074 0.10482243432104588 0.0029157539230260637 -0.0033757061262449008 -0.081210502237081539 0.10976081912006651 0.041672386491036682 0.0073952735780659033 0.059938892109319568 0.080793169140815746 -0.0097750600161296986 -0.013536517202321971 0.018821670847725781 -0.025108094688342963 0.1070059664124115 0.07414129888638854 0.019039645604789258 -0.014070284821002955 -0.1177406213500283 -0.031724992704241436 -0.0053447898913182093 0.099572902929150706 0.0021042342207073113 0.0091779283540888452 0.090625880093410105 -0.0087324092697505795 0.057581167635710341
leaf_weight=10361 162 21 21 75 25 155 1142 20 35 91 94 75 31 28 28 68 115 22 20 24 124 22 72 1242 33 226 89 29 97 46
leaf_count=10361 162 21 21 75 25 155 1142 20 35 91 94 75 31 28 28 68 115 22 20 24 124 22 72 1242 33 226 89 29 97 46
internal_value=-1.77156e-05 0.000802812 0.00805088 0.0258725 0.0403744 0.0227766 0.00352842 0.0259875 0.0699927 0.0139665 -0.0081496 0.0770364 -0.00135235 0.0378116 -0.00418842 -0.023232 -0.00216905 0.0328657 0.0110558 0.0611105 -0.00340655 -0.0169325 -0.0518563 -0.000674983 0.0109017 0.0191152 0.0445754 0.0291948 -0.0042083 0.0125992
internal_weight=14593 12194 1833 371 296 200 1462 261 56 205 114 96 1201 59 2399 230 2169 74 175 46 2095 352 94 1743 501 377 151 118 258 143
internal_count=14593 12194 1833 371 296 200 1462 261 56 205 114 96 1201 59 2399 230 2169 74 175 46 2095 352 94 1743 501 377 151 118 258 143
is_linear=0
shrinkage=0.05


Tree=141
num_leaves=31
num_cat=0
split_feature=12 18 9 6 5 9 16 5 17 15 16 0 18 17 18 5 9 5 15 12 0 3 18 12 15 5 15 13 13 18
split_gain=19.0715 46.4709 63.2795 54.3399 57.2156 52.2644 40.7799 35.1796 41.4456 34.1599 28.8003 50.5623 30.4217 34.225 50.4855 34.2686 27.9964 27.734 27.3685 44.0827 59.4325 82.8123 39.2631 47.3536 34.2043 38.222 35.7215 61.9429 33.4344 61.8069
threshold=19.995000000000001 -1.5850000000000024 102860.65000000004 27.414215000000002 20.435000000000006 -45147.234999999964 23.290000000000003 19.630000000000006 32.202500000000008 20.817500000000006 81.257500000000007 33.500000000000007 -31.497499999999992 24.102500000000003 -35.264999999999993 7.3150000000000004 67230.680000000008 2.0800000000000005 33.527500000000011 14.845000000000001 34.500000000000007 18.212036000000005 19.212499999999999 3.0050000000000003 33.782500000000006 12.965000000000002 33.865000000000009 9.5050000000000008 8.0650000000000031 -5.7274999999999947
decision_type=2 2 2 2 2 2 2 2 2 2 2 2 2 2 2 2 2 2 2 2 2 2 2 2 2 2 2 2 2 2
left_child=7 5 3 4 -3 -2 -5 10 -9 -8 12 16 13 -1 -15 17 -12 -16 28 22 -21 -22 24 -24 25 -20 27 -26 -14 -30
right_child=1 2 -4 6 -6 -7 9 8 -10 -11 11 -13 18 14 15 -17 -18 -19 19 20 21 -23 23 -25 26 -27 -28 -29 29 -31
leaf_value=0.0042031516639834589 -0.041829559206962588 -0.0092316124588251117 -0.08410016553182352 0.010159719592359451 0.093132629459723837 0.054402357855335232 -0.11398814348947435 0.011132803353709433 0.078589378528553869 -0.031918693659827115 0.026865800463690845 0.073706531876491177 -9.0288755821187037e-05 0.021664204536115422 -0.043525362536311153 -0.028595428191158453 -0.027114231103077171 -0.12679297730326652 -0.014776608771256481 -0.067823540679519137 0.065112791127628758 -0.061176703050732618 0.098208213618490858 0.0079150381164168407 0.0033824753050726874 -0.077055883801151678 -0.0042279290752070186 0.10639018043875695 0.021271719676420262 0.0011082096969309663
leaf_weight=111 21 43 38 28 20 43 21 106 29 32 58 36 9833 34 20 81 41 20 120 63 27 25 20 53 54 31 1789 20 551 1225
leaf_count=111 21 43 38 28 20 43 21 106 29 32 58 36 9833 34 20 81 41 20 120 63 27 25 20 53 54 31 1789 20 551 1225
internal_value=-1.68299e-05 -0.0138208 -0.0267076 -0.0115624 0.023265 0.0228263 -0.0386503 0.000219859 0.0256235 -0.0644368 -2.14507e-05 0.0229627 -0.000241872 -0.0169905 -0.0321678 -0.0472942 0.00451043 -0.0851592 8.07065e-05 -0.00502989 -0.0351674 0.00439669 -0.00336922 0.0326529 -0.00467489 -0.0275624 -0.00281981 0.0312224 0.00105009 0.00736389
internal_weight=14593 246 182 144 63 64 81 14347 135 53 14212 135 14077 266 155 121 99 40 13811 2202 115 52 2087 73 2014 151 1863 74 11609 1776
internal_count=14593 246 182 144 63 64 81 14347 135 53 14212 135 14077 266 155 121 99 40 13811 2202 115 52 2087 73 2014 151 1863 74 11609 1776
is_linear=0
shrinkage=0.05


Tree=142
num_leaves=31
num_cat=0
split_feature=14 12 14 12 5 18 18 19 8 5 17 8 6 16 0 18 19 7 13 14 14 9 15 12 14 14 9 17 9 13
split_gain=18.3227 32.9242 27.0493 22.5606 35.9162 46.3616 58.1312 55.4638 40.5631 35.1833 35.2044 31.1993 30.0868 26.6257 45.6325 26.5459 43.7737 80.5568 37.0218 26.144 38.5681 41.8951 36.2081 40.457 31.3343 65.6347 120.876 207.053 133.431 43.5068
threshold=19.207500000000007 17.675000000000004 17.722500000000004 19.995000000000001 20.435000000000006 3.0674999999999994 0.24000000000000024 -1.2425000000000004 0.6847235000000006 19.630000000000006 28.407500000000002 0.11163259999999965 28.156021500000005 81.257500000000007 33.500000000000007 -31.497499999999992 2.0025000000000017 1566578.7500000002 0.015000000000000001 21.720000000000002 21.140000000000004 -134848.80499999996 16.775000000000002 10.105000000000002 24.445000000000004 23.290000000000003 -55890.299999999865 16.790000000000003 -294864.9599999999 11.195000000000002
decision_type=2 2 2 2 2 2 2 2 2 2 2 2 2 2 2 2 2 2 2 2 2 2 2 2 2 2 2 2 2 2
left_child=1 2 -1 9 8 6 7 -6 11 13 -11 12 -5 15 -15 16 17 -2 -18 20 22 -22 -17 -24 25 29 27 28 -27 -21
right_child=3 -3 -4 4 5 -7 -8 -9 -10 10 -12 -13 -14 14 -16 19 18 -19 -20 24 21 -23 23 -25 -26 26 -28 -29 -30 -31
leaf_value=-0.0047215059732697443 -0.0099361126000682524 0.067445611922691259 0.022946877692053034 -0.006836361418220591 -0.02277752781071915 0.074602303523570307 -0.056114793588456363 0.085091703478246933 -0.080108730062612973 0.002821920837150581 0.057357962858283297 0.03730332370670069 -0.071597840720466502 0.0042849123628452574 0.070021204888406727 -0.018530682406964007 0.027521532005988638 -0.11548912934958935 -0.019196333638850416 -0.0011169902062651226 0.024229114129112158 -0.036083733742100568 -0.0028222105427746702 0.03874586416956257 -0.00052285251138383998 0.07363751828670502 0.0060098635640273672 -0.0054206871485803282 0.24309116940767994 0.034179145662346859
leaf_weight=209 51 24 153 47 26 20 38 22 34 67 53 21 29 99 36 185 65 28 122 964 34 188 188 85 11448 26 174 40 21 96
leaf_count=209 51 24 153 47 26 20 38 22 34 67 53 21 29 99 36 185 65 28 122 964 34 188 188 85 11448 26 174 40 21 96
internal_value=-1.59884e-05 0.0107326 0.00697259 -0.000308024 -0.0156054 0.00603288 -0.00991349 0.0266625 -0.0331143 -4.85041e-05 0.0269087 -0.016642 -0.031548 -0.000282068 0.0218146 -0.000499571 -0.0161409 -0.0473473 -0.0029575 -0.000190209 -0.0097431 -0.0268466 -0.00145274 0.0101202 0.00031852 0.00760999 0.0300704 0.0781915 0.149351 0.00207964
internal_weight=14593 386 362 14207 237 106 86 48 131 13970 120 97 76 13850 135 13715 266 79 187 13449 680 222 458 273 12769 1321 261 87 47 1060
internal_count=14593 386 362 14207 237 106 86 48 131 13970 120 97 76 13850 135 13715 266 79 187 13449 680 222 458 273 12769 1321 261 87 47 1060
is_linear=0
shrinkage=0.05


Tree=143
num_leaves=31
num_cat=0
split_feature=17 17 3 4 12 12 14 6 3 0 9 8 1 12 12 17 17 5 16 9 8 4 1 1 3 19 6 15 8 5
split_gain=17.2481 34.5447 30.951 31.007 30.7814 38.2356 26.0717 51.3219 43.1607 37.3698 38.5726 35.7268 34.9807 32.0791 28.9286 23.4657 29.0763 81.8063 56.6797 60.3143 48.4851 55.3944 97.4988 49.706 47.9849 101.953 55.6787 50.1392 45.7944 40.397
threshold=34.520000000000003 34.155000000000008 17.519440000000003 516192.78000000009 17.935000000000006 16.805000000000003 39.357500000000009 24.612305000000003 17.774887000000003 29.500000000000004 -398081.35000000003 1.5783845000000014 2.5000000000000004 11.805000000000001 14.845000000000001 34.042500000000011 29.390000000000004 19.630000000000006 41.890000000000008 583113.75000000023 -1.6409909999999994 4470.7439000000004 2.5000000000000004 2.5000000000000004 14.115570000000002 -10.272499999999996 25.717727500000002 19.342500000000005 1.0000000180025095e-35 10.405000000000003
decision_type=2 2 2 2 2 2 2 2 2 2 2 2 2 2 2 2 2 2 2 2 2 2 2 2 2 2 2 2 2 2
left_child=1 15 3 -3 5 6 7 8 13 10 -10 14 -13 -2 -8 16 -1 18 24 20 -20 23 -23 -22 27 -26 -27 -18 -28 -21
right_child=4 2 -4 -5 -6 -7 11 -9 9 -11 -12 12 -14 -15 -16 -17 17 -19 19 29 21 22 -24 -25 25 26 28 -29 -30 -31
leaf_value=-0.00057142729066024045 -0.0044219605642439397 0.041762744364095855 0.087072135200724016 -0.032138896204494151 -0.052393358708782638 0.052312415639559434 -0.0039146750825062963 0.050185316451825203 -0.078097439983061387 -0.073735129859091517 0.00081014979282449304 0.046074103185847932 0.0053570311488358368 -0.053881385570598975 -0.054680446336238558 -0.036444747205390489 -0.028223528726888238 0.062790457406615638 0.0508562472237922 0.0056037322667084246 -0.034792774047035679 0.076192562915384773 0.008864281159149846 0.014615513136895903 0.028291869590750685 -0.0079997966680648031 -0.068250255905962606 0.018329640484115561 -0.013718963857715975 -0.07275568132513556
leaf_weight=10348 367 40 20 22 33 30 868 30 21 54 59 67 248 36 29 43 67 61 115 38 81 80 164 137 173 756 77 423 77 29
leaf_count=10348 367 40 20 22 33 30 868 30 21 54 59 67 248 36 29 43 67 61 115 38 81 80 164 137 173 756 77 423 77 29
internal_value=-1.51889e-05 0.000638153 0.0329865 0.0155396 -0.00453786 -0.00366488 -0.00460885 -0.0134585 -0.017014 -0.0415966 -0.0199031 -0.000468781 0.0140175 -0.00884017 -0.00555593 0.000428779 0.000554358 0.00566833 0.00409663 0.0165912 0.0218054 0.0145742 0.0309391 -0.00374261 -0.00101877 -0.00689287 -0.0135818 0.0119642 -0.0409846 -0.028313
internal_weight=14593 12751 82 62 1842 1809 1779 567 537 134 80 1212 315 403 897 12669 12626 2278 2217 644 577 462 244 218 1573 1083 910 490 154 67
internal_count=14593 12751 82 62 1842 1809 1779 567 537 134 80 1212 315 403 897 12669 12626 2278 2217 644 577 462 244 218 1573 1083 910 490 154 67
is_linear=0
shrinkage=0.05


Tree=144
num_leaves=31
num_cat=0
split_feature=8 8 12 5 14 13 13 8 5 8 6 16 15 6 18 15 16 6 15 13 6 17 16 18 7 14 6 14 17 8
split_gain=17.106 24.8581 22.3039 20.6908 32.2903 20.6032 33.4791 88.4912 45.4843 51.0043 46.6284 38.8643 39.0536 38.07 36.4635 33.2822 38.1797 38.486 63.1247 51.6052 43.919 46.0482 52.1066 36.9685 34.1268 31.7494 32.9195 44.0303 40.7479 37.1833
threshold=5.9354397500000013 8.0189360000000018 8.1450000000000014 10.505000000000001 39.542500000000011 8.0450000000000017 1.0000000180025095e-35 1.1555635000000006 10.815000000000003 -1.4345549999999994 13.658844000000002 26.365000000000002 25.755000000000006 27.548965500000005 4.707500000000004 19.005000000000006 22.065000000000001 18.486160500000004 33.282500000000006 12.950000000000001 18.032211500000006 20.817500000000006 35.320000000000007 9.6375000000000046 188788.09000000003 22.900000000000002 24.933151500000005 30.962500000000002 26.350000000000001 1.2870179999999991
decision_type=2 2 2 2 2 2 2 2 2 2 2 2 2 2 2 2 2 2 2 2 2 2 2 2 2 2 2 2 2 2
left_child=5 3 -3 4 -2 6 -1 8 9 10 -8 12 -9 -11 -13 -7 -17 20 25 -20 21 22 -18 24 -23 -19 28 -28 29 -27
right_child=1 2 -4 -5 -6 15 7 11 -10 13 -12 14 -14 -15 -16 16 17 18 19 -21 -22 23 -24 -25 -26 26 27 -29 -30 -31
leaf_value=0.00051962918029510119 0.016495816768343812 -0.011455316261077922 0.051816052685563385 -0.032368551435674194 -0.043364188323418304 0.029314532093398848 0.05347850403583531 0.0079345612365824113 -0.03419490405570038 -0.020203574357577411 -0.00025699850553133357 0.012248310592415669 0.063635754556257709 0.0081044071803236719 -0.021466430376061579 -0.014777784984148135 0.015396211709594355 0.022800108338216028 -0.018957930843763311 -0.099574308243134749 0.051207517958604377 0.007324770517012579 0.08162609663207171 0.06517574873566627 -0.020130985342179435 -0.02785431229129014 -0.025799389159124188 0.0049971113704016497 0.034843720567739038 0.041081648982233473
leaf_weight=9768 71 30 26 131 33 126 48 65 220 726 254 296 61 142 110 270 96 171 145 23 65 832 43 25 131 71 209 261 117 27
leaf_count=9768 71 30 26 131 33 126 48 65 220 726 254 296 61 142 110 270 96 171 145 23 65 832 43 25 131 71 209 261 117 27
internal_value=-1.44295e-05 -0.0120156 0.0179207 -0.0191493 -0.00249822 0.000229756 -0.000667297 -0.0066995 -0.0133368 -0.00941477 0.00828374 0.0106423 0.034901 -0.0155725 0.00311377 0.00424451 0.00297387 0.00513675 -0.00197251 -0.0299947 0.011244 0.00893913 0.0358846 0.00514822 0.00358988 0.00352717 -0.00128403 -0.0086975 0.0149222 -0.00886175
internal_weight=14593 291 56 235 104 14302 11690 1922 1390 1170 302 532 126 868 406 2612 2486 2216 1024 168 1192 1127 139 988 963 856 685 470 215 98
internal_count=14593 291 56 235 104 14302 11690 1922 1390 1170 302 532 126 868 406 2612 2486 2216 1024 168 1192 1127 139 988 963 856 685 470 215 98
is_linear=0
shrinkage=0.05


Tree=145
num_leaves=31
num_cat=0
split_feature=0 12 18 0 9 15 0 6 8 16 6 17 3 18 13 0 8 4 0 6 3 9 15 18 15 9 6 8 3 6
split_gain=24.9977 39.5411 39.7804 33.6355 63.2068 73.4149 83.3378 82.5026 66.0349 53.0075 44.4044 42.222 40.6107 39.2652 46.7729 65.1393 59.1689 57.9717 52.8421 59.6466 59.289 49.7156 42.3089 82.7592 70.0523 85.582 105.478 43.5189 39.8533 39.6701
threshold=44.500000000000007 14.915000000000001 2.337499999999999 34.500000000000007 39085.219999999979 24.315000000000005 36.500000000000007 20.924789000000001 0.7064819999999995 30.605 3.7109528000000003 20.080000000000002 11.476120000000002 4.5649999999999986 1.0000000180025095e-35 9.5000000000000018 1.2579650000000002 1753.6529000000003 21.500000000000004 16.483978000000004 6.0578460500000011 777176.33000000007 14.1425 -2.090000000000003 14.4275 -51343.860000000008 29.161529500000004 0.23944100000000115 19.601028500000002 25.959625000000003
decision_type=2 2 2 2 2 2 2 2 2 2 2 2 2 2 2 2 2 2 2 2 2 2 2 2 2 2 2 2 2 2
left_child=3 -2 -3 13 9 6 -6 -7 -8 10 -5 12 -11 14 15 29 17 -16 19 -19 -20 22 23 -17 25 26 -24 -25 -18 -1
right_child=1 2 -4 4 5 7 8 -9 -10 11 -12 -13 -14 -15 16 21 28 18 20 -21 -22 -23 24 27 -26 -27 -28 -29 -30 -31
leaf_value=-0.0088437411591461724 -0.0056270855152941073 -0.10629159269854427 -0.0077608090426240645 0.061132062668669586 0.020118800015939822 0.028731761136723145 0.04725481882691384 -0.039799572491799211 0.14834726600830134 0.062623643426255135 -0.0076679519341297355 0.0048390753270702112 0.015792488314097377 -0.0060337192364236609 0.0024388796870061925 0.020146455977719729 -0.0029052168164229587 -0.0538788398066836 0.075695091060229716 -0.016240212072567907 -0.0095114002995317637 -0.01467205731046139 0.18050113726745953 -0.044542018578742903 0.0088113788721314 0.018360023013200989 0.021847782339900732 0.012513879119333896 0.021722724674895527 0.011757074865530398
leaf_weight=1258 909 20 21 24 93 124 35 68 30 61 1028 1360 192 2625 720 141 356 155 21 328 734 245 22 139 3171 89 20 44 305 287
leaf_count=1258 909 20 21 24 93 124 35 68 30 61 1028 1360 192 2625 720 141 356 155 21 328 734 245 22 139 3171 89 20 44 305 287
internal_value=4.93456e-05 -0.0077935 -0.0558246 0.000594187 0.00525692 0.0252336 0.0504771 0.00446025 0.0939129 0.00263334 -0.00609837 0.00832817 0.0270838 -0.000724587 0.00100988 0.00366267 -0.00447599 -0.00884259 -0.0154037 -0.0283189 -0.00714142 0.00712688 0.00859979 -0.00864222 0.0102916 0.0461223 0.104952 -0.0308237 0.00845866 -0.00501692
internal_weight=14625 950 41 13675 3015 350 158 192 65 2665 1052 1613 253 10660 8035 5416 2619 1958 1238 483 755 3871 3626 324 3302 131 42 183 661 1545
internal_count=14625 950 41 13675 3015 350 158 192 65 2665 1052 1613 253 10660 8035 5416 2619 1958 1238 483 755 3871 3626 324 3302 131 42 183 661 1545
is_linear=0
shrinkage=0.05


Tree=146
num_leaves=31
num_cat=0
split_feature=0 8 18 5 6 1 0 9 18 18 17 16 19 19 6 18 16 5 19 6 12 9 18 13 0 8 7 5 17 6
split_gain=22.5604 36.912 32.8591 44.3631 36.1205 42.9823 30.3561 57.0441 49.3853 73.7169 138.455 47.8393 40.9617 117.074 40.0749 38.0514 49.2063 44.6928 36.0013 48.0878 39.4944 35.7331 35.4368 42.2125 58.7882 53.3999 52.5637 52.4051 52.9804 47.4832
threshold=44.500000000000007 2.2414855 1.867500000000007 14.765000000000002 14.810379000000003 1.5000000000000002 34.500000000000007 39085.219999999979 9.0850000000000026 4.5649999999999986 22.900000000000002 30.605 5.9025000000000007 6.6000000000000005 3.7109528000000003 -16.059999999999995 33.362500000000004 18.525000000000002 -3.2625000000000006 23.827103000000005 17.260000000000002 -271.33854000000139 4.5649999999999986 1.0000000180025095e-35 9.5000000000000018 1.2579650000000002 455.404965 12.575000000000001 25.495000000000001 13.063659500000002
decision_type=2 2 2 2 2 2 2 2 2 2 2 2 2 2 2 2 2 2 2 2 2 2 2 2 2 2 2 2 2 2
left_child=6 2 3 -2 5 -4 22 11 9 18 -11 14 15 -14 -8 21 17 -17 19 -9 -20 -13 23 24 -1 26 -25 -28 29 -29
right_child=1 -3 4 -5 -6 -7 7 8 -10 10 -12 12 13 -15 -16 16 -18 -19 20 -21 -22 -23 -24 25 -26 -27 27 28 -30 -31
leaf_value=-0.0047660767727543364 -0.0081811988339483693 -0.030438980603983413 0.090984420592968296 -0.080875631832433015 -0.00052467875252286986 0.012967442954805765 0.05807545967400074 0.0067477824942519266 -0.012300281757740556 0.18637765686781635 0.024829959289895166 0.069401080397014717 -0.11864065006375313 0.0033446392309296569 -0.0072845544202032632 0.020980473274572031 0.0030869301488832316 0.094154927021135468 0.020716428864586481 0.10489546447419203 -0.042541203986232484 0.016832447726720653 -0.0057320333193411075 0.0023774107236131338 0.0067705407085638814 0.008035726356148366 -0.010575876037257273 -0.088532374240458012 -0.091704078267017999 -0.010509369208011777
leaf_weight=1545 456 147 26 22 244 55 24 24 74 21 36 49 24 109 1028 225 1088 23 139 26 30 95 2625 717 3871 661 1074 24 39 104
leaf_count=1545 456 147 26 22 244 55 24 24 74 21 36 49 24 109 1028 225 1088 23 139 26 30 95 2625 717 3871 661 1074 24 39 104
internal_value=4.68783e-05 -0.00740383 -0.00318693 -0.011527 0.00907933 0.0380099 0.000564478 0.00499407 0.0239719 0.033697 0.0843475 0.00250168 0.00791176 -0.0186677 -0.00579345 0.0103003 0.00766823 0.0277668 0.020514 0.0577846 0.00948726 0.0347204 -0.000688358 0.000959389 0.00347954 -0.00425219 -0.00840046 -0.0146275 -0.0406839 -0.0251387
internal_weight=14625 950 803 478 325 81 13675 3015 350 276 57 2665 1613 133 1052 1480 1336 248 219 50 169 144 10660 8035 5416 2619 1958 1241 167 128
internal_count=14625 950 803 478 325 81 13675 3015 350 276 57 2665 1613 133 1052 1480 1336 248 219 50 169 144 10660 8035 5416 2619 1958 1241 167 128
is_linear=0
shrinkage=0.05


Tree=147
num_leaves=31
num_cat=0
split_feature=0 12 18 8 5 0 18 12 6 18 8 18 5 15 15 3 9 8 18 16 18 13 0 8 7 5 17 0 3 9
split_gain=20.3608 34.7222 33.4069 28.1257 27.531 27.3963 52.5816 53.3753 40.5482 53.2492 49.9898 59.7088 85.4978 48.3054 47.8147 46.5623 99.7152 43.574 41.4378 46.2859 31.9817 38.0968 53.0909 48.1934 47.4387 47.2956 47.8148 44.2765 47.6846 43.8497
threshold=44.500000000000007 14.915000000000001 2.337499999999999 2.2414855 8.6550000000000029 34.500000000000007 -12.739999999999998 15.825000000000001 26.001251000000003 2.337499999999999 1.0000000180025095e-35 9.6375000000000046 16.215000000000003 29.810000000000002 21.797500000000003 24.885391500000004 76451.449999999997 0.11163259999999965 0.52749999999999819 23.097500000000004 4.5649999999999986 1.0000000180025095e-35 8.5000000000000018 1.2579650000000002 455.404965 12.575000000000001 25.495000000000001 21.500000000000004 6.0578460500000011 777176.33000000007
decision_type=2 2 2 2 2 2 2 2 2 2 2 2 2 2 2 2 2 2 2 2 2 2 2 2 2 2 2 2 2 2
left_child=5 3 -3 4 -2 20 7 -7 15 13 -11 12 -12 18 -13 -8 17 -17 19 -10 21 22 -1 24 -23 27 -27 -26 -29 -24
right_child=1 2 -4 -5 -6 6 8 -9 9 10 11 14 -14 -15 -16 16 -18 -19 -20 -21 -22 23 29 -25 25 26 -28 28 -30 -31
leaf_value=-0.0050991117002777957 -0.01586353993400719 -0.09829063497483731 -0.0079974000297841578 -0.025792238163505343 0.0048398121072483506 0.01749423816732874 0.0037786639891164218 0.087705805947383253 0.042625936254476887 -0.017499491671199793 0.024041051819716264 0.038452250013292277 0.14325187969065847 -0.080000849073985594 -0.024470076274529504 0.073014047462493181 0.13309241516426915 0.0038516124840215094 -0.056502655754985226 -0.016227039182583638 -0.0054454316484209685 0.002258540209354521 0.0075513868836938561 0.0076339401236079065 -0.022327734366750319 -0.023881748691019312 -0.087118875388151565 0.072439130963314155 -0.0041764925881338242 -0.014276981536413031
leaf_weight=1395 228 20 21 138 543 277 1851 30 39 131 53 51 21 32 74 28 21 122 52 233 2625 717 3776 661 436 128 39 21 617 245
leaf_count=1395 228 20 21 138 543 277 1851 30 39 131 53 51 21 32 74 28 21 122 52 233 2625 717 3776 661 436 128 39 21 617 245
internal_value=4.45344e-05 -0.00703364 -0.0520429 -0.00500352 -0.00128258 0.000536254 0.00474437 0.0243553 0.00252112 -0.00798301 0.00648579 0.0222751 0.0578712 -0.0213951 0.00120223 0.00608484 0.0310481 0.0167619 -0.0156069 -0.00778856 -0.00065394 0.00091142 0.00330556 -0.00403958 -0.00798044 -0.0138961 -0.0386497 -0.0100471 -0.00165466 0.00622138
internal_weight=14625 950 41 909 771 13675 3015 307 2708 686 330 199 74 356 125 2022 171 150 324 272 10660 8035 5416 2619 1958 1241 167 1074 638 4021
internal_count=14625 950 41 909 771 13675 3015 307 2708 686 330 199 74 356 125 2022 171 150 324 272 10660 8035 5416 2619 1958 1241 167 1074 638 4021
is_linear=0
shrinkage=0.05


Tree=148
num_leaves=31
num_cat=0
split_feature=8 4 12 18 3 14 0 3 1 15 0 0 8 7 15 0 15 14 8 0 8 15 15 6 5 5 6 18 7 6
split_gain=20.5287 19.7904 19.1203 35.6163 56.2453 37.5602 35.4766 38.4586 27.42 23.2586 42.6003 37.8032 24.4526 34.2253 21.8982 38.2855 29.3933 48.1376 68.251 131.639 50.1472 29.2011 43.4742 49.5722 28.7201 27.6927 37.4033 26.3073 25.1075 23.6432
threshold=5.9354397500000013 1611607.2500000002 19.995000000000001 0.24000000000000024 27.808548000000005 38.490000000000009 35.500000000000007 26.579483000000007 2.5000000000000004 12.922500000000001 41.500000000000007 33.500000000000007 0.74556000000000033 1322139.5000000002 13.787500000000001 32.500000000000007 14.4275 23.332500000000007 0.27423050000000165 18.500000000000004 0.01766990000000002 15.665000000000001 15.005000000000001 7.9593505000000011 11.805000000000001 13.435 9.2041777500000013 -2.090000000000003 26795.900500000003 28.892029000000004
decision_type=2 2 2 2 2 2 2 2 2 2 2 2 2 2 2 2 2 2 2 2 2 2 2 2 2 2 2 2 2 2
left_child=2 -2 9 8 6 -6 -5 -8 -4 10 11 12 13 -1 15 27 17 24 20 -20 -19 22 23 -18 -16 26 -25 -11 -27 -23
right_child=1 -3 3 4 5 -7 7 -9 -10 14 -12 -13 -14 -15 16 -17 21 18 19 -21 -22 29 -24 25 -26 28 -28 -29 -30 -31
leaf_value=0.01135317491019853 -0.017318289493153081 0.030142525443807244 0.043597632914017415 -0.041072508061314815 -0.11425970256328584 -0.029207809276326942 -0.012348607041992161 0.066658180012988552 -0.012096270073351324 -0.0033382549286224287 -0.043508004494011404 0.09096283676102758 -0.011713963051928053 0.071766558438539504 0.0075277875550091274 0.012713300273345227 0.074984614110805772 0.020511531473076577 0.0057142851401515531 0.1561480873049452 -0.046106415917165577 0.00027323866731506028 -0.024640566547534763 -0.059573386311531064 -0.038683037726501612 -0.074147213768699899 0.012330471356916759 -0.035225833320629694 -0.0072693869419809855 0.011647288975943077
leaf_weight=71 259 24 39 46 25 27 43 24 51 111 25 20 48 35 80 114 22 241 33 26 32 11987 286 20 58 23 189 155 36 475
leaf_count=71 259 24 39 46 25 27 43 24 51 111 25 20 48 35 80 114 22 241 33 26 32 11987 286 20 58 23 189 155 36 475
internal_value=4.23077e-05 -0.0132933 0.00030545 -0.0132637 -0.0270644 -0.0700981 -0.00726132 0.0159523 0.0120378 0.000551075 0.0175236 0.0262925 0.0178937 0.031301 0.000307878 -0.0115296 0.000640883 0.0129253 0.0232419 0.0720071 0.0127028 0.000198047 -0.0108084 0.002833 -0.0118942 -0.0030899 0.00544972 -0.0219194 -0.0333404 0.000706771
internal_weight=14625 283 14342 255 165 52 113 67 90 14087 199 174 154 106 13888 380 13508 470 332 59 273 13038 576 290 138 268 209 266 59 12462
internal_count=14625 283 14342 255 165 52 113 67 90 14087 199 174 154 106 13888 380 13508 470 332 59 273 13038 576 290 138 268 209 266 59 12462
is_linear=0
shrinkage=0.05


Tree=149
num_leaves=31
num_cat=0
split_feature=8 12 16 0 16 14 16 1 12 7 3 5 1 0 18 12 14 16 6 0 9 15 18 1 9 0 15 5 18 15
split_gain=18.5271 17.2561 37.3379 47.3621 60.9132 36.5401 30.5903 24.7438 21.9329 45.5573 32.4894 20.2258 17.6938 16.2236 35.933 60.6943 26.3237 26.3011 40.0802 25.6509 69.1851 36.843 32.1559 42.9618 57.1305 49.6539 73.3469 60.003 64.9469 64.5766
threshold=5.9354397500000013 19.995000000000001 26.812500000000004 35.500000000000007 35.620000000000012 23.195000000000004 38.807500000000012 1.0000000180025095e-35 18.985000000000003 632931.7300000001 17.352173000000004 21.450000000000006 2.5000000000000004 44.500000000000007 1.867500000000007 14.005000000000001 34.460000000000001 30.120000000000005 14.697433500000001 34.500000000000007 469401.70000000001 30.217500000000001 4.5649999999999986 3.5000000000000004 777176.33000000007 12.500000000000002 37.045000000000009 8.0450000000000017 -2.0174999999999943 34.545000000000009
decision_type=2 2 2 2 2 2 2 2 2 2 2 2 2 2 2 2 2 2 2 2 2 2 2 2 2 2 2 2 2 2
left_child=1 8 5 6 -5 -3 -4 -7 11 10 -10 13 -6 19 15 16 -15 -16 -19 22 -21 -22 23 24 25 -1 27 29 -29 -27
right_child=-2 2 3 4 12 7 -8 -9 9 -11 -12 -13 -14 14 17 -17 -18 18 -20 20 21 -23 -24 -25 -26 26 -28 28 -30 -31
leaf_value=-0.001023185256903155 -0.012628676822643924 0.0010643067264131138 -0.054267280863391033 0.099998252532012499 0.03521615443406282 -0.038564210974008722 0.012296544662344137 -0.10865253433585167 0.044252653344665306 0.077760480219564804 -0.019327056752862753 0.037774614249873495 -0.015982553851273323 -0.0032538788564054305 -0.0090458425623640287 -0.090477194726467147 -0.027670907906297622 0.051207219930966531 0.0033676612517490184 0.0040018398651515547 0.10698817896842956 0.015940477349795402 -0.0053519227641917484 -0.0028907457616860724 -0.023249879062549335 0.0034620105618498442 -0.051585463750141461 0.0040781664687779872 0.031229309091654917 0.074218101505980349
leaf_weight=1618 283 35 45 21 27 34 28 20 32 28 54 36 45 361 169 25 159 62 149 2652 25 20 2512 3567 177 1413 47 348 600 33
leaf_count=1618 283 35 45 21 27 34 28 20 32 28 54 36 45 361 169 25 159 62 149 2652 25 20 2512 3567 177 1413 47 348 600 33
internal_value=4.01923e-05 0.000290178 -0.0126005 0.0014088 0.0250708 -0.0387301 -0.028736 -0.0645228 0.000523522 0.0223659 0.00433051 0.000345318 0.00321696 0.000248637 -0.00614959 -0.0143784 -0.0107199 0.00565232 0.0174248 0.000703475 0.00504501 0.0665225 -0.000431679 0.00115228 0.00455679 0.00576935 0.0102717 0.0114861 0.0212624 0.00507678
internal_weight=14625 14342 255 166 93 89 73 54 14087 114 86 13973 72 13937 925 545 520 380 211 13012 2697 45 10315 7803 4236 4059 2441 2394 948 1446
internal_count=14625 14342 255 166 93 89 73 54 14087 114 86 13973 72 13937 925 545 520 380 211 13012 2697 45 10315 7803 4236 4059 2441 2394 948 1446
is_linear=0
shrinkage=0.05


Tree=150
num_leaves=31
num_cat=0
split_feature=16 6 16 1 5 0 12 5 4 14 14 16 16 15 19 4 8 15 14 3 6 4 8 8 0 8 15 4 18 18
split_gain=21.6122 35.8613 57.4991 42.7287 34.8528 33.8126 52.19 31.7387 56.0053 76.9433 33.7023 31.1674 92.6976 76.2815 125 71.8446 32.6641 32.467 39.8412 30.7196 32.7408 33.1233 31.6372 29.292 29.1129 27.8209 40.9328 27.79 27.4555 106.061
threshold=27.575000000000003 29.442657500000003 29.202500000000004 1.5000000000000002 25.290000000000003 38.500000000000007 15.825000000000001 0.015000000000000001 527835.20000000007 38.490000000000009 28.890000000000004 24.900000000000002 23.942500000000006 14.350000000000003 2.0250000000000026 668482.12500000012 4.0906070000000021 22.655000000000005 30.285000000000004 16.056305000000005 11.315597500000001 228110.02000000002 3.5882570000000009 -7.7447967999999996 29.500000000000004 0.74556000000000033 18.035000000000004 1191231.4000000001 1.817500000000001 2.7825000000000011
decision_type=2 2 2 2 2 2 2 2 2 2 2 2 2 2 2 2 2 2 2 2 2 2 2 2 2 2 2 2 2 2
left_child=5 4 -3 24 23 7 25 8 -1 10 -10 12 17 -14 15 -15 -13 -9 19 20 22 -22 -19 -2 -4 -7 -27 -20 -25 -30
right_child=1 2 3 -5 -6 6 -8 11 9 -11 -12 16 13 14 -16 -17 -18 18 27 -21 21 -23 -24 28 -26 26 -28 -29 29 -31
leaf_value=0.0404346579928761 0.030771032511551357 0.092468102121104803 0.021321220397949221 0.0021112167614524904 0.057324852770263404 0.00049155350828781043 -0.042214453701674939 0.00099926525222068644 -0.054717771032204238 -0.12771441668949343 0.021555823061083043 -0.005763823840291951 -0.0078034440557184148 0.062760615718226678 0.018468522295446658 0.16939785510978916 -0.049000466824003053 -0.084219580527507901 -0.0099466903600841771 -0.08398718091730889 0.034158640234347656 -0.035134147405624393 -0.010471394751220942 -0.0018521080642215995 0.098079870494880858 -0.060678969144675077 -0.0094275919754396795 0.045699045186241467 0.026734475846084071 0.00057916531484799617
leaf_weight=23 79 24 30 219 27 427 125 1611 30 22 28 867 126 56 205 22 46 33 89 26 34 35 26 6248 21 51 165 30 436 3491
leaf_count=23 79 24 30 219 27 427 125 1611 30 22 28 867 126 56 205 22 46 33 89 26 34 35 26 6248 21 51 165 30 436 3491
internal_value=-0.000108115 0.00108423 0.0183024 0.0117099 0.00059185 -0.00320084 -0.0126525 -0.00100717 -0.0283271 -0.0480961 -0.017896 -0.000129456 0.00298134 0.0245578 0.0389661 0.0928378 -0.00794223 -0.00170273 -0.0176475 -0.0344381 -0.0243735 -0.000989875 -0.0517204 0.000442465 0.0529277 -0.00690558 -0.0215286 0.00408165 0.00020699 0.00348309
internal_weight=14652 10575 294 270 10281 4077 768 3309 103 80 58 3206 2293 409 283 78 913 1884 273 154 128 69 59 10254 51 643 216 119 10175 3927
internal_count=14652 10575 294 270 10281 4077 768 3309 103 80 58 3206 2293 409 283 78 913 1884 273 154 128 69 59 10254 51 643 216 119 10175 3927
is_linear=0
shrinkage=0.05


Tree=151
num_leaves=31
num_cat=0
split_feature=16 17 6 16 1 5 17 18 5 15 9 6 7 5 8 3 16 16 9 18 18 3 15 15 8 1 18 5 12 18
split_gain=19.505 38.8865 32.3648 51.8929 38.5627 31.4546 29.4474 47.6137 71.0725 37.3881 63.9365 30.5629 28.4668 56.8687 37.176 37.0779 65.6421 64.0601 43.1788 37.0027 100.57 75.4057 61.0084 46.9727 81.4182 61.8092 46.76 49.6645 46.6225 56.089
threshold=27.575000000000003 25.495000000000001 29.442657500000003 29.202500000000004 1.5000000000000002 25.290000000000003 24.102500000000003 4.4000000000000012 0.015000000000000001 23.097500000000004 -5307.2800000000416 17.425399500000005 1067748.5000000002 11.905000000000003 -8.7119750999999983 17.025939500000003 45.380000000000003 60.27000000000001 -708560.44999999984 1.817500000000001 2.7825000000000011 11.957275500000002 23.960000000000004 24.315000000000005 -0.3174894999999997 2.5000000000000004 0.52749999999999819 12.575000000000001 8.8350000000000026 7.2425000000000024
decision_type=2 2 2 2 2 2 2 2 2 2 2 2 2 2 2 2 2 2 2 2 2 2 2 2 2 2 2 2 2 2
left_child=1 6 5 -4 -5 12 9 8 -8 -1 -11 -10 14 15 -2 16 -14 18 -18 26 22 -22 -21 24 -23 28 -16 -28 -26 -30
right_child=2 -3 3 4 -6 -7 7 -9 11 10 -12 -13 13 -15 19 -17 17 -19 -20 20 21 23 -24 -25 25 -27 27 -29 29 -31
leaf_value=-0.00096610361752321676 0.059429552063478955 -0.020152785155366833 0.087844696311124917 0.050281337933505289 0.0020056561074117581 0.054458609568300079 -0.035467291773567278 -0.010997305181377603 0.034228145120317466 -0.059784444644012384 -0.0079575408694457193 0.090397589636797268 -0.0029023211992207209 -0.030210177586881982 0.00087827760530958697 0.0025121712372792085 -0.11296433269463738 0.0005078942009380886 -0.04220139671649252 0.0061359273635878649 0.021050721570531811 -0.01046465112490573 0.048304151290406785 -0.0062138896224999919 0.011431868623388059 0.00055869332146054761 -0.0073539415748941697 -0.044906671999770907 0.040946091987037414 0.11326846873594656
leaf_weight=3092 28 307 24 51 219 27 31 108 91 72 343 33 605 194 4173 1529 29 70 84 145 460 279 210 1474 79 150 497 107 105 36
leaf_count=3092 28 307 24 51 219 27 31 108 91 72 343 33 605 194 4173 1529 29 70 84 145 460 279 210 1474 79 150 497 107 105 36
internal_value=-0.000102709 -0.0030408 0.00103002 0.0173873 0.0111244 0.000562257 -0.00164733 0.0144893 0.0322477 -0.00285746 -0.0169492 0.0491765 0.000420342 -0.00420585 0.00192058 -0.00202854 -0.0108391 -0.0370783 -0.0603618 0.00171187 0.00612727 0.00269777 0.0310805 -0.00127884 0.00992957 0.0253079 -0.00100374 -0.0140065 0.0421824 0.0594114
internal_weight=14652 4077 10575 294 270 10281 3770 263 155 3507 415 124 10254 2511 7743 2317 788 183 113 7715 2938 2583 355 2123 649 370 4777 604 220 141
internal_count=14652 4077 10575 294 270 10281 3770 263 155 3507 415 124 10254 2511 7743 2317 788 183 113 7715 2938 2583 355 2123 649 370 4777 604 220 141
is_linear=0
shrinkage=0.05


Tree=152
num_leaves=31
num_cat=0
split_feature=16 14 14 9 9 1 14 8 3 6 16 1 5 9 18 7 19 16 18 7 18 18 3 16 8 4 4 3 9 3
split_gain=17.6033 31.2525 76.1178 67.4244 86.5973 44.9657 52.4375 37.5094 33.0721 29.2093 46.8334 34.8028 28.3878 27.3561 26.5455 26.4733 44.6122 59.3432 43.4376 44.7417 43.0693 91.9586 58.6639 43.8688 64.8413 60.8363 115.781 52.1029 50.1953 43.8379
threshold=27.575000000000003 24.445000000000004 23.290000000000003 -55890.299999999865 -294864.9599999999 2.5000000000000004 19.942500000000006 0.401520500000002 26.486145000000004 29.442657500000003 29.202500000000004 1.5000000000000002 25.290000000000003 -487255.29999999999 -0.24250000000000146 2011351.8000000003 5.4325000000000019 49.030000000000008 2.0550000000000002 2219053.5000000005 1.817500000000001 2.7825000000000011 12.179535000000003 54.190000000000005 -3.7946165000000001 727434.84500000009 283852.4200000001 18.338379000000003 -525095.82499999995 28.190140000000003
decision_type=2 2 2 2 2 2 2 2 2 2 2 2 2 2 2 2 2 2 2 2 2 2 2 2 2 2 2 2 2 2
left_child=1 2 5 4 13 7 -7 -1 -5 12 -11 -12 15 -4 -8 20 18 -18 -17 -20 29 -22 -23 24 -24 26 -25 -28 -26 -2
right_child=9 -3 3 8 -6 6 14 -9 -10 10 11 -13 -14 -15 -16 16 17 -19 19 -21 21 22 23 25 28 -27 27 -29 -30 -31
leaf_value=0.021659210489565497 -0.0021795736972343499 -0.0065610841661292753 0.061812459349277475 0.022472427917401429 0.12867390444276458 0.01025420253133196 -0.028425603915203476 -0.0046856430599465969 -0.034311566298658197 0.083452461015743523 0.047767270641291847 0.0019053734457024616 0.051735679556926095 -0.017970545928586611 -0.007883484974475238 -0.0015096221509612237 -0.017524191926614467 0.052559442887666508 -0.053941343082709516 -0.014179087429098994 0.028109098864147045 0.017950943430267315 -0.042236413567454792 0.012718862866344095 0.045731139273636728 -0.01662145709430253 0.053186394487108504 0.15885049698874354 -0.0026919134205967447 0.023667424996576369
leaf_weight=294 5598 2393 21 115 33 263 264 250 33 24 51 219 27 22 389 492 55 67 94 286 402 523 102 261 55 116 28 20 1986 169
leaf_count=294 5598 2393 21 115 33 263 264 250 33 24 51 219 27 22 389 492 55 67 94 286 402 523 102 261 55 116 28 20 1986 169
internal_value=-9.7574e-05 -0.00288876 0.0023297 0.0294687 0.0677493 -0.0018341 -0.00859627 0.0095522 0.00981113 0.000978516 0.0165179 0.0105682 0.000534145 0.0209932 -0.0161884 0.000399325 -0.00735492 0.0209644 -0.011317 -0.024015 0.00123169 0.0056132 0.0026875 -0.000421059 -0.00333133 0.0142536 0.0258442 0.0972131 -0.00138703 -0.00142214
internal_weight=14652 4077 1684 224 76 1460 916 544 148 10575 294 270 10281 43 653 10254 994 122 872 380 9260 3493 3091 2568 2143 425 309 48 2041 5767
internal_count=14652 4077 1684 224 76 1460 916 544 148 10575 294 270 10281 43 653 10254 994 122 872 380 9260 3493 3091 2568 2143 425 309 48 2041 5767
is_linear=0
shrinkage=0.05


Tree=153
num_leaves=31
num_cat=0
split_feature=8 0 17 19 9 6 9 14 14 8 17 3 5 9 6 9 19 14 0 3 14 9 8 3 3 9 8 0 16 9
split_gain=16.856 29.4933 50.7175 36.1161 37.3228 29.0712 20.9249 20.0817 24.8057 55.804 69.3749 34.1028 62.4835 28.7162 38.2102 37.0961 30.0072 24.7325 50.1732 41.3639 24.2425 34.9873 45.7253 31.1441 56.3567 42.1478 32.5294 31.823 27.9886 24.1595
threshold=4.5290685000000002 31.500000000000004 19.452500000000004 -2.4624999999999981 -36.495869299999988 14.324814000000002 -69182.799999999799 61.9925 56.737500000000004 -2.5108339999999978 37.582500000000003 15.688782000000002 8.7050000000000018 32355.739999999976 20.806717000000003 583113.75000000023 -4.2874999999999988 56.110000000000007 33.500000000000007 15.983001500000002 63.890000000000001 -612649.49999999988 -1.0000000180025095e-35 18.338379000000003 18.669510000000002 -45147.234999999964 -0.059982500000000265 19.500000000000004 70.632500000000022 2755.9479999999999
decision_type=2 2 2 2 2 2 2 2 2 2 2 2 2 2 2 2 2 2 2 2 2 2 2 2 2 2 2 2 2 2
left_child=7 2 -2 4 -4 6 -5 8 17 -10 11 12 -11 16 -15 -16 -13 -1 19 -19 21 -9 -23 25 -25 -22 27 28 -27 -30
right_child=1 -3 3 5 -6 -7 -8 20 9 10 -12 13 -14 14 15 -17 -18 18 -20 -21 23 22 -24 24 -26 26 -28 -29 29 -31
leaf_value=7.0616994848465465e-05 0.049919182345779106 -0.024504720607135252 0.049284936921024813 -0.045621128441112595 -0.0036434017329996168 0.03601214749117692 -0.01333582954085432 -0.030199032356696472 -0.063023349079910834 -0.021802217581055383 0.074018071226489096 0.0071661873136536552 0.054273375144825789 0.030018151773890452 0.011055990597723346 -0.061406756728661784 -0.032717582785048861 0.037218767810951583 0.088457436758714425 -0.051291515305638316 -0.042637848346573068 0.10088992174714805 0.021468120511319189 0.074276156978387589 0.0089893133540850465 -0.029157076310366393 -0.016576449643035639 0.025820246181919138 0.027343169837193173 -0.030685286168348588
leaf_weight=12317 44 190 49 67 104 24 200 21 46 55 26 59 53 67 38 33 235 33 24 22 59 24 74 38 254 69 159 173 71 24
leaf_count=12317 44 190 49 67 104 24 200 21 46 55 26 59 53 67 38 33 235 33 24 22 59 24 74 38 254 69 159 173 71 24
internal_value=-9.26953e-05 -0.00779188 -0.00128483 -0.0063591 0.0133075 -0.0166993 -0.0214374 0.000280859 -0.000235668 -0.0100623 -0.00575807 -0.00959915 0.0155312 -0.0158817 0.00293421 -0.0226239 -0.0247137 0.000249482 0.0281365 0.00181465 0.00723633 0.0283682 0.0409184 0.00426738 0.0174855 -0.00268704 0.00206518 0.0108605 -0.00492024 0.0126833
internal_weight=14652 678 488 444 153 291 267 13974 13008 612 566 540 108 432 138 71 294 12396 79 55 966 119 98 847 292 555 496 337 164 95
internal_count=14652 678 488 444 153 291 267 13974 13008 612 566 540 108 432 138 71 294 12396 79 55 966 119 98 847 292 555 496 337 164 95
is_linear=0
shrinkage=0.05


Tree=154
num_leaves=31
num_cat=0
split_feature=13 0 17 0 7 7 6 3 4 12 8 5 12 8 3 15 0 17 6 15 16 3 17 3 15 15 8 15 5 17
split_gain=16.7484 16.5319 54.974 35.6726 51.4163 47.1042 36.2423 67.5805 113.286 49.9994 32.7565 31.8796 55.8162 41.1019 36.1782 31.6491 30.1155 55.4127 48.2718 72.0774 44.1818 47.3624 42.0627 38.4602 31.5681 77.3762 30.4089 29.0912 28.412 29.3471
threshold=17.310000000000006 40.500000000000007 16.790000000000003 35.500000000000007 799562.84500000009 859512.35000000021 26.563659500000004 24.964721500000007 204388.50000000003 20.085000000000004 2.1483459999999988 12.575000000000001 17.605000000000004 -2.6286925000000001 20.709839000000006 33.915000000000006 10.500000000000002 20.6675 12.737274000000001 29.480000000000004 19.365000000000006 6.7229768000000005 20.445000000000004 28.846512000000001 14.1425 14.4275 2.8784180000000004 13.502500000000003 8.6550000000000029 19.997500000000002
decision_type=2 2 2 2 2 2 2 2 2 2 2 2 2 2 2 2 2 2 2 2 2 2 2 2 2 2 2 2 2 2
left_child=1 3 -3 11 6 -6 7 -5 -9 27 28 12 -1 15 -14 -13 18 20 19 26 -18 -22 24 -19 -23 -26 -15 -8 -4 -30
right_child=-2 2 10 4 5 -7 9 8 -10 -11 -12 13 14 16 -16 -17 17 23 -20 -21 21 22 -24 -25 25 -27 -28 -29 29 -31
leaf_value=0.00024100859205378953 0.02396781846570472 -0.023481108138832772 -0.013262111712838448 0.0057013270267912532 0.1122954705391418 0.015272468957921554 0.050957154110074045 0.018469360240735113 0.12925123795246085 -0.054562416457224129 -0.01580177930572264 0.026754057186440153 0.084306456591002651 0.020449549953142802 0.011705571835910953 -0.040879442663863307 -0.045969041410833605 -0.027942687894661773 -0.023892573052889679 0.057558085574458046 0.071894874058974295 -0.05511770211160183 0.065615966154829328 0.013050097305676901 0.08318196447709432 -0.0060847518869702423 -0.062769591986485157 -0.0059480605019326012 0.020782901190304532 0.0014334074530341647
leaf_weight=9428 72 317 252 995 22 29 25 100 30 51 308 128 32 21 37 20 50 540 73 75 24 28 23 64 26 366 23 221 242 1030
leaf_count=9428 72 317 252 995 22 29 25 100 30 51 308 128 32 21 37 20 50 540 73 75 24 28 23 64 26 366 23 221 242 1030
internal_value=-8.80605e-05 -0.000206855 -0.00425623 0.000493178 0.00779866 0.0571255 0.00602955 0.0101309 0.0440344 -0.00950598 -0.000929655 -0.000488842 0.000568931 -0.00736473 0.0453755 0.0176144 -0.0101803 -0.0133142 0.00811687 0.0277529 -0.00129863 0.00348407 -0.000222159 -0.0235991 -0.00382758 -0.000164 -0.0230514 -0.00016501 0.002076 0.00511468
internal_weight=14652 14580 2149 12431 1473 51 1422 1125 130 297 1832 10958 9497 1461 69 148 1313 1121 192 119 517 467 443 604 420 392 44 246 1524 1272
internal_count=14652 14580 2149 12431 1473 51 1422 1125 130 297 1832 10958 9497 1461 69 148 1313 1121 192 119 517 467 443 604 420 392 44 246 1524 1272
is_linear=0
shrinkage=0.05


Tree=155
num_leaves=31
num_cat=0
split_feature=15 12 9 16 15 0 12 19 3 6 19 1 14 18 9 18 18 9 18 18 0 18 9 17 3 18 19 8 15 15
split_gain=24.3072 30.9691 28.7617 34.5019 22.084 49.8662 27.4131 53.0943 40.9971 39.9528 48.707 45.2476 43.4056 39.4241 35.54 33.3391 32.8838 72.0256 67.5272 40.2673 32.9711 38.9293 33.5186 72.1404 58.2143 29.7466 28.2576 28.1217 27.1541 45.2394
threshold=13.050000000000002 17.675000000000004 -449028.1999999999 25.772500000000004 13.787500000000001 34.500000000000007 13.185 -2.5475000000000008 10.461944500000003 29.851913000000003 0.68500000000000061 2.5000000000000004 23.332500000000007 20.252500000000005 1660.2987499999999 -11.452499999999997 -1.6200000000000008 -119329.29999999986 -2.6850000000000054 0.51499999999999713 34.500000000000007 2.0550000000000002 10315.369999999997 21.477500000000003 18.856491000000002 0.79250000000000409 0.52500000000000135 1.0981749999999997 15.005000000000001 15.532500000000002
decision_type=2 2 2 2 2 2 2 2 2 2 2 2 2 2 2 2 2 2 2 2 2 2 2 2 2 2 2 2 2 2
left_child=1 2 -1 -4 5 -2 28 13 25 12 -11 -12 26 14 15 -8 18 19 -14 -18 -19 -22 -23 -24 -25 27 -10 -9 -6 -30
right_child=4 -3 3 -5 6 -7 7 8 9 10 11 -13 16 -15 -16 -17 17 20 -20 -21 21 22 23 24 -26 -27 -28 -29 29 -31
leaf_value=0.055743696187333817 -0.025255189391127204 0.061549151592677646 -0.014464600999702433 0.023840695066825936 0.011377142374365814 0.019929688638328655 0.020148767586107608 0.073838058795507366 -0.071197143342885141 -0.017180891794462999 0.11389019061689792 0.012377443661292394 0.0057905359617642952 0.016135400802116184 -0.00045386011562576259 -0.037850024393127124 0.10864835434726305 -0.016004128808769263 -0.045625329681779035 0.025368076182426293 -0.013886753093115553 0.0053291621028747939 0.098911544401198634 0.04926993380958105 -0.052437754099567739 0.0060002045851308208 -0.016921125906161391 0.008833470694454653 -0.02811176354221891 0.00079361276004869918
leaf_weight=29 231 31 129 108 598 83 27 41 38 30 23 21 134 68 112 301 21 288 122 47 172 228 34 34 24 116 65 28 137 11327
leaf_count=29 231 31 129 108 598 83 27 41 38 30 23 21 134 68 112 301 21 288 122 47 172 228 34 34 24 116 65 28 137 11327
internal_value=9.57577e-05 0.014254 0.00874221 0.00299098 -0.000197275 -0.0133114 9.61025e-05 -0.00536605 -0.000538957 -0.0037165 0.0319456 0.0654409 -0.0059029 -0.0192962 -0.024772 -0.0330757 -0.00300674 0.00173457 -0.0187123 0.051087 -0.00256795 0.00529714 0.0156085 0.0410833 0.00718399 0.0214634 -0.0369453 0.0474594 0.000990008 0.00044818
internal_weight=14647 297 266 237 14350 314 14036 1974 1466 1281 74 44 1207 508 440 328 1104 848 256 68 780 492 320 92 58 185 103 69 12062 11464
internal_count=14647 297 266 237 14350 314 14036 1974 1466 1281 74 44 1207 508 440 328 1104 848 256 68 780 492 320 92 58 185 103 69 12062 11464
is_linear=0
shrinkage=0.05


Tree=156
num_leaves=31
num_cat=0
split_feature=15 12 9 16 15 12 12 19 8 18 18 3 9 18 15 14 15 9 8 9 8 9 15 15 6 17 17 3 4 14
split_gain=21.9372 27.9496 25.9574 31.1379 19.9308 40.1658 24.7403 47.9176 37.2955 35.5802 34.2561 69.9362 52.6017 108.47 40.0467 37.8575 35.2546 32.0748 31.739 29.285 30.3417 25.2443 24.5066 40.8285 32.2695 32.0209 31.0525 31.724 28.4809 23.8694
threshold=13.050000000000002 17.675000000000004 -449028.1999999999 25.772500000000004 13.787500000000001 11.005000000000001 13.185 -2.5475000000000008 -3.1376494999999998 20.252500000000005 -1.6200000000000008 11.4018405 -119329.29999999986 0.15000000000000038 28.920000000000005 29.202500000000004 15.775 1660.2987499999999 4.1968695000000018 1305120.5000000002 3.8492585000000008 -63321.629999999983 15.005000000000001 15.532500000000002 30.337082000000002 24.827500000000004 15.775 27.438568000000004 1892143.6500000001 32.410000000000004
decision_type=2 2 2 2 2 2 2 2 2 2 2 2 2 2 2 2 2 2 2 2 2 2 2 2 2 2 2 2 2 2
left_child=1 2 -1 -4 5 -2 22 9 -9 17 11 -10 13 -12 15 21 -14 18 -8 20 -18 -13 24 -24 25 26 -6 -28 -29 -17
right_child=4 -3 3 -5 6 -7 7 8 10 -11 12 14 16 -15 -16 29 19 -19 -20 -21 -22 -23 23 -25 -26 -27 27 28 -30 -31
leaf_value=0.052956511362873271 -0.030190062416950242 0.058471693855620205 -0.013741371107229949 0.022648660222896272 0.0074976031888336278 0.0055819133816698155 -0.037382287061219655 0.031633366280344917 0.052352491838316764 0.015328630802961178 0.12826746683567763 -0.015613835193216803 -0.024439181333842583 0.0078959432726397241 -0.071168816990630573 0.040240294977019614 0.0064871411236257729 -0.00043116695430528906 0.0091651324116225757 -0.051528608962893491 -0.026479511117024419 -0.078118683932615174 -0.026706175365396878 0.00075393212907778071 -0.045994034820857149 -0.02015364706021501 0.022309242747425559 0.10876085120050803 0.027177437245845794 -0.013123291994755468
leaf_weight=29 160 31 129 108 311 154 286 85 31 68 24 30 151 85 43 26 746 112 42 25 77 35 137 11327 24 64 156 23 20 108
leaf_count=29 160 31 129 108 311 154 286 85 31 68 24 30 151 85 43 26 746 112 42 25 77 35 137 11327 24 64 156 23 20 108
internal_value=9.09698e-05 0.0135413 0.0083051 0.00284143 -0.000187411 -0.0126458 9.12974e-05 -0.00509774 -0.000512009 -0.0183314 -0.00249054 -0.0183552 0.00141835 0.0343998 -0.0274128 -0.017958 -0.00218023 -0.0235334 -0.0314219 0.00178334 0.00340278 -0.0492703 0.000940507 0.000425771 0.0108083 0.0131833 0.0173668 0.0327904 0.0708151 -0.00276916
internal_weight=14647 297 266 237 14350 314 14036 1974 1466 508 1381 273 1108 109 242 199 999 440 328 848 823 65 12062 11464 598 574 510 199 43 134
internal_count=14647 297 266 237 14350 314 14036 1974 1466 508 1381 273 1108 109 242 199 999 440 328 848 823 65 12062 11464 598 574 510 199 43 134
is_linear=0
shrinkage=0.05


Tree=157
num_leaves=31
num_cat=0
split_feature=15 12 5 9 16 15 0 12 19 5 6 3 6 19 14 18 7 18 9 9 18 12 14 14 0 5 3 9 5 18
split_gain=19.7984 25.2245 26.5179 35.912 30.2547 17.9876 43.1629 22.3281 43.2457 36.858 41.5618 35.1178 34.0727 42.9809 37.0388 30.6366 29.9976 29.4938 37.3177 26.194 50.0278 30.9619 29.0882 45.2337 33.7852 37.7606 34.218 28.5655 27.7588 35.0792
threshold=13.050000000000002 17.675000000000004 11.055000000000001 -383808.56999999989 25.772500000000004 13.787500000000001 34.500000000000007 13.185 -2.5475000000000008 10.555000000000001 15.310257000000002 10.461944500000003 29.851913000000003 0.68500000000000061 23.332500000000007 -11.452499999999997 2028951.3500000003 20.252500000000005 1660.2987499999999 -119329.29999999986 -1.4275 15.325000000000001 28.930000000000003 30.767500000000002 34.500000000000007 16.965000000000003 13.636444000000003 501994.3000000001 17.425000000000004 4.5649999999999986
decision_type=2 2 2 2 2 2 2 2 2 2 2 2 2 2 2 2 2 2 2 2 2 2 2 2 2 2 2 2 2 2
left_child=1 2 3 -1 -5 6 -2 -7 9 10 -9 -10 14 -14 -13 -11 19 18 -17 20 -16 -22 -21 -24 25 -25 -26 28 -28 -30
right_child=5 -3 -4 4 -6 7 -8 8 11 15 -12 12 13 -15 16 17 -18 -19 -20 22 21 -23 23 24 26 -27 27 -29 29 -31
leaf_value=0.07765824841335417 -0.023125583793689775 0.055548109066101817 -0.018024094172142215 -0.0099707580278985772 0.032040638064988601 0.00089348183430829726 0.018912701675645918 0.058366047056211581 0.019877226792175226 0.020335924272270253 -0.012733260220008308 -0.034121873819278281 -0.016642387807369232 0.060971016021655736 -0.0143852021580316 -0.04336588436535712 -0.056917406916618354 0.0052346025299476948 -0.0036559989771399745 -0.024192636245039895 0.0028604627719947271 0.077834146413952116 0.05283409575931728 -0.0030983757997425847 -0.029962489561488233 -0.040141894235187825 -0.0023277739542262518 0.067262198634090872 0.0037465769093101607 0.055092179338479867
leaf_weight=22 231 31 72 91 81 12062 83 31 185 36 61 103 30 44 53 245 25 57 78 153 21 40 38 196 60 106 255 21 78 58
leaf_count=22 231 31 72 91 81 12062 83 31 185 36 61 103 30 44 53 245 25 57 78 153 21 40 38 196 60 106 255 21 78 58
internal_value=8.64213e-05 0.0128643 0.00788985 0.0175074 0.00981368 -0.00017804 -0.0120136 8.67325e-05 -0.00484286 -0.0174148 0.0112241 -0.000486408 -0.00342729 0.0295061 -0.00544641 -0.0237484 -0.00277107 -0.0279248 -0.0337765 -0.00151652 0.0211493 0.0520235 -0.00419414 -0.000425952 -0.00304079 -0.0161004 0.00531516 0.0104527 0.00740153 0.025644
internal_weight=14647 297 266 194 172 14350 314 14036 1974 508 92 1466 1281 74 1207 416 1104 380 323 1079 114 61 965 812 774 302 472 412 391 136
internal_count=14647 297 266 194 172 14350 314 14036 1974 508 92 1466 1281 74 1207 416 1104 380 323 1079 114 61 965 812 774 302 472 412 391 136
is_linear=0
shrinkage=0.05


Tree=158
num_leaves=31
num_cat=0
split_feature=15 8 8 8 8 8 16 0 3 3 8 15 0 3 4 5 9 15 15 9 5 15 9 0 8 0 15 5 19 14
split_gain=17.868 18.9725 24.7279 22.0527 22.606 19.3533 16.5658 43.0397 32.8918 24.8842 18.0738 15.7274 38.9545 17.5961 30.743 22.6108 25.7517 21.9223 45.4441 101.669 38.3063 31.6583 26.817 27.0308 24.4936 26.5322 22.9396 27.8454 33.1078 22.6313
threshold=13.050000000000002 0.83166549999999984 0.41409349999999995 -1.8075249999999998 -0.58859249999999885 0.5398865000000016 81.257500000000007 34.500000000000007 12.081482000000003 17.519440000000003 -0.22412099999999843 13.787500000000001 34.500000000000007 29.829971000000004 2108244.0000000005 10.305000000000001 202930.00000000003 14.4275 14.350000000000003 -48319.734999999964 13.875000000000002 15.665000000000001 -592433.90000000002 10.500000000000002 -0.20546000000000039 18.500000000000004 15.172500000000001 14.505000000000001 0.52500000000000135 27.940000000000001
decision_type=2 2 2 2 2 2 2 2 2 2 2 2 2 2 2 2 2 2 2 2 2 2 2 2 2 2 2 2 2 2
left_child=1 2 3 -1 -5 -4 11 8 -8 -10 -9 12 -2 17 -15 -16 -17 18 20 -20 22 26 -13 29 25 -25 27 -19 -29 -24
right_child=6 -3 5 4 -6 -7 7 10 9 -11 -12 13 -14 14 15 16 -18 21 19 -21 -22 -23 23 24 -26 -27 -28 28 -30 -31
leaf_value=0.038696609980737172 -0.02196930436663394 -0.010750820126681441 0.080867323249578474 -0.032169618820771573 0.013412808995036518 0.021301283681144319 0.05469828888096593 0.088837989298221856 -0.033151168003678323 0.021234107068316504 0.023847435857169332 -0.046286091357469562 0.017967066390956021 0.041869920519335822 0.011953553512136509 -0.050991795520697325 0.013999118669717401 0.0019752320003575616 0.13920684279430481 0.0095521067924521589 -0.033031795173883438 -0.00021792073557016045 0.00906740385927895 0.07483407871825902 0.0014953333036308843 0.023716398445804688 -0.024769791151550747 -0.058804653942998913 0.01123006196209678 -0.040669608073575163
leaf_weight=48 231 69 25 40 85 30 22 23 58 33 20 20 83 66 196 35 27 310 21 54 61 12469 66 33 84 110 221 45 27 35
leaf_count=48 231 69 25 40 85 30 22 23 58 33 20 20 83 66 196 35 27 310 21 54 61 12469 66 33 84 110 221 45 27 35
internal_value=8.21002e-05 0.0122211 0.0191731 0.00988868 -0.00117357 0.0483768 -0.000169138 0.0160355 -0.000165308 -0.013429 0.0586098 -0.000347237 -0.0114129 -9.69045e-05 0.0114184 0.00362853 -0.0226893 -0.000372131 0.0100774 0.0458554 0.0035166 -0.000759031 0.00992307 0.0133505 0.0229248 0.0355128 -0.0119483 -0.00453057 -0.0325416 -0.00816819
internal_weight=14647 297 228 173 125 55 14350 156 113 91 43 14194 314 13880 324 258 62 13556 484 75 409 13072 348 328 227 143 603 382 72 101
internal_count=14647 297 228 173 125 55 14350 156 113 91 43 14194 314 13880 324 258 62 13556 484 75 409 13072 348 328 227 143 603 382 72 101
is_linear=0
shrinkage=0.05


Tree=159
num_leaves=31
num_cat=0
split_feature=15 12 9 16 8 15 15 12 18 12 4 18 9 9 0 14 6 18 16 15 12 15 9 0 12 15 12 12 3 12
split_gain=16.1259 22.3773 19.8108 23.9959 15.3027 15.0951 48.7316 47.1945 38.6601 49.8037 85.8274 50.1687 46.7783 36.2072 34.5702 36.1301 46.7623 29.4921 29.14 28.9353 32.4398 28.3033 39.7579 25.5563 21.9669 70.9172 49.8259 84.7159 44.4382 45.5012
threshold=13.050000000000002 17.675000000000004 -449028.1999999999 25.772500000000004 0.6674649999999992 17.845000000000002 18.592500000000005 16.680000000000003 0.24000000000000024 18.485000000000003 668482.12500000012 0.2099999999999991 -1076946.5499999998 -629248.80999999982 12.500000000000002 33.782500000000006 29.600540000000006 3.0674999999999994 31.802500000000002 18.132500000000004 10.555000000000001 18.812500000000004 165519.84999999998 35.500000000000007 7.535000000000001 20.080000000000002 0.015000000000000001 6.535000000000001 29.829971000000004 12.675000000000002
decision_type=2 2 2 2 2 2 2 2 2 2 2 2 2 2 2 2 2 2 2 2 2 2 2 2 2 2 2 2 2 2
left_child=1 2 -1 -4 -5 8 7 14 9 11 -11 13 -10 -2 -7 16 19 23 -15 -16 -21 22 -8 -14 25 26 -23 -28 29 -26
right_child=5 -3 3 4 -6 6 21 -9 12 10 -12 -13 17 18 15 -17 -18 -19 -20 20 -22 24 -24 -25 28 -27 27 -29 -30 -31
leaf_value=0.045932882022241071 -0.038832116870163774 0.051812764040885431 -0.012405751240277273 0.032571602198901296 -0.0076417405371155059 -0.0031519607778663114 -0.011258903233243562 -0.054245468469647076 0.053149443723518278 -0.00059735224478774606 0.12305253300329913 0.059412510107670513 -0.012637428305965384 -0.0030282193417516734 0.01253616265159125 -0.0013105776850316749 0.10687387850135566 -0.0029803557282494365 0.019154836527753474 0.025137005899582177 0.072784734554267649 -0.012163992570023294 -0.084328401798293706 -0.035127977940941323 0.0049714555428222867 -0.00087081891050273591 -0.14291187242969225 -0.028001956669789441 0.04048164353007451 -0.0054054666149430603
leaf_weight=29 61 31 129 73 35 152 164 24 29 36 23 35 509 856 152 102 20 598 179 93 58 135 21 168 3648 5648 23 53 76 1487
leaf_count=29 61 31 129 73 35 152 164 24 29 36 23 35 509 856 152 102 20 598 179 93 58 135 21 168 3648 5648 23 53 76 1487
internal_value=7.79952e-05 0.01161 0.00692473 0.00215158 0.0195395 -0.000160681 0.000583093 0.0144552 -0.00369644 0.00282012 0.0476051 0.000483854 -0.00964331 -0.00139799 0.0173127 0.0246319 0.0328242 -0.0110715 0.000808271 0.0279365 0.0434388 -0.000157655 -0.0195533 -0.0182185 0.000166481 -0.00193405 -0.0303944 -0.0627773 0.00252822 0.00196649
internal_weight=14647 297 266 237 108 14350 11856 601 2494 1190 59 1131 1304 1096 577 425 323 1275 1035 303 151 11255 185 677 11070 5859 211 76 5211 5135
internal_count=14647 297 266 237 108 14350 11856 601 2494 1190 59 1131 1304 1096 577 425 323 1275 1035 303 151 11255 185 677 11070 5859 211 76 5211 5135
is_linear=0
shrinkage=0.05


Tree=160
num_leaves=31
num_cat=0
split_feature=13 7 9 17 17 19 15 6 16 16 13 8 19 16 8 19 8 13 5 19 16 8 14 19 3 6 16 6 3 9
split_gain=20.2512 27.8195 30.3146 31.3997 39.3123 118.448 60.3785 41.2188 36.8274 33.6057 31.7823 23.5799 27.3308 23.3482 36.1615 33.9063 29.6601 23.7074 22.2092 36.5767 22.0874 23.1979 21.8389 21.2992 21.2601 19.4694 18.8678 32.613 24.1224 23.0427
threshold=8.5850000000000026 520221.89000000007 444016.10000000003 33.492500000000007 30.170000000000005 2.0025000000000017 33.282500000000006 12.006851000000003 33.742500000000007 35.320000000000007 11.975000000000003 -0.99009699999999989 1.5775000000000008 35.320000000000007 -0.8554225000000012 5.4725000000000028 -1.0131839999999996 11.725000000000003 12.865 2.4174999999999991 27.625000000000004 -1.8075249999999998 31.927500000000006 1.8325000000000025 26.671447500000003 16.820861500000003 20.387500000000006 28.782043500000004 4.7374877000000009 -285393.95000000001
decision_type=2 2 2 2 2 2 2 2 2 2 2 2 2 2 2 2 2 2 2 2 2 2 2 2 2 2 2 2 2 2
left_child=26 2 3 4 6 11 13 -7 -5 -10 -8 -6 -13 16 15 -15 20 -18 22 24 21 -2 -16 -19 -20 -22 27 -1 -28 -30
right_child=1 -3 -4 8 5 7 10 -9 9 -11 -12 12 -14 14 18 -17 17 23 19 -21 25 -23 -24 -25 -26 -27 28 -29 29 -31
leaf_value=0.0099331635107634472 -0.010477151917411557 -0.0089433548846640266 0.068107178173959268 -0.047298594480768473 0.039960755011247052 0.12789654886281049 -0.014829700630628044 0.051996364233628758 0.028832689530559275 -0.0087006320880332177 -0.080612957409837038 -0.029759954895372642 0.021113870572298767 0.018059737805236616 0.0097834504654696376 0.079817612038188906 0.017904520559938946 0.027763141573565766 -0.027290462593082338 0.06078167673276396 0.024637231160083723 -0.058451529468938307 -0.032767284352604939 -0.013147981007686738 0.024556065549881295 -0.023015360643758493 0.020463848405683688 -0.038295459727177752 0.0044655814488825316 -0.0021422149895965856
leaf_weight=666 79 325 20 48 31 27 111 53 76 277 22 66 44 46 114 43 382 41 30 49 58 37 41 142 58 34 129 37 1518 10082
leaf_count=666 79 325 20 48 31 27 111 53 76 277 22 66 44 46 114 43 382 41 30 49 58 37 41 142 58 34 129 37 1518 10082
internal_value=0.00022908 0.00458959 0.00686964 0.00622807 0.00953482 0.0290165 0.00618948 0.0776127 -0.00620729 -0.000619804 -0.0257111 0.00144423 -0.00941042 0.00986606 0.0199963 0.0478978 0.00487301 0.0108156 0.0114921 0.0261594 -0.0112691 -0.0257793 -0.00147191 -0.0039821 0.00688111 0.00702649 -0.000561508 0.00739481 -0.00103839 -0.00127751
internal_weight=14686 2254 1929 1909 1508 221 1287 80 401 353 133 141 110 1154 381 89 773 565 292 137 208 116 155 183 88 92 12432 703 11729 11600
internal_count=14686 2254 1929 1909 1508 221 1287 80 401 353 133 141 110 1154 381 89 773 565 292 137 208 116 155 183 88 92 12432 703 11729 11600
is_linear=0
shrinkage=0.05


Tree=161
num_leaves=31
num_cat=0
split_feature=0 0 4 14 17 12 16 17 7 18 14 5 17 14 18 14 17 3 14 3 12 17 14 17 19 16 16 19 7 18
split_gain=14.4101 58.2084 127.307 70.9149 37.9838 24.2969 37.2046 61.8898 27.2686 22.2171 45.6398 39.7233 35.3126 28.7703 29.5565 25.0911 26.0061 30.5708 26.309 40.3166 23.6293 23.2967 20.9784 21.5483 20.8525 20.8416 107.047 95.6584 57.9122 38.7393
threshold=40.500000000000007 36.500000000000007 679216.92500000016 39.63750000000001 16.790000000000003 15.505000000000001 30.807500000000005 18.692500000000006 95395.440000000017 1.9875000000000009 33.362500000000004 16.215000000000003 17.997500000000006 27.625000000000004 2.4725000000000024 64.420000000000002 31.197500000000002 24.659149500000002 35.417500000000011 22.057907500000002 17.815000000000001 22.192500000000006 47.247500000000009 15.665000000000001 5.9025000000000007 24.745000000000001 23.942500000000006 -1.3825000000000001 2558578.0000000005 -1.0024999999999993
decision_type=2 2 2 2 2 2 2 2 2 2 2 2 2 2 2 2 2 2 2 2 2 2 2 2 2 2 2 2 2 2
left_child=1 25 5 -4 22 8 -7 -8 -3 10 11 -6 -11 -14 -15 16 18 -18 21 -20 -16 -12 23 -2 -10 26 29 -28 -29 -1
right_child=4 2 3 -5 9 6 7 -9 24 12 15 -13 13 14 20 -17 17 -19 19 -21 -22 -23 -24 -25 -26 -27 27 28 -30 -31
leaf_value=0.014393360520908222 -0.015901525369487874 0.0075610140083362644 0.14927436411380768 0.027620622629056808 0.0012519763427883178 -0.019521577404704931 0.091705349003049469 0.0015801989178265065 0.034971330228277989 0.052130874793212378 -0.022270498014986515 0.064552250096144584 -0.030484208832334343 0.053907662440812402 0.0062868930163440875 0.025818294659256936 -0.014089264268398113 0.045040413975715642 -0.04088238630605609 0.0061942571446903655 -0.035434880438778141 -0.092416207389584906 0.023989714936424905 -0.048340872159371009 -0.014798157615587115 -0.0013014140188476822 0.11489282066543256 0.029680071666606734 -0.048771389373219932 -0.0039335395558805957
leaf_weight=358 241 659 25 23 530 174 22 142 171 39 20 26 58 31 592 32 174 25 118 74 36 29 26 65 24 9186 31 247 26 1482
leaf_count=358 241 659 25 23 530 174 22 142 171 39 20 26 58 31 592 32 174 25 118 74 36 29 26 65 24 9186 31 247 26 1482
internal_value=0.000217626 0.000860228 0.0111451 0.0909819 -0.00359972 0.0079302 -0.00341671 0.0136702 0.0124211 -0.000709817 -0.0054948 0.00421206 0.00579675 0.00327648 0.00624783 -0.0169292 -0.0200381 -0.00666091 -0.0310839 -0.0227383 0.0038952 -0.0637853 -0.0191286 -0.0227922 0.0288459 -0.00026539 0.00417347 0.0316599 0.0222085 -0.000367762
internal_weight=14686 12570 1240 48 2116 1192 338 164 854 1784 1028 556 756 717 659 472 440 199 241 192 628 49 332 306 195 11330 2144 304 273 1840
internal_count=14686 12570 1240 48 2116 1192 338 164 854 1784 1028 556 756 717 659 472 440 199 241 192 628 49 332 306 195 11330 2144 304 273 1840
is_linear=0
shrinkage=0.05


Tree=162
num_leaves=31
num_cat=0
split_feature=13 0 6 12 1 15 17 8 2 4 4 14 6 16 16 19 6 18 17 4 19 8 3 13 19 4 16 16 0 0
split_gain=17.3869 20.4351 43.6708 26.8726 26.2009 33.0035 27.0526 27.5168 27.22 34.1047 26.8091 30.3349 27.3759 30.1484 45.8536 56.102 43.7806 51.8038 37.369 30.3203 26.3503 53.2302 56.8546 40.1184 27.8395 25.9015 58.1737 59.8519 55.7697 58.2591
threshold=8.5850000000000026 6.5000000000000009 26.145080500000002 11.805000000000001 2.5000000000000004 39.452500000000008 13.255000000000001 -1.3562315000000014 1.0000000180025095e-35 1745188.4500000002 1979725.4000000001 38.982500000000009 10.585098500000003 32.410000000000004 27.065000000000001 -0.020000000000002235 19.088211000000005 1.5449999999999948 24.827500000000004 236607.73500000002 5.6275000000000004 2.2414855 20.596771000000004 3.0050000000000003 5.4725000000000028 876756.63000000012 49.105000000000011 57.255000000000003 38.500000000000007 13.500000000000002
decision_type=2 2 2 2 2 2 2 2 2 2 2 2 2 2 2 2 2 2 2 2 2 2 2 2 2 2 2 2 2 2
left_child=1 2 3 -1 5 25 -6 10 20 -10 12 -12 -8 14 15 -14 -15 -18 -17 -16 24 22 23 -22 -9 28 -27 -28 29 -3
right_child=-2 4 -4 -5 6 -7 7 8 9 -11 11 -13 13 16 19 18 17 -19 -20 -21 21 -23 -24 -25 -26 26 27 -29 -30 -31
leaf_value=-0.0070548345890113842 0.0042471340579290917 0.00073450928335810504 0.013278755513090955 -0.033894283290486785 -0.028411593355122024 -0.026502722550302428 0.021545302548162129 -0.0038706892422878691 -0.086157287250865591 -0.0096172961763777709 0.0088689413674651312 0.073223122085134193 -0.044356249476827328 0.021372631448628557 -0.0066241034030259313 0.0082853391007402868 0.0087046930242834965 -0.048046055301779605 0.06991884393745193 -0.046144092554011598 0.0035611342119633176 0.040344715694549921 0.015909416837617756 -0.051549642307024135 -0.05304580804538625 0.0020890127183202704 -0.051221452134887914 -0.00096010311660686817 -0.0032375734901190605 0.017476657580782953
leaf_weight=1384 2254 871 262 100 96 94 171 3817 22 43 47 30 42 265 91 119 118 61 31 104 61 102 200 72 29 1604 111 127 1070 1288
leaf_count=1384 2254 871 262 100 96 94 171 3817 22 43 47 30 42 265 91 119 118 61 31 104 61 102 200 72 29 1604 111 127 1070 1288
internal_value=0.000206745 -0.000525803 -0.00554083 -0.00886342 0.000293608 0.00285334 -0.00210107 -0.00163548 -0.00340981 -0.0355231 0.00551119 0.033942 0.00332638 -0.000422636 -0.0106235 0.00672123 0.00846868 -0.0106349 0.0210229 -0.0277014 -0.00292223 0.00874184 -0.000938323 -0.0262733 -0.00424148 0.00339751 -0.00133373 -0.0244013 0.00609647 0.0107224
internal_weight=14686 12432 1746 1484 10686 5165 5521 5425 4346 65 1079 77 1002 831 387 192 444 179 150 195 4281 435 333 133 3846 5071 1842 238 3229 2159
internal_count=14686 12432 1746 1484 10686 5165 5521 5425 4346 65 1079 77 1002 831 387 192 444 179 150 195 4281 435 333 133 3846 5071 1842 238 3229 2159
is_linear=0
shrinkage=0.05


Tree=163
num_leaves=31
num_cat=0
split_feature=13 7 9 17 17 19 15 6 16 16 13 18 17 18 3 15 0 6 14 18 15 8 18 0 6 0 16 13 8 0
split_gain=15.6917 25.1449 27.1835 27.6506 35.0476 105.82 53.4697 37.8 33.199 30.1868 28.0711 26.0213 36.7387 30.7346 41.7167 28.5439 23.4215 21.369 20.9285 23.519 26.5204 20.6675 24.6352 18.4427 39.4129 24.0853 35.1274 28.007 53.0586 45.907
threshold=8.5850000000000026 520221.89000000007 444016.10000000003 33.492500000000007 30.170000000000005 2.0025000000000017 33.282500000000006 12.006851000000003 33.742500000000007 35.320000000000007 11.975000000000003 -5.7274999999999947 27.527500000000003 -22.502499999999998 16.933747 21.255000000000003 36.500000000000007 16.309814500000005 25.672500000000003 -4.9149999999999983 30.422500000000003 -0.99009699999999989 1.5900000000000001 6.5000000000000009 26.145080500000002 40.500000000000007 78.607500000000016 1.0000000180025095e-35 2.1483459999999988 21.500000000000004
decision_type=2 2 2 2 2 2 2 2 2 2 2 2 2 2 2 2 2 2 2 2 2 2 2 2 2 2 2 2 2 2
left_child=23 2 3 4 6 21 11 -7 -5 -10 -8 13 15 17 -15 -13 -3 -2 -17 -20 -21 -6 -23 24 -1 27 -27 -25 29 -29
right_child=1 16 -4 8 5 7 10 -9 9 -11 -12 12 -14 14 -16 18 -18 -19 19 20 -22 22 -24 25 -26 26 -28 28 -30 -31
leaf_value=-0.0084202515468796198 -0.020458619611273553 -0.012268364431535001 0.064191254246979954 -0.045089036406716333 0.03709104500951306 0.1211787286180037 -0.01425436071732694 0.048494394334419717 0.027144777356941058 -0.0084281057033634039 -0.076077686859802762 0.020038599465980377 0.037659144154946568 0.0582288567452795 0.013115695782764933 -0.026018068769713867 0.043585605453699827 0.015596388298555787 -0.052280247590637631 0.0081804155987969043 -0.023710612975704818 -0.028450651143705753 0.0198492214104838 0.0027038473177291799 0.012614817907205048 -0.0063097469523693273 0.055934774211567388 -0.017046121958558647 0.013885253517731431 3.1735757401727877e-05
leaf_weight=1484 58 305 20 48 31 27 111 53 76 277 22 139 71 90 119 100 20 141 21 334 81 66 44 7181 262 1563 23 738 338 843
leaf_count=1484 58 305 20 48 31 27 111 53 76 277 22 139 71 90 119 100 20 141 21 334 81 66 44 7181 262 1563 23 738 338 843
internal_value=0.000196408 0.00403478 0.00620245 0.00559492 0.00869798 0.0270926 0.0055393 0.0730254 -0.00607445 -0.000769355 -0.0244808 0.00899916 0.00344661 0.0191516 0.0325424 -0.000152041 -0.0088312 0.00508789 -0.00538805 -0.00065639 0.0019559 0.00103153 -0.0091307 -0.000499513 -0.00526379 0.000278928 -0.00540708 0.00126992 -0.00409592 -0.00794009
internal_weight=14686 2254 1929 1909 1508 221 1287 80 401 353 133 1154 746 408 209 675 325 199 536 436 415 141 110 12432 1746 10686 1586 9100 1919 1581
internal_count=14686 2254 1929 1909 1508 221 1287 80 401 353 133 1154 746 408 209 675 325 199 536 436 415 141 110 12432 1746 10686 1586 9100 1919 1581
is_linear=0
shrinkage=0.05


Tree=164
num_leaves=31
num_cat=0
split_feature=13 7 9 17 17 19 15 6 16 16 13 18 17 18 19 15 0 0 6 6 19 16 6 8 18 16 0 0 16 0
split_gain=14.1618 22.6933 24.5331 24.9546 31.6305 95.5025 48.2564 34.1145 29.9621 27.2436 25.3341 23.4842 33.1567 27.7379 39.4432 25.7609 21.1379 20.046 19.2856 18.8006 32.0885 26.891 21.8125 18.6524 22.2333 18.4019 17.6195 17.2624 16.8915 32.4904
threshold=8.5850000000000026 520221.89000000007 444016.10000000003 33.492500000000007 30.170000000000005 2.0025000000000017 33.282500000000006 12.006851000000003 33.742500000000007 35.320000000000007 11.975000000000003 -5.7274999999999947 27.527500000000003 -22.502499999999998 5.4725000000000028 21.255000000000003 36.500000000000007 12.500000000000002 16.309814500000005 11.603881500000002 5.5475000000000039 31.117500000000003 6.2658081500000007 -0.99009699999999989 1.5900000000000001 32.410000000000004 36.500000000000007 38.500000000000007 20.387500000000006 32.500000000000007
decision_type=2 2 2 2 2 2 2 2 2 2 2 2 2 2 2 2 2 2 2 2 2 2 2 2 2 2 2 2 2 2
left_child=28 2 3 4 6 23 11 -7 -5 -10 -8 13 15 18 17 -13 -3 -15 -2 20 22 -21 -17 -6 -25 -23 -14 -24 29 -1
right_child=1 16 -4 8 5 7 10 -9 9 -11 -12 12 26 14 -16 19 -18 -19 -20 21 -22 25 27 24 -26 -27 -28 -29 -30 -31
leaf_value=0.00039386889742830345 -0.019435688695902453 -0.011654945929137777 0.060981691721826797 -0.042834584903903308 0.035236493161609095 0.11511979274175786 -0.013541642464026138 0.046069674917830615 0.025787538336206992 -0.0080067005599361411 -0.07227380241860043 0.019036669500520548 0.0074826812626974243 0.03946784716741792 0.06398187744919033 -0.00735221476980338 0.041406324201961983 0.0016057191861116073 0.014816568844377043 0.011155000077494787 0.0051587270486907304 -0.042751390912124647 -0.073668222253521293 -0.027028118914952784 0.01885676082046385 -0.0020413163989516244 0.057703653667122129 -0.017229476645588878 -0.00092574950770878779 0.024402978052982152
leaf_weight=508 58 305 20 48 31 27 111 53 76 277 22 139 31 58 63 38 20 88 141 239 81 46 42 66 44 70 40 20 11729 195
leaf_count=508 58 305 20 48 31 27 111 53 76 277 22 139 31 58 63 38 20 88 141 239 81 46 42 66 44 70 40 20 11729 195
internal_value=0.000186587 0.00383304 0.00589233 0.00531517 0.00826308 0.025738 0.00526234 0.0693741 -0.00577073 -0.000730887 -0.0232567 0.0085492 0.00327428 0.018194 0.0309153 -0.000144439 -0.00838964 0.0166468 0.0048335 -0.00511864 -0.0182331 0.00156786 -0.0371804 0.00097995 -0.00867417 -0.018185 0.0357762 -0.0554622 -0.000474537 0.00705358
internal_weight=14686 2254 1929 1909 1508 221 1287 80 401 353 133 1154 746 408 209 675 325 146 199 536 181 355 100 141 110 116 71 62 12432 703
internal_count=14686 2254 1929 1909 1508 221 1287 80 401 353 133 1154 746 408 209 675 325 146 199 536 181 355 100 141 110 116 71 62 12432 703
is_linear=0
shrinkage=0.05


Tree=165
num_leaves=31
num_cat=0
split_feature=16 13 8 16 12 0 6 14 14 6 16 15 14 19 18 19 0 7 4 8 4 12 19 19 1 3 3 19 16 14
split_gain=16.4732 23.2765 22.4222 23.7704 17.6052 32.898 26.3647 56.1538 55.3931 47.6535 78.7875 44.1651 48.2466 43.0325 42.9573 37.5497 34.3945 33.4096 43.7007 61.9464 52.5981 36.2014 32.9953 40.5086 36.9902 30.8864 28.7367 28.6814 27.7276 27.2787
threshold=20.387500000000006 12.465000000000002 -2.9082339999999989 19.942500000000006 13.185 45.500000000000007 16.393188500000004 28.407500000000002 31.535000000000004 15.815261500000002 49.030000000000008 28.920000000000005 21.752500000000001 -2.6174999999999993 1.6624999999999981 -10.7875 29.500000000000004 269468.05000000005 895553.05000000016 0.39086950000000181 742135.02500000014 17.605000000000004 -0.73249999999999893 -3.3524999999999996 2.5000000000000004 11.574844500000003 7.915100100000001 -1.1374999999999991 46.307500000000012 63.745000000000005
decision_type=2 2 2 2 2 2 2 2 2 2 2 2 2 2 2 2 2 2 2 2 2 2 2 2 2 2 2 2 2 2
left_child=1 2 3 -1 -2 6 7 26 -9 13 -11 12 -8 15 28 -10 25 27 19 21 -21 -19 23 -20 -25 -16 -6 -14 -15 -13
right_child=4 -3 -4 -5 5 -7 11 8 9 10 -12 29 17 14 16 -17 -18 18 22 20 -22 -23 -24 24 -26 -27 -28 -29 -30 -31
leaf_value=-0.048316421127460402 7.8321039016408171e-05 -0.031764729884698202 0.010463254576395997 0.020379489362239839 0.0089964762081906798 -0.051068994412688834 -0.061053507311924084 0.079749209356719059 -0.006885601959551093 -0.011811370018958336 0.12214132919907571 -0.047670465163346908 -0.030405789619655746 -0.063495866867691972 0.032280468699280862 0.051590476001370449 0.025177601821758738 0.031358781684335174 -0.015162741498568576 0.032174533993626638 0.12704900403817496 -0.013869471337126855 -0.021601642076304911 0.014101903239379125 0.093416757810683482 -0.029470108641759942 -0.028056386508840316 -0.0037918410355862429 -0.0099009366976943892 -0.003234662725955394
leaf_weight=34 11879 38 765 20 76 38 37 29 44 21 23 107 157 43 27 73 116 77 74 48 21 104 177 49 21 81 168 285 55 51
leaf_count=34 11879 38 765 20 76 38 37 29 44 21 23 107 157 43 27 73 116 77 74 48 21 104 177 49 21 81 168 285 55 51
internal_value=-0.000237331 0.00649027 0.00826523 -0.0228735 -0.000652686 -0.00499017 -0.00409862 0.00322428 0.0126314 0.0086016 0.0582094 -0.0086815 -0.0049729 0.00362952 -0.00580676 0.0295995 0.00627275 -0.00292455 0.00506448 0.0207384 0.0610494 0.00537128 -0.00714264 0.0106299 0.0378964 -0.0140325 -0.0165153 -0.0132452 -0.0334171 -0.0333273
internal_weight=14738 857 819 54 13881 2002 1964 756 512 483 44 1208 1050 439 322 117 224 1013 571 250 69 181 321 144 70 108 244 442 98 158
internal_count=14738 857 819 54 13881 2002 1964 756 512 483 44 1208 1050 439 322 117 224 1013 571 250 69 181 321 144 70 108 244 442 98 158
is_linear=0
shrinkage=0.05


Tree=166
num_leaves=31
num_cat=0
split_feature=5 4 7 16 3 8 14 0 14 4 14 8 8 17 0 0 17 9 16 1 18 15 17 15 6 8 8 16 5 15
split_gain=16.1323 38.7066 24.4756 40.7619 40.6259 33.4097 36.5812 40.3717 31.8057 31.5602 31.4943 31.1342 29.2583 25.0525 61.3873 99.5444 46.0252 56.943 55.6983 54.9758 44.4274 49.5892 41.263 71.4004 51.9094 37.3982 39.027 42.6039 36.8486 34.7452
threshold=11.675000000000002 2448852.6500000004 1018318.0000000001 58.832500000000003 29.566513000000004 -1.1545409999999998 39.357500000000009 31.500000000000004 22.780000000000005 1366851.1500000001 48.017500000000005 0.91444450000000022 -0.3174894999999997 21.145000000000007 12.500000000000002 34.500000000000007 19.897500000000004 14275.1747 44.155000000000001 1.5000000000000002 15.159999999999998 29.735000000000003 30.665000000000003 33.642500000000005 16.119308000000004 -0.52215599999999884 -0.8554225000000012 34.662500000000001 16.855000000000004 39.452500000000008
decision_type=2 2 2 2 2 2 2 2 2 2 2 2 2 2 2 2 2 2 2 2 2 2 2 2 2 2 2 2 2 2
left_child=-1 2 4 5 9 -4 7 12 -9 13 -8 -10 -7 16 20 28 19 18 -18 -2 21 -15 23 25 29 26 27 -17 -16 -24
right_child=1 -3 3 -5 -6 6 10 8 11 -11 -12 -13 -14 14 15 22 17 -19 -20 -21 -22 -23 24 -25 -26 -27 -28 -29 -30 -31
leaf_value=0.00080133936877859477 0.028644822236609215 -0.042421912386647019 0.016230566307432324 -0.059724829594294232 0.066918330842798399 -0.052223600685596464 0.038190427957083654 0.0047379452950106222 -0.044063137020831089 0.023130424352711999 -0.015257015287698733 -0.11317372061312199 0.0089947553822414938 -0.0035001252301050073 -0.025555323694510104 -0.038835576220160532 0.03299886029222622 0.076828923164866877 -0.01800400452115215 -0.0055006348194521189 -0.030241770186909923 0.034992033679855573 0.044710927381806202 -0.076695595122873786 -0.0071207064010645948 -0.00019464732139478161 -0.061369109136175437 0.0095775278282793936 -0.065597008964097189 -0.002861333079636097
leaf_weight=10639 134 61 107 42 22 25 49 26 88 128 63 20 89 146 257 84 130 40 91 980 54 196 122 38 206 619 53 99 74 56
leaf_count=10639 134 61 107 42 22 25 49 26 88 128 63 20 89 146 257 84 130 40 91 980 54 196 122 38 206 619 53 99 74 56
internal_value=-0.000225464 -0.00289054 -0.00229336 -0.0125433 -0.000814981 -0.00829998 -0.015591 -0.026302 -0.0449093 -0.00123988 0.00812624 -0.0568614 -0.00443032 -0.00216306 -0.00572924 -0.010072 0.00303449 0.0219335 0.0119977 -0.00139337 0.011905 0.0185597 -0.00373834 -0.00963213 0.00996779 -0.00665154 -0.0235872 -0.0126449 -0.0345072 0.0297444
internal_weight=14738 4099 4038 509 3529 467 360 248 134 3507 112 108 114 3379 2004 1608 1375 261 221 1114 396 342 1277 893 384 855 236 183 331 178
internal_count=14738 4099 4038 509 3529 467 360 248 134 3507 112 108 114 3379 2004 1608 1375 261 221 1114 396 342 1277 893 384 855 236 183 331 178
is_linear=0
shrinkage=0.05


Tree=167
num_leaves=31
num_cat=0
split_feature=16 5 19 1 18 18 4 8 19 13 9 16 4 3 5 4 18 8 5 18 5 4 12 16 16 19 15 3 15 9
split_gain=16.1986 26.5298 16.4018 23.8438 22.7 55.0912 24.5017 22.9757 32.6823 29.8283 26.2463 52.3734 29.9031 21.1946 19.3657 17.9571 16.6444 16.2532 16.0389 15.9443 15.4217 34.0615 30.9106 75.2046 30.8742 31.9944 29.9991 50.6611 47.3436 46.916
threshold=87.327500000000015 18.415000000000003 7.5400000000000009 1.5000000000000002 -31.497499999999992 -35.264999999999993 557616.92000000004 3.9680939999999993 1.7424999999999999 11.295000000000002 -36.495869299999988 35.417500000000011 754976.78000000014 16.160598500000003 10.045000000000002 2338552.4000000004 -33.717499999999994 0.401520500000002 11.675000000000002 -0.45999999999999724 11.675000000000002 2448852.6500000004 17.260000000000002 32.177500000000002 67.225000000000009 1.0000000180025095e-35 14.480000000000002 7.1367340000000015 13.787500000000001 -647.66929999999979
decision_type=2 2 2 2 2 2 2 2 2 2 2 2 2 2 2 2 2 2 2 2 2 2 2 2 2 2 2 2 2 2
left_child=2 -2 4 -4 5 -1 16 20 10 19 11 14 -13 18 -9 -8 17 -7 -12 -10 22 -22 24 -24 25 26 28 -28 -6 -30
right_child=1 -3 3 -5 7 6 15 8 9 -11 13 12 -14 -15 -16 -17 -18 -19 -20 -21 21 -23 23 -25 -26 -27 27 -29 29 -31
leaf_value=0.0083925481697841847 0.040513918372361291 -0.023104156488957611 0.043953252020291989 0.0044569412588261166 -0.0047698465102578302 -0.031371156254317613 -0.088347407302353534 0.066360473498563347 -0.059999155262422776 0.036225306005640466 -0.0090052665226611796 0.016056355880573393 -0.066725274622440336 0.010657731354124202 0.0095208373280580762 -0.030427181793619758 -0.055282180807129905 0.027447924299327575 -0.042342406598100853 -0.020552707097510128 -0.0022088769613701105 -0.044191027873632861 0.00089917723385114518 0.10197104633642505 0.01548782098552455 0.0031898505130663526 0.016811759155171441 -0.0061650802439969848 0.050556537110095071 0.0070673057864173265
leaf_weight=119 57 23 40 855 346 24 32 47 28 22 182 24 20 116 22 23 22 23 45 301 3452 49 63 26 345 4489 258 3420 99 166
leaf_count=119 57 23 40 855 346 24 32 47 28 22 182 24 20 116 22 23 22 23 45 301 3452 49 63 26 345 4489 258 3420 99 166
internal_value=-0.000214191 0.0222237 -0.000336652 0.00622214 -0.000763166 -0.0159096 -0.0392319 -0.000490933 -0.00867188 -0.0201407 0.000156092 0.0210553 -0.0215717 -0.00672907 0.0482377 -0.0641262 -0.0193886 -0.00258735 -0.015614 -0.0239099 2.83797e-05 -0.00279646 0.00110195 0.0304258 0.000815883 0.000239235 -0.00284897 -0.00455333 0.00741064 0.0233142
internal_weight=14738 80 14658 895 13763 243 124 13520 807 351 456 113 44 343 69 55 69 47 227 329 12713 3501 9212 89 9123 8778 4289 3678 611 265
internal_count=14738 80 14658 895 13763 243 124 13520 807 351 456 113 44 343 69 55 69 47 227 329 12713 3501 9212 89 9123 8778 4289 3678 611 265
is_linear=0
shrinkage=0.05


Tree=168
num_leaves=31
num_cat=0
split_feature=0 3 0 12 16 8 8 12 1 1 16 4 16 0 17 15 0 9 17 0 9 8 19 12 17 8 8 7 19 1
split_gain=15.2412 22.2851 20.43 50.5011 22.8624 24.5562 22.1845 30.0336 19.2397 17.2256 28.5721 53.2111 49.8674 28.2898 35.0084 66.4752 63.0217 62.3605 48.3939 87.7443 44.2391 43.9828 38.6855 36.5137 30.8316 27.4833 27.4139 27.3851 35.0616 27.3295
threshold=1.0000000180025095e-35 26.067123000000006 4.5000000000000009 12.135000000000003 87.327500000000015 2.476943700000001 8.0189360000000018 8.1450000000000014 1.5000000000000002 1.5000000000000002 18.242500000000003 479150.01500000007 17.290000000000003 12.500000000000002 20.6675 20.245000000000005 17.500000000000004 58395.440000000097 20.397500000000004 19.500000000000004 7907.1765000000023 -4.9959560000000005 2.8099999999999992 10.395000000000001 21.357500000000005 0.37753300000000062 4.3213500000000016 2509136.3500000006 1.2249999999999999 4.5000000000000009
decision_type=2 2 2 2 2 2 2 2 2 2 2 2 2 2 2 2 2 2 2 2 2 2 2 2 2 2 2 2 2 2
left_child=1 -1 3 8 6 -6 9 -8 -2 10 11 -4 -13 24 18 17 22 20 21 -20 -16 -15 -17 -24 -11 -21 -18 -23 -29 -28
right_child=2 -3 4 -5 5 -7 7 -9 -10 13 -12 12 -14 14 15 16 26 -19 19 25 -22 27 23 -25 -26 -27 29 28 -30 -31
leaf_value=0.0044885193607806005 -0.014990817247616431 0.039285217458382253 0.051402485672431657 -0.062599336228614008 0.073604049711000361 0.0097161647152015067 -0.0075592221184210343 0.073319755882645651 -0.000808641673144013 -0.0034030828142799468 0.0019040753995506754 -0.066482583122948802 0.033464711639233147 0.031550342773294285 -0.025482312901311616 -0.00964827172736352 -0.00052819771567167643 -0.078574626091516248 0.10948584438966853 0.034598807333889654 0.053061863197945064 0.00029909945390865707 -0.028765629011771428 -0.096770905127579521 0.01019134748066872 -0.014303971654278162 -0.040430586512031207 -0.041987134170917317 0.0047634543391735593 -0.0014554896202120607
leaf_weight=258 332 56 79 39 21 53 22 24 855 716 3585 24 26 108 173 421 3700 53 28 59 20 2475 192 22 999 56 88 89 73 92
leaf_count=258 332 56 79 39 21 53 22 24 855 716 3585 24 26 108 173 421 3700 53 28 59 20 2475 192 22 999 56 88 89 73 92
internal_value=-0.000203481 0.0106943 -0.000440718 -0.00661477 0.000132808 0.0278465 -2.34567e-05 0.0346385 -0.00477535 -0.000145375 0.00273597 0.025855 -0.01451 -0.00128819 -0.00258951 -0.00522404 -0.00384496 -0.0305352 0.00175363 0.0301113 -0.017343 0.000276352 -0.0184471 -0.0357568 0.00451577 0.0107853 -0.00145519 -0.00100449 -0.0209205 -0.02051
internal_weight=14738 314 14424 1226 13198 74 13124 46 1187 13078 3714 129 50 9364 7649 4761 4515 246 2888 143 193 2745 635 214 1715 115 3880 2637 162 180
internal_count=14738 314 14424 1226 13198 74 13124 46 1187 13078 3714 129 50 9364 7649 4761 4515 246 2888 143 193 2745 635 214 1715 115 3880 2637 162 180
is_linear=0
shrinkage=0.05


Tree=169
num_leaves=31
num_cat=0
split_feature=7 5 7 3 3 3 12 3 4 18 8 15 19 14 19 19 15 15 3 17 8 14 18 18 14 14 14 13 18 18
split_gain=15.0405 14.1188 32.7007 43.0451 36.243 30.6445 25.5067 55.5287 31.8094 23.2774 23.0804 29.1686 35.7676 35.1037 21.1619 61.8991 25.928 40.2949 28.0236 26.0856 23.6968 22.904 21.5294 21.167 52.0828 68.9435 60.6701 53.2565 52.8123 40.3786
threshold=3338695.1000000006 11.675000000000002 1018318.0000000001 21.258667500000005 29.566513000000004 30.510818500000003 17.260000000000002 19.601028500000002 1745188.4500000002 -15.849999999999996 -1.1545409999999998 21.735000000000003 0.020000000000001354 23.942500000000006 -7.987499999999998 -7.0825000000000014 12.502500000000003 13.502500000000003 27.506790500000005 41.417500000000004 0.52925099999999869 56.455000000000005 -27.877499999999987 -1.6650000000000007 32.410000000000004 30.605 35.417500000000011 9.6950000000000021 -2.0174999999999943 -16.747499999999995
decision_type=2 2 2 2 2 2 2 2 2 2 2 2 2 2 2 2 2 2 2 2 2 2 2 2 2 2 2 2 2 2
left_child=1 6 4 9 14 10 -1 -8 -9 -4 -5 12 13 -12 21 20 -17 18 -18 22 -16 -3 -19 24 25 -24 -26 -27 29 -28
right_child=-2 2 3 5 -6 -7 7 8 -10 -11 11 -13 -14 -15 15 16 17 19 -20 -21 -22 -23 23 -25 26 27 28 -29 -30 -31
leaf_value=0.00064822671114997269 -0.024008516160150373 -0.024857893278910654 -0.089501602084121931 0.017566189558557724 0.055839929756309303 -0.058153944415971638 0.071422200491651891 -0.041853540063161276 0.035964663256891072 -0.030922081503337501 0.036495816474780444 0.0062857572269173064 -0.046668793933481952 -0.025957458124806484 0.095359777337448159 -0.052815628362198677 0.014671066226927857 0.017812455524933705 0.086641940474510196 0.052838693017309361 0.021972859932363711 0.011397337141157739 -0.0070750619990611677 6.7457543919139073e-05 -0.066064102803148436 -0.0017923798505216839 0.046392059450348216 0.075611466487869622 -0.092563109868788171 -0.014676044515371054
leaf_weight=10480 66 175 22 95 28 28 40 29 24 74 36 146 88 60 22 24 38 134 21 22 22 58 414 2108 67 40 30 50 20 277
leaf_count=10480 66 175 22 95 28 28 40 29 24 74 36 146 88 60 22 24 38 134 21 22 22 58 414 2108 67 40 30 50 20 277
internal_value=-0.000193307 -8.61777e-05 -0.00257724 -0.0139336 -0.000821008 -0.00748842 0.000879571 0.0269493 -0.00661511 -0.0443466 -0.00415046 -0.0104022 -0.0236438 -0.00253748 -0.00127146 -0.000239894 -0.00103862 -0.000652827 0.0402878 -0.00141674 0.0586663 -0.015833 -0.00179688 -0.00267101 -0.0090994 0.00154723 -0.0227184 0.0412098 -0.0138372 -0.00870848
internal_weight=14738 14672 4099 549 3550 453 10573 93 53 96 425 330 184 96 3522 3289 3245 3221 59 3162 44 233 3140 3006 898 504 394 90 327 307
internal_count=14738 14672 4099 549 3550 453 10573 93 53 96 425 330 184 96 3522 3289 3245 3221 59 3162 44 233 3140 3006 898 504 394 90 327 307
is_linear=0
shrinkage=0.05


Tree=170
num_leaves=31
num_cat=0
split_feature=9 15 0 17 3 0 4 0 3 5 3 14 17 17 6 14 8 14 12 16 5 19 19 8 6 14 15 8 12 14
split_gain=14.6056 26.7387 15.1771 35.8041 26.6978 21.7331 34.8478 54.9104 50.1834 31.6909 36.3979 62.9841 30.5714 26.8993 21.5699 28.7316 26.06 38.6653 29.6292 27.1713 25.322 24.721 36.8 39.4781 36.5158 39.0363 23.594 23.3593 22.9611 21.0646
threshold=-1983069.3499999999 31.277500000000003 41.500000000000007 16.790000000000003 26.621429500000005 34.500000000000007 805762.65000000014 36.500000000000007 18.338379000000003 10.215000000000002 10.757034000000003 33.990000000000002 21.145000000000007 22.435000000000006 13.728470000000003 77.897500000000022 0.25506550000000067 48.652500000000011 15.505000000000001 38.045000000000009 16.505000000000006 1.5775000000000008 0.46750000000000119 0.57481400000000005 25.765472500000005 32.957500000000003 15.532500000000002 -0.42079199999999867 12.505000000000001 30.462500000000002
decision_type=2 2 2 2 2 2 2 2 2 2 2 2 2 2 2 2 2 2 2 2 2 2 2 2 2 2 2 2 2 2
left_child=1 -1 5 -4 -5 -2 9 8 -8 -7 11 12 -11 -14 27 16 18 19 26 21 -19 22 23 -18 25 -23 -16 -12 -21 -15
right_child=2 -3 3 4 -6 6 7 -9 -10 10 14 -13 13 29 15 -17 17 20 -20 28 -22 24 -24 -25 -26 -27 -28 -29 -30 -31
leaf_value=-0.058208579992254574 -8.0928836131709736e-05 0.0057060193270444875 -0.020761939018420356 -0.0036236340597654926 0.015806864448845975 0.021270780154553998 0.066962806244909356 0.10065405957231469 0.0001566492322072164 0.025885972736983662 -0.065550823039596987 0.092476803329415047 -0.054652418647534576 0.025197818140602776 0.053057205393200829 0.055154759188493101 0.047088328309548205 -0.031603083793619056 -0.020196799840778115 0.018043490938143805 0.020840196365315936 0.015740259666927159 -0.061239946007728578 -0.013038276506915362 -0.022692982548916784 0.092799071995196519 -0.0012138867374435196 -0.010481904666762446 0.060974541924638206 -0.032806364508966609
leaf_weight=30 10661 36 272 1369 203 223 37 22 117 132 21 26 26 45 21 24 39 82 248 80 32 42 25 91 27 27 432 232 51 24
leaf_count=30 10661 36 272 1369 203 223 37 22 117 132 21 26 26 45 21 24 39 82 248 80 32 42 25 91 27 27 432 232 51 24
internal_value=0.000122181 -0.0233461 0.000228046 -0.00401259 -0.00111448 0.000839583 0.00545556 0.0267633 0.0162075 0.0035324 0.00124193 0.0187626 0.0103195 -0.0113096 -0.00176535 0.000987914 -9.81382e-05 0.00867244 -0.00630386 0.0162987 -0.0168822 0.00666501 -0.00568411 0.0049997 0.0266037 0.0458937 0.00130199 -0.0150528 0.0347571 0.00502245
internal_weight=14697 66 14631 1844 1572 12787 2126 176 154 1950 1727 253 227 95 1474 1221 1197 496 701 382 114 251 155 130 96 69 453 253 131 69
internal_count=14697 66 14631 1844 1572 12787 2126 176 154 1950 1727 253 227 95 1474 1221 1197 496 701 382 114 251 155 130 96 69 453 253 131 69
is_linear=0
shrinkage=0.05


Tree=171
num_leaves=31
num_cat=0
split_feature=14 15 18 7 6 14 3 4 5 19 17 9 9 12 6 9 8 14 3 7 18 3 19 3 9 9 17 3 8 16
split_gain=13.8312 43.3549 29.6043 42.8991 31.2877 21.323 36.5114 88.8356 55.1454 46.467 35.0745 77.1492 42.4261 41.8882 38.5759 33.0662 33.7989 30.8098 27.5198 27.4023 26.1013 23.4512 23.418 21.3555 21.3511 37.1763 24.1356 20.7834 20.2761 22.3765
threshold=63.13000000000001 21.477500000000003 22.737500000000001 2666486.7000000007 16.119308000000004 48.892500000000005 14.043549000000002 13424.132500000002 11.575000000000001 1.4175000000000006 37.582500000000003 42813.400000000263 725589.43000000017 11.205000000000002 18.767715500000005 -51343.860000000008 1.0981749999999997 52.975000000000001 16.736938500000004 237846.74000000002 8.9875000000000025 18.338379000000003 -0.8550000000000012 15.615509000000001 -278443.60000000003 -629248.80999999982 30.545000000000002 17.774887000000003 -1.0131839999999996 57.615000000000009
decision_type=2 2 2 2 2 2 2 2 2 2 2 2 2 2 2 2 2 2 2 2 2 2 2 2 2 2 2 2 2 2
left_child=2 -2 5 4 -4 -1 7 9 10 -7 12 -12 13 14 15 16 -8 19 -19 27 21 -15 -14 -17 25 26 -16 -10 29 -26
right_child=1 -3 3 -5 -6 6 8 -9 17 -11 11 -13 22 20 24 23 -18 18 -20 -21 -22 -23 -24 -25 28 -27 -28 -29 -30 -31
leaf_value=0.00015164180026767886 0.062178906798362736 0.0038848554202272866 0.072865891023989646 -0.048314714218888971 0.017386631634918617 0.020839103529764775 -0.096846770751290029 -0.033112395417231787 -0.045309058956250002 0.089803270013494932 0.0046799949754307412 0.10831326707044529 -0.083407390490174302 0.02042631932774619 -0.042889682770085834 0.029810222345762527 -0.025783992882563989 0.021290728674074146 -0.024668628615025931 -0.013108478129530947 -0.014792010226202282 0.085513525933027273 -0.023697791028266343 -0.020029222005224816 -0.011895246725582434 0.057498876489244594 0.02664347950082559 -0.10925685136268537 0.0030329109752889032 -0.068920357935130599
leaf_weight=11930 33 953 31 21 141 94 27 65 27 33 124 21 24 31 24 26 44 38 228 27 22 25 52 124 123 41 26 24 298 20
leaf_count=11930 33 953 31 21 141 94 27 65 27 33 124 21 24 31 24 26 44 38 228 27 22 25 52 124 123 41 26 24 298 20
internal_value=0.000116072 0.00583587 -0.000295256 0.019149 0.0273858 -0.000572866 -0.0060158 0.0144275 -0.00882749 0.0387589 -0.0031448 0.019689 -0.00679518 -0.00352487 -0.00713785 -0.0246965 -0.0528079 -0.0262059 -0.018103 -0.0538389 0.0313542 0.0494831 -0.0425535 -0.0113904 0.000156235 0.0222069 -0.00673244 -0.0754021 -0.00439391 -0.0198708
internal_weight=14697 986 13711 193 172 13518 1588 192 1396 127 1052 145 907 831 753 221 71 344 266 78 78 56 76 150 532 91 50 51 441 143
internal_count=14697 986 13711 193 172 13518 1588 192 1396 127 1052 145 907 831 753 221 71 344 266 78 78 56 76 150 532 91 50 51 441 143
is_linear=0
shrinkage=0.05


Tree=172
num_leaves=31
num_cat=0
split_feature=0 5 18 5 14 13 2 3 14 17 14 0 0 1 4 17 9 1 12 8 8 9 19 19 14 17 5 8 9 0
split_gain=13.6997 33.418 35.0023 19.2773 21.6059 14.8467 14.1323 14.0425 14.9147 15.1745 14.0576 13.9904 36.0476 56.3671 43.8633 46.3639 34.3238 39.9061 48.9229 43.4715 36.3762 32.277 38.3321 29.6944 31.2261 29.3925 30.4269 29.8896 27.8809 31.5864
threshold=44.500000000000007 14.325000000000001 0.51499999999999713 7.3850000000000007 52.585000000000001 9.8150000000000031 1.0000000180025095e-35 23.702026500000006 35.417500000000011 21.357500000000005 31.535000000000004 25.500000000000004 22.500000000000004 4.5000000000000009 985597.62500000012 28.950000000000003 -198404.99999999997 3.5000000000000004 9.0650000000000031 -0.77918999999999972 -1.7660979999999993 -294864.9599999999 -1.0250000000000001 -0.47500000000000048 32.410000000000004 29.130000000000006 8.1150000000000002 2.1988217000000003 14275.1747 36.500000000000007
decision_type=2 2 2 2 2 2 2 2 2 2 2 2 2 2 2 2 2 2 2 2 2 2 2 2 2 2 2 2 2 2
left_child=11 3 -3 -2 5 7 -7 8 10 -10 -5 12 16 14 -14 23 17 18 21 -20 -19 -1 -23 24 -16 26 -22 -27 -13 -30
right_child=1 2 -4 4 -6 6 -8 -9 9 -11 -12 28 13 -15 15 -17 -18 20 19 -21 25 22 -24 -25 -26 27 -28 -29 29 -31
leaf_value=0.024349466060248147 -0.033453059505671262 -0.075189231570573833 0.0036762682100137077 -0.014578793867491186 0.019022269404036004 0.0032458740892573538 0.050171285849951563 0.0025378359536710514 -0.062402271136641513 -0.018805839951065453 0.010304974203851696 5.3710417747443292e-05 -0.052110752394059448 0.0093976513110979841 -0.022013567854758418 0.010379132442176343 -0.00071091245553607854 -0.042797402728428233 0.028418630160189962 -0.045504801698722119 0.029875648657902761 0.11852146031504328 0.033316589575825319 -0.010765238386055215 -0.066713655951898543 -0.046012276969850066 -0.027335861505105582 0.021606351170115747 0.0051433622079260352 0.025862367043093682
leaf_weight=209 50 34 24 175 111 68 21 219 25 99 84 4033 82 265 112 155 6417 47 37 43 117 22 33 257 60 44 29 26 1591 208
leaf_count=209 50 34 24 175 111 68 21 219 25 99 84 4033 82 265 112 155 6417 47 37 43 117 22 33 257 60 44 29 26 1591 208
internal_value=0.000110269 -0.00583164 -0.0425552 -0.00333167 -0.00145378 -0.00474299 0.0143182 -0.007561 -0.0133355 -0.0275954 -0.00650838 0.000502459 -0.000861304 -0.0101063 -0.0178668 -0.0130586 0.000364077 0.0117285 0.0229382 -0.0113152 -0.00293362 0.033318 0.0673985 -0.0215268 -0.0376066 0.00574044 0.0185117 -0.0208968 0.00236267 0.00753889
internal_weight=14697 910 58 852 802 691 89 602 383 124 259 13787 7955 931 666 584 7024 607 344 80 263 264 55 429 172 216 146 70 5832 1799
internal_count=14697 910 58 852 802 691 89 602 383 124 259 13787 7955 931 666 584 7024 607 344 80 263 264 55 429 172 216 146 70 5832 1799
is_linear=0
shrinkage=0.05


Tree=173
num_leaves=31
num_cat=0
split_feature=0 5 18 5 14 13 2 3 16 14 16 17 0 0 1 4 17 9 1 16 16 12 17 5 19 14 3 9 0 15
split_gain=12.364 30.1597 31.5896 17.3977 19.4993 13.3991 12.7544 12.6733 13.6656 13.4605 15.843 13.7973 12.6263 32.533 50.8713 39.5867 41.8434 30.9773 36.0153 98.8333 42.4242 34.8732 31.7169 45.778 26.7992 28.1815 25.3069 25.1625 28.5067 83.8242
threshold=44.500000000000007 14.325000000000001 0.51499999999999713 7.3850000000000007 52.585000000000001 9.8150000000000031 1.0000000180025095e-35 23.702026500000006 35.620000000000012 35.417500000000011 24.537500000000005 19.342500000000005 25.500000000000004 22.500000000000004 4.5000000000000009 985597.62500000012 28.950000000000003 -198404.99999999997 3.5000000000000004 59.625000000000007 56.455000000000005 12.605000000000002 30.665000000000003 8.1150000000000002 -0.47500000000000048 32.410000000000004 17.519440000000003 14275.1747 36.500000000000007 21.477500000000003
decision_type=2 2 2 2 2 2 2 2 2 2 2 2 2 2 2 2 2 2 2 2 2 2 2 2 2 2 2 2 2 2
left_child=12 3 -3 -2 5 7 -7 9 -9 10 -5 -11 13 17 15 -15 24 18 19 20 21 -1 23 26 25 -17 -20 -14 -29 -30
right_child=1 2 -4 4 -6 6 -8 8 -10 11 -12 -13 27 14 -16 16 -18 -19 22 -21 -22 -23 -24 -25 -26 -27 -28 28 29 -31
leaf_value=0.024687369715932311 -0.031780406985431907 -0.071429769798894135 0.0034924570471048357 -0.027116935265097605 0.018071156308245805 0.0030835801650776857 0.04766272173617922 -0.0054379410526394891 0.022286347752801264 -0.064248467846773558 0.0011221203072030526 -0.018901671502792924 5.1024947121910039e-05 -0.04950521581965249 0.0089277687670557566 -0.020912889841877457 0.0098601755986530946 -0.00067536683919705424 0.070473734072099128 0.11551927717832418 -0.056366732399910691 -0.031338398909616857 -0.028357169622308522 -0.033413125067315204 -0.010226976028045618 -0.063377974955365055 0.013758966773791121 0.004886194091801117 0.076863124524243182 0.0053030844884281248
leaf_weight=267 50 34 24 67 111 68 21 157 62 20 192 104 4033 82 265 112 155 6417 24 26 20 31 83 47 257 60 109 1591 56 152
leaf_count=267 50 34 24 67 111 68 21 157 62 20 192 104 4033 82 265 112 155 6417 24 26 20 31 83 47 257 60 109 1591 56 152
internal_value=0.000104755 -0.00554005 -0.0404275 -0.00316509 -0.00138109 -0.00450584 0.0136023 -0.00718295 0.00241094 -0.0126687 -0.00618296 -0.0262157 0.000477336 -0.000818238 -0.00960096 -0.0169735 -0.0124057 0.000345873 0.0111421 0.0217913 0.014128 0.0188592 -0.00278694 0.00900378 -0.0204505 -0.0357263 0.0239932 0.00224453 0.00716194 0.0245692
internal_weight=14697 910 58 852 802 691 89 602 219 383 259 124 13787 7955 931 666 584 7024 607 344 318 298 263 180 429 172 133 5832 1799 208
internal_count=14697 910 58 852 802 691 89 602 219 383 259 124 13787 7955 931 666 584 7024 607 344 318 298 263 180 429 172 133 5832 1799 208
is_linear=0
shrinkage=0.05


Tree=174
num_leaves=31
num_cat=0
split_feature=17 17 14 8 0 12 12 9 8 6 0 19 18 1 0 16 0 16 4 8 1 4 13 17 15 19 16 14 19 6
split_gain=12.0748 45.3423 20.9849 33.6372 32.0878 36.4563 31.6295 30.0524 34.0303 61.7377 31.3615 29.183 49.6087 44.7693 29.1574 24.0451 32.1988 93.9892 29.3454 22.8631 26.2641 21.2962 19.7673 19.5575 19.403 19.3712 17.9756 15.9747 15.9379 29.165
threshold=34.352500000000013 34.155000000000008 39.357500000000009 1.2870179999999991 25.500000000000004 13.605000000000002 10.815000000000003 -1108441.8699999999 1.2579650000000002 23.275085500000007 30.500000000000004 -8.4024999999999999 7.9724999999999957 1.0000000180025095e-35 41.500000000000007 34.862500000000011 21.500000000000004 40.43 69899.902500000011 2.4229430000000014 1.5000000000000002 1142999.8000000003 7.8650000000000011 37.045000000000009 31.877500000000001 -11.995000000000003 41.120000000000012 43.850000000000001 -0.10250000000000091 17.603638000000004
decision_type=2 2 2 2 2 2 2 2 2 2 2 2 2 2 2 2 2 2 2 2 2 2 2 2 2 2 2 2 2 2
left_child=1 -1 7 4 5 6 23 -2 9 10 15 -6 28 -14 19 18 -17 -18 -9 26 -21 -10 25 24 -4 -12 -5 -25 29 -13
right_child=2 -3 3 14 11 -7 -8 8 21 -11 22 12 13 -15 -16 16 17 -19 -20 20 -22 -23 -24 27 -26 -27 -28 -29 -30 -31
leaf_value=0.00049809170486785211 -0.064997437536716468 0.055928968487156408 -0.057675798711083505 0.0058128464687615643 -0.020061560649605049 -0.080497802793979653 0.026878676816704684 0.01496505244076252 -0.020510672728243449 0.080093417960134417 -0.0060453695033422933 0.041547369439991155 0.10495764247395777 0.02318771401578228 -0.020369685280861128 -0.0017972329063784508 0.093988752521966645 -0.026739821514846492 -0.060904711502819113 0.045624704246098796 -0.0057708223662660298 -0.069898783759428915 -0.0089245255029037889 -0.036061767527703632 -0.018312266504639112 -0.06396182719618082 0.037559334405789707 -0.0028479615782538033 -0.011325051429976286 -0.016397074242241873
leaf_weight=12717 25 37 46 65 93 20 48 25 136 22 22 49 22 70 63 105 38 28 26 30 145 26 107 43 98 42 142 229 139 39
leaf_count=12717 25 37 46 65 93 20 48 25 136 22 22 49 22 70 63 105 38 28 26 30 145 26 107 43 98 42 142 229 139 39
internal_value=9.95174e-05 0.000658899 -0.00357231 -9.07751e-05 -0.00567151 -0.0144015 -0.0115525 -0.0113277 -0.00900231 -0.00141569 -0.00597854 0.00458407 0.0117692 0.0427414 0.0111459 0.0064178 0.0154044 0.0427706 -0.0237137 0.0163435 0.00303984 -0.0284372 -0.022072 -0.0159868 -0.0308867 -0.044053 0.0275906 -0.00809867 -0.000783467 0.0158674
internal_weight=14697 12754 1943 1341 896 484 464 602 577 415 393 412 319 92 445 222 171 66 51 382 175 162 171 416 144 64 207 272 227 88
internal_count=14697 12754 1943 1341 896 484 464 602 577 415 393 412 319 92 445 222 171 66 51 382 175 162 171 416 144 64 207 272 227 88
is_linear=0
shrinkage=0.05


Tree=175
num_leaves=31
num_cat=0
split_feature=0 5 7 6 9 5 9 0 17 14 17 19 17 18 17 18 12 3 12 9 14 17 19 15 18 7 12 3 3 19
split_gain=14.0613 18.5112 14.9917 48.4468 60.693 43.0676 29.5421 22.102 40.1634 41.6113 31.3316 32.3492 33.3649 26.3557 22.93 27.4583 22.0882 21.7804 52.8458 22.0658 20.8728 25.6193 27.5937 27.172 20.3889 28.3381 19.3981 80.3735 33.9707 24.716
threshold=46.500000000000007 7.1650000000000009 2056079.1500000001 29.442657500000003 -24763.504999999994 11.095000000000001 -764901.52500000002 26.500000000000004 24.632500000000004 24.290000000000003 22.472500000000004 -1.7324999999999988 20.982500000000005 18.200000000000003 15.172500000000001 -1.0824999999999994 5.8450000000000015 30.510818500000003 9.1350000000000033 102860.65000000004 25.510000000000002 21.962500000000002 0.23500000000000035 18.035000000000004 0.51499999999999713 1455188.1000000003 19.995000000000001 27.808548000000005 28.110031500000002 -0.73249999999999893
decision_type=2 2 2 2 2 2 2 2 2 2 2 2 2 2 2 2 2 2 2 2 2 2 2 2 2 2 2 2 2 2
left_child=2 -2 3 26 24 7 -7 8 9 14 11 -9 17 20 -4 -16 -14 18 19 -13 -11 22 23 -22 25 -5 28 -28 -1 -29
right_child=1 -3 5 4 -6 6 -8 10 -10 13 -12 12 16 -15 15 -17 -18 -19 -20 -21 21 -23 -24 -25 -26 -27 27 29 -30 -31
leaf_value=0.00033589542193619405 -0.048009096210201579 -0.0064610417445360255 -0.019163496685623033 0.066039826239769658 0.07230296341596909 0.01060558977270765 -0.048610724999624141 0.076821213328967922 0.0041523750650981411 -0.061878499442504509 -0.0028520267510830132 5.2176000529222875e-05 0.018164868865694319 0.027475340859521004 0.0057083303183317188 0.073838782807191222 0.091585434228181842 0.043681628795133702 -0.058888839776901639 0.057873465412889014 -0.033174588072334275 -0.0018618824458382912 -0.020425623004848605 -0.097440055115469576 -0.020535350635292986 -0.008631367043212608 0.0048893171837615891 -0.019495323770679536 0.01334360480351411 -0.088165161773366363
leaf_weight=11917 30 252 47 24 53 28 85 23 411 45 407 66 21 21 50 21 20 27 34 22 38 82 112 29 42 27 149 20 524 38
leaf_count=11917 30 252 47 24 53 28 85 23 411 45 407 66 21 21 50 21 20 27 34 22 38 82 112 29 42 27 149 20 524 38
internal_value=0.000176074 -0.010881 0.000392865 0.000961757 0.0295992 -0.00418763 -0.0339377 -0.00191002 -0.00711719 -0.0175257 0.00527924 0.0208164 0.0140369 -0.0267104 0.00792667 0.0258596 0.0539798 0.00304593 -0.00594722 0.0145075 -0.030429 -0.0250067 -0.0356093 -0.060991 0.00526263 0.026508 0.000631186 -0.0145492 0.000883765 -0.0644859
internal_weight=14665 282 14383 12794 146 1589 113 1476 856 445 620 213 190 327 118 71 41 149 122 88 306 261 179 67 93 51 12648 207 12441 58
internal_count=14665 282 14383 12794 146 1589 113 1476 856 445 620 213 190 327 118 71 41 149 122 88 306 261 179 67 93 51 12648 207 12441 58
is_linear=0
shrinkage=0.05


Tree=176
num_leaves=31
num_cat=0
split_feature=16 16 17 14 14 7 5 1 14 6 16 17 6 12 6 16 4 15 6 6 4 0 17 7 8 18 8 6 14 4
split_gain=16.0228 21.6089 50.5762 41.8055 79.0941 47.0728 34.1645 45.615 33.0177 42.9832 96.591 42.086 39.5936 33.2663 32.2117 29.377 38.7081 26.692 26.0133 29.0956 40.3026 31.2558 34.8689 29.394 23.3383 21.2611 21.1462 21.1127 19.7102 40.4109
threshold=32.177500000000002 24.900000000000002 24.417500000000008 24.445000000000004 23.332500000000007 1664002.0500000003 7.0550000000000006 2.5000000000000004 28.407500000000002 9.8076477500000028 30.605 19.720000000000002 28.892029000000004 18.685000000000006 27.101745500000003 27.065000000000001 1366851.1500000001 13.050000000000002 26.424957500000005 13.557983500000002 1291319.7000000002 22.500000000000004 14.480000000000002 900181.68000000017 0.91444450000000022 2.2724999999999995 2.3784641999999998 10.790420500000002 26.917500000000004 1226607.5500000003
decision_type=2 2 2 2 2 2 2 2 2 2 2 2 2 2 2 2 2 2 2 2 2 2 2 2 2 2 2 2 2 2
left_child=1 2 3 4 -1 -6 -4 -8 13 10 26 -11 14 17 15 16 24 -3 19 20 21 22 -5 -21 -13 28 -10 -22 -19 -30
right_child=-2 8 6 18 5 -7 7 -9 9 11 -12 12 -14 -15 -16 -17 -18 25 -20 23 27 -23 -24 -25 -26 -27 -28 -29 29 -31
leaf_value=0.0011739504536560578 0.0016414712876733385 0.014237911675323164 -0.017582944946895756 0.04665701713982142 0.023094194450952066 0.085075792278114126 -0.0022009634758744924 0.067544106073336496 0.020478314350749184 0.0082228766765970636 0.092394710279768338 -0.048175121191306972 0.057242489654732789 -0.060615438007516786 -0.031001125017678377 -0.0024367633448730587 0.025538516246846745 -0.011316593411031105 0.0030546026957798439 -0.017790647507218055 0.063149476616547032 -0.027659725088175314 -0.0075115202104344084 -0.060939605671750469 -0.012539741526741317 -0.028865902172479682 -0.010750883788107849 0.007680783592097994 -0.0050431953516343365 0.060118667942782249
leaf_weight=1384 8167 113 28 36 158 38 35 71 117 587 38 100 23 32 147 967 35 977 410 278 29 157 170 46 85 149 101 42 115 30
leaf_count=1384 8167 113 28 36 158 38 35 71 117 587 38 100 23 32 147 967 35 977 410 278 29 157 170 46 85 149 101 42 115 30
internal_value=0.00016727 -0.00168558 0.00154413 8.14849e-05 0.00538387 0.035111 0.0315394 0.0445151 -0.0042597 -0.000426604 0.0188325 -0.00296278 -0.00780139 -0.0102151 -0.00892283 -0.00618862 -0.0226797 -0.00904975 -0.00709126 -0.0125791 -0.0041151 -0.0108537 0.00195483 -0.0239167 -0.0318021 -0.0111202 0.00600974 0.030337 -0.00876356 0.00843857
internal_weight=14665 6498 2882 2748 1580 196 134 106 3616 2200 256 1944 1357 1416 1334 1187 220 1384 1168 758 434 363 206 324 185 1271 218 71 1122 145
internal_count=14665 6498 2882 2748 1580 196 134 106 3616 2200 256 1944 1357 1416 1334 1187 220 1384 1168 758 434 363 206 324 185 1271 218 71 1122 145
is_linear=0
shrinkage=0.05


Tree=177
num_leaves=31
num_cat=0
split_feature=7 6 9 4 18 17 6 3 19 19 19 18 0 17 8 8 6 19 8 7 19 19 7 3 1 14 7 14 15 15
split_gain=12.8498 44.0334 53.6673 22.6824 27.588 19.9148 21.2612 32.619 25.5462 22.0428 67.8104 43.8025 45.6269 40.962 25.818 23.5717 36.5988 28.6257 19.7968 28.3368 18.6787 25.0655 21.142 18.6238 43.4684 21.9833 18.0812 31.7059 30.5785 23.9066
threshold=2056079.1500000001 29.442657500000003 -24763.504999999994 1165352.2000000002 0.51499999999999713 13.255000000000001 9.570327500000003 11.124771000000001 5.4325000000000019 -1.4275 -0.44999999999999923 1.3824999999999934 27.500000000000004 18.812500000000004 0.4614720000000006 0.401520500000002 15.945907500000002 -11.995000000000003 -0.25778199999999879 2666486.7000000007 0.115000000000002 0.36249999999999899 2375643.0000000005 30.318222000000002 3.5000000000000004 28.607500000000005 1767200.0000000002 23.097500000000004 21.675000000000004 17.672500000000003
decision_type=2 2 2 2 2 2 2 2 2 2 2 2 2 2 2 2 2 2 2 2 2 2 2 2 2 2 2 2 2 2
left_child=1 26 3 4 -3 -2 -7 -8 9 13 11 12 -11 -9 20 16 -15 -18 19 -19 -12 -22 -23 25 -25 -24 -1 28 -28 -29
right_child=5 2 -4 -5 -6 6 7 8 -10 10 14 -13 -14 15 -16 -17 17 18 -20 -21 21 22 23 24 -26 -27 27 29 -30 -31
leaf_value=-1.8500946591932624e-05 -0.029969126395356489 0.060739103385380334 0.068136261690864869 -0.022713389574754529 -0.012315484695136547 0.034561056392015642 -0.065683643377962564 0.058388421275594737 0.017228166039775474 -0.043402981193376829 -0.024546711204573513 -0.088594417802191211 0.025127652908364936 -0.060654176052970188 -0.015550518270985414 0.017007971532059029 0.053648963499636881 0.02531022008218203 -0.030260073093336021 -0.016116157409391905 0.057412028793866435 -0.011751117083986174 0.035353166000077534 0.094510050117969521 -0.0072229811040285452 -0.0026792156328790942 -0.032826422965283403 0.049730641341043845 0.032342717905218407 0.01121591093314981
leaf_weight=12404 71 28 53 41 24 37 21 32 142 92 50 35 33 30 262 134 21 73 67 95 24 128 51 21 21 149 72 45 24 385
leaf_count=12404 71 28 53 41 24 37 21 32 142 92 50 35 33 30 262 134 21 73 67 95 24 128 51 21 21 149 72 45 24 385
internal_value=0.000158906 0.00067485 0.0279801 0.00509542 0.0270216 -0.00408683 -0.00287626 -0.00381156 -0.00292162 -0.00509254 -0.00976404 -0.0391542 -0.0253109 0.00385771 -0.00310338 -0.000297006 -0.00840493 -0.00228197 -0.00728006 0.00188459 0.00424155 0.00789488 0.00468296 0.0133754 0.0436435 0.00701904 0.000366531 0.00944625 -0.0165341 0.0152465
internal_weight=14665 13076 146 93 52 1589 1518 1481 1460 1318 866 160 125 452 706 420 286 256 235 168 444 394 370 242 42 200 12930 526 96 430
internal_count=14665 13076 146 93 52 1589 1518 1481 1460 1318 866 160 125 452 706 420 286 256 235 168 444 394 370 242 42 200 12930 526 96 430
is_linear=0
shrinkage=0.05


Tree=178
num_leaves=31
num_cat=0
split_feature=16 13 16 12 5 3 5 3 7 13 19 4 17 19 3 16 14 18 6 3 19 17 6 17 5 12 14 1 3 1
split_gain=14.6057 21.4865 24.1167 26.0992 43.9814 46.6775 19.5122 38.0134 40.4908 34.7617 28.3374 35.4557 42.0826 27.8401 42.4279 35.1872 31.3323 27.7222 27.295 27.7684 30.5822 26.8237 87.9899 37.2749 25.9353 25.8397 24.0885 24.3619 24.1703 22.3073
threshold=32.177500000000002 15.175000000000002 21.140000000000004 20.005000000000006 20.435000000000006 27.568130500000006 7.5650000000000004 27.301452500000003 2167662.0000000005 8.2350000000000012 -0.73249999999999893 1060887.5000000002 17.287500000000005 -2.4250000000000003 6.7229768000000005 32.145000000000003 33.990000000000002 9.5850000000000009 12.737274000000001 19.753769000000002 1.2249999999999999 30.170000000000005 9.2041777500000013 29.810000000000002 11.095000000000001 5.5150000000000015 32.035000000000011 1.5000000000000002 9.0558625000000017 1.5000000000000002
decision_type=2 2 2 2 2 2 2 2 2 2 2 2 2 2 2 2 2 2 2 2 2 2 2 2 2 2 2 2 2 2
left_child=1 2 -1 6 5 -5 9 13 10 18 11 -9 -13 14 -8 21 26 -18 -4 25 29 23 -23 -15 -10 -20 27 28 -16 -21
right_child=-2 -3 3 4 -6 -7 7 8 24 -11 -12 12 -14 15 16 -17 17 -19 19 20 -22 22 -24 -25 -26 -27 -28 -29 -30 -31
leaf_value=0.0062490587919382806 0.0015584609489495663 -0.032737089615653865 0.013604008312552021 -0.014196294319117442 0.015699618513296758 -0.10346368909985931 0.029241317585899287 0.013305551098892466 0.00028277386472314254 -0.06845460565333876 0.0063945213067522159 0.1176575508993119 0.035672668846220605 -0.00041132177524021087 -0.032049163298548337 -0.064992954794849664 0.036243506293862547 -0.0078170140190226105 -0.046718186121638666 -0.0045000647583669688 0.015625236405784646 0.1042930227202865 0.0026038064043292317 -0.048425874704631361 -0.047952984577817159 -0.010702266972512007 -0.039809712154965385 -0.028189929766192806 0.0010511848855262191 -0.032166082827991459
leaf_weight=898 8167 55 130 32 35 27 62 136 87 24 316 20 72 2864 70 21 51 119 91 249 132 26 117 41 41 110 112 197 260 103
leaf_count=898 8167 55 130 32 35 27 62 136 87 24 316 20 72 2864 70 21 51 119 91 249 132 26 117 41 41 110 112 197 260 103
internal_value=0.000150961 -0.00161805 -0.00135241 -0.00258345 -0.0287055 -0.0550475 -0.00213299 -0.000857073 0.0101344 -0.0091467 0.0160879 0.0295225 0.0534955 -0.00273177 -0.0106212 -0.000492693 -0.0136762 0.00540114 -0.00740021 -0.0113864 -0.00489895 -4.83013e-05 0.0210928 -0.00108898 -0.0151677 -0.027008 -0.0187515 -0.0142762 -0.0059701 -0.0125955
internal_weight=14665 6498 6443 5545 94 59 5451 4612 672 839 544 228 92 3940 871 3069 809 170 815 685 484 3048 143 2905 128 201 639 527 330 352
internal_count=14665 6498 6443 5545 94 59 5451 4612 672 839 544 228 92 3940 871 3069 809 170 815 685 484 3048 143 2905 128 201 639 527 330 352
is_linear=0
shrinkage=0.05


Tree=179
num_leaves=31
num_cat=0
split_feature=16 13 16 12 8 12 19 16 0 16 8 8 7 16 13 16 16 19 19 3 14 3 3 7 19 19 18 18 4 9
split_gain=13.1816 19.3916 21.7653 23.5545 39.8897 22.8809 35.8926 19.1131 23.6891 35.3173 34.7045 20.0864 19.4222 26.402 18.563 53.7615 57.5997 29.7912 73.7389 42.1398 27.6583 24.9009 23.1338 50.1084 24.9941 40.1159 27.7781 37.8201 44.1215 27.7671
threshold=32.177500000000002 15.175000000000002 21.140000000000004 20.005000000000006 0.6847235000000006 20.815000000000001 -1.2425000000000004 17.290000000000003 33.500000000000007 20.387500000000006 2.8784180000000004 0.22277900000000098 2202021.5000000005 20.372500000000006 7.9150000000000009 30.962500000000002 30.605 5.0400000000000018 3.0400000000000014 14.376663000000002 33.925000000000004 13.636444000000003 27.301452500000003 2509136.3500000006 4.8950000000000005 3.0400000000000014 1.7850000000000039 1.3824999999999934 668482.12500000012 570035.79000000015
decision_type=2 2 2 2 2 2 2 2 2 2 2 2 2 2 2 2 2 2 2 2 2 2 2 2 2 2 2 2 2 2
left_child=1 2 7 14 5 -5 -7 -1 10 11 12 -10 13 -9 22 16 17 18 -16 21 -18 -20 24 -24 25 26 27 -4 -29 -28
right_child=-2 -3 3 4 -6 6 -8 8 9 -11 -12 -13 -14 -15 15 -17 20 -19 19 -21 -22 -23 23 -25 -26 -27 29 28 -30 -31
leaf_value=-0.0087857756553228299 0.0014805378047967777 -0.031100235218711365 -0.0035927369287545954 -0.051092640293592763 -0.084497329463129461 -0.035211180280084201 0.050535965782070827 0.0032333990431416939 0.032630731052461462 0.083975941247560762 0.042305889019285732 -0.0011216372259926185 0.041620904084993526 -0.027360471296229996 0.011462430325930551 -0.027649904009806714 0.090220623367155597 0.014130989231368643 -0.026338272076805658 -0.084231931602196969 0.015404059462958858 0.033530038590542974 0.010636825089066918 -0.020874564667362011 -0.02081748586884509 0.01272418448981478 -0.012841521179198401 0.0062466556549464411 0.07623488393437583 0.023773965805217071
leaf_weight=177 8167 55 1590 22 23 23 26 355 94 22 53 83 26 88 298 121 30 446 132 29 21 20 626 158 239 321 1258 76 32 54
leaf_count=177 8167 55 1590 22 23 23 26 355 94 22 53 83 26 88 298 121 30 446 132 29 21 20 626 158 239 321 1258 76 32 54
internal_value=0.000143413 -0.00153715 -0.00128479 -0.00245428 -0.0272702 -0.00873183 0.0102873 0.00593661 0.00955084 0.0242295 0.00395496 0.0168033 -0.000378937 -0.00284394 -0.00202634 0.00378661 0.00768397 0.00483184 -0.00382667 -0.0289988 0.0594138 -0.0184609 -0.00349092 0.00428632 -0.00519886 -0.00407822 -0.00587011 -0.00164793 0.0269839 -0.0113345
internal_weight=14665 6498 6443 5545 94 71 49 898 721 199 522 177 469 443 5451 1097 976 925 479 181 51 152 4354 784 3570 3331 3010 1698 108 1312
internal_count=14665 6498 6443 5545 94 71 49 898 721 199 522 177 469 443 5451 1097 976 925 479 181 51 152 4354 784 3570 3331 3010 1698 108 1312
is_linear=0
shrinkage=0.05


Tree=180
num_leaves=31
num_cat=0
split_feature=5 7 17 18 18 18 5 3 4 16 15 18 14 18 18 18 19 3 14 15 1 16 4 4 14 3 18 0 16 15
split_gain=16.7156 49.1465 34.0311 36.2012 32.2036 26.2422 50.73 25.426 30.9555 30.3835 33.3604 32.2186 27.7403 67.4169 41.4809 60.1001 78.7254 45.086 44.782 41.1393 60.0142 39.4893 31.7897 31.6767 39.3734 46.8206 26.0133 32.1311 30.4704 25.8335
threshold=11.675000000000002 1455188.1000000003 13.255000000000001 -18.642499999999995 -33.717499999999994 -35.264999999999993 6.995000000000001 29.829971000000004 2466279.1500000004 30.407500000000002 19.005000000000006 -3.4449999999999981 48.892500000000005 1.6174999999999982 -5.7274999999999947 -3.6599999999999997 -0.71250000000000024 16.338577500000003 38.045000000000009 21.442500000000006 1.5000000000000002 42.995000000000012 257092.75500000003 1416536.6500000001 54.090000000000011 17.774887000000003 1.5224999999999993 41.500000000000007 24.745000000000001 42.337500000000006
decision_type=2 2 2 2 2 2 2 2 2 2 2 2 2 2 2 2 2 2 2 2 2 2 2 2 2 2 2 2 2 2
left_child=4 7 -3 -4 5 -1 -7 8 9 26 11 -11 13 14 21 -16 18 -18 -17 -15 -21 -12 -23 24 25 -14 27 28 -2 -22
right_child=1 2 3 -5 -6 6 -8 -9 -10 10 12 -13 23 19 15 16 17 -19 -20 20 29 22 -24 -25 -26 -27 -28 -29 -30 -31
leaf_value=-0.004919911289794578 0.015001824768194486 -0.078991482770536095 -0.070204937021280153 -0.010708835055723925 0.0012844158402467941 -0.10438484859963258 -0.0082201491444720883 0.041708553341381689 -0.058328508510021498 -0.005950544724591833 0.038905408183003171 0.036155933284732912 -0.008790315119116458 -0.0065409979788005673 -0.054199771852408707 -0.004758108224047989 -0.049545946171025888 -0.0067998102843688027 0.053655554999558021 0.078158615364892672 0.027297583701287584 0.011490920678927348 -0.018562714957817691 0.028658764145143751 -0.0064290455658442998 -0.085508550562568619 -0.012804871020698015 -0.022406561915127059 -0.008920872273473917 -0.020503290130220581
leaf_weight=81 337 25 29 216 10472 24 32 34 24 69 85 133 43 93 74 61 89 201 71 56 197 260 133 53 488 37 823 126 220 33
leaf_count=81 337 25 29 216 10472 24 32 34 24 69 85 133 43 93 74 61 89 201 71 56 197 260 133 53 488 37 823 126 220 33
internal_value=-7.01303e-05 -0.00282016 -0.0234216 -0.0177512 0.000969329 -0.0231153 -0.0494336 -0.00133289 -0.00172776 -0.00135883 0.00241976 0.021773 0.000439336 0.00445492 -0.00250727 -0.0126368 -0.00534846 -0.0199185 0.0266614 0.0223472 0.0317409 0.00800368 0.0013201 -0.0083096 -0.0117591 -0.0442725 -0.00681847 0.000395016 0.005553 0.0204392
internal_weight=14619 4010 270 245 10609 137 56 3740 3706 3682 2176 202 1974 1353 974 496 422 290 132 379 286 478 393 621 568 80 1506 683 557 230
internal_count=14619 4010 270 245 10609 137 56 3740 3706 3682 2176 202 1974 1353 974 496 422 290 132 379 286 478 393 621 568 80 1506 683 557 230
is_linear=0
shrinkage=0.05


Tree=181
num_leaves=31
num_cat=0
split_feature=12 0 9 9 18 5 5 19 15 7 9 17 17 18 9 18 18 18 19 15 9 17 14 15 6 5 9 9 9 14
split_gain=15.4367 28.3388 29.1548 37.1875 33.243 28.8167 33.243 30.8215 29.4484 32.2579 52.7911 27.6578 39.6019 38.372 30.7861 26.7132 26.25 35.2882 25.5399 25.5394 23.7675 23.4962 23.1523 26.9919 22.6401 22.4901 25.6026 22.4856 53.8111 70.9152
threshold=13.185 45.500000000000007 -307260.79999999999 -267475.02500000002 -15.849999999999996 10.475000000000003 8.1950000000000021 -2.5475000000000008 15.775 1018318.0000000001 -39341.969999999921 21.477500000000003 27.045000000000005 10.710000000000003 354431.70000000024 8.9875000000000025 -2.3124999999999996 -0.21500000000000338 0.93249999999999844 13.887500000000001 339223.04999999999 14.4275 56.967500000000008 24.9025 27.341385000000006 16.965000000000003 146101.40000000005 632527.95000000007 36339.055000000088 38.807500000000012
decision_type=2 2 2 2 2 2 2 2 2 2 2 2 2 2 2 2 2 2 2 2 2 2 2 2 2 2 2 2 2 2
left_child=-1 2 -2 -4 -5 6 -6 20 9 10 -9 16 15 14 -14 25 -10 18 -18 -12 -7 24 23 -8 -21 26 -13 28 -19 -30
right_child=1 -3 3 4 5 7 22 8 11 -11 19 12 13 -15 -16 -17 17 27 -20 21 -22 -23 -24 -25 -26 -27 -28 -29 29 -31
leaf_value=0.00059882360921752794 -0.02510701880895231 -0.046819865110477338 0.064543205854438609 0.056112595694139601 -0.0096875902147586929 -0.020292799353295345 0.039860271999080266 0.049515923868645645 0.039468989767791597 -0.053899335865255284 0.0066427882820633902 -0.032663144579985079 0.027689630879605239 -0.036599349193274976 -0.022762671887482468 0.017257842751485963 0.0021560785645591235 0.0075923190688794986 -0.045626583848691858 0.020144131971579611 0.02821951177385118 -0.05030778143358168 0.079432633966207505 -0.011226336835179387 -0.040410730088579247 -0.067082486334530747 0.020989467975284375 -0.035895758494734767 0.022119800728268742 0.13696097910404206
leaf_weight=12519 142 38 21 24 89 389 70 34 68 46 70 108 148 40 38 35 67 260 48 33 27 71 20 41 29 34 28 21 41 20
leaf_count=12519 142 38 21 24 89 389 70 34 68 46 70 108 148 40 38 35 67 260 48 33 27 71 20 41 29 34 28 21 41 20
internal_value=-6.66238e-05 -0.00403364 -0.00324515 -0.00162828 -0.00236003 -0.00310848 0.0138927 -0.00536846 -0.00141471 -0.0155825 -0.00814545 0.0027793 -0.00660693 0.00782792 0.0173822 -0.0225205 0.0104849 0.00617222 -0.017788 -0.017803 -0.0171442 -0.0306692 0.0299129 0.0209904 -0.00817992 -0.0307101 -0.021617 0.014229 0.0175082 0.0597726
internal_weight=14619 2100 2062 1920 1899 1875 220 1655 1239 283 237 956 431 226 186 205 525 457 115 203 416 133 131 111 62 170 136 342 321 61
internal_count=14619 2100 2062 1920 1899 1875 220 1655 1239 283 237 956 431 226 186 205 525 457 115 203 416 133 131 111 62 170 136 342 321 61
is_linear=0
shrinkage=0.05


Tree=182
num_leaves=31
num_cat=0
split_feature=5 7 17 18 18 13 5 19 1 18 5 4 4 18 16 16 9 16 19 8 18 19 19 5 16 4 7 5 19 7
split_gain=14.0915 42.4473 29.6707 33.8037 29.255 30.3974 38.7907 24.955 31.9636 55.0715 60.3744 28.8718 51.699 56.3243 49.5773 115.62 46.7424 42.3738 39.2014 56.1111 35.2196 34.5467 33.6497 39.8907 46.1113 30.2916 53.8386 42.0308 30.1262 28.8872
threshold=11.675000000000002 1455188.1000000003 13.255000000000001 -11.452499999999997 -29.642499999999995 5.9900000000000011 7.535000000000001 1.0000000180025095e-35 2.5000000000000004 3.7324999999999986 7.2650000000000006 886104.83000000019 234.84298000000004 -6.5524999999999993 38.265000000000008 37.437500000000007 -459205.01999999996 67.225000000000009 -10.7875 -1.177414 7.9724999999999957 -0.56500000000000117 -9.3674999999999962 7.6050000000000013 32.090000000000011 1848612.0000000002 976178.50000000012 7.455000000000001 -3.6275000000000008 1249464.6000000003
decision_type=2 2 2 2 2 2 2 2 2 2 2 2 2 2 2 2 2 2 2 2 2 2 2 2 2 2 2 2 2 2
left_child=4 -2 -3 -4 5 -1 -7 8 11 -10 -11 12 -6 -14 15 18 -16 20 29 22 -15 28 -20 -24 -25 26 -18 -28 -21 -13
right_child=1 2 3 -5 7 6 -8 -9 9 10 -12 14 13 17 16 -17 25 -19 19 21 -22 -23 23 24 -26 -27 27 -29 -30 -31
leaf_value=0.011146910042620042 -0.0012060567033550277 -0.073622006088495257 -0.060474705947814768 -0.0086063494507330838 -0.00066795901601071378 -0.093215626068413271 -0.019085041974360745 0.0035539963078039939 -0.00341763951561139 -0.088729116177136025 -0.018763267522476413 -0.0066344249220232345 -0.016021301247115826 0.026791298387882148 0.022450892246784052 0.11686875768493683 -0.00814857698045671 0.086997402366250753 -0.091513206865638505 -0.0053624210806702379 -0.0009199874062802868 -0.038901899981757873 -0.00096780362549007579 -0.0076467380566256392 -0.085783341781395239 -0.01699664048421726 -0.11374471833308537 -0.026006796122306872 0.021834185969782996 0.039202702577027043
leaf_weight=71 3740 25 37 208 1467 20 150 5602 1261 37 185 56 117 418 47 21 40 24 20 228 158 46 93 35 41 139 39 21 184 89
leaf_count=71 3740 25 37 208 1467 20 150 5602 1261 37 185 56 117 418 47 21 40 24 20 228 158 46 93 35 41 139 39 21 184 89
internal_value=-6.32926e-05 -0.00258825 -0.0217342 -0.0164395 0.000891094 -0.0163304 -0.0278063 0.0012914 -0.00136807 -0.00746044 -0.0304242 0.00138397 0.00471014 0.0157139 -0.00522599 0.0010727 -0.023131 0.0219022 -0.00199765 -0.00726376 0.0191899 0.00219513 -0.0301853 -0.0229276 -0.0497994 -0.0320948 -0.0530813 -0.0830364 0.00678364 0.0215001
internal_weight=14619 4010 270 245 10609 241 170 10368 4766 1483 222 3283 2184 717 1099 813 286 600 792 647 576 458 189 169 76 239 100 60 412 145
internal_count=14619 4010 270 245 10609 241 170 10368 4766 1483 222 3283 2184 717 1099 813 286 600 792 647 576 458 189 169 76 239 100 60 412 145
is_linear=0
shrinkage=0.05


end of trees

feature_importances:
slot=443
temp=439
solar_diff_96=416
weekly_max_reserve=405
weekly_max_reserve_prev=397
weekly_min_reserve=384
weekly_min_reserve_prev=352
solar=348
weekly_max_reserve_diff=334
jepx_price_prev_96=329
temp_diff_96=294
price_prev_weekday_96=293
temp_prev_96=285
weekly_min_reserve_diff=278
weekday=240
price_prev_holiday_96=146
solar_prev_96=103
holiday=4

parameters:
[boosting: gbdt]
[objective: regression]
[metric: rmse,l2]
[tree_learner: serial]
[device_type: cpu]
[data_sample_strategy: bagging]
[data: ]
[valid: ]
[num_iterations: 2000]
[learning_rate: 0.05]
[num_leaves: 31]
[num_threads: 10]
[seed: 42]
[deterministic: 0]
[force_col_wise: 0]
[force_row_wise: 0]
[histogram_pool_size: -1]
[max_depth: -1]
[min_data_in_leaf: 20]
[min_sum_hessian_in_leaf: 0.001]
[bagging_fraction: 0.8]
[pos_bagging_fraction: 1]
[neg_bagging_fraction: 1]
[bagging_freq: 5]
[bagging_seed: 400]
[bagging_by_query: 0]
[feature_fraction: 0.9]
[feature_fraction_bynode: 1]
[feature_fraction_seed: 30056]
[extra_trees: 0]
[extra_seed: 12879]
[early_stopping_round: 0]
[early_stopping_min_delta: 0]
[first_metric_only: 0]
[max_delta_step: 0]
[lambda_l1: 0]
[lambda_l2: 0]
[linear_lambda: 0]
[min_gain_to_split: 0]
[drop_rate: 0.1]
[max_drop: 50]
[skip_drop: 0.5]
[xgboost_dart_mode: 0]
[uniform_drop: 0]
[drop_seed: 17869]
[top_rate: 0.2]
[other_rate: 0.1]
[min_data_per_group: 100]
[max_cat_threshold: 32]
[cat_l2: 10]
[cat_smooth: 10]
[max_cat_to_onehot: 4]
[top_k: 20]
[monotone_constraints: ]
[monotone_constraints_method: basic]
[monotone_penalty: 0]
[feature_contri: ]
[forcedsplits_filename: ]
[refit_decay_rate: 0.9]
[cegb_tradeoff: 1]
[cegb_penalty_split: 0]
[cegb_penalty_feature_lazy: ]
[cegb_penalty_feature_coupled: ]
[path_smooth: 0]
[interaction_constraints: ]
[verbosity: 1]
[saved_feature_importance_type: 0]
[use_quantized_grad: 0]
[num_grad_quant_bins: 4]
[quant_train_renew_leaf: 0]
[stochastic_rounding: 1]
[linear_tree: 0]
[max_bin: 255]
[max_bin_by_feature: ]
[min_data_in_bin: 3]
[bin_construct_sample_cnt: 200000]
[data_random_seed: 175]
[is_enable_sparse: 1]
[enable_bundle: 1]
[use_missing: 1]
[zero_as_missing: 0]
[feature_pre_filter: 1]
[pre_partition: 0]
[two_round: 0]
[header: 0]
[label_column: ]
[weight_column: ]
[group_column: ]
[ignore_column: ]
[categorical_feature: ]
[forcedbins_filename: ]
[precise_float_parser: 0]
[parser_config_file: ]
[objective_seed: 16083]
[num_class: 1]
[is_unbalance: 0]
[scale_pos_weight: 1]
[sigmoid: 1]
[boost_from_average: 1]
[reg_sqrt: 0]
[alpha: 0.9]
[fair_c: 1]
[poisson_max_delta_step: 0.7]
[tweedie_variance_power: 1.5]
[lambdarank_truncation_level: 30]
[lambdarank_norm: 1]
[label_gain: ]
[lambdarank_position_bias_regularization: 0]
[eval_at: ]
[multi_error_top_k: 1]
[auc_mu_weights: ]
[num_machines: 1]
[local_listen_port: 12400]
[time_out: 120]
[machine_list_filename: ]
[machines: ]
[gpu_platform_id: -1]
[gpu_device_id: -1]
[gpu_use_dp: 0]
[num_gpu: 1]

end of parameters

pandas_categorical:[]
