tree
version=v4
num_class=1
num_tree_per_iteration=1
label_index=0
max_feature_idx=14
objective=regression
feature_names=slot jepx_price_prev_ma3 reserve_ratio reserve_ratio_prev reserve_ratio_diff reserve_ratio_inv reserve_low_gap weekday holiday temp solar temp_diff solar_diff price_prev_weekday price_prev_holiday
feature_infos=[0:47] [0:44.163333333333327] [0.90000000000000002:64.849999999999994] [0:64.849999999999994] [-43.079999999999998:33.109999999999999] [0.015420200224823438:1.1111098765445815] none [0:6] [0:1] [-3.7221985000000002:30.989716000000001] [0:3455283.5] [-9.9113156999999994:6.784821] [-2703535.2999999998:2607518.3799999999] [0:45.009999999999998] [0:35]
tree_sizes=2661 2790 2767 2774 2778 2771 2779 2800 2816 2803 2778 2787 2803 2814 2815 2785 2783 2793 2797 2797 2816 2809 2801 2809 2784 2789 2792 2792 2791 2790 2813 2799 2805 2828 2823 2784 2782 2809 2799 2778 2803 2809 2827 2805 2821 2799 2810 2825 2811 2778 2796 2791 2818 2849 2805 2822 2826 2814 2829 2808 2808 2844 2788 2828 2793 2803 2821 2862 2789 2812 2795 2862 2839 2833 2826 2791 2825 2826 2835 2806 2805 2779 2806 2817 2826 2802 2801 2795 2776 2844 2800 2778 2806 2828 2760 2816 2825 2803 2809 2811 2810 2857 2823 2813 2808 2800 2850 2857 2815 2810 2802 2792 2841 2796 2797 2853

Tree=0
num_leaves=31
num_cat=0
split_feature=13 1 5 13 2 12 1 5 1 0 12 1 12 0 11 2 2 5 2 4 1 2 2 13 2 9 2 0 12 13
split_gain=95099.2 22695.8 12344.4 11791 6082.2 5997.77 5806.19 4660.6 4465.57 3384.99 3303.01 3097.2 2811.96 2184.32 2096.15 2028.24 1915.74 1848.42 1802.88 1658.96 1639.5 1583.9 1533.96 1296.55 1101.99 1320.94 1101.19 917.6 909.264 853.803
threshold=13.005000000000001 10.013333333333334 0.050163030486340923 18.005000000000006 14.975000000000003 534676.15000000002 6.4616666666666669 0.10346613183288232 12.250000000000005 29.500000000000004 -812662.34999999998 19.983333333333338 338962.04999999999 32.500000000000007 -2.1083832499999997 15.665000000000001 11.195000000000002 0.036934441262027017 25.955000000000002 4.2350000000000003 16.250000000000004 21.175000000000004 9.8650000000000002 15.355000000000002 10.275 22.892669500000004 16.995000000000001 26.500000000000004 -1077382.4999999998 9.1250000000000018
decision_type=2 2 2 2 2 2 2 2 2 2 2 2 2 2 2 2 2 2 2 2 2 2 2 2 2 2 2 2 2 2
left_child=1 2 6 7 11 8 17 12 19 26 16 27 23 18 -9 29 -4 -1 -8 28 22 -7 -10 -2 -13 -26 -6 -5 -3 -12
right_child=3 5 10 4 9 21 13 14 20 -11 15 24 -14 -15 -16 -17 -18 -19 -20 -21 -22 -23 -24 -25 25 -27 -28 -29 -30 -31
leaf_value=10.527943857729584 11.121749367079168 11.283623219231808 11.446752180605827 11.234794923778139 11.178703214327538 10.842758885584946 10.795260710474336 11.769277806932369 11.48395822049185 11.297960058261364 10.899245137741181 11.727704253528245 10.959427791183831 10.881453054391255 11.328183218733875 10.850652272434932 11.019098041862293 10.704979342018198 10.631442482300008 10.868014639006002 11.182467680850399 10.57324792665715 11.042615081340299 11.21125303636266 11.304462065328433 11.60105727776779 10.777331371246294 11.414865029399603 10.98085868183089 10.965278430597705
leaf_weight=282 824 25 29 94 25 152 755 37 20 177 1486 95 184 580 99 1906 270 309 216 347 283 85 1262 795 52 135 54 286 3072 730
leaf_count=282 824 25 29 94 25 152 755 37 20 177 1486 95 184 580 99 1906 270 309 216 347 283 85 1262 795 52 135 54 286 3072 730
internal_value=10.977 10.9144 10.8524 11.2358 11.3835 10.9919 10.7539 11.1659 11.0035 11.1765 10.9001 11.4635 11.1446 10.8047 11.4482 10.8885 11.0606 10.6205 10.7588 10.9717 11.0735 10.7461 11.0495 11.1657 11.589 11.5186 10.9043 11.3703 10.9833 10.921
internal_weight=14666 11809 6563 2857 918 5246 2142 1939 5009 256 4421 662 1803 1551 136 4122 299 591 971 3444 1565 237 1282 1619 282 187 79 380 3097 2216
internal_count=14666 11809 6563 2857 918 5246 2142 1939 5009 256 4421 662 1803 1551 136 4122 299 591 971 3444 1565 237 1282 1619 282 187 79 380 3097 2216
is_linear=0
shrinkage=1


Tree=1
num_leaves=31
num_cat=0
split_feature=13 1 2 5 10 9 10 4 13 0 5 2 14 13 0 13 11 1 0 10 11 2 1 0 5 5 10 7 0 5
split_gain=85883.9 21677.3 11601 10292.7 8520.56 6283.59 4669.9 4612.45 4539.23 3664.25 3165.64 3142.67 3035.35 1721.03 1485.21 1442.76 1423.14 1274.53 1180.6 1092.54 1012.97 1929.98 931.247 895.893 811.035 734.59 728.38 696.099 653.165 939.636
threshold=13.430000000000001 10.540000000000004 19.755000000000006 0.09657171768040991 558659.4800000001 22.326660500000003 1640672.9000000001 9.9450000000000021 19.355000000000004 23.500000000000004 0.072176113898134595 25.955000000000002 13.520000000000001 11.655000000000003 16.500000000000004 23.055000000000003 -1.2703396999999998 16.913333333333341 30.500000000000004 780594.45000000007 -4.29769925 12.215000000000002 15.656666666666675 28.500000000000004 0.10198879735379958 0.061443934435636477 1136532.3500000003 2.5000000000000004 26.500000000000004 0.052369731144015851
decision_type=2 2 2 2 2 2 2 2 2 2 2 2 2 2 2 2 2 2 2 2 2 2 2 2 2 2 2 2 2 2
left_child=1 2 10 5 -4 6 17 12 28 -5 18 -6 13 19 -12 16 -11 -2 -1 22 21 -16 -3 -10 -15 -21 -9 -25 -7 -30
right_child=3 7 4 9 11 8 -8 26 23 15 14 -13 -14 24 20 -17 -18 -19 -20 25 -22 -23 -24 27 -26 -27 -28 -29 29 -31
leaf_value=-0.10419722519850749 0.15657068423010162 0.011195924145500833 -0.10506096465099356 0.28949110482601409 -0.22288869807807107 0.12729213912881768 -0.1099864242497731 -0.086812253381040969 0.28735195370795935 0.72974829288089982 -0.050695406673535365 -0.38465318491705019 0.16535902876731426 0.068951175484251392 0.64178686708211907 0.83719840800320666 0.44631284128023885 0.26494375067536491 -0.01265156260650838 -0.1343851622862465 0.028229776776722448 0.007689414378255606 0.16152326833215302 0.61563041047153311 0.30114314499048467 -0.013636441515576483 -0.42098958265213737 0.44560641795396805 0.15618917294327292 0.32431430611463768
leaf_weight=2946 1017 2235 1247 141 720 104 148 22 46 68 943 515 419 1054 20 54 127 370 400 209 687 30 108 117 39 317 63 124 124 252
leaf_count=2946 1017 2235 1247 141 720 104 148 22 46 68 943 515 419 1054 20 54 127 370 400 209 687 30 108 117 39 317 63 124 124 252
internal_value=0.000444731 -0.0569257 -0.108812 0.255628 -0.197255 0.215386 0.156993 0.0303024 0.332249 0.493158 -0.0651355 -0.290345 0.0373802 0.0238459 -0.00913422 0.608487 0.545152 0.185481 -0.0932533 0.0035058 0.0440438 0.261328 0.0181252 0.489555 0.0772362 -0.0616145 -0.334497 0.528149 0.238194 0.268869
internal_weight=14666 11974 7508 2692 2482 2302 1535 4466 767 390 5026 1235 4381 3962 1680 249 195 1387 3346 2869 737 50 2343 287 1093 526 85 241 480 376
internal_count=14666 11974 7508 2692 2482 2302 1535 4466 767 390 5026 1235 4381 3962 1680 249 195 1387 3346 2869 737 50 2343 287 1093 526 85 241 480 376
is_linear=0
shrinkage=0.05


Tree=2
num_leaves=31
num_cat=0
split_feature=1 5 2 10 1 2 4 1 0 12 1 4 5 12 1 9 7 7 2 1 12 2 10 4 7 0 9 7 10 0
split_gain=72002.4 13944.6 13682.8 11596.7 7982.41 7411.07 6815.94 3744.34 3491.22 3474.76 2560.28 3242.38 2442.04 2314.17 1695.1 1654.79 2017.7 1592.66 1427.24 1274.75 1175.28 1147.73 1121.03 1043.53 994.624 931.353 801.651 719.855 693.478 673.094
threshold=12.411666666666669 0.09657171768040991 15.815000000000003 773846.88000000012 17.185000000000006 25.955000000000002 8.879999999999999 9.8533333333333371 25.500000000000004 391488.20000000001 20.606666666666673 -7.6450000000000005 0.080873439760563312 -1234058.1099999996 9.9550000000000036 21.685455000000001 2.5000000000000004 2.5000000000000004 19.755000000000006 14.940000000000003 351608.00000000006 11.715000000000002 622003.78000000014 9.4100000000000019 3.5000000000000004 25.500000000000004 15.299301000000002 4.5000000000000009 1778155.0500000003 30.500000000000004
decision_type=2 2 2 2 2 2 2 2 2 2 2 2 2 2 2 2 2 2 2 2 2 2 2 2 2 2 2 2 2 2
left_child=2 4 8 7 9 18 15 -4 13 17 11 -3 -10 21 -15 20 22 -2 -5 -19 -6 -1 -17 -11 26 -13 -14 -18 -20 -24
right_child=1 10 3 5 6 -7 -8 -9 12 23 -12 25 24 14 -16 16 27 19 28 -21 -22 -23 29 -25 -26 -27 -28 -29 -30 -31
leaf_value=0.58749987363815304 0.17725728511613026 0.84506722205394036 -0.10757358260485675 -0.11525853870056578 0.2628602758330571 -0.37145804117599973 -0.2754954346007219 -0.010120689060188266 0.038031618584348476 -0.059502373516353915 0.72837268205789429 0.24630304436981679 0.14840800580044741 -0.060440609244532983 0.0089546167100164956 0.38285390671786912 0.3310548919550611 0.056070841774681635 -0.16018404886800666 0.15293041078716449 0.02494911809762319 0.1322749963692493 0.46333370837005411 -0.42636416283520789 0.0071143892657181077 0.43471586458061051 0.3541470447796044 0.16396872712807223 -0.25732924587798217 0.7458595353729871
leaf_weight=20 835 37 2192 951 385 521 54 1791 728 163 78 125 80 1925 1621 109 241 946 373 530 60 45 37 22 44 138 116 88 362 49
leaf_count=20 835 37 2192 951 385 521 54 1791 728 163 78 125 80 1925 1621 109 241 946 373 530 60 45 37 22 44 138 116 88 362 49
internal_value=0.000422494 0.184589 -0.0662222 -0.114696 0.15359 -0.206635 0.271218 -0.0637528 -0.000693736 0.105379 0.473173 0.406821 0.0836299 -0.0232984 -0.0287176 0.301685 0.361899 0.122071 -0.155701 0.090851 0.230782 0.272344 0.489341 -0.103129 0.221945 0.345166 0.270172 0.286363 -0.20803 0.624308
internal_weight=14666 3897 10769 6190 3519 2207 1023 3983 4579 2496 378 300 968 3611 3546 969 524 2311 1686 1476 445 65 195 185 240 263 196 329 735 86
internal_count=14666 3897 10769 6190 3519 2207 1023 3983 4579 2496 378 300 968 3611 3546 969 524 2311 1686 1476 445 65 195 185 240 263 196 329 735 86
is_linear=0
shrinkage=0.05


Tree=3
num_leaves=31
num_cat=0
split_feature=13 1 13 2 10 4 12 2 1 12 2 12 2 9 4 13 2 2 4 2 13 1 13 11 13 4 10 10 7 12
split_gain=70985.6 15056.1 10891.6 9259.56 5478 4745.66 4544.38 4137.27 3400.29 3241.77 2909.26 2121.12 2034.98 1947.54 1939.98 1679.72 1630.17 1524.97 1503.73 1352.72 1332.45 1265.47 1085.02 965.32 806.347 753.04 683.896 624.685 606.303 564.044
threshold=12.385000000000003 9.8533333333333371 18.005000000000006 22.225000000000005 350928.30000000005 7.4549999999999992 328266.60000000003 9.6750000000000025 14.940000000000003 -812662.34999999998 10.155000000000003 338962.04999999999 15.715000000000002 20.339538500000003 -7.6450000000000005 14.625000000000002 22.885000000000002 11.195000000000002 4.0550000000000006 28.825000000000003 23.055000000000003 11.326666666666668 20.005000000000006 -1.3431549999999992 8.3150000000000031 3.4000000000000017 2077595.3 859817.92000000004 2.5000000000000004 -881701.84999999974
decision_type=2 2 2 2 2 2 2 2 2 2 2 2 2 2 2 2 2 2 2 2 2 2 2 2 2 2 2 2 2 2
left_child=1 3 7 9 -5 10 8 14 18 17 20 15 -11 27 -2 -9 -8 -1 21 -6 -4 -3 -15 -16 -14 -24 -7 -12 -19 -23
right_child=2 6 5 4 19 26 16 11 -10 12 13 -13 24 22 23 -17 -18 28 -20 -21 -22 29 25 -25 -26 -27 -28 -29 -30 -31
leaf_value=0.42464961183482208 0.7535109158485167 -0.010812810595503828 0.47172805543603569 -0.1013424176202567 -0.2484033343787353 0.04199968389821826 -0.10939790153509113 0.097329356225573427 0.14965844066140382 -0.052319318054971357 0.26405162751334271 -0.01892996709903632 -0.14154770497851335 0.31929026199422317 0.54153636043721975 0.18983535469269011 -0.36429698341698558 0.12817644940689207 -0.076737967694022857 -0.37563322080700212 0.77632056291286766 0.29274652587330857 0.52371393629274843 0.22491974100637974 -0.081849083956838306 0.30355135548114776 -0.33355206793004816 0.072093090263229839 -0.021107948066186231 0.043461571176673069
leaf_weight=29 31 2146 116 555 485 27 278 905 442 2092 197 212 1537 226 33 1072 81 120 508 367 52 23 174 89 895 50 22 54 157 1691
leaf_count=29 31 2146 116 555 485 27 278 905 442 2092 197 212 1537 226 33 1072 81 120 508 367 52 23 174 89 895 50 22 54 157 1691
internal_value=0.000401369 -0.0584073 0.20616 -0.110704 -0.223581 0.352135 0.00469489 0.148941 0.0175028 -0.0778227 0.37913 0.131372 -0.0884761 0.334343 0.40031 0.147489 -0.16691 0.07968 0.00412992 -0.303208 0.566007 0.0147726 0.396585 0.310562 -0.119578 0.474571 -0.126615 0.222754 0.043564 0.0468067
internal_weight=14666 11406 3260 6237 1407 918 5169 2342 4810 4830 869 2189 4524 701 153 1977 359 306 4368 852 168 3860 450 122 2432 224 49 251 277 1714
internal_count=14666 11406 3260 6237 1407 918 5169 2342 4810 4830 869 2189 4524 701 153 1977 359 306 4368 852 168 3860 450 122 2432 224 49 251 277 1714
is_linear=0
shrinkage=0.05


Tree=4
num_leaves=31
num_cat=0
split_feature=13 1 2 5 10 9 12 10 13 12 0 2 1 13 2 12 2 13 3 13 1 2 0 1 4 4 4 2 10 7
split_gain=64155 16491.2 8766.6 7730.71 6373.42 4509.49 4026.36 3736.87 3317.35 2500.52 2491.58 2365.33 2349.02 1920.56 1356.5 1236.99 1178.75 1131.54 1160.46 964.76 855.362 797.805 777.785 764.444 733.313 665.616 629.243 585.54 580.479 579.494
threshold=13.705000000000002 10.570000000000006 19.605000000000004 0.09657171768040991 558659.4800000001 22.326660500000003 279037.90499999997 1331562.1000000003 19.355000000000004 -812662.34999999998 19.500000000000004 25.955000000000002 13.308333333333334 9.1250000000000018 22.885000000000002 -1234058.1099999996 11.195000000000002 27.005000000000006 18.385000000000002 11.745000000000003 16.913333333333341 15.365 28.500000000000004 16.250000000000004 8.879999999999999 4.2350000000000003 -4.0149999999999988 14.535000000000002 1778155.0500000003 3.5000000000000004
decision_type=2 2 2 2 2 2 2 2 2 2 2 2 2 2 2 2 2 2 2 2 2 2 2 2 2 2 2 2 2 2
left_child=1 2 9 5 -4 7 12 20 -7 16 -5 28 15 21 -8 -3 -1 18 -12 25 -2 -11 -10 26 -9 -17 -14 -24 -6 -18
right_child=3 6 4 10 11 8 14 24 22 13 17 -13 23 -15 -16 19 29 -19 -20 -21 -22 -23 27 -25 -26 -27 -28 -29 -30 -31
leaf_value=0.374931407791953 0.14365187219580478 0.39371698986400261 -0.090388101556188427 0.24338801131294718 -0.15018112062287511 0.20791465039335211 -0.092582911956935396 -0.030150591109568876 0.23533495783643876 -0.061173335050387329 0.44524985528982636 -0.3306023249594332 0.2900510470273302 -0.019293541962692312 -0.35419301217208143 0.01107341898368641 0.11879583629130126 0.79562885544516826 0.82737814188003544 0.066977657747272643 0.23473517614803316 -0.11191242083544649 0.504571102757151 0.17699953890324471 -0.30481127003400493 -0.074649012194331663 0.0695691038548895 0.32433500329653425 -0.23833756650216942 -0.024684908515428781
leaf_weight=31 914 22 1298 116 399 469 264 150 46 1542 205 515 34 1606 61 2158 147 33 22 751 359 1557 181 287 29 253 671 60 351 135
leaf_count=31 914 22 1298 116 399 469 264 150 46 1542 205 515 34 1606 61 2158 147 33 22 751 359 1557 181 287 29 253 671 60 351 135
internal_value=0.000381301 -0.0479809 -0.0929919 0.226508 -0.168226 0.19082 0.0278307 0.13926 0.289848 -0.0545654 0.436083 -0.248094 0.0410234 -0.0636689 -0.141685 0.0200918 0.0822792 0.522055 0.482284 0.0174922 0.169338 -0.0866657 0.423738 0.108207 -0.0746487 0.00207807 0.0802023 0.459699 -0.191438 0.0501082
internal_weight=14666 12082 7581 2584 2563 2208 4501 1452 756 5018 376 1265 4176 4705 325 3184 313 260 227 3162 1273 3099 287 992 179 2411 705 241 750 282
internal_count=14666 12082 7581 2584 2563 2208 4501 1452 756 5018 376 1265 4176 4705 325 3184 313 260 227 3162 1273 3099 287 992 179 2411 705 241 750 282
is_linear=0
shrinkage=0.05


Tree=5
num_leaves=31
num_cat=0
split_feature=13 1 13 5 5 14 13 2 13 12 12 10 0 12 12 2 12 2 3 2 2 1 13 5 1 11 3 11 1 12
split_gain=57567.5 12866.9 9539.62 7395.27 4491.05 4316.7 3131.35 2842.17 2605.14 2603.88 2445.5 2403.96 2374.38 1517.69 1345.62 1318.02 1305.63 1290.24 1219.43 1088.28 989.788 928.88 919.436 851.916 783.44 752.309 704.581 595.56 597.483 583.296
threshold=12.265000000000002 8.8216666666666743 17.455000000000002 0.044974140121101396 0.078339214656214337 12.325000000000001 9.8250000000000011 10.505000000000001 24.495000000000001 -1077382.4999999998 239466.52000000005 1000435.4 27.500000000000004 500296.98500000004 461209.9499999999 12.445000000000002 -1026720.2749999999 13.865 15.515000000000002 27.235000000000003 16.995000000000001 11.296666666666672 14.855000000000002 0.10055305703567737 16.250000000000004 -1.4082336499999999 15.255000000000001 -4.29769925 15.453333333333338 709310.59000000008
decision_type=2 2 2 2 2 2 2 2 2 2 2 2 2 2 2 2 2 2 2 2 2 2 2 2 2 2 2 2 2 2
left_child=1 3 7 11 12 6 10 18 23 15 21 -1 20 24 22 -5 -8 -11 25 -12 -4 -3 -9 -6 -7 -2 -25 -18 -29 -14
right_child=2 5 4 9 8 13 16 14 -10 17 19 -13 29 -15 -16 -17 27 -19 -20 -21 -22 -23 -24 26 -26 -27 -28 28 -30 -31
leaf_value=-0.14644548931608306 0.40128017346287381 -0.055930623009296021 0.10785614314954728 0.3612576897280585 0.30493163642976651 0.084110861451867899 0.391289470895477 0.081027497054961151 0.61035492979961903 -0.033887720018387107 -0.13411777394817981 -0.30077850341514933 0.26711133219340816 -0.32323914110660557 -0.047113046818082586 0.029721551388830054 0.12317390663183143 -0.11305372431897021 0.50616566711600786 -0.35152148794914995 -0.20452107861638069 0.0055693362715918526 0.15232652923735357 0.40371897191393613 0.20288610364861637 0.17782985754311087 0.72175648325965525 0.0053458680938982964 0.25602808346350991 0.053824116970811575
leaf_weight=425 48 2537 64 38 348 476 23 1002 115 656 324 621 381 20 141 142 117 2389 47 70 42 810 824 102 196 175 21 2474 24 35
leaf_count=425 48 2537 64 38 348 476 23 1002 115 656 324 621 381 20 141 142 117 2389 47 70 42 810 824 102 196 175 21 2474 24 35
internal_value=-0.000263644 -0.0540219 0.182016 -0.122545 0.301994 -0.0126328 -0.0254999 0.122591 0.397002 -0.0850752 -0.0549173 -0.238071 0.195337 0.105979 0.10171 0.0997125 0.0162173 -0.0959986 0.274709 -0.172743 -0.015916 -0.0410472 0.113202 0.34491 0.118754 0.225927 0.458018 0.0129184 0.00775434 0.249166
internal_weight=14687 11342 3345 4271 1108 7071 6379 2237 586 3225 3741 1046 522 692 1967 180 2638 3045 270 394 106 3347 1826 471 672 223 123 2615 2498 416
internal_count=14687 11342 3345 4271 1108 7071 6379 2237 586 3225 3741 1046 522 692 1967 180 2638 3045 270 394 106 3347 1826 471 672 223 123 2615 2498 416
is_linear=0
shrinkage=0.05


Tree=6
num_leaves=31
num_cat=0
split_feature=13 1 13 5 4 2 1 5 12 10 4 13 12 2 13 0 13 4 2 10 0 10 9 2 5 10 2 12 1 0
split_gain=51954.7 11623.7 8617.94 6657.48 4961.67 4032.21 3360.27 3044.78 2516.05 2433.43 2273.76 1945.47 1527.34 1405.78 1360.11 1321.4 1296.84 1202.8 1187.33 947.752 920.547 851.993 814.179 800.935 760.836 915.248 755.341 697.114 628.428 610.464
threshold=12.265000000000002 8.9316666666666737 18.005000000000006 0.044974140121101396 7.1450000000000005 12.735000000000001 13.565000000000003 0.10666668562962979 -1077382.4999999998 1216698.55 8.879999999999999 24.495000000000001 461209.9499999999 11.615 14.625000000000002 28.500000000000004 1.0050000000000001 -9.6799999999999997 15.715000000000002 513521.45000000007 23.500000000000004 1161595.5500000003 20.339538500000003 11.765000000000002 0.061031433145526642 2077595.3 22.735000000000003 351608.00000000006 16.661666666666669 28.500000000000004
decision_type=2 2 2 2 2 2 2 2 2 2 2 2 2 2 2 2 2 2 2 2 2 2 2 2 2 2 2 2 2 2
left_child=1 3 7 9 6 11 13 12 16 -1 22 29 14 20 -2 24 -5 -9 -10 -6 -3 28 27 -18 25 -15 -17 -7 -8 -4
right_child=2 4 5 8 19 10 21 17 18 -11 -12 -13 -14 15 -16 26 23 -19 -20 -21 -22 -23 -24 -25 -26 -27 -28 -29 -30 -31
leaf_value=-0.14215745264792121 0.081005781895390205 0.037759600785079783 0.24653664685047427 -0.03929780001092828 -0.069777666694445434 0.19056808544733261 0.082682553225472369 0.70229110072056455 -0.053680158485950813 -0.29224801520826715 -0.24620433641331541 0.57983718975730569 -0.038650464506932554 -0.064770073837839767 0.16029639739821785 0.037828295697914183 0.50663606561720376 0.29626505585191282 -0.11517475026865281 -0.24289159192133092 0.23356176310164087 -0.05134701500590666 0.27869290868609642 0.15197011491027065 -0.02497563388779063 -0.24866611428354701 -0.022297286703921448 -0.058172004851135051 0.18450408576804603 0.38560327558126645
leaf_weight=510 1025 512 111 89 115 118 430 24 1338 574 28 115 157 925 1145 1096 20 76 1899 253 68 83 236 78 2047 73 998 37 234 273
leaf_count=510 1025 512 111 89 115 118 430 24 1338 574 28 115 157 925 1145 1096 20 76 1899 253 68 83 236 78 2047 73 998 37 234 273
internal_value=-0.000250462 -0.0513208 0.172915 -0.113643 -0.0102104 0.303409 -4.67337e-05 0.123557 -0.0794544 -0.221633 0.189051 0.399432 0.111948 -0.0130736 0.122843 -0.0214016 0.098871 0.393711 -0.0897562 -0.188793 0.0607157 0.0996863 0.22022 0.224351 -0.042427 -0.0782214 0.00917245 0.131191 0.118565 0.345404
internal_weight=14687 11342 3345 4508 6834 918 6466 2427 3424 1084 419 499 2327 5719 2170 5139 187 100 3237 368 580 747 391 98 3045 998 2094 155 664 384
internal_count=14687 11342 3345 4508 6834 918 6466 2427 3424 1084 419 499 2327 5719 2170 5139 187 100 3237 368 580 747 391 98 3045 998 2094 155 664 384
is_linear=0
shrinkage=0.05


Tree=7
num_leaves=31
num_cat=0
split_feature=13 1 13 5 4 14 5 5 1 12 0 10 13 5 11 12 0 11 5 0 12 5 13 14 4 4 9 1 12 4
split_gain=46889.1 10501.4 7824.38 6028.27 4456.27 3755.32 3664.83 2378.77 2179.54 2122.17 2032.52 1970.16 1809.2 1117.99 1105.1 1091.3 1078.2 1030.56 817.787 866.957 814.129 776.08 743.159 738.856 738.461 736.889 643.88 627.402 610.749 604.015
threshold=12.265000000000002 8.8216666666666743 17.455000000000002 0.044974140121101396 6.6599999999999984 12.505000000000001 0.078339214656214337 0.095011888899718414 19.983333333333338 -1026720.2749999999 26.500000000000004 1000435.4 10.475000000000003 0.072176113898134595 -2.1083832499999997 461209.9499999999 32.500000000000007 -3.2550351499999985 0.085947580466441784 26.500000000000004 -881701.84999999974 0.033653037006903412 14.855000000000002 11.005000000000001 6.4399999999999995 -8.0799999999999965 5.7037964000000008 28.836666666666673 662771.82500000019 -4.7849999999999993
decision_type=2 2 2 2 2 2 2 2 2 2 2 2 2 2 2 2 2 2 2 2 2 2 2 2 2 2 2 2 2 2
left_child=1 3 7 11 5 12 10 15 25 17 24 -1 18 -11 26 22 21 -5 23 -20 -14 -6 -2 28 -4 -8 -9 -10 -3 -16
right_child=2 4 6 9 16 -7 8 14 27 13 -12 -13 20 -15 29 -17 -18 -19 19 -21 -22 -23 -24 -25 -26 -27 -28 -29 -30 -31
leaf_value=-0.13201534265027767 0.072607068976154557 -0.043413822906218286 0.056976721734918107 0.42340142443776135 -0.34854450882584964 0.11860258371001814 0.57214337700889228 0.25872399486601355 0.43416572956391325 -0.10292594294202294 0.22221621863817431 -0.27173140169932675 0.29357036149927546 -0.028857603682963934 0.36977519738403236 -0.042824872503889368 -0.036841991796672087 0.044419982239347081 0.015869675885302345 0.28569955546408893 0.022052105092979557 -0.16897688433866248 0.13677961039931882 0.017409927773539408 -0.25088719225355555 0.26712874630600297 0.63607856562504406 0.62830779414091797 -0.15446462761033183 0.16355738436863962
leaf_weight=425 1000 3078 64 20 81 595 21 20 162 2383 430 621 28 648 44 141 116 174 304 33 1972 234 822 501 28 347 26 56 129 184
leaf_count=425 1000 3078 64 20 81 595 21 20 162 2383 430 621 28 648 44 141 116 174 304 33 1972 234 822 501 28 347 26 56 129 184
internal_value=-0.000237939 -0.0487548 0.16427 -0.11066 -0.0113633 -0.00125054 0.272927 0.110451 0.358752 -0.0768295 0.17658 -0.214963 -0.0130475 -0.0870908 0.248457 0.0911878 -0.167161 0.0834902 -0.0322815 0.0422922 0.0258534 -0.215151 0.101559 -0.0390591 -0.036721 0.284534 0.472011 0.484037 -0.0478808 0.203354
internal_weight=14687 11342 3345 4271 7071 6640 1108 2237 586 3225 522 1046 6045 3031 274 1963 431 194 4045 337 2000 315 1822 3708 92 368 46 218 3207 228
internal_count=14687 11342 3345 4271 7071 6640 1108 2237 586 3225 522 1046 6045 3031 274 1963 431 194 4045 337 2000 315 1822 3708 92 368 46 218 3207 228
is_linear=0
shrinkage=0.05


Tree=8
num_leaves=31
num_cat=0
split_feature=13 4 13 14 13 2 5 5 10 10 12 4 13 2 12 2 13 4 2 0 5 2 0 9 14 0 11 12 2 4
split_gain=42317.4 8253.34 7063.4 5470.78 5400.88 3286.05 2530.64 2409.85 2461.13 2263.31 2127.76 1911.39 1606.14 1293.32 1278.8 1206.88 1091.79 1024.33 984.888 750.815 933.31 892.366 745.62 716.606 678.683 648.983 578.615 544.552 470.941 468.198
threshold=12.265000000000002 5.5499999999999989 18.005000000000006 11.665000000000001 9.0750000000000011 12.735000000000001 0.10666668562962979 0.062794350755661046 1041661.0800000002 751960.62500000012 -1143944.8749999998 8.879999999999999 24.495000000000001 28.825000000000003 786163.05000000005 9.6750000000000025 14.625000000000002 -9.6799999999999997 22.225000000000005 28.500000000000004 0.070003503850804713 13.085000000000003 30.500000000000004 21.204849000000006 14.895000000000001 30.500000000000004 0.54392950000000095 -1143944.8749999998 10.795000000000002 -2.5549999999999993
decision_type=2 2 2 2 2 2 2 2 2 2 2 2 2 2 2 2 2 2 2 2 2 2 2 2 2 2 2 2 2 2
left_child=1 3 6 4 7 12 14 8 22 -3 29 23 26 -11 16 -9 -2 -8 -10 20 -12 -21 -1 25 -5 -7 -4 -17 -18 -6
right_child=2 9 5 24 10 11 17 15 18 13 19 -13 -14 -15 -16 27 28 -19 -20 21 -22 -23 -24 -25 -26 -27 -28 -29 -30 -31
leaf_value=-0.094346439756125153 0.070554803093501969 -0.077570237361499539 0.35117384536082258 0.058573297846575327 0.53788916453719138 -0.018027815196130958 0.64242979387442278 0.28605265797212204 -0.1334984151490273 -0.1700240814276324 -0.048314728250624883 -0.22810837605169842 0.52479849146760038 -0.30612830854151518 -0.10093578507780637 0.088858207117444202 0.22580654590692317 0.26773502208586586 -0.24084626568828599 0.20943905312234345 0.014029841829244534 0.021754697887954914 -0.036720166736440144 0.25737466152790373 0.15446185679266758 0.191393662114209 0.21614175070010658 -0.043102264401522615 0.12880499280254196 0.19576407875865698
leaf_weight=1423 1056 368 272 545 20 56 24 29 775 393 1161 28 115 314 76 81 142 76 295 67 1243 1157 927 226 279 109 112 2245 1053 20
leaf_count=1423 1056 368 272 545 20 56 24 29 775 393 1161 28 115 314 76 81 142 76 295 67 1243 1157 927 226 279 109 112 2245 1053 20
internal_value=-0.000226042 -0.046317 0.156056 -0.0325157 -0.0432972 0.274195 0.111371 -0.0734333 -0.100236 -0.17813 0.00414977 0.170959 0.36088 -0.230472 0.100787 -0.0345102 0.107598 0.357662 -0.163094 0.000151129 -0.0160792 0.0320283 -0.0716147 0.199537 0.0910404 0.120317 0.311789 -0.0385069 0.140332 0.366827
internal_weight=14687 11342 3345 10267 9443 918 2427 5775 3420 1075 3668 419 499 707 2327 2355 2251 100 1070 3628 2404 1224 2350 391 824 165 384 2326 1195 40
internal_count=14687 11342 3345 10267 9443 918 2427 5775 3420 1075 3668 419 499 707 2327 2355 2251 100 1070 3628 2404 1224 2350 391 824 165 384 2326 1195 40
is_linear=0
shrinkage=0.05


Tree=9
num_leaves=31
num_cat=0
split_feature=13 4 5 13 14 9 2 10 10 12 10 0 13 12 2 2 13 0 7 11 14 0 0 3 12 12 13 2 2 13
split_gain=38265.8 8161.38 5599.31 4938.98 6267.55 2851.91 2642.11 2413.85 2372.52 2172.14 2045.65 1988.8 1807.29 1256.81 1173.43 1058.99 1011.26 822.822 786.479 706.118 612.512 570.535 569.428 526.267 522.651 490.739 486.599 468.745 468.584 428.727
threshold=13.705000000000002 5.5499999999999989 0.088770537792688245 10.505000000000001 11.665000000000001 21.204849000000006 15.615 1041661.0800000002 1331562.1000000003 -1143944.8749999998 751960.62500000012 23.500000000000004 19.945000000000004 -1077382.4999999998 29.415000000000003 22.225000000000005 27.005000000000006 28.500000000000004 2.5000000000000004 -1.1014708000000006 14.895000000000001 31.500000000000004 26.500000000000004 9.6750000000000025 183828.375 190818.89000000004 11.555000000000001 19.755000000000006 26.535000000000004 16.055000000000003
decision_type=2 2 2 2 2 2 2 2 2 2 2 2 2 2 2 2 2 2 2 2 2 2 2 2 2 2 2 2 2 2
left_child=1 3 5 4 6 8 13 17 29 -5 -3 -4 22 18 -12 -9 19 -8 -1 -13 -6 23 -7 -15 26 -14 -11 -24 -19 -2
right_child=2 10 11 9 20 12 7 15 -10 24 14 16 25 21 -16 -17 -18 28 -20 -21 -22 -23 27 -25 -26 -27 -28 -29 -30 -31
leaf_value=0.27145917568551864 0.084638624924299771 -0.072719125260138309 0.19372673726022305 0.45561311896890405 0.055644632734640279 0.047407361622271917 -0.081388797186923753 -0.11549308628637621 -0.088039882772763867 0.011507267916003353 -0.16424120714194393 0.46240690572047111 0.38198178763831819 0.12483975588910134 -0.29417358025806756 -0.22129924259968636 0.59127303560574851 -0.0035821176448075157 0.0099355425300269307 0.2998333757185232 0.14673876396604016 0.066562576607385709 0.21844542601709419 -0.03731059768722033 -0.041716733057528918 0.20045266972512615 0.055291106328985588 0.099437498459510054 -0.064783868137655631 0.14759192584213196
leaf_weight=57 572 372 244 30 545 89 1833 958 167 1203 427 93 155 51 293 314 48 747 58 237 279 148 309 2656 246 49 1343 113 538 513
leaf_count=57 572 372 244 30 545 89 1833 958 167 1203 427 93 155 51 293 314 48 747 58 237 279 148 309 2656 246 49 1343 113 538 513
internal_value=-0.00021474 -0.0375499 0.174247 -0.0246141 -0.0442826 0.132898 -0.0589232 -0.0835639 0.0874004 0.0324257 -0.167926 0.305008 0.212566 -0.0225015 -0.217116 -0.141612 0.37684 -0.059883 0.13956 0.34565 0.0864884 -0.0290294 0.162339 -0.0342557 0.0278785 0.338379 0.034603 0.186578 -0.0292059 0.114404
internal_weight=14687 12098 2589 11006 8184 1967 7360 4390 1252 2822 1092 622 715 2970 720 1272 378 3118 115 330 824 2855 511 2707 2792 204 2546 422 1285 1085
internal_count=14687 12098 2589 11006 8184 1967 7360 4390 1252 2822 1092 622 715 2970 720 1272 378 3118 115 330 824 2855 511 2707 2792 204 2546 422 1285 1085
is_linear=0
shrinkage=0.05


Tree=10
num_leaves=31
num_cat=0
split_feature=13 1 13 2 10 4 14 2 2 1 0 2 3 2 0 0 11 9 7 5 5 10 4 1 11 3 10 2 11 13
split_gain=35590.1 8354.99 6610.39 4771.02 2807.49 2418.5 2480.6 2372.13 2113.71 1540.03 1451.37 1441.34 1434.98 1132.47 906.517 876.989 809.543 722.171 702.732 621.74 621.531 610.1 570.277 557.442 536.05 537.659 535.89 532.957 531.187 521.655
threshold=12.035000000000002 9.8850000000000069 17.455000000000002 19.205000000000002 740233.50000000012 7.1450000000000005 12.325000000000001 13.965000000000002 11.765000000000002 19.983333333333338 30.500000000000004 10.505000000000001 21.075000000000003 29.415000000000003 26.500000000000004 26.500000000000004 -3.806945499999999 23.282226000000005 1.5000000000000002 0.062794350755661046 0.076016728882312964 1417433.4500000002 -2.2499999999999987 16.250000000000004 -0.97730950000000127 12.735000000000001 2177853.5000000005 14.635000000000003 -5.3829498500000001 32.970000000000006
decision_type=2 2 2 2 2 2 2 2 2 2 2 2 2 2 2 2 2 2 2 2 2 2 2 2 2 2 2 2 2 2
left_child=1 3 8 11 -5 6 18 9 12 -4 17 16 14 -6 -2 27 -1 -9 28 21 -13 -17 -11 -8 25 -16 -7 -10 -3 -24
right_child=2 5 7 4 13 26 23 10 15 22 -12 20 -14 -15 24 19 -18 -19 -20 -21 -22 -23 29 -25 -26 -27 -28 -29 -30 -31
leaf_value=0.42568385503720496 0.12034583231244285 0.25681388080120088 0.23612357482088098 -0.083510720574093616 -0.16205822479504176 -0.11639968744179766 0.071963729028369533 -0.078114781876405082 0.049429608653558971 0.61939239750305819 0.20047334733171215 -0.06411684965121138 0.5556835245341063 -0.27039012550970526 0.55103897695188164 0.071885942129775629 0.068161060891457292 0.2087935415321383 -0.012911778393152606 0.13127594819036914 -0.015544634039989095 -0.10636599793135389 0.3332618497568986 0.17174146208097812 0.19215173760319459 0.23247766236846268 -0.32044755471380137 -0.054036466201425208 0.031350685103972854 0.5448778219082776
leaf_weight=20 380 27 478 1163 849 210 472 90 341 24 278 3011 24 337 27 817 76 29 3201 503 843 51 203 199 85 26 38 196 805 34
leaf_count=20 380 27 478 1163 849 210 472 90 341 24 278 3011 24 337 27 817 76 29 3201 503 843 51 203 199 85 26 38 196 805 34
internal_value=-0.00036008 -0.0440792 0.136808 -0.0822826 -0.138711 0.00451599 0.0125391 0.236502 0.0905818 0.289459 0.137925 -0.0487256 0.177718 -0.192841 0.160206 0.0658293 0.142645 -0.00819595 -0.0022711 0.0870445 -0.0534925 0.0614126 0.38714 0.101555 0.269966 0.394764 -0.147665 0.0116655 0.0386674 0.36362
internal_weight=14837 11251 3586 6299 2349 4952 4704 1136 2450 739 397 3950 542 1186 518 1908 96 119 4033 1371 3854 868 261 671 138 53 248 537 832 237
internal_count=14837 11251 3586 6299 2349 4952 4704 1136 2450 739 397 3950 542 1186 518 1908 96 119 4033 1371 3854 868 261 671 138 53 248 537 832 237
is_linear=0
shrinkage=0.05


Tree=11
num_leaves=31
num_cat=0
split_feature=1 13 13 10 2 12 12 13 12 4 2 0 14 2 1 5 2 7 0 0 5 11 1 2 0 12 12 4 2 2
split_gain=32354.2 7567.48 7545.39 3573.91 3109.73 2691.81 2618.97 2408.48 2023.53 1389.2 1286.37 1319.75 879.711 882.377 845.063 803.921 788.082 754.054 721.311 720.544 719.339 984.547 688.184 613.493 630.797 550.217 541.945 537.011 476.087 467.043
threshold=12.301666666666669 9.0050000000000008 15.815000000000003 1216698.55 18.865000000000006 461209.9499999999 534676.15000000002 19.945000000000004 -963769.03999999992 -12.144999999999998 11.765000000000002 26.500000000000004 9.8350000000000026 10.025 16.250000000000004 0.029511583068075994 10.275 2.5000000000000004 29.500000000000004 27.500000000000004 0.10346613183288232 -1.9901278 1.0000000180025095e-35 20.345000000000002 30.500000000000004 -465222.74500000005 905796.65000000014 -5.0499999999999989 16.375000000000004 25.955000000000002
decision_type=2 2 2 2 2 2 2 2 2 2 2 2 2 2 2 2 2 2 2 2 2 2 2 2 2 2 2 2 2 2
left_child=1 3 6 12 26 7 9 20 27 -2 11 -10 13 -1 17 -6 -9 -11 -7 -12 -4 -22 -15 25 29 -24 -5 -3 -21 -25
right_child=2 8 5 4 15 18 -8 16 10 14 19 -13 -14 22 -16 -17 -18 -19 -20 28 21 -23 23 24 -26 -27 -28 -29 -30 -31
leaf_value=0.25533513629010746 0.4938622841238976 0.47961598930969124 0.17204656482304959 -0.059830246474920461 -0.29100660554966645 -0.059845703373724059 -0.14897063400988517 0.44750611191495848 0.039192265636938832 0.10436715708809373 -0.028209041233977203 0.25087339475542464 -0.015775994499354361 0.18177261562259109 0.14205093683450293 -0.17664897862334727 0.29045644200914683 0.040246091304528851 0.15790897891935657 0.062566988102071702 0.61815530515852435 0.2329742416739464 0.0091777664149775354 -0.11353857119238349 -0.063946454805819494 -0.066071458233389987 -0.23437298415823188 0.18085077784533771 -0.00093464157818115535 -0.21905868318762711
leaf_weight=21 20 21 845 827 190 107 133 109 512 700 2107 86 1045 27 398 804 299 1329 59 420 21 79 273 427 541 2205 47 53 993 139
leaf_count=21 20 21 845 827 190 107 133 109 512 700 2107 86 1045 27 398 804 299 1329 59 420 21 79 273 427 541 2205 47 53 993 139
internal_value=-0.000342076 -0.0459604 0.119163 -0.0795502 -0.138015 0.207573 0.0671103 0.230887 0.00649145 0.0788548 0.00183466 0.0696347 -0.0562042 -0.067833 0.0754348 -0.198508 0.332413 0.0623677 0.017549 -0.00968364 0.187054 0.313862 -0.0697119 -0.0716059 -0.102552 -0.0577813 -0.0692164 0.265636 0.0179406 -0.139453
internal_weight=14837 10738 4099 6546 1868 1519 2580 1353 4192 2447 4118 598 4678 3633 2427 994 408 2029 166 3520 945 100 3612 3585 1107 2478 874 74 1413 566
internal_count=14837 10738 4099 6546 1868 1519 2580 1353 4192 2447 4118 598 4678 3633 2427 994 408 2029 166 3520 945 100 3612 3585 1107 2478 874 74 1413 566
is_linear=0
shrinkage=0.05


Tree=12
num_leaves=31
num_cat=0
split_feature=13 1 5 2 10 12 0 1 9 10 12 2 1 2 1 11 5 13 7 2 0 0 9 12 12 12 4 7 5 4
split_gain=29284.9 8659.12 4125.14 4113.11 2522.41 2417.12 2386.96 2049.05 1890.21 1765.25 1318.83 1184.09 1072.06 975.891 949.016 839.917 813.903 688.648 671.197 669.706 644.949 558.82 545.055 512.109 508.287 507.155 476.491 455.196 432.278 465.99
threshold=13.605000000000002 10.013333333333334 0.078339214656214337 19.205000000000002 313438.45000000007 239466.52000000005 26.500000000000004 14.940000000000003 21.204849000000006 1341524.3500000003 -1077382.4999999998 27.405000000000005 19.983333333333338 12.505000000000001 11.326666666666668 -2.1083832499999997 0.038872691891329879 19.535000000000004 1.5000000000000002 12.565000000000003 32.500000000000007 26.500000000000004 22.4818575 -134716.33500000005 -963769.03999999992 905796.65000000014 3.4599999999999986 1.5000000000000002 0.088770537792688245 -4.7849999999999993
decision_type=2 2 2 2 2 2 2 2 2 2 2 2 2 2 2 2 2 2 2 2 2 2 2 2 2 2 2 2 2 2
left_child=1 3 8 10 -5 7 28 14 9 -2 13 -6 15 -1 26 23 -7 -10 -16 21 25 -12 -23 -8 -20 -21 -3 -19 -4 -30
right_child=2 5 6 4 11 16 12 -9 17 -11 19 -13 -14 -15 18 -17 -18 27 24 20 -22 22 -24 -25 -26 -27 -28 -29 29 -31
leaf_value=0.30278102675589125 0.087073460979849637 -0.0015083958511183581 0.079894624799484074 -0.065135285253080197 -0.13650471903274364 -0.27573126049941049 0.60827529845030415 0.1197864851494682 0.13809110549344716 -0.090819885236693612 -0.018730301843740624 -0.23629570702531671 0.38549043559838858 0.027712588233638875 0.089394059578161114 0.21970784514859232 -0.073221612835847646 0.43534996201915127 0.27226376459002494 -0.060070473755213016 0.035371536201682319 0.035375947114445416 0.32857126828445044 0.29688617005463569 0.018882313569298231 -0.2310362820418298 -0.066917940282314278 0.22096418875867763 0.37499615693533861 0.1552190932420503
leaf_weight=41 872 1908 197 1063 958 57 23 491 366 166 631 431 189 151 449 409 383 31 20 3065 178 51 23 31 1907 44 326 123 27 226
leaf_count=41 872 1908 197 1063 958 57 23 491 366 166 631 431 189 151 449 409 383 31 20 3065 178 51 23 31 1907 44 326 123 27 226
internal_value=-0.000324972 -0.0331564 0.149971 -0.0716845 -0.123105 0.0129856 0.224007 0.0226845 0.0976045 0.0586242 -0.0415498 -0.167469 0.285141 0.0864512 0.0123424 0.244178 -0.0994558 0.175415 0.03434 -0.0477062 -0.0571906 -0.00348583 0.126504 0.429515 0.0215121 -0.0624901 -0.0110534 0.26412 0.13543 0.178674
internal_weight=14837 12177 2660 6636 2452 5541 1102 5101 1558 1038 4184 1389 652 192 4610 463 440 520 2376 3992 3287 705 74 54 1927 3109 2234 154 450 253
internal_count=14837 12177 2660 6636 2452 5541 1102 5101 1558 1038 4184 1389 652 192 4610 463 440 520 2376 3992 3287 705 74 54 1927 3109 2234 154 450 253
is_linear=0
shrinkage=0.05


Tree=13
num_leaves=31
num_cat=0
split_feature=1 13 2 10 13 2 10 4 5 0 14 0 1 2 0 2 5 2 11 1 9 0 5 5 4 5 10 9 5 10
split_gain=26550.4 7595.31 4625.99 3470.82 2627.75 2564.77 2409.25 1620.08 1593.46 1487.75 1287.73 1122.33 1113.6 1094.39 971.726 895.41 797.538 728.454 635.927 545.658 543.599 592.586 538.935 460.786 450.902 406.604 385.222 364.967 351.242 342.96
threshold=13.565000000000003 9.5650000000000031 14.305000000000001 1399714.5000000002 19.945000000000004 22.225000000000005 1136532.3500000003 -7.6450000000000005 0.085215176508346688 22.500000000000004 11.005000000000001 29.500000000000004 16.795000000000005 9.8650000000000002 26.500000000000004 21.835000000000004 0.070696362972995058 15.415000000000001 -4.1019594999999986 7.563333333333337 13.942947500000001 29.500000000000004 0.061443934435636477 0.028839225906083728 11.075000000000001 0.066423118158594183 1546713.4500000002 19.081299000000005 0.10198879735379958 2077595.3
decision_type=2 2 2 2 2 2 2 2 2 2 2 2 2 2 2 2 2 2 2 2 2 2 2 2 2 2 2 2 2 2
left_child=1 3 4 10 7 22 12 -2 14 -10 13 -9 -4 -1 25 -8 19 27 -11 -15 28 -22 -5 -7 -21 29 -19 -16 -6 -3
right_child=2 8 6 5 20 23 15 11 9 18 -12 -13 -14 16 17 -17 -18 26 -20 24 21 -23 -24 -25 -26 -27 -28 -29 -30 -31
leaf_value=0.30556475346287093 0.55487054735561836 -0.036826692779791677 0.064663488634287211 -0.11244927298712851 0.13903017408046567 -0.28460998434660723 -0.026266670390723806 0.10241163494251977 0.048132420302687252 0.47925977635951278 0.018189596944841381 0.2042553074253326 0.15979222937725313 -0.10370622402763055 0.063075505518880234 -0.27069537775671998 -0.020238332535107532 0.022426031403630815 0.18405967687571545 -0.054899759025602825 0.17339245580136775 0.38260657326402991 -0.043564767881202872 -0.18486484018530083 -0.19808484792177167 0.0020049508141676831 -0.078354125765651858 0.1705510150291957 0.34152554065892193 -0.16824047340537018
leaf_weight=21 25 785 880 681 61 160 202 607 512 21 689 488 473 806 310 46 1186 1194 139 3027 40 220 487 419 56 1007 103 106 33 53
leaf_count=21 25 785 880 681 61 160 202 607 512 21 689 488 473 806 310 46 1186 1194 139 3027 40 220 487 419 56 1007 103 106 33 53
internal_value=-0.000308724 -0.0345078 0.130504 -0.0646183 0.194418 -0.126382 0.07166 0.156886 0.0191073 0.0897211 -0.0459662 0.147799 0.0979199 -0.0546404 0.00577046 -0.0716043 -0.0561309 0.0328885 0.222805 -0.0670768 0.313165 0.35042 -0.0837277 -0.212428 -0.0575006 -0.0194074 0.0144227 0.0904611 0.210119 -0.0451381
internal_weight=14837 11762 3075 7532 1474 1747 1601 1120 4230 672 5785 1095 1353 5096 3558 248 5075 1713 160 3889 354 260 1168 579 3083 1845 1297 416 94 838
internal_count=14837 11762 3075 7532 1474 1747 1601 1120 4230 672 5785 1095 1353 5096 3558 248 5075 1713 160 3889 354 260 1168 579 3083 1845 1297 416 94 838
is_linear=0
shrinkage=0.05


Tree=14
num_leaves=31
num_cat=0
split_feature=13 1 13 2 14 12 2 4 3 10 5 12 9 4 5 0 12 0 12 12 13 1 5 0 0 3 13 13 2 2
split_gain=24125.8 5481.36 5015.96 2943.15 2282.02 1922.29 1665.44 1613.41 1225.77 1191.73 1185.95 1048.4 799.211 747.917 728.457 728.362 689.622 659.474 653.937 643.117 626.915 609.946 599.234 562.717 561.179 557.042 555.771 514.012 511.657 507.763
threshold=11.825000000000001 8.7616666666666685 17.455000000000002 19.755000000000006 12.325000000000001 484869.85000000009 11.765000000000002 6.2650000000000006 21.075000000000003 1505049.0000000002 0.10055305703567737 -477321.46999999991 21.204849000000006 7.1450000000000005 0.086918739848144994 26.500000000000004 -736655.74999999988 30.500000000000004 198974.85000000012 -812662.34999999998 19.945000000000004 11.326666666666668 0.091116183730090824 29.500000000000004 26.500000000000004 9.6750000000000025 27.005000000000006 7.535000000000001 27.405000000000005 15.465000000000002
decision_type=2 2 2 2 2 2 2 2 2 2 2 2 2 2 2 2 2 2 2 2 2 2 2 2 2 2 2 2 2 2
left_child=1 3 6 11 7 10 8 14 16 -5 12 22 -4 -6 18 -8 -2 -18 21 -16 -14 -3 -1 -7 -21 -13 -12 -27 -11 -17
right_child=2 4 5 9 13 23 15 -9 -10 28 26 25 20 -15 19 29 17 -19 -20 24 -22 -23 -24 -25 -26 27 -28 -29 -30 -31
leaf_value=0.010506074479654209 0.39172436793645227 -0.023926788550207578 0.13584350326887357 -0.10101802425424307 0.084312830718665605 -0.074010398668738514 0.0047331908108597283 -0.11323909582505967 0.48718191909044983 -0.15522686502640309 0.29635265992171522 0.14626657587866629 0.17773608010910785 -0.19969009472212446 0.32170297030359507 0.11233335766473632 0.089281006589195716 0.22414563053004122 -0.077313845970080258 0.017288704805441885 0.29005013387948275 0.01751239650531277 0.29155104428529743 0.15665309250354767 0.22240972835570574 -0.094058579897550357 0.53380272010962171 -0.045210483092554044 -0.24708552485324231 0.049495564754096333
leaf_weight=367 24 3534 353 912 680 78 632 435 25 403 138 31 247 24 20 462 428 115 439 452 250 1186 20 40 36 979 30 1197 243 1057
leaf_count=367 24 3534 353 912 680 78 632 435 25 403 138 31 247 24 20 462 428 115 439 452 250 1186 20 40 36 979 30 1197 243 1057
internal_value=-0.000293287 -0.0382276 0.106869 -0.0835034 -0.0106071 0.19522 0.0702793 -0.0204412 0.144544 -0.137822 0.217364 -0.0508787 0.193372 0.0746309 -0.013318 0.0498402 0.129436 0.117843 -0.0189433 0.0438097 0.234232 -0.0135143 0.0250304 0.00418062 0.0324206 -0.0641894 0.338754 -0.0671876 -0.189781 0.0686075
internal_weight=14837 10958 3879 4152 6806 1136 2743 6102 592 1558 1018 2594 850 704 5667 2151 567 543 5159 508 497 4720 387 118 488 2207 168 2176 646 1519
internal_count=14837 10958 3879 4152 6806 1136 2743 6102 592 1558 1018 2594 850 704 5667 2151 567 543 5159 508 497 4720 387 118 488 2207 168 2176 646 1519
is_linear=0
shrinkage=0.05


Tree=15
num_leaves=31
num_cat=0
split_feature=13 1 5 2 13 0 12 0 12 1 13 2 0 2 5 1 2 12 7 9 1 12 0 12 12 10 2 12 13 5
split_gain=21998.5 6067.59 3288.99 3040.79 2955.97 2088.8 1923.2 1557.05 1432.32 1202.87 976.953 819.772 755.45 737.683 693.029 672.425 644.851 644.179 642.614 607.706 561.653 529.658 488.11 436.316 432.889 384.533 376.47 437.212 376.226 375.448
threshold=13.215000000000002 10.236666666666672 0.070003503850804713 22.225000000000005 19.355000000000004 32.500000000000007 328266.60000000003 25.500000000000004 -1077382.4999999998 14.940000000000003 8.4050000000000029 11.275 26.500000000000004 10.275 0.036133694544079546 15.656666666666675 31.665000000000003 -477321.46999999991 1.5000000000000002 20.339538500000003 1.0000000180025095e-35 1245827.1100000001 28.500000000000004 -11208.924999999987 -465222.74500000005 2642239.6000000006 13.515000000000002 -933544.68499999982 1.0050000000000001 0.062794350755661046
decision_type=2 2 2 2 2 2 2 2 2 2 2 2 2 2 2 2 2 2 2 2 2 2 2 2 2 2 2 2 2 2
left_child=1 3 7 8 12 14 9 -2 11 18 20 -1 -4 -6 -5 -9 29 -14 24 -15 -10 -17 -21 -12 -3 -16 27 -20 -13 -8
right_child=2 6 4 5 13 -7 16 15 10 -11 23 28 17 19 25 21 -18 -19 26 22 -22 -23 -24 -25 -26 -27 -28 -29 -30 -31
leaf_value=0.38266059075083053 -0.080593419232609459 0.22810037497650174 0.092338409620684625 -0.21250460472662036 0.38476771301810297 -0.044520206162808107 -0.11804582293821025 0.044746958046276902 0.13760182629613316 0.096639605948095855 0.020159659536537537 -0.013920091067440807 0.3773953867248363 0.11930829237898191 -0.1130367710305919 0.13566767701205518 -0.31381957195699217 0.15927850974073252 0.2638122582435608 0.11700564230213295 -0.066809589548318379 -0.12658874709159137 0.31533880085141086 -0.03248977136785635 0.045882176781391733 -0.23957199960508768 -0.0056120776035269507 0.027252524081899224 0.12465555041635526 -0.0027548267316349125
leaf_weight=21 160 34 579 414 131 593 204 489 34 489 508 100 36 75 513 515 32 567 20 37 2889 20 192 1746 788 68 2519 835 96 108
leaf_count=21 160 34 579 414 131 593 204 489 34 489 508 100 36 75 513 515 32 567 20 37 2889 20 192 1746 788 68 2519 835 96 108
internal_value=0.00159918 -0.0278265 0.12778 -0.0579871 0.174142 -0.118801 0.0140468 0.0644623 -0.0400834 0.0224253 -0.0453584 0.085764 0.133131 0.285579 -0.163071 0.0871273 -0.100061 0.1723 0.0137764 0.242837 -0.0644319 0.125864 0.283294 -0.0206238 0.0534192 -0.127846 0.00411834 0.0327861 0.0539537 -0.0781374
internal_weight=14812 12011 2801 6982 1617 1588 5029 1184 5394 4685 5177 217 1182 435 995 1024 344 603 4196 304 2923 535 229 2254 822 581 3374 855 196 312
internal_count=14812 12011 2801 6982 1617 1588 5029 1184 5394 4685 5177 217 1182 435 995 1024 344 603 4196 304 2923 535 229 2254 822 581 3374 855 196 312
is_linear=0
shrinkage=0.05


Tree=16
num_leaves=31
num_cat=0
split_feature=13 1 12 1 5 13 4 2 12 5 5 9 0 4 14 12 0 13 1 0 7 5 10 12 9 2 2 11 0 2
split_gain=19960.5 4612.52 4201.61 3476.95 2145.08 1669.38 1551.51 1502.64 1215.04 1074.22 954.49 946.843 940.155 928.237 906.202 893.742 838.566 834.715 747.79 680.302 630.356 623.246 606.605 587.891 512.35 498.032 495.977 421.601 392.861 352.31
threshold=11.525 15.868333333333336 198974.85000000012 11.103333333333337 0.10055305703567737 7.6750000000000007 8.879999999999999 24.185000000000006 -1317281.5499999996 0.057553958288200736 0.06894174766510533 21.685455000000001 32.500000000000007 -6.3649999999999984 13.190000000000001 -159051.05000000002 25.500000000000004 20.005000000000006 20.606666666666673 30.500000000000004 2.5000000000000004 0.038872691891329879 2254347.6500000004 351608.00000000006 25.366851500000006 10.795000000000002 14.395000000000001 -1.1014708000000006 28.500000000000004 10.025
decision_type=2 2 2 2 2 2 2 2 2 2 2 2 2 2 2 2 2 2 2 2 2 2 2 2 2 2 2 2 2 2
left_child=2 8 3 5 6 9 11 22 -2 12 19 23 21 -6 -5 25 -12 28 27 -10 -19 -1 -4 -3 -18 -7 -24 -15 -13 -11
right_child=1 4 7 14 13 15 -8 -9 10 29 16 17 -14 18 -16 -17 24 20 -20 -21 -22 -23 26 -25 -26 -27 -28 -29 -30 -31
leaf_value=-0.17173014687468249 0.42586166939952164 0.12727821518336355 -0.060570769026375405 0.016289558690774596 0.64020400643348696 0.21493468094384297 -0.16484086642041804 -0.20945391024194648 -0.038474278725038176 0.17447061736136676 0.052013138995199173 0.028397695395079525 -0.029332145035636525 0.32999962019292933 0.096938909365793441 -0.026091602085851429 0.10131858343771119 0.36765466860681772 0.40136932940467407 0.043461029482731846 0.19635331978668169 -0.092364208997875716 -0.032908106799906404 -0.020200263005499913 0.21196420946838082 0.031027203004455595 -0.18515137066873658 0.12260544614299485 0.17350632126764653 -0.03671426702995579
leaf_weight=317 22 552 656 1686 20 40 40 342 334 20 829 55 485 38 439 3190 357 100 76 1049 116 1126 71 77 148 462 217 69 307 1572
leaf_count=317 22 552 656 1686 20 40 40 342 334 20 829 55 485 38 439 3190 357 100 76 1049 116 1126 71 77 148 462 217 69 307 1572
internal_value=0.00151923 0.09395 -0.0349293 -0.0232593 0.16606 -0.0398215 0.141523 -0.119659 0.0557756 -0.064458 0.052779 0.151676 -0.0895574 0.316788 0.0329508 -0.0163327 0.0829538 0.197873 0.281442 0.0236733 0.275659 -0.109799 -0.0871279 0.109224 0.133745 0.0456812 -0.147619 0.196259 0.151459 -0.0340612
internal_weight=14812 4189 10623 9337 1450 7212 1247 1286 2739 3520 2717 1207 1928 203 2125 3692 1334 578 183 1383 216 1443 944 629 505 502 288 107 362 1592
internal_count=14812 4189 10623 9337 1450 7212 1247 1286 2739 3520 2717 1207 1928 203 2125 3692 1334 578 183 1383 216 1443 944 629 505 502 288 107 362 1592
is_linear=0
shrinkage=0.05


Tree=17
num_leaves=31
num_cat=0
split_feature=13 13 12 14 0 13 2 2 5 0 5 13 12 2 2 12 2 9 5 12 10 12 2 9 11 14 12 3 7 11
split_gain=18014.3 4202 3791.96 2549.46 1737.76 1585.84 1485.65 1356.13 1248.83 1212.11 1086.33 1028.32 890.588 728.328 708.732 676.515 663.741 618.574 612.308 611.866 547.461 487.353 447.619 436.309 435.583 419.322 415.523 367.935 337.318 408.299
threshold=11.525 16.750000000000004 198974.85000000012 11.885000000000003 30.500000000000004 8.4450000000000021 16.145000000000003 24.185000000000006 0.057553958288200736 32.500000000000007 0.091116183730090824 19.355000000000004 -477321.46999999991 25.955000000000002 10.275 651540.75000000012 9.6750000000000025 19.264999500000005 0.1122964854537823 -1234058.1099999996 2254347.6500000004 41012.160000000098 14.395000000000001 13.082046500000002 -6.4830321999999994 16.750000000000004 -540012.34999999986 11.195000000000002 2.5000000000000004 -0.20912175000000002
decision_type=2 2 2 2 2 2 2 2 2 2 2 2 2 2 2 2 2 2 2 2 2 2 2 2 2 2 2 2 2 2
left_child=2 10 3 5 6 8 18 20 9 13 15 -6 -12 -1 21 -2 -10 -16 -3 -7 -4 -13 -22 26 -21 -5 -18 -28 29 -19
right_child=1 4 7 25 11 19 -8 -9 16 -11 12 14 -14 -15 17 -17 23 28 -20 24 22 -23 -24 -25 -26 -27 27 -29 -30 -31
leaf_value=-0.080921644050452407 0.048245171486130722 0.11187263412866742 -0.057542230688349953 0.047453466712047331 0.15208620970297973 0.18986395764397457 -0.10532216399996763 -0.19898121727260146 0.25747033662739255 -0.022025550990953244 0.35952489755485056 0.31913227156318469 0.10744850526631311 -0.16522986547910731 0.097567664245764421 -0.079734713439312252 0.10327844358980656 0.18011202785289951 0.39582934111356738 0.11159587672813552 -0.031262701752261111 0.58750251162619826 -0.17589380355114076 -0.047776588724405919 -0.0094231587978841763 0.14708176631559619 0.048873422077393591 -0.02503987717202897 0.2003426130445275 0.38137265763112477
leaf_weight=1453 2353 374 656 681 451 40 84 342 21 814 39 87 345 311 75 108 83 36 20 76 71 21 217 1110 3433 125 203 987 112 84
leaf_count=1453 2353 374 656 681 451 40 84 342 21 814 39 87 345 311 75 108 83 36 20 76 71 21 217 1110 3433 125 203 987 112 84
internal_value=0.00144326 0.0892525 -0.0331828 -0.0220963 0.162112 -0.0301271 0.0855855 -0.113676 -0.0483221 -0.0724959 0.0548333 0.204351 0.13305 -0.0957855 0.26115 0.0426288 -0.0223985 0.222395 0.126287 -0.00458548 -0.0827715 0.371315 -0.140238 -0.0248649 -0.00680206 0.0629045 -0.00488684 -0.0124311 0.262749 0.320994
internal_weight=14812 4189 10623 9337 1344 8531 478 1286 4982 2578 2845 866 384 1764 415 2461 2404 307 394 3549 944 108 288 2383 3509 806 1273 1190 232 120
internal_count=14812 4189 10623 9337 1344 8531 478 1286 4982 2578 2845 866 384 1764 415 2461 2404 307 394 3549 944 108 288 2383 3509 806 1273 1190 232 120
is_linear=0
shrinkage=0.05


Tree=18
num_leaves=31
num_cat=0
split_feature=13 1 2 2 1 10 12 0 12 13 1 4 0 5 4 2 2 12 10 0 13 9 10 12 12 12 13 5 11 11
split_gain=16360.6 4606.88 2576.73 2303.03 1616.61 1523.04 1483.06 1242.5 1193 968.42 913.535 848.113 811.194 710.305 697.605 668.206 656.017 554.191 545.771 510.348 507.379 480.95 591.899 446.333 412.936 412.42 388.499 324.052 319.453 309.521
threshold=13.215000000000002 10.236666666666672 12.215000000000002 22.225000000000005 19.983333333333338 125780.17000000003 814213.72499999998 26.500000000000004 -1077382.4999999998 16.125000000000004 15.353333333333337 -9.0699999999999967 30.500000000000004 0.075500193809495492 3.4000000000000017 16.705000000000002 11.275 -764706.29999999993 2762794.6000000006 30.500000000000004 7.535000000000001 23.589935000000004 1798776.9000000001 52177.275000000089 43245.802000000003 -1143944.8749999998 19.535000000000004 0.034849276721119524 1.6939394700000003 -4.4646299999999988
decision_type=2 2 2 2 2 2 2 2 2 2 2 2 2 2 2 2 2 2 2 2 2 2 2 2 2 2 2 2 2 2
left_child=1 3 4 8 11 -5 10 15 16 -9 14 -2 13 20 25 -4 -1 -13 27 -19 -10 22 -11 -12 -21 -3 -23 28 -7 -27
right_child=2 6 7 5 -6 18 -8 9 12 21 23 17 -14 -15 -16 -17 -18 19 -20 24 -22 26 -24 -25 -26 29 -28 -29 -30 -31
leaf_value=0.34574130305222106 0.39953614654800584 0.21368750535227635 0.030010354923096057 -0.04469329507869102 0.30318281278296405 -0.19951653813330777 -0.14184512055867557 0.054122726345225108 -0.077631871456881538 0.12170197351119137 0.10692110674326274 0.36412754869461061 0.018240837286002183 -0.009934227207611163 -0.035725828398953774 -0.13001734234915094 0.05169220945194402 0.090211356819348415 -0.23520786488162623 0.14427794255255252 -0.039855983471354217 0.14036262893909321 -0.087046906724572187 -0.037926401033426732 0.28793854496907445 0.091605936470167612 0.25956527203057717 -0.10357625176552254 -0.078944483139131175 0.014759824688844096
leaf_weight=21 31 27 319 654 198 222 151 684 1615 413 374 25 544 1041 690 82 196 433 140 229 1977 173 37 62 64 136 113 499 73 3589
leaf_count=21 31 27 319 654 198 222 151 684 1615 413 374 25 544 1041 690 82 196 433 140 229 1977 173 37 62 64 136 113 499 73 3589
internal_value=0.0013711 -0.0240053 0.110188 -0.0502858 0.175559 -0.103211 0.0124813 0.0750069 -0.0347047 0.0969547 0.0172586 0.143246 -0.0395189 -0.0463009 0.0104795 -0.00271351 0.0801486 0.132666 -0.144186 0.124696 -0.0568404 0.136761 0.104538 0.0863235 0.175658 0.0189768 0.18746 -0.128136 -0.16968 0.0175655
internal_weight=14812 12011 2801 6982 980 1588 5029 1821 5394 1420 4878 782 5177 4633 4442 401 217 751 934 726 3592 736 450 436 293 3752 286 794 295 3725
internal_count=14812 12011 2801 6982 980 1588 5029 1821 5394 1420 4878 782 5177 4633 4442 401 217 751 934 726 3592 736 450 436 293 3752 286 794 295 3725
is_linear=0
shrinkage=0.05


Tree=19
num_leaves=31
num_cat=0
split_feature=13 1 1 5 2 14 0 1 4 4 2 5 10 4 0 7 11 4 4 0 5 0 0 7 10 5 1 9 1 14
split_gain=14815.5 3497.55 3195.27 1762.9 1699.87 1502.52 1206.47 1016.56 1066.82 1003.48 947.111 704.116 660.666 534.945 504.959 466.052 574.265 443.139 419.385 371.977 349.489 543.133 417.213 345.239 334.677 334.161 333.028 331.138 348.483 325.878
threshold=11.525 15.868333333333336 8.5150000000000023 0.048297513161976717 13.965000000000002 11.885000000000003 25.500000000000004 19.983333333333338 -7.3249999999999984 5.8700000000000037 10.995000000000003 0.077130742120942578 1564547.5000000002 7.7750000000000021 21.500000000000004 2.5000000000000004 -6.4830321999999994 1.3700000000000003 15.090000000000002 32.500000000000007 0.067590405314035429 30.500000000000004 25.500000000000004 1.5000000000000002 3070087.7500000005 0.028839225906083728 4.7050000000000027 28.078918000000005 28.836666666666673 16.750000000000004
decision_type=2 2 2 2 2 2 2 2 2 2 2 2 2 2 2 2 2 2 2 2 2 2 2 2 2 2 2 2 2 2
left_child=2 10 3 12 7 9 -6 8 -3 15 14 19 -1 29 -2 16 -4 27 -11 24 21 -12 -22 -8 -5 -14 -13 28 -9 -7
right_child=1 4 5 11 6 13 23 17 -10 18 20 26 25 -15 -16 -17 -18 -19 -20 -21 22 -23 -24 -25 -26 -27 -28 -29 -30 -31
leaf_value=-0.086291703133577369 0.078795299322957868 0.50241971853233525 0.17633569355433187 -0.057199732985759012 -0.098633358558570902 0.044999055601097106 0.18966195953034221 0.24367112926989798 0.13920699890442639 -0.068706748561668141 -0.039420614648513284 0.15727308843866925 -0.23359247349569057 -0.19694958730112941 0.1992163688434582 -0.024192777814862707 0.0014401817742358658 0.16588449314133161 -0.20459390370748365 0.047439775201765934 0.029982747112263217 0.036401009860418297 0.094459939360314493 0.088691497108423806 -0.25331741618839176 -0.13854253325448004 0.0040878238599854197 0.47366268965933056 0.41322904303669933 0.13156963387691931
leaf_weight=692 252 21 48 1943 81 691 105 125 542 449 307 40 122 21 133 3505 2115 72 65 85 582 1024 441 437 22 382 314 27 40 129
leaf_count=692 252 21 48 1943 81 691 105 125 542 449 307 40 122 21 133 3505 2115 72 65 85 582 1024 441 437 22 382 314 27 40 129
internal_value=0.00130255 0.080935 -0.0300991 -0.0684002 0.143728 -0.010466 0.0813538 0.190715 0.152755 -0.018996 0.0476931 -0.043721 -0.118006 0.0522365 0.120395 -0.0129297 0.00532136 0.271669 -0.0858909 -0.0549657 0.0358026 0.0189125 0.0577779 0.108252 -0.0593955 -0.161551 0.0213969 0.311338 0.284776 0.0586181
internal_weight=14812 4189 10623 3600 1450 7023 623 827 563 6182 2739 2404 1196 841 385 5668 2163 264 514 2050 2354 1331 1023 542 1965 504 354 192 165 820
internal_count=14812 4189 10623 3600 1450 7023 623 827 563 6182 2739 2404 1196 841 385 5668 2163 264 514 2050 2354 1331 1023 542 1965 504 354 192 165 820
is_linear=0
shrinkage=0.05


Tree=20
num_leaves=31
num_cat=0
split_feature=1 5 13 10 10 13 4 12 2 1 9 7 2 5 10 12 12 13 12 10 9 4 9 2 10 2 7 3 10 9
split_gain=12638.5 3221.24 3089.32 2139.73 1832.83 1647.05 1336.89 983.734 835.98 827.091 795.691 746.614 729.412 684.508 585.753 475.145 430.255 427.995 423.709 416.59 415.011 398.26 405.797 388.263 336.268 326.318 323.023 318.632 325.801 308.699
threshold=12.203333333333338 0.067819603063265371 9.0050000000000008 2138217.5000000005 1150877.0500000003 19.675000000000004 -10.364999999999998 -963769.03999999992 13.715000000000002 16.913333333333341 19.708847000000002 1.5000000000000002 24.385000000000002 0.070249389049877944 1.0000000180025095e-35 -963769.03999999992 160121.44999999998 18.225000000000005 -1077382.4999999998 780594.45000000007 28.849792500000003 -2.8249999999999988 17.063995000000002 28.825000000000003 1632220.9500000002 10.275 1.0000000180025095e-35 10.505000000000001 1000435.4 19.264999500000005
decision_type=2 2 2 2 2 2 2 2 2 2 2 2 2 2 2 2 2 2 2 2 2 2 2 2 2 2 2 2 2 2
left_child=2 4 3 8 9 6 -3 21 18 26 -6 -8 16 24 -15 -13 -5 -16 -1 -10 25 -4 -23 -21 -9 -7 -2 -17 -29 -27
right_child=1 5 7 12 10 20 11 13 19 -11 -12 15 -14 14 17 27 -18 -19 -20 23 -22 22 -24 -25 -26 29 -28 28 -30 -31
leaf_value=0.116665001334229 0.11059611166939139 0.42825697328895329 0.31731696850620211 -0.054874482036767792 -0.14545103590835862 0.26998783630939821 0.15973792194176606 -0.0092827394268401153 -0.039827513311744077 0.11375609716427898 0.019101319334966185 0.28496599323474447 -0.20220265394076706 -0.0067450195666779542 0.046166297888387664 0.12054508289477639 -0.1471688612335888 0.21556927257408509 -0.0095918558554630926 -0.061471089046733242 0.38583338037133219 0.23442869376052511 -0.072853699255557292 -0.13487499068921679 -0.069910796576855228 0.07694573800877802 0.026700249601354854 0.07365063653750778 0.0077323045821685813 0.20149244485899459
leaf_weight=71 125 30 32 280 187 108 316 2218 3162 408 121 26 240 735 848 239 230 39 1037 1199 32 22 21 212 255 70 1397 700 256 172
leaf_count=71 125 30 32 280 187 108 316 2218 3162 408 121 26 240 735 848 239 230 39 1037 1199 32 22 21 212 255 70 1397 700 256 172
internal_value=-0.000162109 0.0733883 -0.0292118 -0.0509466 0.0324616 0.120384 0.0976893 0.00430789 -0.0404674 0.0505374 -0.0808055 0.0912371 -0.130323 0.00102131 0.026263 0.0735089 -0.0964974 0.0536147 -0.00150139 -0.0499086 0.213477 0.183755 0.0843605 -0.0724999 -0.0155343 0.197719 0.0335905 0.0689081 0.0559989 0.165467
internal_weight=14788 4187 10601 6431 2238 1949 1567 4170 5681 1930 308 1537 750 4095 1622 1221 510 887 1108 4573 382 75 43 1411 2473 350 1522 1195 956 242
internal_count=14788 4187 10601 6431 2238 1949 1567 4170 5681 1930 308 1537 750 4095 1622 1221 510 887 1108 4573 382 75 43 1411 2473 350 1522 1195 956 242
is_linear=0
shrinkage=0.05


Tree=21
num_leaves=31
num_cat=0
split_feature=13 1 2 5 9 12 10 1 3 12 10 13 13 1 1 2 12 12 0 2 7 7 12 2 13 0 0 12 1 12
split_gain=11475.3 3509.07 2084.91 1720.09 1338.44 1323.82 1169.27 1095.38 1053.6 993.428 892.489 696.886 551.448 523.013 519.54 484.646 478.046 402.772 382.514 383.477 365.03 334.511 336.441 320.35 317.166 305.941 304.643 394.304 262.845 270.256
threshold=13.705000000000002 8.9316666666666737 10.795000000000002 0.053433076032287433 22.326660500000003 729840.70000000007 1331562.1000000003 11.586666666666671 18.315000000000001 -287891.54999999987 1956861.5000000002 20.005000000000006 9.8250000000000011 28.836666666666673 16.661666666666669 10.155000000000003 -812662.34999999998 -78117.824999999997 27.500000000000004 19.755000000000006 1.5000000000000002 1.5000000000000002 268474.6500000002 24.385000000000002 10.755000000000001 30.500000000000004 31.500000000000004 61993.493000000039 17.185000000000006 -255754.45000000004
decision_type=2 2 2 2 2 2 2 2 2 2 2 2 2 2 2 2 2 2 2 2 2 2 2 2 2 2 2 2 2 2
left_child=1 3 8 10 6 7 28 12 13 15 -1 18 -3 16 20 -5 -2 -14 -6 -20 -9 -13 -23 -12 -17 -11 -18 -28 29 -4
right_child=2 5 4 9 11 -7 -8 14 -10 25 23 21 17 -15 -16 24 26 -19 19 -21 -22 22 -24 -25 -26 -27 27 -29 -30 -31
leaf_value=-0.070862561668584317 0.39691541649401191 -0.024822068805989254 0.15661822141015105 0.25237841040361675 0.020290679398637552 -0.11166075265938964 -0.070306864701350155 0.065194846850756438 0.48772937602230482 -0.049323937509193526 -0.10822770821443393 0.34428502399670452 0.070786999759240812 0.39372953438758851 0.09431879746663846 0.014288121979928545 0.10828828172561289 0.0015026301754890348 0.15061575034950778 0.038760547318002762 0.013326795592150616 0.21966269218132028 0.04486884673436483 -0.18867480502982115 0.21748942520469428 0.02433451827941769 0.16186592732814864 0.36112505324184896 0.10395558671229276 0.043216850040028537
leaf_weight=1463 20 2724 56 24 117 255 188 411 28 1943 247 38 238 25 281 482 227 1768 308 102 1942 117 36 248 20 152 144 30 304 850
leaf_count=1463 20 2724 56 24 117 255 188 411 28 1943 247 38 238 25 281 482 227 1768 308 102 1942 117 36 248 20 152 144 30 304 850
internal_value=-0.000154004 -0.0204497 0.0954315 -0.0550424 0.0741993 0.000340524 0.0457008 0.00421889 0.190215 -0.0285554 -0.0904982 0.129688 -0.0101715 0.171537 0.0300605 0.0328778 0.158343 0.00972281 0.100033 0.122788 0.0223866 0.211511 0.178535 -0.148533 0.0223838 -0.0439797 0.146444 0.196221 0.0637252 0.0502262
internal_weight=14788 12198 2590 4579 2116 7619 1398 7364 474 2621 1958 718 4730 446 2634 526 421 2006 527 410 2353 191 153 495 502 2095 401 174 1210 906
internal_count=14788 12198 2590 4579 2116 7619 1398 7364 474 2621 1958 718 4730 446 2634 526 421 2006 527 410 2353 191 153 495 502 2095 401 174 1210 906
is_linear=0
shrinkage=0.05


Tree=22
num_leaves=31
num_cat=0
split_feature=13 1 5 0 5 0 4 14 9 5 10 10 12 12 1 12 11 2 0 9 2 12 2 10 10 1 10 1 10 7
split_gain=10390.3 2579.82 2197.76 1635.41 1391.23 1341.38 1146.88 986.097 873.215 799.895 764.366 700.069 694.78 680.635 501.677 453.628 434.493 462.788 407.417 406.025 398.981 382.593 368.677 358.934 528.467 357.106 338 333.356 367.304 326.933
threshold=11.825000000000001 8.8216666666666743 0.067819603063265371 26.500000000000004 0.053433076032287433 30.500000000000004 4.3449999999999998 13.140000000000002 22.4818575 0.10198879735379958 1956861.5000000002 136836.65500000003 -287891.54999999987 -1026720.2749999999 15.353333333333337 534676.15000000002 -4.4646299999999988 11.385000000000003 30.500000000000004 25.014801000000002 10.995000000000003 -963769.03999999992 10.155000000000003 647442.43000000017 751960.62500000012 15.040000000000003 2077595.3 10.786666666666667 654230.31000000017 4.5000000000000009
decision_type=2 2 2 2 2 2 2 2 2 2 2 2 2 2 2 2 2 2 2 2 2 2 2 2 2 2 2 2 2 2
left_child=1 4 5 13 10 19 7 16 9 -5 -1 -11 22 -4 -7 -8 17 -3 -10 26 25 29 -6 -20 -25 -15 -2 -23 -29 -18
right_child=2 6 3 8 12 14 15 -9 18 11 -12 -13 -14 20 -16 -17 21 -19 23 -21 -22 27 -24 24 -26 -27 -28 28 -30 -31
leaf_value=-0.068687675111431687 -0.038637174841461119 0.28483860502019526 0.33234649327668281 0.079214492388928193 0.2180482507156937 0.028485795011016342 -0.042040627333429538 0.075507227052261539 0.12689310035568738 0.11358936509636582 -0.1415062118908505 0.36596762580424547 -0.043914652389414964 0.054517364913630198 0.091844537623725367 -0.13578290028384871 0.20352186683099718 0.042049627768766175 0.15834505913862543 0.13837120307236911 0.026854690846563192 -0.019001589076554647 0.013055163511551341 0.4945102988318964 0.23645304215053042 0.15949263272950284 -0.14823974471802664 0.016385209849005145 -0.035784981138599313 -0.014830348420267304
leaf_weight=1378 243 22 22 512 23 853 725 428 159 61 488 50 1894 215 493 157 40 182 134 25 613 2878 473 22 202 130 99 1823 414 30
leaf_count=1378 243 22 22 512 23 853 725 428 159 61 488 50 1894 215 493 157 40 182 134 25 613 2878 473 22 202 130 99 1823 414 30
internal_value=-0.000146303 -0.0249372 0.0707079 0.104741 -0.0553785 0.0285887 -0.00559728 0.00245852 0.145458 0.105594 -0.0877313 0.227273 -0.0301189 0.0573764 0.0516922 -0.0587272 -0.00334308 0.0682328 0.193495 -0.0561452 0.0510618 -0.00615918 0.0225609 0.223075 0.261798 0.0940733 -0.0703642 -0.00774806 0.00673011 0.109942
internal_weight=14788 10955 3833 2120 4256 1713 6699 5817 1140 623 1866 111 2390 980 1346 882 5389 204 517 367 958 5185 496 358 224 345 342 5115 2237 70
internal_count=14788 10955 3833 2120 4256 1713 6699 5817 1140 623 1866 111 2390 980 1346 882 5389 204 517 367 958 5185 496 358 224 345 342 5115 2237 70
is_linear=0
shrinkage=0.05


Tree=23
num_leaves=31
num_cat=0
split_feature=1 13 10 12 13 12 2 0 2 5 11 2 5 0 9 2 0 7 12 2 12 2 2 3 9 11 9 10 12 0
split_gain=9445.58 3079.39 1816.6 1814.77 1410.73 904.153 766.197 884.929 692.4 652.621 662.641 642.562 590.669 1034.34 724.586 567.222 469.314 468.244 465.535 463.971 452.729 439.662 354.693 382.882 364.84 341.229 346.778 345.361 316.304 303.83
threshold=13.84166666666667 9.6750000000000025 2138217.5000000005 500296.98500000004 17.455000000000002 -1143944.8749999998 13.665000000000001 32.500000000000007 25.955000000000002 0.10346613183288232 -2.1083832499999997 24.385000000000002 0.070497007666456071 26.500000000000004 22.4818575 21.605000000000004 32.500000000000007 1.0000000180025095e-35 155567.90500000006 26.145000000000003 -1077382.4999999998 12.505000000000001 10.155000000000003 12.335000000000003 28.078918000000005 1.8495030000000015 6.7427672500000009 313438.45000000007 -428331.04999999987 28.500000000000004
decision_type=2 2 2 2 2 2 2 2 2 2 2 2 2 2 2 2 2 2 2 2 2 2 2 2 2 2 2 2 2 2
left_child=1 2 6 4 9 21 20 8 28 17 -11 18 16 -14 -15 -5 -7 -2 -4 -9 -1 -3 23 -6 -24 26 27 -19 -8 -22
right_child=3 5 11 15 22 12 7 19 -10 10 -12 -13 13 14 -16 -17 -18 25 -20 -21 29 -23 24 -25 -26 -27 -28 -29 -30 -31
leaf_value=0.12223679182168685 0.17344984227661478 0.40708893706090754 -0.040027956436783571 -0.0083361241626989085 0.17755355142815799 -0.025403898682882953 -0.0011554289967887084 0.020207691066459678 -0.117065748471543 0.3897541784246763 0.10273945752119065 -0.1772913896612304 0.013149145071126137 0.058670109778417703 0.20422668247853243 -0.1920240121630003 0.018095515049951303 0.12137546754960155 -0.13061556390020998 -0.036895437746510919 -0.01059313858457319 0.10444019948442779 0.11679858291422654 0.38709105688792012 0.2281293950315722 0.0049561196252379458 0.047314762441991627 -0.01797186301703857 -0.049213042636857995 0.082453987472935739
leaf_weight=76 86 20 318 203 135 1262 382 804 358 30 61 244 1344 266 126 53 1219 347 256 638 1147 30 649 26 83 293 884 51 3302 95
leaf_count=76 86 20 318 203 135 1262 382 804 358 30 61 244 1344 266 126 53 1219 347 256 638 1147 30 649 26 83 293 884 51 3302 95
internal_value=-0.000138988 -0.0198799 -0.0389236 0.0807505 0.0930536 0.0141282 -0.0304575 -0.0386843 -0.0506809 0.0669838 0.19736 -0.109322 0.011622 0.0339927 0.105456 -0.0463653 -0.00403115 0.0598409 -0.0804294 -0.00505708 0.00377299 0.2255 0.144201 0.211392 0.129422 0.0536375 0.0647636 0.103519 -0.0442299 -0.00347601
internal_weight=14788 11887 7620 2901 2645 4267 6802 5484 4042 1752 91 818 4217 1736 392 256 2481 1661 574 1442 1318 50 893 161 732 1575 1282 398 3684 1242
internal_count=14788 11887 7620 2901 2645 4267 6802 5484 4042 1752 91 818 4217 1736 392 256 2481 1661 574 1442 1318 50 893 161 732 1575 1282 398 3684 1242
is_linear=0
shrinkage=0.05


Tree=24
num_leaves=31
num_cat=0
split_feature=1 5 2 10 0 0 0 0 9 7 10 4 4 12 12 2 2 13 2 4 12 13 4 1 4 2 9 12 1 1
split_gain=8542.85 2278.66 2243.92 1842.4 1421.93 1302.08 1049.75 902.234 739.179 677.922 662.063 817.526 658.21 657.508 618.695 588.994 516.524 481.749 439.052 374.355 373.344 328.479 321.945 311.085 458.998 641.263 294.057 287.776 281.629 280.596
threshold=12.203333333333338 0.067819603063265371 15.415000000000001 2077595.3 30.500000000000004 26.500000000000004 32.500000000000007 26.500000000000004 22.4818575 2.5000000000000004 136836.65500000003 -6.3649999999999984 -6.3649999999999984 -1391554.6300000001 41012.160000000098 25.955000000000002 26.535000000000004 16.125000000000004 10.505000000000001 -6.1649999999999983 155567.90500000006 7.6750000000000007 -1.659999999999999 19.983333333333338 2.0200000000000027 10.705000000000002 19.708847000000002 -812662.34999999998 18.581666666666674 4.3333333333333348
decision_type=2 2 2 2 2 2 2 2 2 2 2 2 2 2 2 2 2 2 2 2 2 2 2 2 2 2 2 2 2 2
left_child=2 4 7 6 14 12 15 13 -9 10 -7 -12 -3 19 -2 21 -8 -6 -10 -1 22 27 -5 -13 25 -25 -16 -4 -14 -24
right_child=1 5 3 20 17 9 16 8 18 -11 11 23 28 -15 26 -17 -18 -19 -20 -21 -22 -23 29 24 -26 -27 -28 -29 -30 -31
leaf_value=0.31177893871068957 0.009257316186079426 0.3244628041135994 0.015096019135136158 0.0026777979143356024 0.033382291322234053 0.10261184147666746 0.017692587384349822 0.0273071835647727 0.34443916992361973 0.096111600429276481 0.50493802687396172 0.16478202958469806 0.03837299090664037 -0.0088916000352781601 -0.13858611516251759 -0.10979494350303094 -0.035615060742848696 0.09973937318158041 0.11356154040658269 0.028979109092192219 -0.14554157008866916 -0.02666922817009151 -0.17897425614119997 0.21261855832611523 0.057469244971871385 0.50730090939750283 -0.0069048613987185746 -0.063809298026593839 0.13864584121998255 -0.060617852532455045
leaf_weight=25 209 22 125 95 1452 199 1180 571 24 527 23 230 773 3413 185 353 739 337 145 22 445 1727 84 48 20 30 55 1529 77 124
leaf_count=25 209 22 125 95 1452 199 1180 571 24 527 23 230 773 3413 185 353 739 337 145 22 445 1727 84 48 20 30 55 1529 77 124
internal_value=-0.000132039 0.0603378 -0.0240154 -0.0426491 0.0259159 0.0998637 -0.0328914 0.00438342 0.0544937 0.136637 0.175468 0.216774 0.0544452 -0.00633382 -0.0536379 -0.0483377 -0.002836 0.0458822 0.146349 0.179405 -0.116393 -0.0419211 -0.0735844 0.196567 0.271164 0.325958 -0.108409 -0.0578461 0.0474565 -0.108416
internal_weight=14788 4187 10601 6401 2238 1949 5653 4200 740 1077 550 351 872 3460 449 3734 1919 1789 169 47 748 3381 303 328 98 78 240 1654 850 208
internal_count=14788 4187 10601 6401 2238 1949 5653 4200 740 1077 550 351 872 3460 449 3734 1919 1789 169 47 748 3381 303 328 98 78 240 1654 850 208
is_linear=0
shrinkage=0.05


Tree=25
num_leaves=31
num_cat=0
split_feature=13 1 12 1 12 12 13 2 5 12 11 4 9 14 10 1 10 7 10 11 1 2 9 2 14 12 2 7 12 9
split_gain=8289.99 2194.8 2023.5 1555.17 1063.65 983.547 831.285 684.604 639.118 607.008 568.589 554.623 533.58 522.039 481.946 473.133 465.218 461.094 541.076 521.895 523.649 431.237 418.674 408.757 422.67 388.64 344.248 337.265 305.486 484.732
threshold=11.525 17.185000000000006 239466.52000000005 10.726666666666672 -963769.03999999992 484869.85000000009 7.535000000000001 26.745000000000001 0.093589155393921111 -139257.62499999985 -2.6913147499999988 -0.73999999999999921 5.5880738500000007 13.005000000000001 2328815.5000000005 1.0000000180025095e-35 2292909.1500000004 2.5000000000000004 622003.78000000014 0.96119649999999901 20.606666666666673 10.505000000000001 26.350723500000004 19.535000000000004 7.7150000000000007 651540.75000000012 9.2900000000000009 2.5000000000000004 -492366.1999999999 14.779312000000003
decision_type=2 2 2 2 2 2 2 2 2 2 2 2 2 2 2 2 2 2 2 2 2 2 2 2 2 2 2 2 2 2
left_child=2 4 3 6 11 17 15 14 25 21 12 -2 -10 -5 -4 -1 27 18 -3 20 22 -8 -20 28 -25 -6 -19 -7 29 -17
right_child=1 5 7 13 8 16 9 -9 10 -11 -12 -13 -14 -15 -16 23 -18 26 19 -21 -22 -23 -24 24 -26 -27 -28 -29 -30 -31
leaf_value=0.13099773928925798 0.39757733071843782 0.13699409858711117 -0.043191417984064062 0.0051375003285123177 0.03019821907882661 0.21347256251003432 0.19910436710036408 -0.1589350574379787 0.087533381571993238 -0.020974776085560795 0.074489218157779258 0.10053269176772146 0.44839207118465785 0.061495549184002796 -0.12183586745794835 0.093084132258334895 -0.16891548353082994 0.24924365575305926 0.37083495858864024 0.016601994186639785 0.42461022636357781 0.024457746278586628 0.13677632211142085 -0.091855733137999607 -0.035475865596795067 -0.060796592693503321 0.094072876107295825 -0.012248881273287333 -0.04236439336895978 -0.038331419077132722
leaf_weight=37 30 274 674 2205 2551 23 38 250 20 2853 317 33 21 505 274 115 34 39 29 20 47 506 56 838 551 123 428 59 1642 180
leaf_count=37 30 274 674 2205 2551 23 38 250 20 2853 317 33 21 505 274 115 34 39 29 20 47 506 56 838 551 123 428 59 1642 180
internal_value=-0.00087513 0.0595149 -0.0241073 -0.0163621 0.0386373 0.123555 -0.0291911 -0.0853321 0.0344122 -0.0117455 0.0971508 0.241983 0.272363 0.0156396 -0.065922 -0.0468132 -0.0134133 0.141347 0.178964 0.254621 0.290685 0.0366573 0.216632 -0.0487912 -0.0694905 0.0260126 0.107031 0.0510632 -0.033948 0.0128984
internal_weight=14772 4104 10668 9470 3095 1009 6760 1198 3032 3397 358 63 41 2710 948 3363 116 893 426 152 132 544 85 3326 1389 2674 467 82 1937 295
internal_count=14772 4104 10668 9470 3095 1009 6760 1198 3032 3397 358 63 41 2710 948 3363 116 893 426 152 132 544 85 3326 1389 2674 467 82 1937 295
is_linear=0
shrinkage=0.05


Tree=26
num_leaves=31
num_cat=0
split_feature=13 1 12 1 12 12 13 2 5 12 0 11 4 14 0 10 1 10 7 10 11 1 2 9 14 5 9 2 7 9
split_gain=7481.72 1980.81 1826.21 1403.54 959.946 887.651 750.234 617.855 592.28 547.824 539.204 563.118 500.547 471.14 440.945 434.956 427.002 419.859 416.137 488.322 471.01 472.593 389.191 389.034 380.133 421.285 377.854 310.684 304.382 297.356
threshold=11.525 17.185000000000006 239466.52000000005 10.726666666666672 -963769.03999999992 484869.85000000009 7.535000000000001 26.745000000000001 0.070497007666456071 -139257.62499999985 25.500000000000004 -2.8641815000000004 -0.73999999999999921 13.005000000000001 32.500000000000007 2328815.5000000005 1.0000000180025095e-35 2292909.1500000004 2.5000000000000004 622003.78000000014 0.96119649999999901 20.606666666666673 10.505000000000001 5.4701690500000009 8.1150000000000002 0.057553958288200736 26.350723500000004 9.2900000000000009 2.5000000000000004 4.4575960000000006
decision_type=2 2 2 2 2 2 2 2 2 2 2 2 2 2 2 2 2 2 2 2 2 2 2 2 2 2 2 2 2 2
left_child=2 4 3 6 12 18 16 15 14 22 -10 23 -2 29 -6 -4 -1 28 19 -3 21 26 -8 -12 25 -18 -21 -20 -7 -5
right_child=1 5 7 13 8 17 9 -9 10 -11 11 -13 -14 -15 -16 -17 24 -19 27 20 -22 -23 -24 -25 -26 -27 -28 -29 -30 -31
leaf_value=0.12444785277585727 0.37769846677780156 0.13014439372112127 -0.04103184711600541 0.037161649900831109 -0.029305062738607276 0.20279893188372902 0.1891491491274026 -0.15098830451760442 0.031208538519041169 -0.019926037252043529 0.088222677055746324 0.076862273879695256 0.095506059265497961 0.058420771320193715 0.028541286985635364 -0.1157440736390188 -0.078077158203196551 -0.16046970885466127 0.23678147250261064 0.35229321170983646 0.015771896392107011 0.4033797175960338 0.023234858931955173 0.34646976219772113 -0.026513168806640543 -0.029203120719349641 0.12993750192856948 0.089369232411780311 -0.011636438560119625 -0.0055632356265677193
leaf_weight=37 30 274 674 539 463 23 38 250 861 2853 25 506 33 505 1142 274 1244 34 39 29 20 47 506 35 1399 683 56 428 59 1666
leaf_count=37 30 274 674 539 463 23 38 250 861 2853 25 506 33 505 1142 274 1244 34 39 29 20 47 506 35 1399 683 56 428 59 1666
internal_value=-0.000831373 0.0565391 -0.0229019 -0.015544 0.0367055 0.117377 -0.0277316 -0.0810655 0.0326915 -0.0111582 0.0561282 0.0940359 0.229883 0.0148577 0.0118541 -0.0626259 -0.0444725 -0.0127426 0.134279 0.170016 0.24189 0.27615 0.0348245 0.238867 -0.0463517 -0.0607544 0.2058 0.10168 0.0485101 0.00488063
internal_weight=14772 4104 10668 9470 3095 1009 6760 1198 3032 3397 1427 566 63 2710 1605 948 3363 116 893 426 152 132 544 60 3326 1927 85 467 82 2205
internal_count=14772 4104 10668 9470 3095 1009 6760 1198 3032 3397 1427 566 63 2710 1605 948 3363 116 893 426 152 132 544 60 3326 1927 85 467 82 2205
is_linear=0
shrinkage=0.05


Tree=27
num_leaves=31
num_cat=0
split_feature=1 13 10 5 0 13 2 4 0 2 11 9 7 9 2 2 0 2 0 2 11 10 9 4 2 9 1 9 7 2
split_gain=6796.81 2603.72 1268.79 1253.39 836.169 814.333 659.598 639.592 603.737 831.034 529.198 565.55 514.395 504.641 469.351 466.149 433.552 468.444 402.601 362.367 345.165 330.024 326.351 307.704 290.973 272.551 272.101 262.423 252.872 236.218
threshold=14.84 9.5650000000000031 2156083.0000000005 0.068050360511800981 30.500000000000004 20.935000000000006 11.765000000000002 -8.0799999999999965 32.500000000000007 17.255000000000006 -4.29769925 5.2073975000000008 2.5000000000000004 19.989151000000003 22.225000000000005 26.535000000000004 25.500000000000004 17.635000000000002 11.500000000000002 20.885000000000002 -5.8617249269999983 1000435.4 18.023559000000002 2.6300000000000021 12.795000000000002 27.058014000000004 4.7050000000000027 4.5824585000000004 1.5000000000000002 25.955000000000002
decision_type=2 2 2 2 2 2 2 2 2 2 2 2 2 2 2 2 2 2 2 2 2 2 2 2 2 2 2 2 2 2
left_child=1 2 8 4 19 7 10 -5 9 24 11 -3 -9 29 -4 -10 -8 20 -12 -2 27 -14 -22 -7 26 -23 -1 -18 -6 -11
right_child=3 6 14 5 28 23 16 12 15 13 18 -13 21 -15 -16 -17 17 -19 -20 -21 22 25 -24 -25 -26 -27 -28 -29 -30 -31
leaf_value=0.16381762979759112 -0.012301622513681651 0.035275030278024221 -0.06149712684322059 0.37429619520902635 0.12668804556042665 0.2305995813824171 -0.012265429082615317 0.12820451385679318 0.022111646148370013 -0.063279156173847426 -0.013059380269553856 0.39416237402221432 0.080549990900088464 -0.022816906897695249 -0.1390209004973563 -0.033656290664635019 0.086648558584206253 0.00058741362267243733 0.066910954636468983 -0.16262837920624476 0.021751233240968722 -0.056704151054325795 0.093392580813950327 0.063837748806867198 -0.026988746156614181 0.079579599391100778 0.0024849805888223666 0.31489988803863528 0.049899022796570797 -0.11104254613823197
leaf_weight=27 175 21 489 20 126 171 1887 455 974 1228 218 23 401 724 325 609 34 1199 566 52 602 97 216 33 2158 59 816 20 719 328
leaf_count=27 175 21 489 20 126 171 1887 455 974 1228 218 23 401 724 325 609 34 1199 566 52 602 97 216 33 2158 59 816 20 719 328
internal_value=-0.000789805 -0.0153844 -0.0334271 0.0780261 0.0384614 0.112341 0.0135607 0.0942969 -0.0264276 -0.0345463 0.0541439 0.222875 0.0887633 -0.0573018 -0.0924495 0.00065702 0.00507088 0.0208669 0.0446743 -0.0467377 0.0487512 0.0565448 0.0406688 0.203623 -0.0172579 -0.00516094 0.00765222 0.171186 0.0613492 -0.0733475
internal_weight=14772 12464 7678 2308 1072 1236 4786 1032 6864 5281 828 44 1012 2280 814 1583 3958 2071 784 227 872 557 818 204 3001 156 843 54 845 1556
internal_count=14772 12464 7678 2308 1072 1236 4786 1032 6864 5281 828 44 1012 2280 814 1583 3958 2071 784 227 872 557 818 204 3001 156 843 54 845 1556
is_linear=0
shrinkage=0.05


Tree=28
num_leaves=31
num_cat=0
split_feature=1 13 12 12 12 13 4 0 2 2 0 2 9 9 7 12 9 2 0 10 7 3 4 1 7 4 12 2 12 9
split_gain=6135.09 2344.28 1207.83 1195.15 1109.58 1038.81 650.826 591.546 723.541 516.74 734.791 457.562 404.987 403.564 383.331 380.539 435.406 375.969 364.724 325.352 333.004 324.698 317.028 441.527 396.248 315.289 302.557 286.552 272.843 257.303
threshold=14.710000000000003 9.0050000000000008 239466.52000000005 484869.85000000009 -1234058.1099999996 18.975000000000005 -7.6450000000000005 30.500000000000004 20.255000000000006 14.435 25.500000000000004 11.715000000000002 22.4818575 20.472183000000005 1.5000000000000002 -477321.46999999991 15.299301000000002 26.745000000000001 28.500000000000004 2292909.1500000004 2.5000000000000004 11.715000000000002 2.3600000000000008 21.480000000000004 2.5000000000000004 -3.4950000000000006 -101267.21499999997 11.335000000000003 -52564.970000000008 19.835281500000004
decision_type=2 2 2 2 2 2 2 2 2 2 2 2 2 2 2 2 2 2 2 2 2 2 2 2 2 2 2 2 2 2
left_child=1 2 7 5 11 6 -2 8 15 10 -6 -3 -12 -4 -8 16 27 25 -11 20 -5 -14 23 -7 26 -9 -25 -1 -26 -10
right_child=3 4 13 19 9 22 14 17 29 18 12 -13 21 -15 -16 -17 -18 -19 -20 -21 -22 -23 -24 24 28 -27 -28 -29 -30 -31
leaf_value=0.25270440093707291 0.34794543087482455 0.40347658449953255 -0.11001515896072488 0.13842796784958669 0.0091079724272637459 0.12551468192905582 0.11399235984144201 0.083883252016905899 -0.088527782983735093 -0.024383629040637036 0.046025739493479802 0.11958707746118308 0.31202117661419126 -0.030418864783323743 0.049500467539483971 -0.030879395685261907 -0.028665928688633564 -0.033979932600830286 0.010093763866775747 -0.12913505108414544 -0.036689721940716437 0.1110270983668384 0.071427629654417221 0.18480361722982849 0.31719873036657065 0.0061018271545132544 0.39993772284889761 0.053207682296375028 0.11027773051208706 -0.02972435700464994
leaf_weight=20 20 22 631 35 1663 263 280 152 727 1413 388 40 23 213 1301 3180 221 541 1678 67 121 159 115 26 21 912 44 180 66 250
leaf_count=20 20 22 631 35 1663 263 280 152 727 1413 388 40 23 213 1301 3180 221 541 1678 67 121 159 115 26 21 912 44 180 66 250
internal_value=-0.000750315 -0.0147974 -0.0338207 0.0731651 0.0100218 0.0846644 0.0645077 -0.0261619 -0.0353191 0.0075728 0.0258998 0.220322 0.0748908 -0.0899275 0.0609222 -0.0249653 0.0197062 -4.23818e-05 -0.00566701 -0.0369799 0.0025995 0.136427 0.144984 0.165124 0.231476 0.0172135 0.320031 0.0731574 0.160224 -0.0734808
internal_weight=14772 12413 7027 2359 5386 2136 1601 6183 4578 5324 2233 62 570 844 1581 3601 421 1605 3091 223 156 182 535 420 157 1064 70 200 87 977
internal_count=14772 12413 7027 2359 5386 2136 1601 6183 4578 5324 2233 62 570 844 1581 3601 421 1605 3091 223 156 182 535 420 157 1064 70 200 87 977
is_linear=0
shrinkage=0.05


Tree=29
num_leaves=31
num_cat=0
split_feature=13 1 12 1 12 12 7 12 11 2 1 4 14 5 0 10 3 10 7 10 11 12 4 3 0 11 7 11 2 7
split_gain=5557.38 1523.52 1422.19 1099.81 778.331 665.68 616.257 600.98 505.616 473.347 448.397 401.729 387.791 375.198 382.307 366.311 359.613 338.732 321.425 410.356 401.729 424.461 348.19 276.373 270.575 305.665 260.518 245.019 238.258 235.723
threshold=11.525 17.185000000000006 239466.52000000005 10.695000000000004 -963769.03999999992 484869.85000000009 3.5000000000000004 -812662.34999999998 -5.8617249269999983 26.745000000000001 7.8100000000000023 -0.73999999999999921 14.850000000000001 0.070003503850804713 32.500000000000007 2328815.5000000005 9.6750000000000025 2292909.1500000004 2.5000000000000004 622003.78000000014 0.96119649999999901 -85614.774999999951 -0.87 13.765000000000002 25.500000000000004 0.87478649999999913 1.5000000000000002 0.43026699999999979 9.2900000000000009 2.5000000000000004
decision_type=2 2 2 2 2 2 2 2 2 2 2 2 2 2 2 2 2 2 2 2 2 2 2 2 2 2 2 2 2 2
left_child=2 4 3 6 11 18 7 -1 23 15 -8 -2 26 14 -10 -4 -9 29 19 -3 21 -21 -23 -6 -15 -26 -5 -18 -20 -7
right_child=1 5 9 12 8 17 10 16 13 -11 -12 -13 -14 24 -16 -17 27 -19 28 20 -22 22 -24 -25 25 -27 -28 -29 -30 -31
leaf_value=0.081670180765929856 0.33770742575327556 0.11158201853544146 -0.035105645512431054 0.045980691144430673 0.32114989092307433 0.1801999325013679 -0.07221733680212887 0.11317439202081275 -0.030898460619536244 -0.132264329829067 -0.029066464277809324 0.084900438627510358 0.069660473522436483 0.025994407297240188 0.023759902746772848 -0.10366930735542229 -0.0057628612855492693 -0.14328404862214536 0.20638518367822353 0.14744136013090611 0.0051921409368515014 0.18125568158351457 0.41017298555892445 0.089117654096899618 0.097439286246520221 0.019310521284412397 0.00035167547162750113 -0.032822948005786022 0.077293489333764426 -0.0085069722480187997
leaf_weight=169 30 274 674 367 21 23 829 54 448 250 2199 33 275 854 1119 274 2040 34 39 60 20 26 46 33 367 190 2119 1418 428 59
leaf_count=169 30 274 674 367 21 23 829 54 448 250 2199 33 275 854 1119 274 2040 34 39 60 20 26 46 33 367 190 2119 1418 428 59
internal_value=-0.000712799 0.0487323 -0.0197344 -0.0132412 0.031338 0.102087 -0.0241721 -0.010428 0.0277237 -0.0710623 -0.0408802 0.205285 0.0133201 0.0249742 0.00813326 -0.0549226 -0.0148598 -0.0105946 0.116725 0.148132 0.214019 0.24566 0.327508 0.179352 0.0436771 0.0707885 0.00708774 -0.0168592 0.0880742 0.044423
internal_weight=14772 4104 10668 9470 3095 1009 6709 3681 3032 1198 3028 63 2761 2978 1567 948 3512 116 893 426 152 132 72 54 1411 557 2486 3458 467 82
internal_count=14772 4104 10668 9470 3095 1009 6709 3681 3032 1198 3028 63 2761 2978 1567 948 3512 116 893 426 152 132 72 54 1411 557 2486 3458 467 82
is_linear=0
shrinkage=0.05


Tree=30
num_leaves=31
num_cat=0
split_feature=1 13 5 0 10 12 7 2 12 2 1 0 12 0 3 1 11 1 9 2 11 1 12 9 7 10 11 9 2 2
split_gain=5139.63 1622.53 1189.68 922.843 882.854 853.262 816.174 665.189 504.84 419.101 380.37 376.354 371.79 371.264 369.951 366.959 335.762 333.928 331.508 318.639 317.257 305.129 291.432 283.942 280.33 275.048 282.871 272.374 261.235 251.513
threshold=13.565000000000003 8.6750000000000025 0.058633833322446184 32.500000000000007 780594.45000000007 -1317281.5499999996 2.5000000000000004 18.185000000000006 52177.275000000089 11.765000000000002 24.209999999999997 25.500000000000004 -963769.03999999992 28.500000000000004 11.125000000000002 0.011666666666664301 -2.7823486499999999 10.236666666666672 -1.3299865499999999 17.385000000000002 0.76669300000000107 18.756666666666671 948600.25000000012 17.577209500000002 2.5000000000000004 3122463.3000000003 1.8495030000000015 6.9967805000000007 30.425000000000004 12.505000000000001
decision_type=2 2 2 2 2 2 2 2 2 2 2 2 2 2 2 2 2 2 2 2 2 2 2 2 2 2 2 2 2 2
left_child=1 4 3 -2 15 29 10 22 12 13 16 -11 -8 18 -12 -1 -4 -17 -7 23 -15 27 24 -13 -6 26 28 -14 -9 -3
right_child=2 5 6 -5 7 9 8 25 -10 11 14 19 21 20 -16 17 -18 -19 -20 -21 -22 -23 -24 -25 -26 -27 -28 -29 -30 -31
leaf_value=0.15936103224240503 -0.090292751151373835 0.34799883306026458 0.25648901238520116 0.035861060237557051 0.012026856474008245 0.22356138437986375 0.28045004242587662 -0.073650237975732544 -0.0020547590477859256 -0.015919141451491644 0.13228906967291018 0.020797179966439958 0.086965507093518551 0.19414422588888558 0.36563511331533566 -0.029093357246275889 0.10016877788896672 0.0019957105755507138 0.01689349195886446 -0.0023211212662378848 0.021995702600511521 0.11519803903412676 -0.16205767511733271 0.090053213548679387 -0.042461079018763628 -0.18820762197886196 -0.033349307166701814 0.018864531322707944 -0.13442797312600929 0.11909134651223818
leaf_weight=29 177 20 36 801 390 20 21 733 307 2464 41 614 259 64 29 2700 750 1270 651 1327 46 239 38 195 598 56 309 339 233 30
leaf_count=29 177 20 36 801 390 20 21 733 307 2464 41 614 259 64 29 2700 750 1270 651 1327 46 239 38 195 598 56 309 339 233 30
internal_value=-0.000142252 -0.0150118 0.0582996 0.0130295 -0.0321598 0.00505682 0.0802066 -0.0564325 0.0529701 0.00314642 0.117275 -0.00260327 0.0726584 0.0370114 0.228961 -0.0178535 0.107328 -0.019148 0.0230535 0.0127574 0.122155 0.067445 -0.0261788 0.0374905 -0.0209527 -0.0797535 -0.07499 0.0483598 -0.0883099 0.210654
internal_weight=14786 11787 2999 978 6356 5431 2021 2357 1165 5381 856 4600 858 781 70 3999 786 3970 671 2136 110 837 1026 809 988 1331 1275 598 966 50
internal_count=14786 11787 2999 978 6356 5431 2021 2357 1165 5381 856 4600 858 781 70 3999 786 3970 671 2136 110 837 1026 809 988 1331 1275 598 966 50
is_linear=0
shrinkage=0.05


Tree=31
num_leaves=31
num_cat=0
split_feature=1 13 12 12 14 2 12 2 0 4 5 9 0 7 0 2 1 9 5 12 9 2 11 2 4 1 12 11 3 9
split_gain=4638.51 1478.2 1096.72 1040.22 931.904 724.114 597.194 484.85 478.443 647.349 459.534 441.954 358.967 357.4 353.637 350.485 346.93 302.893 302.474 313.902 343.051 318.5 298.979 297.156 291.546 275.869 244.225 234.667 230.205 229.146
threshold=13.565000000000003 7.745000000000001 534676.15000000002 -1234058.1099999996 8.7450000000000028 14.255000000000001 49296.104999999989 11.765000000000002 30.500000000000004 -6.5499999999999989 0.048484848983498773 22.4818575 25.500000000000004 1.5000000000000002 27.500000000000004 11.715000000000002 1.0000000180025095e-35 -1.3299865499999999 0.052617733049087505 -492366.1999999999 14.049728500000002 12.795000000000002 0.76669300000000107 23.855000000000004 9.9450000000000021 19.751666666666669 948600.25000000012 -1.4441069500000003 13.615 8.7404785000000018
decision_type=2 2 2 2 2 2 2 2 2 2 2 2 2 2 2 2 2 2 2 2 2 2 2 2 2 2 2 2 2 2
left_child=1 4 5 15 6 8 16 14 9 -2 -4 29 -9 -7 17 -3 -1 -5 -18 20 21 -20 28 -14 27 -12 -8 -6 -16 -10
right_child=2 3 10 7 24 13 26 12 11 -11 25 -13 23 -15 22 -17 18 -19 19 -21 -22 -23 -24 -25 -26 -27 -28 -29 -30 -31
leaf_value=0.1091610336341919 0.33369049912407284 0.35984407037496569 -0.15531155290221102 0.21238331712782382 0.03111420344968481 0.097091564228965185 -0.078884775642102889 -0.016886530329519506 0.13008132588483987 0.051573316792130411 -0.045095934945990457 0.16590147053654114 0.019629847128495373 0.028253138135977431 0.3175620682537556 0.11959692399416651 -0.062135819823228224 0.014970119390098988 0.2746605341136456 -0.037504812357649242 -0.022755634446941876 0.051854065279073928 0.019218411023982546 -0.019482124854086177 -0.096152778293241523 0.081556286735940384 -0.16515423531333606 -0.012700404265504492 0.12168597644505402 0.052231709361490276
leaf_weight=39 21 20 67 20 374 225 696 3211 163 641 131 298 1731 1164 20 63 985 682 20 1047 153 81 55 675 91 64 93 1671 60 225
leaf_count=39 21 20 67 20 374 225 696 3211 163 641 131 298 1731 1164 20 63 985 682 20 1047 153 81 55 675 91 64 93 1671 60 225
internal_value=-0.000135139 -0.0142612 0.0553846 0.00160691 -0.0340192 0.0647396 -0.0514661 -0.000654961 0.0908457 0.0605227 -0.0423429 0.120108 -0.00594513 0.0394041 0.0348467 0.177488 -0.0387107 0.0205944 -0.0412334 -0.025408 0.0244558 0.0959742 0.108959 0.00865704 -0.00858407 -0.00352803 -0.0890534 -0.00468737 0.170655 0.0849366
internal_weight=14786 11787 2999 6537 5250 2737 3114 6454 1348 662 262 686 5617 1389 837 83 2325 702 2286 1301 254 101 135 2406 2136 195 789 2045 80 388
internal_count=14786 11787 2999 6537 5250 2737 3114 6454 1348 662 262 686 5617 1389 837 83 2325 702 2286 1301 254 101 135 2406 2136 195 789 2045 80 388
is_linear=0
shrinkage=0.05


Tree=32
num_leaves=31
num_cat=0
split_feature=1 2 0 2 2 7 0 0 12 12 9 12 2 1 3 12 1 11 7 7 10 12 9 11 9 11 9 0 10 9
split_gain=4186.26 1353.08 1136.65 1005.18 824.459 800.322 714.558 670.351 509.177 484.698 481.015 411.784 393.264 334.401 337.31 333.805 309.609 288.589 273.992 273.269 258.518 255.36 271.154 255.042 245.582 231.256 287.343 214.196 593.359 222.222
threshold=13.565000000000003 15.145000000000001 32.500000000000007 18.245000000000001 25.955000000000002 2.5000000000000004 32.500000000000007 25.500000000000004 -1479244.7549999999 52177.275000000089 18.933593500000004 14058.687499999933 24.005000000000006 24.209999999999997 11.125000000000002 -963769.03999999992 18.756666666666671 1.5946502499999997 3.5000000000000004 3.5000000000000004 2273975.2000000007 -812662.34999999998 14.878448500000003 -2.7823486499999999 6.9967805000000007 -5.8617249269999983 4.5824585000000004 30.500000000000004 1226413.2000000004 26.572083000000003
decision_type=2 2 2 2 2 2 2 2 2 2 2 2 2 2 2 2 2 2 2 2 2 2 2 2 2 2 2 2 2 2
left_child=1 7 4 5 11 13 -5 8 -1 15 25 18 -4 23 -15 -7 24 -6 21 -12 -13 22 -3 -2 -17 26 -9 29 -29 -25
right_child=3 2 12 6 17 9 -8 10 -10 -11 19 20 -14 14 -16 16 -18 -19 -20 -21 -22 -23 -24 27 -26 -27 -28 28 -30 -31
leaf_value=0.193541330979629 0.22362421798078636 0.14904429996013643 0.02063751190957067 -0.10244471501303083 -0.11705982033313869 0.26003602691704319 0.025412123524658072 0.025068337837177698 -0.003807802857261722 -0.006623972612296177 0.12248821781084938 -0.044775908550282961 -0.019338792230469019 0.11845631508565531 0.34127054327520834 0.076045498750573995 0.10620917616501811 -0.03658596009140213 -0.040067471492333674 0.01616469873977756 -0.098761843610554942 -0.014405012946728231 -0.033973330478457846 0.081010530376985274 0.015453437574537871 0.011151853997145904 0.25835149306803945 0.09448000726783734 0.28526308079146678 -0.020471050725181534
leaf_weight=33 38 50 1258 131 433 21 659 33 3416 340 238 953 1204 41 29 290 249 150 1358 81 289 1649 34 261 395 586 22 432 45 68
leaf_count=33 38 50 1258 131 433 21 659 33 3416 340 238 953 1204 41 29 290 249 150 1358 81 289 1649 34 261 395 586 22 432 45 68
internal_value=-0.000128382 -0.0135481 -0.0266439 0.0526154 -0.0405323 0.0699263 0.00421055 0.00836628 -0.00191957 0.0446425 0.0453203 -0.0330215 0.00108777 0.10575 0.210765 0.0628944 0.0584619 -0.0963547 -0.0232508 0.0954907 -0.0573379 -0.0100731 0.0749657 0.0970399 0.0411056 0.0203525 0.118382 0.0910719 0.112478 0.0600356
internal_weight=14786 11787 7378 2999 4916 2209 790 4409 3449 1295 960 4333 2462 914 70 955 934 583 3091 319 1242 1733 84 844 685 641 55 806 477 329
internal_count=14786 11787 7378 2999 4916 2209 790 4409 3449 1295 960 4333 2462 914 70 955 934 583 3091 319 1242 1733 84 844 685 641 55 806 477 329
is_linear=0
shrinkage=0.05


Tree=33
num_leaves=31
num_cat=0
split_feature=1 13 4 12 10 7 2 12 2 1 9 12 2 1 14 1 3 11 9 12 7 7 1 9 10 11 12 12 11 12
split_gain=3778.1 1248.59 922.12 899.902 800.394 710.635 417.804 410.017 399.567 359.614 359.21 340.598 308.148 307.016 337.424 300.79 304.423 264.771 252.793 248.916 373.556 243.217 287.489 239.258 293.576 235.566 217.654 217.158 213.832 209.568
threshold=13.565000000000003 7.745000000000001 8.879999999999999 -1234058.1099999996 780594.45000000007 2.5000000000000004 11.765000000000002 651540.75000000012 18.185000000000006 18.756666666666671 20.339538500000003 -1026720.2749999999 11.715000000000002 0.011666666666664301 8.7450000000000028 24.209999999999997 11.125000000000002 -4.29769925 -1.3299865499999999 -812662.34999999998 3.5000000000000004 2.5000000000000004 10.786666666666667 6.7427672500000009 303333.05000000005 -2.7823486499999999 145217.78000000006 -15858.230999999998 -1.5178379999999974 986641.69999999995
decision_type=2 2 2 2 2 2 2 2 2 2 2 2 2 2 2 2 2 2 2 2 2 2 2 2 2 2 2 2 2 2
left_child=1 4 5 12 13 8 17 9 15 11 19 -7 -3 -1 -15 25 -17 -5 -19 20 -6 22 27 24 -13 -2 -23 -8 -16 -21
right_child=2 3 -4 6 10 7 21 -9 -10 -11 -12 23 -14 14 28 16 -18 18 -20 29 -22 26 -24 -25 -26 -27 -28 -29 -30 -31
leaf_value=0.14625646126424444 0.2156999072110331 0.3362900567054749 -0.10674534747888753 0.16151568152157492 0.11348917689174415 0.23281306935823523 0.024084273812470261 -0.058038000579524254 0.031284430093259645 0.084480133717240335 -0.0226530286978836 0.073853961431892809 0.11102000636359055 -0.034719846319021579 0.033927127771752011 0.11253349811929028 0.32420701217548603 0.20195454008877278 0.021925815760961406 -0.070232114127943404 -0.070151352183893331 -0.012397665064700235 0.026565809105698664 0.0099088364025034063 -0.058289368579668613 0.086664923986595171 -0.060677675103904899 -0.013306968720224256 -0.010732080348633682 -0.14971097634916894
leaf_weight=29 37 20 91 38 45 20 484 112 269 366 578 338 63 1479 331 41 29 20 779 1218 72 1960 944 845 48 803 265 1964 1409 89
leaf_count=29 37 20 91 38 45 20 484 112 269 366 578 338 63 1479 331 41 29 20 779 1218 72 1960 944 845 48 803 265 1964 1409 89
internal_value=-0.000121963 -0.0128707 0.0499846 0.00171301 -0.0310296 0.0548892 -0.000390779 0.0344786 0.0848212 0.0408866 -0.0558963 0.0281327 0.165302 -0.0157022 -0.0171613 0.100647 0.200227 0.032565 0.0264322 -0.0693897 0.000479621 -0.00530158 0.00312501 0.0248072 0.0574216 0.0923486 -0.0181479 -0.00591426 -0.00223656 -0.0756442
internal_weight=14786 11787 2999 6537 5250 2908 6454 1729 1179 1617 2002 1251 83 3248 3219 910 70 837 799 1424 117 5617 3392 1231 386 840 2225 2448 1740 1307
internal_count=14786 11787 2999 6537 5250 2908 6454 1729 1179 1617 2002 1251 83 3248 3219 910 70 837 799 1424 117 5617 3392 1231 386 840 2225 2448 1740 1307
is_linear=0
shrinkage=0.05


Tree=34
num_leaves=31
num_cat=0
split_feature=1 13 5 10 0 12 1 4 0 9 1 14 12 14 9 5 9 9 0 7 0 2 4 7 12 12 9 0 13 10
split_gain=3447.88 1255.29 912.102 676.7 565.413 531.59 509.165 450.583 428.297 425.644 387.978 376.263 404.776 362.913 349.564 284.913 435.763 357.044 279.469 270.129 228.635 218.01 215.207 214.374 212.666 212.07 210.767 383.38 207.671 207.441
threshold=11.103333333333337 15.505000000000001 0.061900342549734359 1283821.4500000002 27.500000000000004 -492366.1999999999 6.7183333333333382 -18.589999999999996 16.500000000000004 19.264999500000005 15.868333333333336 0.015000000000000001 -1479244.7549999999 2.6000000000000005 7.7821197500000006 0.09657171768040991 10.985565500000002 22.002396000000001 25.500000000000004 2.5000000000000004 28.500000000000004 20.615000000000006 -1.6199999999999981 2.5000000000000004 -673085.71499999997 841356.01000000013 21.850616500000005 27.500000000000004 10.575000000000001 1283821.4500000002
decision_type=2 2 2 2 2 2 2 2 2 2 2 2 2 2 2 2 2 2 2 2 2 2 2 2 2 2 2 2 2 2
left_child=2 3 6 5 14 13 7 -1 -4 -5 19 12 -10 20 -3 17 -17 -6 -9 -7 -2 -16 -8 -24 -20 26 -14 -28 -29 -26
right_child=1 4 8 9 15 10 22 18 11 -11 -12 -13 25 -15 21 16 -18 -19 24 -21 -22 -23 23 -25 29 -27 27 28 -30 -31
leaf_value=0.05765722614455359 0.30133288371212341 0.072863193177042554 -0.016308574940470666 -0.094006893233231761 0.04554169867715719 0.034127177276601972 -0.0037752519110210592 -0.098808699748513709 0.17612818640967209 -0.0026507117503377447 0.067273724217371517 -0.029720657179739492 0.015182554220478853 -0.012324513122439386 -0.0027183100475207428 0.33058350106271417 0.11016626360317681 0.10444579120023123 0.085649512369806571 0.0035100193144884939 0.094468941861255609 -0.15499146924569057 -0.014845655107448655 -0.041690652139975033 0.026649141639981489 -0.072471222391521387 0.03138779865710789 0.25327497504185886 0.092530764483294836 -0.073027908420695412
leaf_weight=68 34 178 2170 204 538 1109 861 534 45 340 387 345 929 24 245 26 163 493 30 2056 22 26 1169 2044 65 55 275 32 54 265
leaf_count=68 34 178 2170 204 538 1109 861 534 45 340 387 345 929 24 245 26 163 493 30 2056 22 26 1169 2044 65 55 275 32 54 265
internal_value=-0.000115865 0.0297463 -0.0196377 0.0150976 0.0663987 0.0228872 -0.0337003 -0.0664177 -0.0015021 -0.0369093 0.0200165 0.0170167 0.0286169 0.150348 0.0184274 0.0840537 0.140488 0.0737083 -0.0758552 0.0142381 0.220065 -0.0173275 -0.0259747 -0.0319235 -0.0418075 0.0236816 0.0277812 0.0602025 0.152343 -0.0533946
internal_weight=14786 5845 8941 4176 1669 3632 5036 962 3905 544 3552 1735 1390 80 449 1220 189 1031 894 3165 56 271 4074 3213 360 1345 1290 361 86 330
internal_count=14786 5845 8941 4176 1669 3632 5036 962 3905 544 3552 1735 1390 80 449 1220 189 1031 894 3165 56 271 4074 3213 360 1345 1290 361 86 330
is_linear=0
shrinkage=0.05


Tree=35
num_leaves=31
num_cat=0
split_feature=13 2 0 5 13 2 2 11 12 2 3 11 10 12 4 14 2 9 9 9 12 3 3 9 7 3 9 12 7 3
split_gain=3289.12 997.431 875.326 1111.37 576.431 552.998 496.964 464.602 463.153 411.195 388.543 358.673 346.555 319.204 292.33 288.149 265.249 248.904 236.22 233.378 269.987 336.712 231.858 231.338 307.569 216.977 212.517 246.076 248.571 207.85
threshold=11.145000000000001 9.4750000000000032 32.500000000000007 0.057553958288200736 18.005000000000006 24.005000000000006 25.955000000000002 -1.166107200000001 -1479244.7549999999 20.525000000000002 15.515000000000002 -5.8617249269999983 200349.48000000001 651540.75000000012 0.080000000000000973 17.350000000000005 12.505000000000001 -0.53868103499999986 3.7728423500000008 25.366851500000006 -159051.05000000002 10.505000000000001 10.615 20.339538500000003 3.5000000000000004 15.035000000000002 20.197601500000005 -881701.84999999974 3.5000000000000004 40.225000000000009
decision_type=2 2 2 2 2 2 2 2 2 2 2 2 2 2 2 2 2 2 2 2 2 2 2 2 2 2 2 2 2 2
left_child=2 7 3 6 11 -4 26 12 16 23 14 18 -2 17 -9 -10 -5 -13 -3 20 21 -19 -14 -6 -25 -11 27 28 -1 -29
right_child=1 4 5 8 9 -7 -8 10 15 25 -12 13 22 -15 -16 -17 -18 19 -20 -21 -22 -23 -24 24 -26 -27 -28 29 -30 -31
leaf_value=0.16110366781552632 0.08740032094948251 0.04869620468881395 0.032702672907936568 0.26111338833685627 0.040049251761113756 -0.016388415055810828 -0.088172602988711074 0.025231339455413539 -0.01161095484778616 -0.18158133002844723 0.27019409006461503 0.093133740723446143 0.18854932618141174 -0.052668855507172888 0.23089075632393363 0.13240305984991471 0.054003845320011561 0.264188173301518 0.26199014949798588 0.052582166403074594 0.0098997121140370625 0.048339763782261048 0.39472209453427548 0.12157471072847199 0.025770542726554553 0.013911561649292709 -0.018446442881939092 -0.055368005417345018 -0.027835411317076311 0.087233738157038512
leaf_weight=27 29 27 1298 22 252 1028 595 127 4561 22 24 119 25 149 20 35 52 20 25 460 2645 187 30 362 109 40 934 1486 49 26
leaf_count=27 29 27 1298 22 252 1028 595 127 4561 22 24 119 25 149 20 35 52 20 25 460 2645 187 30 362 109 40 934 1486 49 26
internal_value=0.000120463 0.0348171 -0.0159087 -0.0239483 0.0292662 0.0110064 -0.0470692 0.130968 -0.00851622 0.0681186 0.0836658 0.0208688 0.227262 0.0189752 0.0532122 -0.0105142 0.115577 0.0220865 0.151241 0.0195338 0.0142034 0.0691947 0.301007 0.0787157 0.0994035 -0.0554569 -0.0373719 -0.0485031 0.0392877 -0.0529159
internal_weight=14785 4672 10113 7787 4417 2326 3117 255 4670 785 171 3632 84 3580 147 4596 74 3431 52 3312 2852 207 55 723 471 62 2522 1588 76 1512
internal_count=14785 4672 10113 7787 4417 2326 3117 255 4670 785 171 3632 84 3580 147 4596 74 3431 52 3312 2852 207 55 723 471 62 2522 1588 76 1512
is_linear=0
shrinkage=0.05


Tree=36
num_leaves=31
num_cat=0
split_feature=1 13 5 10 1 0 2 2 12 0 7 9 2 9 4 9 7 0 13 9 0 7 9 2 1 2 14 7 12 9
split_gain=3011.61 1141.29 725.884 623.534 566.025 504.3 495.319 490.162 462.889 432.481 360.968 348.006 326.854 303.357 290.995 262.198 251.841 248.571 227.498 217.957 263.86 213.297 205.634 204.253 202.993 200.928 196.761 190.729 239.483 339.861
threshold=11.296666666666672 15.735000000000001 0.057553958288200736 1407456.0000000002 6.7183333333333382 25.500000000000004 10.505000000000001 9.4750000000000032 -313789.27499999997 27.500000000000004 4.5000000000000009 7.1098940000000015 8.9650000000000016 25.109619000000006 -13.814999999999998 21.685455000000001 1.5000000000000002 30.500000000000004 27.005000000000006 11.602737500000002 22.500000000000004 2.5000000000000004 24.440399500000005 11.885000000000003 12.983333333333336 20.615000000000006 16.750000000000004 2.5000000000000004 4972.4114500000014 26.350723500000004
decision_type=2 2 2 2 2 2 2 2 2 2 2 2 2 2 2 2 2 2 2 2 2 2 2 2 2 2 2 2 2 2
left_child=2 3 4 8 14 12 -7 18 10 11 23 -9 -4 -5 -1 -11 -10 -16 19 20 -3 22 -8 24 -2 -13 -18 28 -17 -30
right_child=1 7 5 13 -6 6 21 9 16 15 -12 25 -14 -15 17 27 26 -19 -20 -21 -22 -23 -24 -25 -26 -27 -28 -29 29 -31
leaf_value=0.02463759120161596 0.13695697507687979 0.097784709591757168 0.17929811450568112 -0.08255088851200762 -0.023388378800034481 0.19002510437064551 0.026511118971709033 0.076976227293151525 0.046484219947082545 0.046631353372629587 -0.039653514432055614 -0.010575670843805981 -0.013981932473529883 -0.0022353596243530859 -0.086596015070601565 0.09949610000041946 0.0093904493199347891 0.012784852276461712 0.29983562855493456 0.085148283991785284 0.34556699890111175 -0.0066544223601531869 0.11023697158630374 0.098630161843119346 0.35680172443389896 -0.16030339011549952 0.076479768477127022 0.067048595886377779 0.31990321594126087 0.092875742842443293
leaf_weight=76 21 22 22 216 3432 44 498 124 663 505 28 216 3807 258 714 193 2644 69 21 105 21 461 86 52 21 25 114 261 34 32
leaf_count=76 21 22 22 216 3432 44 498 124 663 505 28 216 3807 258 714 193 2644 69 21 105 21 461 86 52 21 25 114 261 34 32
internal_value=0.00011444 0.0291148 -0.0174451 0.0150226 -0.0324735 -0.00433272 0.0256899 0.0654255 0.0222279 0.0556497 0.11793 0.00891266 -0.0128714 -0.0388348 -0.0687718 0.0722927 0.018815 -0.0778383 0.14583 0.123978 0.218795 0.0187706 0.0388406 0.164869 0.246879 -0.0261076 0.0121635 0.0972138 0.127612 0.209829
internal_weight=14785 5576 9209 4017 4291 4918 1089 1559 3543 1390 122 365 3829 474 859 1025 3421 783 169 148 43 1045 584 94 42 241 2758 520 259 66
internal_count=14785 5576 9209 4017 4291 4918 1089 1559 3543 1390 122 365 3829 474 859 1025 3421 783 169 148 43 1045 584 94 42 241 2758 520 259 66
is_linear=0
shrinkage=0.05


Tree=37
num_leaves=31
num_cat=0
split_feature=1 13 12 5 12 10 0 4 1 0 2 12 11 11 4 7 1 12 5 7 1 2 10 2 0 10 11 2 13 7
split_gain=2720.38 1050.85 635.539 629.596 445.6 434.1 416.133 402.099 414.253 357.538 394.178 338.765 273.954 270.065 265.517 240.467 281.94 239.362 238.67 238.146 206.093 191.252 190.77 188.924 183.857 193.368 223.354 182.043 181.041 167.302
threshold=14.940000000000003 9.9750000000000032 314659.13000000006 0.07165890768298476 -1143944.8749999998 628374.50000000012 25.500000000000004 -7.6450000000000005 28.836666666666673 28.500000000000004 26.145000000000003 -1143944.8749999998 -4.29769925 -4.1019594999999986 -0.64499999999999946 2.5000000000000004 10.726666666666672 -60637.425499999925 0.039848575407417701 1.5000000000000002 4.3333333333333348 13.135000000000003 42.666666000000006 15.615 30.500000000000004 1226413.2000000004 -0.54196150000000098 13.135000000000003 18.225000000000005 1.5000000000000002
decision_type=2 2 2 2 2 2 2 2 2 2 2 2 2 2 2 2 2 2 2 2 2 2 2 2 2 2 2 2 2 2
left_child=1 2 9 5 14 29 -7 -5 13 10 11 21 17 -9 -3 16 23 -6 -11 -20 -4 -1 -18 28 -15 -26 -27 -13 -14 -2
right_child=3 4 20 7 12 6 -8 8 -10 18 -12 27 15 24 -16 -17 22 -19 19 -21 -22 -23 -24 -25 25 26 -28 -29 -30 -31
leaf_value=0.14410393141165731 0.088299032532694666 0.28025312156726917 -0.11746487048923547 0.27594031190872192 0.2269625971359866 -0.10919394172580527 0.014703108931866755 0.24218469744636897 0.19063266158103942 -0.019595560817912566 -0.076192340862040991 -0.0019278554283830439 0.0090686049020235106 0.037433961574112933 0.039773684469136324 -0.0084988547644481282 0.013934939457038607 0.047857383048945407 0.056496491168498655 0.0041970157865020069 -0.050678280430389737 0.020134281653226935 0.050542235993864509 -0.026981712280249988 0.0680713664966585 0.28004635816129547 0.098215854795355551 -0.026307872959176099 0.13917476578748653 0.032579076199536025
leaf_weight=42 165 24 141 25 21 101 206 21 70 794 319 965 593 448 22 1679 788 167 275 1044 639 120 649 474 443 24 57 3707 28 734
leaf_count=42 165 24 141 25 21 101 206 21 70 794 319 965 593 448 22 1679 788 167 275 1044 639 120 649 474 443 24 57 3707 28 734
internal_value=0.000108718 -0.00908249 -0.0198617 0.0501555 0.0104292 0.0252758 -0.0260578 0.0777336 0.0730721 -0.0152575 -0.0223599 -0.0188074 0.00881035 0.0647848 0.165241 0.0061739 0.0159036 0.0678638 0.00206311 0.015101 -0.0627512 0.0522746 0.0304681 -0.00320982 0.0609521 0.0810592 0.152092 -0.0212722 0.0149349 0.0428058
internal_weight=14785 12491 8046 2294 4445 1206 307 1088 1063 7266 5153 4834 4399 993 46 4211 2532 188 2113 1319 780 162 1437 1095 972 524 81 4672 621 899
internal_count=14785 12491 8046 2294 4445 1206 307 1088 1063 7266 5153 4834 4399 993 46 4211 2532 188 2113 1319 780 162 1437 1095 972 524 81 4672 621 899
is_linear=0
shrinkage=0.05


Tree=38
num_leaves=31
num_cat=0
split_feature=1 13 5 10 1 0 5 5 11 12 0 9 7 11 4 9 5 7 4 12 9 9 0 9 12 7 9 10 11 7
split_gain=2479.28 941.063 607.129 545.397 480.88 427.607 431.852 398.475 515.516 391.154 349.461 317.922 315.071 313.172 302.549 279.75 266.987 261.203 257.192 254.131 236.858 230.871 214.918 183.329 183.276 183.236 182.172 172.254 176.85 169.247
threshold=11.296666666666672 15.815000000000003 0.057553958288200736 1407456.0000000002 6.7183333333333382 25.500000000000004 0.095011888899718414 0.1053186068437641 -1.48104835 -313789.27499999997 27.500000000000004 7.1098940000000015 3.5000000000000004 1.766052 0.18000000000000063 6.8612060500000007 0.073394499910040198 1.0000000180025095e-35 -13.814999999999998 -1596132.45 21.685455000000001 24.362839000000005 30.500000000000004 14.049728500000002 814213.72499999998 2.5000000000000004 24.440399500000005 313438.45000000007 1.5184630000000017 2.5000000000000004
decision_type=2 2 2 2 2 2 2 2 2 2 2 2 2 2 2 2 2 2 2 2 2 2 2 2 2 2 2 2 2 2
left_child=2 3 4 9 18 19 25 10 -9 12 11 -3 -2 15 -10 27 -5 -15 -1 23 -12 -17 -20 -4 -6 26 -7 28 -11 -22
right_child=1 7 5 16 24 6 -8 8 14 13 20 -13 -14 17 -16 21 -18 -19 22 -21 29 -23 -24 -25 -26 -27 -28 -29 -30 -31
leaf_value=0.024786354212923661 0.16781817136120192 0.074937837926071074 0.22071128867566589 -0.069896114344339608 -0.018999844138220902 0.02434495998053586 0.17725454886253417 0.29121180998209195 0.050460461439850092 0.052706590162102732 0.040999750440371123 -0.025578121291434049 0.00086791710081425577 0.099824092723429209 0.24970892304959508 0.0047594153948063529 0.0052863051576491783 -0.018347678563658824 -0.079697102365437478 -0.013023209360772239 0.11825723709116574 0.048910949873427555 0.012711692145229251 0.0066264121979475029 -0.081901325352567556 -0.0062175636987834198 0.10314990658702893 -0.0089429292129352689 0.19346580554771683 0.060818736678069085
leaf_weight=76 79 118 20 265 3312 498 44 39 111 749 495 236 44 50 23 1407 213 722 714 3789 256 375 69 20 120 461 86 114 23 257
leaf_count=76 79 118 20 265 3312 498 44 39 111 749 495 236 44 50 23 1407 213 722 714 3789 256 375 69 20 120 461 86 114 23 257
internal_value=0.000103282 0.0264161 -0.015829 0.0137563 -0.0295732 -0.00383705 0.0238086 0.059744 0.131224 0.0204843 0.0506647 0.0079272 0.108096 0.0173517 0.0846598 0.0254669 -0.0363943 -0.0106941 -0.0630301 -0.0116997 0.0656738 0.0140506 -0.0715538 0.113669 -0.0211992 0.0173477 0.0359498 0.0484283 0.0569002 0.089482
internal_weight=14785 5576 9209 4041 4291 4918 1089 1535 173 3563 1362 354 123 3440 134 2668 478 772 859 3829 1008 1782 783 40 3432 1045 584 886 772 513
internal_count=14785 5576 9209 4041 4291 4918 1089 1535 173 3563 1362 354 123 3440 134 2668 478 772 859 3829 1008 1782 783 40 3432 1045 584 886 772 513
is_linear=0
shrinkage=0.05


Tree=39
num_leaves=31
num_cat=0
split_feature=1 13 5 10 10 2 11 0 2 12 0 11 9 4 9 2 2 9 3 0 9 9 12 12 9 1 13 2 3 2
split_gain=2238.32 857.486 554.427 488.509 446.451 376.758 456.777 372.769 369.328 362.32 325.848 275.573 271.809 270.228 263.125 256.651 255.962 253.279 234.345 222.71 244.026 203.466 186.4 185.892 180.414 176.285 174.624 169.533 179.505 166.962
threshold=11.255000000000004 15.735000000000001 0.061031433145526642 1407456.0000000002 2077595.3 9.4750000000000032 -1.166107200000001 25.500000000000004 10.505000000000001 -405620.9499999999 27.500000000000004 1.766052 7.1098940000000015 -18.589999999999996 19.412475000000004 8.9650000000000016 20.975000000000005 25.109619000000006 10.615 26.500000000000004 20.197601500000005 21.685455000000001 -113191.15000000007 1722.9574999999998 20.796509000000004 15.558333333333335 7.535000000000001 20.615000000000006 11.125000000000002 12.915000000000001
decision_type=2 2 2 2 2 2 2 2 2 2 2 2 2 2 2 2 2 2 2 2 2 2 2 2 2 2 2 2 2 2
left_child=2 3 4 9 19 6 18 15 -9 14 12 16 -7 -6 29 -4 25 26 -3 20 -1 -12 -15 -8 -13 -11 -5 28 -14 -2
right_child=1 5 7 17 13 10 23 8 -10 11 21 24 27 22 -16 -17 -18 -19 -20 -21 -22 -23 -24 -25 -26 -27 -28 -29 -30 -31
leaf_value=-0.042852839803499715 0.28934086027244726 0.1501644174728928 0.16478953276361741 -0.12964331884543565 0.085576072438009854 0.067437407725881179 0.039669215839396248 0.16839181989833543 0.019750387678594123 0.026663304608241331 0.039694065880629764 -0.014982224378592446 0.054397303764134243 -0.015652745453611252 0.030349977361038328 -0.010562168256185309 0.00039848675264540252 -0.0011442997270765213 0.35905844378471374 -0.0072051314801218225 -0.010424450267488769 0.084252573072120029 -0.083250371837797016 0.20128977127711881 0.0939969182596542 0.065350997331040495 -0.038351538867703573 -0.14693159714341164 -0.041964695631311492 0.10645874881973634
leaf_weight=1500 24 29 21 86 29 124 93 44 832 1541 505 751 73 126 48 3298 803 260 25 1818 946 520 535 22 40 364 134 25 143 26
leaf_count=1500 24 29 21 86 29 124 93 44 832 1541 505 751 73 126 48 3298 803 260 25 1818 946 520 535 22 40 364 134 25 143 26
internal_value=9.81178e-05 0.024885 -0.0151712 0.0128249 -0.0264976 0.0564238 0.126916 -0.00179544 0.0272164 0.0191474 0.0478531 0.0164916 0.00728493 -0.0638109 0.113968 -0.00945268 0.0240753 -0.0345541 0.246875 -0.0204596 -0.030311 0.0622994 -0.0703649 0.0705879 -0.00947127 0.0340556 -0.0740383 -0.0236649 -0.00939791 0.194242
internal_weight=14785 5636 9149 4077 4954 1559 169 4195 876 3597 1390 3499 365 690 98 3319 2708 480 54 4264 2446 1025 661 115 791 1905 220 241 216 50
internal_count=14785 5636 9149 4077 4954 1559 169 4195 876 3597 1390 3499 365 690 98 3319 2708 480 54 4264 2446 1025 661 115 791 1905 220 241 216 50
is_linear=0
shrinkage=0.05


Tree=40
num_leaves=31
num_cat=0
split_feature=1 5 5 0 2 12 12 10 1 11 0 11 2 9 7 2 7 9 11 7 12 14 12 0 10 10 9 3 9 10
split_gain=1806.43 788.958 621.493 491.912 568.198 496.579 470.085 412.498 400.133 423.909 376.879 395.031 752.531 370.665 380.563 335.856 306.319 301.659 259.148 247.807 308.188 220.578 218.793 214.529 210.066 228.537 201.254 196.177 187.35 190.285
threshold=11.103333333333337 0.093589155393921111 0.067317404643110534 26.500000000000004 19.675000000000004 12329.576500000092 -764706.29999999993 2156083.0000000005 28.836666666666673 -1.166107200000001 17.500000000000004 -4.29769925 12.215000000000002 18.150085500000003 3.5000000000000004 13.515000000000002 1.0000000180025095e-35 2.1666717500000003 2.1702881000000005 3.5000000000000004 -812662.34999999998 1.0000000180025095e-35 -85614.774999999951 32.500000000000007 418020.05000000005 1020761.9700000001 18.759933500000006 12.855000000000002 14.878448500000003 1063145.5000000002
decision_type=2 2 2 2 2 2 2 2 2 2 2 2 2 2 2 2 2 2 2 2 2 2 2 2 2 2 2 2 2 2
left_child=2 3 7 5 13 -2 -3 19 9 24 -4 12 -12 17 18 -7 -11 -5 -15 20 28 -13 26 -16 27 -26 -9 -8 29 -1
right_child=1 6 10 4 -6 15 8 22 -10 16 11 21 -14 14 23 -17 -18 -19 -20 -21 -22 -23 -24 -25 25 -27 -28 -29 -30 -31
leaf_value=0.066257992755897624 0.011407387243944696 0.25740441346869752 -0.0095158620701117393 0.076735464547912594 0.0015908070241765822 0.0059556457161580078 0.13718043817897085 0.0578765157089733 0.25739517487012425 0.16934493898468861 0.34780508529532844 0.028689966109157257 0.037681997312941189 0.086561842558108532 -0.021202132812536814 -0.07721985584032004 0.011747209064548503 0.012743855955114507 0.24842130730931578 -0.029902169102190956 -0.010885370305112343 -0.030626864932771575 -0.073946802761891986 0.056505989755169142 0.27906777731009891 0.098379804864525799 -0.060898468113659565 -0.0078858597612962485 -0.0070854705385863777 0.26973902046680454
leaf_weight=27 1309 34 1758 227 1345 193 54 68 26 34 27 895 71 506 136 327 331 976 26 2427 2752 190 542 256 35 35 75 41 30 20
leaf_count=27 1309 34 1758 227 1345 193 54 68 26 34 27 895 71 506 136 327 331 976 26 2427 2752 190 542 256 35 35 75 41 30 20
internal_value=0.000607912 0.0220767 -0.0136313 0.0159722 0.027027 -0.00501322 0.076924 -0.022937 0.0658874 0.0564927 0.00516684 0.0269861 0.123124 0.0431115 0.0669278 -0.0463489 0.0264275 0.0248187 0.0944723 -0.0181807 -0.00812491 0.0183027 -0.059432 0.029546 0.123001 0.188724 -0.00441806 0.0745729 0.0905348 0.152846
internal_weight=14773 5891 8882 5301 3472 1829 590 5941 556 530 2941 1183 98 2127 924 520 365 1203 532 5256 2829 1085 685 392 165 70 143 95 77 47
internal_count=14773 5891 8882 5301 3472 1829 590 5941 556 530 2941 1183 98 2127 924 520 365 1203 532 5256 2829 1085 685 392 165 70 143 95 77 47
is_linear=0
shrinkage=0.05


Tree=41
num_leaves=31
num_cat=0
split_feature=13 2 2 0 2 0 2 0 10 3 12 2 12 7 2 12 0 11 11 7 1 11 1 13 7 12 2 11 12 1
split_gain=1635.65 705.001 648.06 784.884 409.526 375.503 475.391 346.336 328.734 361.587 323.686 306.97 257.343 247.919 239.233 237.075 224.914 223.936 213.067 248.106 293.228 215.424 202.547 177.602 174.83 187.832 216.435 157.419 215.058 148.069
threshold=10.475000000000003 10.025 29.415000000000003 32.500000000000007 13.085000000000003 26.500000000000004 17.635000000000002 21.500000000000004 4428.8001000000013 17.695000000000004 -1077382.4999999998 14.825000000000001 7268.8505000000068 2.5000000000000004 19.755000000000006 49296.104999999989 24.500000000000004 -0.5818480000000007 0.87478649999999913 2.5000000000000004 20.606666666666673 -6.4830321999999994 5.368333333333335 24.495000000000001 3.5000000000000004 -812662.34999999998 17.125000000000004 -2.6221464999999995 -150245.95000000004 1.2749999999999979
decision_type=2 2 2 2 2 2 2 2 2 2 2 2 2 2 2 2 2 2 2 2 2 2 2 2 2 2 2 2 2 2
left_child=2 7 3 4 10 11 18 -2 -9 17 13 -3 -13 -1 -5 24 -4 -10 19 20 21 -7 -17 -19 25 26 -6 28 -12 -18
right_child=1 5 16 14 15 6 -8 8 9 -11 27 12 -14 -15 -16 22 29 23 -20 -21 -22 -23 -24 -25 -26 -27 -28 -29 -30 -31
leaf_value=0.20022255815565587 0.029603590374712704 0.013476411157767824 -0.095303595380441045 0.046033975836836216 0.0029533175818089929 0.2247419923035936 0.0064251753676559196 -0.0143820439037439 0.18280057312875261 0.31805257168253542 0.20237973369657994 -0.004967680191862044 -0.070833784741504743 -0.013844294917015804 0.0069585961291366918 -0.090222129310396582 -0.12978837955288772 0.027181494470847691 0.019690008895054765 0.034230722114018911 0.2116840110346675 0.065042625454786951 -0.032522926525291825 0.17464465200901033 -0.025942618548346827 -0.0086814296389998002 0.16009159030703207 -0.0031192061235194141 0.028164428198525132 -0.031440009415109202
leaf_weight=38 168 1505 237 669 56 22 1361 37 82 27 20 435 225 21 945 176 41 69 516 548 40 526 1120 29 2103 1933 36 1058 155 575
leaf_count=38 168 1505 237 669 56 22 1361 37 82 27 20 435 225 21 945 176 41 69 516 548 40 526 1120 29 2103 1933 36 1058 155 575
internal_value=0.000577516 0.0219015 -0.0124031 -0.00815262 -0.0156766 0.0168928 0.0283064 0.0848509 0.12289 0.147426 0.00962128 0.00100852 -0.027422 0.124029 0.0231553 -0.0217025 -0.0539112 0.121833 0.0463333 0.0584353 0.0809934 0.0714539 -0.0403586 0.0708186 -0.0158454 -0.00535927 0.0644422 0.00414676 0.0480747 -0.0379859
internal_weight=14773 5590 9183 8330 6716 5178 3013 412 244 207 1292 2165 660 59 1614 5424 853 180 1652 1136 588 548 1296 98 4128 2025 92 1233 175 616
internal_count=14773 5590 9183 8330 6716 5178 3013 412 244 207 1292 2165 660 59 1614 5424 853 180 1652 1136 588 548 1296 98 4128 2025 92 1233 175 616
is_linear=0
shrinkage=0.05


Tree=42
num_leaves=31
num_cat=0
split_feature=1 5 0 2 12 12 12 1 2 9 11 4 11 11 1 2 0 2 11 0 11 9 9 11 3 11 11 1 12 0
split_gain=1504.9 756.083 549.392 664.72 452.627 431.196 409.962 400.001 343.64 327.148 318.214 344.14 295.699 285.356 272.545 264.804 293.664 233.759 331.855 228.504 230.652 192.645 186.495 169.187 171.013 165.831 155.638 172.28 151.31 200.661
threshold=9.6600000000000019 0.088770537792688245 26.500000000000004 21.175000000000004 -736655.74999999988 11089.253500000001 83559.549999999945 28.836666666666673 10.155000000000003 18.150085500000003 0.98207099999999958 -7.6450000000000005 -0.45927474999999957 -5.8617249269999983 5.368333333333335 28.825000000000003 25.500000000000004 14.885000000000003 2.1702881000000005 34.500000000000007 0.84510799999999986 17.063995000000002 7.3061829000000005 1.5946502499999997 11.505000000000001 1.5946502499999997 1.6939394700000003 17.680000000000003 5.8182299999999829 35.500000000000007
decision_type=2 2 2 2 2 2 2 2 2 2 2 2 2 2 2 2 2 2 2 2 2 2 2 2 2 2 2 2 2 2
left_child=6 2 5 9 -3 26 8 10 12 13 11 -6 -1 -4 -8 16 -10 18 23 -15 -21 22 -7 24 -11 -24 27 -2 -13 -30
right_child=1 4 3 -5 7 21 14 -9 15 17 -12 28 -14 19 -16 -17 -18 -19 -20 20 -22 -23 25 -25 -26 -27 -28 -29 29 -31
leaf_value=0.24919460517880709 0.0071339589861617193 0.20275773969478905 0.13280521489002489 -0.0059016452266633917 0.21570091085000473 -0.022019983054233819 -0.084705868012320218 0.2227287852956403 -0.016907541538325663 0.13860173353265662 -0.0039361739502055569 0.035483072409706731 0.014157030766364188 -0.011738150835027631 -0.030602409333383502 -0.050737167285355836 0.013280760334693928 0.035701052154107939 0.27204287580468439 0.047459493140719816 0.0014520539827293773 -0.0074974749976498209 -0.097076410491294243 -0.068993333112448457 0.062907132639118762 0.01882670032126563 -0.020778713910946389 0.087662223209728218 0.067727492428845279 0.21622226629406216
leaf_weight=23 1774 48 55 1592 33 213 308 31 3317 96 290 496 32 485 953 429 1064 617 22 688 451 306 261 20 335 35 522 69 182 26
leaf_count=23 1774 48 55 1592 33 213 308 31 3317 96 290 496 32 485 953 429 1064 617 22 688 451 306 261 20 335 35 522 69 182 26
internal_value=0.00054864 0.0139808 0.00831859 0.019843 0.0525872 -0.00748574 -0.0184112 0.0457741 -0.011826 0.0346445 0.0404327 0.0578913 0.112445 0.0207971 -0.0438172 -0.013247 -0.0095758 0.0559746 0.0824202 0.0170037 0.0292423 -0.0388497 -0.057698 0.0731703 0.0797672 -0.0833717 0.00332256 0.0101489 0.050494 0.0862893
internal_weight=14773 8647 7541 4361 1106 3180 6126 1058 4865 2769 1027 737 55 1679 1261 4810 4381 1090 473 1624 1139 815 509 451 431 296 2365 1843 704 208
internal_count=14773 8647 7541 4361 1106 3180 6126 1058 4865 2769 1027 737 55 1679 1261 4810 4381 1090 473 1624 1139 815 509 451 431 296 2365 1843 704 208
is_linear=0
shrinkage=0.05


Tree=43
num_leaves=31
num_cat=0
split_feature=13 2 2 0 2 0 2 9 9 11 12 12 11 2 11 13 11 12 12 9 2 0 12 9 11 14 13 9 2 12
split_gain=1351.92 579.235 538.463 663.584 352.533 305.398 394.013 342.004 349.388 344.313 292.329 284.43 486.631 262.158 253.271 374.685 237.308 231.139 213.598 208.915 200.51 195.033 194.21 189.802 236.643 154.72 147.426 146.548 189.759 180.401
threshold=10.475000000000003 10.025 29.415000000000003 32.500000000000007 13.085000000000003 26.500000000000004 17.635000000000002 17.577209500000002 2.1666717500000003 -5.8617249269999983 -764706.29999999993 -173469.36999999985 -3.3791195000000003 14.825000000000001 -2.8641815000000004 18.975000000000005 2.1702881000000005 1722.9574999999998 7268.8505000000068 14.422562000000001 14.935 24.500000000000004 1382.5950499999992 8.4160920000000008 1.4645992499999989 17.525000000000002 6.0050000000000008 14.779312000000003 25.615000000000006 -585195.44499999995
decision_type=2 2 2 2 2 2 2 2 2 2 2 2 2 2 2 2 2 2 2 2 2 2 2 2 2 2 2 2 2 2
left_child=2 10 3 4 11 13 7 8 -7 -10 -2 12 -1 -3 -12 -16 -9 -17 -15 23 -5 -4 26 -14 -25 -13 27 29 -29 -6
right_child=1 5 21 20 22 6 -8 16 9 -11 14 25 19 18 15 17 -18 -19 -20 -21 -22 -23 -24 24 -26 -27 -28 28 -30 -31
leaf_value=0.28834469311294103 0.22210217555984857 0.012564623449357423 -0.087660608510585034 0.072575952171495081 0.058080152117393237 0.08707624297066216 0.0057402537896487429 0.062714111984320392 0.19063989225029945 0.0020119391567165776 0.18902912220439397 -0.0050466030438111181 -0.014746339683388843 -0.0047738430974469791 0.012510347459886679 0.084111577304986695 0.21662736916198183 0.24777185547032526 -0.064781229061695436 -0.0070158808969236061 0.015314947276948019 -0.034286074448553271 -0.034304947991760579 0.20796223300140959 0.0092657111909078532 0.11845706271437498 -0.0036951481042628389 -0.033771799974643073 -0.16165042152007422 -0.016847668363364366
leaf_weight=21 32 1505 237 171 88 171 1361 681 25 749 37 1028 29 435 221 94 26 28 225 122 1443 616 1637 43 23 26 1868 879 30 922
leaf_count=21 32 1505 237 171 88 171 1361 681 25 749 37 1028 29 435 221 94 26 28 225 122 1443 616 1637 43 23 26 1868 879 30 922
internal_value=0.000521208 0.0199076 -0.01128 -0.00740553 -0.0143237 0.0153676 0.0256608 0.0420724 0.0223947 0.00810457 0.0769666 0.00914793 0.0585174 0.00104266 0.0647446 0.0513379 0.0683743 0.121673 -0.0252309 0.0362761 0.0213816 -0.0491158 -0.0199147 0.091872 0.13872 -0.00200002 -0.0136942 -0.0234275 -0.0379922 -0.0103193
internal_weight=14773 5590 9183 8330 6716 5178 3013 1652 945 774 412 1292 238 2165 380 343 707 122 660 217 1614 853 5424 95 66 1054 3787 1919 909 1010
internal_count=14773 5590 9183 8330 6716 5178 3013 1652 945 774 412 1292 238 2165 380 343 707 122 660 217 1614 853 5424 95 66 1054 3787 1919 909 1010
is_linear=0
shrinkage=0.05


Tree=44
num_leaves=31
num_cat=0
split_feature=1 7 11 1 12 1 7 12 11 12 9 3 11 4 7 10 10 9 5 4 5 12 12 9 3 9 12 1 4 12
split_gain=1260.74 731.506 513.518 380.031 375.255 450.106 371.475 588.387 298.658 273.787 367.246 258.235 227.982 260.634 245.051 278.031 226.086 209.041 203.582 183.642 178.652 177.873 174.291 184.637 164.354 164.626 160.367 159.217 195.871 157.343
threshold=9.5299999999999994 2.5000000000000004 -6.4830321999999994 16.495000000000005 624840.50000000012 18.180000000000003 2.5000000000000004 -1234058.1099999996 -2.3360140000000018 -465222.74500000005 17.063995000000002 15.035000000000002 0.71727000000000107 6.4399999999999995 1.0000000180025095e-35 13.381818000000001 3122463.3000000003 6.4003295000000007 0.095011888899718414 -4.5349999999999993 0.077130742120942578 1097074.8 -1479244.7549999999 4.4575960000000006 9.6750000000000025 28.349472000000002 370590.01500000007 7.4016666666666646 -18.589999999999996 -205893.05000000013
decision_type=2 2 2 2 2 2 2 2 2 2 2 2 2 2 2 2 2 2 2 2 2 2 2 2 2 2 2 2 2 2
left_child=6 2 11 9 5 22 7 8 -1 10 20 -2 13 -11 15 -14 18 -17 26 -5 -4 24 -3 -24 -9 27 -8 28 -26 -7
right_child=1 4 3 19 -6 29 16 21 -10 12 -12 -13 14 -15 -16 17 -18 -19 -20 -21 -22 -23 23 -25 25 -27 -28 -29 -30 -31
leaf_value=0.29859134983271363 0.31777817335995762 0.1176776488221461 0.12157478276514322 0.19833359377086163 -0.054817220853445564 0.14234494100687592 -0.02567553083803728 0.096643035976510305 0.073502102702124303 0.030688882943094638 0.016776192850536772 0.088864349121493963 -0.0030269724059890694 -0.09841227784752847 -0.020710859304767876 0.24377301245927813 -0.13618766517967593 0.065064428878120251 0.11139263069400421 0.059671675881565224 0.30705400109291081 -0.10471789456279751 0.017158550363956495 -0.006606024457744622 0.044748077469245931 0.084685993147642413 -0.068397912530376567 -0.001353957928405579 -0.035727759037622653 0.041901380782328662
leaf_weight=20 22 31 37 25 285 43 2714 38 56 1726 72 28 183 40 623 20 49 90 26 532 20 47 1054 3640 84 47 239 1807 757 418
leaf_count=20 22 31 37 25 285 43 2714 38 56 1726 72 28 183 40 623 20 49 90 26 532 20 47 1054 3640 84 47 239 1807 757 418
internal_value=0.000495148 0.012379 0.0305258 0.0281645 0.00104184 0.00411161 -0.0174579 -0.00452199 0.132736 0.0206881 0.091839 0.189586 0.0172658 0.0277647 -0.00297548 0.0347349 -0.029659 0.0975569 -0.0279068 0.0658953 0.186655 -0.00827437 -0.000489484 -0.00126988 -0.00661581 -0.00807178 -0.0291333 -0.00971816 -0.0276897 0.0512703
internal_weight=14773 8889 3418 3368 5471 5186 5884 2856 76 2811 129 50 2682 1766 916 293 3028 110 2979 557 57 2780 4725 4694 2733 2695 2953 2648 841 461
internal_count=14773 8889 3418 3368 5471 5186 5884 2856 76 2811 129 50 2682 1766 916 293 3028 110 2979 557 57 2780 4725 4694 2733 2695 2953 2648 841 461
is_linear=0
shrinkage=0.05


Tree=45
num_leaves=31
num_cat=0
split_feature=1 7 1 12 13 12 2 7 12 2 0 11 1 9 9 12 2 11 11 1 9 3 4 4 13 9 3 4 10 2
split_gain=1365.64 622.046 445.239 403.122 382.82 270.166 263.496 244.176 242.971 237.862 279.931 310.052 214.114 213.835 367.081 318.985 260.29 187.274 183.633 183.218 184.219 181.844 180.964 173.187 166.39 165.971 156.167 183.569 145.664 144.908
threshold=11.586666666666671 1.5000000000000002 8.5150000000000023 461209.9499999999 15.575000000000001 -477321.46999999991 10.505000000000001 1.5000000000000002 -881701.84999999974 11.505000000000001 23.500000000000004 0.76669300000000107 6.7183333333333382 22.640381000000001 7.5850677500000012 135455.20000000022 11.565000000000003 3.7201383500000005 2.3830417500000007 1.0000000180025095e-35 28.349472000000002 9.8650000000000002 -1.2849999999999999 3.4599999999999986 21.325000000000006 14.779312000000003 9.2900000000000009 9.4100000000000019 1632220.9500000002 10.025
decision_type=2 2 2 2 2 2 2 2 2 2 2 2 2 2 2 2 2 2 2 2 2 2 2 2 2 2 2 2 2 2
left_child=2 13 5 4 17 6 -1 19 -6 10 -4 29 18 14 16 24 22 -3 -9 -7 -21 -10 -2 -11 -15 -8 -5 -28 -16 -12
right_child=1 3 9 26 8 7 25 12 21 23 11 -13 -14 15 28 -17 -18 -19 -20 20 -22 -23 -24 -25 -26 -27 27 -29 -30 -31
leaf_value=0.18916481211781502 0.22557563742792067 0.0097625830285946909 0.014573803405067266 0.042539613104114936 0.17365720872493351 0.093241977166288945 0.034509717857289186 -0.081001858350996603 0.08360056190292299 -0.0013984765680853893 0.28746670758859677 -0.018825795694633767 -0.029642366870136185 0.063118591668253607 0.013790029013054088 0.25098674209522354 0.05267409897499245 -0.052965378992259504 -0.015618276682881904 -0.019591133201918617 0.098266741030794746 0.028395917179913962 0.076620613739482674 -0.024828864856732968 0.19545009995882329 -0.027259503037950723 -0.037077227616163028 -0.14637578105473001 -0.12193594739905425 0.11598779483299171
leaf_weight=20 44 2473 452 48 34 39 217 461 180 4462 22 27 1291 275 337 28 228 125 140 1335 34 871 38 958 26 218 233 46 21 28
leaf_count=20 44 2473 452 48 34 39 217 461 180 4462 22 27 1291 275 337 28 228 125 140 1335 34 871 38 958 26 218 233 46 21 28
internal_value=1.75475e-05 0.0212257 -0.0109253 0.0124382 0.017162 -0.0244059 0.0117128 -0.0293859 0.0421063 -0.00241638 0.029586 0.117709 -0.0411188 0.0565698 0.0403191 0.0895652 0.0801503 0.00674449 -0.0657711 -0.0136198 -0.0166641 0.0378506 0.156548 -0.00553986 0.0745492 0.00355411 -0.0407657 -0.0550978 0.00582845 0.191439
internal_weight=14711 5007 9704 4010 3683 3755 455 3300 1085 5949 529 77 1892 997 668 329 310 2598 601 1408 1369 1051 82 5420 301 435 327 279 358 50
internal_count=14711 5007 9704 4010 3683 3755 455 3300 1085 5949 529 77 1892 997 668 329 310 2598 601 1408 1369 1051 82 5420 301 435 327 279 358 50
is_linear=0
shrinkage=0.05


Tree=46
num_leaves=31
num_cat=0
split_feature=1 7 13 12 1 14 12 9 9 3 12 9 1 11 7 4 9 9 12 4 3 0 13 9 11 9 3 13 13 9
split_gain=1232.49 561.397 414.113 363.818 354.757 299.867 297.597 260.934 256.063 235.714 231.852 298.53 228.932 228.721 225.943 204.781 192.986 331.29 287.884 238.298 285.268 186.207 155.007 153.385 363.074 201.932 215.856 150.167 147.397 144.072
threshold=11.586666666666671 1.5000000000000002 7.6050000000000013 461209.9499999999 17.896666666666672 8.3150000000000031 -159051.05000000002 27.201431500000002 1.0163269000000004 10.155000000000003 -492366.1999999999 14.779312000000003 3.841666666666669 3.7201383500000005 3.5000000000000004 -5.8499999999999996 22.640381000000001 7.5850677500000012 135455.20000000022 -1.2849999999999999 14.015000000000002 30.500000000000004 13.505000000000001 7.1098940000000015 -4.675872899999999 19.708847000000002 28.295000000000005 21.325000000000006 20.935000000000006 12.491089000000001
decision_type=2 2 2 2 2 2 2 2 2 2 2 2 2 2 2 2 2 2 2 2 2 2 2 2 2 2 2 2 2 2
left_child=2 16 5 4 13 9 23 8 -8 -1 11 14 -12 15 29 21 17 19 27 20 -2 -3 -9 -4 -25 26 -26 -18 -5 -11
right_child=1 3 6 28 -6 -7 7 22 -10 10 12 -13 -14 -15 -16 -17 18 -19 -20 -21 -22 -23 -24 24 25 -27 -28 -29 -30 -31
leaf_value=0.086255143946263851 0.24284652665955947 0.196693921934015 -0.026192445428089496 -0.053987217273879319 0.047648604852067115 -0.0061415511902282813 0.031123059114877318 0.034946337220026179 -0.011110108449250262 0.056970304570710055 -0.078599132551726666 -0.043866417783711642 -0.033786380705453908 -0.051746696533772778 0.0045697132128049833 0.0097293677654915617 0.059962662254481325 0.0055370271333861397 0.23843740333936048 0.045444290170696781 0.071580679528415209 0.026764332427104055 0.16464833359009234 0.23588912461114969 0.077510165448702789 -0.0060023687567717851 -0.030040413262159157 0.1856775930008063 0.035119215556187557 0.20412794638521456
leaf_weight=41 40 28 99 271 725 1812 393 112 4137 39 337 175 1847 149 114 2743 275 358 28 208 62 38 29 23 257 203 57 26 56 29
leaf_count=41 40 28 99 271 725 1812 393 112 4137 39 337 175 1847 149 114 2743 275 358 28 208 62 38 29 23 257 203 57 26 56 29
internal_value=1.66701e-05 0.0201644 -0.010379 0.0118163 0.0163039 -0.0217336 -0.000983171 -0.00536124 -0.00744617 -0.0326758 -0.0345948 0.00276156 -0.0407012 0.00862132 0.0475962 0.0118235 0.0537414 0.0383032 0.0850869 0.0761428 0.138744 0.0988557 0.0616226 0.0310199 0.0415088 0.0328614 0.0579867 0.0708218 -0.0387274 0.119729
internal_weight=14711 5007 9704 4010 3683 4394 5310 4671 4530 2582 2541 357 2184 2958 182 2809 997 668 329 310 102 66 141 639 540 517 314 301 327 68
internal_count=14711 5007 9704 4010 3683 4394 5310 4671 4530 2582 2541 357 2184 2958 182 2809 997 668 329 310 102 66 141 639 540 517 314 301 327 68
is_linear=0
shrinkage=0.05


Tree=47
num_leaves=31
num_cat=0
split_feature=1 7 11 13 1 5 4 1 3 9 9 0 5 11 10 9 10 1 4 9 0 2 9 13 7 9 9 11 9 10
split_gain=1115.41 539.752 386.332 306.485 292.325 282.452 217.683 204.923 202.698 199.306 280.319 298.455 192.754 346.602 182.215 206.221 181.583 207.989 168.375 151.163 184.602 188.726 156.923 211.137 154.963 199.411 149.479 148.942 141.029 231.601
threshold=10.726666666666672 2.5000000000000004 -6.4830321999999994 7.535000000000001 19.983333333333338 0.11940301337598207 8.879999999999999 18.180000000000003 9.4750000000000032 3.7728423500000008 2.9959564500000004 13.500000000000002 0.091116183730090824 -3.4778746699999998 1226413.2000000004 22.892669500000004 1750020.8000000003 1.0000000180025095e-35 0.53000000000000036 4.4575960000000006 25.500000000000004 21.605000000000004 14.878448500000003 15.005000000000001 1.5000000000000002 27.368500000000001 20.472183000000005 1.4904025000000003 25.827255000000005 1417433.4500000002
decision_type=2 2 2 2 2 2 2 2 2 2 2 2 2 2 2 2 2 2 2 2 2 2 2 2 2 2 2 2 2 2
left_child=3 2 -2 16 8 6 7 9 -4 10 -3 18 -5 -14 -6 -16 17 -1 -12 -10 -21 22 27 -24 -25 -26 -18 -22 29 -11
right_child=1 5 4 12 14 -7 -8 -9 19 28 11 -13 13 -15 15 -17 26 -19 -20 20 21 -23 23 24 25 -27 -28 -29 -30 -31
leaf_value=0.10090031384213552 0.21475748815413179 0.010523505161499589 0.10885164667334822 -0.0056955456607392556 0.058133147737007007 0.14749358522103115 -0.065960869813196571 0.034957071779202861 0.048467641907962905 -0.0049634616452977551 0.1042122721299529 0.036026123240852442 0.24124051418155432 0.022574292983886319 0.037722209876491913 0.23295851230719375 -0.056891013068565713 -0.018394909366723444 0.30938009310513737 -0.0069315560533219495 0.035613191232038967 -0.0029487507731325671 0.10138346282344193 0.06509930458756126 0.022360933333197063 -0.14084756343315047 -0.011505333875271161 -0.034124989528665502 0.024735437049544104 -0.060594302186669384
leaf_weight=37 29 555 72 4041 135 34 112 491 481 2257 20 71 20 193 21 38 595 2920 20 558 307 352 188 147 85 24 261 102 341 204
leaf_count=37 29 555 72 4041 135 34 112 491 481 2257 20 71 20 193 21 38 595 2920 20 558 307 352 188 147 85 24 261 102 341 204
internal_value=1.58366e-05 0.0151866 0.0333074 -0.0124789 0.031211 0.00397865 0.00278005 0.00472472 0.0262725 0.000444424 0.0250304 0.0975649 -0.00325201 0.0431063 0.0901679 0.163468 -0.0227728 -0.0169022 0.206796 0.0236229 0.0168444 0.0278544 0.0405657 0.0611487 0.0316013 -0.0135749 -0.0430526 0.0182213 -0.00539935 -0.00957488
internal_weight=14711 6644 2539 8067 2510 4105 4071 3959 2316 3468 666 111 4254 213 194 59 3813 2957 40 2244 1763 1205 853 444 256 109 856 409 2802 2461
internal_count=14711 6644 2539 8067 2510 4105 4071 3959 2316 3468 666 111 4254 213 194 59 3813 2957 40 2244 1763 1205 853 444 256 109 856 409 2802 2461
is_linear=0
shrinkage=0.05


Tree=48
num_leaves=31
num_cat=0
split_feature=1 7 1 12 1 12 7 11 4 4 12 9 2 9 9 11 4 3 0 5 11 12 11 1 10 11 1 3 3 4
split_gain=1014.87 466.554 354.272 308.767 291.461 254.631 213.019 203.384 196.629 182.53 468.468 178.631 240.216 162.512 291.027 259.98 208.899 248.35 155.905 160.324 180.016 151.013 207.632 175.596 148.493 170.191 192.831 147.223 132.985 158.546
threshold=11.586666666666671 1.5000000000000002 8.4016666666666691 461209.9499999999 17.896666666666672 -477321.46999999991 1.5000000000000002 3.7201383500000005 -1.329999999999999 -4.2099999999999991 -350535.4499999999 14.779312000000003 12.215000000000002 22.640381000000001 7.5850677500000012 1.4904025000000003 -1.2849999999999999 14.015000000000002 12.500000000000002 0.095739601092592344 0.56486550000000169 -101267.21499999997 -1.48104835 20.606666666666673 3122463.3000000003 2.1060482999999999 6.4616666666666669 10.795000000000002 9.2900000000000009 9.4100000000000019
decision_type=2 2 2 2 2 2 2 2 2 2 2 2 2 2 2 2 2 2 2 2 2 2 2 2 2 2 2 2 2 2
left_child=2 13 5 4 7 11 27 9 18 10 -3 12 -1 14 16 21 17 -2 -4 -20 -21 22 -15 -23 25 26 -8 -7 -5 -30
right_child=1 3 8 28 -6 6 24 -9 -10 -11 -12 -13 -14 15 -16 -17 -18 -19 19 20 -22 23 -24 -25 -26 -27 -28 -29 29 -31
leaf_value=0.19805214384003827 0.22595171801745895 0.27390534825946972 -0.0078300798029474188 0.040998283798883983 0.043232724992421874 0.079990150378130023 -0.073136192353330173 -0.049068182033655428 -0.0083694795679052324 0.0081501085005348511 0.023641133303754031 -0.018729092453473383 0.027382117672940371 0.12636703760786491 0.0040298333738100255 0.2437068218026649 0.041463593366475281 0.066151761864462214 0.016666359498680446 0.15582006483028332 0.0033818723962587473 0.07015965453110809 -0.060392069193008158 0.21275375739981733 -0.12030309463540714 0.0020044267284683882 -0.031686691700762229 -0.015131735186885119 -0.032353785120614285 -0.13393027772114652
leaf_weight=23 40 23 724 48 725 42 382 149 4191 2686 100 217 199 22 358 22 208 62 1194 45 34 215 46 24 54 250 1057 1292 233 46
leaf_count=23 40 23 724 48 725 42 382 149 4191 2686 100 217 199 22 358 22 208 62 1194 45 34 215 46 24 54 250 1057 1292 233 46
internal_value=1.50449e-05 0.0182978 -0.00941835 0.0106874 0.0148215 -0.0220924 -0.0271748 0.007858 -0.00221702 0.0108776 0.0704385 0.0135308 0.0450641 0.0489073 0.0347404 0.0776717 0.0702061 0.128818 0.0106948 0.0212306 0.0902138 0.0657735 2.99948e-05 0.0844787 -0.0386839 -0.0360745 -0.04269 -0.0121369 -0.0358756 -0.0491012
internal_weight=14711 5007 9704 4010 3683 3516 3077 2958 6188 2809 123 439 222 997 668 329 310 102 1997 1273 79 307 68 239 1743 1689 1439 1334 327 279
internal_count=14711 5007 9704 4010 3683 3516 3077 2958 6188 2809 123 439 222 997 668 329 310 102 1997 1273 79 307 68 239 1743 1689 1439 1334 327 279
is_linear=0
shrinkage=0.05


Tree=49
num_leaves=31
num_cat=0
split_feature=13 0 2 2 0 2 9 10 9 11 9 4 4 9 12 9 13 12 5 7 4 7 2 9 9 4 1 14 7 11
split_gain=930.714 401.8 359.378 354.568 371.966 353.47 318.812 291.073 206.424 203.594 236.499 241.645 302.495 299.5 171.852 197.764 168.684 160.568 227.073 159.122 152.907 148.679 186.945 138.318 159.759 135.648 134.013 133.159 132.662 127.624
threshold=11.145000000000001 32.500000000000007 18.245000000000001 16.375000000000004 25.500000000000004 19.605000000000004 19.989151000000003 2077595.3 -1.3299865499999999 -7.0215912999999981 18.759933500000006 0.53000000000000036 -6.3649999999999984 19.708847000000002 -339703.06499999994 2.3030853500000004 25.065000000000005 -465222.74500000005 0.09657171768040991 1.5000000000000002 -2.355 1.5000000000000002 12.045000000000002 17.412964000000006 7.1098940000000015 1.9800000000000015 8.5150000000000023 16.505000000000006 5.5000000000000009 -3.806945499999999
decision_type=2 2 2 2 2 2 2 2 2 2 2 2 2 2 2 2 2 2 2 2 2 2 2 2 2 2 2 2 2 2
left_child=1 2 17 4 8 19 29 -5 -2 -6 14 12 -12 -14 20 -16 -15 18 23 -3 -11 -13 25 24 -1 -23 -26 -19 -21 -4
right_child=3 5 6 7 9 -7 -8 -9 -10 10 11 21 13 16 15 -17 -18 27 -20 28 -22 22 -24 -25 26 -27 -28 -29 -30 -31
leaf_value=-0.050362844401123853 0.11209901565064986 0.086472565775856061 -0.097862640828672021 0.0047907729198955334 0.19638493846763264 -0.0033457510344980321 -0.0014471350646037932 -0.087319089834588581 0.0066203863763555221 0.20497894416684692 0.19306872111046688 0.202956182498372 0.2148585180328651 0.016108241974088913 0.075356842318168762 0.0053529997430266157 0.11404501780563472 -0.0099325887085018258 0.17128063060032828 0.0092013138406154878 0.046501185716026364 0.09804193635399526 0.062934075064251416 -0.019606348603302917 0.032367971588543362 0.26673601364547556 0.12415770182672602 0.073773479081379864 0.058807566216356071 -0.037146767923075842
leaf_weight=44 48 141 91 1492 22 1591 747 91 1378 23 32 33 22 428 121 607 49 4666 24 370 45 26 161 186 169 22 52 48 212 1770
leaf_count=44 48 141 91 1492 22 1591 747 91 1378 23 32 33 22 428 121 607 49 4666 24 370 45 26 161 186 169 22 52 48 212 1770
internal_value=1.42926e-05 -0.0084685 -0.0138985 0.0186598 0.0287151 0.00982767 -0.02904 -0.000504235 0.0101709 0.0453362 0.0432182 0.062917 0.0440445 0.0344878 0.0240886 0.0169883 0.0261688 -0.00628829 0.0214197 0.0388165 0.100104 0.104327 0.0887544 0.0134449 0.0366431 0.17536 0.0539656 -0.00908026 0.0272709 -0.0401157
internal_weight=14711 10111 7797 4600 3017 2314 2608 1583 1426 1591 1569 773 531 499 796 728 477 5189 475 723 68 242 209 451 265 48 221 4714 582 1861
internal_count=14711 10111 7797 4600 3017 2314 2608 1583 1426 1591 1569 773 531 499 796 728 477 5189 475 723 68 242 209 451 265 48 221 4714 582 1861
is_linear=0
shrinkage=0.05


Tree=50
num_leaves=31
num_cat=0
split_feature=1 7 4 12 1 7 9 9 12 1 11 1 4 11 12 13 9 4 11 12 7 9 11 13 0 1 4 2 1 4
split_gain=976.479 427.242 419.835 404.49 310.284 295.219 287.564 243.084 235.932 202.406 225.71 189.535 180.326 179.969 280.307 314.072 315.22 173.856 155.243 201.308 148.093 350.322 242.837 187.219 165.508 144.698 139.862 137.221 134.355 161.05
threshold=15.155000000000005 2.5000000000000004 -7.6450000000000005 -963769.03999999992 8.6083333333333378 1.5000000000000002 17.577209500000002 -1.6224059999999998 624840.50000000012 7.5300000000000002 0.7489165000000001 1.0000000180025095e-35 -0.87 -1.6965029999999997 -63640.300000000272 20.005000000000006 23.589935000000004 -22.814999999999994 2.0765990000000007 370590.01500000007 1.0000000180025095e-35 26.236267000000002 -5.8617249269999983 7.495000000000001 15.500000000000002 4.7050000000000027 2.9700000000000002 13.615 20.23 -1.4949999999999999
decision_type=2 2 2 2 2 2 2 2 2 2 2 2 2 2 2 2 2 2 2 2 2 2 2 2 2 2 2 2 2 2
left_child=1 3 -2 6 18 13 12 -5 28 11 20 -9 27 -4 -15 -16 -17 -13 19 -3 21 24 -22 -24 -11 -19 -6 -1 -7 -30
right_child=2 4 5 7 26 8 -8 9 -10 10 -12 17 -14 14 15 16 -18 25 -20 -21 22 -23 23 -25 -26 -27 -28 -29 29 -31
leaf_value=0.16055429184602366 0.23928288693229358 -0.030709166430222635 0.20146963860218725 0.10020767846726814 -0.0019711171242708238 0.019216614264033288 -0.038387608265175538 0.090187427726311567 -0.038093666838846102 -0.038717972396036707 -0.0095449897236512798 0.079858458070084459 0.23252658896148204 -0.044925380631401723 0.053432029725863021 0.035814360478568986 0.27152964775324673 -0.055488182361453232 0.0024875248767217842 -0.09223931495431964 0.12023670971994438 0.094592947740416419 -0.041862893833554002 0.023724680098611055 0.0067621871055486785 -0.013200774108801556 -0.02115400436827174 0.02823935873416621 0.16616661906242372 0.044074202514368686
leaf_weight=36 24 1485 24 64 3922 1317 34 39 157 333 1391 40 30 54 243 23 37 296 308 146 62 86 116 1754 501 639 1254 43 30 271
leaf_count=36 24 1485 24 64 3922 1317 34 39 157 333 1391 40 30 54 243 23 37 296 308 146 62 86 116 1754 501 639 1254 43 30 271
internal_value=0.000419792 -0.00493421 0.0313133 0.00558096 -0.0130094 0.0289983 0.0885655 0.00335078 0.0204263 0.00217162 0.00696779 -0.0178976 0.128166 0.0689334 0.0600234 0.0787271 0.181172 -0.022221 -0.0300691 -0.0362171 0.0150215 -0.00148939 0.0228839 0.0196561 -0.0113972 -0.026588 -0.00661859 0.0885348 0.0261047 0.0562429
internal_weight=14759 12579 2180 5464 7115 2156 143 5321 1775 5257 4243 1014 109 381 357 303 60 975 1939 1631 2852 920 1932 1870 834 935 5176 79 1618 301
internal_count=14759 12579 2180 5464 7115 2156 143 5321 1775 5257 4243 1014 109 381 357 303 60 975 1939 1631 2852 920 1932 1870 834 935 5176 79 1618 301
is_linear=0
shrinkage=0.05


Tree=51
num_leaves=31
num_cat=0
split_feature=1 4 7 12 5 1 9 3 1 11 3 10 0 4 11 3 4 1 10 3 9 11 11 14 12 4 11 12 2 12
split_gain=882.976 417.403 398.923 360.281 296.668 290.608 259.527 257.729 261.29 239.062 210.463 244.913 196.462 162.323 157.825 210.473 155.299 151.311 213.051 240.574 163.02 156.766 237.454 147.37 160.247 222.507 140.107 181.681 137.201 143.557
threshold=15.656666666666675 -7.6450000000000005 2.5000000000000004 -963769.03999999992 0.05471956334534591 8.6083333333333378 17.577209500000002 9.8650000000000002 7.4016666666666646 0.7489165000000001 30.805000000000003 871144.35000000021 28.500000000000004 -22.814999999999994 -6.4830321999999994 15.035000000000002 1.1499999999999997 19.983333333333338 794793.31000000017 10.025 28.078918000000005 2.1368867500000008 1.1936645650000004 9.5350000000000019 -963769.03999999992 -5.1849999999999996 2.0765990000000007 370590.01500000007 10.275 -32391.952999999947
decision_type=2 2 2 2 2 2 2 2 2 2 2 2 2 2 2 2 2 2 2 2 2 2 2 2 2 2 2 2 2 2
left_child=2 -2 3 6 12 26 10 -5 13 14 11 -1 -3 -9 15 -10 23 18 -6 -20 21 22 28 24 25 -7 27 -4 29 -19
right_child=1 4 5 7 17 16 -8 8 9 -11 -12 -13 -14 -15 -16 -17 -18 20 19 -21 -22 -23 -24 -25 -26 -27 -28 -29 -30 -31
leaf_value=0.084649645171913451 0.24395917511504628 -0.087069030551573459 -0.029173708052577463 0.086249679884052174 0.043463931299889874 0.21320400446653368 -0.036468229979714932 0.075865534807089727 0.22505908383056525 -0.009450634283764428 -0.020467884572488923 0.25362800333548235 0.0070122234043038106 -0.027219672155956498 0.013401829837169683 0.037765655517578128 -0.015471320811137688 0.059254681212561472 0.11603230870195798 -0.023862295672081511 0.16915211009127754 0.15686136905370016 -0.079582068367915995 0.022183949825271998 -0.006204141017234723 -0.014828683814519775 0.0023631484761785764 -0.087627349156018816 0.042498720473791399 0.21270326409074994
leaf_weight=51 23 67 1485 93 794 20 34 40 20 1447 21 37 323 843 2910 60 2391 35 35 252 35 35 34 675 2259 23 308 146 236 27
leaf_count=51 23 67 1485 93 794 20 34 40 20 1447 21 37 323 843 2910 60 2391 35 35 252 35 35 34 675 2259 23 308 146 236 27
internal_value=0.000398802 0.0322531 -0.0042965 0.00580141 0.0296534 -0.0119746 0.0841372 0.00373195 0.00228944 0.00723267 0.121757 0.155697 -0.00915045 -0.0225499 0.0153065 0.084589 -0.00598172 0.039858 0.0301186 -0.00680198 0.066048 0.0562151 0.0456048 0.00163992 -0.00438407 0.091233 -0.0285656 -0.0344062 0.0598879 0.126079
internal_weight=14759 1896 12863 5556 1873 7307 143 5413 5320 4437 109 88 390 883 2990 80 5368 1483 1081 287 402 367 332 2977 2302 43 1939 1631 298 62
internal_count=14759 1896 12863 5556 1873 7307 143 5413 5320 4437 109 88 390 883 2990 80 5368 1483 1081 287 402 367 332 2977 2302 43 1939 1631 298 62
is_linear=0
shrinkage=0.05


Tree=52
num_leaves=31
num_cat=0
split_feature=1 7 4 12 7 1 11 9 9 12 0 5 9 2 7 11 11 12 13 9 9 4 4 11 7 11 13 10 9 10
split_gain=799.36 347.731 340.422 329.598 257.779 253.063 242.286 283.672 216.637 201.058 192.571 253.537 258.137 199.327 187.997 297.078 160.272 252.846 271.27 274.14 159.19 190.221 142.247 140.913 230.727 136.211 134.466 163.143 133.716 136.78
threshold=15.155000000000005 2.5000000000000004 -7.6450000000000005 -963769.03999999992 1.5000000000000002 8.5150000000000023 -3.806945499999999 17.577209500000002 -1.6224059999999998 261257.57999999999 25.500000000000004 0.044101433496007723 22.892669500000004 27.405000000000005 1.0000000180025095e-35 1.0599674500000005 -1.6965029999999997 -63640.300000000272 20.005000000000006 23.589935000000004 9.9526370000000011 -9.6799999999999997 -22.814999999999994 0.2166746600000003 1.0000000180025095e-35 2.3300326500000001 18.975000000000005 1319282.3000000003 11.89047225 1063145.5000000002
decision_type=2 2 2 2 2 2 2 2 2 2 2 2 2 2 2 2 2 2 2 2 2 2 2 2 2 2 2 2 2 2
left_child=1 3 -2 6 16 -3 -1 20 -5 26 13 -12 23 14 22 -16 -4 -18 -19 -20 -8 -22 -10 24 -13 -14 27 -6 29 -26
right_child=2 5 4 8 9 -7 7 -9 10 -11 11 12 25 -15 15 -17 17 18 19 -21 21 -23 -24 -25 28 -27 -28 -29 -30 -31
leaf_value=0.24133053615689282 0.21560110983749234 -0.027698988421820482 0.18863602918572725 0.094444171350914985 0.021376046494147941 -0.0061750609562872608 -0.018009800612926483 -0.10053257987213632 0.09176067858934403 -0.022112855307949077 -0.01274288163065564 -0.0031939136624727273 0.060713427660009527 -0.10821788190527167 0.016816484049367763 -0.02544106491048086 -0.044520858837360587 0.049410155483991858 0.032571507326286768 0.25239161613422473 0.012217151800480983 0.18346492004394532 -0.02449733118573667 -0.0027916772239620167 0.059934161107622945 0.19692452222108842 0.050989628529151614 -0.059062799730741272 0.11483323021803971 -0.016615209757507621
leaf_weight=20 24 1843 24 64 1065 5272 25 24 27 263 645 287 223 47 1427 587 54 243 23 37 24 50 1031 568 241 20 380 67 77 77
leaf_count=20 24 1843 24 64 1065 5272 25 24 27 263 645 287 223 47 1427 587 54 243 23 37 24 50 1031 568 241 20 380 67 77 77
internal_value=0.000378862 -0.00446529 0.0283305 0.00502109 0.0262459 -0.0117504 0.0799304 0.0536864 0.00300793 0.0182359 0.00189477 0.0134532 0.0247704 -0.00602829 -0.00446484 0.00450011 0.0635628 0.0551546 0.0729185 0.168127 0.0910729 0.127925 -0.0215304 0.0156037 0.0309241 0.0719242 0.0252542 0.0166151 0.0557137 0.0413986
internal_weight=14759 12579 2180 5464 2156 7115 143 123 5321 1775 5257 2138 1493 3119 3072 2014 381 357 303 60 99 74 1058 1250 682 243 1512 1132 395 318
internal_count=14759 12579 2180 5464 2156 7115 143 123 5321 1775 5257 2138 1493 3119 3072 2014 381 357 303 60 99 74 1058 1250 682 243 1512 1132 395 318
is_linear=0
shrinkage=0.05


Tree=53
num_leaves=31
num_cat=0
split_feature=1 4 2 0 12 5 2 12 11 0 7 12 7 14 1 13 10 7 7 11 3 1 10 3 3 12 11 7 7 5
split_gain=723.013 342.586 334.981 378.387 327.834 261.771 242.991 214.051 191.941 171.614 155.956 208.45 177.589 153.802 151.014 145.327 227.026 157.019 207.099 233.951 131.535 128.204 180.698 215.671 141.841 165.26 178.97 143.104 127.574 116.675
threshold=15.656666666666675 -7.6450000000000005 12.795000000000002 31.500000000000004 -477321.46999999991 0.05471956334534591 21.255000000000006 12329.576500000092 0.3621519999999992 28.500000000000004 3.5000000000000004 -1391554.6300000001 1.0000000180025095e-35 12.735000000000001 5.118333333333335 5.8350000000000009 1934181.2500000002 1.0000000180025095e-35 2.5000000000000004 -5.1283873999999994 9.8650000000000002 19.983333333333338 794793.31000000017 10.025 10.405000000000003 -15858.230999999998 0.43026699999999979 1.5000000000000002 1.0000000180025095e-35 0.049007596718255976
decision_type=2 2 2 2 2 2 2 2 2 2 2 2 2 2 2 2 2 2 2 2 2 2 2 2 2 2 2 2 2 2
left_child=2 -2 4 7 10 9 8 15 -5 -3 11 -1 -13 20 -9 29 17 -17 19 -19 -6 22 -7 -24 -23 26 -26 -27 -10 -4
right_child=1 5 3 6 13 21 -8 14 28 -11 -12 12 -14 -15 -16 16 -18 18 -20 -21 -22 24 23 -25 25 27 -28 -29 -30 -31
leaf_value=0.24784031599760056 0.22098116084285407 -0.082445209534532993 -0.039865678831623411 0.035364852025012238 0.061668804164910031 0.039740564151384383 -0.0067361637018015638 -0.060078002844616632 0.050467789636270424 0.0054853334603398671 0.0034505212559334691 -0.051748004426126898 0.10012571418310626 0.1126116232453462 -0.022180738186005841 -0.028546424922867158 0.061286448086204051 0.18597988680005073 -0.013954080493952713 0.013415487345697375 0.0026270013094168978 0.024372878728181491 0.10975139052740167 -0.022704906652437615 0.19169589277160795 0.14519208741976936 0.035424058251427831 0.029197079315781596 -0.0076386045572738696 -0.012070742418296816
leaf_weight=20 23 67 503 896 99 794 1827 308 111 323 62 23 118 34 1794 551 137 20 1117 1094 2001 162 35 252 57 34 27 122 634 1514
leaf_count=20 23 67 503 896 99 794 1827 308 111 323 62 23 118 34 1794 551 137 20 1117 1094 2001 162 35 252 57 34 27 122 634 1514
internal_value=0.000359919 0.0291847 -0.00388885 -0.00771066 0.0131464 0.0268295 0.00580709 -0.0143716 0.0197721 -0.00962068 0.0708313 0.0967791 0.075352 0.00711839 -0.0277337 -0.00868131 -0.00154964 -0.00464401 0.00125927 0.0165136 0.0054104 0.0364152 0.0274502 -0.0065517 0.0605226 0.0849237 0.141466 0.054478 0.00101886 -0.0190023
internal_weight=14759 1896 12863 10506 2357 1873 3468 7038 1641 390 223 161 141 2134 2102 4936 2919 2782 2231 1114 2100 1483 1081 287 402 240 84 156 745 2017
internal_count=14759 1896 12863 10506 2357 1873 3468 7038 1641 390 223 161 141 2134 2102 4936 2919 2782 2231 1114 2100 1483 1081 287 402 240 84 156 745 2017
is_linear=0
shrinkage=0.05


Tree=54
num_leaves=31
num_cat=0
split_feature=1 4 7 11 9 12 5 3 12 9 9 3 1 11 9 1 9 4 0 10 5 5 11 1 9 11 11 10 3 0
split_gain=652.519 309.184 304.799 284.134 332.179 247.986 236.248 205.772 186.245 245.345 310.705 240.377 210.41 183.348 166.707 166.475 158.951 156.484 154.881 137.588 176.513 133.503 129.533 134.874 132.772 138.016 210.132 132.45 193.73 128.02
threshold=15.656666666666675 -7.6450000000000005 2.5000000000000004 -6.4830321999999994 5.2073975000000008 370590.01500000007 0.05471956334534591 9.6750000000000025 -812662.34999999998 16.901382500000004 9.2030490000000018 37.280000000000008 6.9116666666666653 2.6348571800000005 -1.6224059999999998 8.8216666666666743 20.472183000000005 -22.814999999999994 28.500000000000004 13.381818000000001 0.061031433145526642 0.087374408342746734 -3.9085544999999988 19.983333333333338 28.078918000000005 2.1368867500000008 1.1936645650000004 794793.31000000017 10.025 34.500000000000007
decision_type=2 2 2 2 2 2 2 2 2 2 2 2 2 2 2 2 2 2 2 2 2 2 2 2 2 2 2 2 2 2
left_child=2 -2 3 4 -1 15 18 -5 9 10 -9 -12 17 16 -14 -4 -7 -10 -3 -16 29 -11 -8 27 25 26 -25 -24 -29 -21
right_child=1 6 5 7 -6 13 22 8 12 21 11 -13 14 -15 19 -17 -18 -19 -20 20 -22 -23 23 24 -26 -27 -28 28 -30 -31
leaf_value=0.009501372048990769 0.20993210263550283 -0.078322950283538056 -0.019988858631495625 0.081253651812827843 0.19357198055746944 -0.073317355946852611 0.16097985573112966 -0.083996946765109895 0.070800643796591387 -0.077128604219056845 0.17255687200790878 -0.02199795478023589 0.089235438328040276 0.039172838560021406 -0.0050767407282081897 -0.0028088363101246641 -0.0084289935841120045 -0.034073657337600496 0.0052110667402449498 -0.017386622813902183 0.022972107077121839 0.072112821415066725 0.034155208191159782 0.0521706215037748 0.150610081457666 0.14309784244213786 -0.079053244871251732 0.10426382157153319 -0.021428973987078302 0.033275756963593944
leaf_weight=57 23 67 1998 84 43 325 20 20 38 43 77 20 57 59 2386 4792 133 556 323 606 1389 23 780 297 35 35 34 35 247 157
leaf_count=57 23 67 1998 84 43 325 20 20 38 43 77 20 57 59 2386 4792 133 556 323 606 1389 23 780 297 35 35 34 35 247 157
internal_value=0.000341923 0.0277255 -0.0036944 0.00513221 0.0886517 -0.0104059 0.025488 0.00360143 0.00238721 0.051962 0.0954443 0.132442 0.00063886 -0.0437872 0.00425888 -0.00786417 -0.0544742 -0.0273645 -0.00913965 0.00319153 0.0123589 -0.0251202 0.0345945 0.0328667 0.0575727 0.0486757 0.0386914 0.023538 -0.0058288 -0.00696199
internal_weight=14759 1896 12863 5556 100 7307 1873 5456 5372 183 117 97 5189 517 4595 6790 458 594 390 4538 2152 66 1483 1463 401 366 331 1062 282 763
internal_count=14759 1896 12863 5556 100 7307 1873 5456 5372 183 117 97 5189 517 4595 6790 458 594 390 4538 2152 66 1483 1463 401 366 331 1062 282 763
is_linear=0
shrinkage=0.05


Tree=55
num_leaves=31
num_cat=0
split_feature=0 5 5 12 9 4 12 11 4 3 12 11 9 9 7 7 9 9 11 12 10 9 14 13 0 10 7 9 4 12
split_gain=615.939 502.959 478.85 289.738 275.957 364.579 249.354 203.986 192.037 187.788 162.004 156.788 164.629 196.723 150.629 308.918 146.167 240.504 134.499 215.78 127.226 125.327 113.107 107.845 107.823 101.899 101.211 100.547 98.0444 120.094
threshold=30.500000000000004 0.048297513161976717 0.069132392004824364 14058.687499999933 22.4818575 -6.3649999999999984 -1391554.6300000001 0.41387950000000201 -4.2999999999999989 9.6750000000000025 -154189.62999999992 2.723633 19.412475000000004 2.1666717500000003 1.5000000000000002 1.0000000180025095e-35 13.429855000000002 18.604812500000005 -1.6596526499999997 -179825.25000000009 1956861.5000000002 -0.53868103499999986 17.965000000000003 16.125000000000004 46.500000000000007 2077595.3 5.5000000000000009 -1.6224059999999998 2.1050000000000009 814213.72499999998
decision_type=2 2 2 2 2 2 2 2 2 2 2 2 2 2 2 2 2 2 2 2 2 2 2 2 2 2 2 2 2 2
left_child=2 24 3 -1 7 -6 8 14 -4 10 -8 12 13 -5 15 -3 20 -18 -7 -20 -13 -16 26 -9 -2 -15 27 -11 29 -29
right_child=1 4 6 11 5 18 9 23 -10 22 -12 16 -14 25 21 -17 17 -19 19 -21 -22 -23 -24 -25 -26 -27 -28 28 -30 -31
leaf_value=-0.0094061105475692838 -0.00040285427883627429 0.012004342641480066 0.16542562111502601 0.018666726487190134 0.21152271765339026 0.14645991945458997 0.14941943958401679 -0.0086367854217162966 -0.0228174102306366 0.050525153868754086 0.028744949841711789 0.0063464592483020235 -0.013129706092799183 -0.043197802407632706 0.069874740254447287 0.10325498060593684 -0.12134602091867815 0.070462288965399453 -0.031613493326079586 0.04999777052789648 0.11370267568156123 0.01186984697117504 0.10969270213196676 0.029779638565257501 -0.032862018966497507 -0.075069420251775376 -0.029300353809286694 0.00073394826618911958 0.035135404906673905 -0.070098321639062447
leaf_weight=3656 1886 185 42 99 34 31 37 755 20 108 112 89 447 678 107 186 44 26 92 677 40 718 24 241 296 398 260 3149 204 61
leaf_count=3656 1886 185 42 99 34 31 37 755 20 108 112 89 447 678 107 186 44 26 92 677 40 718 24 241 296 398 260 3149 204 61
internal_value=-0.000325773 0.0134921 -0.00790564 -0.0175223 0.0266866 0.0511656 0.00520626 0.0173729 0.104702 0.00364653 0.0587111 -0.0338171 -0.038956 -0.048781 0.0312921 0.0577526 0.00806903 -0.0501029 0.0443504 0.0402341 0.0396352 0.0193929 0.00149082 0.000658755 -0.00480611 -0.0549867 0.000804192 0.00302656 0.00152397 -0.000612086
internal_weight=14702 5208 9494 5477 3026 834 4017 2192 62 3955 149 1821 1622 1175 1196 371 199 70 800 769 129 825 3806 996 2182 1076 3782 3522 3414 3210
internal_count=14702 5208 9494 5477 3026 834 4017 2192 62 3955 149 1821 1622 1175 1196 371 199 70 800 769 129 825 3806 996 2182 1076 3782 3522 3414 3210
is_linear=0
shrinkage=0.05


Tree=56
num_leaves=31
num_cat=0
split_feature=0 5 5 12 9 4 12 11 4 3 12 10 0 9 7 7 11 12 11 9 4 11 1 9 12 9 14 11 9 0
split_gain=555.885 454.127 432.162 261.488 261.333 328.504 225.042 184.438 173.314 169.479 146.208 144.147 177.417 160.592 128.01 285.231 120.89 195.701 114.749 196.333 155.877 117.546 114.062 113.202 109.692 109.03 102.079 95.4197 125.633 93.7935
threshold=30.500000000000004 0.047562426111399776 0.069132392004824364 14058.687499999933 22.4818575 -6.3649999999999984 -1391554.6300000001 0.41387950000000201 -4.2999999999999989 9.6750000000000025 -154189.62999999992 2254347.6500000004 23.500000000000004 26.929809500000001 1.5000000000000002 1.0000000180025095e-35 -1.6596526499999997 -179825.25000000009 2.5171351999999998 14.422562000000001 0.55999999999999972 -2.2389220999999999 15.980000000000004 -0.53868103499999986 -521620.89999999997 17.577209500000002 17.965000000000003 -1.5178379999999974 10.157730000000003 46.500000000000007
decision_type=2 2 2 2 2 2 2 2 2 2 2 2 2 2 2 2 2 2 2 2 2 2 2 2 2 2 2 2 2 2
left_child=2 29 3 -1 7 -6 8 14 -4 10 -8 12 25 18 15 -3 -7 -18 21 -20 -21 -13 24 -16 -9 -5 -11 -23 -29 -2
right_child=1 4 6 11 5 16 9 22 -10 26 -12 13 -14 -15 23 -17 17 -19 19 20 -22 27 -24 -25 -26 -27 -28 28 -30 -31
leaf_value=-0.0089358050592137049 -0.00085429163030585295 0.010242842750284177 0.15715434050985747 -0.049160298306389044 0.20094658438773716 0.13913692454657248 0.14194846592239432 0.098013470321893698 -0.021676537021994593 0.00076398207403110489 0.027307701888327887 0.024225056650383131 0.0032664137087805678 0.019727054941044611 0.066076138957955499 0.096205708185091998 -0.030032818851506583 0.04761429759631472 0.08717182176187635 0.028260763637397601 -0.14475077015658219 -0.14942308191372 0.028293577225009373 0.011273019462735651 -0.012876774853520312 -0.011102312687651552 0.10420806498732418 -0.0090691739427191873 -0.087651365292681901 -0.031218918039411549
leaf_weight=3656 1806 194 42 554 34 31 37 23 20 3782 112 28 430 66 108 192 92 688 32 23 30 46 271 739 734 285 24 63 264 296
leaf_count=3656 1806 194 42 554 34 31 37 23 20 3782 112 28 430 66 108 192 92 688 32 23 30 46 271 739 734 285 24 63 264 296
internal_value=-0.000309485 0.0128175 -0.00751036 -0.0166462 0.0249636 0.0486876 0.00494595 0.0160973 0.099467 0.0034642 0.0557755 -0.0321263 -0.0228482 -0.0534557 0.0291367 0.0530016 0.0423044 0.0384559 -0.063394 -0.0106238 -0.0696703 -0.0745797 0.000457506 0.0182609 -0.00950759 -0.0362324 0.00141628 -0.0819967 -0.0725117 -0.00513019
internal_weight=14702 5208 9494 5477 3106 845 4017 2261 62 3955 149 1821 1269 552 1233 386 811 780 486 85 53 401 1028 847 757 839 3806 373 327 2102
internal_count=14702 5208 9494 5477 3106 845 4017 2261 62 3955 149 1821 1269 552 1233 386 811 780 486 85 53 401 1028 847 757 839 3806 373 327 2102
is_linear=0
shrinkage=0.05


Tree=57
num_leaves=31
num_cat=0
split_feature=0 5 5 9 9 4 12 3 11 12 11 10 4 9 13 9 0 11 2 7 7 11 4 12 2 1 11 7 1 4
split_gain=501.686 410.102 393.551 238.29 224.543 296.971 224.267 167.063 166.531 159.749 133.903 233.265 160.646 158.579 144.768 137.886 239.089 128.643 127.425 123.214 251.837 117.291 218.061 169.364 156.22 110.769 107.97 106.525 115.736 198.08
threshold=30.500000000000004 0.048297513161976717 0.061900342549734359 20.197601500000005 22.4818575 -6.3649999999999984 -1479244.7549999999 10.995000000000003 0.41387950000000201 -881701.84999999974 1.4645992499999989 174087.56000000003 -5.4799999999999995 1.9140625000000002 9.8250000000000011 15.816421500000002 19.500000000000004 -3.806945499999999 12.445000000000002 1.5000000000000002 1.0000000180025095e-35 -1.166107200000001 1.7349999999999997 -179825.25000000009 10.505000000000001 26.54666666666667 -0.27435300000000001 2.5000000000000004 8.9583333333333339 -9.6799999999999997
decision_type=2 2 2 2 2 2 2 2 2 2 2 2 2 2 2 2 2 2 2 2 2 2 2 2 2 2 2 2 2 2
left_child=2 -2 3 9 8 -6 18 17 19 -1 11 -11 14 -13 -12 -14 -17 -8 -4 20 -3 22 24 26 -7 -10 -23 28 -9 -30
right_child=1 4 6 -5 5 21 7 27 25 10 12 13 15 -15 -16 16 -18 -19 -20 -21 -22 23 -24 -25 -26 -27 -28 -29 29 -31
leaf_value=0.028961184134221954 -0.0043463717657936341 0.010891983028551613 0.16288742043755272 -0.0011142819626207673 0.19089925315450221 0.14873010218143465 0.1418877874924378 -0.0088988287153161753 -0.001918275362536602 -0.011453739845328036 0.095229667574167259 0.010768938575871289 -0.01041762946316676 -0.054898743178356406 -0.035151506328221525 0.0017402329496466196 -0.13237068240037736 0.01910627143245372 0.022857207851484419 0.017504219651134918 0.093281945992781917 -0.086405145252744356 0.2194232918234775 0.042027724134051668 -0.014806349789723755 0.11153505512259224 0.029768148887281617 -0.010059366783120536 0.16687388498158684 0.012060469332134408
leaf_weight=121 2182 185 33 1279 34 23 22 882 974 592 60 100 584 1140 33 65 68 704 32 825 186 45 25 631 40 22 36 2476 21 1282
leaf_count=121 2182 185 33 1279 34 23 22 882 974 592 60 100 584 1140 33 65 68 704 32 825 186 45 25 631 40 22 36 2476 21 1282
internal_value=-0.00029401 0.0121766 -0.00713484 -0.0189578 0.024091 0.0461722 0.00163044 0.000516514 0.0156897 -0.0272176 -0.0297905 -0.0372753 -0.012862 -0.049603 0.0489654 -0.0208814 -0.0668278 0.0228269 0.0939495 0.0282663 0.052198 0.0400213 0.0944786 0.0332906 0.0448974 0.000587722 -0.0347726 -0.00295857 0.00508792 0.0145555
internal_weight=14702 5208 9494 4042 3026 834 5452 5387 2192 2763 2642 1832 810 1240 93 717 133 726 65 1196 371 800 88 712 63 996 81 4661 2185 1303
internal_count=14702 5208 9494 4042 3026 834 5452 5387 2192 2763 2642 1832 810 1240 93 717 133 726 65 1196 371 800 88 712 63 996 81 4661 2185 1303
is_linear=0
shrinkage=0.05


Tree=58
num_leaves=31
num_cat=0
split_feature=0 5 5 12 9 4 12 11 9 9 1 11 11 9 9 4 3 11 12 5 1 12 13 12 7 11 7 7 5 10
split_gain=452.772 371.094 355.536 216.306 213.237 267.425 197.903 355.242 156.764 289.375 256.942 150.453 147.534 138.676 143.689 108.4 104.393 104.31 162.155 104.195 100.299 99.0223 98.5533 179.93 110.811 98.1087 91.2877 190.04 88.4062 190.177
threshold=30.500000000000004 0.047562426111399776 0.069132392004824364 49296.104999999989 22.4818575 -6.3649999999999984 -159051.05000000002 -4.675872899999999 14.685714500000001 8.5767060000000033 14.020000000000005 0.41387950000000201 2.5171351999999998 19.551483500000003 2.1666717500000003 0.32000000000000123 11.195000000000002 -1.6596526499999997 -179825.25000000009 0.025300442522514035 15.980000000000004 -405620.9499999999 7.9250000000000007 -1317281.5499999996 2.5000000000000004 1.6600034999999986 1.0000000180025095e-35 1.5000000000000002 0.068422856559651898 1877733.3000000003
decision_type=2 2 2 2 2 2 2 2 2 2 2 2 2 2 2 2 2 2 2 2 2 2 2 2 2 2 2 2 2 2
left_child=2 -2 3 19 11 -6 7 -4 9 -9 -11 15 13 14 -5 26 25 -7 -19 -1 21 -13 -10 -24 -25 -8 -3 -28 -20 -30
right_child=1 4 6 12 5 17 16 8 22 10 -12 20 -14 -15 -16 -17 -18 18 28 -21 -22 -23 23 24 -26 -27 27 -29 29 -31
leaf_value=-0.10311300199607323 -0.0046563578921037475 0.0058758287158949922 0.19157380812102931 0.018526014847302579 0.1813542907290599 0.12816571775944002 0.028279777513378353 -0.012586470741263935 -0.032841394610251443 0.066826983442728374 0.23927593567167171 0.06663899423054806 0.0092630317127286223 -0.010033738343728423 -0.051262280932940524 0.0061641454503884412 -0.0049691088595656251 -0.027699781260478475 0.027032595019954898 -0.0079816476889731196 0.026515644367864161 -0.013259011060059828 0.1534149541155152 -0.015102787712174987 0.052112095484820514 -0.015895758140998494 0.094896366717110048 0.030547135248872287 0.049323776767956871 0.17645273727901056
leaf_weight=29 2102 180 32 80 34 31 499 95 132 108 27 41 203 368 945 433 2660 92 384 3852 271 716 23 180 93 168 152 468 271 33
leaf_count=29 2102 180 32 80 34 31 499 95 132 108 27 41 203 368 945 433 2660 92 384 3852 271 716 23 180 93 168 152 468 271 33
internal_value=-0.00027931 0.0115678 -0.0067781 -0.0150645 0.0225475 0.0439775 0.00452007 0.0288896 0.0209779 0.0542698 0.101317 0.0145385 -0.0305594 -0.0363627 -0.0458154 0.0263155 -0.000534027 0.0382182 0.0346434 -0.0086925 0.000412925 -0.00893164 0.00308739 0.0191097 0.00779459 0.0171531 0.0372224 0.0463231 0.0429799 0.063124
internal_weight=14702 5208 9494 5477 3106 845 4017 690 658 230 135 2261 1596 1393 1025 1233 3327 811 780 3881 1028 757 428 296 273 667 800 620 688 304
internal_count=14702 5208 9494 5477 3106 845 4017 690 658 230 135 2261 1596 1393 1025 1233 3327 811 780 3881 1028 757 428 296 273 667 800 620 688 304
is_linear=0
shrinkage=0.05


Tree=59
num_leaves=31
num_cat=0
split_feature=0 5 5 12 10 12 7 10 2 11 3 3 10 1 11 11 11 7 7 11 7 14 1 4 12 4 1 12 10 12
split_gain=408.627 339.359 326.414 186.327 181.391 186.72 159.171 184.225 189.822 148.509 138.937 122.923 147.677 206.97 139.473 119.386 112.649 112.493 109.016 151.218 102.871 171.589 99.3326 213.194 95.2064 93.5884 133.614 89.9863 83.5957 81.0738
threshold=30.500000000000004 0.044101433496007723 0.061900342549734359 -1479244.7549999999 2077595.3 -113191.15000000007 1.5000000000000002 1171555.5000000002 9.6750000000000025 -3.2550351499999985 10.995000000000003 9.8650000000000002 654230.31000000017 21.480000000000004 1.8846895000000001 0.31253099999999995 -3.806945499999999 3.5000000000000004 1.0000000180025095e-35 2.9851530000000004 5.5000000000000009 14.655000000000003 9.3300000000000054 -9.6799999999999997 948600.25000000012 -3.069999999999999 5.368333333333335 -881701.84999999974 1576061.5000000002 -197612.01999999999
decision_type=2 2 2 2 2 2 2 2 2 2 2 2 2 2 2 2 2 2 2 2 2 2 2 2 2 2 2 2 2 2
left_child=2 -2 4 17 9 25 7 15 -9 28 16 12 14 -14 -8 29 -5 -4 19 -17 -13 -22 24 -24 -12 -6 -27 -25 -1 -3
right_child=1 6 3 10 5 -7 11 8 -10 -11 22 20 13 -15 -16 18 -18 -19 -20 -21 21 -23 23 27 -26 26 -28 -29 -30 -31
leaf_value=-0.04111808543276628 -0.0072733499648600158 -0.011477086935152883 0.14659006565809249 0.13228820894252172 0.067461435491535465 -0.049683715669029092 -0.012246235051169629 0.23390571132302285 0.066210403498607115 -0.0092915451434006698 -0.010719149598266869 0.0051444357886449559 0.22648272223398092 0.041243910534601469 0.1295333586463874 0.019240179292544436 0.01739237670132587 0.014644440257300934 -0.018255620782462813 0.16467925056815147 0.017153289146356998 0.10194527787735333 0.15148010171639426 0.067009149731781625 -0.12043050576001407 -0.079310515477526489 0.05824865282423073 0.0006294299499222301 -0.1370979912292499 0.050682682589968435
leaf_weight=178 1709 59 35 22 53 651 82 20 108 3062 1753 1901 25 38 22 168 704 30 201 20 308 74 24 52 20 41 31 2812 26 473
leaf_count=178 1709 59 35 22 53 651 82 20 108 3062 1753 1901 25 38 22 168 704 30 201 20 308 74 24 52 20 41 31 2812 26 473
internal_value=-0.000265344 0.0109894 -0.00643919 0.00154351 -0.0172066 -0.0389364 0.0199093 0.036207 0.0924128 -0.0120436 0.00052817 0.0129313 0.0543406 0.114751 0.0177456 0.0283956 0.0208741 0.0856921 0.00734333 0.0347124 0.00990221 0.033579 -0.00264092 0.00307824 -0.0119567 0.0170355 -0.0200837 0.00183465 -0.0533508 0.043789
internal_weight=14702 5208 9494 5452 4042 776 3499 1049 128 3266 5387 2450 167 63 104 921 726 65 389 188 2283 382 4661 2888 1773 125 72 2864 204 532
internal_count=14702 5208 9494 5452 4042 776 3499 1049 128 3266 5387 2450 167 63 104 921 726 65 389 188 2283 382 4661 2888 1773 125 72 2864 204 532
is_linear=0
shrinkage=0.05


Tree=60
num_leaves=31
num_cat=0
split_feature=0 5 9 11 7 12 2 4 3 12 0 11 12 11 9 9 7 9 9 3 11 4 7 3 1 10 11 3 2 11
split_gain=353.277 362.096 263.545 268.78 298.644 306.451 244.035 237.953 249.23 231.353 180.152 180.16 152.944 162.999 211.062 139.744 135.959 162.319 143.931 139.952 232.386 155.813 121.223 136.045 183.166 121.698 117.491 129.182 109.813 90.1919
threshold=25.500000000000004 0.048484848983498773 17.577209500000002 -3.0539404999999999 1.5000000000000002 -60637.425499999925 28.295000000000005 -7.6450000000000005 12.675000000000002 -477321.46999999991 32.500000000000007 0.84510799999999986 12329.576500000092 1.6939394700000003 12.386627000000002 9.7833097500000026 1.0000000180025095e-35 2.8398742500000007 -1.3299865499999999 11.275 1.2967832850000005 -8.0799999999999965 3.5000000000000004 12.615 10.078333333333338 1150877.0500000003 1.6939394700000003 28.825000000000003 12.855000000000002 -2.0670774999999999
decision_type=2 2 2 2 2 2 2 2 2 2 2 2 2 2 2 2 2 2 2 2 2 2 2 2 2 2 2 2 2 2
left_child=6 -2 9 -4 5 -5 12 -7 -9 22 -11 15 13 14 16 -12 18 -18 -1 20 -19 -21 23 -3 25 -25 -8 -28 -14 -6
right_child=1 2 3 4 29 7 26 8 -10 10 11 -13 28 -15 -16 -17 17 19 -20 21 -22 -23 -24 24 -26 -27 27 -29 -30 -31
leaf_value=0.093334829618418436 -0.0063514698000860298 -0.029967539012432098 0.21086562288304173 0.008730438624043017 -0.053775877531531249 0.24884083115536237 -0.069814431094585475 0.21065204771179144 0.064387047540578599 -0.017882733170559099 0.038060863065864176 -0.0083149754342772761 0.0061427901070182627 -0.019104040352894487 -0.0078471697870431036 -0.0034670093932820441 -0.0019344539465613155 0.04568217394447302 -0.02472462798157507 0.11130866006259686 0.20576687046469977 0.017385308623248198 0.012204952540016302 0.020196704241466159 0.21435177594423296 0.14556302530691029 0.056476367202897872 -0.074935630732215944 -0.0258356251667985 0.020017065260609718
leaf_weight=28 2552 21 21 160 43 23 222 33 248 724 683 647 341 1095 2531 288 687 177 331 46 26 1102 93 49 30 32 45 32 1262 1118
leaf_count=28 2552 21 21 160 43 23 222 33 248 724 683 647 341 1095 2531 288 687 177 331 46 26 1102 93 49 30 32 45 32 1262 1118
internal_value=0.000119098 0.00851143 0.0175145 0.0331316 0.0308347 0.0647408 -0.00704483 0.0942199 0.0815641 0.00750064 0.00284807 0.0121244 -0.00530749 -0.0016545 0.00222278 0.0257436 0.0128557 0.0178535 -0.0155166 0.027916 0.0661856 0.0211488 0.0559287 0.086734 0.108813 0.0697241 -0.0513555 0.00186359 -0.019033 0.017284
internal_weight=14690 6765 4213 1646 1625 464 7925 304 281 2567 2342 1618 7626 6023 4928 971 2397 2038 359 1351 203 1148 225 132 111 81 299 77 1603 1161
internal_count=14690 6765 4213 1646 1625 464 7925 304 281 2567 2342 1618 7626 6023 4928 971 2397 2038 359 1351 203 1148 225 132 111 81 299 77 1603 1161
is_linear=0
shrinkage=0.05


Tree=61
num_leaves=31
num_cat=0
split_feature=2 0 9 11 11 12 11 2 12 11 9 2 4 13 1 12 4 13 11 9 1 9 7 9 9 13 9 1 13 7
split_gain=320.592 363.038 243.161 291.423 223.87 221.473 192.261 205.985 134.521 146.259 188.846 130.974 177.991 168.241 169.518 180.053 138.726 124.617 124.042 429.095 123.847 123.471 113.201 134.067 114.777 135.423 191.857 221.276 110.022 137.443
threshold=28.825000000000003 25.500000000000004 19.989151000000003 -3.3791195000000003 0.60717850000000084 -673085.71499999997 2.1702881000000005 14.345000000000001 12329.576500000092 1.6939394700000003 12.169113000000001 14.885000000000003 0.66000000000000203 24.495000000000001 17.058333333333341 -226889.34999999995 3.4000000000000017 7.495000000000001 -6.4830321999999994 5.7037964000000008 17.680000000000003 26.236267000000002 1.0000000180025095e-35 -1.3299865499999999 2.8398742500000007 6.0050000000000008 3.5610504000000005 10.786666666666667 16.125000000000004 1.0000000180025095e-35
decision_type=2 2 2 2 2 2 2 2 2 2 2 2 2 2 2 2 2 2 2 2 2 2 2 2 2 2 2 2 2 2
left_child=1 8 4 -4 18 -6 11 -8 9 10 20 12 13 14 -5 -16 -14 -12 19 -3 22 -15 23 -1 -24 26 27 -26 29 -7
right_child=-2 2 3 6 5 28 7 -9 -10 -11 17 -13 16 21 15 -17 -18 -19 -20 -21 -22 -23 24 -25 25 -27 -28 -29 -30 -31
leaf_value=0.088668088320576197 -0.026758166526032742 0.016546014247826119 0.21587749853730204 0.037634617656403038 0.11509196008954731 0.023281412101633724 0.21704687656691443 0.038771589085199808 -0.017924555159452082 -0.018183082449952825 -0.019908284506389057 0.0097254719931518588 0.093983575572761213 0.18889310944080354 -0.15615385835143655 -0.0047594115886165477 -0.039494680918075821 0.002353523380898529 0.011834763800388306 0.26371229273711588 0.074090881911942214 0.031749132886528968 -0.0021601765391861447 -0.025426882654301153 -0.00026730718556791541 0.012316232564827178 0.033517975936623506 0.20715975037051573 0.018379855780262251 -0.023367852859670357
leaf_weight=28 1032 87 20 309 35 181 26 43 1611 1096 1123 1076 169 25 22 183 22 1428 2281 22 78 25 666 320 20 880 356 36 253 1237
leaf_count=28 1032 87 20 309 35 181 26 43 1611 1096 1123 1076 169 25 22 183 22 1428 2281 22 78 25 666 320 20 880 356 36 253 1237
internal_value=0.000113143 0.00214354 0.0113311 0.0260134 0.00444885 -0.00938674 0.0240148 0.105948 -0.0050892 -0.00166062 0.0020088 0.0209272 0.0368916 0.0227638 0.0142466 -0.0210066 0.0786091 -0.00744656 0.0143248 0.0664328 0.0121265 0.110321 0.0100306 -0.0162468 0.0147009 0.0233925 0.0470505 0.133079 -0.011994 -0.0174133
internal_weight=14690 13658 6016 1920 4096 1706 1900 69 7642 6031 4935 1831 755 564 514 205 191 2551 2390 109 2384 50 2306 348 1958 1292 412 56 1671 1418
internal_count=14690 13658 6016 1920 4096 1706 1900 69 7642 6031 4935 1831 755 564 514 205 191 2551 2390 109 2384 50 2306 348 1958 1292 412 56 1671 1418
is_linear=0
shrinkage=0.05


Tree=62
num_leaves=31
num_cat=0
split_feature=0 10 5 2 10 12 11 0 11 12 9 9 7 3 2 7 9 3 9 9 7 9 1 11 12 3 0 10 10 12
split_gain=297.207 281.76 254.526 213.578 210.693 195.989 158.648 157.941 129.796 125.764 392.41 304.02 213.184 219.8 184.655 145.46 152.878 143.085 124.868 124.125 119.999 116.855 114.563 121.863 149.267 119.649 106.572 228.903 149.817 133.497
threshold=30.500000000000004 100292.65800000001 0.07165890768298476 29.415000000000003 1845657.2500000002 54584.850000000042 1.8846895000000001 46.500000000000007 -3.63266015 -465222.74500000005 14.779312000000003 8.5767060000000033 3.5000000000000004 31.195000000000004 20.255000000000006 2.5000000000000004 6.9967805000000007 20.615000000000006 -0.79388427999999989 27.511566500000004 1.5000000000000002 11.982391250000001 8.2316666666666691 1.5946502499999997 814213.72499999998 38.645000000000003 32.500000000000007 1226413.2000000004 1407456.0000000002 -39780.847999999998
decision_type=2 2 2 2 2 2 2 2 2 2 2 2 2 2 2 2 2 2 2 2 2 2 2 2 2 2 2 2 2 2
left_child=3 7 20 9 8 -6 -5 18 -4 10 11 15 13 17 19 16 -1 -13 -2 -12 -3 -8 25 24 -24 -11 -10 29 -29 -28
right_child=1 2 4 6 5 -7 21 -9 26 22 14 12 -14 -15 -16 -17 -18 -19 -20 -21 -22 -23 23 -25 -26 -27 27 28 -30 -31
leaf_value=-0.042423335297644374 0.059906653518026522 0.041525318463650616 0.16783249316737059 -0.058315619752116382 0.26126050498675218 0.056637871086597451 0.081043446506373587 -0.032287695394028974 0.0022362405219801553 -0.016828738343667004 0.0018217592962115768 0.12364258639514447 0.035196515571858204 0.0076837996085142276 -0.11535939914451557 -0.089955889426807809 0.117556032997423 0.25126969458069653 0.0028381733800262239 -0.11544122879082959 0.0028456976707934198 -0.03522824651383339 0.0034467546552766691 -0.016172710987098774 -0.040988235672590738 0.066453582721508364 -0.0022068462667674048 0.24803808086382395 0.077431243718151133 0.059245680821274065
leaf_weight=32 99 258 20 305 22 25 40 319 152 2172 378 70 112 29 42 41 28 32 3014 24 900 47 4652 1197 197 44 137 22 31 249
leaf_count=32 99 258 20 305 22 25 40 319 152 2172 378 70 112 29 42 41 28 32 3014 24 900 47 4652 1197 197 44 137 22 31 249
internal_value=0.000107486 0.00964695 0.0255738 -0.00519468 0.0504062 0.152419 -0.0413272 0.00121948 0.0425591 -0.00362961 0.0154559 0.0555415 0.0858455 0.129148 -0.0156015 -0.017368 0.0322337 0.163682 0.00465307 -0.00517902 0.0114634 0.01823 -0.00544991 -0.0018854 0.0016415 -0.0151751 0.0383197 0.0508133 0.148249 0.0374348
internal_weight=14690 5248 1816 9442 658 47 392 3432 611 9050 788 344 243 131 444 101 60 102 3113 402 1158 87 8262 6046 4849 2216 591 439 53 386
internal_count=14690 5248 1816 9442 658 47 392 3432 611 9050 788 344 243 131 444 101 60 102 3113 402 1158 87 8262 6046 4849 2216 591 439 53 386
is_linear=0
shrinkage=0.05


Tree=63
num_leaves=31
num_cat=0
split_feature=1 7 11 1 11 2 12 3 10 9 11 12 11 12 10 1 9 1 9 1 2 12 9 9 7 4 13 1 13 11
split_gain=268.732 188.234 214.746 192.816 157.487 157.379 163.998 151.447 136.758 271.849 268.261 187.311 140.619 130.478 115.871 157.196 113.646 110.408 110.258 108.011 104.457 115.385 156.393 261.322 172.864 130.479 116.361 97.3143 94.7935 93.3963
threshold=9.6600000000000019 2.5000000000000004 -7.0215912999999981 31.608333333333338 0.7489165000000001 20.975000000000005 64613.150000000031 9.6750000000000025 794793.31000000017 24.934021000000005 2.7775422500000002 -186612.56 3.7201383500000005 1018525.1000000001 2549086.2500000005 24.209999999999997 1.3570709000000003 10.146666666666674 10.157730000000003 15.558333333333335 28.825000000000003 -139257.62499999985 8.4160920000000008 14.779312000000003 3.5000000000000004 -13.814999999999998 6.9350000000000014 12.161666666666671 1.0000000180025095e-35 -0.047317379999999194
decision_type=2 2 2 2 2 2 2 2 2 2 2 2 2 2 2 2 2 2 2 2 2 2 2 2 2 2 2 2 2 2
left_child=7 2 -2 4 5 -4 -7 -1 12 10 11 17 19 20 15 27 -6 -10 -12 -3 21 22 28 24 25 -24 -27 -13 -9 -19
right_child=1 8 3 -5 16 6 -8 13 9 -11 18 14 -14 -15 -16 -17 -18 29 -20 -21 -22 -23 23 -25 -26 26 -28 -29 -30 -31
leaf_value=0.076217825622912849 0.15821829035591622 0.0022848208875378578 0.027037542581112135 0.14958472508363999 0.049922843711570873 0.0031092817408717582 -0.10438916349831301 -0.078776079826550841 -0.021942614967172799 0.014565518144723578 -0.019723295677324823 -0.015211093621512288 -0.036466705882504807 -0.068091332163293286 -0.1113942540354199 0.065002507481369237 -0.0079252471013020031 -0.094024004836877187 0.10529861613280243 0.023333387458371796 -0.027600622835806596 -0.0095138884896912874 0.016331518147905757 -0.0031090687273555313 0.01165884032921643 0.16893131915974069 0.074564156794685352 -0.059726820209522108 -0.0087244007203521011 -0.22349770424457699
leaf_weight=53 26 3094 1785 26 93 393 39 66 22 476 29 266 201 91 45 42 975 30 45 759 597 4142 56 599 159 49 98 228 180 26
leaf_count=53 26 3094 1785 26 93 393 39 66 22 476 29 266 201 91 45 42 975 30 45 759 597 4142 56 599 159 49 98 228 180 26
internal_value=0.000102112 0.00579298 0.0150828 0.0139588 0.0128854 0.0204839 -0.00659544 -0.00793425 -9.72415e-05 -0.0148563 -0.0339624 -0.0440985 0.00430426 -0.00867303 -0.0343313 -0.0278615 -0.00288791 -0.116851 0.0563035 0.00643116 -0.00776367 -0.00554968 0.0080541 0.0171602 0.0506996 0.0812783 0.10602 -0.0357568 -0.0275188 -0.154137
internal_weight=14690 8600 3337 3311 3285 2217 432 6090 5263 1209 733 659 4054 6037 581 536 1068 78 74 3853 5946 5349 1207 961 362 203 147 494 246 56
internal_count=14690 8600 3337 3311 3285 2217 432 6090 5263 1209 733 659 4054 6037 581 536 1068 78 74 3853 5946 5349 1207 961 362 203 147 494 246 56
is_linear=0
shrinkage=0.05


Tree=64
num_leaves=31
num_cat=0
split_feature=0 5 9 7 2 11 12 0 12 4 11 10 10 4 9 12 7 2 11 4 3 10 3 1 12 11 2 11 3 11
split_gain=257.526 257.572 209.642 221.368 179.059 178.598 178.555 147.134 144.374 201.341 142.124 138.652 135.872 203.656 128.605 115.66 110.94 96.454 111.226 96.2115 105.314 117.713 129.58 95.8952 242.935 103.077 118.245 95.4469 114.125 90.1869
threshold=25.500000000000004 0.048484848983498773 17.577209500000002 3.5000000000000004 28.295000000000005 -3.0539404999999999 -477321.46999999991 32.500000000000007 27590.05000000005 -6.3649999999999984 0.90890550000000048 2355369.5000000005 1877733.3000000003 0.66000000000000203 10.278305000000001 1018525.1000000001 5.5000000000000009 11.825000000000001 2.429504000000001 -4.4099999999999984 29.705000000000002 871144.35000000021 22.095000000000002 20.23 -20304.636999999992 -0.54196150000000098 15.565000000000003 1.6939394700000003 28.825000000000003 2.1702881000000005
decision_type=2 2 2 2 2 2 2 2 2 2 2 2 2 2 2 2 2 2 2 2 2 2 2 2 2 2 2 2 2 2
left_child=4 -2 6 5 15 -4 19 -8 12 -10 14 29 -7 -14 -9 17 23 18 -1 20 21 -3 -23 25 -25 26 -5 -6 -29 -11
right_child=1 2 3 16 27 8 7 10 9 11 -12 -13 13 -15 -16 -17 -18 -19 -20 -21 -22 22 -24 24 -26 -27 -28 28 -30 -31
leaf_value=0.013446678659391951 -0.0052731580137401791 0.047454523113933778 0.18793476969003678 -0.1325216881729461 -0.060612980130355099 0.016638494420615015 -0.016898006740634304 0.033003584819573682 0.18200806442115991 0.06192046445227381 -0.0082892402037101371 -0.0084116592410613186 0.045191520324222884 0.21236206103454935 -0.0077782455110343906 -0.054295118302106864 0.039364949503470886 -0.0064121117762335963 -0.032506506851043657 0.019487197955031805 -0.014032872101025924 0.079379450678825389 0.25721000482638678 0.16864994000643493 -0.023327976734273965 -0.0038107103276997806 -0.0077444810300874405 0.055323172105579743 -0.068192947818897662 0.16013671283920605
leaf_weight=1194 2552 37 21 37 222 541 724 722 35 174 632 66 106 22 264 115 182 6169 148 126 21 20 21 26 45 325 39 45 32 27
leaf_count=1194 2552 37 21 37 222 541 724 722 35 174 632 66 106 22 264 115 182 6169 148 126 21 20 21 26 45 325 39 45 32 27
internal_value=9.70061e-05 0.00726232 0.0148556 0.0287843 -0.00601951 0.0436727 0.0059243 0.00183697 0.0405527 0.0692482 0.0102202 0.054467 0.0275989 0.073924 0.0220843 -0.00453133 0.00620144 -0.0037694 0.00837882 0.0484689 0.0853548 0.112113 0.170463 -0.00658618 0.0469738 -0.0160694 -0.0684913 -0.0439756 0.0039918 0.0751137
internal_weight=14690 6765 4213 1646 7925 992 2567 2342 971 302 1618 267 669 128 986 7626 654 7511 1342 225 99 78 41 472 71 401 76 299 77 201
internal_count=14690 6765 4213 1646 7925 992 2567 2342 971 302 1618 267 669 128 986 7626 654 7511 1342 225 99 78 41 472 71 401 76 299 77 201
is_linear=0
shrinkage=0.05


Tree=65
num_leaves=31
num_cat=0
split_feature=1 4 10 7 11 10 9 11 7 1 0 11 13 3 10 2 3 1 9 10 9 9 14 11 11 9 3 9 11 11
split_gain=267.483 167.491 206.481 153.836 165.617 159.647 183.605 272.799 173.951 122.958 121.89 116.852 121.006 150.151 125.775 118.885 123.68 119.678 109.356 107.164 105.535 159.056 203.111 230.737 345.791 116.542 99.0322 97.48 393.278 94.84
threshold=9.6600000000000019 -10.944999999999999 622003.78000000014 2.5000000000000004 -6.4830321999999994 679377.67000000004 19.835281500000004 2.7775422500000002 3.5000000000000004 18.756666666666671 32.500000000000007 0.90890550000000048 25.065000000000005 11.125000000000002 2736117.8000000003 9.2900000000000009 9.8650000000000002 21.480000000000004 1.3570709000000003 3122463.3000000003 4.4575960000000006 2.9959564500000004 8.2650000000000023 1.766052 1.1157384999999993 0.89617920000000006 15.255000000000001 21.850616500000005 -2.3360140000000018 2.3830417500000007
decision_type=2 2 2 2 2 2 2 2 2 2 2 2 2 2 2 2 2 2 2 2 2 2 2 2 2 2 2 2 2 2
left_child=19 2 -2 4 26 9 7 -7 -8 20 -10 12 14 -14 15 -6 -17 -18 -13 27 21 25 -23 24 -24 -5 -3 -1 -29 -30
right_child=1 3 -4 5 11 6 8 -9 10 -11 -12 18 13 -15 -16 16 17 -19 -20 -21 -22 22 23 -25 -26 -27 -28 28 29 -31
leaf_value=-0.010426076874895853 -0.0057575041428208351 0.19156547389924528 0.22144350377377126 0.023917125854800925 -0.036221146480621476 -0.047160648107537222 0.041100524786466426 0.053946865620367282 -0.024382174875644067 0.041824736488268302 0.039954389834755598 0.049662384714010049 0.020971015757984587 0.20172421762719753 -0.065925168179803428 0.083158765314751637 0.017221511381485578 0.12318757183297918 -0.0076383672132419094 -0.068491998749474689 -0.0018516422378762169 0.008835981925186075 0.085245630700352071 0.00035741686367908045 0.32498831479322343 -0.017795369682678332 0.04357445240020752 0.22499069958925247 -0.0003163551591016516 0.10001753987744451
leaf_weight=4807 20 20 20 379 95 546 206 76 426 215 89 92 27 20 45 77 2028 27 877 72 2815 122 53 37 21 300 26 20 1263 24
leaf_count=4807 20 20 20 379 95 546 206 76 426 215 89 92 27 20 45 77 2028 27 877 72 2815 122 53 37 21 300 26 20 1263 24
internal_value=9.24713e-05 0.00576529 0.107843 0.00529156 0.0137018 -1.40014e-05 -0.0149024 -0.0348067 0.00226885 0.00505832 -0.0132638 0.0123837 0.0184767 0.0978873 0.016834 0.0185063 0.0209449 0.0186138 -0.00219805 -0.00784819 0.00293737 0.0177193 0.0533648 0.102306 0.153281 0.00548745 0.107918 -0.00713403 0.00497374 0.00155467
internal_weight=14845 8659 40 8619 3334 5285 1343 622 721 3942 515 3288 2319 47 2272 2227 2132 2055 969 6186 3727 912 233 111 74 679 46 6114 1307 1287
internal_count=14845 8659 40 8619 3334 5285 1343 622 721 3942 515 3288 2319 47 2272 2227 2132 2055 969 6186 3727 912 233 111 74 679 46 6114 1307 1287
is_linear=0
shrinkage=0.05


Tree=66
num_leaves=31
num_cat=0
split_feature=1 4 10 7 11 10 9 11 1 12 11 11 10 13 13 3 12 3 7 5 11 11 7 12 10 9 1 9 12 12
split_gain=241.403 151.161 186.349 138.837 149.47 144.081 168.589 220.942 110.97 166.356 105.459 114.698 199.283 139.928 121.498 110.64 107.296 284.391 187.059 172.754 106.226 115.011 105.411 168.556 109.026 98.6942 96.9327 107.984 155.518 136.682
threshold=9.6600000000000019 -10.944999999999999 622003.78000000014 2.5000000000000004 -6.4830321999999994 679377.67000000004 24.934021000000005 2.7775422500000002 18.756666666666671 -113191.15000000007 0.90890550000000048 -1.7342835999999993 2213625.9000000004 17.615000000000006 25.065000000000005 10.705000000000002 5.8182299999999829 9.8650000000000002 1.0000000180025095e-35 0.10666668562962979 -0.51513649999999911 0.51289375000000048 2.5000000000000004 -1479244.7549999999 3122463.3000000003 1.3570709000000003 20.606666666666673 20.197601500000005 -673085.71499999997 -465222.74500000005
decision_type=2 2 2 2 2 2 2 2 2 2 2 2 2 2 2 2 2 2 2 2 2 2 2 2 2 2 2 2 2 2
left_child=22 2 -2 4 -3 8 7 -7 -5 -10 11 12 13 -6 16 -16 19 -18 20 26 -19 -22 23 -1 -24 -12 27 29 -29 -13
right_child=1 3 -4 5 10 6 -8 -9 9 -11 25 14 -14 -15 15 -17 17 18 -20 -21 21 -23 24 -25 -26 -27 -28 28 -30 -31
leaf_value=0.094256699431444643 -0.0054696301557123662 0.10252245545144315 0.21037132652476431 0.0027905056263098343 0.010286576353948463 -0.036425273063249726 0.0083406178322611626 0.05198831027612473 0.17706557216122748 0.025648159221865433 0.047179265075322725 0.11252551961528219 -0.1569796732068062 -0.093035463946206237 0.030532395230098205 0.19302178341895343 0.21058860613654057 0.0040657593713452423 0.014959275951638581 -0.064256713751026179 0.171218373967295 0.036690075967150432 -0.012659629851439459 -0.0021984479245473853 -0.090196536303214406 -0.0072564488675399127 0.11624723351001741 -0.13806622341275215 0.0043718430431523682 0.023380104201062894
leaf_weight=46 20 46 20 3727 514 751 514 78 20 195 92 46 20 35 22 20 24 24 315 66 47 24 3146 2948 46 877 25 20 458 659
leaf_count=46 20 46 20 3727 514 751 514 78 20 195 92 46 20 35 22 20 24 24 315 66 47 24 3146 2948 46 877 25 20 458 659
internal_value=8.78477e-05 0.00547702 0.102451 0.00502698 0.0130167 -1.33013e-05 -0.0141573 -0.0281065 0.00480541 0.0397335 0.0117645 0.0175529 -0.00194822 0.00369956 0.0238936 0.107908 0.0218276 0.0432989 0.0335063 0.0145132 0.0950042 0.125744 -0.00745578 -0.000716505 -0.013777 -0.00208815 0.0188169 0.0167579 -0.00158791 0.0291967
internal_weight=14845 8659 40 8619 3334 5285 1343 829 3942 215 3288 2319 569 549 1750 42 1708 434 410 1274 95 71 6186 2994 3192 969 1208 1183 478 705
internal_count=14845 8659 40 8619 3334 5285 1343 829 3942 215 3288 2319 569 549 1750 42 1708 434 410 1274 95 71 6186 2994 3192 969 1208 1183 478 705
is_linear=0
shrinkage=0.05


Tree=67
num_leaves=31
num_cat=0
split_feature=1 11 5 0 10 14 12 4 10 2 12 10 5 11 4 3 11 3 9 11 2 2 11 1 10 13 14 10 11 0
split_gain=217.866 140.211 137.092 140.304 130.377 122.657 128.568 104.487 431.92 99.1769 92.2223 93.4068 90.9381 84.9048 178.986 84.4567 81.3194 78.1173 77.278 198.326 80.4095 76.3036 70.4713 89.525 106.618 97.1985 69.8489 65.9721 112.727 64.7781
threshold=9.6600000000000019 0.76669300000000107 0.040363269439619258 25.500000000000004 2029217.1000000003 13.520000000000001 -1026720.2749999999 -7.3249999999999984 313438.45000000007 37.280000000000008 905796.65000000014 3122463.3000000003 0.088770537792688245 -7.0215912999999981 -2.4050000000000016 8.6450000000000014 -0.086593999999998936 42.885000000000012 21.850616500000005 -2.2836299999999983 8.9650000000000016 14.535000000000002 2.3300326500000001 6.823333333333335 1652596.4000000001 10.075000000000001 2.0150000000000001 751960.62500000012 -1.3431549999999992 18.500000000000004
decision_type=2 2 2 2 2 2 2 2 2 2 2 2 2 2 2 2 2 2 2 2 2 2 2 2 2 2 2 2 2 2
left_child=9 2 27 5 -3 6 -4 8 -5 10 11 15 29 14 -9 21 -7 18 20 -20 -17 -1 23 -21 25 -25 -11 -2 -29 -8
right_child=1 4 3 7 -6 16 12 13 -10 26 -12 -13 -14 -15 -16 17 -18 -19 19 22 -22 -23 -24 24 -26 -27 -28 28 -30 -31
leaf_value=0.12447812447013956 -0.0055645483150749053 -0.00080326520038690504 0.091705648878063914 -0.025601108308183032 -0.042151339139857497 0.089701486164421751 0.00040485604925065443 -0.0040876291847477359 0.26622547076216768 -0.083592956364154813 -0.048922494075798656 -0.081326691368594772 0.021007283076238406 0.017916189589063502 0.19844071405008434 0.09129985988140106 -0.019474276851700702 0.067232357851556832 0.15401012694293803 -0.039295274082330932 -0.0091790406748977829 -0.0060288247341910997 0.091285137840631345 0.0031541221949588655 0.035088362028456013 -0.050916199746631807 -0.015965743309685164 -0.12325264726053267 -0.0057173494614806836 -0.021908436320957712
leaf_weight=24 580 2723 39 32 205 66 1454 24 21 70 123 40 426 2542 20 20 23 37 22 124 4485 21 22 782 239 93 84 34 51 419
leaf_count=24 580 2723 39 32 205 66 1454 24 21 70 123 40 426 2542 20 20 23 37 22 124 4485 21 22 782 239 93 84 34 51 419
internal_value=8.34554e-05 0.00520317 0.00975093 0.0125527 -0.0036982 0.00387599 0.00168291 0.0205325 0.0900283 -0.00708299 -0.00607141 -0.00517944 0.000155776 0.0191081 0.0879707 -0.00466046 0.0614875 -0.00518769 -0.00565071 0.00518043 -0.00873296 0.0635749 0.00258182 0.00100551 0.00549141 -0.00259278 -0.0467054 -0.0115934 -0.0527315 -0.00458675
internal_weight=14845 8659 5731 5066 2928 2427 2338 2639 53 6186 6032 5909 2299 2586 44 5869 89 5824 5787 1282 4505 45 1260 1238 1114 875 154 665 85 1873
internal_count=14845 8659 5731 5066 2928 2427 2338 2639 53 6186 6032 5909 2299 2586 44 5869 89 5824 5787 1282 4505 45 1260 1238 1114 875 154 665 85 1873
is_linear=0
shrinkage=0.05


Tree=68
num_leaves=31
num_cat=0
split_feature=1 7 11 10 9 11 1 5 10 10 3 9 9 4 4 9 0 10 11 5 3 7 4 10 11 9 10 1 9 9
split_gain=196.624 132.86 126.337 120.982 159.317 193.344 115.656 102.227 155.836 95.5193 328.145 170.546 168.159 169.298 159.036 128.892 124.504 107.749 139.888 102.62 101.491 93.0728 91.475 89.2386 84.7003 84.551 84.3304 93.9282 83.8699 112.838
threshold=9.6600000000000019 2.5000000000000004 -5.8617249269999983 794793.31000000017 24.934021000000005 2.7775422500000002 17.680000000000003 0.061031433145526642 2213625.9000000004 545361.25000000012 18.795000000000005 26.350723500000004 12.491089000000001 1.9400000000000006 -1.4949999999999999 9.0061955000000022 34.500000000000007 2177853.5000000005 -1.48104835 0.10666668562962979 11.615 2.5000000000000004 -2.4050000000000016 3122463.3000000003 0.49305749999999909 10.157730000000003 2549086.2500000005 26.54666666666667 4.4575960000000006 2.9959564500000004
decision_type=2 2 2 2 2 2 2 2 2 2 2 2 2 2 2 2 2 2 2 2 2 2 2 2 2 2 2 2 2 2
left_child=21 2 22 6 5 26 28 8 -4 15 11 12 14 -14 24 -9 17 18 -13 -17 -20 -1 -2 -23 -11 -7 27 -5 29 -3
right_child=1 3 7 4 -6 25 -8 9 -10 10 -12 16 13 -15 -16 19 -18 -19 20 -21 -22 23 -24 -25 -26 -27 -28 -29 -30 -31
leaf_value=-0.0003962412995961332 0.039316236909526667 0.0043227527703613069 0.0041839613834308235 -0.036915631743553723 0.0080240317566258167 -0.016586955097214928 0.030838897026685144 0.022504585471557596 -0.082544898041696457 0.16748862396038713 0.18453534467364938 0.047227640230866043 0.052824175174860558 0.15837999882784731 -0.013905648878631247 -0.0025234364654915693 0.093750672141710928 0.021315429584107926 -0.10952812545574629 -0.077730763360273611 -0.01530217073273425 -0.011657714366042448 0.16875215667920809 -0.081806412270373635 0.028600440595460977 0.093887659092975223 -0.102178539465303 0.045238363924058708 -0.0027785070983471424 0.044733292005092802
leaf_weight=2994 39 668 1268 583 504 29 370 780 54 21 34 34 169 49 142 410 30 122 65 51 51 3146 21 46 23 43 46 37 2783 233
leaf_count=2994 39 668 1268 583 504 29 370 780 54 21 34 34 169 49 142 410 30 122 65 51 51 3146 21 46 23 43 46 37 2783 233
internal_value=7.92826e-05 0.00494301 0.0127152 7.61245e-06 -0.0136457 -0.0284445 0.00419049 0.0114091 0.00064133 0.0185948 0.0328129 0.0255062 0.0467534 0.07655 0.0118305 0.0101166 -0.00291721 -0.0135791 -0.04196 -0.0108436 -0.0681012 -0.00672884 0.0846188 -0.0126686 0.094888 0.0493909 -0.0368592 -0.0320129 0.00151408 0.014773
internal_weight=14845 8659 3363 5296 1242 738 4054 3303 1322 1981 740 706 404 218 186 1241 302 272 150 461 116 6186 60 3192 44 72 666 620 3684 901
internal_count=14845 8659 3363 5296 1242 738 4054 3303 1322 1981 740 706 404 218 186 1241 302 272 150 461 116 6186 60 3192 44 72 666 620 3684 901
is_linear=0
shrinkage=0.05


Tree=69
num_leaves=31
num_cat=0
split_feature=1 11 2 7 2 9 14 11 9 10 13 3 7 12 3 9 9 10 1 11 11 12 14 9 0 3 3 11 1 13
split_gain=178.714 146.733 167.985 153.98 206.277 405.281 157.063 138.424 119.012 118.361 105.033 135.919 91.4216 166.548 162.682 84.3188 92.3759 81.7944 79.1019 79.4173 99.2089 92.1972 77.1628 76.3698 76.2499 97.6226 74.4572 72.9188 72.1254 70.2358
threshold=8.7616666666666685 0.7489165000000001 27.235000000000003 2.5000000000000004 10.025 18.933593500000004 12.035000000000002 -5.3829498500000001 5.316314750000001 2029217.1000000003 25.065000000000005 11.125000000000002 1.5000000000000002 -1234058.1099999996 30.805000000000003 10.478271500000002 24.362839000000005 751960.62500000012 0.21999999999999884 1.8846895000000001 0.8014525000000009 -561180.29999999993 13.365 27.861908000000003 32.500000000000007 42.885000000000012 21.845000000000002 -0.65890450000000012 4.7050000000000027 11.745000000000003
decision_type=2 2 2 2 2 2 2 2 2 2 2 2 2 2 2 2 2 2 2 2 2 2 2 2 2 2 2 2 2 2
left_child=12 2 3 7 5 -5 -6 8 -2 -3 -9 -12 13 14 -1 -8 22 -4 27 20 -20 -22 -17 24 25 29 -21 -14 -23 -15
right_child=1 9 17 4 6 -7 15 10 -10 -11 11 -13 18 23 -16 16 -18 -19 19 26 21 28 -24 -25 -26 -27 -28 -29 -30 -31
leaf_value=0.16395468837271135 0.026037347194783036 -0.002106608340598992 -0.01093520167502262 0.0083073578524188365 -0.0018697729949168807 0.26037280378134353 0.056313820407408614 0.015890675165983355 0.14815959139285903 -0.03777564342461992 0.014909740594717173 0.18593625965572538 0.028046841491013764 -0.0062504582514734041 -0.020143280245829374 0.033253203134518121 0.046470006850694183 -0.065406089285161437 -0.0099201251865603524 -0.0070775917393056361 0.025851371095172673 -0.10091944498050472 -0.046567947129795624 0.05861757230944932 0.031769122311379759 0.079101997811812916 0.039277631412551278 -0.078433105013355986 -0.035261268959832205 -0.049634993184881751
leaf_weight=30 42 3337 432 52 3237 23 182 2535 38 250 26 21 20 1390 20 48 102 82 1536 268 57 46 82 50 136 32 128 82 461 100
leaf_count=30 42 3337 432 52 3237 23 182 2535 38 250 26 21 20 1390 20 48 102 82 1536 268 57 46 82 50 136 32 128 82 461 100
internal_value=7.53185e-05 0.0036107 0.00787398 0.0100867 0.00352516 0.0856074 0.001839 0.0192708 0.0840454 -0.0045926 0.0172638 0.0913258 -0.00843767 0.000367965 0.0903155 0.0308373 0.0108514 -0.0196251 -0.0143962 -0.0126325 -0.0165055 -0.0344401 -0.0170955 -0.00226516 -0.00410119 -0.00730642 0.00790591 -0.0575547 -0.0412184 -0.00916217
internal_weight=14845 10489 6902 6388 3726 75 3651 2662 80 3587 2582 47 4356 1758 50 414 232 514 2598 2496 2100 564 130 1708 1658 1522 396 102 507 1490
internal_count=14845 10489 6902 6388 3726 75 3651 2662 80 3587 2582 47 4356 1758 50 414 232 514 2598 2496 2100 564 130 1708 1658 1522 396 102 507 1490
is_linear=0
shrinkage=0.05


Tree=70
num_leaves=31
num_cat=0
split_feature=1 7 13 12 12 4 9 9 11 9 9 11 13 9 11 10 9 7 9 11 11 0 9 11 3 3 5 9 5 11
split_gain=206.679 223.426 171.872 134.204 117.875 251.267 112.392 108.782 142.167 196.12 121.998 213.617 105.379 104.832 100.033 101.791 306.737 169.816 222.399 167.189 189.044 128.007 94.8577 87.8416 121.441 87.1137 85.664 112.027 83.1354 82.7061
threshold=12.301666666666669 1.0000000180025095e-35 35.140000000000008 41012.160000000098 -477321.46999999991 -2.5549999999999993 7.5850677500000012 1.2091217000000001 -6.4830321999999994 5.316314750000001 19.989151000000003 -3.63266015 14.995000000000003 17.577209500000002 3.6160583500000003 780594.45000000007 19.551483500000003 3.5000000000000004 26.350723500000004 1.0974580000000016 0.26333649999999947 31.500000000000004 8.099045000000002 -4.29769925 12.675000000000002 9.6750000000000025 0.080160327092713299 26.032547000000005 0.084925698121751561 -0.68206825000000026
decision_type=2 2 2 2 2 2 2 2 2 2 2 2 2 2 2 2 2 2 2 2 2 2 2 2 2 2 2 2 2 2
left_child=7 3 4 6 5 -3 -2 -1 9 -9 12 -12 -10 -8 15 23 29 18 -18 20 -20 26 -16 24 -6 -7 -19 -28 -22 -17
right_child=1 2 -4 -5 14 25 13 8 10 -11 11 -13 -14 -15 22 16 17 21 19 -21 28 -23 -24 -25 -26 -27 27 -29 -30 -31
leaf_value=0.014469263311812898 0.095936259130636858 0.17282535044942052 0.13237063509446603 0.15964788016345766 0.17096942961215975 0.11330609537661077 -0.028438553442386216 0.0011081731653419036 -0.008178218983083645 0.15234972799525542 0.16599108925089243 0.0020190694672661369 -0.052628922278766858 0.051758955405407162 -0.063864857571434633 -0.08880942980961308 0.086795057501347569 -0.014457985703769488 -0.01563819800042086 -0.12136432255307834 0.17465601668439129 0.033236931999520651 0.0084544278934230045 0.0093251661642415658 0.021273769110086421 0.00024422091796346334 -0.14867617232458932 -0.01700405420890699 0.042591627486623256 -0.032199414303802236
leaf_weight=785 69 32 27 27 20 20 67 58 6797 34 20 2892 136 104 103 92 132 102 111 24 22 82 81 2537 42 115 35 30 26 216
leaf_count=785 69 32 27 27 20 20 67 58 6797 34 20 2892 136 104 103 92 132 102 111 24 22 82 81 2537 42 115 35 30 26 216
internal_value=0.000206902 0.00973115 0.00666296 0.0539612 0.00577492 0.046854 0.0420715 -0.0034493 -0.00486482 0.0570018 -0.00544296 0.00314525 -0.00905018 0.0203365 0.00389798 0.00580248 -0.00897986 0.0129346 0.0373276 0.00164607 0.0202137 -0.017924 -0.0320287 0.0107622 0.0695627 0.0169941 -0.0430449 -0.0879044 0.103121 -0.0491089
internal_weight=14838 4116 3849 267 3822 167 240 10722 9937 92 9845 2912 6933 171 3655 3471 872 564 315 183 159 249 184 2599 62 135 167 65 48 308
internal_count=14838 4116 3849 267 3822 167 240 10722 9937 92 9845 2912 6933 171 3655 3471 872 564 315 183 159 249 184 2599 62 135 167 65 48 308
is_linear=0
shrinkage=0.05


Tree=71
num_leaves=31
num_cat=0
split_feature=5 12 3 0 10 7 3 9 11 9 13 10 11 9 9 1 4 7 11 9 4 14 11 9 10 7 9 12 0 0
split_gain=189.017 300.601 217.831 158.447 210.857 132.702 147.457 127.589 124.017 174.183 145.088 113.398 170.214 287.471 166.889 150.375 125.521 122.744 156.266 115.159 108.451 161.491 106.333 106.183 236.149 112.306 103.354 95.8661 94.3583 91.2244
threshold=0.09945302315460082 -509121.39999999997 8.6450000000000014 32.500000000000007 100292.65800000001 2.5000000000000004 15.465000000000002 4.5824585000000004 -2.1083832499999997 5.4701690500000009 23.055000000000003 125780.17000000003 2.0765990000000007 19.989151000000003 9.0061955000000022 13.84166666666667 3.4599999999999986 3.5000000000000004 -0.72055050000000065 1.9140625000000002 -4.0149999999999988 5.0050000000000008 3.7201383500000005 14.878448500000003 2530562.1000000006 3.5000000000000004 14.422562000000001 -287891.54999999987 11.500000000000002 46.500000000000007
decision_type=2 2 2 2 2 2 2 2 2 2 2 2 2 2 2 2 2 2 2 2 2 2 2 2 2 2 2 2 2 2
left_child=3 -2 -3 5 7 6 28 -5 9 -4 27 15 13 19 -14 -7 -17 18 -15 -13 21 -21 29 24 26 -25 -16 -10 -1 -9
right_child=1 2 8 4 -6 11 -8 22 10 -11 -12 12 14 17 23 16 -18 -19 -20 20 -22 -23 -24 25 -26 -27 -28 -29 -30 -31
leaf_value=-0.00054756553545207186 0.12821265208151411 0.15527439458080783 -0.028894087807698685 0.019827824403199284 0.025903664642131924 -0.0050968719526598948 -0.0060207683904290703 0.00085789677919844505 -0.10201587815736901 0.15633236490190031 0.093325388028889025 -0.0016166368837564214 -0.028831275091232622 0.092366067041987424 0.020822821989007381 0.025905444032136116 0.15213116813789718 -0.0093482981189159792 0.0045067239558380665 0.026472477072365282 -0.043890217974488867 -0.099617878312710684 -0.051841651299868577 -0.072088959813117984 0.19704859733581545 0.032196133058351367 0.13836037370575857 -0.0066098633058649216 0.022479342259973601 -0.031801864867633645
leaf_weight=758 68 26 22 698 1103 2268 2309 2371 29 30 34 241 170 73 171 188 22 817 165 123 1255 32 112 42 25 67 21 286 1077 235
leaf_count=758 68 26 22 698 1103 2268 2309 2371 29 30 34 241 170 73 171 188 22 817 165 123 1255 32 112 42 25 67 21 286 1077 235
internal_value=0.000196557 0.0305739 0.0150249 -0.000851814 0.00689664 -0.00441607 0.00238737 0.000759424 0.00593138 0.0779673 -0.00480177 -0.00937971 -0.0155947 -0.0205302 0.0113318 -0.00134891 0.0391291 -0.000143343 0.0314552 -0.0335575 -0.0390169 0.00044092 -0.00413747 0.0322757 0.0524999 -0.00798711 0.0336785 -0.0153933 0.0129674 -0.00208725
internal_weight=14838 495 427 14343 4519 9824 4144 3416 401 52 349 5680 3202 2706 496 2478 210 1055 238 1651 1410 155 2718 326 217 109 192 315 1835 2606
internal_count=14838 495 427 14343 4519 9824 4144 3416 401 52 349 5680 3202 2706 496 2478 210 1055 238 1651 1410 155 2718 326 217 109 192 315 1835 2606
is_linear=0
shrinkage=0.05


Tree=72
num_leaves=31
num_cat=0
split_feature=2 12 3 0 10 13 10 12 9 9 1 9 9 9 4 11 11 9 13 11 9 9 10 12 11 12 4 11 11 0
split_gain=177.221 266.118 194.692 141.471 187.516 122.638 177.198 133.23 132.109 176.66 126.296 115.329 111.629 346.554 254.369 125.953 103.159 164.188 129.395 97.6635 97.4857 197.384 121.904 107.777 94.0779 112.919 95.8113 93.6158 93.3494 108.268
threshold=10.025 -509121.39999999997 8.6450000000000014 32.500000000000007 100292.65800000001 6.0050000000000008 125780.17000000003 -45714.000000000087 19.989151000000003 10.051117000000003 11.200000000000003 4.4575960000000006 3.9927673000000006 2.9959564500000004 0.53000000000000036 -1.5178379999999974 -2.1083832499999997 5.5880738500000007 23.055000000000003 3.6160583500000003 8.7404785000000018 14.685714500000001 1202868.5500000003 -641785.91500000004 1.8495030000000015 905796.65000000014 1.9400000000000006 1.5749049474999994 -6.4830321999999994 18.500000000000004
decision_type=2 2 2 2 2 2 2 2 2 2 2 2 2 2 2 2 2 2 2 2 2 2 2 2 2 2 2 2 2 2
left_child=1 -1 -3 5 11 6 12 20 9 -9 24 -5 13 -2 -15 -14 17 -4 -18 -13 28 22 -22 -24 25 -8 -27 -11 -7 -30
right_child=3 2 16 4 -6 7 10 8 -10 27 -12 19 15 14 -16 -17 18 -19 -20 -21 21 -23 23 -25 -26 26 -28 -29 29 -31
leaf_value=0.12252148799146456 -0.0057445464645362728 0.14751067462448891 -0.025007403826179067 0.019286150731308488 0.024425080952265043 0.078875222615897661 -0.018037011144050347 -0.00026515899948158721 0.0093400324866757152 -0.031489012416370914 -0.050163248323826987 -0.0016960497765935137 0.037607910225478318 0.055574761313961489 0.23463703026728974 -0.011551490342341618 -0.014226764173706413 0.15678686151901883 0.08865911806659664 -0.045619741771230127 0.036897485042792451 0.0087496423068524117 0.19979047464827698 0.073148243258973331 0.0061882552981988199 -0.17187636693318686 -0.04533620619465812 0.00028189435059865144 0.043354292881110167 -0.030883893143318204
leaf_weight=67 224 26 23 672 1104 28 1480 2167 1391 957 303 2611 150 68 28 992 302 27 34 133 179 701 24 56 399 21 52 306 61 252
leaf_count=67 224 26 23 672 1104 28 1480 2167 1391 957 303 2611 150 68 28 992 302 27 34 133 179 701 24 56 399 21 52 306 61 252
internal_value=0.000186729 0.0301048 0.0150759 -0.000811305 0.00651101 -0.00417515 -0.0113392 0.000174528 -0.0036572 -0.00892808 -0.0201295 0.000721452 0.00221905 0.0283192 0.107801 -0.00509448 0.00615545 0.0731615 -0.00381569 -0.003825 0.0143734 0.0225306 0.0598298 0.111141 -0.0154675 -0.0210313 -0.0817382 -0.0237915 -0.00859127 -0.0164157
internal_weight=14838 479 412 14359 4520 9839 3717 6122 4821 3430 2255 3416 1462 320 96 1142 386 50 336 2744 1301 960 259 80 1952 1553 73 1263 341 313
internal_count=14838 479 412 14359 4520 9839 3717 6122 4821 3430 2255 3416 1462 320 96 1142 386 50 336 2744 1301 960 259 80 1952 1553 73 1263 341 313
is_linear=0
shrinkage=0.05


Tree=73
num_leaves=31
num_cat=0
split_feature=13 0 0 5 9 7 9 7 14 12 14 14 4 13 9 5 12 12 11 1 11 3 9 9 10 11 3 3 2 11
split_gain=166.248 142.782 160.646 119.064 156.654 117.153 199.217 111.202 151.436 202.819 150.661 137.06 104.342 107.88 127.149 103.536 100.407 98.5414 88.3916 88.1432 112.282 123.237 85.8509 174.062 85.8156 124.674 94.6595 85.4692 85.1962 81.8412
threshold=35.140000000000008 25.500000000000004 44.500000000000007 0.061900342549734359 19.835281500000004 1.5000000000000002 25.735733000000003 5.5000000000000009 1.0000000180025095e-35 -144262.64999999997 7.7950000000000008 15.335000000000003 -6.1649999999999983 18.975000000000005 25.735733000000003 0.11940301337598207 -144262.64999999997 155567.90500000006 -0.54196150000000098 19.983333333333338 -0.34271199999999874 12.735000000000001 23.391021500000004 22.002396000000001 125780.17000000003 1.8495030000000015 21.845000000000002 22.095000000000002 18.465000000000003 -7.0215912999999981
decision_type=2 2 2 2 2 2 2 2 2 2 2 2 2 2 2 2 2 2 2 2 2 2 2 2 2 2 2 2 2 2
left_child=1 3 5 4 24 6 29 8 9 12 17 -9 27 22 -15 -5 18 -10 -8 20 -18 -22 23 -14 -1 -26 -27 -7 -4 -3
right_child=-2 2 28 15 -6 7 16 11 10 -11 -12 -13 13 14 -16 -17 19 -19 -20 -21 21 -23 -24 -25 25 26 -28 -29 -30 -31
leaf_value=-0.0072793711413614258 0.12189648470708303 0.078822238336909906 -0.078159531798897952 -7.0116346558636773e-05 0.0027951236773746343 0.046296933397650723 0.063110268325544894 0.014991110117879628 -0.093806600119569344 -0.00040953848489695509 -0.0079846502733941557 0.10034075667615981 0.016123807133358516 0.15638682031721782 0.018612930567606406 0.10195254430919887 0.15227980531752111 -0.016729435477763007 -0.052669625559493033 0.16874022231521935 -0.066033428907394415 0.063509232604442398 -0.041438376200648976 0.1663947128291641 -0.036337481441510062 -0.025625477721730835 0.032369177445470722 0.18312465222108931 -0.010435083906817421 0.0095436540631515469
leaf_weight=802 28 44 49 4704 1158 25 32 794 96 2051 710 50 234 33 34 25 30 73 34 22 21 146 53 21 1008 152 131 21 888 1369
leaf_count=802 28 44 49 4704 1158 25 32 794 96 2051 710 50 234 33 34 25 30 73 34 22 21 146 53 21 1008 152 131 21 888 1369
internal_value=0.000177393 -5.27312e-05 0.00525392 -0.00459464 -0.0119607 0.00831163 0.0193925 0.00382644 -0.00025905 0.00607917 -0.0180839 0.0200474 0.0376904 0.0289723 0.0864717 0.00046923 0.0575266 -0.0605129 0.00346608 0.0738188 0.0632185 0.0472194 0.0164644 0.0284991 -0.0201247 -0.0281045 0.0012201 0.108762 -0.0139767 0.0117009
internal_weight=14838 14810 6830 7980 3251 5893 1698 4195 3351 2472 879 844 421 375 67 4729 285 169 66 219 197 167 308 255 2093 1291 283 46 937 1413
internal_count=14838 14810 6830 7980 3251 5893 1698 4195 3351 2472 879 844 421 375 67 4729 285 169 66 219 197 167 308 255 2093 1291 283 46 937 1413
is_linear=0
shrinkage=0.05


Tree=74
num_leaves=31
num_cat=0
split_feature=3 0 0 1 7 9 12 7 14 14 12 4 14 7 13 13 13 1 13 12 3 12 0 4 9 9 9 12 14 7
split_gain=152.514 147.802 119.372 103.909 99.9893 195.422 122.969 116.687 123.971 122.974 175.282 253.494 144.818 130.686 95.7365 94.5522 93.9033 87.6071 117.165 109.23 82.6651 78.88 76.0045 71.1388 69.3059 71.0575 67.3639 67.2844 67.0734 160.059
threshold=11.275 25.500000000000004 44.500000000000007 4.3333333333333348 1.5000000000000002 25.735733000000003 -144262.64999999997 5.5000000000000009 15.335000000000003 1.0000000180025095e-35 -521620.89999999997 -2.7099999999999995 7.8550000000000013 3.5000000000000004 17.515000000000004 19.355000000000004 11.595000000000001 12.586666666666671 15.155000000000003 -246.69091999999998 8.1350000000000033 -963769.03999999992 30.500000000000004 -22.814999999999994 -0.38261413499999991 28.585892000000005 13.803848 380526.95000000007 0.025000000000000005 4.5000000000000009
decision_type=2 2 2 2 2 2 2 2 2 2 2 2 2 2 2 2 2 2 2 2 2 2 2 2 2 2 2 2 2 2
left_child=20 3 4 23 5 17 -7 9 26 10 11 13 -11 -6 28 16 -8 18 21 -19 22 -3 -1 -2 -12 -26 27 -9 29 -5
right_child=1 2 -4 14 7 6 15 8 -10 12 24 -13 -14 -15 -16 -17 -18 19 -20 -21 -22 -23 -24 -25 25 -27 -28 -29 -30 -31
leaf_value=0.017803351695571717 0.033513399846914753 0.082228434756398211 -0.012638592469274408 -0.0019176034242506992 0.20156338749562994 -0.014380495239326614 0.12045111532840465 0.004076373566398804 0.095323719099164012 -0.061289670561600368 0.043930982643117511 0.0051057890098056072 -0.0082677383625625895 0.047244494894276498 -0.05971551948002999 0.14765714305276809 0.035460917470214535 -0.025241455103342348 -0.046423582200239052 0.047281487753647274 0.012743959476911143 0.0057161302086205781 0.10825243531001938 -0.039578041191919738 -0.0033595168971210249 0.052359468647736621 0.02838762500474264 -0.090105058550834671 -0.011780707145366259 0.089870602996476617
leaf_weight=48 37 35 915 4512 34 47 45 366 50 160 87 92 660 23 79 37 117 65 108 258 1278 897 45 332 1896 59 405 20 2083 48
leaf_count=48 37 35 915 4512 34 47 45 366 50 160 87 92 660 23 79 37 117 65 108 258 1278 897 45 332 1896 59 405 20 2083 48
internal_value=0.000168523 -0.00144889 0.00407512 -0.00641589 0.00687553 0.0173438 0.0583604 0.00250287 0.0189691 -0.00209631 0.00408538 0.0564397 -0.0186135 0.139294 -0.00499779 0.0755404 0.0590693 0.00994097 0.00287655 0.0326871 0.0160559 0.00858945 0.061569 -0.0322491 0.000265211 -0.00167797 0.0141427 -0.000803493 -0.00434708 -0.000951412
internal_weight=14838 13467 6376 7091 5461 1609 246 3852 841 3011 2191 149 820 57 6722 199 162 1363 1040 323 1371 932 93 369 2042 1955 791 386 6643 4560
internal_count=14838 13467 6376 7091 5461 1609 246 3852 841 3011 2191 149 820 57 6722 199 162 1363 1040 323 1371 932 93 369 2042 1955 791 386 6643 4560
is_linear=0
shrinkage=0.05


Tree=75
num_leaves=31
num_cat=0
split_feature=9 7 3 12 11 3 1 7 10 1 12 10 11 14 11 9 3 0 2 9 9 9 12 9 12 3 12 11 9 2
split_gain=147.029 148.446 126.709 125.821 100.931 186.311 164.248 156.916 162.554 142.17 128.355 124.801 116.236 96.8865 102.06 89.3329 87.8946 86.6875 80.882 77.7351 103.594 71.6424 189.985 130.628 108.24 202.683 80.2914 71.3503 113.131 156.251
threshold=-0.53868103499999986 2.5000000000000004 8.9650000000000016 1722.9574999999998 0.7489165000000001 29.160000000000004 24.209999999999997 1.0000000180025095e-35 13.381818000000001 3.3800000000000012 -1479244.7549999999 1739463.9500000004 2.67764275 14.850000000000001 0.56486550000000169 12.876342500000002 40.225000000000009 32.500000000000007 15.515000000000002 10.478271500000002 23.678467000000001 18.933593500000004 -477321.46999999991 25.735733000000003 380526.95000000007 14.885000000000003 -197612.01999999999 -1.7342835999999993 26.032547000000005 11.125000000000002
decision_type=2 2 2 2 2 2 2 2 2 2 2 2 2 2 2 2 2 2 2 2 2 2 2 2 2 2 2 2 2 2
left_child=-1 2 3 15 5 6 10 8 -6 -9 -4 -7 16 -3 19 -2 -10 -16 -14 -15 -21 22 -11 24 26 -26 -23 28 29 -12
right_child=1 13 4 -5 7 11 -8 9 12 21 27 -13 18 14 17 -17 -18 -19 -20 20 -22 23 -24 -25 25 -27 -28 -29 -30 -31
leaf_value=0.026277375126429171 0.064989021868776461 -0.0066135053951476043 0.10204202305329474 0.15322376280449904 -0.013353109904134059 -0.012572919415448242 0.108952876024468 -0.08974108490787569 0.013680922692355489 0.086918254685020305 0.063853651379327206 -0.09089764100499452 0.13711704202904934 0.082110853881082121 -0.08703104837572781 -0.03876271122135222 0.098088841145748618 0.012508428213971384 0.031047550613038766 -0.061799445125306475 0.058370666388184472 -0.077010167926549911 -0.02302532707222257 -0.062854777278240639 0.20705477581137705 0.0030899799894541502 0.017901891446161288 0.014311698536633831 -0.10634261137247086 -0.004778646855829234
leaf_weight=506 59 7863 38 26 332 283 43 61 332 41 91 62 41 85 29 32 34 89 32 29 47 25 944 54 21 29 205 2460 25 935
leaf_count=506 59 7863 38 26 332 283 43 61 332 41 91 62 41 85 29 32 34 89 32 29 47 25 944 54 21 29 205 2460 25 935
internal_value=-0.000211895 -0.00114614 0.00467983 0.0562202 0.00368932 0.00844797 0.0118189 -0.00502048 0.0130469 -0.0151147 0.010642 -0.0266487 0.0330123 -0.00558609 0.0233692 0.0285049 0.0215221 -0.0119547 0.0906208 0.0492588 0.0125163 -0.0116634 -0.018449 0.00834801 0.02208 0.0887552 0.00758536 0.00965277 -0.00125206 0.00130862
internal_weight=14853 14347 6205 117 6088 3937 3592 2151 771 1380 3549 345 439 8142 279 91 366 118 73 161 76 1319 985 334 280 50 230 3511 1051 1026
internal_count=14853 14347 6205 117 6088 3937 3592 2151 771 1380 3549 345 439 8142 279 91 366 118 73 161 76 1319 985 334 280 50 230 3511 1051 1026
is_linear=0
shrinkage=0.05


Tree=76
num_leaves=31
num_cat=0
split_feature=3 9 7 14 9 9 9 4 1 4 12 9 2 14 12 9 9 9 1 9 9 12 0 4 12 9 10 13 1 12
split_gain=133.915 136.816 124.458 94.8339 124.963 174.395 196.887 286.172 91.1457 102.545 136.1 89.3288 392.391 80.6008 78.4621 318.175 177.047 203.531 126.728 143.166 116.803 113.861 174.199 102.361 80.7869 74.7394 74.6694 71.732 82.5067 70.8724
threshold=8.1350000000000033 -0.53868103499999986 2.5000000000000004 9.3050000000000015 5.5880738500000007 2.9959564500000004 3.5610504000000005 0.29000000000000009 5.368333333333335 -4.4099999999999984 391488.20000000001 18.023559000000002 10.155000000000003 15.210000000000003 -465222.74500000005 27.511566500000004 16.901382500000004 6.9967805000000007 9.1350000000000033 12.598709000000001 19.081299000000005 29070.28000000009 30.500000000000004 -5.6650000000000009 -197612.01999999999 8.4160920000000008 3070087.7500000005 11.455000000000002 11.993333333333338 -205893.05000000013
decision_type=2 2 2 2 2 2 2 2 2 2 2 2 2 2 2 2 2 2 2 2 2 2 2 2 2 2 2 2 2 2
left_child=-1 27 8 11 5 -5 7 -7 9 10 25 -4 -13 -8 15 16 17 -10 -19 -20 -16 24 -23 -24 -22 -3 -14 -2 -29 -6
right_child=1 2 3 4 29 6 13 -9 14 -11 -12 12 26 -15 20 -17 -18 18 19 -21 21 22 23 -25 -26 -27 -28 28 -30 -31
leaf_value=0.058355361253944874 0.01423769202607523 -0.049432072588368452 -0.013203193157330937 -0.0049554353976076805 -0.041400396101455267 0.05228959001982824 0.0082310518409655087 0.27172951340908186 -0.051922295471796623 -0.059655717720410652 -0.062500300495004338 0.18537017899964536 -0.0019680122536889764 0.11007122440884512 -0.0012690209935252187 -0.15092904326384482 0.0022610467981966521 0.060138510275317962 0.24090575906965467 0.085657453266057115 -0.030544404430656868 0.016987048268562094 0.18792199733711423 0.066493843707256015 0.011122728723430585 0.028242694645825975 -0.085637712809774613 0.14125858666375279 0.038025298254331576 0.00069842259634794659
leaf_weight=97 382 37 3901 181 107 39 102 24 26 112 74 28 2151 24 3548 23 151 83 27 33 128 315 21 100 1276 190 27 24 100 1522
leaf_count=97 382 37 3901 181 107 39 102 24 26 112 74 28 2151 24 3548 23 151 83 27 33 128 315 21 100 1276 190 27 24 100 1522
internal_value=-0.000201301 -0.000586229 -0.00149347 -0.00556161 0.0038911 0.030122 0.0637147 0.135886 0.00387378 -0.018812 -0.00361428 -0.00865576 -0.000614255 0.0276292 0.00550861 0.028696 0.0416065 0.0767613 0.100158 0.155519 0.0040325 0.0142552 0.0365749 0.0875682 0.00732402 0.015582 -0.00300524 0.0249635 0.0580059 -0.00206682
internal_weight=14853 14756 14250 8106 1999 370 189 63 6144 413 301 6107 2206 126 5731 343 320 169 143 60 5388 1840 436 121 1404 227 2178 506 124 1629
internal_count=14853 14756 14250 8106 1999 370 189 63 6144 413 301 6107 2206 126 5731 343 320 169 143 60 5388 1840 436 121 1404 227 2178 506 124 1629
is_linear=0
shrinkage=0.05


Tree=77
num_leaves=31
num_cat=0
split_feature=3 9 7 11 3 7 0 10 12 3 11 2 9 3 10 12 13 11 3 14 9 9 11 11 9 2 13 7 9 1
split_gain=120.858 123.476 112.323 88.6285 166.166 133.345 151.271 131.16 115.688 154.162 113.332 115.494 111.404 115.324 107.711 106.507 108.995 122.095 100.235 85.5876 112.779 157.392 205.325 322.484 80.6193 354.133 78.2909 75.2997 188.337 148.353
threshold=8.1350000000000033 -0.53868103499999986 2.5000000000000004 0.7489165000000001 29.160000000000004 1.0000000180025095e-35 14.500000000000002 2355369.5000000005 418557.50000000006 15.465000000000002 2.6348571800000005 15.205000000000002 25.827255000000005 9.6750000000000025 1739463.9500000004 -1479244.7549999999 21.325000000000006 0.18919399999999878 10.615 9.3050000000000015 5.5880738500000007 2.9959564500000004 1.766052 1.1157384999999993 18.023559000000002 10.155000000000003 20.270000000000007 1.0000000180025095e-35 26.572083000000003 13.216666666666674
decision_type=2 2 2 2 2 2 2 2 2 2 2 2 2 2 2 2 2 2 2 2 2 2 2 2 2 2 2 2 2 2
left_child=-1 -2 3 4 15 6 -5 8 12 -10 -8 -12 13 -7 -6 -3 26 18 -18 24 21 -21 23 -23 -4 -26 27 28 29 -17
right_child=1 2 19 5 14 7 10 -9 9 -11 11 -13 -14 -15 -16 16 17 -19 -20 20 -22 22 -24 -25 25 -27 -28 -29 -30 -31
leaf_value=0.055437592810653538 0.023715330900881154 0.094534044830422659 -0.012543033530248793 -0.021106588787900411 -0.011969499073962948 0.09773657694458962 0.016599538842833529 -0.060506473709311753 0.11911634745076299 -0.015098172570983677 0.15256085334853695 0.035023394664912895 -0.12974623158574103 -0.013022837176439338 -0.084734122791597921 -0.013270749389530294 -0.044455618411302571 0.17176777511125518 0.088273868055054647 -0.004707663653428713 -0.0019634751516910717 0.059967052723243458 -0.0097948588330104072 0.26780401682886096 0.1761016727159066 -0.0028549779473980969 -0.060473166555166248 0.014737768730105738 0.064007215824967711 0.067323136535763259
leaf_weight=97 506 38 3901 236 283 24 445 135 40 46 33 57 20 1132 62 893 25 21 33 181 1629 99 67 23 28 2178 40 2420 100 61
leaf_count=97 506 38 3901 236 283 24 445 135 40 46 33 57 20 1132 62 893 25 21 33 181 1629 99 67 23 28 2178 40 2420 100 61
internal_value=-0.000191236 -0.000556917 -0.00141879 0.00368009 0.00811451 -0.00445242 0.0122393 -0.0136645 -0.00865369 0.0473272 0.0269489 0.0781205 -0.0127475 -0.0107233 -0.025046 0.0112653 0.0103846 0.0684654 0.0310629 -0.00528353 0.00369654 0.0286159 0.060529 0.0991494 -0.00822297 -0.000583543 0.00907886 0.00987969 -0.00127452 -0.00811747
internal_weight=14853 14756 14250 6144 3976 2168 771 1397 1262 86 535 90 1176 1156 345 3631 3593 79 58 8106 1999 370 189 122 6107 2206 3514 3474 1054 954
internal_count=14853 14756 14250 6144 3976 2168 771 1397 1262 86 535 90 1176 1156 345 3631 3593 79 58 8106 1999 370 189 122 6107 2206 3514 3474 1054 954
is_linear=0
shrinkage=0.05


Tree=78
num_leaves=31
num_cat=0
split_feature=0 0 3 2 2 4 12 10 13 7 12 3 14 11 2 7 11 0 11 12 4 11 12 1 3 3 12 4 7 7
split_gain=113.747 138.415 100.671 100.515 98.091 81.6395 137.539 81.5726 79.3188 88.2375 79.2033 174.592 111.226 109.72 220.026 88.7358 83.2205 79.0207 96.7895 114.737 80.6322 110.043 232.887 79.0199 103.571 94.1952 75.0137 73.7682 67.5636 65.9917
threshold=30.500000000000004 44.500000000000007 8.1350000000000033 18.465000000000003 16.145000000000003 -2.7099999999999995 -613795.04999999993 2213625.9000000004 10.105000000000002 1.5000000000000002 -159051.05000000002 9.6750000000000025 0.015000000000000001 -2.8641815000000004 11.715000000000002 2.5000000000000004 -0.76519773500000021 14.500000000000002 1.8495030000000015 -812662.34999999998 -22.814999999999994 1.6333768500000014 -30177.559999999994 2.5666666666666695 21.845000000000002 23.005000000000006 -32391.952999999947 11.075000000000001 1.0000000180025095e-35 1.5000000000000002
decision_type=2 2 2 2 2 2 2 2 2 2 2 2 2 2 2 2 2 2 2 2 2 2 2 2 2 2 2 2 2 2
left_child=4 2 -2 -3 10 6 -4 -7 9 -8 11 -1 13 14 -13 -16 -14 28 19 29 -21 -22 -23 25 27 -20 -10 -25 -6 -19
right_child=1 3 5 -5 17 7 8 -9 26 -11 -12 12 16 -15 15 -17 -18 18 23 20 21 22 -24 24 -26 -27 -28 -29 -30 -31
leaf_value=0.11927270390289396 0.080772760139341107 -0.08463613071375424 0.14304292862880572 -0.0080366838632795652 -0.023201043282600427 0.0044513994484840459 0.071736408352455872 0.084659816883504393 -0.032875171921256448 0.014836515388752455 -0.0017442352297039341 0.18035136128465334 -0.096387738095862541 0.010961092851020496 0.074381217548424125 -0.052658614812901731 -0.0088448580042728465 0.075949250888079411 -0.12309465202658128 0.070349646545946595 -0.023443913206324513 -0.22673386452453481 -0.021112830336205663 -0.010345722024874954 0.052450016262144163 -0.0098203311459376264 0.016444132466099024 0.068549337957731701 0.0031516460706020907 0.00095394961366599264
leaf_weight=38 49 45 23 887 292 3369 127 32 92 147 4604 30 35 639 28 27 121 40 24 22 1560 21 40 290 118 78 476 33 1456 110
leaf_count=38 49 45 23 887 292 3369 127 32 92 147 4604 30 35 639 28 27 121 40 24 22 1560 21 40 290 118 78 476 33 1456 110
internal_value=-0.000181674 0.0057387 0.00951289 -0.0117352 -0.00341551 0.00869439 0.0224097 0.00520608 0.0191145 0.0412098 0.000929677 0.01434 0.00980883 0.0180602 0.0714286 0.0120162 -0.0284859 -0.00929065 -0.015307 -0.0209079 -0.0247296 -0.02602 -0.0919004 0.00318732 0.0123605 -0.0364731 0.00845579 -0.00228524 -0.00125052 0.0209527
internal_weight=14853 5247 4315 932 9606 4266 865 3401 842 274 5522 918 880 724 85 55 156 4084 2336 1793 1643 1621 61 543 441 102 568 323 1748 150
internal_count=14853 5247 4315 932 9606 4266 865 3401 842 274 5522 918 880 724 85 55 156 4084 2336 1793 1643 1621 61 543 441 102 568 323 1748 150
is_linear=0
shrinkage=0.05


Tree=79
num_leaves=31
num_cat=0
split_feature=9 1 3 12 11 10 12 7 11 3 11 11 9 12 11 12 9 9 2 9 5 10 12 1 0 13 1 12 7 9
split_gain=107.632 113.658 119.261 91.6099 90.8967 97.351 123.63 85.1777 81.1766 189.758 78.3496 70.0378 66.0508 111.028 96.4702 84.4484 109.401 309.344 151.141 87.3916 83.2996 74.9592 84.7566 74.9299 72.3551 64.4715 74.4855 62.9404 147.18 247.798
threshold=-0.53868103499999986 17.680000000000003 8.9650000000000016 905796.65000000014 -1.8117064299999999 1934181.2500000002 -36794.599999999969 2.5000000000000004 -5.3829498500000001 14.825000000000001 5.3869781500000009 2.7775422500000002 24.832412500000004 -197612.01999999999 -0.35502649999999919 -101267.21499999997 8.4160920000000008 13.337493500000003 12.615 12.491089000000001 0.10198879735379958 871144.35000000021 -812662.34999999998 11.486666666666672 24.500000000000004 11.455000000000002 11.993333333333338 43245.802000000003 2.5000000000000004 22.892669500000004
decision_type=2 2 2 2 2 2 2 2 2 2 2 2 2 2 2 2 2 2 2 2 2 2 2 2 2 2 2 2 2 2
left_child=25 2 -2 7 -3 27 -7 8 9 -4 -9 -5 15 14 24 16 21 18 -18 -20 -17 22 -10 -16 -14 -1 -27 -6 29 -29
right_child=1 4 3 11 5 6 -8 10 12 -11 -12 -13 13 -15 23 20 17 -19 19 -21 -22 -23 -24 -25 -26 26 -28 28 -30 -31
leaf_value=0.012322995802466832 0.056810812475707607 -0.042442468963563441 0.16595497232675555 -0.037034535867676729 0.017797929778460519 0.072135389267049474 -0.043697718858519308 -0.0051165473714370729 -0.084140462614595901 0.011134515559594882 -0.07617491670908072 0.040978742158040406 -0.034704940384015059 0.02362840310888828 -0.028139182633290502 -0.002303378386323089 0.15428421567194164 -0.00045307991069507198 0.027678156297546455 0.11464214721694588 -0.054824648995871673 -0.055778277956713473 0.030009011954775663 -0.15512356559435528 0.07177365342224086 0.13291945476084949 0.034832545110490172 0.011515057622455062 0.02102035636016808 0.22004975506971622
leaf_weight=382 85 65 25 285 663 29 112 7286 20 95 39 32 39 640 26 3860 48 379 104 40 77 78 87 21 27 24 100 28 128 29
leaf_count=382 85 65 25 285 663 29 112 7286 20 95 39 32 39 640 26 3860 48 379 104 40 77 78 87 21 27 24 100 28 128 29
internal_value=-0.00017259 -0.000971924 -0.00222506 -0.00260498 0.0148326 0.0185968 -0.0198739 -0.00195199 0.00271054 0.0433888 -0.00549488 -0.0291594 0.00181422 0.0155609 -0.0301311 -0.000391462 0.0149146 0.025741 0.0774472 0.0518348 -0.00333059 -0.0185012 0.00867266 -0.0848769 0.00885448 0.0224915 0.0538171 0.0249935 0.0507809 0.117612
internal_weight=14853 14347 13293 13208 1054 989 141 12891 5566 120 7325 317 5446 753 113 4693 756 571 192 144 3937 185 107 47 66 506 124 848 185 57
internal_count=14853 14347 13293 13208 1054 989 141 12891 5566 120 7325 317 5446 753 113 4693 756 571 192 144 3937 185 107 47 66 506 124 848 185 57
is_linear=0
shrinkage=0.05


Tree=80
num_leaves=31
num_cat=0
split_feature=0 10 2 9 11 11 2 12 2 11 9 1 3 11 4 2 3 3 9 4 5 11 3 9 1 10 1 13 2 12
split_gain=129.866 106.937 96.1441 79.3928 95.5009 87.5481 134.778 138.752 116.059 125.374 110.493 176.741 104.097 116.391 89.2787 102.61 80.9373 80.3982 77.2233 95.5825 109.024 76.9012 145.808 79.3186 75.3488 70.5722 68.4322 64.0213 62.4285 61.6724
threshold=25.500000000000004 2379635.7500000005 19.605000000000004 16.520995500000001 2.9110564500000002 -1.4082336499999999 10.995000000000003 2976.8200000000656 14.725000000000003 0.93402100000000021 25.184937000000001 19.016666666666676 10.025 -2.0341340000000003 0.59000000000000086 12.385000000000003 13.915000000000001 13.815000000000003 26.350723500000004 -1.3600000000000019 0.03858769047414836 -7.9961698599999993 18.125000000000004 1.6681213000000004 26.54666666666667 851807.03000000014 7.8100000000000023 24.495000000000001 15.715000000000002 -477321.46999999991
decision_type=2 2 2 2 2 2 2 2 2 2 2 2 2 2 2 2 2 2 2 2 2 2 2 2 2 2 2 2 2 2
left_child=1 26 3 21 5 12 7 25 9 14 16 -12 -5 28 -8 -16 -11 -9 19 -3 -21 22 -2 -23 29 -7 -1 -10 -14 -25
right_child=2 18 -4 4 -6 6 8 17 27 10 11 -13 13 -15 15 -17 -18 -19 -20 20 -22 23 -24 24 -26 -27 -28 -29 -30 -31
leaf_value=-0.012936895065856879 0.16513742976600218 -0.0018314572658551778 -0.002023405178753991 0.13914040997624397 0.10528625078919916 -0.001987618865335689 0.032719032586538709 -0.017259684895786147 0.00699410325291858 0.12422723136842251 0.0013432817679702067 -0.17100633311839331 -0.028156472209786232 0.083364932876134279 0.14832468128240692 0.053683235040424687 0.005548382134122007 0.098125789429132762 -0.0007297546266927385 -0.02181389619564188 -0.088494198572913713 0.026262061293244595 -0.012001486314245715 0.025186990422534417 0.083242603183652342 -0.088307136359314128 -0.00072496602091738269 -0.079734027910638938 0.056533484102692461 -0.0054486392465823144
leaf_weight=1413 21 115 2951 27 31 34 276 36 649 20 51 21 68 69 41 95 51 26 200 116 130 303 26 182 26 78 6098 22 32 1687
leaf_count=1413 21 115 2951 27 31 34 276 36 649 20 51 21 68 69 41 95 51 26 200 116 130 303 26 182 26 78 6098 22 32 1687
internal_value=-0.000302785 -0.00459513 0.00477531 0.00995687 0.0183671 0.0166788 0.0122971 -0.0288828 0.0181416 0.0350569 -0.00528051 -0.0489254 0.0479765 0.0334119 0.0490575 0.0822148 0.038979 0.0311278 -0.0256528 -0.0394606 -0.0570515 0.0038618 0.0671457 0.00250859 -0.00128945 -0.062103 -0.00302232 0.00415056 -0.00105569 -0.00246539
internal_weight=14895 8072 6823 3872 1627 1596 1400 174 1226 555 143 72 196 169 412 136 71 62 561 361 246 2245 47 2198 1895 112 7511 671 100 1869
internal_count=14895 8072 6823 3872 1627 1596 1400 174 1226 555 143 72 196 169 412 136 71 62 561 361 246 2245 47 2198 1895 112 7511 671 100 1869
is_linear=0
shrinkage=0.05


Tree=81
num_leaves=31
num_cat=0
split_feature=0 10 7 1 12 10 1 10 9 13 11 3 7 7 12 9 9 3 4 1 7 9 9 12 10 3 1 1 9 4
split_gain=117.204 96.5105 92.466 121.873 159.409 127.641 95.8084 95.0229 85.9868 96.7206 90.8741 87.2445 79.1256 112.424 145.643 112.427 175.743 196.867 162.654 249.175 132.158 96.4023 94.3638 91.298 86.1608 126.428 84.6585 80.3762 75.3572 78.5493
threshold=25.500000000000004 2379635.7500000005 1.5000000000000002 14.115000000000004 -85614.774999999951 558659.4800000001 19.513333333333339 1356354.7000000002 25.827255000000005 12.915000000000001 -0.34271199999999874 13.615 5.5000000000000009 4.5000000000000009 -144262.64999999997 25.735733000000003 22.4818575 12.855000000000002 -2.7099999999999995 12.411666666666669 2.5000000000000004 28.849792500000003 27.683044500000005 -561180.29999999993 1050122.7000000002 21.175000000000004 14.605000000000002 21.480000000000004 9.6042630000000013 -0.14999999999999944
decision_type=2 2 2 2 2 2 2 2 2 2 2 2 2 2 2 2 2 2 2 2 2 2 2 2 2 2 2 2 2 2
left_child=1 -1 3 8 7 28 -7 -5 9 11 -10 -2 13 14 15 16 18 -18 19 23 -17 22 -16 -4 27 -26 -14 -15 29 -6
right_child=2 -3 12 4 5 6 -8 -9 10 -11 -12 -13 26 24 21 20 17 -19 -20 -21 -22 -23 -24 -25 25 -27 -28 -29 -30 -31
leaf_value=-0.0028712077589520763 0.063259334553492405 -0.024370169244605364 0.091908312758997746 -0.090864908826701785 0.11999883186072112 0.06155250797217543 0.1885539427675583 0.042495657706802546 0.11133037807570922 -0.021874645310262703 0.021612720901171969 0.0067594083941557252 0.0090983999594721789 -0.011139817040835729 -0.0018082013733718627 -0.12311384232404332 0.24524250733000891 0.037580921053886412 -0.00097339327741218255 0.23465886820107698 0.020586128092448541 0.070491165547735157 -0.065292390321070953 -0.0052371274351197131 -0.03065096441602283 -0.15119963946441811 0.061645559028034952 0.085931169004602875 0.016898926573354223 0.029890903406867793
leaf_weight=7511 73 561 46 34 46 33 27 22 37 292 119 1067 876 695 2397 24 21 25 190 20 48 45 60 51 232 24 84 22 162 51
leaf_count=7511 73 561 46 34 46 33 27 22 37 292 119 1067 876 695 2397 24 21 25 190 20 48 45 60 51 232 24 84 22 162 51
internal_value=-0.000287646 -0.00436537 0.00453654 0.0136952 0.0393325 0.0529912 0.118703 -0.0384733 0.00764103 0.00380085 0.0428919 0.0103774 0.000837276 -0.00232802 0.00256653 0.0296281 0.0412423 0.132383 0.0275861 0.0739647 -0.0273139 -0.00203026 -0.00335849 0.0408318 -0.0170519 -0.0419524 0.0136963 -0.00816135 0.0377684 0.0726225
internal_weight=14895 8072 6823 1963 375 319 60 56 1588 1432 156 1140 4860 3900 2927 425 353 46 307 117 72 2502 2457 97 973 256 960 717 259 97
internal_count=14895 8072 6823 1963 375 319 60 56 1588 1432 156 1140 4860 3900 2927 425 353 46 307 117 72 2502 2457 97 973 256 960 717 259 97
is_linear=0
shrinkage=0.05


Tree=82
num_leaves=31
num_cat=0
split_feature=0 10 2 1 13 0 1 12 9 9 11 11 3 9 0 3 1 9 9 4 9 9 12 12 2 12 13 11 5 1
split_gain=107.717 179.024 247.083 163.547 98.4121 140.722 136.858 136.845 123.185 190.455 173.199 147.093 135.71 113.429 92.5213 88.046 83.5761 82.857 221.905 108.536 79.233 77.5003 146.742 76.4955 120.723 74.4655 74.4618 73.3143 70.6838 70.4009
threshold=32.500000000000007 1226413.2000000004 13.425000000000002 19.983333333333338 5.8350000000000009 14.500000000000002 11.200000000000003 -173469.36999999985 19.708847000000002 9.8673400000000004 -2.9461822499999992 -3.3791195000000003 30.805000000000003 29.556610500000001 46.500000000000007 15.515000000000002 7.563333333333337 4.3026428500000007 2.9959564500000004 0.63 4.7163391000000008 27.511566500000004 -405620.9499999999 905796.65000000014 20.015000000000004 -197612.01999999999 29.510000000000002 -1.5178379999999974 0.080873439760563312 11.296666666666672
decision_type=2 2 2 2 2 2 2 2 2 2 2 2 2 2 2 2 2 2 2 2 2 2 2 2 2 2 2 2 2 2
left_child=4 14 3 -3 5 17 23 8 9 -6 -11 -10 29 26 16 21 -2 18 -1 -20 -18 25 -23 -7 -25 -13 -9 -19 -15 -12
right_child=1 2 -4 -5 7 6 -8 13 11 10 12 15 -14 28 -16 -17 20 27 19 -21 -22 22 -24 24 -26 -27 -28 -29 -30 -31
leaf_value=-0.0032841292544679777 0.058441254829367011 0.064701730170054358 0.011358607897887604 0.2335293789035999 -0.0013900297383629722 -0.010084987805125289 -0.047065009006771651 -0.0027105499689601201 0.12172799794511363 -0.059748285944605697 0.066387614719419105 0.0076658669075307748 -0.017763881429564209 0.10716429742935457 -0.022132254420469705 -0.053085026533362716 0.019884468693919084 0.027661728319605883 0.052790035143494611 0.16669556999514845 0.0018992402217745574 -0.14257371028264362 0.011754534956674244 -0.16537135325372221 -0.026919611236961512 0.10320807364971743 -0.076936252568574517 -0.0088082569897888416 -0.0089637292665429424 0.12624878097039002
leaf_weight=233 75 32 103 26 239 1762 337 5424 22 29 201 180 40 38 311 94 749 158 75 29 3357 24 43 20 74 23 34 1078 20 65
leaf_count=233 75 32 103 26 239 1762 337 5424 22 29 201 180 40 38 311 94 749 158 75 29 3357 24 43 20 74 23 34 1078 20 65
internal_value=-0.000273264 0.0060351 0.0578395 0.140383 -0.00313919 -0.00956629 -0.017752 0.000598373 0.0180208 0.0327084 0.0570353 -0.00382036 0.068103 -0.00243381 0.00417836 -0.0114084 0.00613545 0.00184582 0.0238226 0.0845522 0.00518003 0.00310118 -0.0435272 -0.0124295 -0.0563774 0.0184908 -0.00317293 -0.00414624 0.0671202 0.0810153
internal_weight=14895 4653 161 58 10242 3766 2193 6476 960 574 335 386 306 5516 4492 364 4181 1573 337 104 4106 270 67 1856 94 203 5458 1236 58 266
internal_count=14895 4653 161 58 10242 3766 2193 6476 960 574 335 386 306 5516 4492 364 4181 1573 337 104 4106 270 67 1856 94 203 5458 1236 58 266
is_linear=0
shrinkage=0.05


Tree=83
num_leaves=31
num_cat=0
split_feature=2 3 9 12 11 7 13 11 12 9 10 7 9 10 11 1 5 13 11 9 1 9 11 1 9 2 11 2 3 2
split_gain=79.3647 118.914 72.9996 70.5318 114.638 101.212 93.9264 70.046 84.776 210.512 93.5201 77.7191 148.683 127.926 163.143 123.223 87.7644 96.2209 77.7969 70.4798 67.8039 66.5881 167.138 173.303 225.557 98.3333 70.0759 85.7348 63.8787 63.1377
threshold=29.705000000000002 8.1350000000000033 29.556610500000001 814213.72499999998 2.7775422500000002 1.5000000000000002 6.0050000000000008 0.7489165000000001 -405620.9499999999 17.412964000000006 725723.55000000016 1.0000000180025095e-35 1.7961120500000003 4.4606061500000012 2.9110564500000002 5.868333333333335 0.042689434487524394 5.5100000000000007 3.2737579180000003 20.901168500000004 9.0150000000000059 8.099045000000002 2.3830417500000007 15.656666666666675 2.9959564500000004 15.085000000000003 2.0084531500000002 10.025 12.045000000000002 15.035000000000002
decision_type=2 2 2 2 2 2 2 2 2 2 2 2 2 2 2 2 2 2 2 2 2 2 2 2 2 2 2 2 2 2
left_child=1 -1 3 7 5 6 -5 -3 9 10 -9 12 -10 -14 -15 16 -13 -18 -16 -11 -7 22 23 29 -25 -26 27 -23 -4 -17
right_child=-2 2 28 4 -6 20 -8 8 11 19 -12 15 13 14 18 21 17 -19 -20 -21 -22 26 -24 24 25 -27 -28 -29 -30 -31
leaf_value=0.059971700061023953 -0.014746302406105064 0.0032152714277978224 0.12079921719967389 -0.060641896538436414 0.058748827469535171 -0.12960827854340493 0.046058730061419986 0.0059215451682464899 0.089059932557521038 -0.11815049266070128 0.074212283441118271 0.0018813368802269301 -0.022477600826165935 0.0096731904370244599 0.18522456213831903 0.0031757979852034511 -0.10042205876932386 -0.007847944760649669 0.052920723035931587 -0.015666966807718077 -0.039383615494324745 -0.088134839069662685 -0.036323599176577313 -0.024739583857871339 0.072758355075493455 0.20077739574015141 0.0097520528652470725 -0.0065558306363973241 0.022830195802103992 -0.029012229687628063
leaf_weight=84 889 8729 20 30 40 23 66 82 54 25 129 60 281 302 20 330 89 41 25 51 220 33 563 58 60 20 850 1339 99 283
leaf_count=84 889 8729 20 30 40 23 66 82 54 25 129 60 281 302 20 330 89 41 25 51 220 33 563 58 60 20 850 1339 99 283
internal_value=-0.000259601 0.000659911 0.000302046 -3.41291e-05 -0.0213056 -0.0307515 0.0127148 0.000566428 -0.00435833 0.0219727 0.0476728 -0.00607272 0.00944552 0.00259969 0.0229072 -0.00891315 -0.0481392 -0.0712256 0.111722 -0.0493787 -0.0479234 -0.00680541 -0.0157279 -0.000288008 0.0503344 0.104763 -0.00152901 -0.00851801 0.0392956 -0.0116843
internal_weight=14895 14006 13922 13803 379 339 96 13424 4695 287 211 4408 682 628 347 3726 190 130 45 76 243 3536 1314 751 138 80 2222 1372 119 613
internal_count=14895 14006 13922 13803 379 339 96 13424 4695 287 211 4408 682 628 347 3726 190 130 45 76 243 3536 1314 751 138 80 2222 1372 119 613
is_linear=0
shrinkage=0.05


Tree=84
num_leaves=31
num_cat=0
split_feature=0 12 9 9 14 9 1 11 1 7 7 14 0 11 12 9 2 7 0 7 9 7 14 14 12 9 13 2 7 11
split_gain=97.3143 85.5729 101.838 104.488 81.6506 80.66 94.9231 91.3487 126.641 86.8199 111.898 149.861 101.39 119.266 92.0107 249.337 117.474 100.309 79.6323 75.3173 102.808 77.1769 109.056 121.522 117.353 99.7715 153.89 142.852 115.508 93.3329
threshold=25.500000000000004 3865.6000000000017 18.468765500000003 7.3061829000000005 6.9350000000000014 13.082046500000002 7.2366666666666672 2.3830417500000007 17.680000000000003 1.0000000180025095e-35 5.5000000000000009 9.4550000000000018 12.500000000000002 1.3955843500000007 -218926.14999999994 8.5767060000000033 12.615 2.5000000000000004 46.500000000000007 1.5000000000000002 25.735733000000003 5.5000000000000009 1.0000000180025095e-35 7.7950000000000008 -144262.64999999997 25.735733000000003 19.945000000000004 10.865 2.5000000000000004 -4.4646299999999988
decision_type=2 2 2 2 2 2 2 2 2 2 2 2 2 2 2 2 2 2 2 2 2 2 2 2 2 2 2 2 2 2
left_child=1 5 3 4 -3 7 -7 8 9 12 11 14 -1 -14 15 17 -17 -11 19 20 -2 22 24 -24 25 26 27 -21 -27 -29
right_child=18 2 -4 -5 -6 6 -8 -9 -10 10 -12 -13 13 -15 -16 16 -18 -19 -20 21 -22 -23 23 -25 -26 28 -28 29 -30 -31
leaf_value=-0.031831782684475847 0.0087572419231276063 0.0064712839583983012 0.0019475080209045575 -0.032712813781640558 -0.048969179976265875 -0.028627037104404618 -0.0033113053253102224 -0.013546708374473117 0.068075645715203678 0.02944641728885472 -0.016863159279960828 0.057144616489669169 0.00021273921627671191 0.13117266462151228 0.0063640874523152886 0.17964012846350672 0.058742483577656525 -0.090381365029081229 -0.020568262618840816 0.12252417066031032 0.041044445263145317 0.014865664867851095 -0.054434756045728665 -0.0076215794552933818 -0.00063317421277905904 -0.11514420245463651 0.14540165609890415 -0.068201093979436786 0.019198882878602795 0.026480336433760528
leaf_weight=281 1584 391 725 788 80 442 2282 599 85 40 334 186 101 21 1600 32 54 31 311 36 292 921 168 793 2332 24 31 29 48 254
leaf_count=281 1584 391 725 788 80 442 2282 599 85 40 334 186 101 21 1600 32 54 31 311 36 292 921 168 793 2332 24 31 29 48 254
internal_value=-0.000246621 -0.00396227 -0.0129804 -0.0215766 -0.00294536 -0.0010234 -0.00741907 0.0041555 0.00799044 0.00608475 0.00987078 0.0144663 -0.0153067 0.022755 0.00994829 0.0464752 0.103728 -0.0228728 0.00414921 0.00532967 0.0137828 0.00190905 -0.00130308 -0.0158054 0.00375745 0.0280203 0.0390471 0.0287117 -0.0255821 0.016778
internal_weight=14895 8072 1984 1259 471 6088 2724 3364 2765 2680 2277 1943 403 122 1757 157 86 71 6823 6512 1876 4636 3715 961 2754 422 350 319 72 283
internal_count=14895 8072 1984 1259 471 6088 2724 3364 2765 2680 2277 1943 403 122 1757 157 86 71 6823 6512 1876 4636 3715 961 2754 422 350 319 72 283
is_linear=0
shrinkage=0.05


Tree=85
num_leaves=31
num_cat=0
split_feature=0 10 0 10 2 1 13 3 11 12 9 10 10 1 9 1 13 3 9 10 13 11 12 7 2 9 3 2 9 12
split_gain=81.1153 113.79 86.5024 110.885 243.792 117.381 89.8505 77.4942 148.001 72.2669 110.344 219.688 127.31 207.652 113.599 82.2813 80.2908 71.9706 70.4769 67.9712 66.1056 92.8987 111.283 85.5175 103.993 76.9597 63.9851 62.6484 59.16 60.2272
threshold=32.500000000000007 100292.65800000001 35.500000000000007 1226413.2000000004 13.425000000000002 19.983333333333338 18.385000000000002 10.995000000000003 -4.1019594999999986 -812662.34999999998 14.685714500000001 1202868.5500000003 609439.62500000012 10.013333333333334 8.5767060000000033 5.118333333333335 6.0050000000000008 42.885000000000012 1.6681213000000004 577905.83000000019 17.030000000000005 -1.4082336499999999 -275843.24999999994 2.5000000000000004 11.665000000000001 9.9526370000000011 12.795000000000002 20.975000000000005 27.861908000000003 -313789.27499999997
decision_type=2 2 2 2 2 2 2 2 2 2 2 2 2 2 2 2 2 2 2 2 2 2 2 2 2 2 2 2 2 2
left_child=7 18 3 6 5 -5 19 8 -1 10 11 14 13 -12 -9 17 -13 -11 -2 -3 -17 25 -23 26 -25 -22 -24 -14 29 -10
right_child=1 2 -4 4 -6 -7 -8 9 28 15 12 16 27 -15 -16 20 -18 -19 -20 -21 21 22 23 24 -26 -27 -28 -29 -30 -31
leaf_value=0.14250588989594865 0.022928950482463812 -0.010569385134094344 0.036947682059705979 0.068607024548034509 0.0034931884645002676 0.21768738415254202 -0.042689654150011913 -0.072243951424024996 0.060130762944704499 -0.025773616293589621 0.0005164902721499575 0.06495642545991219 -0.014879900985007181 0.18401320810828892 0.036258644037594906 -0.0029018636497022909 0.18596007597857511 0.04593296140633725 -0.0018351138172987614 0.026267775676028449 -0.14510352707692181 -0.11149514288856432 0.080755567990052401 -0.12476498459776242 -0.0085203764026446898 -0.029637862684866113 0.0014279035749296622 -0.097939274689325923 -0.05201224555762915 0.0072664080501446812
leaf_weight=21 317 254 413 31 116 23 108 32 58 645 58 26 179 21 98 7851 29 37 3067 247 27 26 39 24 97 31 73 26 39 758
leaf_count=21 317 254 413 31 116 23 108 32 58 645 58 26 179 21 98 7851 29 37 3067 247 27 26 39 24 97 31 73 26 39 758
internal_value=-0.000366319 0.00516421 0.018449 0.00864168 0.0443461 0.132104 -0.00132507 -0.00284868 0.0113695 -0.00418521 0.0149415 0.0449905 -0.00463271 0.0492941 0.00955031 -0.00519882 0.128758 -0.0218834 0.000484688 0.00759185 -0.00380572 -0.0261911 -0.0133823 -0.00243404 -0.0315772 -0.0833891 0.0290509 -0.0254143 0.00814859 0.0110239
internal_weight=14771 4576 1192 779 170 54 609 10195 876 9319 469 185 284 79 130 8850 55 682 3384 501 8168 317 259 233 121 58 112 205 855 816
internal_count=14771 4576 1192 779 170 54 609 10195 876 9319 469 185 284 79 130 8850 55 682 3384 501 8168 317 259 233 121 58 112 205 855 816
is_linear=0
shrinkage=0.05


Tree=86
num_leaves=31
num_cat=0
split_feature=3 11 0 10 13 2 4 2 11 13 10 1 11 14 13 4 9 2 13 11 5 4 3 10 9 11 10 1 9 11
split_gain=74.5961 162.687 76.233 147.299 87.3672 83.2893 72.0811 69.0923 69.3683 63.5397 70.5464 142.648 61.6725 71.9485 60.6309 61.8929 58.6742 64.9924 64.8365 83.4334 121.467 114.387 108.702 82.3832 97.1066 76.6333 67.6282 68.597 58.6679 69.2244
threshold=11.275 -4.29769925 34.500000000000007 100292.65800000001 27.005000000000006 12.795000000000002 1.2200000000000017 10.705000000000002 -0.22352550000000002 6.0050000000000008 44757.720000000008 11.200000000000003 -0.1880492 14.850000000000001 11.425000000000002 -3.7400000000000007 -1.3299865499999999 11.825000000000001 16.895000000000003 -1.4082336499999999 0.084210534153666208 -2.9399999999999999 11.825000000000001 440861.09500000003 27.511566500000004 -2.2836299999999983 1041661.0800000002 19.751666666666669 25.925461000000002 1.5184630000000017
decision_type=2 2 2 2 2 2 2 2 2 2 2 2 2 2 2 2 2 2 2 2 2 2 2 2 2 2 2 2 2 2
left_child=1 -1 4 6 9 -6 7 -4 -9 10 12 -12 13 -2 15 -5 17 -11 28 21 26 -20 -22 -24 -25 -23 -21 -28 -18 -30
right_child=2 -3 3 14 5 -7 -8 8 -10 16 11 -13 -14 -15 -16 -17 18 -19 19 20 22 25 23 24 -26 -27 27 -29 29 -31
leaf_value=0.13707293342798949 0.0098283811237359821 0.0083615725513901274 -0.075020360975311354 0.13210508473217489 0.14097078174352648 0.010096668440007395 -0.0097323948985847709 0.016982341796275297 -0.0014414906104600618 0.11794391695410014 -0.0094315365031764839 -0.044339769877782882 -0.0083942548965030908 0.09254642115307174 0.014270395104382442 0.040072789919337534 -0.001619590691605118 0.016642589047612427 0.019919251018048575 -0.021236892208634391 -0.15698792144656182 -0.038020424209535122 0.041592843393827308 -0.1224337274208665 -0.0027258693964944945 -0.165242592271032 0.018777871329317956 0.11491620657236681 0.025767727928960805 -0.056127143072496569
leaf_weight=25 430 1365 26 20 20 31 1124 943 1115 20 2064 341 751 28 313 211 5118 76 24 84 20 20 29 32 36 29 96 23 329 28
leaf_count=25 430 1365 26 20 20 31 1124 943 1115 20 2064 341 751 28 313 211 5118 76 24 84 20 20 29 32 36 29 96 23 329 28
internal_value=-0.000348003 0.0106765 -0.00149322 0.00455262 -0.00384901 0.0614199 0.000472988 0.00597723 0.00700053 -0.00419655 -0.00942809 -0.0143811 0.000424664 0.0148854 0.0286105 0.048041 -0.0010264 0.037747 -0.00166073 -0.0212776 -0.0102741 -0.0695121 -0.0508511 -0.0289672 -0.059059 -0.113315 0.0131126 0.0373592 -0.000252611 0.0193446
internal_weight=14771 1390 13381 3752 9629 51 3208 2084 2058 9578 3614 2405 1209 458 544 231 5964 96 5868 393 320 73 117 97 68 49 203 119 5475 357
internal_count=14771 1390 13381 3752 9629 51 3208 2084 2058 9578 3614 2405 1209 458 544 231 5964 96 5868 393 320 73 117 97 68 49 203 119 5475 357
is_linear=0
shrinkage=0.05


Tree=87
num_leaves=31
num_cat=0
split_feature=0 10 5 10 1 0 13 13 0 1 12 3 7 12 10 7 1 7 4 0 12 7 1 11 11 3 10 3 13 1
split_gain=67.9876 100.348 109.607 139.728 130.193 104.774 118.082 65.4769 117.333 134.596 103.721 104.609 94.6885 77.239 87.2813 111.698 73.8155 67.6244 62.73 62.589 60.7764 58.3802 118.072 109.432 218.571 54.3689 172.843 52.5231 51.7305 117.082
threshold=32.500000000000007 545361.25000000012 0.070249389049877944 1226413.2000000004 19.983333333333338 35.500000000000007 18.485000000000003 6.0050000000000008 14.500000000000002 11.551666666666668 -139257.62499999985 10.505000000000001 2.5000000000000004 -1479244.7549999999 1829183.0000000002 2.5000000000000004 9.5583333333333389 2.5000000000000004 1.2200000000000017 24.500000000000004 -162600.37999999995 5.5000000000000009 10.365000000000002 1.8495030000000015 1.1157384999999993 11.715000000000002 1356354.7000000002 12.115 24.495000000000001 19.751666666666669
decision_type=2 2 2 2 2 2 2 2 2 2 2 2 2 2 2 2 2 2 2 2 2 2 2 2 2 2 2 2 2 2
left_child=7 18 -3 5 -5 6 20 8 21 -10 11 12 -9 19 25 -16 -17 28 -2 -13 -4 22 -1 24 -24 26 -15 -27 29 -12
right_child=1 2 3 4 -6 -7 -8 10 9 -11 17 13 -14 14 15 16 -18 -19 -20 -21 -22 -23 23 -25 -26 27 -28 -29 -30 -31
leaf_value=-0.0023295881957185178 0.0065692976658404166 0.0060393793435312461 -0.02382244471460581 0.053766509971103153 0.19976424110623509 0.098381198132410641 -0.043091476443987635 0.029701207943937998 -0.010253980916134633 -0.045944442800428795 0.0021083354819979735 0.12165386733357553 0.14135613287959634 0.0098078559229119889 0.0097921896393277832 0.17015010139771872 0.05278279476018774 -0.0088672766332443028 -0.006514087984807417 0.018285371642559767 0.078739697142289233 -0.0086208520262463281 0.031576370546041288 -0.016452216978589267 0.16238855213711137 0.075306803107261663 -0.14024602877242226 0.0014364077463365999 -0.077657751534134151 0.10866839233785869
leaf_weight=576 2569 344 20 37 26 40 64 55 1932 306 3014 27 29 61 112 21 37 2291 1424 32 52 647 200 76 38 25 28 642 20 26
leaf_count=576 2569 344 20 37 26 40 64 55 1932 306 3014 27 29 61 112 21 37 2291 1424 32 52 647 200 76 38 25 28 642 20 26
internal_value=-0.000330603 0.00473266 0.0241101 0.0501198 0.11402 0.0272466 0.00632471 -0.00260324 -0.00782876 -0.0151339 0.000469404 0.0146883 0.0682487 0.0101207 0.00658647 0.0389579 0.0952779 -0.00237118 0.00190345 0.0655896 0.0502502 0.00280816 0.0111167 0.0357824 0.0524623 -0.000692812 -0.0374001 0.00420516 0.0024924 0.0030197
internal_weight=14771 4576 583 239 63 176 136 10195 3775 2238 6420 1069 84 985 926 170 58 5351 3993 59 72 1537 890 314 238 756 89 667 3060 3040
internal_count=14771 4576 583 239 63 176 136 10195 3775 2238 6420 1069 84 985 926 170 58 5351 3993 59 72 1537 890 314 238 756 89 667 3060 3040
is_linear=0
shrinkage=0.05


Tree=88
num_leaves=31
num_cat=0
split_feature=3 11 0 1 12 7 13 9 7 9 11 13 11 1 13 2 9 11 13 12 3 4 7 14 9 10 11 4 12 11
split_gain=64.2817 144.752 65.6877 68.9918 79.4836 94.3014 61.6505 108.641 56.4521 84.1729 62.4329 66.2493 59.9589 60.9529 111.04 92.2895 56.5723 56.3239 58.4128 56.7526 56.1637 53.3618 52.6027 115.285 85.8786 65.5245 51.8393 52.8769 120.432 100.756
threshold=11.275 -4.29769925 25.500000000000004 4.3333333333333348 -1479244.7549999999 3.5000000000000004 17.735000000000003 7.7821197500000006 1.5000000000000002 25.827255000000005 0.8218382000000003 19.675000000000004 -7.9961698599999993 12.586666666666671 12.915000000000001 11.435 21.685455000000001 -0.25625599999999954 15.435 -18144.577000000088 17.325000000000003 -2.7650000000000001 5.5000000000000009 15.335000000000003 13.189575000000001 1341524.3500000003 5.3869781500000009 -1.45 -837491.48999999987 -0.39488249999999775
decision_type=2 2 2 2 2 2 2 2 2 2 2 2 2 2 2 2 2 2 2 2 2 2 2 2 2 2 2 2 2 2
left_child=1 -1 3 20 5 -5 -6 -8 9 12 11 17 -4 14 -14 -15 -16 18 -11 -19 -2 -21 26 24 25 -24 27 28 -10 -30
right_child=2 -3 8 4 6 -7 7 -9 22 10 -12 -13 13 15 16 -17 -18 19 -20 21 -22 -23 23 -25 -26 -27 -28 -29 29 -31
leaf_value=0.12914589214324954 -0.10499914011784964 0.0077363041356600815 0.082428265787661076 0.13370039356143579 -0.0034451692021629575 -0.0052873399610129691 0.039814268250484022 -0.088409519427508687 0.075880698226392276 0.11840115445666016 -0.012795230843648267 0.13006663247942926 0.0059067761848348409 -0.044606085378262737 -0.025574227365394754 0.031927144876975989 -0.11214890231688818 -0.051110243133228761 0.011827055104076863 0.089835638554077668 -0.020833159545858633 0.0080701551599694152 -0.0036022130541875693 0.080607627346007918 0.019125489423814136 -0.061423112334389442 -0.080076684430241588 -0.0067170404881289518 0.022631271804680275 -0.012798449277629957
leaf_weight=25 21 1365 25 23 6636 26 24 53 60 36 49 23 991 45 186 316 21 23 20 31 353 56 349 54 508 57 22 2555 353 465
leaf_count=25 21 1365 25 23 6636 26 24 53 60 36 49 23 991 45 186 316 21 23 20 31 353 56 349 54 508 57 22 2555 353 465
internal_value=-0.000314073 0.00991993 -0.00137717 -0.00465439 -0.00349818 0.0599518 -0.00396131 -0.0484437 0.00236764 0.00977439 0.0374994 0.0505387 0.00560864 0.00437677 -0.00105035 0.022387 -0.0343572 0.0395198 0.080339 0.0187391 -0.0255591 0.037205 -0.000683485 0.00961805 0.00542392 -0.0117199 -0.0035697 -0.00307942 0.00750615 0.0024909
internal_weight=14771 1390 13381 7136 6762 49 6713 77 6245 1822 238 189 1584 1559 1198 361 207 166 56 110 374 87 4423 968 914 406 3455 3433 878 818
internal_count=14771 1390 13381 7136 6762 49 6713 77 6245 1822 238 189 1584 1559 1198 361 207 166 56 110 374 87 4423 968 914 406 3455 3433 878 818
is_linear=0
shrinkage=0.05


Tree=89
num_leaves=31
num_cat=0
split_feature=11 7 5 10 10 9 11 11 3 5 10 14 9 12 12 1 12 9 1 9 9 9 1 4 1 11 0 13 7 7
split_gain=59.3112 106.247 94.6043 91.0418 80.8021 81.1426 122.826 122.718 107.601 102.433 100.701 95.0298 158.909 121.28 82.4341 75.0927 73.6288 72.8313 72.5895 73.3928 69.3935 109.476 94.3568 69.2464 67.489 66.0983 106.751 61.9076 56.5693 147.24
threshold=0.7489165000000001 1.0000000180025095e-35 0.034849276721119524 13.381818000000001 2596023.8500000006 8.1645660000000024 2.1702881000000005 2.3830417500000007 11.195000000000002 0.10055305703567737 909041.65000000014 7.7650000000000006 20.901168500000004 23795.779499999979 155567.90500000006 7.7266666666666666 814213.72499999998 25.014801000000002 12.586666666666671 9.6042630000000013 2.9959564500000004 3.5610504000000005 17.321666666666669 4.0550000000000006 4.3333333333333348 1.6600034999999986 27.500000000000004 19.535000000000004 2.5000000000000004 1.0000000180025095e-35
decision_type=2 2 2 2 2 2 2 2 2 2 2 2 2 2 2 2 2 2 2 2 2 2 2 2 2 2 2 2 2 2
left_child=2 3 -1 18 5 7 9 8 20 10 15 23 13 -13 -9 -7 28 -5 -2 -20 -3 -22 -23 25 -18 -12 -27 -8 29 -4
right_child=1 4 16 17 -6 6 27 14 -10 -11 11 12 -14 -15 -16 -17 24 -19 19 -21 21 22 -24 -25 -26 26 -28 -29 -30 -31
leaf_value=-0.016231113743353284 -0.018345758814442281 -0.012948088041217677 -0.0058507251433226656 0.040738081079994368 -0.034746751199378582 -0.030840632122862241 0.010404968066148554 -0.038598825350713954 -0.012553487297352721 -0.078804681727699208 -0.013023541819204315 -0.22869230479002001 -0.017204801826220421 -0.067482567578554156 0.018254359671846031 0.006068183531637017 -0.10779797574081883 -0.0048874970424355423 0.079827144309612255 -0.031285856530556211 0.15445254297757693 -0.0020853927987975192 0.10460970611621936 0.026585776610299944 -0.015709017908039431 -0.022408992869824899 -0.15893735135482118 0.07805315671488644 0.00054178801029685405 0.015293164957045954
leaf_weight=659 270 58 1198 309 257 159 1003 557 590 51 261 20 72 28 72 1034 22 122 42 23 22 67 30 85 208 41 22 35 4821 2633
leaf_count=659 270 58 1198 309 257 159 1003 557 590 51 261 20 72 28 72 1034 22 122 42 23 22 67 30 85 208 41 22 35 4821 2633
internal_value=-0.000298369 -0.00457774 0.00204741 0.0126261 -0.00752983 -0.00586719 -0.000973675 -0.0157208 -0.00229599 -0.0089707 -0.00690244 -0.0250602 -0.0641842 -0.134653 -0.032091 0.00114907 0.00340359 0.0278232 -0.00692594 0.0405102 0.0318957 0.0537523 0.0309131 -0.0135813 -0.0245175 -0.0241189 -0.0700856 0.012686 0.00414583 0.00868121
internal_weight=14771 5230 9541 766 4464 4207 2811 1396 767 1773 1722 529 120 48 629 1193 8882 431 335 65 177 119 97 409 230 324 63 1038 8652 3831
internal_count=14771 5230 9541 766 4464 4207 2811 1396 767 1773 1722 529 120 48 629 1193 8882 431 335 65 177 119 97 409 230 324 63 1038 8652 3831
is_linear=0
shrinkage=0.05


Tree=90
num_leaves=31
num_cat=0
split_feature=9 9 13 2 11 7 11 12 12 13 11 11 13 13 3 5 11 9 12 12 7 10 4 3 12 11 5 9 13 4
split_gain=80.5173 71.6786 76.896 102.173 71.5352 70.1152 85.1383 78.9778 76.1421 154.133 94.076 87.118 117.904 72.4421 115.257 93.5019 69.5557 139.47 68.9273 67.9054 65.8456 52.0435 150.973 64.1442 58.9796 58.046 68.1963 76.0587 133.06 79.9035
threshold=25.546234000000002 0.89617920000000006 27.005000000000006 14.975000000000003 1.6939394700000003 1.5000000000000002 -1.7342835999999993 -702842.73499999987 -101267.21499999997 20.125000000000004 -0.37228415000000098 -1.5513304999999995 15.265000000000002 23.055000000000003 9.8650000000000002 0.095011888899718414 -6.4830321999999994 5.9792786500000004 709310.59000000008 297840.85500000004 1.0000000180025095e-35 2642239.6000000006 -1.6199999999999981 8.1350000000000033 112356.05 -1.9353335000000012 0.03826286582507387 20.197601500000005 3.0050000000000003 5.1600000000000001
decision_type=2 2 2 2 2 2 2 2 2 2 2 2 2 2 2 2 2 2 2 2 2 2 2 2 2 2 2 2 2 2
left_child=1 4 16 -4 -1 8 -7 -8 11 10 -10 -2 -13 14 -9 -16 17 -3 -5 -12 -6 23 24 -18 -23 -24 -27 29 -29 -28
right_child=5 2 3 18 20 6 7 13 9 -11 19 12 -14 -15 15 -17 21 -19 -20 -21 -22 22 25 -25 -26 26 27 28 -30 -31
leaf_value=0.0076181688821265296 0.090877342915628101 0.0090673719094844455 0.092409968714476862 -0.080922412313520917 0.12014615458901973 -0.094183869198472658 -0.086390891314848617 0.094684332991257697 0.097578753211668562 0.14012465842745522 0.0093637145691172919 0.02166534435219955 -0.076977562007528769 -0.049023791861340954 0.0097574577469267815 -0.083044546536569092 0.044325667818727564 0.15313132483334768 0.050347662456333646 0.07978538108201555 0.025621084138301428 0.084867923392448585 0.03839335863788923 -0.0026907129870130924 0.0046922267541105369 -0.017271806707140059 -0.14351929627979795 -0.10167899202675588 0.044817727179296558 -0.04417630047670433
leaf_weight=882 20 84 49 20 27 22 23 39 42 33 280 69 54 54 886 28 73 21 20 39 58 32 21 11602 81 104 48 31 31 35
leaf_count=882 20 84 49 20 27 22 23 39 42 33 280 69 54 54 886 28 73 21 20 39 58 32 21 11602 81 104 48 31 31 35
internal_value=1.26387e-05 -0.00126565 -0.00230002 0.0440067 0.0118399 0.0106468 0.0031428 0.00522163 0.0253474 0.0366901 0.0272348 -0.00590442 -0.0216413 0.00731407 0.0105063 0.00691451 -0.00263886 0.0378802 -0.0152874 0.0179733 0.0556467 -0.00299169 -0.0211278 -0.00239673 0.0273968 -0.0414363 -0.0481689 -0.0703296 -0.0284306 -0.101628
internal_weight=14808 13219 12252 89 967 1589 1052 1030 537 394 361 143 123 1007 953 914 12163 105 40 319 85 12058 383 11675 113 270 249 145 62 83
internal_count=14808 13219 12252 89 967 1589 1052 1030 537 394 361 143 123 1007 953 914 12163 105 40 319 85 12058 383 11675 113 270 249 145 62 83
is_linear=0
shrinkage=0.05


Tree=91
num_leaves=31
num_cat=0
split_feature=0 0 9 11 11 3 10 12 11 0 11 0 2 3 2 7 1 11 13 12 11 7 12 2 3 14 3 1 3 9
split_gain=76.7503 89.1205 78.259 260.016 96.6284 93.4636 86.347 117.033 154.502 103.252 98.2536 145.787 162.852 144.277 91.792 164.006 143.473 141.526 79.7027 101.384 69.8531 68.61 77.8432 62.8266 68.6435 60.0101 57.6532 56.8684 93.3452 73.3781
threshold=25.500000000000004 46.500000000000007 19.989151000000003 -3.3791195000000003 2.58351145 19.365000000000006 647442.43000000017 -52564.970000000008 -0.30068949999999889 35.500000000000007 -0.56401064499999964 32.500000000000007 11.945000000000002 10.405000000000003 11.765000000000002 3.5000000000000004 19.261666666666667 -0.075225499999998377 27.005000000000006 370590.01500000007 0.7489165000000001 5.5000000000000009 259.29689999999988 12.445000000000002 11.715000000000002 8.5550000000000015 15.915000000000001 16.913333333333341 11.195000000000002 2.1666717500000003
decision_type=2 2 2 2 2 2 2 2 2 2 2 2 2 2 2 2 2 2 2 2 2 2 2 2 2 2 2 2 2 2
left_child=-1 2 18 -4 6 -6 7 8 -5 10 11 23 -13 -12 17 16 26 -15 19 27 -19 -9 -23 24 -8 -21 -16 29 -29 -2
right_child=1 -3 3 4 5 -7 9 21 -10 -11 13 12 -14 14 15 -17 -18 20 -20 25 -22 22 -24 -25 -26 -27 -28 28 -30 -31
leaf_value=-0.0032911043153989678 0.019021421817628587 -0.022476913869160526 0.19279994826763869 -0.10977706683905059 0.016996372957794888 0.16478685677051544 0.039621888776309788 -0.00060509167268584115 0.01861454419614304 0.12119422753900289 -0.072937184479087591 0.2290795346988099 0.04020820212364197 -0.099352775365114221 0.073682987551998216 0.0015483701247647865 0.16362086505597007 0.04128767080483553 0.084131107562831764 -0.017626564466362734 -0.040497612793530736 0.0218122128612739 0.12609728315756435 0.049658118554011539 -0.063154790482737796 -0.089142250904114928 0.015225343289652797 -0.019493400781059898 0.039477706321464912 -0.0012931058391283728
leaf_weight=8039 516 305 20 53 23 20 32 766 42 25 50 21 25 40 81 283 29 69 29 352 42 121 21 108 33 32 88 93 241 3209
leaf_count=8039 516 305 20 53 23 20 32 766 42 25 50 21 25 40 81 283 29 69 29 352 42 121 21 108 33 32 88 93 241 3209
internal_value=1.20068e-05 0.00393485 0.00518107 0.0134242 0.011605 0.0857361 0.0099525 -0.000211917 -0.0530145 0.0209621 0.018181 0.0473185 0.126432 0.00882452 0.015293 0.0259695 0.0608745 -0.0187163 0.00150926 0.000969979 0.0103419 0.00531258 0.0372347 0.0262825 -0.012557 -0.0235862 0.0432435 0.00329311 0.0230576 0.00152093
internal_weight=14808 6769 6464 1992 1972 43 1929 1003 95 926 901 219 46 682 632 481 198 151 4472 4443 111 908 142 173 65 384 169 4059 334 3725
internal_count=14808 6769 6464 1992 1972 43 1929 1003 95 926 901 219 46 682 632 481 198 151 4472 4443 111 908 142 173 65 384 169 4059 334 3725
is_linear=0
shrinkage=0.05


Tree=92
num_leaves=31
num_cat=0
split_feature=0 0 9 11 12 10 10 12 0 12 2 11 3 11 1 11 13 12 11 3 11 13 11 9 4 12 2 0 9 11
split_gain=69.2672 80.4313 70.6287 234.664 89.5346 115.036 93.2761 149.674 150.041 104.34 82.765 87.0057 73.5987 124.211 129.498 71.9445 71.9317 91.4992 69.4784 163.037 101.807 89.4411 88.0433 59.9365 58.0192 55.5761 87.935 99.6918 72.1779 111.309
threshold=25.500000000000004 46.500000000000007 19.989151000000003 -3.3791195000000003 107915.60000000011 1475354.2000000002 1750020.8000000003 54584.850000000042 31.500000000000004 -34780.414999999994 10.615 2.429504000000001 13.515000000000002 0.17297350000000125 16.661666666666669 -0.25625599999999954 27.005000000000006 370590.01500000007 -1.6596526499999997 17.575000000000003 0.090163999999999703 8.4050000000000029 -0.49180605000000049 25.472366500000003 0.73499999999999954 1722.9574999999998 26.745000000000001 18.500000000000004 13.082046500000002 2.3830417500000007
decision_type=2 2 2 2 2 2 2 2 2 2 2 2 2 2 2 2 2 2 2 2 2 2 2 2 2 2 2 2 2 2
left_child=25 2 16 -4 6 -6 9 8 12 18 -11 -12 13 14 -8 -14 17 -2 19 -5 21 -20 23 -23 -25 26 28 -28 29 -1
right_child=1 -3 3 4 5 -7 7 -9 -10 10 11 -13 15 -15 -16 -17 -18 -19 20 -21 -22 22 -24 24 -26 -27 27 -29 -30 -31
leaf_value=0.009372908277841166 0.0031284508768070402 -0.021353068206589058 0.1831599551346153 0.12227243756254513 0.071565629948599968 0.012785011767497786 0.089663485522297304 -0.06112662240078575 0.16705285083988441 0.08625642334985914 0.0034340334885886027 0.10635125537713369 0.078144044205546381 0.17113003280352465 -0.046430018775422001 -0.0094705506682147885 0.079924553530772449 -0.022406894854824111 0.017776695394422861 -0.071021602973341952 -0.002827277387234759 -0.11192577501823163 -0.14947472219081487 -0.062558922500294808 0.044765477664768696 -0.010348190408354083 -0.11589160134248876 -0.013875982876763577 -0.0060224287123502532 -0.014727661168537427
leaf_weight=2688 4059 305 20 24 128 238 44 38 23 33 929 21 30 22 29 107 29 384 28 20 141 29 34 34 20 2001 34 81 2652 583
leaf_count=2688 4059 305 20 24 128 238 44 38 23 33 929 21 30 22 29 107 29 384 28 20 141 29 34 34 20 2001 34 81 2652 583
internal_value=1.14064e-05 0.00373811 0.00492202 0.012753 0.0110247 0.0333422 0.00593869 0.031447 0.0452422 0.000246444 0.00841308 0.00570905 0.0331662 0.0669851 0.0355989 0.00971513 0.0014338 0.00092148 -0.0240802 0.0344115 -0.033079 -0.0624961 -0.0817067 -0.0539463 -0.0228091 -0.00312655 -0.000733289 -0.0440371 0.000107491 0.00507739
internal_weight=14808 6769 6464 1992 1972 366 1606 293 255 1313 983 950 232 95 73 137 4472 4443 330 44 286 145 117 83 54 8039 6038 115 5923 3271
internal_count=14808 6769 6464 1992 1972 366 1606 293 255 1313 983 950 232 95 73 137 4472 4443 330 44 286 145 117 83 54 8039 6038 115 5923 3271
is_linear=0
shrinkage=0.05


Tree=93
num_leaves=31
num_cat=0
split_feature=9 14 7 11 11 12 13 11 11 13 12 13 9 12 13 5 3 3 1 7 10 11 10 10 12 4 11 11 9 13
split_gain=66.3336 71.9172 75.4231 73.7609 65.6805 64.2264 132.182 83.6947 70.3018 99.1354 62.1724 63.5895 61.326 59.7149 56.3658 58.4665 55.9204 51.7418 49.3614 88.9426 108.046 70.663 51.1798 75.0758 99.9989 58.9893 72.1587 50.9946 140.828 45.3097
threshold=25.546234000000002 16.135000000000002 1.5000000000000002 -1.7342835999999993 -1.4082336499999999 -101267.21499999997 20.125000000000004 -0.37228415000000098 -1.5513304999999995 15.265000000000002 -702842.73499999987 23.055000000000003 -0.53868103499999986 297840.85500000004 20.270000000000007 0.095011888899718414 8.1350000000000033 10.505000000000001 16.913333333333341 3.5000000000000004 993324.60000000021 0.41387950000000201 2530562.1000000006 1606945.5500000003 754581.92500000016 2.4000000000000017 3.5216828000000002 -5.8617249269999983 5.9792786500000004 17.515000000000004
decision_type=2 2 2 2 2 2 2 2 2 2 2 2 2 2 2 2 2 2 2 2 2 2 2 2 2 2 2 2 2 2
left_child=12 2 5 -4 -5 8 7 -7 -2 -10 -6 14 -1 -9 15 17 -14 -12 27 22 -21 -22 23 25 -25 26 -20 28 -18 -29
right_child=1 -3 3 4 10 6 -8 13 9 -11 11 -13 16 -15 -16 -17 18 -19 19 20 21 -23 -24 24 -26 -27 -28 29 -30 -31
leaf_value=0.016226706855114053 0.0816326291835867 0.085072728390655217 -0.090356128696690907 0.08969055411095421 -0.080913415502594871 0.091360572273177773 0.12960267122270483 0.0081199635385130302 0.020265718681764775 -0.070185741906364771 0.060016100104188633 -0.051493848824443723 0.039595154929262258 0.074187225951120636 0.07791825286470927 -0.058297250955994875 0.0072434286544050437 0.0030814009204805193 0.033980881975846637 0.00081997636728727615 -0.14168330132961274 -0.023769744402832457 -0.056000344796727101 0.1650326349329026 0.022772740547855694 -0.011356381159813071 -0.046801044245560967 -0.0030210503682752527 0.14537939365421024 -0.034294383182851045
leaf_weight=489 20 31 22 21 23 42 33 278 69 54 42 52 81 39 26 37 152 800 352 242 24 27 21 21 30 130 30 11482 21 117
leaf_count=489 20 31 22 21 23 42 33 278 69 54 42 52 81 39 26 37 152 800 352 242 24 27 21 21 30 130 30 11482 21 117
internal_value=1.08361e-05 0.00966303 0.00816258 0.000206893 0.00219729 0.023375 0.0338385 0.0250356 -0.00530799 -0.0194447 0.000322433 0.00227481 -0.00114941 0.0162481 0.00536428 0.0032182 -0.00181688 0.00592137 -0.00208207 0.00936148 -0.0131186 -0.0792585 0.02064 0.0234987 0.0813503 0.0177362 0.0276368 -0.00293461 0.0240114 -0.00333651
internal_weight=14808 1589 1558 1023 1001 535 392 359 143 123 980 957 13219 317 905 879 12730 842 12649 877 293 51 584 563 51 512 382 11772 173 11599
internal_count=14808 1589 1558 1023 1001 535 392 359 143 123 980 957 13219 317 905 879 12730 842 12649 877 293 51 584 563 51 512 382 11772 173 11599
is_linear=0
shrinkage=0.05


Tree=94
num_leaves=31
num_cat=0
split_feature=0 0 9 11 11 3 10 12 11 0 11 0 0 3 4 2 1 3 9 7 7 12 12 11 1 3 12 9 11 9
split_gain=60.8249 71.7871 60.8601 212.547 81.9339 80.6666 71.7826 95.3401 131.885 87.0854 85.0359 124.872 152.92 123.954 85.2697 218.798 143.696 105.902 93.3909 69.7416 60.7127 66.9027 60.6546 77.261 58.3727 85.7218 72.5669 64.2304 86.7675 135.608
threshold=25.500000000000004 46.500000000000007 19.989151000000003 -3.3791195000000003 2.58351145 19.365000000000006 647442.43000000017 -52564.970000000008 -0.30068949999999889 35.500000000000007 -0.56401064499999964 32.500000000000007 33.500000000000007 10.405000000000003 0.53000000000000036 14.115 19.261666666666667 12.275 27.683044500000005 2.5000000000000004 5.5000000000000009 259.29689999999988 370590.01500000007 3.8404847500000003 16.913333333333341 11.195000000000002 -119857.84999999985 2.1666717500000003 -5.8617249269999983 5.7037964000000008
decision_type=2 2 2 2 2 2 2 2 2 2 2 2 2 2 2 2 2 2 2 2 2 2 2 2 2 2 2 2 2 2
left_child=-1 2 22 -4 6 -6 7 8 -5 10 11 -8 -13 -12 17 16 -16 18 -15 -19 -9 -22 24 -24 27 -26 -27 -2 29 -29
right_child=1 -3 3 4 5 -7 9 20 -10 -11 13 12 -14 14 15 -17 -18 19 -20 -21 21 -23 23 -25 25 26 -28 28 -30 -31
leaf_value=-0.0029302236068101378 0.017745787281111647 -0.020202030235115197 0.17406793520727662 -0.10064573943491956 0.014646963013902956 0.15194752067327499 0.023846064535618328 -0.0011242124325502787 0.017976764128321693 0.11081331688165666 -0.068281019549074701 0.220476895198226 0.036578036242952715 -0.12443228712150207 0.04756282310594212 0.014184572115099351 0.22827865630388261 0.02981058081131778 0.0050376510390868559 -0.015691669032598537 0.020173554725402366 0.11685290173405694 -0.023314587569462752 0.064313394068826552 -0.014917257327054229 0.12800184592959427 0.030740288786465782 -0.0069175074773806123 -0.0022591050642537837 0.16485946327447892
leaf_weight=8039 516 305 20 53 23 20 173 766 42 25 50 20 26 30 22 190 22 192 26 150 121 21 368 27 105 21 221 27 3167 20
leaf_count=8039 516 305 20 53 23 20 173 766 42 25 50 20 26 30 22 190 22 192 26 150 121 21 368 27 105 21 221 27 3167 20
internal_value=1.02943e-05 0.00350251 0.004621 0.0118903 0.0102455 0.0785077 0.00872382 -0.000543804 -0.0482021 0.0187621 0.0162079 0.0433148 0.116534 0.00750355 0.0134992 0.0374512 0.137921 -0.000583187 -0.0643212 0.00985345 0.00444247 0.0344712 0.00138298 -0.0173248 0.00319548 0.0228108 0.0391803 0.00137069 -0.0012583 0.0661791
internal_weight=14808 6769 6464 1992 1972 43 1929 1003 95 926 901 219 46 682 632 234 44 398 56 342 908 142 4472 395 4077 347 242 3730 3214 47
internal_count=14808 6769 6464 1992 1972 43 1929 1003 95 926 901 219 46 682 632 234 44 398 56 342 908 142 4472 395 4077 347 242 3730 3214 47
is_linear=0
shrinkage=0.05


Tree=95
num_leaves=31
num_cat=0
split_feature=0 0 2 12 2 10 1 9 9 11 7 3 0 12 2 9 11 1 7 7 11 0 9 9 9 3 9 11 2 11
split_gain=57.1821 64.7369 71.3011 60.761 70.7305 107.28 88.9957 67.0887 98.0425 109.348 105.767 137.439 64.4404 65.2745 70.4284 62.2633 91.7181 105.3 84.0054 72.501 84.4458 91.3645 71.8866 67.018 63.2924 60.4489 71.5576 68.716 99.0469 65.8291
threshold=25.500000000000004 44.500000000000007 15.915000000000001 12329.576500000092 27.235000000000003 958570.10000000009 4.7050000000000027 18.468765500000003 7.1098940000000015 1.5749049474999994 1.0000000180025095e-35 17.985000000000003 23.500000000000004 -812662.34999999998 10.505000000000001 12.598709000000001 2.3830417500000007 17.680000000000003 1.0000000180025095e-35 1.0000000180025095e-35 1.3955843500000007 11.500000000000002 2.8398742500000007 8.0244750000000007 3.3489074500000005 13.515000000000002 29.556610500000001 -4.4646299999999988 12.505000000000001 2.1368867500000008
decision_type=2 2 2 2 2 2 2 2 2 2 2 2 2 2 2 2 2 2 2 2 2 2 2 2 2 2 2 2 2 2
left_child=3 25 -3 4 12 -6 -7 8 10 -10 11 -5 13 14 -1 16 17 19 23 20 -15 -22 -21 -18 -19 26 27 28 -2 -29
right_child=1 2 -4 7 5 6 -8 -9 9 -11 -12 -13 -14 15 -16 -17 18 24 -20 22 21 -23 -24 -25 -26 -27 -28 29 -30 -31
leaf_value=0.11253637677949409 0.15758366869602469 -0.078177630446319077 -0.0054353803608572747 0.17192668648145629 -0.11298737946678611 -0.066172058235954595 0.037019102816702801 0.0027563674851779976 -0.03640777803751595 0.012099508526341493 -0.0070622916023251993 0.00484225070104003 -0.022154285827443214 -0.020739331967169029 0.019530940843525076 -0.0048545286664339812 0.10868379638894746 0.018082311304240692 -0.020962172919913237 -0.002071222639702833 -0.01600983129659047 0.12505563997070898 0.017842194807180023 0.0015708392232772893 0.10308765537561256 0.0034272705046596674 0.098003598703787886 0.0066512719939356675 0.0054428283935007843 0.039585426647423046
leaf_weight=23 20 35 898 20 34 37 48 658 639 142 369 32 286 339 177 2419 23 41 451 665 24 22 1423 40 47 4670 26 966 23 180
leaf_count=23 20 35 898 20 34 37 48 658 639 142 369 32 286 339 177 2419 23 41 451 665 24 22 1423 40 47 4670 26 966 23 180
internal_value=0.000711578 0.00407211 -0.00816419 -0.00216719 0.000245387 -0.0379245 -0.0078994 -0.0100781 -0.0171039 -0.0275883 0.00234561 0.0691055 0.00100496 0.0021682 0.0302266 0.00114679 0.00586782 0.0097364 -0.0134074 0.00782387 -0.0121134 0.0514563 0.0115 0.0406756 0.0634829 0.00601203 0.0159469 0.0141525 0.076206 0.0118242
internal_weight=14777 6818 933 7959 6099 119 85 1860 1202 781 421 52 5980 5694 200 5494 3075 2561 514 2473 385 46 2088 63 88 5885 1215 1189 43 1146
internal_count=14777 6818 933 7959 6099 119 85 1860 1202 781 421 52 5980 5694 200 5494 3075 2561 514 2473 385 46 2088 63 88 5885 1215 1189 43 1146
is_linear=0
shrinkage=0.05


Tree=96
num_leaves=31
num_cat=0
split_feature=13 0 0 2 12 9 9 7 3 11 2 10 1 0 12 13 9 2 13 9 2 12 2 11 9 11 1 7 9 9
split_gain=60.6201 46.8439 55.7304 64.3492 54.9061 64.6768 96.8612 93.7542 124.038 89.282 62.0573 116.369 77.0282 58.2074 60.648 77.3252 113.51 87.3998 65.4699 124.635 99.0798 57.4988 54.4293 63.9081 53.9984 83.8737 87.9893 81.048 61.646 57.2481
threshold=35.140000000000008 25.500000000000004 44.500000000000007 15.915000000000001 8070.2104999999947 18.468765500000003 7.1098940000000015 1.0000000180025095e-35 17.985000000000003 1.3955843500000007 27.690000000000001 958570.10000000009 5.368333333333335 23.500000000000004 -465222.74500000005 15.005000000000001 12.598709000000001 14.065000000000003 9.0750000000000011 23.678467000000001 11.765000000000002 -60637.425499999925 22.615000000000006 1.6939394700000003 12.169113000000001 2.3830417500000007 17.680000000000003 1.0000000180025095e-35 16.901382500000004 8.0244750000000007
decision_type=2 2 2 2 2 2 2 2 2 2 2 2 2 2 2 2 2 2 2 2 2 2 2 2 2 2 2 2 2 2
left_child=1 4 -3 -4 10 6 7 8 -6 -8 13 -12 -13 14 15 16 17 -1 -18 20 -20 22 23 -15 25 26 -16 29 -26 -27
right_child=-2 2 3 -5 5 -7 9 -9 -10 -11 11 12 -14 21 24 -17 18 -19 19 -21 -22 -23 -24 -25 28 27 -28 -29 -30 -31
leaf_value=0.1409593309987994 0.078469037592411042 0.0054010314587190781 -0.074268747578774177 -0.0051636113131570249 0.16333034899900667 0.0029904436863395362 -0.035184101071216084 -0.0058554595572457629 0.0046001384616829455 0.0061188098238110829 -0.12285097218279183 -0.055976570062339304 0.040973262433406148 -0.012205637207934781 0.007177356600845574 -0.05043497630942833 -0.0057741281605558472 0.037053405867889522 0.16836195106689747 -0.01588613783440939 0.020335331670939923 -0.084279981524741754 0.044729287901094983 -0.094441658755143487 -0.019543715183405044 0.10324960801264514 0.059252114567373483 -0.021468303065436581 -0.00045809453621930624 -0.00016765071413828994
leaf_weight=34 25 5860 35 898 20 676 632 387 32 165 29 40 42 189 2364 34 171 50 26 41 20 32 35 27 553 23 84 420 1801 32
leaf_count=34 25 5860 35 898 20 676 632 387 32 165 29 40 42 189 2364 34 171 50 26 41 20 32 35 27 553 23 84 420 1801 32
internal_value=0.000675999 0.000544164 0.00359395 -0.00775598 -0.00205883 -0.00944428 -0.0162451 0.00261446 0.0656502 -0.0266333 0.000276377 -0.0367645 -0.00631934 0.000969023 0.00207683 0.0214785 0.0286278 0.0791106 0.0121915 0.0475033 0.104003 -0.0211598 -0.0131126 -0.0224851 0.000694416 0.00523337 0.00896424 -0.0139943 -0.00494167 0.0430796
internal_weight=14777 14752 6793 933 7959 1912 1236 439 52 797 6047 111 82 5936 5653 376 342 84 258 87 46 283 251 216 5277 2923 2448 475 2354 55
internal_count=14777 14752 6793 933 7959 1912 1236 439 52 797 6047 111 82 5936 5653 376 342 84 258 87 46 283 251 216 5277 2923 2448 475 2354 55
is_linear=0
shrinkage=0.05


Tree=97
num_leaves=31
num_cat=0
split_feature=0 0 2 3 9 11 2 11 11 12 2 11 4 2 3 4 2 12 9 1 1 4 1 4 11 12 9 9 7 3
split_gain=46.5752 52.7286 58.0752 53.9713 64.2252 62.1456 89.3898 59.2409 94.4077 76.9289 67.3654 58.7519 95.4888 76.9582 66.6593 63.4383 62.7059 57.2286 172.553 62.2564 78.7453 89.4238 56.916 51.4034 60.3821 49.5527 58.4144 87.9994 84.6132 111.945
threshold=25.500000000000004 44.500000000000007 15.915000000000001 13.515000000000002 29.556610500000001 -4.4646299999999988 12.505000000000001 2.1368867500000008 1.2364042500000008 418557.50000000006 12.505000000000001 0.11523400000000007 -2.2499999999999987 18.125000000000004 12.165000000000001 -0.90999999999999825 13.035000000000002 128392.19999999997 24.761185000000001 18.041666666666675 26.54666666666667 -0.020000000000002235 21.480000000000004 3.4599999999999986 -0.32957450000000049 8070.2104999999947 18.300277500000004 7.1098940000000015 1.0000000180025095e-35 17.985000000000003
decision_type=2 2 2 2 2 2 2 2 2 2 2 2 2 2 2 2 2 2 2 2 2 2 2 2 2 2 2 2 2 2
left_child=25 3 -3 4 5 6 -2 8 11 -9 -10 12 -7 14 17 -13 22 19 -19 23 21 -21 -17 24 -14 -1 27 28 29 -27
right_child=1 2 -4 -5 -6 7 -8 9 10 -11 -12 15 13 -15 -16 16 -18 18 -20 20 -22 -23 -24 -25 -26 26 -28 -29 -30 -31
leaf_value=0.00026255859278015258 0.14943442948162555 -0.070555311803306861 -0.0049054306876308434 0.0029835085295665735 0.092552338425929734 0.082683993886328411 0.0049006355845409889 0.025037390493369324 -0.082803363433998578 0.12483290935104543 -0.0063288634733671889 -0.039074133184772958 0.054860647460040837 0.056100777756282187 0.017508512079148612 0.047046129309261837 0.019140687489645467 -0.055941427514189859 0.091861382384712878 -0.13593223783615474 0.013868487456015178 -0.042112516684538144 0.13337852161909855 -0.064813021644949911 -0.032286567868930957 0.15516383394598962 0.0027780369706236928 -0.02542524130223793 -0.0055626865022741162 0.0043701305985450745
leaf_weight=6047 20 35 898 4670 26 36 23 158 46 22 77 27 46 53 179 60 122 40 39 37 35 81 28 25 35 20 681 792 387 32
leaf_count=6047 20 35 898 4670 26 36 23 158 46 22 77 27 46 53 179 60 122 40 39 37 35 81 28 25 35 20 681 792 387 32
internal_value=0.000642199 0.00367508 -0.00736818 0.00542586 0.0148133 0.0131134 0.0721257 0.0108992 0.00599193 0.0372346 -0.0349291 0.0119626 0.00370784 -0.00128013 -0.0071625 0.0330697 0.0423454 -0.0202279 0.0170245 -0.0315906 -0.0519948 -0.0715306 0.0745155 -0.0021393 0.0172044 -0.00195589 -0.00897206 -0.0154723 0.00248374 0.0623677
internal_weight=14777 6818 933 5885 1215 1189 43 1146 966 180 123 843 606 570 517 237 210 338 79 259 153 118 88 106 81 7959 1912 1231 439 52
internal_count=14777 6818 933 5885 1215 1189 43 1146 966 180 123 843 606 570 517 237 210 338 79 259 153 118 88 106 81 7959 1912 1231 439 52
is_linear=0
shrinkage=0.05


Tree=98
num_leaves=31
num_cat=0
split_feature=7 3 12 0 1 2 12 12 9 4 12 11 1 9 0 9 12 2 1 9 2 3 1 1 10 9 12 2 7 11
split_gain=45.2278 76.5937 116.457 99.5421 89.1421 68.1484 61.847 57.9779 50.5976 82.0755 48.4816 43.9487 43.4583 41.9969 40.3158 43.7994 39.953 73.1072 57.007 48.2967 60.7852 38.6091 74.9688 61.8928 125.404 60.3689 42.7505 114.078 82.53 161.1
threshold=2.5000000000000004 9.6750000000000025 1722.9574999999998 31.500000000000004 18.581666666666674 29.415000000000003 64613.150000000031 -1805762.1699999997 29.556610500000001 -2.2499999999999987 -247770.93999999992 5.3869781500000009 22.391666666666669 -1.9476623499999997 31.500000000000004 6.4676666000000012 814213.72499999998 25.615000000000006 31.608333333333338 15.299301000000002 12.445000000000002 42.885000000000012 2.5666666666666695 0.011666666666664301 1788706.3500000003 13.671722250000002 1.0000000180025095e-35 11.505000000000001 1.0000000180025095e-35 2.0765990000000007
decision_type=2 2 2 2 2 2 2 2 2 2 2 2 2 2 2 2 2 2 2 2 2 2 2 2 2 2 2 2 2 2
left_child=1 2 4 -4 10 7 -7 -3 13 -10 -1 16 -6 -9 15 -12 18 19 -2 -18 -21 22 23 25 -25 -15 28 -28 -24 -30
right_child=11 5 3 -5 12 6 -8 8 9 -11 14 -13 -14 21 -16 -17 17 -19 -20 20 -22 -23 26 24 -26 -27 27 -29 29 -31
leaf_value=0.11114701941609383 -0.00068167568965947836 0.081490295725719392 0.029731781268492342 0.18559391863998914 -0.079769941676279599 -0.012253299491554541 -0.081945481775580239 0.049722177693426302 -0.0035977282307364726 0.11394978855840035 0.034198721364522594 -0.052212151642455608 0.014675824486073994 -0.045099440551604392 0.080709665851748519 -0.055366202958282977 -0.066917228075908497 0.019141627335920931 -0.081277602978728047 -0.094880831986665734 0.001390006647005186 0.056686455479851273 -0.0094868767774787671 0.019377848780713976 -0.09076952901557217 0.055043459938400811 0.043764257367607633 0.0049856586742010071 0.010299417748685105 -0.027510788614454215
leaf_weight=20 8084 24 20 21 29 228 37 48 33 27 39 43 21 27 23 21 80 82 22 20 91 33 1324 40 73 34 221 1337 2355 320
leaf_count=20 8084 24 20 21 29 228 37 48 33 27 39 43 21 27 23 21 80 82 22 20 91 33 1324 40 73 34 221 1337 2355 320
internal_value=0.000610089 0.0037945 0.0347283 0.109564 0.0146744 0.00282045 -0.0219839 0.0039353 0.00361832 0.0492987 0.0412653 -0.00179278 -0.0401027 0.00314674 0.0244263 0.002851 -0.00153403 -0.0203476 -0.000900416 -0.0373011 -0.0159561 0.00275888 0.00244835 -0.0298694 -0.0517793 0.0107179 0.00346028 0.0104863 0.000722944 0.00577633
internal_weight=14777 6355 194 41 153 6161 265 5896 5872 60 103 8422 50 5812 83 60 8379 273 8106 191 111 5764 5731 174 113 61 5557 1558 3999 2675
internal_count=14777 6355 194 41 153 6161 265 5896 5872 60 103 8422 50 5812 83 60 8379 273 8106 191 111 5764 5731 174 113 61 5557 1558 3999 2675
is_linear=0
shrinkage=0.05


Tree=99
num_leaves=31
num_cat=0
split_feature=13 11 9 9 11 9 11 12 2 12 12 11 13 11 7 3 12 13 4 14 12 9 1 9 11 9 12 13 7 4
split_gain=52.1278 40.9307 251.758 46.851 264.493 83.3972 76.5967 101.183 82.0702 67.0132 121.739 88.2933 84.1655 84.1612 111.02 110.319 89.2894 69.3238 60.8774 75.7196 62.3752 59.7204 50.3417 47.8838 47.188 72.7949 69.6215 101.44 64.374 47.8019
threshold=35.140000000000008 -6.4830321999999994 6.0838927500000013 18.023559000000002 -4.1019594999999986 13.337493500000003 1.4645992499999989 -390371.20000000013 13.375000000000002 41012.160000000098 52177.275000000089 2.9110564500000002 10.795000000000002 -0.12905875000000042 1.5000000000000002 9.8650000000000002 287238.96000000025 16.485000000000003 11.075000000000001 8.8750000000000018 1018525.1000000001 28.585892000000005 9.2383333333333422 15.014312500000001 -2.6221464999999995 16.520995500000001 -179825.25000000009 7.0050000000000008 5.5000000000000009 2.680000000000001
decision_type=2 2 2 2 2 2 2 2 2 2 2 2 2 2 2 2 2 2 2 2 2 2 2 2 2 2 2 2 2 2
left_child=1 2 -1 5 -5 -3 18 8 -8 -6 12 13 -11 15 16 -12 21 -18 20 23 24 -15 -17 -20 28 29 27 -27 -7 -26
right_child=-2 3 -4 4 9 6 7 -9 -10 10 11 -13 -14 14 -16 22 17 -19 19 -21 -22 -23 -24 -25 25 26 -28 -29 -30 -31
leaf_value=0.00066299943106347013 0.072718046844005582 0.00042538542207447609 0.17492022346705199 0.18110761457965488 0.00019169506256093861 -0.068565588772437111 -0.010685042259485826 -0.0031286281344920317 0.10784788804128767 0.032581270041947184 0.11867969573941083 0.083478711079806089 0.16716411276942209 0.019449717533100375 -0.011577694532968917 -0.014185691490458946 0.040997945710960021 0.13730161982774733 0.0047729492187500002 -0.06153666399419308 -0.073263074106202933 -0.072367043303750947 0.034817941049542063 0.090694246019291533 -0.014060166553184381 -0.011608856829718271 -0.0054284310636314934 0.11953313877185186 0.0094092413053117902 -0.040195836436460047
leaf_weight=152 25 7581 24 21 3937 93 23 445 40 26 32 40 21 77 585 75 74 25 31 20 53 23 174 34 548 29 245 30 37 257
leaf_count=152 25 7581 24 21 3937 93 23 445 40 26 32 40 21 77 585 75 74 25 31 20 53 23 174 34 548 29 245 30 37 257
internal_value=0.000579585 0.000457333 0.0244253 0.000167927 0.00402611 -0.00191482 -0.0113266 0.00526756 0.064574 0.00329538 0.0139023 0.0105502 0.092714 0.00781105 -0.000603797 0.0312888 0.0316562 0.0653171 -0.0174484 0.0235392 -0.020145 -0.00166814 0.0200578 0.0497164 -0.0178728 -0.0145319 0.00631372 0.0550735 -0.0463728 -0.0224041
internal_weight=14777 14752 176 14576 5110 9466 1885 508 63 5089 1152 1105 47 1065 784 281 199 99 1377 85 1292 100 249 65 1239 1109 304 59 130 805
internal_count=14777 14752 176 14576 5110 9466 1885 508 63 5089 1152 1105 47 1065 784 281 199 99 1377 85 1292 100 249 65 1239 1109 304 59 130 805
is_linear=0
shrinkage=0.05


Tree=100
num_leaves=31
num_cat=0
split_feature=3 9 7 2 7 2 3 1 4 9 12 0 13 12 2 12 12 9 9 1 13 9 14 9 3 12 1 12 4 9
split_gain=61.8073 61.3992 45.9155 84.9159 45.789 46.359 46.9088 51.1248 72.6465 89.6116 68.7894 45.0465 41.7711 119.647 131.118 67.4504 60.6965 81.571 159.811 70.7564 69.589 51.6943 73.9725 57.7161 53.4953 79.3728 85.0973 50.3189 48.6083 47.6176
threshold=8.1350000000000033 -1.6224059999999998 3.5000000000000004 11.385000000000003 2.5000000000000004 25.955000000000002 40.225000000000009 5.368333333333335 -4.4099999999999984 14.189712500000001 -702842.73499999987 21.500000000000004 18.225000000000005 -32391.952999999947 9.4750000000000032 624840.50000000012 -477321.46999999991 16.901382500000004 7.3061829000000005 9.1350000000000033 7.745000000000001 16.901382500000004 11.425000000000002 12.169113000000001 16.035000000000004 141358.5800000001 8.9583333333333339 -881701.84999999974 0.59000000000000086 12.598709000000001
decision_type=2 2 2 2 2 2 2 2 2 2 2 2 2 2 2 2 2 2 2 2 2 2 2 2 2 2 2 2 2 2
left_child=-1 2 3 -2 5 6 7 8 10 -10 -3 -7 16 -14 -15 -16 17 18 27 20 -20 23 24 -18 25 -23 -27 -9 -19 -21
right_child=1 4 -4 -5 -6 11 -8 12 9 -11 -12 -13 13 14 15 -17 21 28 19 29 -22 22 -24 -25 -26 26 -28 -29 -30 -31
leaf_value=0.039917253252739711 0.12296170533767768 0.084683721214532853 0.003838832574592044 0.023259392078277111 -0.0031933101064645164 -0.067871882246040252 0.049689435823397209 -0.093274808842688794 0.0073250791344505089 -0.11314071051188207 -0.01246345983136718 -0.0081851739664157829 -0.045517689206500137 0.095534262639519418 -0.014742368816407126 0.065503767244517813 0.0031508250742135744 0.010880700697929695 0.1113672176996867 0.17936245607478279 0.012427578450968632 0.011475865391878441 0.089124873727560047 -0.01673903926801594 0.0029509207317474253 -0.0094269744454859167 0.076847045837953765 0.017541273397260481 -0.071789109596006928 0.083049686975551373
leaf_weight=96 28 20 130 90 8269 34 55 20 26 38 205 450 156 38 206 30 2572 116 27 21 52 459 30 425 1028 39 107 21 21 33
leaf_count=96 28 20 130 90 8269 34 55 20 26 38 205 450 156 38 206 30 2572 116 27 21 52 459 30 425 1028 39 107 21 21 33
internal_value=-7.21784e-05 -0.000332519 0.024336 0.0469176 -0.000754494 0.00248304 0.00373504 0.00329084 -0.017198 -0.0642015 -0.00382815 -0.012378 0.00438717 -0.0105634 0.00933754 -0.00454159 0.00568042 0.0270671 0.0497889 0.076394 0.0462424 0.00425312 0.0113227 0.000330274 0.00989342 0.0216899 0.0538012 -0.0365154 -0.00179131 0.120505
internal_weight=14842 14746 248 118 14498 6229 5745 5690 289 64 225 484 5401 430 274 236 4971 311 174 133 79 4660 1663 2997 1633 605 146 41 137 54
internal_count=14842 14746 248 118 14498 6229 5745 5690 289 64 225 484 5401 430 274 236 4971 311 174 133 79 4660 1663 2997 1633 605 146 41 137 54
is_linear=0
shrinkage=0.05


Tree=101
num_leaves=31
num_cat=0
split_feature=3 9 13 0 10 4 5 0 4 14 13 10 1 9 9 11 11 4 12 9 9 11 2 11 3 11 1 13 1 11
split_gain=55.7811 55.4128 40.1437 33.4452 104.508 88.8446 73.339 52.5308 54.5007 51.2765 151.625 102.144 107.844 74.368 150.608 76.4243 99.375 74.9952 73.8553 96.9309 238.337 101.687 98.9748 104.354 93.1124 71.8461 71.7066 67.8571 66.5728 65.9614
threshold=8.1350000000000033 -1.6224059999999998 15.605000000000002 32.500000000000007 100292.65800000001 -6.7749999999999986 0.1122964854537823 36.500000000000007 -5.335 1.0000000180025095e-35 1.0000000180025095e-35 10906.957500000002 11.225000000000001 8.5767060000000033 6.8612060500000007 1.8495030000000015 1.6333768500000014 1.0850000000000011 -66826.269999999888 8.8210295000000016 13.337493500000003 3.4237670500000008 13.425000000000002 1.2967832850000005 16.415000000000003 -1.7342835999999993 10.176666666666669 12.975000000000003 12.983333333333336 -2.1083832499999997
decision_type=2 2 2 2 2 2 2 2 2 2 2 2 2 2 2 2 2 2 2 2 2 2 2 2 2 2 2 2 2 2
left_child=-1 2 -2 9 6 -6 -5 8 -7 10 -3 -11 13 14 17 16 -15 -13 19 28 22 24 23 -21 -22 27 -24 -20 -12 -29
right_child=1 3 -4 4 5 7 -8 -9 -10 11 18 12 -14 15 -16 -17 -18 -19 25 20 21 -23 26 -25 -26 -27 -28 29 -30 -31
leaf_value=0.037921389441665572 0.015515847595018005 0.11622604879084975 0.076342458542316194 -0.00082487229126405502 0.080874678097665312 -0.055977524004199287 -0.068106765094179109 0.033194443838265295 0.0095154495946695502 0.0035035678249718087 -0.0055369092085401795 -0.043222793976675868 -0.04179976313079968 -0.0067137234709783652 -0.086322887530655007 0.023067815899848937 -0.090131783122951933 0.012813970887388374 -0.010710734629330556 0.14561891591684384 0.015951281674210043 0.11130928966132077 0.050882712160274991 0.032058189040981233 -0.016304898674432043 -0.00051485505535914461 -0.04908707273148355 -0.030522503148660892 -0.071873561136944361 -0.11839557526234007
leaf_weight=96 217 28 31 3336 50 33 41 246 849 1254 314 102 311 1018 89 215 37 144 786 55 538 22 123 32 383 4310 21 90 43 28
leaf_count=96 217 28 31 3336 50 33 41 246 849 1254 314 102 311 1018 89 215 37 144 786 55 538 22 123 32 383 4310 21 90 43 28
internal_value=-6.85695e-05 -0.000315893 0.0231192 -0.000716769 0.00283134 0.0156544 -0.00164174 0.0127635 0.00706503 -0.0023422 0.000114259 -0.00759065 -0.0148517 -0.00962998 -0.0305858 -0.00410226 -0.00963929 -0.0104208 -0.000367747 0.0092876 0.0162253 0.0050751 0.0617431 0.103849 0.00253747 -0.00320287 0.0363038 -0.0160185 -0.013527 -0.0513737
internal_weight=14842 14746 248 14498 4555 1178 3377 1128 882 9943 6773 3170 1916 1605 335 1270 1055 246 6745 1531 1174 943 231 87 921 5214 144 904 357 118
internal_count=14842 14746 248 14498 4555 1178 3377 1128 882 9943 6773 3170 1916 1605 335 1270 1055 246 6745 1531 1174 943 231 87 921 5214 144 904 357 118
is_linear=0
shrinkage=0.05


Tree=102
num_leaves=31
num_cat=0
split_feature=3 9 7 2 7 2 3 11 11 7 9 9 4 12 9 11 14 11 12 11 12 0 11 13 9 11 12 9 9 13
split_gain=50.3424 50.0101 40.72 73.946 39.469 41.0443 42.6888 66.3153 50.2454 87.6474 160.139 140.874 100.676 82.5131 106.116 162.531 70.957 64.9688 60.9346 92.4719 60.5828 58.1729 82.4296 56.1091 94.4888 80.4186 66.8501 115.594 113.854 84.1625
threshold=8.1350000000000033 -1.6224059999999998 3.5000000000000004 11.385000000000003 2.5000000000000004 25.955000000000002 40.225000000000009 1.1355590500000003 0.51289375000000048 1.0000000180025095e-35 27.201431500000002 26.804550500000001 -13.814999999999998 41012.160000000098 7.1098940000000015 1.0000000180025095e-35 8.5050000000000008 0.26333649999999947 -34780.414999999994 -1.48104835 -390371.20000000013 37.500000000000007 -1.3431549999999992 18.225000000000005 25.366851500000006 0.11523400000000007 -78117.824999999997 7.2211608000000007 16.901382500000004 6.0050000000000008
decision_type=2 2 2 2 2 2 2 2 2 2 2 2 2 2 2 2 2 2 2 2 2 2 2 2 2 2 2 2 2 2
left_child=-1 2 3 -2 5 6 8 -8 9 10 13 12 -11 16 15 -15 21 18 19 -13 -21 -3 -23 24 26 -25 27 -14 -29 -28
right_child=1 4 -4 -5 -6 -7 7 -9 -10 11 -12 17 23 14 -16 -17 -18 -19 -20 20 -22 22 -24 25 -26 -27 29 28 -30 -31
leaf_value=0.036025320783179875 0.11419130483908313 -0.029814440762101296 0.0026605448170672532 0.02115166720429746 -0.0029451912667627033 -0.01165841354373727 -0.012801596555858852 0.097460832397143052 -0.0028430480335241023 0.1180647986009717 0.067410350566206034 0.03214074518870224 -0.019660624661608728 0.00042966280318796637 7.3280842262880971e-05 0.19166095573455097 0.024108460811618465 0.043566322086068497 -0.0039732252643711269 -0.14836023491621017 -0.056772066053862758 -0.033916459703476919 0.04031951492652297 -0.038302527171970149 0.055206998101746042 0.069817420272600086 -0.045147374318738873 0.080427948205115299 0.010364368034298627 0.012152967413500016
leaf_weight=96 28 570 130 90 8269 484 25 30 2198 24 72 22 74 25 191 20 92 30 87 25 65 71 79 95 150 21 67 142 98 1472
leaf_count=96 28 570 130 90 8269 484 25 30 2198 24 72 22 74 25 191 20 92 30 87 25 65 71 79 95 150 21 67 142 98 1472
internal_value=-6.51409e-05 -0.000300099 0.0219632 0.0432289 -0.00068093 0.00232488 0.00350293 0.0473415 0.00307918 0.00680686 -0.00472105 0.0122501 0.0162333 -0.00967664 0.0163473 0.0854213 -0.0172402 -0.0250252 -0.0353657 -0.0597508 -0.0822132 -0.0225237 0.00518115 0.0150799 0.0170379 -0.0187291 0.0139481 0.0349732 0.0518187 0.00965841
internal_weight=14842 14746 248 118 14498 6229 5745 55 5690 3492 1120 2372 2143 1048 236 45 812 229 199 112 90 720 150 2119 2003 116 1853 314 240 1539
internal_count=14842 14746 248 118 14498 6229 5745 55 5690 3492 1120 2372 2143 1048 236 45 812 229 199 112 90 720 150 2119 2003 116 1853 314 240 1539
is_linear=0
shrinkage=0.05


Tree=103
num_leaves=31
num_cat=0
split_feature=9 7 1 4 11 7 0 11 1 1 9 2 4 7 9 9 1 9 12 9 9 11 13 9 12 10 1 1 9 2
split_gain=44.1816 38.3065 50.1338 40.3678 39.1785 85.6737 99.3062 89.2831 87.5094 82.7771 78.9698 83.4502 64.3812 60.4945 150.934 118.694 75.0099 80.3473 70.4328 100.599 114.099 88.9397 121.216 105.558 78.627 74.6957 67.1645 65.4988 57.2599 54.8556
threshold=-1.6224059999999998 2.5000000000000004 31.608333333333338 10.475000000000001 0.51289375000000048 1.0000000180025095e-35 12.500000000000002 2.6348571800000005 12.203333333333338 3.3800000000000012 18.604812500000005 15.875000000000002 -18.589999999999996 1.0000000180025095e-35 26.118744000000003 26.804550500000001 12.523333333333339 7.5850677500000012 -139257.62499999985 6.9967805000000007 16.901382500000004 -2.6913147499999988 15.005000000000001 9.5176085000000015 -1317281.5499999996 1104114.4500000002 9.4450000000000056 19.983333333333338 6.4003295000000007 19.605000000000004
decision_type=2 2 2 2 2 2 2 2 2 2 2 2 2 2 2 2 2 2 2 2 2 2 2 2 2 2 2 2 2 2
left_child=-1 2 3 4 13 6 8 12 -6 29 11 -9 -8 14 16 18 -2 -18 19 -15 21 -21 23 -23 -25 -22 -26 -17 -11 -7
right_child=1 -3 -4 -5 5 9 7 10 -10 28 -12 -13 -14 15 -16 27 17 -19 -20 20 25 22 -24 24 26 -27 -28 -29 -30 -31
leaf_value=0.020865054697459265 -0.013038762274135769 -0.0026466543141050233 0.068115458483326022 -0.0611862873621285 -0.028638643725585722 -0.0020183189384018383 0.068295688173198629 0.095126751510219446 0.076321675681339754 -0.023320485044604714 0.15043431797197887 -0.011105509805738142 0.0070875500714406379 -0.035237446108689299 0.050583071936654234 -0.036612942142830361 0.11716506255959923 0.0081604772668382904 0.0095414733437891499 0.15812026236206295 -0.021352612155915045 -0.0087607509107328948 -0.044211803376674658 0.029516563352404369 0.18465603291988375 0.048137874918914331 0.084883148958151411 0.037004473225937952 -0.00111552227302341 -0.095622021497951626
leaf_weight=248 1025 8305 29 25 204 24 47 36 22 396 21 38 500 47 117 188 22 73 1978 25 81 28 25 27 31 74 37 36 1088 45
leaf_count=248 1025 8305 29 25 204 24 47 36 22 396 21 38 500 47 117 188 22 73 1978 25 81 28 25 27 31 74 37 36 1088 45
internal_value=-6.18839e-05 -0.000417501 0.00252623 0.00222238 0.00247663 -0.0024981 0.0100831 0.0201174 -0.0184213 -0.00952996 0.0648597 0.040575 0.0123468 0.00563441 -0.00345446 0.00999721 -0.00909945 0.0334036 0.0133081 0.0331756 0.0429787 0.0708923 0.0561579 0.0765582 0.101705 0.0118235 0.130368 -0.0247816 -0.00704084 -0.0630642
internal_weight=14842 14594 6289 6260 6235 2421 868 642 226 1553 95 74 547 3814 1237 2577 1120 95 2353 375 328 173 148 123 95 155 68 224 1484 69
internal_count=14842 14594 6289 6260 6235 2421 868 642 226 1553 95 74 547 3814 1237 2577 1120 95 2353 375 328 173 148 123 95 155 68 224 1484 69
is_linear=0
shrinkage=0.05


Tree=104
num_leaves=31
num_cat=0
split_feature=3 9 7 2 0 1 4 5 5 3 9 9 5 12 11 10 9 14 9 11 9 2 12 3 12 9 11 2 4 11
split_gain=44.7374 40.7718 36.7498 66.7362 37.8666 32.2298 60.7504 54.792 55.0104 50.4354 49.4933 126.425 83.1169 79.6019 96.7559 68.4084 67.7256 80.8724 49.7413 57.058 78.4154 72.8761 47.2732 46.4181 68.3883 45.5756 64.412 45.5234 65.3185 51.3826
threshold=8.1350000000000033 -1.6224059999999998 3.5000000000000004 11.385000000000003 33.500000000000007 8.5150000000000023 -1.45 0.10666668562962979 0.10875477835075366 15.515000000000002 8.4160920000000008 11.071976000000001 0.08385745005822369 -85614.774999999951 3.5216828000000002 2619389.8500000006 18.023559000000002 5.8250000000000011 13.189575000000001 1.7257998500000002 12.491089000000001 19.675000000000004 -9016.5000000000273 16.035000000000004 -1077382.4999999998 15.538940500000001 2.7775422500000002 27.690000000000001 -9.6799999999999997 -0.15586899999999912
decision_type=2 2 2 2 2 2 2 2 2 2 2 2 2 2 2 2 2 2 2 2 2 2 2 2 2 2 2 2 2 2
left_child=-1 2 3 -2 -4 10 7 -7 -9 -10 -3 12 15 14 18 -12 17 22 19 20 21 -13 -15 -8 -25 27 -27 28 29 -20
right_child=1 5 4 -5 -6 6 23 8 9 -11 11 13 -14 16 -16 -17 -18 -19 25 -21 -22 -23 -24 24 -26 26 -28 -29 -30 -31
leaf_value=0.033963276112141713 0.10743848915610994 -0.015635669239706298 -0.014575176882014299 0.019050831140743366 0.046828571576899028 0.0086054306440921866 0.0013393775554672552 -0.087907135680031334 -0.027372245351322974 0.040390153689996197 0.013472611085678052 0.018773179370004479 0.11485134557199975 -0.076546041696679362 0.10274637791399772 0.10436990362676708 -0.0023517499465273376 0.006259961955740973 -0.10224041287545804 0.09210166854243125 0.069316069673942896 -0.10026609361171723 -0.026376851202292381 -0.0874116652000409 -0.0059397299406122065 0.012480781437425642 -0.07026473587751389 -0.093625654876232145 0.01746783059533322 -0.016643839980242776
leaf_weight=96 28 801 96 90 34 2749 5043 26 99 38 350 36 24 51 26 22 965 197 27 31 38 20 592 26 2763 397 25 20 82 50
leaf_count=96 28 801 96 90 34 2749 5043 26 99 38 350 36 24 51 26 22 965 197 27 31 38 20 592 26 2763 397 25 20 82 50
internal_value=-5.87897e-05 -0.000280282 0.0198218 0.0400242 0.00148427 -0.000624144 0.000769362 0.00693534 -0.0212307 -0.00857684 -0.00461238 -0.00162231 0.0246666 -0.00569365 0.00797407 0.0188483 -0.0113879 -0.0217687 0.00458002 0.0332774 0.0138779 -0.0237408 -0.0303561 -0.0015232 -0.00669924 -0.00138866 0.0075788 -0.0225298 -0.0135869 -0.0466582
internal_weight=14842 14746 248 118 130 14498 10744 2912 163 137 3754 2953 396 2557 752 372 1805 840 726 125 94 56 643 7832 2789 601 422 179 159 77
internal_count=14842 14746 248 118 130 14498 10744 2912 163 137 3754 2953 396 2557 752 372 1805 840 726 125 94 56 643 7832 2789 601 422 179 159 77
is_linear=0
shrinkage=0.05


Tree=105
num_leaves=31
num_cat=0
split_feature=3 11 9 11 9 9 13 1 0 0 10 2 13 3 3 0 0 10 9 5 7 7 9 13 0 11 9 10 10 14
split_gain=43.5987 41.472 38.4474 35.2919 193.469 36.7358 36.4334 36.8494 89.1484 32.4858 39.2411 36.9661 32.2858 53.8697 31.7359 31.3453 34.983 88.4196 83.627 79.3801 58.023 56.4881 40.4359 64.3555 46.8472 40.0851 192.202 81.7511 122.657 76.974
threshold=8.1350000000000033 5.3869781500000009 29.556610500000001 -6.4830321999999994 6.0838927500000013 -0.53868103499999986 10.795000000000002 12.116666666666665 12.500000000000002 30.500000000000004 475807.03500000003 15.035000000000002 13.060000000000002 13.515000000000002 15.035000000000002 46.500000000000007 34.500000000000007 100292.65800000001 13.803848 0.1151410726880234 5.5000000000000009 1.5000000000000002 25.735733000000003 17.515000000000004 36.500000000000007 -3.1413724999999988 21.365661500000005 2029217.1000000003 1576061.5000000002 7.1050000000000013
decision_type=2 2 2 2 2 2 2 2 2 2 2 2 2 2 2 2 2 2 2 2 2 2 2 2 2 2 2 2 2 2
left_child=9 2 3 4 14 6 -5 8 -8 11 -11 -1 -4 -14 -2 16 25 19 -19 -18 21 22 23 -20 -24 26 27 28 29 -7
right_child=1 -3 12 5 -6 15 7 -9 -10 10 -12 -13 13 -15 -16 -17 17 18 20 -21 -22 -23 24 -25 -26 -27 -28 -29 -30 -31
leaf_value=0.055995806343853476 0.057289473258930704 -0.040773209200669375 0.0050921208662630035 0.0031616434873449118 0.1642708183044479 -0.02904012725804675 0.0045444938906089019 0.015647982412498096 0.13557627627253532 0.02394035425451067 0.11634472519159318 -0.033690061006281115 0.1196035741695336 0.015885730322840956 -0.0061493516782386423 -0.017543673392569535 0.00061567139564380432 0.048919931616344052 0.04019948043385331 -0.087145617700969957 0.053515651040074844 -0.011574016465825834 0.022120412916774513 -0.053775718686138764 0.11567269403325475 -0.0014464767826283228 0.12360289841890336 0.078365404456853874 -0.12113619780228023 0.017907895024317052
leaf_weight=20 23 63 66 289 21 396 27 100 25 27 20 27 21 31 138 283 2862 183 49 26 63 263 32 29 23 9595 24 20 31 112
leaf_count=20 23 63 66 289 21 396 27 100 25 27 20 27 21 31 138 283 2862 183 49 26 63 263 32 29 23 9595 24 20 31 112
internal_value=-7.65863e-05 -0.000292252 -0.000119139 -0.000348663 0.0215315 -0.000624591 0.0135842 0.0334007 0.0675405 0.0338678 0.0632614 0.00447414 0.0283069 0.0577718 0.00291334 -0.00107246 -0.000732409 0.00355658 0.0203403 -0.000174423 0.0089458 0.00185515 0.0284106 0.00525998 0.0612423 -0.00221994 -0.0149497 -0.0208982 -0.0245815 -0.0186894
internal_weight=14889 14795 14732 14614 182 14432 441 152 52 94 47 47 118 52 161 13991 13708 3530 642 2888 459 396 133 78 55 10178 583 559 539 508
internal_count=14889 14795 14732 14614 182 14432 441 152 52 94 47 47 118 52 161 13991 13708 3530 642 2888 459 396 133 78 55 10178 583 559 539 508
is_linear=0
shrinkage=0.05


Tree=106
num_leaves=31
num_cat=0
split_feature=11 9 11 9 9 9 4 1 2 1 3 4 10 11 2 9 10 10 9 4 14 11 14 14 9 9 12 9 10 12
split_gain=39.602 50.7804 100.783 92.5385 92.1468 119.684 79.8998 76.3597 71.5664 69.1145 64.4747 60.6142 65.4646 60.583 55.6492 53.3427 170.459 77.7923 55.6304 52.8759 51.5823 49.2815 79.9011 112.687 72.2833 49.2037 89.3064 66.1973 141.007 121.009
threshold=0.7489165000000001 8.1645660000000024 2.1060482999999999 6.6474000000000002 22.755767500000005 25.925461000000002 5.7150000000000007 11.515000000000002 9.8650000000000002 9.9183333333333348 11.065000000000003 -18.589999999999996 2736117.8000000003 0.93402100000000021 18.125000000000004 14.878448500000003 2515310.9000000004 2138217.5000000005 14.422562000000001 -0.8049999999999996 13.030000000000001 1.8495030000000015 9.2750000000000004 10.395000000000001 1.6681213000000004 25.827255000000005 380526.95000000007 10.051117000000003 25100.412000000004 -63640.300000000272
decision_type=2 2 2 2 2 2 2 2 2 2 2 2 2 2 2 2 2 2 2 2 2 2 2 2 2 2 2 2 2 2
left_child=25 3 8 6 15 -6 9 -8 -3 -2 -5 -10 -13 -12 20 16 18 -17 -4 -19 21 22 -11 -24 -23 27 -27 28 -1 -29
right_child=1 2 4 10 5 -7 7 -9 11 14 13 12 -14 -15 -16 17 -18 19 -20 -21 -22 24 23 -25 -26 26 -28 29 -30 -31
leaf_value=0.013378651047764104 -0.025676618879250865 -0.066424183273801993 0.0072539677551111091 0.044052285872972934 0.13088489701705319 -0.012353329479694367 0.012200923413038254 0.13185647111386062 0.065255426988005641 0.012977615955523126 -0.11422461507221063 -0.0042093114215742697 -0.042047825780858805 -0.032044389559097629 -0.024958238757133266 0.0077456188230532507 0.11807426764678799 -0.0022993689416370426 0.071610569298001275 -0.068661540453518993 -0.072114976971643041 0.040952673348333891 0.15698308312892917 0.0053030640740568437 -0.014469791974431026 0.0091148212196793376 0.085271888775750995 0.01203830939685172 -0.0064641473334021461 -0.0074044391171405712
leaf_weight=2271 352 49 827 26 35 25 40 20 30 255 24 2067 121 342 170 257 38 52 35 71 20 74 25 24 287 1023 40 1014 1478 3797
leaf_count=2271 352 49 827 26 35 25 40 20 30 255 24 2067 121 342 170 257 38 52 35 71 20 74 25 24 287 1023 40 1014 1478 3797
internal_value=-7.27569e-05 -0.00355862 -0.000228752 -0.0107984 0.0106421 0.0712023 -0.00422999 0.0520861 -0.00665441 -0.00702946 -0.0320286 -0.00533398 -0.00630184 -0.0374333 0.000647497 0.00780337 0.0144358 -0.00790503 0.00986705 -0.040606 0.00700221 0.00938167 0.0242143 0.0826908 -0.00310895 0.00183482 0.0119806 0.000574895 0.00555586 -0.00330655
internal_weight=14889 5266 3607 1659 1340 60 1267 60 2267 1207 392 2218 2188 366 855 1280 900 380 862 123 685 665 304 49 361 9623 1063 8560 3749 4811
internal_count=14889 5266 3607 1659 1340 60 1267 60 2267 1207 392 2218 2188 366 855 1280 900 380 862 123 685 665 304 49 361 9623 1063 8560 3749 4811
is_linear=0
shrinkage=0.05


Tree=107
num_leaves=31
num_cat=0
split_feature=3 1 14 10 4 3 11 11 11 3 12 0 1 4 3 10 12 10 2 10 11 14 10 12 13 11 7 13 2 13
split_gain=39.1294 37.1069 55.3406 92.8516 51.2682 45.1107 44.041 43.2688 33.3536 113.911 32.3983 29.9116 33.0868 33.0259 38.7417 76.2531 43.9555 41.9915 52.3879 41.3251 34.8028 84.7095 61.947 75.4831 59.7981 46.4213 56.1416 85.7773 51.0187 49.088
threshold=8.1350000000000033 2.5666666666666695 0.15000000000000005 1896287.8000000003 -18.589999999999996 29.705000000000002 0.99923699999999915 -2.6913147499999988 -6.4830321999999994 13.965000000000002 -764706.29999999993 46.500000000000007 13.565000000000003 -18.589999999999996 23.265000000000004 2328815.5000000005 -963769.03999999992 1845657.2500000002 19.605000000000004 1063145.5000000002 -2.1879886499999999 14.850000000000001 1564547.5000000002 370590.01500000007 15.155000000000003 0.7489165000000001 2.5000000000000004 29.510000000000002 10.275 24.495000000000001
decision_type=2 2 2 2 2 2 2 2 2 2 2 2 2 2 2 2 2 2 2 2 2 2 2 2 2 2 2 2 2 2
left_child=-1 2 4 5 6 -4 -2 -6 9 -3 -9 13 -13 -10 20 16 19 -18 -19 -16 21 22 24 -24 -15 26 29 28 -28 -22
right_child=1 8 3 -5 7 -7 -8 10 11 -11 -12 12 -14 14 15 -17 17 18 -20 -21 25 -23 23 -25 -26 -27 27 -29 -30 -31
leaf_value=0.032088406556880382 -0.025548038956381986 0.12303274528433879 -0.074815670720168523 0.09103926920121716 0.03011720277942144 0.03010890431702137 0.049692751040182469 0.01570376495902355 -0.046311958121920106 0.0058181266934537387 -0.042974490693182148 -0.010309849136032046 -0.066532243993775594 -0.0035693970559552931 0.096308673530817041 0.049404397979378706 0.0048560122478676446 0.020930376631969755 -0.078090942168937014 -0.00011825555935502053 0.0076779017076646977 0.09137492364361173 -0.086931543410928167 0.0099792802589945499 -0.042519377401590147 -0.0037584817165106105 0.039308315647649583 -0.085078109775980321 -0.0010464765639648101 0.056753081885667946
leaf_weight=94 37 24 21 31 26 20 41 26 38 152 247 268 29 1125 25 101 1605 22 34 20 2537 21 54 32 108 4257 80 30 3732 52
leaf_count=94 37 24 21 31 26 20 41 26 38 152 247 268 29 1125 25 101 1605 22 34 20 2537 21 54 32 108 4257 80 30 3732 52
internal_value=-6.91191e-05 -0.000273432 -0.0144275 0.0257398 -0.0220987 -0.023633 0.0140016 -0.0315162 0.000169562 0.0218019 -0.0373861 -9.91251e-05 -0.0157996 0.000236998 0.000364852 0.00719119 0.00469204 0.00337103 -0.0391897 0.0534523 -0.000660687 -0.00825654 -0.00984278 -0.0508717 -0.00698107 0.000291637 0.00297261 -0.000862345 -0.000199576 0.00866358
internal_weight=14889 14795 449 72 377 41 78 299 14346 176 273 14170 297 13873 13835 1807 1706 1661 56 45 12028 1340 1319 86 1233 10688 6431 3842 3812 2589
internal_count=14889 14795 449 72 377 41 78 299 14346 176 273 14170 297 13873 13835 1807 1706 1661 56 45 12028 1340 1319 86 1233 10688 6431 3842 3812 2589
is_linear=0
shrinkage=0.05


Tree=108
num_leaves=31
num_cat=0
split_feature=11 3 9 0 10 2 13 3 11 9 9 9 13 9 9 9 12 9 3 10 7 3 0 4 2 4 4 10 7 13
split_gain=36.2672 34.9443 33.5672 29.0972 35.5087 33.07 28.6805 48.6262 28.2264 170.616 30.5584 33.7874 30.2303 44.3116 28.341 79.0938 72.9515 151.569 86.3968 95.6244 92.0031 99.916 68.8329 67.0634 49.4217 48.1337 43.6966 42.7259 117.794 108.443
threshold=5.3869781500000009 8.1350000000000033 29.556610500000001 30.500000000000004 475807.03500000003 15.035000000000002 13.060000000000002 13.515000000000002 -6.4830321999999994 6.0838927500000013 -0.53868103499999986 -2.7978972999999994 10.795000000000002 -2.2973327499999994 16.242325000000005 14.779312000000003 -477321.46999999991 8.4160920000000008 36.115000000000002 773846.88000000012 3.5000000000000004 20.885000000000002 24.500000000000004 -7.6450000000000005 13.235000000000001 12.130000000000003 -0.56999999999999929 313438.45000000007 1.0000000180025095e-35 13.005000000000001
decision_type=2 2 2 2 2 2 2 2 2 2 2 2 2 2 2 2 2 2 2 2 2 2 2 2 2 2 2 2 2 2
left_child=1 3 8 5 -5 -1 -4 -8 9 -3 11 -10 -13 -14 15 16 17 26 19 -19 21 22 -21 24 -18 -17 -12 -25 29 -29
right_child=-2 2 6 4 -6 -7 7 -9 10 -11 14 12 13 -15 -16 25 23 18 -20 20 -22 -23 -24 27 -26 -27 -28 28 -30 -31
leaf_value=0.051396564617753028 -0.037921795460380735 0.0017705631410552666 0.0045818324454806074 0.020898074656724931 0.10879815914639041 -0.033431399696403082 0.11297863975522066 0.014437742050616972 -0.024264812429689548 0.15329875307423729 -0.070332619236135971 0.0067097831573725373 0.093392325054716188 0.022442759114841955 0.0017887033010312134 -0.022826620819855925 -0.066478715936241092 0.014191541474992259 -0.032542520334245643 0.13618270352482795 0.025852522453100518 0.17552112062094791 0.017207298163444764 0.0010050565395117138 -0.015460699673624553 0.049398805134114813 0.0028152364173105789 0.014905075494227519 -0.011216327502640755 0.12729557392497856
leaf_weight=20 63 161 66 27 20 27 21 31 55 21 49 240 27 119 5594 594 61 124 40 20 58 33 31 4884 214 24 35 203 2003 24
leaf_count=20 63 161 66 27 20 27 21 31 55 21 49 240 27 119 5594 594 61 124 40 20 58 33 31 4884 214 24 35 203 2003 24
internal_value=-6.56632e-05 9.51986e-05 -9.87022e-05 0.030484 0.0583024 0.00266561 0.0264621 0.0542331 -0.000313166 0.0192546 -0.000559932 0.0123992 0.0176234 0.0355636 -0.000968408 -0.00280517 -0.0014374 0.0196385 0.0359698 0.0462725 0.0742868 0.107729 0.0638643 -0.00254981 -0.0267774 -0.0200217 -0.0398543 -0.00161327 -0.00734775 0.0267878
internal_weight=14889 14826 14732 94 47 47 118 52 14614 182 14432 441 386 146 13991 8397 7779 390 306 266 142 84 51 7389 275 618 84 7114 2230 227
internal_count=14889 14826 14732 94 47 47 118 52 14614 182 14432 441 386 146 13991 8397 7779 390 306 266 142 84 51 7389 275 618 84 7114 2230 227
is_linear=0
shrinkage=0.05


Tree=109
num_leaves=31
num_cat=0
split_feature=11 3 9 1 4 11 13 9 11 12 11 7 11 11 9 11 11 9 0 1 0 10 9 5 7 7 11 9 9 3
split_gain=32.7312 31.5373 30.2944 27.4502 35.064 50.191 99.7001 92.2636 43.2141 37.3229 46.2571 33.9537 41.8349 42.4307 32.462 30.8519 27.4755 151.221 26.7599 29.8775 28.6828 75.8443 78.8044 68.9293 52.9264 48.9827 44.6458 172.978 81.7702 50.2975
threshold=5.3869781500000009 8.1350000000000033 29.556610500000001 2.5666666666666695 -18.589999999999996 -0.61497499999999927 0.015000000000000001 14.555191250000002 -3.2550351499999985 -736655.74999999988 2.9110564500000002 4.5000000000000009 1.766052 2.2885741000000004 12.959060500000001 0.99923699999999915 -6.4830321999999994 6.0838927500000013 46.500000000000007 13.565000000000003 34.500000000000007 100292.65800000001 13.803848 0.1122964854537823 5.5000000000000009 1.5000000000000002 -3.1413724999999988 21.365661500000005 8.099045000000002 13.035000000000002
decision_type=2 2 2 2 2 2 2 2 2 2 2 2 2 2 2 2 2 2 2 2 2 2 2 2 2 2 2 2 2 2
left_child=1 -1 3 4 15 6 7 8 -6 -7 11 12 -11 -14 -13 -3 17 -5 20 -20 26 23 -23 -22 25 -24 27 28 29 -18
right_child=-2 2 -4 16 5 9 -8 -9 -10 10 -12 14 13 -15 -16 -17 18 -19 19 -21 21 22 24 -25 -26 -27 -28 -29 -30 -31
leaf_value=0.028959786727469652 -0.036025705804959653 -0.01475025959018814 0.025138951833971575 0.0026599253833504213 -0.048818923812359576 0.033738588807838303 -0.085295350849628457 0.11901222964127858 0.041195798863967265 -0.014578251141522612 0.010781801917420869 -0.12913826590492614 -0.12089953467897747 -0.032968147970078625 -0.046251269957671565 0.047787301751171671 0.027260587644855401 0.14563381551720558 -0.0097915199751628622 -0.063217719066245806 0.0013666872613720665 0.046541738182208255 0.026208119062860882 -0.0748073397949338 0.050819219893864578 -0.011025490315397317 -0.0003657487398200925 0.11725896880961956 -0.043191838492372688 -0.015742280345053507
leaf_weight=94 63 38 118 155 24 21 21 24 30 98 44 21 23 34 27 41 91 21 268 29 2952 190 133 30 63 263 9453 24 227 269
leaf_count=94 63 38 118 155 24 21 21 24 30 98 44 21 23 34 27 41 91 21 268 29 2952 190 133 30 63 263 9453 24 227 269
internal_value=-6.238e-05 9.04387e-05 -9.37671e-05 -0.000297507 -0.0125111 -0.0190156 0.0114072 0.0374425 0.00118926 -0.0302539 -0.0356946 -0.0457683 -0.0343889 -0.0684492 -0.0825143 0.0177059 8.69706e-05 0.0197193 -0.000159977 -0.0150082 0.000162033 0.00397157 0.0194615 0.000600349 0.00825182 0.00147974 -0.00121241 -0.0143114 -0.0196908 -0.00487211
internal_weight=14889 14826 14732 14614 446 367 99 78 54 268 247 203 155 57 48 79 14168 176 13992 297 13695 3631 649 2982 459 396 10064 611 587 360
internal_count=14889 14826 14732 14614 446 367 99 78 54 268 247 203 155 57 48 79 14168 176 13992 297 13695 3631 649 2982 459 396 10064 611 587 360
is_linear=0
shrinkage=0.05


Tree=110
num_leaves=31
num_cat=0
split_feature=13 11 5 12 11 11 7 1 4 9 5 5 13 11 0 1 9 4 3 9 9 5 3 12 12 3 12 13 1 4
split_gain=65.6047 37.4107 30.4182 28.3259 67.051 35.5248 34.4917 62.438 30.6744 30.3836 30.509 49.2607 28.5289 79.3118 63.2604 54.9108 42.8349 67.9951 70.7139 104.505 60.8259 91.9937 85.1688 60.2833 56.2472 53.4154 50.8352 43.6562 58.6144 42.2943
threshold=35.140000000000008 5.3869781500000009 0.023637883484926823 1018525.1000000001 2.7775422500000002 -2.1386714999999996 1.5000000000000002 10.078333333333338 5.7150000000000007 19.081299000000005 0.045882083356139171 0.034042553018887887 17.615000000000006 -1.7687529999999991 29.500000000000004 19.261666666666667 24.176849000000001 -0.14999999999999944 16.035000000000004 27.683044500000005 27.861908000000003 0.055788006807226211 10.405000000000003 9561.4229999999789 -287891.54999999987 13.515000000000002 23795.779499999979 23.055000000000003 20.606666666666673 1.3300000000000012
decision_type=2 2 2 2 2 2 2 2 2 2 2 2 2 2 2 2 2 2 2 2 2 2 2 2 2 2 2 2 2 2
left_child=1 2 -1 12 5 -5 -7 8 -8 10 11 -9 15 14 -14 -4 24 18 19 26 21 -19 -22 -20 -15 -21 -18 28 29 -23
right_child=-2 -3 3 4 -6 6 7 9 -10 -11 -12 -13 13 16 -16 -17 17 20 23 25 22 27 -24 -25 -26 -27 -28 -29 -30 -31
leaf_value=-0.035896053926040561 0.082512540866931286 -0.041011090606584089 0.00072931621709813388 -0.087229454892221836 0.061012226679863835 0.016882682583633471 -0.11696570677061875 -0.048285487835251155 -0.037828564360737803 0.023999537241666816 -0.052729951144269142 0.061359206065535549 -0.004334617406129837 0.065493528299817916 -0.090948284797522483 0.040134069337666542 -0.11333333851709482 -0.059916750586501533 -0.026143025999536385 0.031435966491699219 -0.12408811851404607 -0.011688121643109138 0.0017662258614308951 0.081600213646888742 0.0019945474474400916 -0.066001169061796233 -0.028874306678771972 -0.0061591802020039832 0.11309827406858575 0.064607699482868874
leaf_weight=59 24 56 13334 20 26 55 24 21 25 43 51 20 37 38 49 89 62 31 37 39 20 34 41 20 424 22 25 45 29 39
leaf_count=59 24 56 13334 20 26 55 24 21 25 43 51 20 37 38 49 89 62 31 37 39 20 34 41 20 424 22 25 45 29 39
internal_value=-8.74885e-05 -0.000221299 -6.65303e-05 7.72752e-05 -0.0155322 -0.0232162 -0.0178594 -0.0282443 -0.0765896 -0.0106967 -0.0269135 0.00519973 0.000385891 -0.00779639 -0.0536843 0.000990586 -0.00344058 -0.0145307 -0.0356577 -0.0538821 0.0035909 0.0183571 -0.0394975 0.0116616 0.00721741 -0.0037053 -0.0890635 0.0348639 0.0529623 0.0290727
internal_weight=14839 14815 14759 14700 285 259 239 184 49 135 92 41 14415 992 86 13423 906 444 205 148 239 178 61 57 462 61 87 147 102 73
internal_count=14839 14815 14759 14700 285 259 239 184 49 135 92 41 14415 992 86 13423 906 444 205 148 239 178 61 57 462 61 87 147 102 73
is_linear=0
shrinkage=0.05


Tree=111
num_leaves=31
num_cat=0
split_feature=13 11 2 9 9 11 13 4 13 11 7 9 1 9 4 3 9 11 10 12 7 7 7 12 12 11 12 1 13 1
split_gain=59.2082 33.7631 28.9769 28.1737 26.2677 35.4357 30.5296 28.2313 26.5759 78.4424 52.1339 61.9738 51.7512 35.6565 62.011 64.1162 98.7197 56.1809 89.2407 115.524 78.8929 68.9096 58.149 54.4057 53.1821 45.3694 38.4933 36.8062 41.3217 33.3956
threshold=35.140000000000008 5.3869781500000009 37.280000000000008 10.157730000000003 -0.79388427999999989 0.93402100000000021 14.525 -1.659999999999999 17.615000000000006 -1.7687529999999991 2.5000000000000004 18.933593500000004 19.261666666666667 24.176849000000001 -0.14999999999999944 16.035000000000004 28.585892000000005 0.56486550000000169 1761373.5000000002 -10008.635000000015 2.5000000000000004 2.5000000000000004 1.5000000000000002 9561.4229999999789 -613795.04999999993 -1.3713073499999999 45814.510000000009 26.54666666666667 24.495000000000001 18.756666666666671
decision_type=2 2 2 2 2 2 2 2 2 2 2 2 2 2 2 2 2 2 2 2 2 2 2 2 2 2 2 2 2 2
left_child=1 2 4 -4 5 6 -1 -8 12 10 -10 -12 -6 24 15 16 26 18 19 22 -21 -20 -16 -17 -11 -26 29 28 -27 -15
right_child=-2 -3 3 -5 8 -7 7 -9 9 13 11 -13 -14 14 17 23 -18 -19 21 20 -22 -23 -24 -25 25 27 -28 -29 -30 -31
leaf_value=0.0034799835794633682 0.078386915133645152 -0.038960536005574149 0.025501441707213718 -0.027125224631424708 0.00015103770605625578 0.07730251230299473 0.085457471466582766 0.015612463341751258 -0.097223642528191906 0.081631622446531604 -0.064979319709042707 0.048648165520280603 0.036258195027476174 -0.14680277273058892 -0.11650507863272319 -0.024835875182337055 0.02357498124748578 -0.051485586643983165 0.12783840676554695 0.10214737395445506 -0.0057027542157671775 0.013792641930006171 -0.020568763833892133 0.077520203068852434 -0.063446538776159286 0.005552500180280126 -0.023588345251206694 0.042188261629392709 -0.049415475237918532 -0.073050232404476098
leaf_weight=353 24 56 30 167 13008 20 23 39 38 22 30 20 100 20 22 37 34 39 26 30 39 27 56 20 25 341 29 60 38 66
leaf_count=353 24 56 30 167 13008 20 23 39 38 22 30 20 100 20 22 37 34 39 26 30 39 27 56 20 25 341 29 60 38 66
internal_value=-8.3114e-05 -0.000210234 -6.32038e-05 -0.019111 0.000194482 0.0122963 0.00916347 0.0415227 -0.000178159 -0.0079562 -0.0530786 -0.0195283 0.000426497 -0.00369114 -0.0139171 -0.0340214 -0.0512744 0.00341135 0.0141163 -0.00593843 0.0411886 0.0697396 -0.0476277 0.0110785 0.0056721 0.00207057 -0.0734038 0.00580162 4.11992e-05 -0.090202
internal_weight=14839 14815 14759 197 14562 435 415 62 14127 1019 88 50 13108 931 445 206 149 239 200 147 69 53 78 57 486 464 115 439 379 86
internal_count=14839 14815 14759 197 14562 435 415 62 14127 1019 88 50 13108 931 445 206 149 239 200 147 69 53 78 57 486 464 115 439 379 86
is_linear=0
shrinkage=0.05


Tree=112
num_leaves=31
num_cat=0
split_feature=13 2 9 9 9 12 10 2 7 13 9 1 12 0 12 2 9 3 2 12 10 12 9 7 7 2 10 9 0 1
split_gain=53.4354 25.7482 25.4267 24.295 23.6243 56.1516 171.39 122.219 75.1828 88.198 63.1908 65.7451 60.4454 59.2694 105.488 111.031 87.7629 128.426 79.5752 59.1037 54.6499 93.899 110.659 87.0466 53.7333 53.156 51.4689 50.8835 60.1192 68.363
threshold=35.140000000000008 37.280000000000008 10.157730000000003 -0.79388427999999989 17.809372000000003 49296.104999999989 2310319.2000000007 25.215000000000003 1.0000000180025095e-35 13.005000000000001 12.959060500000001 15.868333333333336 -492366.1999999999 21.500000000000004 -255754.45000000004 18.465000000000003 6.9967805000000007 29.160000000000004 9.8650000000000002 -211332.71999999994 1255568.7000000004 -613795.04999999993 6.9967805000000007 4.5000000000000009 2.5000000000000004 12.565000000000003 1464020.3500000003 14.049728500000002 34.500000000000007 12.161666666666671
decision_type=2 2 2 2 2 2 2 2 2 2 2 2 2 2 2 2 2 2 2 2 2 2 2 2 2 2 2 2 2 2
left_child=1 3 -3 -1 5 6 10 8 9 -7 11 13 -13 14 15 16 -5 25 -15 -14 -20 -22 -23 26 -8 -18 -24 28 29 -10
right_child=-2 2 -4 4 -6 7 24 -9 27 -11 -12 12 19 18 -16 -17 17 -19 20 -21 21 22 23 -25 -26 -27 -28 -29 -30 -31
leaf_value=0.011681489036659358 0.074467570210496589 0.024226369683941207 -0.025768962802231583 -0.019036618970511926 0.0023911508382736708 -0.0033881628251866275 0.039246027980079042 0.020732145764792279 -0.011838527753942308 0.081228923849347573 -0.010200345534408475 -0.066927149112009268 0.096258602539698285 -0.096782449229309953 0.0022899427423928812 -0.027120592087311182 0.19702400524634869 -0.015688029862940312 -0.0023558761456106106 0.016253178436325337 0.054206943579695445 -0.0016294855096443432 0.0049343213462270802 -0.12068877076574912 0.12324643675237895 0.099056639077866243 -0.071503674717886115 -0.047810532020432936 0.030006831128978069 -0.041769830301732397
leaf_weight=435 24 30 167 21 5142 213 47 269 662 36 1429 21 24 24 2708 38 20 20 2041 605 33 127 40 48 32 45 49 158 63 268
leaf_count=435 24 30 167 21 5142 213 47 269 662 36 1429 21 24 24 2708 38 20 20 2041 605 33 127 40 48 32 45 49 158 63 268
internal_value=-7.89583e-05 -0.000199722 -0.0181555 4.2259e-05 -0.000314722 -0.00185367 2.12345e-05 -0.0101351 -0.0160661 0.00884563 -0.000772235 0.0015253 0.0165199 -0.000343982 0.00450739 0.0462078 0.0724953 0.095109 -0.00620178 0.0193058 -0.00527195 -0.0253114 -0.0352512 -0.0664187 0.0732715 0.1292 -0.0371495 -0.0214553 -0.0172618 -0.0204639
internal_weight=14839 14815 197 14618 14183 9041 7372 1669 1400 249 7293 5864 650 5214 2852 144 106 85 2362 629 2338 297 264 137 79 65 89 1151 993 930
internal_count=14839 14815 197 14618 14183 9041 7372 1669 1400 249 7293 5864 650 5214 2852 144 106 85 2362 629 2338 297 264 137 79 65 89 1151 993 930
is_linear=0
shrinkage=0.05


Tree=113
num_leaves=31
num_cat=0
split_feature=13 11 0 12 11 11 4 13 11 0 1 9 11 9 11 11 12 12 10 3 0 11 2 11 11 0 1 9 9 1
split_gain=48.2254 29.8988 25.5047 26.262 60.2242 31.8511 25.6996 25.1262 63.4689 54.4662 43.2738 35.0622 53.4151 54.4532 114.714 49.024 47.593 50.9299 49.0314 38.8897 37.8214 36.656 79.6415 34.2349 70.1388 32.8556 32.3292 75.119 67.8798 49.8262
threshold=35.140000000000008 5.3869781500000009 46.500000000000007 1018525.1000000001 2.7775422500000002 -2.1386714999999996 -0.77500000000000024 17.615000000000006 -1.7687529999999991 29.500000000000004 19.261666666666667 9.9526370000000011 3.2737579180000003 4.9660033000000015 -1.0631102499999983 -0.02723680000000089 -540012.34999999986 -275843.24999999994 1142.8848500000001 10.865 25.500000000000004 1.9599300000000002 13.665000000000001 2.1060482999999999 1.7257998500000002 35.500000000000007 21.480000000000004 27.201431500000002 25.184937000000001 24.209999999999997
decision_type=2 2 2 2 2 2 2 2 2 2 2 2 2 2 2 2 2 2 2 2 2 2 2 2 2 2 2 2 2 2
left_child=1 2 3 7 5 -5 -4 10 9 -9 -1 12 13 15 -15 -10 -13 -18 21 -16 -21 22 -19 24 26 -11 -20 28 29 -28
right_child=-2 -3 6 4 -6 -7 -8 8 11 25 -12 16 -14 14 19 -17 17 18 23 20 -22 -23 -24 -25 -26 -27 27 -29 -30 -31
leaf_value=0.00091012408767542617 0.070744192165633046 -0.03665510804858059 0.0028170452686026694 -0.082276516631245619 0.058124739565671636 -0.016683328652476532 -0.025683859962462915 -0.0023676490562187661 0.043730070020710297 -0.11819320049669063 0.035893536008517732 0.047848776217017858 -0.06429887302219868 -0.065368576872251213 0.11188247440190152 -0.039045005054476695 -0.063318460120095149 -0.1439404857158661 -0.010249653870275446 -0.013294999412305298 0.065199472245417153 0.016892099492251872 -0.025183668092358859 0.051556575324918544 -0.094676799752882554 -0.035459170042581499 -0.023587285354733468 0.10118019830273546 -0.040602971701614129 0.065284383786923222
leaf_weight=13060 24 56 135 20 26 248 191 37 27 28 89 35 20 21 29 53 45 20 314 21 57 20 48 28 21 21 24 23 52 46
leaf_count=13060 24 56 135 20 26 248 191 37 27 28 89 35 20 21 29 53 45 20 314 21 57 20 48 28 21 21 24 23 52 46
internal_value=-7.50104e-05 -0.000189736 -5.13757e-05 0.000261003 -0.0145298 -0.0215783 -0.0138813 0.000568556 -0.00711306 -0.0481588 0.00114691 -0.00320827 0.0137473 0.0212517 0.0414768 -0.0111084 -0.008927 -0.0120271 -0.00815441 0.0624464 0.0440663 -0.0426112 -0.0601121 -0.00218552 -0.00532047 -0.0827358 -0.00123228 0.018295 0.00266912 0.0348141
internal_weight=14839 14815 14759 14433 294 268 326 14139 990 86 13149 904 228 208 128 80 676 641 596 107 78 88 68 508 480 49 459 145 122 70
internal_count=14839 14815 14759 14433 294 268 326 14139 990 86 13149 904 228 208 128 80 676 641 596 107 78 88 68 508 480 49 459 145 122 70
is_linear=0
shrinkage=0.05


Tree=114
num_leaves=31
num_cat=0
split_feature=13 11 0 12 11 1 10 2 9 4 13 11 0 1 11 9 11 9 11 11 12 12 10 3 0 11 2 10 0 7
split_gain=43.5235 26.9837 23.018 23.7014 54.3523 30.3839 60.9659 49.8803 38.4579 23.1939 22.6764 57.2807 49.1557 39.0546 32.2269 31.6437 48.2072 49.144 103.529 44.2442 42.9527 45.9643 44.2508 35.098 34.1338 33.0821 71.8764 31.6818 31.6124 62.7165
threshold=35.140000000000008 5.3869781500000009 46.500000000000007 1018525.1000000001 2.7775422500000002 9.9550000000000036 2684494.4000000004 20.175000000000004 19.264999500000005 -0.77500000000000024 17.615000000000006 -1.7687529999999991 29.500000000000004 19.261666666666667 -2.5572661499999998 9.9526370000000011 3.2737579180000003 4.9660033000000015 -1.0631102499999983 -0.02723680000000089 -540012.34999999986 -275843.24999999994 1142.8848500000001 10.865 25.500000000000004 1.9599300000000002 13.665000000000001 1341524.3500000003 29.500000000000004 3.5000000000000004
decision_type=2 2 2 2 2 2 2 2 2 2 2 2 2 2 2 2 2 2 2 2 2 2 2 2 2 2 2 2 2 2
left_child=1 2 3 10 5 6 7 -5 -7 -4 13 12 -12 -1 -14 16 17 19 -19 -13 -17 27 25 -20 -25 26 -23 -22 29 -24
right_child=-2 -3 9 4 -6 8 -8 -9 -10 -11 11 15 14 -15 -16 20 -18 18 23 -21 21 22 28 24 -26 -27 -28 -29 -30 -31
leaf_value=0.00086461786058388804 0.067206980784734097 -0.034822353421311292 0.0026761925652735285 -0.12897286086032789 0.055218500386063879 -0.023700288688263099 0.010772274835514562 -0.036899740288132116 0.027505088583478388 -0.02439966681608394 -0.0022492666502256652 0.041543567339303318 -0.040460928045929628 0.034098859790587022 -0.12171154193904088 0.045456337335386454 -0.061083928421139723 -0.062100148866219188 0.10628835163239776 -0.037092754934510253 -0.099396512672925985 -0.13674346208572388 7.4859344358764481e-05 -0.012630250486212649 0.061939499337683647 0.016047495733946562 -0.023924484590922172 -0.015302276584718909 0.0040602917658577251 -0.085012687597190967
leaf_weight=13060 24 56 135 24 26 119 34 38 53 191 37 27 26 89 23 35 20 21 29 53 24 20 67 21 57 20 48 21 409 32
leaf_count=13060 24 56 135 24 26 119 34 38 53 191 37 27 26 89 23 35 20 21 29 53 24 20 67 21 57 20 48 21 409 32
internal_value=-7.12599e-05 -0.000180249 -4.88069e-05 0.000247953 -0.0138033 -0.0204994 -0.0430342 -0.0725409 -0.00792189 -0.0131873 0.000540128 -0.00675741 -0.0457508 0.00108957 -0.078599 -0.00304786 0.0130599 0.0201891 0.0394029 -0.010553 -0.00848065 -0.0114257 -0.00774669 0.0593241 0.041863 -0.0404806 -0.0571065 -0.0601525 -0.00207624 -0.0274282
internal_weight=14839 14815 14759 14433 294 268 96 62 172 326 14139 990 86 13149 49 904 228 208 128 80 676 641 596 107 78 88 68 45 508 99
internal_count=14839 14815 14759 14433 294 268 96 62 172 326 14139 990 86 13149 49 904 228 208 128 80 676 641 596 107 78 88 68 45 508 99
is_linear=0
shrinkage=0.05


Tree=115
num_leaves=31
num_cat=0
split_feature=9 13 12 11 1 10 4 9 10 11 0 9 11 12 11 9 9 11 13 11 9 11 4 13 9 14 9 1 12 1
split_gain=32.2712 45.2044 27.5387 44.8978 35.0992 46.0315 47.6337 35.805 20.2075 20.165 19.4202 23.3096 100.19 93.5364 103.872 75.2389 60.9963 81.3536 227.977 165.144 65.2899 279.896 93.5453 104.902 87.4645 77.5709 62.0095 57.2196 116.699 69.4015
threshold=-1.6224059999999998 14.855000000000002 1018525.1000000001 3.3348388300000003 9.9550000000000036 2710553.3500000006 0.80499999999999983 19.264999500000005 2213625.9000000004 1.6939394700000003 2.5000000000000004 8.4160920000000008 2.1702881000000005 -9016.5000000000273 0.41387950000000201 22.755767500000005 10.051117000000003 -1.6965029999999997 13.505000000000001 -1.4441069500000003 18.300277500000004 -3.806945499999999 -12.144999999999998 14.855000000000002 13.337493500000003 15.120000000000003 15.134643500000001 11.866666666666672 198974.85000000012 14.605000000000002
decision_type=2 2 2 2 2 2 2 2 2 2 2 2 2 2 2 2 2 2 2 2 2 2 2 2 2 2 2 2 2 2
left_child=1 -1 10 4 5 6 -4 9 -9 -6 -2 13 16 -12 27 -14 17 18 -13 -19 22 -22 24 25 -18 -24 -26 -15 -29 -30
right_child=2 -3 3 -5 7 -7 -8 8 -10 -11 11 12 15 14 -16 -17 20 19 -20 -21 21 -23 23 -25 26 -27 -28 28 29 -31
leaf_value=0.0084279179949598593 -0.0077199632522354485 0.068386866544952268 -0.13284025873456681 0.054158831955421538 -0.013756838642332828 0.00011893953462796552 -0.040238007264802367 0.055814845501272775 -0.0042941668424113051 -0.067216214266690347 -0.019674252446804329 0.0092343718529699133 0.013220707319773206 0.0019824254488026642 -0.0097824227713151427 0.091018701804569002 0.070407221411210558 0.13184258449596889 -0.13169312553808971 0.016365307116018472 0.17577507636793283 0.00089996886016483922 -0.0062386604936981744 -0.043038547045714116 -0.033444952909819414 -0.089945342744301479 0.048598952669448948 0.02688556514189443 0.0057804867359144349 -0.10656998905318756
leaf_weight=209 876 37 21 21 89 35 41 27 29 22 709 184 1078 1391 1488 32 71 33 34 501 23 4435 2399 223 61 28 37 571 28 27
leaf_count=209 876 37 21 21 89 35 41 27 29 22 709 184 1078 1391 1488 32 71 33 34 501 23 4435 2399 223 61 28 37 571 28 27
internal_value=-0.000511971 0.0174461 -0.000816346 -0.0162054 -0.0218026 -0.0457241 -0.0716033 -0.00790806 0.024687 -0.0243524 -0.00050811 -3.49886e-05 0.00138357 -0.00311144 0.000238924 0.0154635 -0.000562973 0.0129939 -0.0127451 0.0235015 -0.00196393 0.0018022 -0.00791972 -0.0102199 0.0281475 -0.00720437 -0.00246919 0.00763197 0.0201855 -0.0493734
internal_weight=14760 246 14514 285 264 97 62 167 56 111 14229 13353 9139 4214 3505 1110 8029 752 218 534 7277 4458 2819 2650 169 2427 98 2017 626 55
internal_count=14760 246 14514 285 264 97 62 167 56 111 14229 13353 9139 4214 3505 1110 8029 752 218 534 7277 4458 2819 2650 169 2427 98 2017 626 55
is_linear=0
shrinkage=0.05


end of trees

feature_importances:
temp=477
solar_diff=416
temp_diff=400
reserve_ratio=320
jepx_price_prev_ma3=309
slot=254
price_prev_weekday=237
solar=235
weekday=222
reserve_ratio_diff=201
reserve_ratio_prev=183
reserve_ratio_inv=149
price_prev_holiday=77

parameters:
[boosting: gbdt]
[objective: regression]
[metric: rmse,l2]
[tree_learner: serial]
[device_type: cpu]
[data_sample_strategy: bagging]
[data: ]
[valid: ]
[num_iterations: 2000]
[learning_rate: 0.05]
[num_leaves: 31]
[num_threads: 10]
[seed: 42]
[deterministic: 0]
[force_col_wise: 0]
[force_row_wise: 0]
[histogram_pool_size: -1]
[max_depth: -1]
[min_data_in_leaf: 20]
[min_sum_hessian_in_leaf: 0.001]
[bagging_fraction: 0.8]
[pos_bagging_fraction: 1]
[neg_bagging_fraction: 1]
[bagging_freq: 5]
[bagging_seed: 400]
[bagging_by_query: 0]
[feature_fraction: 0.9]
[feature_fraction_bynode: 1]
[feature_fraction_seed: 30056]
[extra_trees: 0]
[extra_seed: 12879]
[early_stopping_round: 0]
[early_stopping_min_delta: 0]
[first_metric_only: 0]
[max_delta_step: 0]
[lambda_l1: 0]
[lambda_l2: 0]
[linear_lambda: 0]
[min_gain_to_split: 0]
[drop_rate: 0.1]
[max_drop: 50]
[skip_drop: 0.5]
[xgboost_dart_mode: 0]
[uniform_drop: 0]
[drop_seed: 17869]
[top_rate: 0.2]
[other_rate: 0.1]
[min_data_per_group: 100]
[max_cat_threshold: 32]
[cat_l2: 10]
[cat_smooth: 10]
[max_cat_to_onehot: 4]
[top_k: 20]
[monotone_constraints: ]
[monotone_constraints_method: basic]
[monotone_penalty: 0]
[feature_contri: ]
[forcedsplits_filename: ]
[refit_decay_rate: 0.9]
[cegb_tradeoff: 1]
[cegb_penalty_split: 0]
[cegb_penalty_feature_lazy: ]
[cegb_penalty_feature_coupled: ]
[path_smooth: 0]
[interaction_constraints: ]
[verbosity: 1]
[saved_feature_importance_type: 0]
[use_quantized_grad: 0]
[num_grad_quant_bins: 4]
[quant_train_renew_leaf: 0]
[stochastic_rounding: 1]
[linear_tree: 0]
[max_bin: 255]
[max_bin_by_feature: ]
[min_data_in_bin: 3]
[bin_construct_sample_cnt: 200000]
[data_random_seed: 175]
[is_enable_sparse: 1]
[enable_bundle: 1]
[use_missing: 1]
[zero_as_missing: 0]
[feature_pre_filter: 1]
[pre_partition: 0]
[two_round: 0]
[header: 0]
[label_column: ]
[weight_column: ]
[group_column: ]
[ignore_column: ]
[categorical_feature: ]
[forcedbins_filename: ]
[precise_float_parser: 0]
[parser_config_file: ]
[objective_seed: 16083]
[num_class: 1]
[is_unbalance: 0]
[scale_pos_weight: 1]
[sigmoid: 1]
[boost_from_average: 1]
[reg_sqrt: 0]
[alpha: 0.9]
[fair_c: 1]
[poisson_max_delta_step: 0.7]
[tweedie_variance_power: 1.5]
[lambdarank_truncation_level: 30]
[lambdarank_norm: 1]
[label_gain: ]
[lambdarank_position_bias_regularization: 0]
[eval_at: ]
[multi_error_top_k: 1]
[auc_mu_weights: ]
[num_machines: 1]
[local_listen_port: 12400]
[time_out: 120]
[machine_list_filename: ]
[machines: ]
[gpu_platform_id: -1]
[gpu_device_id: -1]
[gpu_use_dp: 0]
[num_gpu: 1]

end of parameters

pandas_categorical:[]
