tree
version=v4
num_class=1
num_tree_per_iteration=1
label_index=0
max_feature_idx=14
objective=regression
feature_names=slot jepx_price_prev_ma3 reserve_ratio reserve_ratio_prev reserve_ratio_diff reserve_ratio_inv reserve_low_gap weekday holiday temp solar temp_diff solar_diff price_prev_weekday price_prev_holiday
feature_infos=[0:47] [0:50] [5.3899999999999997:115.86] [0:115.86] [-71.5:67.379999999999995] [0.0086311064333583088:0.18552872253641511] none [0:6] [0:1] [-4.1207886:29.110657] [0:3387915.2000000002] [-9.3344117000000004:6.2392886000000001] [-2616687.8999999999:2268947.4500000002] [0:50] [0:24.629999999999999]
tree_sizes=2675 2798 2817 2809 2808 2793 2823 2808 2830 2816 2779 2839 2797 2803 2837 2781 2818 2803 2767 2789 2790 2834 2788 2808 2818 2803 2815 2830 2805 2847 2808 2816 2821 2836 2810 2825 2806 2822 2826 2809 2785 2775 2813 2824 2827 2808 2830 2780 2788 2807 2842 2800 2819 2818 2838 2815 2809 2831 2840 2816 2801 2835 2810 2851 2792 2811 2802 2813 2844 2788 2802 2833 2851 2811 2799 2809 2774 2785 2835 2780 2850 2794 2820 2800 2839 2782 2799 2789 2824 2854 2831 2811 2805 2797 2827 2763 2824 2799 2802 2811 2823 2784 2762 2780 2829 2806 2816 2816 2856 2832 2822

Tree=0
num_leaves=31
num_cat=0
split_feature=1 2 2 12 12 13 2 0 13 1 1 0 1 2 13 4 1 12 13 1 0 9 2 1 12 1 12 1 0 2
split_gain=100983 29786 20654.2 16138.4 12325.2 9074.26 8370.96 7776.91 6387.18 4636.3 3981.13 2890.28 2781.01 4014.57 2474.73 2446.98 2424.09 2207.79 1220.27 1205.43 1111.1 1100.25 1007.17 933.205 1106.65 898.123 881.714 839.665 830.926 1058.15
threshold=13.901666666666667 33.605000000000011 14.335000000000003 27585.05000000005 517813.42499999999 18.295000000000005 18.075000000000003 42.500000000000007 11.425000000000002 16.271666666666668 7.4683333333333275 30.500000000000004 10.288333333333332 20.205000000000002 16.005000000000006 12.140000000000002 21.483333333333338 -746998.09999999974 19.305000000000003 1.0000000180025095e-35 32.500000000000007 22.178238000000004 13.225000000000003 7.8133333333333326 -1394589.3749999998 8.5349999999999948 728875.88 16.271666666666668 31.500000000000004 11.625000000000002
decision_type=2 2 2 2 2 2 2 2 2 2 2 2 2 2 2 2 2 2 2 2 2 2 2 2 2 2 2 2 2 2
left_child=1 3 5 8 9 27 11 21 12 -4 -8 25 13 17 -10 -6 28 -1 -11 -19 26 -3 -16 24 -15 -5 -12 -2 -7 -30
right_child=2 7 4 6 15 16 10 -9 14 18 20 -13 -14 23 22 -17 -18 19 -20 -21 -22 -23 -24 -25 -26 -27 -28 -29 29 -31
leaf_value=11.719564350601937 11.8443727683856 11.149583271189258 11.738791803322721 11.404158520457367 11.544940623478448 11.997738981875001 11.255815186887144 11.601763478389884 11.673417711699326 11.857901648932739 11.447278531209506 11.728480603525712 11.617497091638009 11.710852270083844 12.112554972511365 11.196449189483117 12.318390871962205 11.885646011190831 11.985325115026514 11.56567682402923 11.640826790427845 11.418232603772044 11.807309654204177 11.519535762091573 11.40734837127382 11.557720963129388 11.312231232649319 11.956839483690027 12.238376005328913 12.028401013689457
leaf_weight=300 314 541 1044 120 139 128 407 126 1996 817 812 253 3446 32 39 79 195 30 244 1563 65 41 88 546 489 461 142 352 150 100
leaf_count=300 314 541 1044 120 139 128 407 126 1996 817 812 253 3446 32 39 79 195 30 244 1563 65 41 88 546 489 461 142 352 150 100
internal_value=11.6318 11.5598 11.8645 11.5804 11.7765 12.0293 11.4616 11.2456 11.6119 11.8136 11.388 11.5874 11.587 11.5514 11.687 11.4187 12.1752 11.5951 11.8872 11.5717 11.4408 11.1685 11.901 11.4739 11.426 11.526 11.4272 11.9038 12.1013 12.1544
internal_weight=15059 11497 3562 10789 2323 1239 2260 708 8529 2105 1426 834 6406 2960 2123 218 573 1893 1061 1593 1019 582 127 1067 521 581 954 666 378 250
internal_count=15059 11497 3562 10789 2323 1239 2260 708 8529 2105 1426 834 6406 2960 2123 218 573 1893 1061 1593 1019 582 127 1067 521 581 954 666 378 250
is_linear=0
shrinkage=1


Tree=1
num_leaves=31
num_cat=0
split_feature=1 10 2 5 4 13 0 2 5 1 1 5 10 13 4 1 5 10 13 9 9 10 9 5 1 0 2 13 13 10
split_gain=91137.1 35746.3 18700.9 18138.2 9101.28 8820.57 6062.64 5866.31 4537.14 4244.92 2152.91 2062.82 1994.92 1895.11 1594.08 1742.61 1468.26 1357.79 1258.16 1236.84 1073.03 1056.84 1244.6 1007.47 993.666 807.721 948.224 793.33 721.066 689.214
threshold=13.901666666666667 1335576.1000000003 14.785000000000002 0.03744617103947654 16.715 18.295000000000005 28.500000000000004 26.195000000000004 0.057686762359809324 17.401666666666671 21.483333333333338 0.057061342330303612 921659.20000000007 11.105000000000002 -31.569999999999997 10.663333333333332 0.026535756695446538 1760994.3500000003 16.005000000000006 19.611373500000003 16.899612500000003 2397470.6500000004 20.917343500000005 0.053433076032287433 16.271666666666668 31.500000000000004 11.625000000000002 16.075000000000003 12.605000000000002 2093705.1000000003
decision_type=2 2 2 2 2 2 2 2 2 2 2 2 2 2 2 2 2 2 2 2 2 2 2 2 2 2 2 2 2 2
left_child=1 6 5 16 9 24 7 14 21 12 25 -8 27 -10 -1 23 -3 -11 -13 -14 -9 -5 -23 -16 -2 -7 -27 -4 -17 -18
right_child=2 3 4 8 -6 10 11 20 13 17 -12 18 19 -15 15 28 29 -19 -20 -21 -22 22 -24 -25 -26 26 -28 -29 -30 -31
leaf_value=0.3308425525824229 0.19419737630491224 -0.50091375206198019 0.10532262228910248 -0.16784801691387069 -0.42088458639466109 0.34399258075142974 0.013154514846407792 -0.2603908612184665 -0.08638768565501681 0.25570451350659035 0.64417022953332947 0.08824556925766007 -0.17291850303756257 0.1010903956254614 -0.1104437811362463 -0.015732407921580146 -0.31052119099135911 -0.09885032619183351 0.31566931932713049 0.095595218192760817 -0.11101729984305078 -0.40704256968670771 -0.20003688841406256 -0.042972862538150781 0.30914150660932815 0.5767611964593331 0.38297778608602123 0.23172947209747841 0.07092780484343475 -0.42165926611821486
leaf_weight=30 358 315 1037 850 72 134 2061 340 470 758 203 774 102 189 817 2548 280 28 66 74 186 114 200 1714 396 150 109 141 265 278
leaf_count=30 358 315 1037 850 72 134 2061 340 470 758 203 774 102 189 817 2548 280 28 66 74 186 114 200 1714 396 150 109 141 265 278
internal_value=0.000559506 -0.0679064 0.221546 -0.2272 0.132044 0.368195 -0.01911 -0.0482094 -0.137453 0.150648 0.511947 0.0400716 0.0969939 -0.0326193 -0.0326113 -0.0346516 -0.414611 0.243074 0.106115 -0.0600207 -0.207571 -0.196805 -0.275192 -0.0647523 0.254566 0.443648 0.495208 0.120453 -0.00756854 -0.365891
internal_weight=15059 11497 3562 2696 2212 1350 8801 5900 1823 2140 596 2901 1354 659 5374 5344 873 786 840 176 526 1164 314 2531 754 393 259 1178 2813 558
internal_count=15059 11497 3562 2696 2212 1350 8801 5900 1823 2140 596 2901 1354 659 5374 5344 873 786 840 176 526 1164 314 2531 754 393 259 1178 2813 558
is_linear=0
shrinkage=0.05


Tree=2
num_leaves=31
num_cat=0
split_feature=1 10 2 5 12 1 0 2 5 1 5 12 5 0 4 0 4 2 1 12 12 1 9 5 7 14 1 1 12 2
split_gain=82251.2 32261 16877.6 16369.7 10163.9 6269.74 5471.53 5328.08 4096.42 3611.86 1950.97 1792.28 1787.82 1682.03 1575.51 1514.64 1398.69 1334.36 1320.33 1140.46 963.44 954.82 900.294 803.835 785.688 746.768 849.901 739.302 753.676 720.074
threshold=13.901666666666667 1335576.1000000003 14.785000000000002 0.03744617103947654 547228.05000000005 19.743333333333332 28.500000000000004 28.535000000000004 0.056417490728114784 16.271666666666668 0.073126147024473107 32360.08000000002 0.087680850900254514 31.500000000000004 12.140000000000002 30.500000000000004 -31.569999999999997 34.600000000000009 11.538333333333332 1124080.8000000003 -746998.09999999974 7.7266666666666657 24.582763500000002 0.048088483275983127 1.0000000180025095e-35 2.9950000000000006 21.483333333333338 18.96166666666667 141416.09750000006 21.085000000000004
decision_type=2 2 2 2 2 2 2 2 2 2 2 2 2 2 2 2 2 2 2 2 2 2 2 2 2 2 2 2 2 2
left_child=1 6 5 17 9 12 7 11 19 -4 23 16 -2 -14 -6 22 -1 -3 20 21 -18 -5 -10 -8 -15 26 -7 28 -11 -22
right_child=2 3 4 8 14 25 10 -9 15 27 -12 -13 13 24 -16 -17 18 -19 -20 -21 29 -23 -24 -25 -26 -27 -28 -29 -30 -31
leaf_value=0.2995892056913087 0.23345587735613146 -0.33463091296809067 0.09257424145386095 -0.22898389368308614 -0.1034670537807108 0.4433724873134347 0.0038599847585894321 -0.23645986765940286 -0.12610543959942114 0.20570971326927157 0.1960909853068491 -0.12261510856133909 0.2662180119062677 0.71272496274023345 -0.3918689464593863 0.13924787566627891 0.056156409084953431 -0.45837374553619104 0.019237529016834867 -0.39214721330955848 -0.037928181103189351 -0.13214503149538637 -0.0069812782574445011 0.058799288009503452 0.43773038366152983 0.35229630533017614 0.60945160115164443 0.27617674779433471 -0.011960151548995528 -0.098946128816250076
leaf_weight=33 644 455 1011 495 123 122 1552 345 327 529 183 517 163 33 77 102 238 418 1180 67 3011 524 308 1166 122 57 209 429 43 576
leaf_count=33 644 455 1011 495 123 122 1552 345 327 529 183 517 163 33 77 102 238 418 1180 67 3011 524 308 1166 122 57 209 429 43 576
internal_value=0.000531531 -0.0645111 0.210468 -0.21584 0.125442 0.349785 -0.0181545 -0.0457989 -0.130581 0.159234 0.038068 -0.0339577 0.281354 0.378354 -0.214502 -0.0395976 -0.0248596 -0.39388 -0.0269988 -0.192325 -0.0412626 -0.179186 -0.0683255 0.0274285 0.496278 0.519453 0.548238 0.226559 0.189346 -0.0477264
internal_weight=15059 11497 3562 2696 2212 1350 8801 5900 1823 2012 2901 5555 962 318 200 737 5038 873 5005 1086 3825 1019 635 2718 155 388 331 1001 572 3587
internal_count=15059 11497 3562 2696 2212 1350 8801 5900 1823 2012 2901 5555 962 318 200 737 5038 873 5005 1086 3825 1019 635 2718 155 388 331 1001 572 3587
is_linear=0
shrinkage=0.05


Tree=3
num_leaves=31
num_cat=0
split_feature=1 10 2 2 12 13 13 13 2 4 12 1 4 1 13 13 2 10 2 12 1 1 9 2 1 12 9 10 1 13
split_gain=74240.8 28857.8 15398.9 14746.6 9392.48 7024.68 4964.02 3696 3672.89 3145.93 2039.77 2426.17 1759.42 1743.26 1650.84 1621.26 1312.88 1273.47 1215.03 1166.35 1148.84 991.193 808.271 749.024 733.715 721.435 713.084 861.89 689.209 662.416
threshold=13.824999999999998 1335576.1000000003 14.335000000000003 26.765000000000004 517813.42499999999 18.295000000000005 11.695000000000002 16.705000000000002 17.305000000000003 7.6500000000000004 -1130343.0999999996 10.488333333333332 12.140000000000002 21.483333333333338 11.105000000000002 16.075000000000003 19.325000000000003 361614.38000000006 38.855000000000011 728875.88 16.141666666666669 7.7266666666666657 18.929702500000005 31.805000000000003 1.0000000180025095e-35 -481765.99999999994 23.023284500000003 2280193.3500000006 16.271666666666668 15.945000000000002
decision_type=2 2 2 2 2 2 2 2 2 2 2 2 2 2 2 2 2 2 2 2 2 2 2 2 2 2 2 2 2 2
left_child=1 6 5 8 7 28 9 20 14 10 22 16 -6 -7 -3 -8 24 -18 26 21 -4 -10 -1 -11 -12 -26 27 -5 -2 -16
right_child=2 3 4 18 12 13 15 -9 19 23 11 -13 -14 -15 29 -17 17 -19 -20 -21 -22 -23 -24 -25 25 -27 -28 -29 -30 -31
leaf_value=0.19165152244895073 0.17848321026008279 -0.079623681213307873 0.081850065096230884 -0.30399522104107585 -0.082225412010989152 0.40603176062956214 0.042731299053948416 0.26008986115839933 -0.20800497901194698 -0.12860638583680978 0.23723363098890884 -0.007465902606457556 -0.37659527267081833 0.59009423181605647 0.059213645470955256 0.22931178042739631 -0.056918313359576311 -0.170128130992241 -0.45866076139934392 -0.31273948690055736 0.1718086391230168 -0.10981154302950472 -0.032433529816833992 -0.27850248559576568 0.044331679833048462 -0.058934841944458388 -0.17411777581132593 -0.43813408750263766 0.27938069108376196 0.33573509645462041
leaf_weight=143 326 467 994 333 142 378 1698 601 514 263 23 3655 79 195 162 125 479 516 287 140 552 514 56 122 191 1477 63 187 352 25
leaf_count=143 326 467 994 333 142 378 1698 601 514 263 23 3655 79 195 162 125 479 516 287 140 552 514 56 122 191 1477 63 187 352 25
internal_value=0.000504954 -0.0619367 0.197889 -0.205091 0.122924 0.339789 -0.0178841 0.154873 -0.124226 -0.0372089 -0.0290323 -0.033979 -0.187453 0.468671 -0.0293552 0.0555248 -0.070057 -0.115628 -0.374444 -0.177347 0.11397 -0.158908 0.128592 -0.176106 -0.0432425 -0.04711 -0.332986 -0.352234 0.230867 0.0961818
internal_weight=15059 11440 3619 2692 2368 1251 8748 2147 1822 6925 6540 6341 221 573 654 1823 2686 995 870 1168 1546 1028 199 385 1691 1668 583 520 678 187
internal_count=15059 11440 3619 2692 2368 1251 8748 2147 1822 6925 6540 6341 221 573 654 1823 2686 995 870 1168 1546 1028 199 385 1691 1668 583 520 678 187
is_linear=0
shrinkage=0.05


Tree=4
num_leaves=31
num_cat=0
split_feature=1 10 13 5 12 12 0 2 2 1 5 9 10 12 0 4 12 10 1 5 9 13 2 5 5 12 13 1 0 1
split_gain=67048 25693.3 14735.8 9189.63 7341.3 6500.06 5837.87 7388.51 3778.36 2909.7 2797.78 2325.04 1870.9 1709.68 1512.46 1461.06 1302.77 1276.44 1199.91 1034.49 1026.85 953.626 878.332 871.687 841.537 839.143 801.384 741.437 689.722 671.003
threshold=13.51666666666666 1743369.3 18.295000000000005 0.03768607491313096 502914.81000000006 531259.37000000011 30.500000000000004 23.765000000000004 13.155000000000003 16.141666666666669 0.077249908994884514 23.959747500000002 888051.85000000009 9510.1350000000693 31.500000000000004 10.415000000000004 -746998.09999999974 2415925.5000000005 10.816666666666668 0.056609115398000391 22.824646000000005 12.675000000000002 14.785000000000002 0.029407439853330331 0.063918187166517662 1349757.6000000003 1.0000000180025095e-35 21.483333333333338 30.500000000000004 25.521666666666668
decision_type=2 2 2 2 2 2 2 2 2 2 2 2 2 2 2 2 2 2 2 2 2 2 2 2 2 2 2 2 2 2
left_child=1 6 4 20 9 8 7 13 14 24 19 17 -9 16 -4 -6 26 -5 -18 -8 -3 -13 -11 -14 28 -7 -1 -16 -2 -29
right_child=2 3 5 11 15 25 10 12 -10 22 -12 21 23 -15 27 -17 18 -19 -20 -21 -22 -23 -24 -25 -26 -27 -28 29 -30 -31
leaf_value=-0.023187464068492411 -0.032118323589883639 -0.39841190513847052 0.32420146611721623 -0.16545504445205148 -0.071595526669631926 0.0018235243315046484 0.0068111560732474182 -0.10844260790473381 0.28106066389263179 0.26332083768268233 0.29640147313193393 -0.095614414911962556 -0.35684238069128893 -0.097432752448723486 0.47000783368870247 -0.36053570618092179 -0.050300981595808696 -0.32706344121068881 0.0008376607541152512 0.081288520067978209 -0.19234728025022285 0.12021953806428141 0.17102143442127293 -0.20398815908956661 0.15389070312974684 -0.36971502885932017 0.13699895653721447 0.73980872072279458 0.089274054459906119 0.52599348744680718
leaf_weight=125 134 619 115 376 114 55 1871 571 477 409 99 501 121 800 199 71 2370 181 2223 621 67 57 697 407 477 21 208 64 923 86
leaf_count=125 134 619 115 376 114 55 1871 571 477 409 99 501 121 800 199 71 2370 181 2223 621 67 57 697 407 477 21 208 64 923 86
internal_value=0.000479707 -0.0612658 0.18075 -0.234294 0.121997 0.343953 -0.0281706 -0.0524281 0.379877 0.143334 0.0357266 -0.145704 -0.171175 -0.0296368 0.481461 -0.182486 -0.0186264 -0.217971 -0.02555 0.0253707 -0.378286 -0.0735669 0.205154 -0.239017 0.0987627 -0.100838 0.0768689 0.53328 0.0738847 0.617221
internal_weight=15059 11217 3842 1801 2825 1017 9416 6825 941 2640 2591 1115 1099 5726 464 185 4926 557 4593 2492 686 558 1106 528 1534 76 333 349 1057 150
internal_count=15059 11217 3842 1801 2825 1017 9416 6825 941 2640 2591 1115 1099 5726 464 185 4926 557 4593 2492 686 558 1106 528 1534 76 333 349 1057 150
is_linear=0
shrinkage=0.05


Tree=5
num_leaves=31
num_cat=0
split_feature=1 10 5 12 13 13 0 2 5 2 13 2 13 12 1 2 1 5 12 12 2 1 13 2 3 9 12 2 9 10
split_gain=62783.9 27610.5 12038.6 11500.8 8841.86 6259.71 3078.77 4030.49 3031.41 2956.53 1960.94 1881.98 1528.1 1484.6 1432.07 1307.91 1209.6 1111.2 993.041 950.031 870.003 844.025 820.273 726.597 719.112 710.803 674.232 637.881 603.41 696.736
threshold=14.90833333333333 1335576.1000000003 0.03744617103947654 502914.81000000006 18.295000000000005 12.365 30.500000000000004 28.535000000000004 0.056227158999728424 13.155000000000003 16.705000000000002 36.345000000000006 15.945000000000002 -746998.09999999974 10.109999999999998 14.785000000000002 21.483333333333338 0.026535756695446538 979180.22499999998 728875.88 12.905000000000003 7.8133333333333326 8.2050000000000018 19.325000000000003 43.545000000000009 17.030151500000002 -209059.01999999999 21.345000000000002 22.734055000000001 2280193.3500000006
decision_type=2 2 2 2 2 2 2 2 2 2 2 2 2 2 2 2 2 2 2 2 2 2 2 2 2 2 2 2 2 2
left_child=1 5 17 4 15 6 7 13 19 16 -7 18 22 24 23 -2 -6 -3 -5 21 -12 -4 -10 -15 -1 -9 -24 -8 29 -19
right_child=3 2 8 11 9 10 27 25 12 -11 20 -13 -14 14 -16 -17 -18 28 -20 -21 -22 -23 26 -25 -26 -27 -28 -29 -30 -31
leaf_value=0.042901604803067539 0.23215919049281997 -0.41108937581201216 -0.19579899117071753 0.049333950007955235 0.39492378801107408 0.068709584428712875 0.055747801429966361 -0.25645357493387194 -0.11370412275114389 0.27417907845667716 0.45152588981487185 -0.4069527695763786 0.28375283215727126 -0.055492935117926794 -0.023193708457874541 0.14058362953437351 0.56515887165442114 -0.27103749167681024 -0.21013926705345512 -0.28414299350183508 0.1723902265265794 -0.101434795603697 0.10227371801866131 -0.12438335772476823 0.27779298405590896 -0.10440351727551647 -0.045528592113897537 0.0012573579868821155 -0.16299985200166703 -0.39363603000758124
leaf_weight=273 597 333 491 87 300 1343 895 245 323 453 46 53 35 1100 3429 1124 160 316 64 154 71 458 105 587 37 112 291 1343 74 183
leaf_count=273 597 333 491 87 300 1343 895 245 323 453 46 53 35 1100 3429 1124 160 316 64 154 71 458 105 587 37 112 291 1343 74 183
internal_value=-0.000832171 -0.0499466 -0.189032 0.211062 0.239074 -0.00941362 -0.026747 -0.0460177 -0.116132 0.364847 0.0858129 -0.150614 -0.0388663 -0.0353107 -0.0417487 0.17235 0.454136 -0.338453 -0.0606415 -0.168951 0.282136 -0.150258 -0.0545709 -0.0794637 0.070937 -0.208752 -0.00633859 0.0230487 -0.296239 -0.315998
internal_weight=15082 12244 2763 2838 2634 9481 8021 5783 1857 913 1460 204 754 5426 5116 1721 460 906 151 1103 117 949 719 1687 310 357 396 2238 573 499
internal_count=15082 12244 2763 2838 2634 9481 8021 5783 1857 913 1460 204 754 5426 5116 1721 460 906 151 1103 117 949 719 1687 310 357 396 2238 573 499
is_linear=0
shrinkage=0.05


Tree=6
num_leaves=31
num_cat=0
split_feature=1 10 2 12 13 13 2 0 2 2 13 4 2 12 0 0 12 10 9 5 2 4 9 2 2 13 9 10 12 5
split_gain=56662.4 24918.4 10868.4 10384.5 8352.5 5649.39 2879.08 2778.59 3637.52 2688.75 1769.75 1471.69 1396.67 1281.47 1191.64 1188.14 1142.01 1075.51 1146.23 1051.42 785.178 753.943 641.499 586.24 585.971 648.598 581.701 561.833 558.237 556.786
threshold=14.90833333333333 1335576.1000000003 26.475000000000005 794544.52999999991 18.295000000000005 12.365 13.155000000000003 30.500000000000004 28.535000000000004 16.335000000000004 16.705000000000002 -31.569999999999997 15.205000000000002 141416.09750000006 32.500000000000007 29.500000000000004 6037.2200000000021 2378429.1500000004 20.917343500000005 0.026535756695446538 12.905000000000003 27.490000000000006 17.030151500000002 23.465000000000003 16.395000000000003 9.9850000000000012 20.917343500000005 2499882.6500000004 -346221.37999999989 0.10045204940364068
decision_type=2 2 2 2 2 2 2 2 2 2 2 2 2 2 2 2 2 2 2 2 2 2 2 2 2 2 2 2 2 2
left_child=1 5 9 4 12 7 14 8 11 15 29 -1 -2 -14 -6 -3 24 26 -19 -4 -12 -5 -10 -9 28 -26 -11 -21 -13 -7
right_child=3 2 19 21 6 10 -8 23 22 17 20 16 13 -15 -16 -17 -18 18 -20 27 -22 -23 -24 -25 25 -27 -28 -29 -30 -31
leaf_value=0.26861742852954196 0.21535095363164658 -0.051789051577742655 -0.3905349167237232 -0.15414503910083405 0.30778054189767773 0.060491356628589392 0.25530763466785372 0.04676504112613411 -0.24363089437083324 -0.15001228173599979 0.42894959825131562 0.059167462163890266 0.14022781572944318 -0.048280530840610014 0.48254522905892916 0.13484548777937519 -0.094027208680783375 -0.33930109296219824 -0.15127313757049188 -0.24986822348458834 0.16377071494918685 -0.41564332796977121 -0.099183341834993499 -0.0044367923311548173 -0.070873070020459478 -0.016317096259879506 -0.069534503879743206 -0.35980090270252352 -0.018159385237731161 0.28198209615616965
leaf_weight=40 658 420 333 94 139 1314 473 1151 245 617 46 261 1009 99 327 107 728 132 210 432 71 39 112 1087 1172 1018 353 159 2207 29
leaf_count=40 658 420 333 94 139 1314 473 1151 245 617 46 261 1009 99 327 107 728 132 210 432 71 39 112 1087 1172 1018 353 159 2207 29
internal_value=-0.000790562 -0.0474493 -0.17958 0.200509 0.221717 -0.00894294 0.342209 -0.0254096 -0.0437168 -0.109288 0.0815223 -0.0335452 0.157651 0.123385 0.430416 -0.0138955 -0.0357893 -0.147605 -0.223845 -0.31948 0.268029 -0.230825 -0.198314 0.0218962 -0.0266872 -0.0455133 -0.120725 -0.279444 -0.00998179 0.0652741
internal_weight=15082 12244 2763 2838 2705 9481 939 8021 5783 1839 1460 5426 1766 1108 466 527 5386 1312 342 924 117 133 357 2238 4658 2190 970 591 2468 1343
internal_count=15082 12244 2763 2838 2705 9481 939 8021 5783 1839 1460 5426 1766 1108 466 527 5386 1312 342 924 117 133 357 2238 4658 2190 970 591 2468 1343
is_linear=0
shrinkage=0.05


Tree=7
num_leaves=31
num_cat=0
split_feature=1 10 12 5 13 13 4 5 5 0 13 5 4 13 4 5 13 5 5 1 12 12 10 13 10 9 12 10 9 13
split_gain=51137.9 22515.1 9451.96 9258.53 7204.13 5295.16 2725.3 2400.72 2194.86 1887.76 1869.2 1755.75 1571.61 1376.08 1317.5 1088.08 1081.7 1072.04 1071.48 1059.17 811.321 777.692 721.157 653.819 607.183 710.657 584.544 574.905 532.875 630.016
threshold=14.90833333333333 1423799.1500000001 502914.81000000006 0.038602586321227726 18.295000000000005 11.805000000000001 9.5899999999999999 0.075958987336512421 0.056227158999728424 30.500000000000004 16.005000000000006 0.053205640732394761 15.515000000000001 14.005000000000001 -31.569999999999997 0.077669908593820308 7.7650000000000006 0.026535756695446538 0.067544751537492217 21.483333333333338 728875.88 979180.22499999998 64781.586000000003 6.9050000000000011 2397470.6500000004 17.851745500000003 -518064.49999999994 257107.54000000004 22.579940500000003 1.0050000000000001
decision_type=2 2 2 2 2 2 2 2 2 2 2 2 2 2 2 2 2 2 2 2 2 2 2 2 2 2 2 2 2 2
left_child=1 5 4 17 18 6 9 -6 20 11 -7 16 21 24 -13 -12 -1 -3 -2 -9 23 -4 -17 -5 -10 -26 -16 -8 29 -19
right_child=2 3 12 8 7 10 27 19 13 -11 15 14 -14 -15 26 22 -18 28 -20 -21 -22 -23 -24 -25 25 -27 -28 -29 -30 -31
leaf_value=-0.11905167834961689 0.12689758008318516 -0.37481273221495898 0.04980442331482967 -0.17509235750714489 0.24770474479601579 0.044827253643541114 -0.072352426779734622 0.35445825157966465 -0.030132564932978941 0.017275996471366902 0.11571168876900946 0.31642452683942074 -0.35496144410917319 0.19307486632994067 0.045090587501906441 0.1984094039482229 -0.041464332218271636 -0.32958227217683195 0.20978368614040555 0.51375673389062282 -0.26678559806006141 -0.18475525175205998 0.51739695619892434 -0.083449552473438673 -0.38952340877056124 -0.096694634901744528 -0.028258552853227221 -0.2345582951870846 -0.15090212678065995 -0.22007191933675513
leaf_weight=892 1124 324 84 440 453 1946 77 300 471 1994 115 29 59 60 297 34 905 301 597 160 136 61 37 349 25 121 3179 188 91 233
leaf_count=892 1124 324 84 440 453 1946 77 300 471 1994 115 29 59 60 297 34 905 301 597 160 136 61 37 349 25 121 3179 188 91 233
internal_value=-0.000751034 -0.0450768 0.190484 -0.177243 0.215878 -0.0102935 -0.0299173 0.329407 -0.103928 -0.0241964 0.0593013 -0.0397935 -0.137398 -0.0355186 -0.0191914 0.210734 -0.0799774 -0.301004 0.15565 0.409866 -0.153997 -0.0488724 0.364642 -0.134556 -0.0577481 -0.146837 -0.0219914 -0.187427 -0.262741 -0.2818
internal_weight=15082 12244 2838 2551 2634 9693 7561 913 1602 7296 2132 5302 204 677 3505 186 1797 949 1721 460 925 145 71 789 617 146 3476 265 625 534
internal_count=15082 12244 2838 2551 2634 9693 7561 913 1602 7296 2132 5302 204 677 3505 186 1797 949 1721 460 925 145 71 789 617 146 3476 265 625 534
is_linear=0
shrinkage=0.05


Tree=8
num_leaves=31
num_cat=0
split_feature=13 10 5 2 0 12 5 0 2 5 14 2 2 14 12 12 13 9 13 12 13 10 0 5 12 13 10 13 9 13
split_gain=44986.3 24594.5 8508.66 6548.25 6075.31 4328.31 3817.75 2320.04 1913.56 1836.17 1708.23 1669.9 1276.98 1084.99 959.346 949.711 939.425 938.168 929.022 899.697 883.2 777.232 761.96 715.042 655.624 628.85 611.723 601.521 574.844 566.505
threshold=15.505000000000001 1335576.1000000003 0.03744617103947654 13.225000000000003 30.500000000000004 944819.52000000025 0.038350910773495568 31.500000000000004 20.755000000000006 0.056227158999728424 15.670000000000002 35.605000000000011 13.515000000000002 16.105000000000004 25239.129999999972 -423131.16999999998 16.935000000000006 22.734055000000001 18.295000000000005 728875.88 7.7650000000000006 2280193.3500000006 27.500000000000004 0.098376797203443209 165276.20000000022 1.0000000180025095e-35 601170.97000000009 7.3050000000000006 11.461166500000003 10.905000000000003
decision_type=2 2 2 2 2 2 2 2 2 2 2 2 2 2 2 2 2 2 2 2 2 2 2 2 2 2 2 2 2 2
left_child=1 4 17 7 6 11 20 -2 13 19 12 16 15 23 29 26 -5 21 -9 27 28 25 -11 -6 -18 -3 -8 -4 -1 -14
right_child=3 2 9 5 8 -7 10 18 -10 22 -12 -13 14 -15 -16 -17 24 -19 -20 -21 -22 -23 -24 -25 -26 -27 -28 -29 -30 -31
leaf_value=-0.26310127452451582 0.21951984418858472 -0.31749322178223421 -0.16169200938972197 0.11373691454236567 0.071356158965374894 -0.20648290381607848 0.31277689533989605 0.27128727055895024 0.018325118848440333 -0.08370331340043391 0.17338863893829545 -0.19928912235423923 -0.039594538944872033 0.20164977354237559 -0.096693029949337109 0.0081958153439362202 0.22734887469478215 -0.13423365722386127 0.43256816122315289 -0.25710483233696263 -0.066086614018850562 -0.36406440699753695 0.021816295888586506 0.32639420905283523 0.092036265506210191 -0.19912937703739964 0.072014500743180929 -0.080811740382476349 -0.14001129995419387 0.00054723125034186954
leaf_weight=171 308 259 562 378 1488 82 41 117 2006 470 116 30 2452 194 535 1356 684 84 377 159 204 365 269 28 103 198 74 389 213 1370
leaf_count=171 308 259 562 378 1488 82 41 117 2006 470 116 30 2452 194 535 1356 684 84 377 159 204 365 269 28 103 198 74 389 213 1370
internal_value=-0.000713482 -0.0352427 -0.167868 0.215248 0.00041135 0.144925 -0.0286255 0.327221 0.0514524 -0.106359 -0.0166028 0.169038 -0.0203844 0.0903141 -0.0339837 0.0198956 0.178523 -0.293397 0.39437 -0.147015 -0.150161 -0.309662 -0.0452936 0.0760666 0.20964 -0.266211 0.157852 -0.128608 -0.194825 -0.0252057
internal_weight=15082 13003 2755 2079 10248 1277 6532 802 3716 1849 5944 1195 5828 1710 4357 1471 1165 906 494 1110 588 822 739 1516 787 457 115 951 384 3822
internal_count=15082 13003 2755 2079 10248 1277 6532 802 3716 1849 5944 1195 5828 1710 4357 1471 1165 906 494 1110 588 822 739 1516 787 457 115 951 384 3822
is_linear=0
shrinkage=0.05


Tree=9
num_leaves=31
num_cat=0
split_feature=13 10 2 5 12 14 0 0 0 5 5 2 12 2 5 13 5 10 13 13 13 13 10 4 2 13 2 12 12 13
split_gain=40600.2 22216.1 10854 5926.79 3972.58 3956.31 2716.55 2564.26 2065.87 1823.29 1591.9 1527.55 1157.13 1119.43 970.507 954.638 889.154 862.173 822.863 729.097 709.412 598.13 591.141 518.02 499.185 494.713 445.964 421.262 389.488 400.357
threshold=15.505000000000001 941111.90000000014 26.475000000000005 0.077249908994884514 944819.52000000025 14.890000000000002 21.500000000000004 30.500000000000004 31.500000000000004 0.060845757937900209 0.040120361088093144 35.605000000000011 728875.88 34.600000000000009 0.063673991575003405 19.165000000000003 0.089565616747365503 79.382458000000014 7.7650000000000006 17.305000000000003 11.635000000000003 9.1050000000000022 2415925.5000000005 -11.074999999999998 12.605000000000002 10.905000000000003 40.155000000000008 -746998.09999999974 165276.20000000022 16.935000000000006
decision_type=2 2 2 2 2 2 2 2 2 2 2 2 2 2 2 2 2 2 2 2 2 2 2 2 2 2 2 2 2 2
left_child=1 5 7 4 11 6 10 9 -5 12 21 15 18 22 20 28 25 -18 -3 -10 -8 -1 -4 -16 -9 27 -6 -12 29 -2
right_child=3 2 13 8 26 -7 14 24 19 -11 16 -13 -14 -15 23 -17 17 -19 -20 -21 -22 -23 -24 -25 -26 -27 -28 -29 -30 -31
leaf_value=-0.15574762538685283 0.11469426740329168 -0.14538758179148967 -0.1926756768645678 0.21173500012260763 -0.11893599615187239 0.14357157197437312 0.0052318182923770497 0.2364677424632734 0.23707925081356712 -0.034630533300940042 0.097797042689454119 -0.18932466862102351 -0.25038309947188414 -0.32310018534714846 0.33644224208864304 0.23894621179234693 0.027293860681583078 0.23737152697610076 -0.069420930412149306 0.40925007226303789 0.055595574530847708 -0.042946742513530548 -0.30412119265576326 0.088343994095617204 0.026390302485297581 0.002636127357348229 -0.37222665977478031 -0.035100687746719199 0.042362082852371807 0.18755772288570682
leaf_weight=281 349 874 456 289 57 515 1861 31 73 746 61 30 175 488 22 369 245 61 602 390 1120 202 161 482 322 1645 25 2653 87 410
leaf_count=281 349 874 456 289 57 515 1861 31 73 746 61 30 175 488 22 369 245 61 602 390 1120 202 161 482 322 1645 25 2653 87 410
internal_value=-0.000677808 -0.0334805 -0.134158 0.204485 0.140934 0.00894541 0.000914311 -0.0809758 0.31663 -0.0995042 -0.0221627 0.163136 -0.128817 -0.266513 0.0350034 0.171838 -0.0132162 0.0691721 -0.114404 0.382104 0.0241541 -0.108572 -0.221756 0.0991737 0.044839 -0.0189998 -0.196159 -0.0321137 0.142568 0.154054
internal_weight=15082 13003 3855 2079 1327 9148 8633 2750 752 2397 5148 1245 1651 1105 3485 1215 4665 306 1476 463 2981 483 617 504 353 4359 82 2714 846 759
internal_count=15082 13003 3855 2079 1327 9148 8633 2750 752 2397 5148 1245 1651 1105 3485 1215 4665 306 1476 463 2981 483 617 504 353 4359 82 2714 846 759
is_linear=0
shrinkage=0.05


Tree=10
num_leaves=31
num_cat=0
split_feature=1 10 13 9 4 5 2 4 2 1 10 10 0 0 10 10 4 5 0 9 2 13 1 10 0 2 11 4 9 9
split_gain=38390.6 13158.8 11571.9 5080.15 3911.42 3109.57 2405.78 2359.89 2091.51 2067.88 1859.76 1622.33 1298.29 1279.29 1220.59 1135.64 902.925 829.13 1109.51 807.346 777.888 739.057 686.722 679.962 560.405 556.216 492.737 491.695 480.166 445.163
threshold=12.270000000000001 1628285.7500000002 16.605000000000004 23.482544000000004 10.415000000000004 0.080160327092713299 29.755000000000006 16.715 29.145000000000003 17.401666666666671 351522.68500000006 2499882.6500000004 28.500000000000004 32.500000000000007 932660.75000000012 1344457.2000000004 -31.569999999999997 0.064123118863176023 31.500000000000004 22.734055000000001 13.935 12.185 20.961666666666662 180365.25000000003 21.500000000000004 19.965000000000003 -2.2143250000000001 21.525000000000002 11.536499000000001 19.611373500000003
decision_type=2 2 2 2 2 2 2 2 2 2 2 2 2 2 2 2 2 2 2 2 2 2 2 2 2 2 2 2 2 2
left_child=1 6 4 8 9 7 12 15 11 17 -8 24 14 -7 16 22 -1 18 23 -17 -14 -5 -4 -2 -3 -16 -11 -6 -22 -25
right_child=2 3 5 21 27 13 10 -9 -10 26 -12 -13 20 -15 25 19 -18 -19 -20 -21 28 -23 -24 29 -26 -27 -28 -29 -30 -31
leaf_value=0.25040163551767669 0.026521133311473044 -0.22167699376402572 0.18280140732770278 -0.072882557861553177 -0.14609301356332643 0.21776495962118614 -0.039091873153463456 -0.28168047142348124 -0.30437156801546839 -0.048004892095923429 -0.20608726662999774 -0.3011977515404341 0.12714084006523127 0.37823879226800439 -0.050705503003012881 -0.092643008261161341 -0.024827197481283567 0.09543946054499991 0.059404334940289433 0.16677464545994511 -0.015122590922369401 0.13540811936330538 0.29798679760639457 -0.13183066790650896 -0.10618932470083671 -0.12410701027256438 0.18513316922541936 -0.3582887971821504 0.040632533506083035 0.011436968514074882
leaf_weight=30 316 139 736 574 91 196 338 28 559 24 329 196 141 339 588 59 4451 913 1657 61 1077 46 157 164 430 460 407 39 602 81
leaf_count=30 316 139 736 574 91 196 338 28 559 24 329 196 141 339 588 59 4451 913 1657 61 1077 46 157 164 430 460 407 39 602 81
internal_value=-0.00110556 -0.0588426 0.108055 -0.175545 0.0596385 0.221479 -0.0305405 0.17113 -0.230856 0.0694703 -0.121463 -0.177136 -0.0222884 0.319448 -0.0343458 0.183646 -0.0229846 0.0553357 0.0388277 0.0392276 0.014341 -0.0574287 0.203052 -0.0219486 -0.134402 -0.0829237 0.172151 -0.209752 0.00486823 -0.0844646
internal_weight=15228 9960 5268 1944 3692 1576 8016 1041 1324 3562 667 765 7349 535 5529 1013 4481 3131 2218 120 1820 620 893 561 569 1048 431 130 1679 245
internal_count=15228 9960 5268 1944 3692 1576 8016 1041 1324 3562 667 765 7349 535 5529 1013 4481 3131 2218 120 1820 620 893 561 569 1048 431 130 1679 245
is_linear=0
shrinkage=0.05


Tree=11
num_leaves=31
num_cat=0
split_feature=1 10 2 2 12 13 13 12 2 1 2 13 1 12 1 5 1 4 12 12 1 1 10 13 12 10 12 0 1 5
split_gain=34798.5 13368.3 7057.35 5165.84 4481.24 3639.16 2878.92 2515.99 1360.73 1306.07 1236.36 994.862 989.914 878.616 1033.74 967.728 861.191 790.702 691.354 677.179 596.282 590.948 577.239 627.261 562.082 561.304 550.472 540.756 471.654 469.757
threshold=13.51666666666666 1628285.7500000002 16.155000000000005 22.055000000000003 658895.67000000004 18.295000000000005 11.635000000000003 25239.129999999972 23.765000000000004 16.761666666666663 31.805000000000003 16.605000000000004 21.483333333333338 -1394589.3749999998 10.255000000000001 0.049248954020562875 7.4683333333333275 7.8750000000000009 -36312.900000000001 165276.20000000022 17.254999999999999 1.0000000180025095e-35 477981.97000000003 8.0050000000000008 -518064.49999999994 2753257.3500000006 -375980.96999999991 31.500000000000004 9.1716666666666686 0.089565616747365503
decision_type=2 2 2 2 2 2 2 2 2 2 2 2 2 2 2 2 2 2 2 2 2 2 2 2 2 2 2 2 2 2
left_child=1 6 5 16 9 20 7 13 28 27 25 26 29 -1 15 22 19 -11 -18 -3 -2 -17 -15 -24 -23 -5 -8 -4 -9 -7
right_child=2 3 4 10 -6 12 11 8 -10 17 -12 -13 -14 14 -16 21 18 -19 -20 -21 -22 24 23 -25 -26 -27 -28 -29 -30 -31
leaf_value=0.10054275231410026 0.11851077394782084 -0.095777911732695689 -0.023347623750290022 -0.16711672392268184 -0.18029351239558311 0.21130531328544022 0.18309628878466108 -0.1248121228096836 -0.1795096034432776 0.15795596886175742 -0.29379985889230492 0.19862756113929864 0.37681524379045839 -0.048559606085206972 -0.0082576200208352175 0.21993112713098528 0.042046666116014049 -2.8324541118409899e-05 -0.074406357777209498 -0.26353219869809275 0.19729720265133663 0.036300939911059357 -0.16010447613054724 -0.015384904488405966 -0.044386634454976925 -0.28854320943031625 0.02243120886263332 0.069344463965257175 -0.037096553089371487 0.31420007580997084
leaf_weight=144 738 263 188 552 170 300 55 218 382 660 472 89 224 399 3809 24 197 90 361 78 356 262 368 94 1225 115 1738 965 516 176
leaf_count=144 738 263 188 552 170 300 55 218 382 660 472 89 224 399 3809 24 197 90 361 78 356 262 368 94 1225 115 1738 965 516 176
internal_value=-0.00105028 -0.0451471 0.128503 -0.161152 0.0656664 0.201113 -0.0197886 -0.033762 -0.102978 0.0876387 -0.231874 0.0354589 0.290139 -0.0215493 -0.0243937 -0.0503054 -0.0715491 0.138998 -0.033293 -0.13415 0.144149 -0.0261975 -0.0926131 -0.130659 -0.03017 -0.188052 0.0273596 0.0542307 -0.0631483 0.24935
internal_weight=15228 11361 3867 2038 2073 1794 9323 7441 1116 1903 1139 1882 700 6325 6181 2372 899 750 558 341 1094 1511 861 462 1487 667 1793 1153 734 476
internal_count=15228 11361 3867 2038 2073 1794 9323 7441 1116 1903 1139 1882 700 6325 6181 2372 899 750 558 341 1094 1511 861 462 1487 667 1793 1153 734 476
is_linear=0
shrinkage=0.05


Tree=12
num_leaves=31
num_cat=0
split_feature=1 10 13 9 12 12 4 1 1 12 13 12 4 10 4 10 2 12 12 0 1 2 9 0 4 1 1 0 9 9
split_gain=31495.3 10714.5 9627.83 4341.33 3776.46 3328.77 2514.14 1799.61 1508.24 1486.62 1292.12 1266.35 1143.05 1140.91 939.203 872.724 871.369 857.056 806.494 670.567 643.96 606.952 593.325 577.302 532.469 524.75 524.151 521.582 470.101 1360.39
threshold=12.22833333333333 1728474.4000000001 16.605000000000004 23.136123500000004 235797.12000000005 502914.81000000006 7.0499999999999989 20.486666666666668 15.191666666666668 -423131.16999999998 10.905000000000003 25239.129999999972 10.415000000000004 2593127.2000000007 -1.6249999999999998 379896.59000000008 31.805000000000003 -1502559.45 -76172.569999999934 26.500000000000004 1.0000000180025095e-35 12.365 21.523453000000003 31.500000000000004 7.8750000000000009 17.680000000000003 8.2933333333333294 31.500000000000004 5.9498596500000014 9.4722440000000017
decision_type=2 2 2 2 2 2 2 2 2 2 2 2 2 2 2 2 2 2 2 2 2 2 2 2 2 2 2 2 2 2
left_child=1 6 4 9 8 7 10 14 -2 -3 11 17 27 16 -4 -8 -11 -1 -12 -5 -19 28 -17 -7 25 -10 -13 -6 -9 -30
right_child=2 3 5 19 12 23 15 21 24 13 18 26 -14 -15 -16 22 -18 20 -20 -21 -22 -23 -24 -25 -26 -27 -28 -29 29 -31
leaf_value=0.11449293776689462 0.045665970362980923 -0.020521889550790158 0.25597728115913759 -0.093557899697125843 -0.09785963572871853 -0.11716118122088826 -0.052958287358550099 0.22173329753967536 0.10041984380529888 -0.16725327584227015 0.10242443580039165 -0.15309948849546562 -0.26487296778318842 -0.31690373706397107 0.15755027052384599 -0.20391435142766756 -0.28378120504459764 0.2102656981774739 -0.00011064711418193643 0.019070496002132134 -0.030293832126517456 0.25508349062416885 -0.0095474919428428021 0.15031971759521046 -0.027457583988787698 0.17550590052351095 -0.065830815301870044 0.065935937910160031 0.69638971839632313 0.33601175288741408
leaf_weight=107 2292 84 359 424 177 90 224 35 728 501 211 255 86 326 746 308 236 28 2105 192 4322 183 45 26 61 342 529 67 35 104
leaf_count=107 2292 84 359 424 177 90 224 35 728 501 211 255 86 326 746 308 236 28 2105 192 4322 183 45 26 61 342 529 67 35 104
internal_value=-0.00099777 -0.0537722 0.096978 -0.165518 0.0534073 0.200603 -0.029552 0.221059 0.0689805 -0.223017 -0.0218708 -0.0356147 -0.108129 -0.239019 0.189528 -0.130152 -0.204568 -0.0253067 0.00923085 -0.0584529 -0.0287454 0.318655 -0.179137 -0.0572086 0.116228 0.124419 -0.0942154 -0.052883 0.385515 0.426754
internal_weight=15228 9897 5331 1763 3753 1578 8134 1462 3423 1147 7557 5241 330 1063 1105 577 737 4457 2316 616 4350 357 353 116 1131 1070 784 244 174 139
internal_count=15228 9897 5331 1763 3753 1578 8134 1462 3423 1147 7557 5241 330 1063 1105 577 737 4457 2316 616 4350 357 353 116 1131 1070 784 244 174 139
is_linear=0
shrinkage=0.05


Tree=13
num_leaves=31
num_cat=0
split_feature=1 10 13 2 4 2 4 5 13 9 1 0 1 10 1 10 2 9 2 10 4 13 10 13 7 9 2 9 10 0
split_gain=28458.8 10294.2 7079.15 4328.7 2821.67 2442.26 2065.42 1964.38 1411.42 1351.79 1333.66 967.504 943.002 900.218 883.457 835.326 806.999 772.294 740.73 725.062 712.123 655.602 599.918 595.946 590.381 580.075 540.321 530.064 512.76 435.349
threshold=12.876666666666665 1587270.7500000002 16.605000000000004 21.765000000000004 7.8750000000000009 30.245000000000001 7.0499999999999989 0.087680850900254514 11.245000000000003 22.824646000000005 17.401666666666671 30.500000000000004 21.483333333333338 835832.38000000012 0.1883333333333316 2593127.2000000007 19.965000000000003 24.493530500000002 32.395000000000003 2355942.2500000005 21.525000000000002 13.735000000000001 1344457.2000000004 12.485000000000001 2.5000000000000004 12.647522 31.805000000000003 22.734055000000001 1335576.1000000003 41.500000000000007
decision_type=2 2 2 2 2 2 2 2 2 2 2 2 2 2 2 2 2 2 2 2 2 2 2 2 2 2 2 2 2 2
left_child=1 6 4 17 10 7 8 12 13 15 24 -9 22 14 -1 25 -15 19 -8 -3 -6 -10 -4 -19 -2 26 -5 -24 -26 -13
right_child=2 3 5 9 20 -7 18 11 21 -11 -12 29 -14 16 -16 -17 -18 23 -20 -21 -22 -23 27 -25 28 -27 -28 -29 -30 -31
leaf_value=0.18068772634225233 0.089690689770233742 -0.065561768209463633 0.16413594231026954 -0.18616007649424404 -0.080064549921139802 -0.16461710914018307 -0.078714650209988524 0.17096532453216762 0.009584024188424918 -0.097170286627398655 0.15502663980281406 0.38172372192416559 0.27424799871527489 -0.031442696830987445 -0.019139926911948584 -0.30651033661461308 -0.10932197788734033 -0.033775660324167338 -0.20732832676307722 -0.20025172000085667 -0.32662595618102286 0.093873423285527391 -0.0842714246614681 0.1492386780843577 0.044923517424696663 -0.14520359786569875 -0.29971188326179982 0.13274279467638253 -0.085248173002037228 0.21401382930814586
leaf_weight=56 876 349 853 220 157 47 410 102 1878 223 409 219 180 828 4498 280 556 348 154 140 36 263 48 51 1392 260 200 68 80 47
leaf_count=56 876 349 853 220 157 47 410 102 1878 223 409 219 180 828 4498 280 556 348 154 140 36 263 48 51 1392 260 200 68 80 47
internal_value=-0.000947881 -0.0453151 0.104358 -0.145438 0.0587661 0.190353 -0.0213241 0.20135 -0.0148661 -0.208066 0.0717043 0.301888 0.169151 -0.027415 -0.0166827 -0.233826 -0.0627295 -0.0620034 -0.113833 -0.104123 -0.126055 0.0199381 0.149628 -0.0103829 0.0571903 -0.203898 -0.240232 0.0429438 0.037849 0.352091
internal_weight=15228 10714 4514 2071 2950 1564 8643 1517 8079 1183 2757 368 1149 5938 4554 960 1384 888 564 489 193 2141 969 399 2348 680 420 116 1472 266
internal_count=15228 10714 4514 2071 2950 1564 8643 1517 8079 1183 2757 368 1149 5938 4554 960 1384 888 564 489 193 2141 969 399 2348 680 420 116 1472 266
is_linear=0
shrinkage=0.05


Tree=14
num_leaves=31
num_cat=0
split_feature=1 10 13 9 12 12 2 5 10 12 1 0 12 5 10 1 5 0 5 4 0 0 13 2 12 2 0 13 0 7
split_gain=25763.3 8734 7818.86 3558.79 3219.61 2789.03 2172.89 1526.49 1493.53 1286.78 1268.56 1118.18 1140.21 942.068 926.633 825.33 823.922 743.309 712.242 698.84 585.217 521.656 515.985 588.491 466.923 458.372 443.506 437.553 430.303 424.055
threshold=12.22833333333333 1728474.4000000001 16.605000000000004 23.136123500000004 235797.12000000005 482790.85000000003 29.755000000000006 0.089565616747365503 137326.82000000004 -423131.16999999998 15.191666666666668 28.500000000000004 32360.08000000002 0.044732722222889119 2593127.2000000007 20.961666666666662 0.077249908994884514 30.500000000000004 0.032921810507796842 -31.569999999999997 26.500000000000004 31.500000000000004 9.9150000000000009 18.075000000000003 -386221.64999999991 15.605000000000002 41.500000000000007 1.0000000180025095e-35 28.500000000000004 2.5000000000000004
decision_type=2 2 2 2 2 2 2 2 2 2 2 2 2 2 2 2 2 2 2 2 2 2 2 2 2 2 2 2 2 2
left_child=1 6 4 9 10 7 11 15 -8 -3 29 12 19 -6 18 -4 24 -9 -11 -1 -5 -7 23 -21 -13 -12 -19 -10 -15 -2
right_child=2 3 5 20 13 21 8 17 27 14 25 16 -14 28 -16 -17 -18 26 -20 22 -22 -23 -24 -25 -26 -27 -28 -29 -30 -31
leaf_value=0.19541433483764933 0.06990795868417049 -0.013188287423552193 0.15220632496636002 -0.085380714795239745 -0.21101200769304254 -0.10836961633404313 -0.029062773348733546 0.17437470964286278 -0.21910687550070121 -0.24913103713129053 0.14969233729295092 0.090568124505434527 -0.087513034697090056 -0.11146531632743926 -0.28666051910573082 0.2633359288897219 0.17215949493926019 0.37467705551243857 -0.14749911355322884 -0.019567481810160894 0.019836089949906942 0.14158432218763564 -0.0049615508207687588 -0.068642749032251704 -0.00010459858545892772 0.082884305652630302 0.20331313486428973 -0.11088429926443966 0.03253319565582713 0.025194502672125637
leaf_weight=37 833 84 923 424 122 92 310 93 235 275 394 156 744 99 326 204 80 192 462 1650 192 27 2217 970 1580 737 47 155 109 1459
leaf_count=37 833 84 923 424 122 92 310 93 235 275 394 156 744 99 326 204 80 192 462 1650 192 27 2217 970 1580 737 47 155 109 1459
internal_value=-0.000900487 -0.0486316 0.0877123 -0.149522 0.0484477 0.181097 -0.0267641 0.200081 -0.110981 -0.201582 0.0628269 -0.0188341 -0.0298592 -0.100704 -0.216469 0.172322 0.0152732 0.294309 -0.185421 -0.0210585 -0.0525859 -0.0516574 -0.0227144 -0.0377366 0.00804341 0.106158 0.340978 -0.176095 -0.0360046 0.0414451
internal_weight=15228 9897 5331 1763 3753 1578 8134 1459 700 1147 3423 7434 5618 330 1063 1127 1816 332 737 4874 616 119 4837 2620 1736 1131 239 390 208 2292
internal_count=15228 9897 5331 1763 3753 1578 8134 1459 700 1147 3423 7434 5618 330 1063 1127 1816 332 737 4874 616 119 4837 2620 1736 1131 239 390 208 2292
is_linear=0
shrinkage=0.05


Tree=15
num_leaves=31
num_cat=0
split_feature=1 10 2 12 9 13 5 10 0 1 12 9 2 12 0 13 1 12 9 2 2 0 12 0 9 9 13 12 7 12
split_gain=22826.1 8253.99 6255.26 4120.63 3539.47 3014.7 2322.6 2433.97 1624.14 1394.8 973.805 820.063 808.04 759.716 732.299 684.552 680.284 662.151 724.024 640.074 629.327 612.926 906.823 604.112 770.382 1207.55 549.312 536.103 543.493 471.317
threshold=12.778333333333331 1790761.9500000002 14.785000000000002 728875.88 23.959747500000002 19.625000000000004 0.046871338554099744 361614.38000000006 29.500000000000004 16.656666666666663 -423131.16999999998 4.9957581500000012 12.605000000000002 -518064.49999999994 28.500000000000004 5.9850000000000012 10.009999999999996 -774468.09999999998 19.102554000000001 9.1350000000000033 11.625000000000002 30.500000000000004 1450.7799999999932 32.500000000000007 9.4722440000000017 7.7770080000000013 12.775 -375980.96999999991 3.5000000000000004 9510.1350000000693
decision_type=2 2 2 2 2 2 2 2 2 2 2 2 2 2 2 2 2 2 2 2 2 2 2 2 2 2 2 2 2 2
left_child=1 6 5 9 10 14 7 -1 13 -4 -3 -7 -10 20 29 -12 -15 -9 -19 -16 -8 22 -11 -13 25 -25 -6 28 -14 -2
right_child=2 4 3 -5 26 11 8 17 12 21 15 23 27 16 19 -17 -18 18 -20 -21 -22 -23 -24 24 -26 -27 -28 -29 -30 -31
leaf_value=-0.018920541837901757 0.11275958233140766 -0.032918749644622124 0.041908564514454918 -0.16011718587646651 -0.051300494054456927 0.044872645754367113 0.25941210128367087 0.037587624774979699 0.20851101516500903 0.11649885520660619 -0.23817592595490319 0.19564841367549948 0.23089250606903133 -0.051322517221679187 0.36050289729166601 -0.15428865847222831 -0.0083924295479567111 -0.14514330287102725 -0.05465800219812178 0.15796972530528378 0.031658220078051094 0.13807519740878341 -0.10113696750406534 0.30002464013117736 0.30218458207997873 0.75090369990578409 0.13905639568934355 0.027277818329713922 0.015640180521443777 -0.0097892745514400314
leaf_weight=1733 533 88 1865 215 501 32 33 70 76 139 638 91 69 1317 42 393 3083 825 302 548 375 734 73 33 235 27 41 954 51 92
leaf_count=1733 533 88 1865 215 501 32 33 70 76 139 638 91 69 1317 42 393 3083 825 302 548 375 734 73 33 235 27 41 954 51 92
internal_value=0.00124265 -0.0394664 0.0934169 0.0508565 -0.141775 0.172282 -0.0203468 -0.0567946 -0.00242264 0.0669929 -0.192572 0.288107 0.0509557 -0.0151899 0.132435 -0.206199 -0.0212422 -0.111628 -0.120896 0.172387 0.0500795 0.116446 0.0415582 0.308271 0.343012 0.50292 -0.0369008 0.0398066 0.13941 0.0947204
internal_weight=15208 10549 4659 3026 1661 1633 8888 2930 5958 2811 1119 418 1150 4808 1215 1031 4400 1197 1127 590 408 946 212 386 295 60 542 1074 120 625
internal_count=15208 10549 4659 3026 1661 1633 8888 2930 5958 2811 1119 418 1150 4808 1215 1031 4400 1197 1127 590 408 946 212 386 295 60 542 1074 120 625
is_linear=0
shrinkage=0.05


Tree=16
num_leaves=31
num_cat=0
split_feature=1 10 2 12 2 13 12 1 2 12 1 9 0 1 10 10 11 9 0 5 13 12 0 12 0 10 12 4 0 4
split_gain=20603.3 7561.08 5543.32 3674.89 3087.82 2693.79 1636.72 1207.58 1087.29 1074.39 1166.66 1007.88 822.191 812.443 688.551 644.64 663.816 634.219 623.751 618.515 612.502 611.211 553.166 818.408 516.296 499.675 489.224 486.115 478.415 475.669
threshold=12.876666666666665 1587270.7500000002 14.785000000000002 728875.88 20.925000000000004 20.125000000000004 25239.129999999972 16.656666666666663 23.765000000000004 -746998.09999999974 10.61333333333333 22.824646000000005 28.500000000000004 1.0000000180025095e-35 748914.88000000012 2593127.2000000007 0.070099099999999762 4.9957581500000012 26.500000000000004 0.10045204940364068 8.2950000000000017 -449746.04999999976 30.500000000000004 1450.7799999999932 12.500000000000002 835832.38000000012 1021284.8500000001 10.415000000000004 29.500000000000004 36.425000000000004
decision_type=2 2 2 2 2 2 2 2 2 2 2 2 2 2 2 2 2 2 2 2 2 2 2 2 2 2 2 2 2 2
left_child=1 6 5 7 18 12 9 27 28 14 13 15 24 -11 -1 16 -6 -7 -3 -14 25 -18 23 -9 -2 -15 -20 -4 -8 -5
right_child=2 4 3 29 11 17 8 22 -10 10 -12 -13 19 20 -16 -17 21 -19 26 -21 -22 -23 -24 -25 -26 -27 -28 -29 -30 -31
leaf_value=0.15660356796098251 0.13033548358204425 -0.084764636875603205 0.044110704398918149 -0.11755853787916047 -0.23337026591668658 0.042062601730551409 -0.063423369857290288 0.11067391318409779 -0.13798017121852918 0.21036803577885485 0.0051694979078808385 -0.082774375235289341 0.15308828113309167 -0.042707342494498285 0.021889551640366378 -0.25954724740884583 0.070457829754142207 0.31463081979922752 0.023194138491166895 0.29690546033860643 -0.017037316089986602 -0.14993162575253063 0.13117143717830448 -0.09608011985172149 0.038855136782985251 -0.10757434940313514 -0.19501081907323428 -0.15888188243533174 0.016957976675490875 -0.31712772051493326
leaf_weight=150 369 447 1745 175 262 23 575 139 395 33 4082 250 572 935 258 279 34 296 311 86 1497 421 734 73 265 435 28 30 273 36
leaf_count=150 369 447 1745 175 262 23 575 139 395 33 4082 250 572 935 258 279 34 296 311 86 1497 421 734 73 265 435 28 30 273 36
internal_value=0.00118051 -0.0368029 0.0903491 0.0494089 -0.123579 0.16486 -0.0163779 0.0649968 -0.0694618 -0.00744912 -0.0120577 -0.172533 0.132733 -0.0363065 0.0714168 -0.195063 -0.16997 0.294979 -0.0459755 0.171885 -0.0391458 -0.133463 0.110623 0.0394803 0.0920984 -0.0633038 0.00517131 0.0406798 -0.0375459 -0.151608
internal_weight=15208 10665 4543 2932 2032 1611 8633 2721 1243 7390 6982 1246 1292 2900 408 996 717 319 786 658 2867 455 946 212 634 1370 339 1775 848 211
internal_count=15208 10665 4543 2932 2032 1611 8633 2721 1243 7390 6982 1246 1292 2900 408 996 717 319 786 658 2867 455 946 212 634 1370 339 1775 848 211
is_linear=0
shrinkage=0.05


Tree=17
num_leaves=31
num_cat=0
split_feature=13 10 2 5 14 10 13 0 12 0 2 12 2 9 12 9 2 13 13 4 12 4 13 13 5 10 0 9 9 2
split_gain=18097.5 9743.67 5135.65 3348.95 2330.36 2021.78 1985.87 1377.86 1207.82 1208.01 1039.24 935.362 844.81 808.408 645.095 582.143 579.522 549.713 528.993 516.688 456.87 450.195 447.655 445.322 439.639 509.375 426.305 535.894 842.57 566.333
threshold=14.865 941111.90000000014 23.565000000000001 0.061293290384822986 14.890000000000002 1728474.4000000001 19.625000000000004 26.500000000000004 -746998.09999999974 30.500000000000004 34.055000000000007 794544.52999999991 24.125000000000004 4.9957581500000012 375.69104999999996 22.470627000000004 22.835000000000004 8.3550000000000022 7.7650000000000006 15.515000000000001 -171421.89999999988 -1.7699999999999985 19.305000000000003 2.9700000000000006 0.089565616747365503 79.382458000000014 32.500000000000007 10.296600000000003 7.7770080000000013 10.755000000000001
decision_type=2 2 2 2 2 2 2 2 2 2 2 2 2 2 2 2 2 2 2 2 2 2 2 2 2 2 2 2 2 2
left_child=1 4 7 5 8 19 21 11 -1 12 20 17 24 -8 23 -7 -11 -3 -14 22 -4 -5 -2 -9 -10 -26 -15 28 -28 -30
right_child=3 2 10 6 -6 15 13 14 9 16 -12 -13 18 26 -16 -17 -18 -19 -20 -21 -22 -23 -24 -25 25 -27 27 -29 29 -31
leaf_value=0.11052569989650014 0.06825727745825054 -0.08970014242062517 -0.060210406606898498 0.17146429541971342 0.10726479269580087 -0.19165380199766269 0.043854852463118738 -0.018913560798091273 -0.01541116717907857 0.044063636592476967 -0.22269828291153537 -0.21933796940687694 -0.12192190139259106 0.18918240833862696 -0.034692652202303227 0.067152635806373193 -0.00071763783123638628 -0.020609866387859315 -0.027471658195984568 -0.16481986803313098 -0.14998243167793421 0.10268485212435899 0.15480282137794621 0.087930757280070868 0.02127190470883359 0.21238673939142469 0.24614808831650478 0.26593917593927474 0.37632712859660389 0.74395154958421539
leaf_weight=235 728 793 173 401 526 97 42 155 4392 1435 500 106 298 113 532 28 1455 452 295 21 784 585 188 263 233 41 39 256 20 22
leaf_count=235 728 793 173 401 526 97 42 155 4392 1435 500 106 298 113 532 28 1455 452 295 21 784 585 188 263 233 41 39 256 20 22
internal_value=0.00112149 -0.0233019 -0.0908227 0.122931 0.0051766 0.0552004 0.171597 -0.0443112 -0.00122827 -0.00445102 -0.164277 -0.0767563 -0.0187219 0.253645 0.00182915 -0.133681 0.021518 -0.0646168 -0.0749357 0.0803981 -0.133754 0.130657 0.0860199 0.0483115 -0.0115777 0.0498694 0.273225 0.301406 0.413497 0.568892
internal_weight=15208 12668 3758 2540 8910 1062 1478 2301 8384 8149 1457 1351 5259 492 950 125 2890 1245 593 937 957 986 916 418 4666 274 450 337 81 42
internal_count=15208 12668 3758 2540 8910 1062 1478 2301 8384 8149 1457 1351 5259 492 950 125 2890 1245 593 937 957 986 916 418 4666 274 450 337 81 42
is_linear=0
shrinkage=0.05


Tree=18
num_leaves=31
num_cat=0
split_feature=1 10 13 12 9 2 2 10 1 10 12 1 12 5 0 9 2 4 10 2 2 4 2 2 12 12 1 13 9 11
split_gain=17102.8 6004.32 5140.81 2591.66 2565.66 2030.59 1704.73 1830.34 1188.65 1166.88 1086.37 858.008 805.571 756.525 756.059 593.88 588.368 574.346 566.244 497.894 478.42 475.109 466.486 452.254 412.833 408.594 409.745 389.651 389.045 655.133
threshold=12.270000000000001 1790761.9500000002 17.425000000000004 794544.52999999991 24.035599000000001 16.335000000000004 17.625000000000004 669376.35000000021 15.601666666666668 1966873.4000000001 -289787.96999999974 20.048333333333328 -664414.12499999988 0.032325844312208189 31.500000000000004 4.9957581500000012 11.525 -6.4199999999999999 2593127.2000000007 12.185 29.145000000000003 9.9450000000000021 11.345000000000001 10.135000000000003 132424.32000000001 -1004253.7499999999 10.938333333333331 11.365 9.4722440000000017 1.1734464000000011
decision_type=2 2 2 2 2 2 2 2 2 2 2 2 2 2 2 2 2 2 2 2 2 2 2 2 2 2 2 2 2 2
left_child=1 6 3 8 12 11 10 25 21 -7 16 17 -3 -9 -12 -13 -1 23 20 -16 -14 -2 -10 -4 -24 -8 -27 -18 29 -17
right_child=2 4 5 -5 -6 9 7 13 22 -11 14 15 18 -15 19 28 27 -19 -20 -21 -22 -23 24 -25 -26 26 -28 -29 -30 -31
leaf_value=0.22755455815888667 0.037770633611264738 0.044181160836718802 0.49192765393982762 -0.14937962146884784 -0.032747888696879342 0.097435486998142265 0.17519363998262971 -0.16531945633149125 0.18450564856712637 -0.1799050350629148 -0.014464377428102002 0.043708862184926318 -0.11559173211878415 -0.07032294876039337 0.26716334218425408 0.29885957803091279 0.036717963574963049 0.15067664786423091 -0.22807517749750517 0.046700389532372356 -0.19813340660852019 -0.12098882413314034 0.093721732059821122 0.17483049035072329 -0.01767337628752812 -0.040292923604234351 -0.0026703648344617663 0.18076616333059548 0.2501018364609468 0.61220229173248475
leaf_weight=54 2586 43 23 164 511 391 27 251 130 42 2977 27 410 1270 28 69 411 518 356 300 307 48 967 22 91 1356 1552 53 202 22
leaf_count=54 2586 43 23 164 511 391 27 251 130 42 2977 27 410 1270 28 69 411 518 356 300 307 48 967 22 91 1356 1552 53 202 22
internal_value=0.00106541 -0.0377262 0.0735417 0.0452523 -0.125537 0.159227 -0.0204695 -0.0414849 0.0536038 0.0705341 0.0040256 0.20272 -0.168024 -0.0859996 -0.0065264 0.268095 0.0713506 0.165561 -0.176528 0.0655204 -0.150934 0.0348775 0.0951232 0.336902 0.0841405 -0.0184161 -0.0202138 0.0531717 0.288772 0.374613
internal_weight=15208 9906 5302 3986 1627 1316 8279 4456 3822 433 3823 883 1116 1521 3305 320 518 563 1073 328 717 2634 1188 45 1058 2935 2908 464 293 91
internal_count=15208 9906 5302 3986 1627 1316 8279 4456 3822 433 3823 883 1116 1521 3305 320 518 563 1073 328 717 2634 1188 45 1058 2935 2908 464 293 91
is_linear=0
shrinkage=0.05


Tree=19
num_leaves=31
num_cat=0
split_feature=1 10 13 4 9 2 2 10 1 10 0 0 5 2 10 7 9 9 3 0 9 9 0 4 7 9 11 7 10 10
split_gain=15445.4 5206.51 5071.41 2315.74 2222.2 1842.59 1582.69 1311.58 1256.35 1054.27 988.386 802.122 734.181 680.095 668.77 666.726 521.669 1490.52 1066.46 521.609 565.266 512.302 649.898 481.031 447.977 469.734 438.813 468.329 491.962 435.929
threshold=12.00333333333333 1790761.9500000002 17.425000000000004 13.525000000000002 23.136123500000004 16.335000000000004 21.265000000000004 269952.32500000007 16.141666666666669 1760994.3500000003 29.500000000000004 30.500000000000004 0.082542310176515504 10.755000000000001 2593127.2000000007 2.5000000000000004 9.4722440000000017 6.7021178500000014 12.815000000000003 24.500000000000004 12.757736000000001 19.254699500000005 21.500000000000004 -31.569999999999997 3.5000000000000004 11.821167000000001 -1.1652224999999994 1.5000000000000002 409761.23000000004 1335576.1000000003
decision_type=2 2 2 2 2 2 2 2 2 2 2 2 2 2 2 2 2 2 2 2 2 2 2 2 2 2 2 2 2 2
left_child=1 6 3 8 14 11 10 -8 15 -7 23 -4 -13 -12 19 -2 17 -14 -19 -3 -21 22 -9 -1 25 -15 -18 28 -28 -17
right_child=2 4 5 -5 -6 9 7 21 -10 -11 13 12 16 24 -16 29 26 18 -20 20 -22 -23 -24 -25 -26 -27 27 -29 -30 -31
leaf_value=0.19499496756880375 0.059333199439370557 -0.17923189448009075 0.11761791415534649 -0.2016995701766045 -0.040124243369441481 0.097113895287032612 -0.01944649780456293 -0.15342627553655222 0.095742803182833625 -0.13534746465738864 0.31156911263647291 0.16585305145310378 0.17963350042700768 0.029459466628317138 -0.2222369860667803 0.019615066789768067 0.077490424978974709 0.82130017682262091 0.3220745784044266 -0.15528763910969262 -0.029782396882497283 -0.036755672365684437 -0.068892755086209956 -0.016698913248868512 -0.007412943007174197 0.13161171091814641 0.21847548056393862 0.19597639169445949 0.44758065249067996 -0.073264078717264869
leaf_weight=27 1288 355 253 97 561 378 1337 444 962 56 23 298 46 306 331 1968 37 23 20 183 176 322 466 4382 347 178 42 114 53 135
leaf_count=27 1288 355 253 97 561 378 1337 444 962 56 23 298 46 306 331 1968 37 23 20 183 176 322 466 4382 347 178 42 114 53 135
internal_value=0.00101214 -0.0383865 0.0654566 0.0399264 -0.120397 0.151524 -0.0215699 -0.053741 0.0453107 0.0671189 -0.00586633 0.192869 0.222946 0.0433668 -0.16349 0.0310035 0.273734 0.377467 0.589102 -0.136256 -0.0937586 -0.0909583 -0.110138 -0.0154025 0.0359437 0.0670279 0.236204 0.264302 0.346292 0.0136528
internal_weight=15208 9438 5770 4450 1606 1320 7832 2569 4353 434 5263 886 633 854 1045 3391 335 89 43 714 359 1232 910 4409 831 484 246 209 95 2103
internal_count=15208 9438 5770 4450 1606 1320 7832 2569 4353 434 5263 886 633 854 1045 3391 335 89 43 714 359 1232 910 4409 831 484 246 209 95 2103
is_linear=0
shrinkage=0.05


Tree=20
num_leaves=31
num_cat=0
split_feature=1 12 13 1 12 12 2 2 13 5 12 4 12 1 1 4 12 10 10 2 1 5 11 4 14 5 12 1 11 11
split_gain=14150.3 4849.17 4627.87 2076.82 2050.66 1805.47 1580.33 1175.55 835.07 823.377 793.232 737.388 706.46 682.127 862.788 645.146 621.189 589.701 519.709 476.595 471.714 456.897 551.029 403.707 389.41 430.423 353.496 346.439 344.18 373.612
threshold=12.22833333333333 70126.690000000061 16.605000000000004 7.4683333333333275 678430.77000000014 700691.85000000009 34.600000000000009 12.095000000000001 11.195000000000002 0.064123118863176023 -79717.400000000038 7.0499999999999989 -1394589.3749999998 1.0000000180025095e-35 7.4683333333333275 13.525000000000002 -326865.86999999994 618377.87500000012 888051.85000000009 30.245000000000001 20.048333333333328 0.093066554068681848 -0.042190500000000235 -7.9999999999999982 16.105000000000004 0.10487678763520207 1124080.8000000003 17.555 -0.5982819500000004 0.19705200000000048
decision_type=2 2 2 2 2 2 2 2 2 2 2 2 2 2 2 2 2 2 2 2 2 2 2 2 2 2 2 2 2 2
left_child=1 6 4 -3 9 7 8 20 12 15 -10 26 17 -14 16 27 -15 -1 -8 -9 23 22 -22 -4 25 -11 -5 -2 -23 -30
right_child=2 3 5 11 -6 -7 18 19 10 24 -12 -13 13 14 -16 -17 -18 -19 -20 -21 21 28 -24 -25 -26 -27 -28 -29 29 -31
leaf_value=0.26618547533239639 0.025654545364575388 -0.18278764134920678 0.38837562998135888 -0.04130272719162547 -0.13448116552575443 -0.097542580869661555 -0.040487783303849889 0.12619428392965346 0.10471694274730613 0.063916968658844373 0.0044357154200854116 -0.128963728884641 0.19860020463957506 -0.022816759607974701 -0.017152144004431095 -0.2094867720401713 -0.10340509696895361 0.030024632362269418 -0.17737465112985393 -0.099444505137701839 0.55225030074029102 0.11453641091295062 0.2615247518206254 0.16096154476990046 0.17373312627806248 0.21596109547975417 -0.19892714245093834 0.087342083832919012 0.45472994728580773 0.21045180557637799
leaf_weight=35 2267 601 21 920 167 76 107 940 227 930 1502 390 34 419 4706 28 557 108 197 24 28 47 39 276 103 49 37 253 23 49
leaf_count=35 2267 601 21 920 167 76 107 940 227 930 1502 390 34 419 4706 28 557 108 197 24 28 47 39 276 103 49 37 253 23 49
internal_value=0.000670005 -0.0348491 0.066367 -0.105498 0.0368322 0.14 -0.0174107 0.152477 -0.0129323 0.0447135 0.0176016 -0.0710131 -0.0219429 -0.024689 -0.0260251 0.0291958 -0.0688083 0.0878262 -0.129194 0.120577 0.216145 0.278584 0.383022 0.177041 0.0812564 0.0715269 -0.0473969 0.0318478 0.219783 0.288485
internal_weight=15160 9840 5320 1948 3797 1523 7892 1447 7588 3630 1729 1347 5859 5716 5682 2548 976 143 304 964 483 186 67 297 1082 979 957 2520 119 72
internal_count=15160 9840 5320 1948 3797 1523 7892 1447 7588 3630 1729 1347 5859 5716 5682 2548 976 143 304 964 483 186 67 297 1082 979 957 2520 119 72
is_linear=0
shrinkage=0.05


Tree=21
num_leaves=31
num_cat=0
split_feature=1 12 2 1 12 13 2 0 0 5 12 12 1 10 12 5 13 3 9 10 9 0 0 12 13 7 2 0 13 1
split_gain=12787.3 4532.71 3888.39 2291.51 2277.07 1886.72 1137.3 861.774 851.805 819.096 816.858 811.344 784.28 725.75 681.273 619.146 611.451 498.469 490.065 451.103 414.507 414.286 398.652 392.753 370.46 438.842 347.988 314.689 305.326 305.185
threshold=12.708333333333334 27585.05000000005 15.605000000000002 7.4683333333333275 728875.88 18.295000000000005 34.600000000000009 26.500000000000004 31.500000000000004 0.04218519309447661 566.90540000000067 -386221.64999999991 18.96166666666667 639821.67500000016 -1284779.2999999998 0.072859749351825875 0.015000000000000001 11.285000000000002 18.366958500000003 953275.50000000012 18.588928500000005 30.500000000000004 28.500000000000004 9510.1350000000693 20.125000000000004 1.0000000180025095e-35 26.765000000000004 27.500000000000004 6.0150000000000006 8.2933333333333294
decision_type=2 2 2 2 2 2 2 2 2 2 2 2 2 2 2 2 2 2 2 2 2 2 2 2 2 2 2 2 2 2
left_child=1 6 5 26 8 22 7 13 10 20 -4 16 -10 14 -1 28 -9 -13 -12 -8 -5 -11 23 -2 25 -7 27 -3 -15 -19
right_child=2 3 4 9 -6 24 19 11 12 21 18 17 -14 15 -16 -17 -18 29 -20 -21 -22 -23 -24 -25 -26 -27 -28 -29 -30 -31
leaf_value=0.2205519766546786 0.078380423882202233 -0.15461995964675021 0.03748777588277407 -0.13741494096460277 -0.13441257814252602 0.31351873443805078 -0.03457998311912109 -0.0040915850281446906 0.046353253967413778 -0.049541603065694551 -0.13347767214621267 0.23641482611065326 0.13236679896019782 -0.089265320180006658 -0.011060313263814684 0.034899846730384917 0.14123763209298398 -0.055828149127286487 0.029210270615647349 -0.16475619825125651 -0.04991166944861742 0.025483718527183175 0.11725632969277106 -0.0283586480977157 0.23075116745130156 0.13182896700529559 -0.19817502289174896 -0.034735370272586885 -0.037476476860999419 0.0087958717815754452
leaf_weight=32 503 239 356 384 191 38 112 111 1760 875 155 23 312 616 4057 178 208 203 66 164 209 233 613 104 338 265 389 71 529 1826
leaf_count=32 503 239 356 384 191 38 112 111 1760 875 155 23 312 616 4057 178 208 203 66 164 209 233 613 104 338 265 389 71 529 1826
internal_value=0.000636505 -0.03015 0.0691317 -0.0904669 0.0323211 0.125307 -0.0121874 -0.00865031 0.044343 -0.0591476 -0.00938564 0.0164863 0.0593051 -0.0196627 -0.00924774 -0.0518521 0.0906685 0.00495404 -0.0848921 -0.111931 -0.106575 -0.0337646 0.0888149 0.0600923 0.194762 0.154615 -0.166682 -0.127163 -0.0653384 0.00233028
internal_weight=15160 10459 4701 2400 2840 1861 8059 7783 2649 1701 577 2371 2072 5412 4089 1323 319 2052 221 276 593 1108 1220 607 641 303 699 310 1145 2029
internal_count=15160 10459 4701 2400 2840 1861 8059 7783 2649 1701 577 2371 2072 5412 4089 1323 319 2052 221 276 593 1108 1220 607 641 303 699 310 1145 2029
is_linear=0
shrinkage=0.05


Tree=22
num_leaves=31
num_cat=0
split_feature=1 10 13 12 9 12 12 2 5 1 0 12 5 10 12 4 0 7 13 9 12 2 0 11 9 9 9 9 0 4
split_gain=11569.2 3995.92 3851.67 1748.2 1675.19 1480.54 1409.21 974.574 802.718 649.682 622.056 798.631 600.108 616.203 594.245 579.564 532.067 497.715 462.19 426.688 406.524 404.137 358.702 355.972 351.859 344.876 342.899 992.553 522.646 390.57
threshold=12.22833333333333 2003853.9500000002 16.605000000000004 230457.64999999994 24.110565500000003 700691.85000000009 27585.05000000005 12.095000000000001 0.042363906058191292 17.555 27.500000000000004 -386221.64999999991 0.064620357982190499 646999.00000000012 -326865.86999999994 14.440000000000001 30.500000000000004 2.5000000000000004 0.015000000000000001 18.183716000000004 -1687475.45 30.245000000000001 31.500000000000004 -1.8269654 19.254699500000005 24.339340500000002 9.4722440000000017 7.7770080000000013 40.500000000000007 -4.3100000000000005
decision_type=2 2 2 2 2 2 2 2 2 2 2 2 2 2 2 2 2 2 2 2 2 2 2 2 2 2 2 2 2 2
left_child=1 6 3 9 14 7 10 16 24 17 12 18 13 -1 -3 -5 -4 -2 -12 -16 -14 -9 -10 -11 -8 -19 27 -18 29 -28
right_child=2 4 5 15 -6 -7 8 21 22 23 11 -13 20 -15 19 -17 26 25 -20 -21 -22 -23 -24 -25 -26 -27 28 -29 -30 -31
leaf_value=-0.018563544154058514 0.062241361767453866 -0.027437508581991656 0.11593331711677213 -0.042547053932244193 -0.033169125591647926 -0.08792524768627788 -0.12954489421968693 0.11460912756474462 -0.047845034469358373 -0.089146350019357432 0.0030776815887271283 0.0021809236617546489 0.20165939211845396 -0.068405460023317016 -0.19218333390135206 -0.20868323694739957 0.20796541259482956 0.013566563855309858 0.14833009037816816 -0.11018923422920385 -0.001151917982050453 -0.093170687913273778 0.035148255799252258 0.11813443761482034 -0.037070954679441465 0.084227853037252012 0.37855125870555639 0.56782618639645754 0.014579346809874882 0.19788743209746262
leaf_weight=2061 1157 83 144 292 427 76 454 940 787 22 83 1698 25 887 544 64 66 1716 161 224 2117 24 156 354 133 192 36 27 33 177
leaf_count=2061 1157 83 144 292 427 76 454 940 787 22 83 1698 25 887 544 64 66 1716 161 224 2117 24 156 354 133 192 36 27 33 177
internal_value=0.000604679 -0.031512 0.0600084 0.033064 -0.113983 0.127184 -0.019202 0.138482 -0.0626894 0.0439766 -0.00974011 0.0143356 -0.0189258 -0.0335601 -0.154533 -0.0724142 0.196452 0.0363671 0.0989205 -0.168268 0.00121516 0.109436 -0.0341155 0.106006 -0.108593 0.0206771 0.230655 0.312441 0.199736 0.228422
internal_weight=15160 9840 5320 3797 1278 1523 8562 1447 1530 3441 7032 1942 5090 2948 851 356 483 3065 244 768 2142 964 943 376 587 1908 339 93 246 213
internal_count=15160 9840 5320 3797 1278 1523 8562 1447 1530 3441 7032 1942 5090 2948 851 356 483 3065 244 768 2142 964 943 376 587 1908 339 93 246 213
is_linear=0
shrinkage=0.05


Tree=23
num_leaves=31
num_cat=0
split_feature=13 10 2 1 5 2 0 13 12 0 12 12 9 1 1 9 12 2 0 13 12 7 2 9 11 13 9 9 11 13
split_gain=10501.8 5591.22 3146.84 1745.61 1661.2 1292.83 1140.89 820.401 766.318 705.836 616.842 602.094 597.506 574.734 425.24 415.403 457.696 414.003 394.301 375.806 422.198 368.693 355.046 350.802 320.433 313.306 311.888 390.703 303.055 301.61
threshold=15.615 855339.90500000014 22.925000000000004 12.00333333333333 0.080160327092713299 35.095000000000006 27.500000000000004 4.0050000000000008 -375980.96999999991 30.500000000000004 563556.40000000002 123998.55000000006 12.075867000000001 17.254999999999999 10.564999999999996 22.734055000000001 -326865.86999999994 11.625000000000002 29.500000000000004 7.3050000000000006 700691.85000000009 2.5000000000000004 21.695000000000004 6.9146272000000009 -1.6091769999999987 19.165000000000003 18.366958500000003 13.268402250000001 -1.6813661500000006 8.8750000000000018
decision_type=2 2 2 2 2 2 2 2 2 2 2 2 2 2 2 2 2 2 2 2 2 2 2 2 2 2 2 2 2 2
left_child=1 3 6 8 5 11 10 15 17 23 29 25 -8 21 -10 16 24 -1 -13 -14 -21 -5 -15 -6 -4 -2 27 -12 -19 -3
right_child=4 2 7 13 9 -7 12 -9 14 -11 26 18 19 22 -16 -17 -18 28 -20 20 -22 -23 -24 -25 -26 -27 -28 -29 -30 -31
leaf_value=0.27679606158108938 0.08447637409311072 -0.060701510777046455 -0.20411737912124203 0.050806816181772553 0.15199737482000397 -0.16808526511930932 -0.038991441666924705 -0.073405849336174153 -0.032434925921033898 0.21233941894147154 -0.10804258542803098 -0.055739038468364178 0.0029376812884176393 0.11871611082508574 -0.0037043965332112083 -0.066900373670331983 -0.17394971079626467 0.1583061838379273 0.07320401189275659 0.10798385950924357 -0.060790581438083982 0.014379779170834141 -0.0045677200572131439 0.021095740551217684 -0.016026783284420767 0.14359364045303666 -0.052875463441860948 -0.30606148052722854 0.026566342388383315 -0.013050119665835811
leaf_weight=21 748 922 31 1091 131 52 306 627 2150 418 53 109 257 292 3212 141 740 52 130 268 43 1912 73 84 84 320 55 47 272 519
leaf_count=21 748 922 31 1091 131 52 306 627 2150 418 53 109 257 292 3212 141 740 52 130 268 43 1912 73 84 84 320 55 47 272 519
internal_value=0.000574445 -0.0156115 -0.0641253 0.00626921 0.10757 0.0764083 -0.028587 -0.11821 -0.010577 0.174473 -0.0537338 0.0861356 0.0173333 0.0348147 -0.0152245 -0.146415 -0.159528 0.0616542 0.0143973 0.0476772 0.0846485 0.0276138 0.0940593 0.100854 -0.0667295 0.102189 -0.148512 -0.201111 0.0477098 -0.0435391
internal_weight=15160 13168 4093 9075 1992 1359 2470 1623 5707 633 1596 1307 874 3368 5362 996 855 345 239 568 311 3003 365 215 115 1068 155 100 324 1441
internal_count=15160 13168 4093 9075 1992 1359 2470 1623 5707 633 1596 1307 874 3368 5362 996 855 345 239 568 311 3003 365 215 115 1068 155 100 324 1441
is_linear=0
shrinkage=0.05


Tree=24
num_leaves=31
num_cat=0
split_feature=13 10 5 1 5 0 2 0 12 9 12 12 5 13 1 1 12 14 12 9 13 0 9 12 5 1 1 2 9 10
split_gain=9480.66 4984.66 2825.95 1527.5 1518.7 1262.79 1159.39 654.662 626.857 620.482 605.131 587.111 548.378 522.706 454.847 444.759 437.816 416.607 377.938 346.597 342.996 336.232 319.406 302.444 283.008 280.395 614.581 946.927 278.917 309.25
threshold=15.505000000000001 855339.90500000014 0.034897923418206328 12.708333333333334 0.077249908994884514 26.500000000000004 35.095000000000006 30.500000000000004 728875.88 12.075867000000001 -1004253.7499999999 123998.55000000006 0.089565616747365503 6.785000000000001 7.4683333333333275 10.863333333333335 794544.52999999991 3.0050000000000003 -185920.87999999998 23.599151500000001 1.0000000180025095e-35 29.500000000000004 23.023284500000003 70126.690000000061 0.10045204940364068 21.483333333333338 25.521666666666668 10.755000000000001 18.366958500000003 1890756.4000000001
decision_type=2 2 2 2 2 2 2 2 2 2 2 2 2 2 2 2 2 2 2 2 2 2 2 2 2 2 2 2 2 2
left_child=1 3 20 10 6 8 11 -6 14 -7 17 -2 19 -11 18 24 -15 -1 -4 -5 22 -13 -3 -22 -12 -9 27 -27 29 -10
right_child=4 2 5 12 7 9 -8 25 28 13 15 21 -14 16 -16 -17 -18 -19 -20 -21 23 -23 -24 -25 -26 26 -28 -29 -30 -31
leaf_value=0.16130668982249602 0.094292936756186899 -0.17821659746936502 -0.047395182270141875 0.025729042440750301 0.094400838767201178 -0.044920217585861025 -0.16042121346196478 0.16899707972234623 -0.12236997607665567 -0.016849494468034475 -0.024570609412208417 -0.055159106718755402 0.13843976360265955 0.083230193734541547 -0.034671926049188194 0.0030860743925028504 -0.087002796287249246 -0.036793837362998412 -0.11856703368983978 0.080785801195033979 -0.047759535403757478 0.063626508726664477 -0.031037046063574963 -0.13958016619167252 0.15963322498968668 0.18629130234320959 0.16477606646018106 0.59444450349719435 -0.064240904799662532 -0.29565322045602049
leaf_weight=88 1050 470 348 1983 255 465 53 328 52 349 2952 113 132 375 1061 3468 42 38 402 334 147 126 40 230 21 30 80 27 50 51
leaf_count=88 1050 470 348 1983 255 465 53 328 52 349 2952 113 132 375 1061 3468 42 38 402 334 147 126 40 230 21 30 80 27 50 51
internal_value=0.000545723 -0.0151428 -0.060984 0.00561184 0.1002 -0.0390639 0.0687699 0.158783 -0.0639501 0.000640805 -0.00695612 0.0781936 0.0393129 0.0282986 -0.0557396 -0.00907897 0.0660844 0.101562 -0.0855433 0.0336656 -0.139941 0.00746427 -0.166673 -0.103777 -0.0232695 0.19409 0.254167 0.379627 -0.161135 -0.20817
internal_weight=15160 13098 4082 9016 2062 3195 1342 720 1964 1231 6567 1289 2449 766 1811 6441 417 126 750 2317 887 239 510 377 2973 465 137 57 153 103
internal_count=15160 13098 4082 9016 2062 3195 1342 720 1964 1231 6567 1289 2449 766 1811 6441 417 126 750 2317 887 239 510 377 2973 465 137 57 153 103
is_linear=0
shrinkage=0.05


Tree=25
num_leaves=31
num_cat=0
split_feature=13 12 1 1 1 2 0 12 13 12 2 10 9 1 9 3 4 4 2 12 11 9 3 9 10 4 3 9 2 0
split_gain=8837.92 4638.48 2201.69 1608.14 1369.59 1288.76 1183.37 916.868 836.44 802.765 728.599 711.547 678.164 674.157 669.37 614.662 479.082 476.072 457.412 446.017 429.756 372.548 366.049 351.203 324.791 298.755 284.291 334.415 447.263 739.815
threshold=15.505000000000001 112068.49699999999 11.473333333333334 5.5033333333333276 20.048333333333328 16.665000000000003 30.500000000000004 468960.44000000006 7.3050000000000006 -272968.74999999994 11.525 844733.85000000021 18.366958500000003 14.991666666666662 6.7021178500000014 9.2900000000000009 7.8750000000000009 -1.1199999999999999 26.195000000000004 -707297.79999999993 -2.9563751999999988 21.934143000000002 36.925000000000004 4.9957581500000012 2255783.3000000003 1.5200000000000007 13.695000000000002 9.4722440000000017 8.5350000000000019 37.500000000000007
decision_type=2 2 2 2 2 2 2 2 2 2 2 2 2 2 2 2 2 2 2 2 2 2 2 2 2 2 2 2 2 2
left_child=1 2 5 -3 7 9 12 17 11 10 -1 -7 14 -4 -5 -11 -13 22 23 -10 -15 -8 -2 -6 25 -16 27 28 -25 -30
right_child=4 3 13 6 18 8 21 -9 19 15 -12 16 -14 20 24 -17 -18 -19 -20 -21 -22 -23 -24 26 -26 -27 -28 -29 29 -31
leaf_value=0.2502455210623642 0.12685636389396246 -0.18582532748459255 0.015428249214320112 -0.054893830481906117 -0.005451889204509233 -0.029864892938180468 -0.01141869738632461 -0.053708190442557681 0.15789218399975752 0.21488203983153067 0.044562499550768318 -0.073938140975741085 -0.037355649457701173 -0.14031169167533517 -0.060997765751922652 -0.0092832622765933823 -0.16508307100562325 0.062037841046635928 -0.05440159283933186 -0.017496921860453315 0.069944599693894202 0.10849021171648683 -0.085571723041080294 0.1045396797079593 -0.21465628519654276 -0.14899096285490079 0.13515696540460781 0.1885871917567177 0.21661253533128538 0.56604273729026322
leaf_weight=48 591 324 3450 353 23 1002 238 128 37 31 418 919 504 25 137 2258 171 872 21 1784 872 89 21 20 122 326 132 192 33 28
leaf_count=48 591 324 3450 353 23 1002 238 128 37 31 418 919 504 25 137 2258 171 872 21 1784 872 89 21 20 122 326 132 192 33 28
internal_value=-4.93238e-05 -0.0151827 -0.00221747 -0.0834162 0.0961996 -0.0202665 -0.0646595 0.0746882 -0.0387108 0.00593054 0.0657487 -0.0602787 -0.0841336 0.0254685 -0.109268 -0.00624738 -0.088237 0.0857629 0.173429 -0.0139333 0.0640846 0.0212171 0.119567 0.184608 -0.142078 -0.122954 0.195402 0.224531 0.309731 0.377007
internal_weight=15169 13108 11015 2093 2061 6668 1769 1612 3913 2755 466 2092 1442 4347 938 2289 1090 1484 449 1821 897 327 612 428 585 463 405 273 81 61
internal_count=15169 13108 11015 2093 2061 6668 1769 1612 3913 2755 466 2092 1442 4347 938 2289 1090 1484 449 1821 897 327 612 428 585 463 405 273 81 61
is_linear=0
shrinkage=0.05


Tree=26
num_leaves=31
num_cat=0
split_feature=13 10 2 1 2 1 0 12 4 1 9 4 10 10 14 9 9 1 5 14 7 12 9 9 2 7 11 11 13 10
split_gain=7989.48 4248.47 2172.6 1411.87 1310.54 1023.12 1019.64 771.308 611.502 611.429 598.274 523.046 494.968 484.442 480.114 476.39 454.545 445.881 383.391 368.19 367.291 352.627 321.502 522.303 1021.62 327.291 667.267 352.175 321.265 380.277
threshold=16.005000000000006 1137224.3000000003 29.145000000000003 12.708333333333334 28.535000000000004 20.048333333333328 25.500000000000004 -746998.09999999974 -1.579999999999999 10.663333333333332 18.366958500000003 7.8750000000000009 2662796.3000000003 2397470.6500000004 14.890000000000002 20.126632500000003 5.1966400000000013 1.0000000180025095e-35 0.041744938502235727 0.90000000000000013 2.5000000000000004 -232685.31000000003 6.3034058500000008 8.8439025000000004 12.435 2.5000000000000004 0.29074100000000019 -0.87753280000000011 9.6950000000000021 1364418.3000000003
decision_type=2 2 2 2 2 2 2 2 2 2 2 2 2 2 2 2 2 2 2 2 2 2 2 2 2 2 2 2 2 2
left_child=1 3 6 7 5 8 12 19 -2 17 13 14 15 21 20 16 -3 -9 -19 -1 -5 -8 -7 24 -24 26 27 -25 -12 -30
right_child=4 2 -4 11 -6 22 10 9 -10 -11 28 -13 -14 -15 -16 -17 -18 18 -20 -21 -22 -23 23 25 -26 -27 -28 -29 29 -31
leaf_value=0.10909846702590585 0.1317094663329052 -0.025161310718858451 -0.13644837615620395 0.053610686855294798 -0.086648077327389647 0.061735160437581899 0.048771581230251944 0.15992630970093513 0.060088792389920764 0.001017956112908608 0.00060634533199194229 -0.076526961374340716 -0.15302553631317539 -0.16323780896674311 0.084363851162294556 -0.023518743423208588 -0.11239232122517194 -0.065537937491675483 -0.021470010171624473 -0.020806718309720359 0.011050821154774687 -0.045585544972767685 0.51618351848288024 0.15158949780368036 0.12841065332825694 0.10699464913191542 0.089285299970823184 0.354022030197084 0.26665029972791671 0.055904673657502339
leaf_weight=200 465 215 762 850 91 55 129 31 830 4047 324 103 156 70 465 546 489 624 2361 75 1256 426 33 31 35 140 68 70 24 198
leaf_count=200 465 215 762 850 91 55 129 31 830 4047 324 103 156 70 465 546 489 624 2361 75 1256 426 33 31 35 140 68 70 24 198
internal_value=-4.68576e-05 -0.0134372 -0.0622779 0.00285118 0.0982888 0.108034 -0.0403462 -0.00848321 0.0858059 -0.0116819 -0.00588332 0.0339551 -0.0690489 -0.0392873 0.0383812 -0.0585686 -0.0857522 -0.028723 -0.0306822 0.0736698 0.0282284 -0.0236539 0.174665 0.19114 0.316595 0.163532 0.210368 0.291889 0.0323538 0.078688
internal_weight=15169 13351 3339 10012 1818 1727 2577 7338 1295 7063 1171 2674 1406 625 2571 1250 704 3016 2985 275 2106 555 432 377 68 309 169 101 546 222
internal_count=15169 13351 3339 10012 1818 1727 2577 7338 1295 7063 1171 2674 1406 625 2571 1250 704 3016 2985 275 2106 555 432 377 68 309 169 101 546 222
is_linear=0
shrinkage=0.05


Tree=27
num_leaves=31
num_cat=0
split_feature=13 10 0 2 9 1 2 13 5 3 2 9 10 13 4 10 4 11 11 7 2 2 4 9 4 9 10 11 9 4
split_gain=7217.84 3800.92 1898.49 1670.41 1473.21 1111.45 960.2 754.964 750.841 727.022 643.067 484.062 481.548 402.157 396.086 388.275 379.834 374.802 501.866 364.037 344.186 307.533 305.295 299.346 299.8 285.718 434.994 283.243 252.989 248.432
threshold=15.505000000000001 2003853.9500000002 30.500000000000004 23.765000000000004 20.780304000000005 20.048333333333328 17.365000000000006 7.7650000000000006 0.053633682932722478 9.2900000000000009 13.285000000000002 11.461166500000003 2442192.5000000005 10.565000000000003 -1.6249999999999998 1486290.3000000003 -12.194999999999995 -3.8580929999999989 -2.6169586499999999 2.5000000000000004 24.895000000000003 13.515000000000002 14.440000000000001 24.915222000000004 -5.1699999999999999 13.908447500000003 206144.22500000001 -2.821899999999999 19.254699500000005 9.2600000000000016
decision_type=2 2 2 2 2 2 2 2 2 2 2 2 2 2 2 2 2 2 2 2 2 2 2 2 2 2 2 2 2 2
left_child=1 2 3 9 -3 8 21 11 12 -1 16 29 22 -6 23 17 19 -7 -19 -11 -8 -4 -2 -10 -25 26 -12 -22 -9 -5
right_child=5 4 6 7 13 15 20 28 14 10 25 -13 -14 -15 -16 -17 -18 18 -20 -21 27 -23 -24 24 -26 -27 -28 -29 -30 -31
leaf_value=0.20441119253635437 0.036455776365747782 -0.14183971051222841 0.11698861790089787 -0.10755842819830763 -0.061037536544865004 -0.042036882676184183 0.024434437385607834 -0.04834494828904029 0.10674278510975893 0.039671869124235398 -0.010566828459794127 -0.061301197064936766 -0.18237238536278408 0.028578913666887914 0.064362456306873025 -0.014226966855987426 0.013273282188963004 0.42387603640556337 0.16686930583202325 0.23346523773880345 -0.087422641046311061 0.051041766537580163 -0.14750691776474317 0.38211391422897578 0.15370412988259513 -0.0033514561542673962 -0.048981498881635152 -0.0030668021965360847 0.025108213209993364 -0.18844417890147339
leaf_weight=40 374 717 228 268 500 20 1633 301 405 64 1662 449 30 167 708 31 1290 20 378 39 109 787 24 20 51 2048 1324 1143 192 147
leaf_count=40 374 717 228 268 500 20 1633 301 405 64 1662 449 30 167 708 31 1290 20 378 39 109 787 24 20 51 2048 1324 1143 192 147
internal_value=-4.45147e-05 -0.0137207 -0.00446999 -0.0186754 -0.0920847 0.0869365 0.0240283 -0.06911 0.0675582 -0.00809251 -0.00941507 -0.0972815 0.0108017 -0.0385998 0.0880749 0.156509 0.0206509 0.169171 0.179784 0.11305 0.00931266 0.0658554 0.0253625 0.123345 0.218045 -0.0177349 -0.0276 -0.0104109 -0.0197384 -0.13621
internal_weight=15169 13108 11724 7824 1384 2061 3900 1357 1612 6467 6427 864 428 667 1184 449 1393 418 398 103 2885 1015 398 476 71 5034 2986 1252 493 415
internal_count=15169 13108 11724 7824 1384 2061 3900 1357 1612 6467 6427 864 428 667 1184 449 1393 418 398 103 2885 1015 398 476 71 5034 2986 1252 493 415
is_linear=0
shrinkage=0.05


Tree=28
num_leaves=31
num_cat=0
split_feature=13 12 1 0 5 1 2 1 12 13 2 1 9 9 10 4 3 4 12 9 12 9 2 3 3 9 2 0 10 7
split_gain=6525.24 3681.47 1791.03 1325.12 1100.13 989.369 982.592 831.359 671.991 651.656 613.27 560.715 549.501 535.467 531.512 521.47 482.573 385.581 372.295 341.068 310.995 289.851 276.472 288.915 267.765 273.85 388.995 629.259 286.268 302.194
threshold=16.005000000000006 112068.49699999999 11.473333333333334 30.500000000000004 0.03614675570279928 5.9849999999999994 16.665000000000003 20.048333333333328 -272968.74999999994 7.0050000000000008 11.525 14.90833333333333 18.366958500000003 7.0395355000000004 844733.85000000021 -0.31999999999999934 9.2900000000000009 7.8750000000000009 -707297.79999999993 22.178238000000004 566.90540000000067 4.9957581500000012 24.765000000000004 23.205000000000002 13.695000000000002 9.4722440000000017 8.5350000000000019 37.500000000000007 1821.9789500000004 2.5000000000000004
decision_type=2 2 2 2 2 2 2 2 2 2 2 2 2 2 2 2 2 2 2 2 2 2 2 2 2 2 2 2 2 2
left_child=1 2 6 5 -2 -3 8 15 10 14 -1 -4 13 -7 -8 -6 -10 -16 -11 -5 -17 -9 -13 -24 25 26 -23 -28 -27 -30
right_child=4 3 11 19 7 12 9 21 16 18 -12 22 -14 -15 17 20 -18 -19 -20 -21 -22 24 23 -25 -26 28 27 -29 29 -31
leaf_value=0.22967826153229304 -0.071541807523900922 -0.16975955184898339 0.013764397184967348 -0.013358113979255515 0.10971101558577545 -0.048646230822189038 -0.026226208345384007 -0.014338797213428695 0.19052439863162657 0.14105778913467357 0.040997946588211383 0.065385885409457056 -0.031271561664507529 -0.12606048360257163 -0.064022446396060334 0.06979162805455251 -0.0080970683242655491 -0.14615013095016099 -0.015069231498873514 0.098531776091290851 -0.0052561817580077906 0.082220022678375249 -0.11525427665222775 0.036343403363769705 0.11017207379327781 0.044942298000678421 0.18839487487619574 0.51066020884151964 0.25637721526168888 0.11449527103228099
leaf_weight=48 101 320 3452 280 648 369 989 23 31 39 419 925 517 566 897 436 2262 170 1823 90 202 20 44 110 134 40 33 28 87 66
leaf_count=48 101 320 3452 280 648 369 989 23 31 39 419 925 517 566 897 436 2262 170 1823 90 202 20 44 110 134 40 33 28 87 66
internal_value=-4.22889e-05 -0.0121435 -0.000665958 -0.0722052 0.0888266 -0.0901756 -0.0171291 0.0982601 0.00572224 -0.0332265 0.0603912 0.0235982 -0.0726364 -0.0955088 -0.052632 0.0781183 -0.00541182 -0.0771075 -0.0117991 0.0138583 0.0460304 0.158358 0.0550589 -0.00697022 0.168094 0.19642 0.273579 0.33632 0.164037 0.195173
internal_weight=15169 13351 11209 2142 1818 1772 6678 1717 2760 3918 467 4531 1452 935 2056 1286 2293 1067 1862 370 638 431 1079 154 408 274 81 61 193 153
internal_count=15169 13351 11209 2142 1818 1772 6678 1717 2760 3918 467 4531 1452 935 2056 1286 2293 1067 1862 370 638 431 1079 154 408 274 81 61 193 153
is_linear=0
shrinkage=0.05


Tree=29
num_leaves=31
num_cat=0
split_feature=13 12 1 1 1 12 5 2 4 1 1 13 1 12 11 12 12 0 10 11 11 13 12 4 1 7 1 2 0 13
split_gain=5905.04 3362.75 1297.88 1279.01 1032.36 944.783 804.586 753.531 695.323 682.102 596.074 582.511 548.543 526.424 441.427 424.283 362.671 358.904 341.98 327.696 432.177 315.726 284.773 242.582 228.849 238.176 225.929 196.468 201.266 191.353
threshold=13.735000000000001 112068.49699999999 20.048333333333328 11.024999999999997 5.9849999999999994 -481765.99999999994 0.031382400445941899 18.375000000000004 12.140000000000002 14.90833333333333 1.0000000180025095e-35 1.0000000180025095e-35 7.4683333333333275 97822.649999999921 -2.6708375999999991 -79717.400000000038 -1502559.45 30.500000000000004 1486290.3000000003 -3.8580929999999989 -2.6169586499999999 17.425000000000004 794544.52999999991 -0.31999999999999934 9.1716666666666686 3.5000000000000004 5.9849999999999994 12.515000000000002 14.500000000000002 9.9850000000000012
decision_type=2 2 2 2 2 2 2 2 2 2 2 2 2 2 2 2 2 2 2 2 2 2 2 2 2 2 2 2 2 2
left_child=1 3 7 5 -3 11 24 15 17 27 -8 -1 -12 -9 -11 -2 -13 22 19 -4 -21 -17 -6 -23 25 -7 -18 28 -5 -14
right_child=2 4 18 9 8 6 10 13 -10 14 12 16 29 -15 -16 21 26 -19 -20 20 -22 23 -24 -25 -26 -27 -28 -29 -30 -31
leaf_value=-0.027367783526683023 0.12910924523162556 -0.15426705311977057 -0.044587498158216478 0.021210292164905137 -0.045497466075720805 -0.066787070806542073 0.17703415679468498 0.030661448443483265 -0.13537643881393599 -0.16932147137820722 -0.064766706455005943 0.18548114085406589 -0.025712782054487366 -0.068162009871737692 0.069238303653205768 0.039232605325415539 0.0071442800064516424 0.008826565432964879 -0.019086484034215253 0.38935043618082998 0.15093234963326013 0.11701290523842985 -0.11340670974816257 0.049287142231149356 -0.031139346417858378 -0.1612454327526131 0.083814034678202087 0.0039900526820982841 0.10910925579781848 -0.0019670952446588221
leaf_weight=252 251 344 20 259 908 113 37 698 250 20 707 57 2205 167 637 839 170 255 31 20 383 311 186 230 91 163 221 3878 87 1379
leaf_count=252 251 344 20 259 908 113 37 698 250 20 707 57 2205 167 637 839 170 255 31 20 383 311 186 230 91 163 221 3878 87 1379
internal_value=-4.01745e-05 -0.0153686 0.0634505 -0.00396281 -0.0756905 -0.0207413 -0.0288206 0.0493062 -0.0587859 0.0145826 -0.0227932 0.0334474 -0.0245163 0.0115822 0.0619762 0.0693131 0.0676559 -0.044592 0.141213 0.152961 0.162765 0.0584371 -0.0570433 0.0882201 -0.0999009 -0.122572 0.0504794 0.00721103 0.0433121 -0.0165763
internal_weight=15169 12219 2950 10276 1943 5395 4695 2496 1599 4881 4328 700 4291 865 657 1631 448 1349 454 423 403 1380 1094 541 367 276 391 4224 346 3584
internal_count=15169 12219 2950 10276 1943 5395 4695 2496 1599 4881 4328 700 4291 865 657 1631 448 1349 454 423 403 1380 1094 541 367 276 391 4224 346 3584
is_linear=0
shrinkage=0.05


Tree=30
num_leaves=31
num_cat=0
split_feature=0 12 5 1 1 1 2 9 10 2 0 11 9 2 5 7 2 3 7 13 12 7 13 9 0 3 11 7 12 5
split_gain=5283.89 3272.54 2533.36 1174.59 949.786 921.518 802.809 643.243 835.148 483.123 489.907 449.555 387.741 367.685 344.01 331.976 292.764 395.221 279.244 273.41 265.598 263.039 249.094 488.768 230.324 285.846 411.112 334.46 262.095 229.354
threshold=30.500000000000004 19399.632999999998 0.07207207623693776 17.010000000000002 5.9849999999999994 16.006666666666671 31.805000000000003 18.366958500000003 2220189.5000000005 13.755000000000001 11.500000000000002 -2.3752896499999996 9.7109375000000018 21.605000000000004 0.089565616747365503 2.5000000000000004 11.125000000000002 10.665000000000001 1.5000000000000002 7.5650000000000004 -225769.35000000006 2.5000000000000004 20.005000000000006 22.734055000000001 41.500000000000007 9.2900000000000009 -2.0319974999999979 1.5000000000000002 6037.2200000000021 0.11527380022216889
decision_type=2 2 2 2 2 2 2 2 2 2 2 2 2 2 2 2 2 2 2 2 2 2 2 2 2 2 2 2 2 2
left_child=1 3 5 6 -3 13 9 8 12 10 -1 -7 -6 15 -12 -2 24 -18 -14 -11 -21 22 -13 -24 25 29 -27 28 -28 -4
right_child=2 4 16 -5 7 11 -8 -9 -10 19 14 21 18 -15 -16 -17 17 -19 -20 20 -22 -23 23 -25 -26 26 27 -29 -30 -31
leaf_value=-0.0052379413281455553 0.054792669805141442 -0.13799955100423331 0.17001291819107839 0.079387399950319751 -0.041410085489870477 -0.10087483114513912 -0.094383261438091448 -0.02077422955045051 -0.17970389543936172 -0.028841012189916443 0.030737119696806821 0.087101600668881535 -0.042570807006766381 -0.003099966474886777 0.1176856823803873 0.0096363056982770121 0.21070026485831478 0.078309810986982586 -0.12560404212924334 0.035406820190982728 -0.010547388897781841 0.052979584063949259 0.087229899740354583 0.35445815958082677 0.066654624369355944 0.3817744463682175 0.18288646873940406 0.11372467070702733 0.37537567740572353 -0.009088972572124366
leaf_weight=1044 719 433 39 388 787 38 271 788 174 1996 528 286 149 1874 145 938 64 473 316 361 2437 551 44 28 62 28 48 97 28 33
leaf_count=1044 719 433 39 388 787 38 271 788 174 1996 528 286 149 1874 145 938 64 473 316 361 2437 551 44 28 62 28 48 97 28 33
internal_value=-0.000975714 -0.0227621 0.0390012 -0.00522164 -0.0702743 0.0238182 -0.0100621 -0.057029 -0.0770632 -0.00655254 0.0162057 0.0676162 -0.0627985 0.0120718 0.0494705 0.0292304 0.116971 0.0940882 -0.0989977 -0.0147035 -0.00461834 0.0746598 0.108028 0.191152 0.153651 0.173409 0.20403 0.175262 0.253804 0.0879246
internal_weight=15167 9817 5350 7170 2647 4478 6782 2214 1426 6511 1717 947 1252 3531 673 1657 872 537 465 4794 2798 909 358 72 335 273 201 173 76 72
internal_count=15167 9817 5350 7170 2647 4478 6782 2214 1426 6511 1717 947 1252 3531 673 1657 872 537 465 4794 2798 909 358 72 335 273 201 173 76 72
is_linear=0
shrinkage=0.05


Tree=31
num_leaves=31
num_cat=0
split_feature=0 12 5 1 1 1 2 4 2 0 9 9 11 2 2 7 12 13 2 3 13 7 7 13 9 3 4 11 11 7
split_gain=4768.71 2956.53 2286.36 1101.25 890.893 831.67 724.129 616.016 425.6 443.939 417.86 437.138 405.724 331.836 304.779 299.609 284.496 276.028 264.22 356.687 251.64 237.392 229.778 224.807 441.113 222.495 217.832 215.948 462.265 322.632
threshold=30.500000000000004 9510.1350000000693 0.07207207623693776 17.010000000000002 5.9849999999999994 16.006666666666671 31.805000000000003 21.525000000000002 13.755000000000001 11.500000000000002 19.102554000000001 9.7109375000000018 -2.3752896499999996 21.605000000000004 11.125000000000002 2.5000000000000004 826876.05000000016 8.6350000000000033 11.125000000000002 10.665000000000001 9.9850000000000012 2.5000000000000004 1.5000000000000002 20.005000000000006 22.734055000000001 22.015000000000004 -8.2350000000000012 -2.3752896499999996 -1.1652224999999994 2.5000000000000004
decision_type=2 2 2 2 2 2 2 2 2 2 2 2 2 2 2 2 2 2 2 2 2 2 2 2 2 2 2 2 2 2
left_child=1 3 5 6 -3 13 8 10 9 -1 11 17 -7 15 25 -2 22 -6 26 -20 -10 23 -13 -14 -25 -11 -4 -28 -29 -30
right_child=2 4 18 -5 7 12 -8 -9 20 14 -12 16 21 -15 -16 -17 -18 -19 19 -21 -22 -23 -24 24 -26 -27 27 28 29 -31
leaf_value=-0.0049166048919324877 0.052053036222685138 -0.1305281935184017 0.27003530063666403 0.078187526033575871 -0.071894502118039966 -0.095831089782969739 -0.091011982342998426 -0.16294375091083041 -0.023866093998074635 0.078612474219821329 -0.017216201232050192 -0.026198562415730622 0.082746520745977062 -0.0029449681396717395 0.029991899058917294 0.009154490500674654 -0.16500142845897547 -0.014378462770078291 0.2001652526014368 0.074394320086261012 -0.00059163058734682623 0.050330605325094695 -0.10236503211482083 0.082868404567918996 0.33673525167895213 0.22888180101290345 0.24604435063697197 -0.0011952421923596707 0.20057381987713907 0.068818063477778607
leaf_weight=1041 719 443 32 381 377 38 260 121 2644 107 764 144 286 1874 528 938 120 467 64 473 2071 551 317 44 28 32 37 63 131 72
leaf_count=1041 719 443 32 381 377 38 260 121 2644 107 764 144 286 1874 528 938 120 467 64 473 2071 551 317 44 28 32 37 63 131 72
internal_value=-0.000926928 -0.021624 0.0370512 -0.00449428 -0.0655775 0.0226273 -0.009208 -0.0531216 -0.00589661 0.0154879 -0.047051 -0.0630466 0.0642354 0.0114682 0.0473335 0.0277689 -0.0964242 -0.0400699 0.111122 0.0893838 -0.0136431 0.0709268 -0.0785733 0.102627 0.181594 0.113207 0.145969 0.132866 0.117123 0.153843
internal_weight=15167 9817 5350 7064 2753 4478 6683 2310 6423 1708 2189 1425 947 3531 667 1657 581 844 872 537 4715 909 461 358 72 139 335 303 266 203
internal_count=15167 9817 5350 7064 2753 4478 6683 2310 6423 1708 2189 1425 947 3531 667 1657 581 844 872 537 4715 909 461 358 72 139 335 303 266 203
is_linear=0
shrinkage=0.05


Tree=32
num_leaves=31
num_cat=0
split_feature=0 12 5 1 1 1 2 4 9 2 0 7 11 12 12 5 7 3 1 7 9 9 1 11 5 11 7 7 12 14
split_gain=4303.76 2669.95 2063.44 955.746 774.46 757.721 655.255 586.738 482.65 409.798 399.224 364.271 365.394 321.021 295.954 281.231 269.353 262.952 255.475 252.457 248.496 281.086 900.844 471.591 424.215 308.138 583.709 431.46 335.359 245.45
threshold=30.500000000000004 19399.632999999998 0.07207207623693776 17.010000000000002 5.5033333333333276 14.90833333333333 34.600000000000009 6.7200000000000024 18.366958500000003 13.755000000000001 11.500000000000002 2.5000000000000004 -3.4478609999999992 794544.52999999991 -79717.400000000038 0.089565616747365503 5.5000000000000009 9.9150000000000009 9.1716666666666686 3.5000000000000004 6.3034058500000008 10.029434250000001 24.066666666666663 0.78112795000000002 0.10487678763520207 -0.72149599999999914 2.5000000000000004 1.5000000000000002 77473.700000000201 1.0000000180025095e-35
decision_type=2 2 2 2 2 2 2 2 2 2 2 2 2 2 2 2 2 2 2 2 2 2 2 2 2 2 2 2 2 2
left_child=1 3 5 6 -3 14 9 13 -9 10 -1 -7 -13 18 19 -12 -14 -11 -6 -2 -4 22 24 25 -22 27 28 -23 -27 -19
right_child=2 4 20 -5 7 11 -8 8 -10 17 15 12 16 -15 -16 -17 -18 29 -20 -21 21 23 -24 -25 -26 26 -28 -29 -30 -31
leaf_value=-0.0047198606977792122 0.1046809953871915 -0.12774863347420515 0.055996436723602973 0.07162180205149403 -0.055321257664043472 0.086424589278274969 -0.098454193108195642 -0.11811728547758926 -0.026931311516203166 0.16277278145509108 0.027728368836731979 -0.1733155064639591 0.026519360192843094 -0.097735075945374228 0.0033463712221502664 0.10634382542865031 0.11141169857647684 -0.006959259140423656 -0.010622012283313997 0.0095559820834306072 0.066913516905536014 -0.03440327480159424 0.47006356923476517 0.035485392917840801 0.29975331636288993 0.18804210300064261 0.066631072156914425 0.14805674651568687 0.36410900801420215 -0.031247994101822437
leaf_weight=1044 140 398 196 388 503 508 199 480 208 21 528 21 693 181 2869 145 108 3333 877 139 79 54 23 171 26 119 88 81 35 1512
leaf_count=1044 140 398 196 388 503 508 199 480 208 21 528 21 693 181 2869 145 108 3333 877 139 79 54 23 171 26 119 88 81 35 1512
internal_value=-0.000880582 -0.0205428 0.0351986 -0.00469933 -0.0634583 0.0214959 -0.00906568 -0.052081 -0.0905494 -0.00636352 0.0146377 0.0531387 0.0325678 -0.0351263 0.00812718 0.0446663 0.0379655 -0.0137739 -0.0269146 0.057289 0.105566 0.119938 0.18665 0.104356 0.124569 0.135595 0.169357 0.0750727 0.228057 -0.0145391
internal_weight=15167 9817 5350 7170 2647 4478 6782 2249 688 6583 1717 1330 822 1561 3148 673 801 4866 1380 279 872 676 128 548 105 377 242 135 154 4845
internal_count=15167 9817 5350 7170 2647 4478 6782 2249 688 6583 1717 1330 822 1561 3148 673 801 4866 1380 279 872 676 128 548 105 377 242 135 154 4845
is_linear=0
shrinkage=0.05


Tree=33
num_leaves=31
num_cat=0
split_feature=13 12 12 1 12 1 2 1 1 1 5 9 7 13 12 11 3 13 1 9 9 5 11 12 13 9 4 13 11 9
split_gain=3901.03 2218.39 1022.41 928.911 778.758 679.522 640.104 626.778 689.046 493.795 381.767 353.6 473.516 346.92 309.957 308.365 305.12 292.307 291.392 270.797 254.283 248.197 209.714 209.369 206.814 199.009 211.195 197.632 194.558 418.898
threshold=13.735000000000001 112068.49699999999 906516.72000000009 10.663333333333332 -481765.99999999994 19.743333333333332 27.805000000000003 1.0000000180025095e-35 7.4683333333333275 14.90833333333333 0.053633682932722478 24.843002000000002 1.0000000180025095e-35 1.0000000180025095e-35 -1502559.45 -2.9563751999999988 18.995000000000001 1.0050000000000001 9.0616666666666674 23.023284500000003 2.4024048000000007 0.067272118793563263 1.5290224999999984 1085448.9000000001 3.0050000000000003 18.035003500000006 5.6700000000000017 9.9850000000000012 0.36323549999999921 11.821167000000001
decision_type=2 2 2 2 2 2 2 2 2 2 2 2 2 2 2 2 2 2 2 2 2 2 2 2 2 2 2 2 2 2
left_child=1 3 5 4 13 10 18 -6 17 22 -2 -12 -13 -1 -15 -11 28 -9 -3 24 -17 -22 -5 25 -8 26 -20 -10 -7 -30
right_child=2 6 -4 9 7 16 19 8 27 15 11 12 -14 14 -16 20 -18 -19 23 -21 21 -23 -24 -25 -26 -27 -28 -29 29 -31
leaf_value=-0.019582233362609804 0.015646315948012086 -0.07578344554684166 -0.092768352492829831 0.0092767762613314448 0.16966644598600955 0.14760931435573316 -0.14099629096643523 -0.096244776695802489 -0.029152431712091295 -0.14309160947799682 0.050249192224051248 0.2644542229506705 0.079526127488352361 0.15824241745667381 0.03712308315118789 -0.044410879083239201 -0.007596637337815528 -0.040240875303852654 -0.023521142208640815 -0.0038018901171693745 0.046262356388115336 0.12014343620651813 -0.015488053647972209 -0.11513405758887529 -0.073716253911455476 0.009968114303368511 -0.10643099596023023 -0.0016166197554220595 0.13999044796059895 -0.01395991397365718
leaf_weight=254 741 465 119 4003 39 280 344 482 1914 20 1373 45 150 61 394 57 51 451 369 57 419 156 1087 62 171 330 97 988 117 71
leaf_count=254 741 465 119 4003 39 280 344 482 1914 20 1373 45 150 61 394 57 51 451 369 57 419 156 1087 62 171 330 97 988 117 71
internal_value=-0.000836553 -0.0132893 0.0507998 -0.00416259 -0.0209494 0.056841 -0.0630164 -0.0297668 -0.0317949 0.00923589 0.0452211 0.0591974 0.122202 0.027229 0.0533611 0.0502041 0.108537 -0.0691732 -0.0439087 -0.107211 0.056321 0.0663066 0.0039881 -0.026634 -0.118657 -0.0197407 -0.0407792 -0.0197777 0.121193 0.0818496
internal_weight=15167 12220 2947 10325 4583 2828 1895 3874 3835 5742 2309 1568 195 709 455 652 519 933 1323 572 632 575 5090 858 515 796 466 2902 468 188
internal_count=15167 12220 2947 10325 4583 2828 1895 3874 3835 5742 2309 1568 195 709 455 652 519 933 1323 572 632 575 5090 858 515 796 466 2902 468 188
is_linear=0
shrinkage=0.05


Tree=34
num_leaves=31
num_cat=0
split_feature=0 2 5 5 2 12 13 1 3 12 1 9 10 10 13 7 2 12 9 14 2 9 9 1 5 10 5 10 7 9
split_gain=3610.92 2231.31 1725.84 975.422 635.285 609.118 548.028 514.012 473.773 400.009 462.944 397.836 345.553 323.427 321.537 282.733 260.747 260.163 254.576 240.796 223.472 215.722 280.264 865.11 413.819 263.786 258.918 304.312 232.467 193.187
threshold=30.500000000000004 19.675000000000004 0.07207207623693776 0.029407439853330331 24.895000000000003 39.635092499999978 15.865 16.271666666666668 9.2900000000000009 -386221.64999999991 9.7016666666666627 18.366958500000003 2415925.5000000005 477981.97000000003 1.0050000000000001 2.5000000000000004 10.485000000000001 -375980.96999999991 12.365509000000001 6.9750000000000005 13.755000000000001 6.7021178500000014 10.029434250000001 24.066666666666663 0.10487678763520207 41429.558500000006 0.10893257926979254 618377.87500000012 1.0000000180025095e-35 9.400421500000002
decision_type=2 2 2 2 2 2 2 2 2 2 2 2 2 2 2 2 2 2 2 2 2 2 2 2 2 2 2 2 2 2
left_child=1 6 4 18 7 14 8 15 -1 13 -11 12 -7 20 19 17 -12 -2 -3 29 -10 -4 23 24 -23 -24 28 -28 -27 -5
right_child=2 3 21 5 -6 11 -8 -9 9 10 16 -13 -14 -15 -16 -17 -18 -19 -20 -21 -22 22 25 -25 -26 26 27 -29 -30 -31
leaf_value=0.15909336978908292 0.16257356448719901 -0.13312617330385382 0.051460799140158324 -0.15508635092471074 -0.0088696445011799269 -0.072333877373825781 0.051788828709366012 0.067103785701570495 0.21340399634193732 -0.038887257899689977 0.06463829287070226 -0.030644046209999942 -0.16915051918828264 0.016905632169545718 -0.0017931857260487215 0.0055831146896749874 -0.0046460403750821257 0.035375723869484947 -0.068382444690156488 -0.019824298628357634 0.056660114976151268 0.061512030458513216 0.032894924648392658 0.46278619813648136 0.30739939334717664 0.19517018060850086 0.09601962905505608 0.32316089505950613 0.081747653788515659 -0.057741891005964066
leaf_weight=44 42 363 203 67 1355 706 472 786 37 1101 141 576 106 502 1112 1357 3680 938 261 377 59 77 130 22 22 53 29 30 306 213
leaf_count=44 42 363 203 67 1355 706 472 786 37 1101 141 576 106 502 1112 1357 3680 938 261 377 59 77 130 22 22 53 29 30 306 213
internal_value=-0.000794725 -0.0188048 0.032253 -0.0489233 0.0197213 -0.0376326 6.15734e-05 0.0321263 -0.0043265 -0.00562913 -0.0103207 -0.062427 -0.0849725 0.0329858 -0.0181784 0.0203623 -0.00208936 0.0408271 -0.106046 -0.0459111 0.117072 0.0966073 0.110306 0.179178 0.116154 0.0950995 0.114445 0.211515 0.0984925 -0.081035
internal_weight=15167 9817 5350 3781 4478 3157 6036 3123 5564 5520 4922 1388 812 598 1769 2337 3821 980 624 657 96 872 669 121 99 548 418 59 359 280
internal_count=15167 9817 5350 3781 4478 3157 6036 3123 5564 5520 4922 1388 812 598 1769 2337 3821 980 624 657 96 872 669 121 99 548 418 59 359 280
is_linear=0
shrinkage=0.05


Tree=35
num_leaves=31
num_cat=0
split_feature=0 12 5 5 2 13 13 13 9 3 13 12 7 12 9 9 5 12 5 11 7 11 7 4 12 11 11 13 7 10
split_gain=3340.03 1992.49 1666.81 869.327 573.618 568.319 562.386 472.349 464.957 386.314 362.582 318.689 306.777 287.237 285.086 270.57 262.292 257.628 251.914 296.671 531.152 482.825 474.211 245.873 317.032 233.043 220.07 215.546 210.519 222.437
threshold=30.500000000000004 72720.123999999923 0.074710501668356785 0.061031433145526642 24.895000000000003 7.3050000000000006 7.8850000000000007 11.965000000000002 22.824646000000005 9.2900000000000009 20.065000000000001 1349757.6000000003 2.5000000000000004 -375980.96999999991 18.183716000000004 2.2891235000000001 0.029407439853330331 -1394589.3749999998 0.090375066770556622 -1.0869747499999993 1.5000000000000002 -2.3057406499999997 2.5000000000000004 1.4700000000000044 74.554380000000023 0.31748900000000019 -3.0440824999999996 18.975000000000005 1.0000000180025095e-35 130355.98500000002
decision_type=2 2 2 2 2 2 2 2 2 2 2 2 2 2 2 2 2 2 2 2 2 2 2 2 2 2 2 2 2 2
left_child=1 3 4 5 8 16 14 9 12 -5 -10 -8 13 -2 15 -3 -1 -11 23 20 -20 -22 -21 28 -25 -9 -6 -23 29 -4
right_child=2 6 18 7 26 -7 11 25 10 17 -12 -13 -14 -15 -16 -17 -18 -19 19 22 21 27 -24 24 -26 -27 -28 -29 -30 -31
leaf_value=-0.095093029831500309 0.17159931901842357 -0.013959602806780087 0.016951042493539199 0.15643691157456488 -0.08230616477318109 -0.0040828083622405876 -0.02799134109805558 0.066028210348962987 0.060563941269012336 0.1016100925744557 0.19816528275116999 -0.14054308235645294 0.0093661560050019767 0.038364878109096626 -0.04952034564731967 -0.11501826649013665 -0.035491188606206495 -0.0022642294923403911 -0.08665807365129391 0.22284804473498038 0.32709998440742494 0.13510683747247243 0.049576307968659833 0.08418015039764172 0.31416301869827773 0.011810976186409021 -0.0014035748960133877 -0.063582279958895274 0.040792724063700381 0.22171337501042421
leaf_weight=208 42 74 21 40 90 2077 1026 508 495 61 53 67 1608 1098 356 631 1640 2784 36 140 25 39 55 43 23 325 1273 21 278 36
leaf_count=208 42 74 21 40 90 2077 1026 508 495 61 53 67 1608 1098 356 631 1640 2784 36 140 25 39 55 43 23 325 1273 21 278 36
internal_value=-0.000209933 -0.0175876 0.0314585 -0.00561716 0.0205366 -0.0220293 -0.0600623 0.0117087 0.0318187 0.00213244 0.0738721 -0.0348907 0.0234325 0.0432735 -0.0859932 -0.104411 -0.0421996 -3.70472e-05 0.102428 0.135814 0.074312 0.142488 0.173977 0.0761185 0.164326 0.044875 -0.00674564 0.0655656 0.0587404 0.146275
internal_weight=15173 9797 5376 7643 4659 3925 2154 3718 3296 2885 548 1093 2748 1140 1061 705 1848 2845 717 316 121 85 195 401 66 833 1363 60 335 57
internal_count=15173 9797 5376 7643 4659 3925 2154 3718 3296 2885 548 1093 2748 1140 1061 705 1848 2845 717 316 121 85 195 401 66 833 1363 60 335 57
is_linear=0
shrinkage=0.05


Tree=36
num_leaves=31
num_cat=0
split_feature=1 13 2 4 4 13 14 10 1 0 2 7 5 9 5 0 0 0 3 13 4 12 7 7 1 4 10 12 4 9
split_gain=3114.78 1237.92 1123.12 601.441 535.532 462.877 505.149 407.162 406.469 374.925 359.766 350.949 336.642 291.471 275.003 273.466 343.619 257.893 250.68 408.742 238.439 369.608 230.156 231.461 326.177 217.367 215.706 213.291 207.572 204.056
threshold=11.473333333333334 16.075000000000003 23.995000000000001 6.5900000000000016 21.525000000000002 1.0050000000000001 7.0050000000000008 2753257.3500000006 18.96166666666667 26.500000000000004 10.755000000000001 2.5000000000000004 0.087680850900254514 11.536499000000001 0.079207926941737908 32.500000000000007 41.500000000000007 11.500000000000002 10.795000000000002 23.460000000000004 1.8600000000000005 21393.46999999999 2.5000000000000004 5.5000000000000009 14.641666666666664 -10.154999999999998 657334.82000000007 133.94886400000033 16.715 6.9146272000000009
decision_type=2 2 2 2 2 2 2 2 2 2 2 2 2 2 2 2 2 2 2 2 2 2 2 2 2 2 2 2 2 2
left_child=2 3 7 8 12 6 -4 9 22 14 -11 13 27 -12 26 29 18 -16 20 -20 21 -17 -2 -24 -25 -13 -1 -3 -5 -14
right_child=1 4 5 28 -6 -7 -8 -9 -10 10 11 25 15 -15 17 16 -18 -19 19 -21 -22 -23 23 24 -26 -27 -28 -29 -30 -31
leaf_value=-0.011869852286406503 0.028690666844804952 0.066184088388631532 -0.10402600528110412 -0.028977843699842992 -0.14162617152323947 -0.027132046577782287 -0.038009636310405187 -0.097846143393842289 0.093196870060637593 0.20207690691947935 0.0080816314009199332 0.12154761629885641 0.10773717462326643 0.074588712774872376 -0.0079631478573310745 -0.0041308392046226399 0.015370217040973775 0.057432655983588154 0.15937466069467759 0.38284777605107856 0.25743323238123034 0.23521468801342926 -0.0018103885442678682 0.011501356841092041 0.09332133706179134 -0.01805584772306016 -0.037069230224204108 0.022523460077511236 -0.12171305523394314 -0.0067176554265121619
leaf_weight=2478 1768 885 624 348 32 1011 541 129 170 25 378 29 81 292 445 54 47 228 76 28 21 23 2242 482 163 724 1292 409 73 75
leaf_count=2478 1768 885 624 348 32 1011 541 129 170 25 378 29 81 292 445 54 47 228 76 28 21 23 2242 482 163 724 1292 409 73 75
internal_value=-0.000199436 0.0243541 -0.0211011 0.0122561 0.0610187 -0.0518869 -0.0733695 -0.00997324 0.0172569 -0.00804902 0.0140464 0.0107429 0.0648355 0.0370668 -0.01525 0.104618 0.137139 0.0141917 0.165471 0.21954 0.108092 0.067362 0.0144836 0.00578321 0.0321783 -0.0126794 -0.0205058 0.0523841 -0.0450578 0.0527108
internal_weight=15173 6977 8196 5246 1731 2176 1165 6020 4825 5891 1448 1423 1699 670 4443 405 249 673 202 104 98 77 4655 2887 645 753 3770 1294 421 156
internal_count=15173 6977 8196 5246 1731 2176 1165 6020 4825 5891 1448 1423 1699 670 4443 405 249 673 202 104 98 77 4655 2887 645 753 3770 1294 421 156
is_linear=0
shrinkage=0.05


Tree=37
num_leaves=31
num_cat=0
split_feature=1 13 12 12 4 5 1 13 12 0 2 1 5 5 10 0 0 4 3 13 14 11 7 7 13 4 12 4 12 0
split_gain=2811.09 1117.22 1022.13 553.119 483.317 457.578 443.73 353.984 372.07 317.369 369.73 329.484 303.819 264.368 255.451 246.803 310.116 243.303 228.028 377.296 226.103 372.961 225.885 213.73 209.818 209.309 315.274 194.818 192.495 190.867
threshold=11.473333333333334 16.075000000000003 112068.49699999999 230457.64999999994 21.525000000000002 0.061977070595094656 5.5033333333333276 7.3050000000000006 -746998.09999999974 11.500000000000002 11.005000000000001 1.0000000180025095e-35 0.087680850900254514 0.093066554068681848 835832.38000000012 32.500000000000007 41.500000000000007 6.0400000000000009 10.925000000000002 23.460000000000004 14.890000000000002 -2.7397460249999992 5.5000000000000009 2.5000000000000004 10.185 1.8600000000000005 21393.46999999999 21.525000000000002 133.94886400000033 31.500000000000004
decision_type=2 2 2 2 2 2 2 2 2 2 2 2 2 2 2 2 2 2 2 2 2 2 2 2 2 2 2 2 2 2
left_child=2 3 5 13 12 7 -4 14 -9 -7 -11 -12 28 20 -1 -14 18 -8 25 -20 23 -22 -23 -2 -13 26 -17 -5 -3 -30
right_child=1 4 6 27 -6 9 17 8 -10 10 11 24 15 -15 -16 16 -18 -19 19 -21 21 22 -24 -25 -26 -27 -28 -29 29 -31
leaf_value=-0.017982245789934837 0.024473527535216772 0.062874884203492049 -0.11007794387203756 -0.030645834381615257 -0.13454486418049783 -0.011468621366184565 -0.027459382523056255 0.15244926489475702 -0.0097643510802374045 0.12691384185979396 0.20351337025994842 -0.0038777869681573731 0.050075272423549533 0.076962726917982643 -0.052461433609498391 0.004144386688181967 0.014601704399002361 -0.076198795706165445 0.15342216844360035 0.37445372835947921 -0.15982035895188651 0.025090049899662882 0.09483464677926623 0.0012374055205522144 0.042264593231410658 0.24456156825735453 0.22345395706917928 -0.14368773372400376 -0.018297494187330208 0.05078831733026086
leaf_weight=1024 1649 885 317 412 32 1379 785 36 1958 81 23 704 156 175 1130 57 47 380 75 26 21 266 206 2475 379 21 23 42 174 235
leaf_count=1024 1649 885 317 412 32 1379 785 36 1958 81 23 704 156 175 1130 57 47 380 75 26 21 266 206 2475 379 21 23 42 174 235
internal_value=-0.000189464 0.0231364 -0.0200461 0.0116433 0.0579678 -0.0117503 -0.0576288 -0.0220168 -0.00683572 0.00484564 0.0237988 0.0162469 0.0615937 0.0166406 -0.0360702 0.0993875 0.130282 -0.0433572 0.157198 0.210321 0.0143541 0.0463563 0.0555294 0.0105285 0.0122699 0.104074 0.0671959 -0.0411035 0.0497649 0.0213973
internal_weight=15173 6977 8196 5246 1731 6714 1482 4148 1994 2566 1187 1106 1699 4792 2154 405 249 1165 202 101 4617 493 472 4124 1083 101 80 454 1294 409
internal_count=15173 6977 8196 5246 1731 6714 1482 4148 1994 2566 1187 1106 1699 4792 2154 405 249 1165 202 101 4617 493 472 4124 1083 101 80 454 1294 409
is_linear=0
shrinkage=0.05


Tree=38
num_leaves=31
num_cat=0
split_feature=0 12 5 5 13 1 5 1 9 10 12 10 4 7 12 14 14 11 12 9 13 13 13 5 9 10 0 7 13 4
split_gain=2559.47 1555.52 1273.32 738.374 516.155 477.937 461.181 450.37 406.077 463.439 300.593 280.385 273.049 271.49 404.937 234.821 340.369 322.167 239.076 210.672 259.178 450.667 210.968 298.978 282.154 340.028 266.941 245.822 217.382 208.293
threshold=30.500000000000004 112068.49699999999 0.074710501668356785 0.061031433145526642 7.3050000000000006 17.254999999999999 0.040346984077062435 18.96166666666667 18.792847000000005 2220189.5000000005 -386221.64999999991 351522.68500000006 15.515000000000001 2.5000000000000004 -185920.87999999998 6.8950000000000005 1.0000000180025095e-35 -0.6779944999999995 -1394589.3749999998 6.7021178500000014 24.545000000000005 25.825000000000003 21.820000000000004 0.10240657038105505 9.4722440000000017 409761.23000000004 39.500000000000007 1.0000000180025095e-35 16.005000000000006 -0.67000000000000071
decision_type=2 2 2 2 2 2 2 2 2 2 2 2 2 2 2 2 2 2 2 2 2 2 2 2 2 2 2 2 2 2
left_child=1 3 6 4 15 10 -2 13 9 12 11 -5 -3 14 -8 16 18 -18 -1 -4 22 -22 23 27 -25 28 -24 -21 -26 -23
right_child=2 8 19 5 -6 -7 7 -9 -10 -11 -12 -13 -14 -15 -16 -17 17 -19 -20 20 21 29 26 24 25 -27 -28 -29 -30 -31
leaf_value=0.099197862428777372 -0.0061656303544689603 -0.044153119838752211 0.033552576798212934 0.18228155996517414 -0.0033967324589565698 0.072841739876018094 0.13432204486096946 0.077873748839145385 -0.023117808945849541 -0.12301265516461016 0.00018230004813281345 0.033677563098698987 -0.12611746912067434 0.0083596385861823188 0.030596292043842638 -0.021570463374103992 -0.15715517701459975 -0.062148239791106723 -0.037839612256769226 0.17022850531104364 0.37467060265215962 0.23548454573308983 0.094884728897234497 0.3336712252009999 0.1559970809519291 0.25500838588322366 -0.13054472315901269 0.055920747115979358 -0.07176431078802456 0.067363971447700566
leaf_weight=34 1387 819 136 35 2164 283 103 401 625 333 3114 341 116 1680 1088 987 123 325 498 57 22 27 29 22 20 31 24 269 22 58
leaf_count=34 1387 819 136 35 2164 283 103 401 625 333 3114 341 116 1680 1088 987 123 325 498 57 22 27 29 22 20 31 24 269 22 58
internal_value=-0.000179991 -0.0153922 0.0275421 -0.00564201 -0.020247 0.0103487 0.0179961 0.0282382 -0.0561029 -0.0723614 0.00528126 0.0475104 -0.054322 0.0213055 0.0395667 -0.0387848 -0.0561221 -0.0882327 -0.0290816 0.0895712 0.102684 0.172971 0.0868174 0.0986529 0.176707 0.129403 -0.00719653 0.0759071 0.0366935 0.120767
internal_weight=15173 9797 5376 7904 4131 3773 4659 3272 1893 1268 3490 376 935 2871 1191 1967 980 448 532 717 581 107 474 421 95 73 53 326 42 85
internal_count=15173 9797 5376 7904 4131 3773 4659 3272 1893 1268 3490 376 935 2871 1191 1967 980 448 532 717 581 107 474 421 95 73 53 326 42 85
is_linear=0
shrinkage=0.05


Tree=39
num_leaves=31
num_cat=0
split_feature=1 5 2 1 4 13 14 12 3 1 13 12 0 9 13 9 9 10 10 10 0 0 11 11 9 3 10 13 1 11
split_gain=2355.22 931.143 848.179 600.414 580.062 370.142 394.898 365.096 347.651 391.58 340.813 316.828 311.466 272.397 267.112 263.161 259.721 437.373 254.151 222.155 215.587 214.871 209.029 199.698 357.124 273.123 304.687 212.537 367.41 311.511
threshold=11.473333333333334 0.061031433145526642 23.995000000000001 17.925000000000001 16.715 1.0050000000000001 7.0050000000000008 -375980.96999999991 9.6450000000000014 8.2933333333333294 6.0150000000000006 -79717.400000000038 31.500000000000004 17.639511000000002 17.425000000000004 3.8139038000000007 18.792847000000005 3394.5825000000004 639821.67500000016 2239643.6500000004 30.500000000000004 28.500000000000004 1.5622404999999999 0.39283749999999978 11.821167000000001 11.845000000000001 79.382458000000014 20.125000000000004 25.521666666666668 -0.65429700000000046
decision_type=2 2 2 2 2 2 2 2 2 2 2 2 2 2 2 2 2 2 2 2 2 2 2 2 2 2 2 2 2 2
left_child=2 4 7 11 12 6 -4 10 -9 20 13 -3 16 18 -11 -5 17 -2 -1 -19 -10 -12 -13 27 25 26 -25 -17 29 -29
right_child=1 3 5 15 -6 -7 -8 8 9 14 21 22 -14 -15 -16 23 -18 19 -20 -21 -22 -23 -24 24 -26 -27 -28 28 -30 -31
leaf_value=0.10760750489538787 0.014978173057172906 0.079816248904059375 -0.091415767544169343 -0.0036013772711157802 -0.10728113395585255 -0.022963258707997206 -0.033046436298796965 0.13166032549811574 -0.052283031359356795 -0.0090477953894255621 0.034921796236171233 0.030229928737391921 0.018781794753121878 -0.061937297922688428 0.17410503875464201 0.081665416610515351 0.012302873197807804 -0.056102050487455479 -0.0037983105080159306 -0.20466485732683429 0.029223991868396599 0.12193855054347831 -0.011469852181787832 0.10578162640268947 -0.005673017214238644 0.040859570267414796 0.31176691462214179 0.11799592391516155 0.057975647010607645 0.28455909979758692
leaf_weight=67 285 266 624 84 110 1011 541 41 823 4283 233 1409 2707 144 20 243 627 370 217 27 90 102 382 58 125 81 26 52 64 61
leaf_count=67 285 266 624 84 110 1011 541 41 823 4283 233 1409 2707 144 20 243 627 370 217 27 90 102 382 58 125 81 26 52 64 61
internal_value=-0.000170992 0.0211799 -0.0183464 0.0431539 0.00599621 -0.0450999 -0.0643104 -0.00867596 -0.013367 -0.014507 0.0236448 0.0288982 0.00909893 -0.0059194 -0.00819652 0.080086 -0.0109252 -0.03228 0.022484 -0.0662058 -0.0442484 0.0614164 0.0213358 0.089987 0.0580751 0.106369 0.169539 0.112022 0.153697 0.207911
internal_weight=15173 6977 8196 2851 4126 2176 1165 6020 5257 5216 763 2057 4016 428 4303 794 1309 682 284 397 913 335 1791 710 290 165 84 420 177 113
internal_count=15173 6977 8196 2851 4126 2176 1165 6020 5257 5216 763 2057 4016 428 4303 794 1309 682 284 397 913 335 1791 710 290 165 84 420 177 113
is_linear=0
shrinkage=0.05


Tree=40
num_leaves=31
num_cat=0
split_feature=1 2 10 12 9 12 1 1 0 12 13 11 12 9 10 11 7 2 12 11 1 13 7 10 13 12 9 12 13 0
split_gain=2227.48 865.234 801.377 515.18 441.366 389.368 381.539 396.739 380.501 344.741 301.374 298.081 297.239 292.49 524.711 282.721 451.459 340.58 408.9 322.529 277.367 268.713 259.535 255.057 238.669 221.223 216.467 207.454 197.084 194.217
threshold=11.653333333333329 15.025 2003853.9500000002 1349757.6000000003 24.179168500000003 -375980.96999999991 9.5750000000000011 1.0000000180025095e-35 26.500000000000004 -565088.95999999985 1.0000000180025095e-35 -2.6169586499999999 -326865.86999999994 19.611373500000003 803452.10000000021 -1.2932738999999998 2.5000000000000004 11.005000000000001 6037.2200000000021 0.29074100000000019 20.048333333333328 19.995000000000001 4.5000000000000009 1002998.67 19.165000000000003 -1502559.45 24.762527500000001 65798.830000000002 5.9850000000000012 27.500000000000004
decision_type=2 2 2 2 2 2 2 2 2 2 2 2 2 2 2 2 2 2 2 2 2 2 2 2 2 2 2 2 2 2
left_child=2 8 5 13 12 10 7 -7 20 -10 11 -1 -4 14 -3 23 17 18 24 27 -2 -15 -9 -11 -17 -12 -20 -19 -14 -27
right_child=1 3 4 -5 -6 6 -8 22 9 15 25 -13 28 21 -16 16 -18 19 26 -21 -22 -23 -24 -25 -26 29 -28 -29 -30 -31
leaf_value=-0.18889619345250339 0.020636874527750065 0.010696527414024619 0.012736692506334055 -0.13089910240232713 -0.008645398726298192 0.12796990896795732 -0.005919068839114772 -0.023938645001959323 0.23684650210042793 0.036353097172862253 0.13374483778025023 -0.0018939962799275488 -0.10005028077758021 0.024567663198003103 -0.054903568443104157 0.24234347322157454 0.040514911151909722 0.11503867970205078 0.2015383478431475 0.03692866663615673 0.13057350400590995 0.1111349288141355 -0.064557855595014715 -0.12391081513570888 0.065078771859407428 0.012727697723161117 0.43138250514864923 0.28362494747747075 -0.047336427946296979 0.086209774640660125
leaf_weight=23 965 2508 92 64 393 38 4593 1426 30 219 64 290 524 1354 347 28 386 107 21 156 61 96 543 28 59 308 20 22 268 127
leaf_count=23 965 2508 92 64 393 38 4593 1426 30 219 64 290 524 1354 347 28 386 107 21 156 61 96 543 28 59 308 20 22 268 127
internal_value=0.000390716 0.0225996 -0.016149 0.00991792 -0.0527317 -0.00984623 -0.0138659 -0.0320521 0.0489584 0.0697314 0.0228258 -0.0156354 -0.0723311 0.0120114 0.00272342 0.0649384 0.0793914 0.115726 0.183478 0.0852974 0.0271731 0.030299 -0.0351404 0.0181855 0.122129 0.0469508 0.313657 0.14379 -0.0822128 0.0341811
internal_weight=15160 6471 8689 4369 1277 7412 6600 2007 2102 1076 812 313 884 4305 2855 1046 799 413 128 285 1026 1450 1969 247 87 499 41 129 792 435
internal_count=15160 6471 8689 4369 1277 7412 6600 2007 2102 1076 812 313 884 4305 2855 1046 799 413 128 285 1026 1450 1969 247 87 499 41 129 792 435
is_linear=0
shrinkage=0.05


Tree=41
num_leaves=31
num_cat=0
split_feature=1 5 2 4 0 12 0 4 1 10 12 11 7 2 3 4 11 12 1 7 2 10 12 4 7 7 11 3 0 7
split_gain=2016.37 824.542 752.527 532.762 355.254 343.211 295.208 283.087 280.623 294.693 265.314 268.782 359.079 353.771 315.024 306.585 295.611 250.864 234.75 233.009 229.374 226.106 222.635 220.312 210.184 263.13 196.079 193.79 189.19 184.186
threshold=11.333333333333334 0.071505188152992075 22.835000000000004 16.715 26.500000000000004 112068.49699999999 28.500000000000004 -8.5049999999999972 14.90833333333333 2003853.9500000002 -386221.64999999991 -0.72149599999999914 2.5000000000000004 11.125000000000002 14.965000000000002 -3.6699999999999986 0.47908050000000207 -774468.09999999998 20.486666666666668 5.5000000000000009 46.940000000000005 2397470.6500000004 375.69104999999996 1.5200000000000007 2.5000000000000004 5.5000000000000009 0.90956099999999973 20.635000000000002 25.500000000000004 3.5000000000000004
decision_type=2 2 2 2 2 2 2 2 2 2 2 2 2 2 2 2 2 2 2 2 2 2 2 2 2 2 2 2 2 2
left_child=2 3 6 8 18 17 21 26 -2 24 -6 19 13 14 15 -13 -15 28 -3 27 29 -1 -17 -14 -10 -26 -8 -12 -4 -19
right_child=1 4 5 -5 10 -7 7 -9 9 -11 11 12 23 16 -16 22 -18 20 -20 -21 -22 -23 -24 -25 25 -27 -28 -29 -30 -31
leaf_value=-0.0096333677318874503 0.0039657370456293453 0.022248395773769192 0.004397059405265853 -0.096869427563379643 0.19787264610640706 -0.068025338398353147 0.14225119426846505 0.0088982336532374261 0.055237746309365093 -0.082604971502361624 -0.0053942299852188479 0.0035852772398636892 0.019136291233139424 0.14554587748997588 0.35614375472068788 0.1262769456475209 0.017976984337560439 -0.011091384279268741 0.13922289719184242 0.16139381400176459 -0.1250966257282666 -0.058315017254031071 0.30745191079874834 0.14909908608175243 0.0080671838985188708 0.075139876185841434 -0.013989618779825314 0.15034355047074233 0.17963036851336558 -0.045936449066692191
leaf_weight=4167 3650 915 43 115 40 770 71 883 620 58 217 26 199 87 23 39 95 794 45 28 63 253 30 39 916 174 28 22 24 726
leaf_count=4167 3650 915 43 115 40 770 71 883 620 58 217 26 199 87 23 39 95 794 45 28 63 253 30 39 916 174 28 22 24 726
internal_value=0.00037118 0.019198 -0.0172907 0.009625 0.0485426 -0.0404615 -0.00691053 0.0178872 0.0118854 0.0282354 0.0721859 0.0659406 0.086294 0.122677 0.190109 0.149911 0.0789577 -0.0275984 0.0277316 0.024929 -0.0316093 -0.0124199 0.205049 0.0404327 0.0319949 0.0187742 0.0980619 0.00894147 0.0671672 -0.0277345
internal_weight=15160 7338 7822 5533 1805 2420 5402 982 5418 1768 845 805 538 300 118 95 182 1650 960 267 1583 4420 69 238 1710 1090 99 239 67 1520
internal_count=15160 7338 7822 5533 1805 2420 5402 982 5418 1768 845 805 538 300 118 95 182 1650 960 267 1583 4420 69 238 1710 1090 99 239 67 1520
is_linear=0
shrinkage=0.05


Tree=42
num_leaves=31
num_cat=0
split_feature=0 12 2 1 9 9 9 13 2 10 2 12 0 10 10 11 11 4 9 9 0 11 11 12 13 11 4 10 13 9
split_gain=1836.22 1235.47 954.012 532.663 389.573 386.803 484.847 365.543 333.439 446.49 243.592 230.357 210.781 210.072 194.388 197.797 194.254 187.782 184.474 260.722 781.496 216.295 221.356 289.73 225.901 171.708 169.187 290.518 166.988 173.356
threshold=28.500000000000004 8453.1617499999938 13.935 16.141666666666669 21.084045500000006 18.588928500000005 7.1965027000000008 20.005000000000006 11.425000000000002 1.0000000180025095e-35 34.600000000000009 -687845.07499999984 43.500000000000007 2003853.9500000002 1433361.2500000002 -1.0635683499999991 -3.2184449999999987 -3.3799999999999994 6.7021178500000014 9.4722440000000017 35.500000000000007 0.78112795000000002 -0.80104049999999904 -272968.74999999994 18.715000000000003 -2.4498137500000001 -1.4899999999999991 790451.65500000014 4.0050000000000008 2.2891235000000001
decision_type=2 2 2 2 2 2 2 2 2 2 2 2 2 2 2 2 2 2 2 2 2 2 2 2 2 2 2 2 2 2
left_child=1 3 12 8 11 6 28 -6 9 -1 -10 -4 18 -8 25 -16 -5 -12 -2 20 -20 22 23 -21 -25 -13 27 -11 29 -3
right_child=2 5 4 16 7 -7 13 -9 10 26 17 14 -14 -15 15 -17 -18 -19 19 21 -22 -23 -24 24 -26 -27 -28 -29 -30 -31
leaf_value=0.0054179248063171166 0.031902634408232745 -0.0091738832242628365 0.088137535890003282 0.18226904480789718 0.030917819945498966 -0.015095235616513464 -0.062097858218431473 0.13817110347539882 -0.0077591080031622559 0.23850894892944938 0.0091772704924407752 -0.020041680059891254 -0.022142111024529232 -0.10932056354964531 -0.13202259344462719 -0.017752063048372207 0.041529507726474214 -0.10005897192035135 0.027813587688602683 0.15465377695858479 0.3435766635087526 0.029859849969532504 0.12215866610551192 0.069372197808545144 -0.073217484851678213 0.011608674813324943 0.014404296765810457 0.056389363382647675 -0.0060507994981253014 -0.099849867751084578
leaf_weight=329 202 94 83 26 1042 783 651 86 5642 47 57 499 61 369 45 239 430 127 43 45 36 184 270 61 51 3034 29 41 434 120
leaf_count=329 202 94 83 26 1042 783 651 86 5642 47 57 499 61 369 45 239 430 127 43 45 36 184 270 61 51 3034 29 41 434 120
internal_value=0.000352621 -0.013694 0.0219099 -0.00262225 0.0132161 -0.0440861 -0.0576951 0.0390949 -0.00641568 0.0352514 -0.00960544 0.00573117 0.0677781 -0.0791814 0.00393926 -0.0358583 0.0495541 -0.0662195 0.0739273 0.0862302 0.171706 0.0751785 0.094707 0.047497 0.00444297 0.00713839 0.119142 0.153658 -0.023874 -0.0600202
internal_weight=15160 9179 5981 6728 5028 2451 1668 1128 6272 446 5826 3900 953 1020 3817 284 456 184 892 690 79 611 427 157 112 3533 117 88 648 214
internal_count=15160 9179 5981 6728 5028 2451 1668 1128 6272 446 5826 3900 953 1020 3817 284 456 184 892 690 79 611 427 157 112 3533 117 88 648 214
is_linear=0
shrinkage=0.05


Tree=43
num_leaves=31
num_cat=0
split_feature=13 12 12 14 9 12 2 0 2 9 3 12 5 12 10 0 13 11 7 3 7 11 9 4 9 4 4 10 12 11
split_gain=1686.98 1049.3 448.84 428.521 387.476 378.162 332.03 288.294 284.666 273.997 283.651 262.193 244.343 349.556 243.281 236.143 233.287 444.333 213.983 207.905 205.666 426.877 206.635 188.08 182.488 180.177 179.279 177.312 171.907 198.286
threshold=13.225000000000003 112068.49699999999 -79717.400000000038 14.430000000000001 21.790665000000001 1349757.6000000003 31.805000000000003 25.500000000000004 11.425000000000002 11.615616000000001 11.585000000000003 1.0000000180025095e-35 0.089565616747365503 -1.0000000180025095e-35 2003853.9500000002 19.500000000000004 19.505000000000006 3.3031157500000004 5.5000000000000009 11.055000000000001 2.5000000000000004 -0.85609400000000047 25.037506000000004 -2.069999999999999 5.6813050000000009 13.525000000000002 -8.8049999999999962 698336.42500000016 74.554380000000023 0.42423999999999934
decision_type=2 2 2 2 2 2 2 2 2 2 2 2 2 2 2 2 2 2 2 2 2 2 2 2 2 2 2 2 2 2
left_child=1 3 -2 6 14 8 7 12 11 10 -9 -4 -1 -14 15 25 -10 19 -5 -18 21 -13 -23 -20 -21 -3 -11 -22 29 -26
right_child=2 4 5 18 -6 -7 -8 9 16 26 -12 20 13 -15 -16 -17 17 -19 23 24 27 22 -24 -25 28 -27 -28 -29 -30 -31
leaf_value=-0.010936980524092891 0.081250524546643638 -0.058112645122703532 0.033778948165317575 0.012684055478867452 -0.001338807915487252 -0.12178267182803951 -0.040483333178174992 0.12810801367508248 0.013559443724724458 0.084923639638485232 -0.0066629993847565601 0.010241514447012118 0.16453148001804949 0.012521365062404378 -0.085133890277724278 -0.024439508337597018 -0.048592913100639214 0.28598848646506669 0.16401561638142201 -0.061935279791110333 0.10566303741186858 0.16067531757483569 0.33569245774012346 0.053461519069200873 0.16098230520217885 -0.15356559457197305 0.021046566951500457 -0.066243856338163223 0.034992072502093727 0.031283840553268147
leaf_weight=5524 412 244 275 327 435 43 600 40 1931 120 1630 35 45 237 461 670 52 20 47 28 40 48 26 212 82 62 1298 24 146 46
leaf_count=5524 412 244 275 327 435 43 600 40 1931 120 1630 35 45 237 461 670 52 20 47 28 40 48 26 212 82 62 1298 24 146 46
internal_value=0.00033499 -0.00830617 0.0325292 -0.00192175 -0.0426838 0.02535 -0.00448299 -0.00205436 0.0276481 0.0102892 -0.00343495 0.0641177 -0.00861943 0.0367783 -0.0551995 -0.0410605 0.0205599 0.0567037 0.0395738 0.0437498 0.112344 0.154118 0.222168 0.0735235 0.0596499 -0.0774528 0.0264522 0.041198 0.0720746 0.114372
internal_weight=15160 11952 3208 10080 1872 2796 9494 8894 2753 3088 1670 448 5806 282 1437 976 2305 374 586 354 173 109 74 259 302 306 1418 64 274 128
internal_count=15160 11952 3208 10080 1872 2796 9494 8894 2753 3088 1670 448 5806 282 1437 976 2305 374 586 354 173 109 74 259 302 306 1418 64 274 128
is_linear=0
shrinkage=0.05


Tree=44
num_leaves=31
num_cat=0
split_feature=1 5 5 12 0 9 10 12 13 13 14 12 13 1 1 0 10 1 7 14 1 7 10 12 0 11 4 11 4 9
split_gain=1579.84 655.225 555.538 396.818 327.11 306.361 353.023 290.551 274.262 262.964 285.277 251.49 270.479 251.948 228.809 227.49 222.151 210.753 209.572 277.145 207.867 200.556 349.456 217.111 240.752 235.968 358.225 190.44 188.532 189.696
threshold=11.024999999999997 0.071505188152992075 0.043869269762822932 979180.22499999998 26.500000000000004 17.851745500000003 803452.10000000021 -774468.09999999998 20.005000000000006 5.9850000000000012 6.9750000000000005 -375980.96999999991 18.715000000000003 1.0000000180025095e-35 7.339999999999999 43.500000000000007 486755.70000000007 14.90833333333333 2.5000000000000004 7.1150000000000011 20.048333333333328 1.0000000180025095e-35 59156.322500000009 -386221.64999999991 36.500000000000007 1.1734464000000011 0.83000000000000107 1.3937687000000005 0.38499999999999984 11.708053500000002
decision_type=2 2 2 2 2 2 2 2 2 2 2 2 2 2 2 2 2 2 2 2 2 2 2 2 2 2 2 2 2 2
left_child=2 3 7 5 20 6 17 -1 -7 10 -9 16 13 -13 -15 21 18 -2 -4 -20 27 22 -6 -23 -25 -26 -27 -3 29 -19
right_child=1 4 11 -5 15 8 -8 9 -10 -11 -12 12 -14 14 -16 -17 -18 28 19 -21 -22 23 -24 24 25 26 -28 -29 -30 -31
leaf_value=0.064396961528196267 -0.0019390095078829152 0.030013212202526819 0.00061162403503129651 -0.064835608192539265 -0.0055720490287058059 0.020097533691170077 -0.044476437823910385 -0.076019733038012183 0.10477806518878788 -0.020125237159321414 -0.027961444822481408 0.1181053859802584 0.170783861130476 -0.046350763483921767 -0.010112914842750485 -0.031466906495644889 0.0079105610877703205 0.072491518643801101 0.23804873675107957 0.029032361558799086 0.1145213824600495 0.17191955747037402 0.19101691691646377 0.032339195895659194 0.067305743854192288 0.084563660986661432 0.35598093502223493 -0.017758520372690711 0.0084669828017757947 -0.016782624262074632
leaf_weight=67 2487 786 43 186 32 2182 389 736 100 867 532 36 20 500 3382 59 614 288 35 29 58 41 77 441 158 31 20 284 605 75
leaf_count=67 2487 786 43 186 32 2182 389 736 100 867 532 36 20 500 3382 59 614 288 35 29 58 41 77 441 158 31 20 284 605 75
internal_value=0.00031824 0.0149942 -0.0174337 0.00711168 0.0400344 0.00929617 0.000680992 -0.038129 0.0238083 -0.0413464 -0.0558565 -0.00765245 -0.0126231 -0.0135593 -0.0147803 0.0632819 0.0194966 0.00576529 0.0859808 0.143338 0.0223309 0.0702696 0.133303 0.0603266 0.0532877 0.09749 0.191002 0.0173336 0.0255593 0.0540464
internal_weight=15160 8299 6861 6312 1987 6126 3844 2202 2282 2135 1268 4659 3938 3918 3882 859 721 3455 107 64 1128 800 109 691 650 209 51 1070 968 363
internal_count=15160 8299 6861 6312 1987 6126 3844 2202 2282 2135 1268 4659 3938 3918 3882 859 721 3455 107 64 1128 800 109 691 650 209 51 1070 968 363
is_linear=0
shrinkage=0.05


Tree=45
num_leaves=31
num_cat=0
split_feature=13 12 14 12 1 1 9 9 13 12 10 3 9 9 5 1 10 7 0 13 2 9 13 10 7 4 0 13 12 9
split_gain=1528.88 968.889 412.504 404.432 322.072 547.934 371.764 296.542 285.608 335.837 316.215 278.189 264.462 228.555 311.757 220.536 215.217 214.605 213.58 205.197 201.915 197.784 189.178 261.368 190.134 182.447 161.16 157.932 153.341 151.387
threshold=13.495000000000003 112068.49699999999 14.505000000000001 944819.52000000025 24.066666666666663 25.521666666666668 9.4722440000000017 18.588928500000005 6.9050000000000011 -105958.95499999999 738316.92000000004 11.175000000000002 7.0395355000000004 22.734055000000001 0.10893257926979254 4.4883333333333288 639821.67500000016 5.5000000000000009 17.500000000000004 5.9850000000000012 11.005000000000001 -2.3690185499999994 20.425000000000004 1129412.5000000002 1.0000000180025095e-35 10.955 28.500000000000004 9.9450000000000021 -746998.09999999974 13.541610500000003
decision_type=2 2 2 2 2 2 2 2 2 2 2 2 2 2 2 2 2 2 2 2 2 2 2 2 2 2 2 2 2 2
left_child=1 2 8 4 13 6 -6 12 10 20 15 -12 19 21 22 18 -7 -4 -1 -3 -10 -2 24 -24 -15 -13 -22 -11 -26 -28
right_child=3 7 17 -5 5 16 -8 -9 9 27 11 25 -14 14 -16 -17 -18 -19 -20 -21 26 -23 23 -25 28 -27 29 -29 -30 -31
leaf_value=-0.030561878532171252 0.17556818550718684 -0.07216753827657417 0.012438166854218391 -0.058916721374456152 0.39194768097089683 0.020101381963314981 0.097194065917283301 -0.012998528286972139 0.16640528377007557 -0.023670922179017777 0.15113123029470443 -0.03123411358584352 -0.070999710215310138 0.11754323171885456 0.25180854342877862 -0.0071725891039374854 0.17061509132385255 0.074721772001899098 0.14320104589375357 0.0018387007388835871 0.014012708910195824 0.02137346570077743 0.25316900651042279 0.016005199721881323 0.1626928814819881 -0.097559162158008042 0.024066963772891109 0.0016302721954564706 0.024395497138664887 0.10745594331861608
leaf_weight=28 21 140 321 120 23 114 20 627 27 737 20 1258 854 73 20 2718 30 243 48 283 598 2147 26 21 21 113 113 3781 440 105
leaf_count=28 21 140 321 120 23 114 20 627 27 737 20 1258 854 73 20 2718 30 243 48 283 598 2147 26 21 21 113 113 3781 440 105
internal_value=-0.000386629 -0.0084397 -0.00227771 0.0310664 0.0347193 0.0982283 0.254853 -0.0411591 -0.00473263 0.00290871 -0.0145212 -0.0340001 -0.0549858 0.0304304 0.0577136 -0.00482361 0.0514584 0.0392731 0.0791831 -0.0226551 0.0318802 0.022867 0.0510322 0.147202 0.0425678 -0.0367007 0.027429 -0.00249699 0.0306954 0.0642314
internal_weight=15090 12014 10110 3076 2956 187 43 1904 9546 5361 4185 1391 1277 2769 601 2794 144 564 76 423 843 2168 581 47 534 1371 816 4518 461 218
internal_count=15090 12014 10110 3076 2956 187 43 1904 9546 5361 4185 1391 1277 2769 601 2794 144 564 76 423 843 2168 581 47 534 1371 816 4518 461 218
is_linear=0
shrinkage=0.05


Tree=46
num_leaves=31
num_cat=0
split_feature=1 13 12 13 12 14 12 14 4 9 10 4 3 7 11 14 9 1 1 5 10 4 0 11 11 10 12 3 13 3
split_gain=1403.83 719.633 513.02 325.72 309.14 282.247 364.922 275.978 258.764 246.772 249.337 241.181 235.866 219.835 207.086 199.066 206.851 197.259 464.607 206.243 194.233 187.759 203.719 185.76 324.602 229.737 266.947 218.592 214.705 178.837
threshold=10.79833333333333 16.075000000000003 27585.05000000005 7.8850000000000007 906516.72000000009 1.0000000180025095e-35 -481765.99999999994 16.105000000000004 1.1500000000000015 18.183716000000004 618377.87500000012 -11.074999999999998 10.175000000000002 5.5000000000000009 1.5020295000000001 5.0050000000000008 6.7021178500000014 24.066666666666663 25.521666666666668 0.082542310176515504 639821.67500000016 -8.8049999999999962 21.500000000000004 -1.0869747499999993 0.33186407999999978 880144.06000000017 -250635.34999999989 8.5650000000000031 20.125000000000004 11.675000000000002
decision_type=2 2 2 2 2 2 2 2 2 2 2 2 2 2 2 2 2 2 2 2 2 2 2 2 2 2 2 2 2 2
left_child=2 7 5 -4 11 6 -1 8 14 10 -10 -3 -8 -9 -2 16 -7 23 19 -19 -20 22 -18 25 28 26 -13 -26 -25 -29
right_child=1 4 3 -5 -6 15 12 13 9 -11 -12 17 -14 -15 -16 -17 21 18 20 -21 -22 -23 -24 24 27 -27 -28 29 -30 -31
leaf_value=0.041366127495556224 0.017117388160152801 0.20267903904120127 -0.0572825641707225 -0.01325809839679523 -0.05978770876583988 -0.17393015948565382 0.10683569161390716 0.014655241985813878 -0.0095166967278865061 0.013425175528039388 -0.054163490897522142 0.15411548110458889 -0.010020716013655574 0.092398595371737322 -0.011180919716791736 -0.018405444304089143 -0.065029954346162933 0.12167946015484632 0.01909631388588694 0.3435285045342012 0.16208433707555137 -0.078006732562240569 0.10556524217128754 0.060388758746671156 0.16554059791564943 -0.10490071424504831 0.0033748643006693418 -0.044409626026504806 0.1445053790194484 0.027938102285670497
leaf_weight=448 3127 24 1144 664 73 38 44 218 1578 885 390 33 2322 156 815 1272 35 20 114 22 30 159 35 456 25 42 267 105 91 458
leaf_count=448 3127 24 1144 664 73 38 44 218 1578 885 390 33 2322 156 815 1272 35 20 114 22 30 159 35 456 25 42 267 105 91 458
internal_value=-0.000367297 0.0123007 -0.0187267 -0.0411143 0.0409489 -0.00942814 -1.25469e-05 0.00526752 0.00296597 -0.00850327 -0.0183644 0.0453079 -0.00784756 0.047083 0.0112668 -0.0266442 -0.0658939 0.0430368 0.091563 0.237886 0.0488855 -0.0479665 0.0202676 0.0369259 0.0466594 0.00462301 0.0199563 0.0208693 0.0743826 0.0144452
internal_weight=15090 8929 6161 1808 1760 4353 2814 7169 6795 2853 1968 1687 2366 374 3942 1539 267 1663 186 42 144 229 70 1477 1135 342 300 588 547 563
internal_count=15090 8929 6161 1808 1760 4353 2814 7169 6795 2853 1968 1687 2366 374 3942 1539 267 1663 186 42 144 229 70 1477 1135 342 300 588 547 563
is_linear=0
shrinkage=0.05


Tree=47
num_leaves=31
num_cat=0
split_feature=13 10 2 14 4 0 9 4 9 10 9 9 7 7 1 1 9 4 11 4 11 7 3 2 5 2 7 11 7 5
split_gain=1280.63 769.61 422.693 398.917 332.417 280.696 249.254 245.906 254.673 233.112 255.726 227.757 205.206 201.551 316.666 930.216 292.433 212.818 200.536 388.398 201.574 199.933 194.619 193.702 191.541 187.428 180.309 176.44 169.033 304.794
threshold=11.805000000000001 2003853.9500000002 18.295000000000005 16.105000000000004 10.955 26.500000000000004 -2.3690185499999994 -31.569999999999997 13.908447500000003 486755.70000000007 5.3885804000000013 24.179168500000003 3.5000000000000004 2.5000000000000004 24.066666666666663 25.521666666666668 22.579940500000003 -6.835 0.21392812000000025 1.5749999999999995 -0.09356649999999965 5.5000000000000009 11.915000000000001 11.525 0.098376797203443209 52.070000000000007 1.0000000180025095e-35 2.318328999999999 1.5000000000000002 0.10487678763520207
decision_type=2 2 2 2 2 2 2 2 2 2 2 2 2 2 2 2 2 2 2 2 2 2 2 2 2 2 2 2 2 2
left_child=1 3 5 4 7 6 -2 -1 9 24 23 -3 26 16 -15 -16 28 -18 19 20 -19 -5 -20 -11 -9 -4 -12 -17 -7 -30
right_child=2 11 25 21 -6 13 -8 8 -10 10 12 -13 -14 14 15 27 17 18 22 -21 -22 -23 -24 -25 -26 -27 -28 -29 29 -31
leaf_value=0.11549769674117367 0.17658153322079909 -0.060767430952159265 0.004945938666429622 0.014717938867397607 -0.05655464053304228 0.025589465749572909 0.010140665996044696 -0.006537756449850946 0.0056004362887603857 0.13273534807562828 -0.068675918282852286 -0.014677602955163741 -0.069776339473069784 0.014856092006285541 0.40612390960256262 -0.050424995935625508 0.23696382291339063 0.04856622149659829 -0.10584195524454117 0.27400505290750193 0.18967572064960705 0.088510363129009118 0.068540221611037858 -0.0090372782173224284 0.095048307120165931 -0.1329165391921997 -0.0078234866180360262 0.12930477993054823 0.058306695226614885 0.24285140776634218
leaf_weight=42 23 872 1780 221 327 450 1022 3645 3118 25 168 387 427 637 21 36 27 99 20 34 34 157 80 664 47 25 442 22 213 25
leaf_count=42 23 872 1780 221 327 450 1022 3645 3118 25 168 387 427 637 21 36 27 99 20 34 34 157 80 664 47 25 442 22 213 25
internal_value=-0.000348933 -0.00991616 0.0218274 -0.00494094 -0.00707642 0.0341925 0.013804 -0.00519028 -0.0057841 -0.0123358 -0.0275043 -0.0466 -0.0431919 0.0467402 0.0265661 0.120987 0.0614496 0.103189 0.0896614 0.123193 0.0846393 0.0453672 0.0336638 -0.00389313 -0.00524454 0.00303649 -0.0245828 0.0177484 0.0436132 0.0776916
internal_weight=15090 10542 4548 9283 8905 2743 1045 8578 8536 5418 1726 1259 1037 1698 716 79 982 294 267 167 133 378 100 689 3692 1805 610 58 688 238
internal_count=15090 10542 4548 9283 8905 2743 1045 8578 8536 5418 1726 1259 1037 1698 716 79 982 294 267 167 133 378 100 689 3692 1805 610 58 688 238
is_linear=0
shrinkage=0.05


Tree=48
num_leaves=31
num_cat=0
split_feature=0 12 5 1 9 9 2 10 9 7 1 1 11 11 3 12 11 14 12 9 7 10 0 4 1 0 4 12 3 1
split_gain=1192.36 848.165 632.339 370.607 272.043 350.675 245.379 390.827 256.071 228.798 319.887 742.838 310.581 443.273 281.957 231.802 231.512 219.934 219.893 218.52 203.16 172.953 167.141 157.358 153.744 153.002 338.586 214.161 150.585 150.498
threshold=28.500000000000004 8453.1617499999938 0.059934074310353566 17.010000000000002 18.366958500000003 7.1965027000000008 11.525 868.04212000000018 11.615616000000001 2.5000000000000004 24.066666666666663 25.521666666666668 -1.0869747499999993 0.78112795000000002 8.5650000000000031 119919.46000000001 0.21392812000000025 16.105000000000004 -148668.49999999985 21.084045500000006 1.5000000000000002 1641893.05 22.500000000000004 1.6200000000000003 20.486666666666668 32.500000000000007 -4.6499999999999986 -4610.4712499999996 10.515000000000002 5.5033333333333276
decision_type=2 2 2 2 2 2 2 2 2 2 2 2 2 2 2 2 2 2 2 2 2 2 2 2 2 2 2 2 2 2
left_child=1 3 19 6 5 22 7 -1 -9 12 17 -12 -4 15 -15 18 -17 -11 20 25 -14 23 -3 -7 -16 26 -2 -27 -13 -28
right_child=2 4 9 -5 -6 21 -8 8 -10 10 11 28 13 14 24 16 -18 -19 -20 -21 -22 -23 -24 -25 -26 27 29 -29 -30 -31
leaf_value=0.0043991919848141202 0.072513029413499144 -0.040014547286899668 0.011831206030761036 0.045470885483039611 -0.012324927508538494 -0.015489957989213658 -0.0081830214232414267 0.16593747611527576 0.0072416250331279568 0.0074542542435882394 0.35185972849527997 -0.064290104834017925 0.10138187774922698 0.19434337382731232 0.024196298392037647 0.29655229121446613 0.09473792627384818 0.0936584368808034 0.074044868294243393 0.027134199066551713 0.27698577775486877 -0.087761739483731671 0.011627700543780437 -0.069968745401314411 -0.10617287160456182 0.055110798881536249 -0.11037677160331182 -7.5631999355327259e-05 0.091915835667815471 -0.030178264547937313
leaf_weight=380 74 392 272 381 780 231 5809 73 39 855 24 27 40 23 237 30 27 81 298 899 28 489 261 311 25 190 70 2352 36 356
leaf_count=380 74 392 272 381 780 231 5809 73 39 855 24 27 40 23 237 30 27 81 298 899 28 489 261 311 25 190 70 2352 36 356
internal_value=-0.000331486 -0.0116621 0.0171029 -0.00241593 -0.0367363 -0.0480432 -0.00531148 0.0285926 0.110677 0.0399782 0.0234384 0.115147 0.0572438 0.0746905 0.0264916 0.107165 0.200956 0.0149142 0.0925581 0.00547651 0.173689 -0.0662017 -0.0193735 -0.0467499 0.0117565 -0.000923967 -0.0262077 0.00404924 0.0249704 -0.0433564
internal_weight=15090 9146 5944 6682 2464 1684 6301 492 112 2003 1023 87 980 708 285 423 57 936 366 3941 68 1031 653 542 262 3042 500 2542 63 426
internal_count=15090 9146 5944 6682 2464 1684 6301 492 112 2003 1023 87 980 708 285 423 57 936 366 3941 68 1031 653 542 262 3042 500 2542 63 426
is_linear=0
shrinkage=0.05


Tree=49
num_leaves=31
num_cat=0
split_feature=1 13 12 1 1 11 4 14 12 13 11 4 9 12 4 13 1 10 9 1 1 9 12 11 9 11 13 10 2 2
split_gain=1088.08 571.674 423.607 328.276 343.877 265.679 275.405 283.344 246.146 213.325 219.057 205.131 191.007 187.157 185.077 179.602 177.629 158.095 183.469 157.111 373.367 294.884 169.891 203.658 250.536 239.043 194.516 165.032 159.485 159.161
threshold=10.591666666666669 16.075000000000003 -165228.09999999995 8.2933333333333294 1.0000000180025095e-35 1.3937687000000005 6.5900000000000016 17.520000000000003 979180.22499999998 6.1650000000000009 -2.7397460249999992 -10.154999999999998 17.639511000000002 -687845.07499999984 13.525000000000002 4.0050000000000008 2.249999999999996 639821.67500000016 13.908447500000003 24.066666666666663 25.521666666666668 9.4722440000000017 -565088.95999999985 -1.0869747499999993 8.7648620000000026 0.33186407999999978 20.125000000000004 639821.67500000016 14.335000000000003 12.435
decision_type=2 2 2 2 2 2 2 2 2 2 2 2 2 2 2 2 2 2 2 2 2 2 2 2 2 2 2 2 2 2
left_child=2 5 9 4 -4 6 7 -2 11 10 -1 -3 13 17 -5 -6 -14 -12 -19 22 21 -21 -13 24 -24 26 -25 -22 -26 -28
right_child=1 8 3 14 15 -7 -8 -9 -10 -11 12 19 16 -15 -16 -17 -18 18 -20 20 27 -23 23 25 28 -27 29 -29 -30 -31
leaf_value=-0.11516645313240588 0.010366095467215956 0.17610900578675448 0.098966838669304447 -0.012437320839709051 -0.064202187386387694 -0.012929799393515243 -0.026654771259106702 0.0750346970781684 -0.059752520001851599 0.027139408484826946 0.12809962714478995 0.13609474317023629 -0.16480490807264758 -0.013674779212382344 -0.08388015211391403 -0.029768600078913555 -0.026507490698499222 -0.014335184905432025 0.095670266739897813 0.33175935460173567 0.014304262991144992 0.069246122092008588 0.034612642187389665 0.049576854089926549 -0.11173809189349414 0.016802305763001679 0.20442443983629346 0.14610630869865418 -0.007318668434305526 0.070612515851855281
leaf_weight=48 5276 27 41 2545 794 1755 491 175 65 643 48 38 26 286 94 724 217 106 59 23 114 20 174 451 66 582 40 30 82 50
leaf_count=48 5276 27 41 2545 794 1755 491 175 65 643 48 38 26 286 94 724 217 106 59 23 114 20 174 451 66 582 40 30 82 50
internal_value=-0.000314912 0.0100443 -0.0177163 -0.0257287 -0.0439201 0.00416309 0.00921156 0.0124422 0.0357352 0.00575604 -0.0116484 0.0393926 -0.00495181 0.0127511 -0.0149821 -0.0477793 -0.0413047 0.0482338 0.0250001 0.0371822 0.0803704 0.20966 0.0317364 0.028992 -0.00606287 0.0390434 0.06297 0.041763 -0.0538841 0.130084
internal_weight=15090 9459 5631 4198 1559 7697 5942 5451 1762 1433 790 1697 742 499 2639 1518 243 213 165 1670 187 43 1483 1445 322 1123 541 144 148 90
internal_count=15090 9459 5631 4198 1559 7697 5942 5451 1762 1433 790 1697 742 499 2639 1518 243 213 165 1670 187 43 1483 1445 322 1123 541 144 148 90
is_linear=0
shrinkage=0.05


Tree=50
num_leaves=31
num_cat=0
split_feature=13 12 2 5 0 10 7 9 1 10 0 5 5 9 11 12 13 9 13 7 0 9 12 10 9 11 11 11 7 5
split_gain=1013.42 666.286 329.102 287.277 281.955 249.059 275.687 248.725 247.737 243.959 238.472 279.193 263.052 228.257 237.516 221.927 235.692 207.679 256.768 185.985 227.303 170.162 165.06 162.15 152.81 163.105 152.186 188.228 173.171 186.836
threshold=13.495000000000003 132424.32000000001 11.125000000000002 0.093066554068681848 25.500000000000004 1.0000000180025095e-35 1.0000000180025095e-35 24.843002000000002 7.4683333333333275 545562.85000000021 36.500000000000007 0.11527380022216889 0.11527380022216889 8.2985837500000024 -1.1652224999999994 1349757.6000000003 20.005000000000006 18.183716000000004 3.0050000000000003 2.5000000000000004 42.500000000000007 5.862091050000001 -47739.27000000004 2355942.2500000005 13.541610500000003 0.61239600000000227 0.44134500000000015 -1.9851069999999991 3.5000000000000004 0.053633682932722478
decision_type=2 2 2 2 2 2 2 2 2 2 2 2 2 2 2 2 2 2 2 2 2 2 2 2 2 2 2 2 2 2
left_child=1 3 5 4 8 13 9 19 -1 -7 11 -8 -12 -2 -15 16 26 18 -3 20 24 -18 -5 -20 -6 -26 27 -4 29 -29
right_child=2 17 15 22 7 6 10 -9 -10 -11 12 -13 -14 14 -16 -17 21 -19 23 -21 -22 -23 -24 -25 25 -27 -28 28 -30 -31
leaf_value=-0.032153454197478205 0.068110280588939129 -0.072715802056211379 -0.015084039072768909 0.14847696003945252 0.021174916817600198 0.10068714380264283 0.0077340271151452164 0.050019839456773463 -0.0048827176667728235 0.31456171081711853 0.28092998385429385 0.15813282860442998 0.055848231276980159 -0.15624832098597086 0.018507922721742575 -0.098013917091302583 -0.081541603058576592 -0.010299473919884703 -0.015655330607884679 -0.0045826422741061029 -0.0099761483646422355 0.068874428233585569 0.034799959777621556 -0.091043268911903952 0.10527292886911187 0.021547715939008272 -0.0015919478015256013 0.015303722354853392 -0.0020471346909427227 0.062357811156789379
leaf_weight=992 114 529 241 38 627 30 135 322 5189 24 25 40 27 29 59 40 20 576 548 2250 443 314 200 82 132 104 866 345 264 543
leaf_count=992 114 529 241 38 627 30 135 322 5189 24 25 40 27 29 59 40 20 576 548 2250 443 314 200 82 132 104 866 345 264 543
internal_value=0.000407462 -0.00617393 0.0258206 -0.00134416 -0.00262879 0.0637598 0.0942016 0.00793957 -0.00925945 0.195743 0.0700465 0.0421109 0.164061 0.0214126 -0.0390822 0.018861 0.0206639 -0.0348379 -0.0470331 0.00412916 0.019138 0.0598675 0.0529501 -0.0254677 0.034083 0.0683771 0.0148675 0.0251001 0.0335066 0.0440767
internal_weight=15148 12032 3116 10297 10059 483 281 3878 6181 54 227 175 52 202 88 2633 2593 1735 1159 3556 1306 334 238 630 863 236 2259 1393 1152 888
internal_count=15148 12032 3116 10297 10059 483 281 3878 6181 54 227 175 52 202 88 2633 2593 1735 1159 3556 1306 334 238 630 863 236 2259 1393 1152 888
is_linear=0
shrinkage=0.05


Tree=51
num_leaves=31
num_cat=0
split_feature=0 12 2 1 4 9 9 9 2 5 10 7 11 11 3 12 2 0 3 1 3 4 9 1 1 11 11 1 7 9
split_gain=912.269 644.472 599.647 320.499 251.919 289.658 234.227 308.471 213.319 179.103 177.098 169.733 481.149 504.393 412.605 325.7 320.206 274.96 239.811 223.607 348.752 175.159 181.609 168.99 166.223 161.232 153.547 155.269 150.23 178.533
threshold=28.500000000000004 19399.632999999998 15.545000000000002 17.254999999999999 -7.504999999999999 25.829544500000004 18.183716000000004 7.1965027000000008 24.895000000000003 0.068376071692724402 107046.74000000001 2.5000000000000004 -1.1652224999999994 0.29074100000000019 15.255000000000001 77473.700000000201 12.675000000000002 36.500000000000007 8.5650000000000031 24.066666666666663 10.175000000000002 0.21999999999999978 25.724441500000001 18.96166666666667 14.194999999999995 0.9264680500000001 -2.821899999999999 12.708333333333334 1.0000000180025095e-35 17.639511000000002
decision_type=2 2 2 2 2 2 2 2 2 2 2 2 2 2 2 2 2 2 2 2 2 2 2 2 2 2 2 2 2 2
left_child=1 3 4 9 5 25 7 24 23 -1 -5 12 16 14 15 21 -6 -13 -15 -19 -21 22 -14 28 -3 -2 27 -10 29 -4
right_child=2 6 8 10 11 -7 -8 -9 26 -11 -12 17 13 18 -16 -17 -18 19 -20 20 -22 -23 -24 -25 -26 -27 -28 -29 -30 -31
leaf_value=-0.010459014455230543 0.10393111800640514 -0.0042656393131405559 0.01815254603959493 0.055008583860543483 -0.098777003961372872 0.27699943880240124 -0.0091719336967280591 -0.061281480859965091 -0.038517948729862334 0.0069522740011753129 -0.073946162904131002 -0.0011411531609980372 0.15619247567610464 0.19101912430064247 0.042803341764374642 0.33607316542027688 0.037836431848028533 0.040362710553635925 0.019369689273008753 0.012398873567581178 0.2951040728177759 0.24679767509223893 0.007075299785054963 0.048093209154042471 -0.075984042318305009 -0.043312405964926533 -0.0049791160581044783 -0.19208404883742333 0.0045461980866375118 0.09451402378024408
leaf_weight=4249 97 510 298 325 73 21 730 950 93 2264 29 515 69 22 88 27 104 173 271 20 24 32 29 319 96 23 1325 20 2249 103
leaf_count=4249 97 510 298 325 73 21 730 950 93 2264 29 515 69 22 88 27 104 173 271 20 24 32 29 319 96 23 1325 20 2249 103
internal_value=0.000387089 -0.00954331 0.0155485 -0.00188831 0.0418918 0.105689 -0.0325384 -0.0435009 0.00605613 -0.00440663 0.0444445 0.0356752 0.0530021 0.0765284 0.129472 0.178051 -0.018507 0.0187507 0.032258 0.0659596 0.166602 0.145231 0.112066 0.0137119 -0.015627 0.0757094 -0.00975047 -0.0656978 0.00957313 0.0377666
internal_weight=15148 9153 5995 6867 1588 141 2286 1556 4407 6513 354 1447 715 538 245 157 177 732 293 217 44 130 98 2969 606 120 1438 113 2650 401
internal_count=15148 9153 5995 6867 1588 141 2286 1556 4407 6513 354 1447 715 538 245 157 177 732 293 217 44 130 98 2969 606 120 1438 113 2650 401
is_linear=0
shrinkage=0.05


Tree=52
num_leaves=31
num_cat=0
split_feature=5 0 10 7 12 9 10 11 1 12 9 4 9 10 0 13 9 11 9 1 4 7 9 0 1 9 7 12 11 7
split_gain=845.615 683.18 557.24 382.853 338.693 359.612 336.933 320.79 249.128 222.507 222.389 221.661 274.682 217.366 259.15 196.104 223.497 216.498 318.747 191.348 187.43 184.724 183.633 181.574 167.049 154.571 211.909 173.742 151.378 149.148
threshold=0.090375066770556622 26.500000000000004 601170.97000000009 2.5000000000000004 -2320.0450000000124 10.029434250000001 1.0000000180025095e-35 0.69364904999999866 21.483333333333338 -1284779.2999999998 24.035599000000001 -5.5199999999999978 24.339340500000002 2220189.5000000005 21.500000000000004 16.165000000000003 5.6036225000000011 0.025070499999999111 6.4281005000000011 24.066666666666663 11.530000000000001 1.5000000000000002 24.843002000000002 32.500000000000007 13.463333333333333 12.647522 1.0000000180025095e-35 10765.926999999991 1.7388615000000007 5.5000000000000009
decision_type=2 2 2 2 2 2 2 2 2 2 2 2 2 2 2 2 2 2 2 2 2 2 2 2 2 2 2 2 2 2
left_child=1 2 9 4 5 -3 -2 8 -7 -1 13 12 21 14 20 -11 -17 18 -18 22 -4 -8 23 -5 -6 26 -13 -27 -21 -25
right_child=6 3 10 19 24 7 11 -9 -10 15 -12 25 -14 -15 -16 16 17 -19 -20 28 -22 -23 -24 29 -26 27 -28 -29 -30 -31
leaf_value=0.14156910360411362 0.019501589719683587 -0.0014041047480879065 -0.03473790639492378 -0.025383843856729028 0.0019006083624390159 0.094390663439691325 0.02976999811646415 0.014294889164192224 0.26505962474190675 -0.0047723705789297823 -0.0018139343613386154 0.24333962015807631 0.30768624412871542 -0.064909444408563041 -0.0068322295238239508 -0.024599873255119548 0.27184772416949271 0.030411286312032881 0.046914838200124605 0.034188494603666998 -0.090815890361288842 0.1789650803520566 0.031232534359775816 -0.0060106999666749948 0.031501301935344693 -0.028478016108274464 0.070209746748993274 0.10643513466098481 0.19239524186012291 0.023364242474548519
leaf_weight=27 433 194 1003 881 1152 304 41 133 23 4631 625 20 21 493 849 91 28 114 36 54 175 42 368 1739 813 75 152 35 21 575
leaf_count=27 433 194 1003 881 1152 304 41 133 23 4631 625 20 21 493 849 91 28 114 36 54 175 42 368 1739 813 75 152 35 21 575
internal_value=0.000367735 -0.00245658 -0.0120688 0.00994386 0.0245208 0.055688 0.0497811 0.079766 0.106395 -0.00157287 -0.0285118 0.0837476 0.14614 -0.0351333 -0.0278912 -0.00236161 0.0391411 0.0717278 0.145323 -0.000550105 -0.0430687 0.105266 -0.0022138 -0.00606615 0.0141476 0.0607378 0.0903411 0.0144489 0.0784864 0.00128861
internal_weight=15148 14329 8072 6257 2619 654 819 460 327 4927 3145 386 104 2520 2027 4900 269 178 64 3638 1178 83 3563 3195 1965 282 172 110 75 2314
internal_count=15148 14329 8072 6257 2619 654 819 460 327 4927 3145 386 104 2520 2027 4900 269 178 64 3638 1178 83 3563 3195 1965 282 172 110 75 2314
is_linear=0
shrinkage=0.05


Tree=53
num_leaves=31
num_cat=0
split_feature=5 0 0 13 2 11 2 11 4 13 10 4 11 11 11 3 12 12 1 12 12 1 11 13 7 10 5 12 13 7
split_gain=787.583 575.85 416.904 331.318 258.622 241.661 205.348 406.009 334.496 307.451 245.53 194.825 262.77 210.929 144.577 169.718 138.221 137.992 135.278 216.2 132.333 143.859 132.31 207.583 242.121 139.891 126.692 116.905 150.467 116.389
threshold=0.051988563326316621 31.500000000000004 24.500000000000004 7.7650000000000006 11.125000000000002 1.7089539999999988 10.635000000000003 -0.99324064999999984 -6.1149999999999993 19.305000000000003 317579.45000000001 0.46499999999999991 0.54954490000000089 2.318328999999999 0.61239600000000227 9.9150000000000009 517813.42499999999 637749.54999999993 12.00333333333333 566.90540000000067 39.635092499999978 12.386666666666668 -3.4478609999999992 6.785000000000001 5.5000000000000009 2297910.5000000005 0.10045204940364068 -1502559.45 1.0000000180025095e-35 2.5000000000000004
decision_type=2 2 2 2 2 2 2 2 2 2 2 2 2 2 2 2 2 2 2 2 2 2 2 2 2 2 2 2 2 2
left_child=2 5 3 20 6 18 7 9 -9 -3 -8 12 -10 -14 15 -6 -5 26 27 -20 -1 -22 23 24 -4 -24 -7 28 -2 -17
right_child=1 4 22 16 14 17 10 8 11 -11 -12 -13 13 -15 -16 29 -18 -19 19 -21 21 -23 25 -25 -26 -27 -28 -29 -30 -31
leaf_value=-0.028657924511313132 -0.014568405598402024 0.072071853702134911 -0.20940076186124124 -0.003106382958396194 0.14226867873221635 -0.019374069451718705 0.23872122084721925 0.2934251290559769 0.12193882783758454 -0.099338052295527224 0.037079720256420284 0.20630453146683672 -0.088493600135623685 0.10637070295356571 0.0079064553722481661 0.048991332102053392 -0.05274206378402873 -0.14583052336460067 0.034981369316741638 -0.0094986541146853537 -0.051156226413275829 -0.13323904640394554 0.0042019974528037579 -0.0080776341884613856 -0.0075069358813817854 -0.029436412638690519 0.083196533639584819 0.0009800477295037757 0.13704975710974798 0.017887754253561872
leaf_weight=851 30 47 33 1249 36 1043 36 20 64 59 26 24 41 21 786 554 158 21 876 397 670 58 3210 146 27 342 31 3598 36 658
leaf_count=851 30 47 33 1249 36 1043 36 20 64 59 26 24 41 21 786 554 158 21 876 397 670 58 3210 146 27 342 31 3598 36 658
internal_value=0.000349348 0.0105624 -0.0123776 -0.026324 0.031434 0.00235497 0.0719347 0.0534633 0.10135 -0.0233355 0.154162 0.0757396 0.0508701 -0.0224912 0.0247038 0.0352829 -0.00868025 -0.0188954 0.00706819 0.0211098 -0.0420459 -0.0576958 -0.00129619 -0.0402536 -0.118549 0.000963164 -0.0164135 0.00218967 0.0681324 0.0321051
internal_weight=15148 8404 6744 2986 2372 6032 338 276 170 106 62 150 126 62 2034 1248 1407 1095 4937 1273 1579 728 3758 206 60 3552 1074 3664 66 1212
internal_count=15148 8404 6744 2986 2372 6032 338 276 170 106 62 150 126 62 2034 1248 1407 1095 4937 1273 1579 728 3758 206 60 3552 1074 3664 66 1212
is_linear=0
shrinkage=0.05


Tree=54
num_leaves=31
num_cat=0
split_feature=5 0 1 13 11 0 14 12 9 12 0 11 12 9 5 14 9 9 12 4 9 3 11 5 5 5 3 13 7 11
split_gain=721.343 491.554 447.045 378.472 238.382 227.653 224.239 252.181 221.617 205.414 191.443 172.363 199.388 169.479 354.747 164.011 162.953 285.035 170.781 229.135 149.723 145.818 141.622 131.171 129.307 217.116 158.509 124.373 123.883 236.4
threshold=0.061031433145526642 31.500000000000004 17.401666666666671 6.0150000000000006 3.0758515500000008 27.500000000000004 6.9750000000000005 -1394589.3749999998 3.1308593500000002 1349757.6000000003 42.500000000000007 -0.1806945000000004 -326865.86999999994 24.843002000000002 0.087680850900254514 1.0000000180025095e-35 12.545349250000003 16.342605500000005 -16693.869999999977 -0.10500000000000041 19.254699500000005 10.175000000000002 -0.012847999999999969 0.10487678763520207 0.10893257926979254 0.078833273672355417 11.675000000000002 19.995000000000001 1.5000000000000002 -2.3057406499999997
decision_type=2 2 2 2 2 2 2 2 2 2 2 2 2 2 2 2 2 2 2 2 2 2 2 2 2 2 2 2 2 2
left_child=1 3 4 6 5 -2 7 -1 -4 20 -3 15 -13 21 22 -9 18 27 19 -10 -5 -7 -15 -23 25 26 -19 -18 -20 -30
right_child=2 10 8 9 -6 13 -8 11 16 -11 -12 12 -14 14 -16 -17 17 24 28 -21 -22 23 -24 -25 -26 -27 -28 -29 29 -31
leaf_value=0.056018059844510595 0.0042457441339730203 0.01639899489377579 -0.023979048710777471 -0.012504965919478112 -0.029570282930797789 0.11009747947312215 -0.017005827114631496 -0.034620342890250705 0.28093949009410363 -0.087785074885934594 -0.0072429724947552501 0.012035786628908252 -0.050585088842095109 0.094218056799797861 0.26479661555162498 -0.09955288948956878 -0.019338017882722797 0.16155207963660359 0.014004087740555405 0.059689524754881866 0.0096725045767726229 0.019920125053986423 0.0089968606616769517 -0.098378629361589753 0.16683192167963301 -0.01711559569727265 0.045599615064981794 -0.17735323470085862 0.17548199076062213 0.05997458562320316
leaf_weight=57 3190 2049 101 2004 386 44 1288 149 22 75 1471 161 604 91 21 280 33 40 100 25 1227 991 105 24 21 106 112 20 52 299
leaf_count=57 3190 2049 101 2004 386 44 1288 149 22 75 1471 161 604 91 21 280 33 40 100 25 1227 991 105 24 21 106 112 20 52 299
internal_value=0.000331881 -0.00824217 0.0142167 -0.0171317 0.00812718 0.0113854 -0.03165 -0.0467273 0.0459529 -0.00598175 0.00651907 -0.0516322 -0.0374061 0.0292346 0.0694896 -0.0770006 0.0544627 0.027329 0.0725518 0.163253 -0.00408288 0.0209859 0.0485638 0.0171229 0.0475214 0.03781 0.0761134 -0.0789664 0.0630995 0.0770868
internal_weight=15148 9365 5783 5845 4852 4466 2539 1251 931 3306 3520 1194 765 1276 217 429 830 332 498 47 3231 1059 196 1015 279 258 152 53 451 351
internal_count=15148 9365 5783 5845 4852 4466 2539 1251 931 3306 3520 1194 765 1276 217 429 830 332 498 47 3231 1059 196 1015 279 258 152 53 451 351
is_linear=0
shrinkage=0.05


Tree=55
num_leaves=31
num_cat=0
split_feature=13 4 14 12 5 12 10 9 12 3 12 9 11 7 0 5 2 13 11 13 8 12 11 11 7 9 11 7 10 13
split_gain=730.922 399.524 358.922 304.917 251.53 237.1 278.825 229.321 223.559 215.69 193.454 199.159 174.669 161.96 212.176 224.579 156.634 152.44 284.466 207.498 146.38 144.632 135.698 121.863 121.014 120.68 114.342 161.242 111.607 196.584
threshold=10.905000000000003 7.8750000000000009 12.005000000000001 -79717.400000000038 0.089565616747365503 -481765.99999999994 639821.67500000016 22.061187500000006 1476763.1800000004 9.6450000000000014 1.0000000180025095e-35 8.2985837500000024 -1.1652224999999994 1.0000000180025095e-35 36.500000000000007 0.11527380022216889 12.005000000000001 20.005000000000006 3.2345274000000006 20.270000000000007 1.0000000180025095e-35 1124080.8000000003 1.3119205000000014 -3.1188354999999985 1.5000000000000002 24.843002000000002 -1.3527524999999994 2.5000000000000004 217245.64000000004 7.6950000000000012
decision_type=2 2 2 2 2 2 2 2 2 2 2 2 2 2 2 2 2 2 2 2 2 2 2 2 2 2 2 2 2 2
left_child=1 2 5 -2 8 6 16 23 17 -7 11 -6 -13 -12 15 26 -1 -5 19 24 -8 28 25 -3 -19 -4 -15 -28 -11 -30
right_child=3 7 22 4 10 9 20 -9 -10 21 13 12 -14 14 -16 -17 -18 18 -20 -21 -22 -23 -24 -25 -26 -27 27 -29 29 -31
leaf_value=0.20669905662536625 0.045644948568399207 -0.12919710978361157 0.02156285699544892 0.0047133186107425722 0.056393498368288955 0.092980003384675117 0.0056083182526170507 0.0210288341678679 -0.10278944201133354 -0.0070873832262886675 0.18090234347752165 -0.1152081287184142 0.0089906691933818467 -0.1020118697181992 0.18203112596067891 0.16355571720004081 0.05683729050261143 0.2041782146053655 0.20386506485939027 0.00078543802563917824 -0.12334843252016151 -0.09381726364556113 -0.009998512182406754 -0.046850229299592754 0.0559563086181879 0.074212947333099563 0.089434821476660126 -0.067923387650538375 -0.030714710223470228 -0.003633895857850197
leaf_weight=20 632 48 761 4857 171 47 509 125 47 3032 35 38 111 23 29 25 136 21 25 187 23 57 296 702 40 127 41 27 1834 1056
leaf_count=20 632 48 761 4857 171 47 509 125 47 3032 35 38 111 23 29 25 136 21 25 187 23 57 296 702 40 127 41 27 1834 1056
internal_value=-0.000279282 -0.00961359 -0.00606209 0.0127006 0.009033 -0.0105382 0.0172696 -0.0416705 0.00576221 -0.013713 0.0428987 0.0195729 -0.0226842 0.0843667 0.061065 0.0308234 0.0760503 0.00675674 0.0431117 0.0269067 3.31204e-05 -0.0145517 0.0193199 -0.0521204 0.106984 0.0290928 -0.0056415 0.0269544 -0.0137888 -0.0208194
internal_weight=15082 8773 7898 6309 5677 6714 688 875 5177 6026 500 320 149 180 145 116 156 5130 273 248 532 5979 1184 750 61 888 91 68 5922 2890
internal_count=15082 8773 7898 6309 5677 6714 688 875 5177 6026 500 320 149 180 145 116 156 5130 273 248 532 5979 1184 750 61 888 91 68 5922 2890
is_linear=0
shrinkage=0.05


Tree=56
num_leaves=31
num_cat=0
split_feature=1 12 5 8 12 9 12 1 11 3 7 9 1 1 10 4 7 11 10 11 1 3 4 9 5 0 5 2 9 9
split_gain=720.298 331.706 308.591 238.584 222.228 221.087 249.212 227.556 231.782 224.941 201.237 235.944 199.981 263.137 167.965 155.607 149.55 471.105 155.41 148.651 235.037 143.623 143.266 137.31 167.203 127.402 347.781 212.403 158.187 163.053
threshold=10.564999999999996 -255997.18499999991 0.089565616747365503 1.0000000180025095e-35 700691.85000000009 24.110565500000003 182205.20500000002 17.254999999999999 -3.6942443999999992 9.9150000000000009 1.5000000000000002 19.102554000000001 6.6916666666666629 1.0000000180025095e-35 609989.7300000001 1.9549999999999994 1.0000000180025095e-35 -0.69810450000000024 2411.3403500000004 0.33186407999999978 23.276666666666667 16.455000000000002 -5.3149999999999995 4.032226500000001 0.078033560218285586 36.500000000000007 0.093852663196184724 7.8650000000000011 8.6627655000000008 6.7021178500000014
decision_type=2 2 2 2 2 2 2 2 2 2 2 2 2 2 2 2 2 2 2 2 2 2 2 2 2 2 2 2 2 2
left_child=1 3 5 14 12 6 7 -2 -9 -7 11 -8 13 -3 -1 19 17 -4 -19 23 -21 -12 -14 -10 -25 27 -27 -18 29 -28
right_child=2 4 16 -5 -6 9 10 8 15 -11 21 -13 22 -15 -16 -17 25 18 -20 20 -22 -23 -24 24 -26 26 28 -29 -30 -31
leaf_value=0.056866536547790225 0.0018890309353788359 0.086766256485134363 -0.10895132417790593 -0.086215155910639496 -0.068831917642722881 0.18371819019825622 -0.0058509537816047669 -0.13499586199011124 0.011100087304966469 0.022389343727326868 -0.060067334838286829 0.14630671850754881 0.010563353197227654 -0.044367855765666715 0.0058755017705087835 0.0079464122023454268 0.17069457870992749 0.061405926570296289 0.22545135224326734 0.0020293302130691398 0.17821371302540814 -0.010012007968136633 -0.016969716439194059 0.074204048679215234 0.19187593770523867 0.24246183526515963 0.020427799089388413 0.011523597328566251 -0.0071311923071137959 0.21768478229641916
leaf_weight=199 5925 40 20 61 226 22 125 21 66 1208 334 32 569 877 857 358 22 22 42 192 21 251 2785 187 36 25 22 443 74 20
leaf_count=199 5925 40 20 61 226 22 125 21 66 1208 334 32 569 877 857 358 22 22 42 192 21 251 2785 187 36 25 22 443 74 20
internal_value=-0.000265318 -0.0144556 0.0081487 0.00993073 -0.0205128 0.0056179 0.00241465 0.00541446 0.0291241 0.0252749 -0.0251012 0.0251621 -0.017956 -0.0386477 0.0154846 0.0331317 0.040345 0.102867 0.169061 0.0510925 0.0193996 -0.0385906 -0.0122988 0.0744509 0.0932004 0.0316785 0.0733117 0.0190543 0.0368569 0.11436
internal_weight=15082 5614 9468 1117 4497 8778 7548 6806 881 1230 742 157 4271 917 1056 860 690 84 64 502 213 585 3354 289 223 606 141 465 116 42
internal_count=15082 5614 9468 1117 4497 8778 7548 6806 881 1230 742 157 4271 917 1056 860 690 84 64 502 213 585 3354 289 223 606 141 465 116 42
is_linear=0
shrinkage=0.05


Tree=57
num_leaves=31
num_cat=0
split_feature=1 12 5 1 13 12 11 1 10 8 7 11 9 10 11 11 0 1 11 11 7 12 11 11 9 12 0 2 3 0
split_gain=650.069 300.785 290.421 246.106 222.857 204.501 230.677 193.846 187.546 195.154 186.905 205.933 183.436 299.036 182.798 177.667 155.965 145.456 135.801 189.996 209.09 178.047 149.466 132.398 157.182 122.493 118.76 134.576 118.085 128.549
threshold=10.564999999999996 -326865.86999999994 0.057686762359809324 20.961666666666662 8.6350000000000033 -79717.400000000038 1.5622404999999999 1.0000000180025095e-35 609989.7300000001 1.0000000180025095e-35 1.0000000180025095e-35 0.31748900000000019 22.579940500000003 590806.25000000012 -3.8580929999999989 -2.4498137500000001 35.500000000000007 2.249999999999996 -0.87753280000000011 -0.12446550000000121 3.5000000000000004 -22333.075000000008 3.0105590500000003 0.36323549999999921 11.277237000000001 602115.20000000019 25.500000000000004 22.235000000000003 17.925000000000004 21.500000000000004
decision_type=2 2 2 2 2 2 2 2 2 2 2 2 2 2 2 2 2 2 2 2 2 2 2 2 2 2 2 2 2 2
left_child=1 8 12 5 7 10 16 -3 -1 26 11 -4 13 -2 -5 -16 -7 -9 -17 -20 21 -21 -22 -23 -25 -6 -10 -28 29 -15
right_child=2 4 3 14 25 6 -8 17 9 -11 -12 -13 -14 28 15 18 -18 -19 19 20 22 23 -24 24 -26 -27 27 -29 -30 -31
leaf_value=0.05791244864570521 0.00051003524801102246 0.08285857290029526 0.047761308745696 -0.08660057175904512 -0.003127334073556295 0.010621884777474503 -0.013687182998802226 -0.056962403730379751 -0.0092288555339659264 -0.098654487356543544 0.034422150468530831 0.26116900388151409 0.016899753315501569 -0.088725927992668374 0.20303533835255583 -0.026759242229163649 0.039527265076163012 -0.024630395162525853 0.17684898172077296 -0.12401789311053497 0.066620080345862753 0.12101089271806903 0.20865098464268225 0.060815341240077307 -0.11172234476967291 -0.074057356634783369 0.016348573498707993 0.10507183664550002 -0.006240927489379996 -0.031968593759205653
leaf_weight=180 3127 39 26 20 1799 2355 817 408 427 46 423 20 1143 151 23 40 582 2360 37 21 59 31 27 33 22 63 240 52 217 294
leaf_count=180 3127 39 26 20 1799 2355 817 408 427 46 423 20 1143 151 23 40 582 2360 37 21 59 31 27 33 22 63 240 52 217 294
internal_value=-0.000252052 -0.0137328 0.00774127 0.0168725 -0.0189395 0.0137018 0.00981273 -0.0278364 0.0119924 0.00118767 0.044831 0.140547 -0.000656805 -0.00595296 0.0596517 0.0696348 0.0163498 -0.0293961 0.058271 0.0730589 0.0531613 0.00650445 0.111211 0.0383762 -0.00819973 -0.00552722 0.00757534 0.0321486 -0.0364814 -0.0512278
internal_weight=15082 5614 9468 4536 4669 4223 3754 2807 945 765 469 46 4932 3789 313 293 2937 2768 270 230 193 107 86 86 55 1862 719 292 662 445
internal_count=15082 5614 9468 4536 4669 4223 3754 2807 945 765 469 46 4932 3789 313 293 2937 2768 270 230 193 107 86 86 55 1862 719 292 662 445
is_linear=0
shrinkage=0.05


Tree=58
num_leaves=31
num_cat=0
split_feature=1 12 12 1 11 9 9 7 10 1 4 9 13 9 9 1 11 12 7 10 0 11 11 11 11 7 12 7 0 7
split_gain=591.357 265.353 253.712 274.915 232.911 271.986 225.262 205.614 201.81 194.577 194.516 181.846 181.414 178.727 260.452 414.45 157.986 154.431 206.334 202.265 145.761 267.471 145.68 143.032 141.384 144.013 141.305 131.641 129.486 123.343
threshold=10.255000000000001 -255997.18499999991 1349757.6000000003 17.254999999999999 -3.8580929999999989 5.3885804000000013 25.037506000000004 1.5000000000000002 2780000.6500000004 5.9849999999999994 -8.5049999999999972 -2.3690185499999994 1.0000000180025095e-35 3.1308593500000002 9.4722440000000017 24.066666666666663 -2.5036160000000005 -79717.400000000038 3.5000000000000004 537157.93000000017 32.500000000000007 3.74035625 -2.6169586499999999 0.37742600000000165 0.23207150000000001 1.0000000180025095e-35 -1502559.45 3.5000000000000004 23.500000000000004 2.5000000000000004
decision_type=2 2 2 2 2 2 2 2 2 2 2 2 2 2 2 2 2 2 2 2 2 2 2 2 2 2 2 2 2 2
left_child=1 12 3 6 5 -5 11 8 16 -9 -8 -2 22 -6 15 -15 -3 18 19 -13 21 -16 -1 29 25 -12 -14 -25 -18 -22
right_child=2 7 -4 4 13 -7 10 9 -10 -11 24 17 26 14 20 -17 28 -19 -20 -21 23 -23 -24 27 -26 -27 -28 -29 -30 -31
leaf_value=-0.12019494545053354 0.059352191326333514 -0.035569291275295276 -0.07072613424931963 0.026410804079690327 -0.02827205753400619 -0.22324941897764805 0.17956406378441236 -0.056915143947707053 -0.07651563313619425 -0.022216702325652246 0.17187698967754841 0.098396564180194573 0.096270248085881277 0.051470796301787317 -0.045790022647936836 0.23475444709624615 -0.0049585490838891444 -0.0013603006552928018 -0.0081628056704983049 0.017477972044393757 0.074337758339946922 0.09963911941800363 -0.010444234071139485 -0.027839833327833519 0.0050117434888033449 0.043294503724678086 0.015911817670754728 0.040768578086650319 0.031843757054810615 0.021492449146190799
leaf_weight=33 134 254 105 24 123 20 22 513 93 1902 24 137 60 472 167 33 656 7220 249 177 215 39 361 162 306 235 620 123 376 227
leaf_count=33 134 254 105 24 123 20 22 513 93 1902 24 137 60 472 167 33 656 7220 249 177 215 39 361 162 306 235 620 123 376 227
internal_value=-0.00023945 -0.0145807 0.00659562 0.00739874 0.0263784 -0.0870711 0.00381661 -0.0207917 -0.00538804 -0.0295874 0.0337023 0.00160076 0.00736009 0.0295763 0.0345243 0.0634477 -0.000244289 0.000606453 0.0258284 0.0527832 0.0188691 -0.0182573 -0.0196366 0.0293891 0.0280227 0.0552095 0.0230023 0.00177011 0.00845004 0.0471977
internal_weight=15082 4868 10214 10109 1605 44 8504 3794 1379 2415 587 7917 1074 1561 1438 505 1286 7783 563 314 933 206 394 727 565 259 680 285 1032 442
internal_count=15082 4868 10214 10109 1605 44 8504 3794 1379 2415 587 7917 1074 1561 1438 505 1286 7783 563 314 933 206 394 727 565 259 680 285 1032 442
is_linear=0
shrinkage=0.05


Tree=59
num_leaves=31
num_cat=0
split_feature=0 10 12 2 2 7 11 3 11 0 13 2 12 12 0 10 10 1 11 11 13 7 4 1 11 12 10 1 13 7
split_gain=550.423 504.78 330.252 349.456 284.304 182.155 342.074 284.921 225.42 200.058 313.071 390.83 148.222 140.871 155.025 160.702 126.651 133.885 125.63 120.962 145.935 128.671 218.045 152.749 157.655 119.598 177.917 137.425 367.25 119.288
threshold=26.500000000000004 601170.97000000009 -219226.77500000005 11.935 16.605000000000004 2.5000000000000004 -1.2932738999999998 8.5650000000000031 0.69364904999999866 36.500000000000007 23.460000000000004 10.635000000000003 -375980.96999999991 300498.4200000001 21.500000000000004 2297910.5000000005 269952.32500000007 17.010000000000002 -2.3752896499999996 -2.8978727999999996 10.005000000000001 1.0000000180025095e-35 -10.154999999999998 4.0233333333333299 -0.12446550000000121 119919.46000000001 1291669.4000000001 25.521666666666668 20.425000000000004 2.5000000000000004
decision_type=2 2 2 2 2 2 2 2 2 2 2 2 2 2 2 2 2 2 2 2 2 2 2 2 2 2 2 2 2 2
left_child=1 2 3 -1 5 6 -2 -8 12 -7 -11 -12 -9 29 18 -16 17 -4 -15 20 -6 -21 -23 24 -24 27 -27 28 -14 -3
right_child=4 13 16 -5 19 9 7 8 -10 10 11 -13 25 14 15 -17 -18 -19 -20 21 -22 22 23 -25 -26 26 -28 -29 -30 -31
leaf_value=0.24140754841888945 -0.0081143416141424961 -0.0053824822841407986 -0.0019435914878044227 0.038983112113813612 -0.06538250704444877 -0.0023617699106970856 0.18337507088269508 0.17740566988866177 0.016255350595670997 0.023157476884357278 -0.008755742572247982 0.27855228930711745 0.044509552809176969 -0.1491641262695432 0.013608052330459223 -0.047291612896480643 -0.028802296549292346 0.028582480204575551 -0.054825566127474891 0.029319149685664264 0.001418150695517841 0.12660377676997867 -0.13670180424665795 0.003157653276060299 -0.014821898439023868 0.23130779349803926 0.059561504658899811 -0.060041897952556614 0.22258689496666195 -0.027962173733631902
leaf_weight=24 274 1051 4292 191 136 778 42 31 304 252 20 29 304 39 190 252 397 392 371 508 205 35 39 3404 83 25 38 25 32 1319
leaf_count=24 274 1051 4292 191 136 778 42 31 304 252 20 29 304 39 190 252 397 392 371 508 205 35 39 3404 83 25 38 25 32 1319
internal_value=-0.000227477 -0.0086125 0.000881322 0.0615793 0.0106536 0.0255429 0.04011 0.0566063 0.0495914 0.0110298 0.0456431 0.161284 0.0718643 -0.0242175 -0.0416545 -0.021113 -0.00168708 0.00061111 -0.0637992 0.00338118 -0.0252238 0.0057784 0.00242016 0.00118748 -0.0537835 0.0641478 0.127715 0.0530544 0.0614693 -0.017949
internal_weight=15082 8518 5296 215 6564 2154 1075 801 759 1079 301 49 455 3222 852 442 5081 4684 410 4410 341 4069 3561 3526 122 424 63 361 336 2370
internal_count=15082 8518 5296 215 6564 2154 1075 801 759 1079 301 49 455 3222 852 442 5081 4684 410 4410 341 4069 3561 3526 122 424 63 361 336 2370
is_linear=0
shrinkage=0.05


Tree=60
num_leaves=31
num_cat=0
split_feature=0 10 7 0 9 12 10 2 3 11 11 7 1 2 7 1 14 12 3 12 7 9 9 5 4 9 11 1 7 12
split_gain=463.371 403.184 348.552 366.998 302.581 218.73 188.303 160.414 144.901 237.411 199.922 203.635 144.174 166.702 143.586 241.408 196.081 152.867 146.31 142.869 268.964 140.295 134.257 132.384 124.116 148.827 211.421 135.638 132.865 122.029
threshold=25.500000000000004 361614.38000000006 2.5000000000000004 41.500000000000007 21.390136500000004 -250635.34999999989 2753257.3500000006 12.825000000000001 12.085000000000003 -2.4498137500000001 2.318328999999999 3.5000000000000004 15.091666666666663 11.705000000000002 5.5000000000000009 3.3449999999999993 16.105000000000004 -386221.64999999991 26.685000000000006 -774468.09999999998 1.0000000180025095e-35 13.268402250000001 22.938278000000004 0.10893257926979254 1.7700000000000007 25.113967500000005 -1.0410003999999999 20.048333333333328 1.5000000000000002 728875.88
decision_type=2 2 2 2 2 2 2 2 2 2 2 2 2 2 2 2 2 2 2 2 2 2 2 2 2 2 2 2 2 2
left_child=1 5 3 4 6 7 19 -1 9 -4 -11 -12 13 -3 17 -16 -17 18 -10 20 -2 -22 29 24 25 -6 -27 -26 -28 -15
right_child=2 12 8 -5 23 -7 -8 -9 14 10 11 -13 -14 22 15 16 -18 -19 -20 -21 21 -23 -24 -25 27 26 28 -29 -30 -31
leaf_value=0.20669453632086518 -0.064663161262869848 0.051384337645637372 0.16052177797890071 -0.0064254558700041139 0.086449359092748146 -8.6513258993321869e-05 -0.097519048067624681 0.042111669686671932 0.013069733690922661 -0.0040933828865784908 -0.0072930465496721724 0.20030573856223516 -0.065479269714242866 -0.023122845661201357 -0.072213920195897424 0.012814568285756171 0.087154889456927787 -0.01205095911716686 0.12261468021551501 0.021693664215954079 0.0866944303188254 0.25106497485013235 -0.0015674462604765146 0.17813702967762948 0.06689819831114549 -0.13282220404595138 0.059310091488684213 0.18014473095536232 -0.028462916050620121 -0.063985269307158893
leaf_weight=20 20 82 33 798 148 4781 32 57 173 201 21 27 176 2113 75 785 100 2491 37 1547 34 21 693 25 78 20 168 40 58 200
leaf_count=20 20 82 33 798 148 4781 32 57 173 201 21 27 176 2113 75 785 100 2491 37 1547 34 21 693 25 78 20 168 40 58 200
internal_value=0.000232662 -0.00787147 0.00972801 0.0226053 0.0331788 0.00125991 0.0225914 0.0848605 -3.36549e-05 0.0345019 0.0178005 0.109481 -0.0214622 -0.0189535 -0.00269387 0.0139155 0.0212146 -0.00859724 0.0323705 0.024961 0.0923562 0.149454 -0.0208722 0.0657888 0.060303 0.0468307 0.0229951 0.105287 0.0367843 -0.0266561
internal_weight=15054 8122 6932 2989 2191 4858 1654 77 3943 282 249 48 3264 3088 3661 960 885 2701 210 1622 75 55 3006 537 512 394 246 118 226 2313
internal_count=15054 8122 6932 2989 2191 4858 1654 77 3943 282 249 48 3264 3088 3661 960 885 2701 210 1622 75 55 3006 537 512 394 246 118 226 2313
is_linear=0
shrinkage=0.05


Tree=61
num_leaves=31
num_cat=0
split_feature=0 0 5 9 7 12 9 12 7 3 14 13 1 3 11 11 1 1 12 11 11 5 14 14 11 7 11 14 4 9
split_gain=420.296 300.955 299.729 278.005 245.379 190.435 174.922 193.292 154.477 151.048 150.718 148.643 158.627 145.802 178.254 160.655 212.289 143.938 142.282 136.944 131.581 129.435 106.84 205.784 151.389 104.687 132.72 104.239 98.8693 126.484
threshold=31.500000000000004 42.500000000000007 0.064123118863176023 18.588928500000005 2.5000000000000004 182205.20500000002 22.579940500000003 -18484.662499999999 5.5000000000000009 17.985000000000003 16.505000000000006 20.795000000000005 25.521666666666668 12.655000000000003 -2.4498137500000001 0.15824899999999967 23.276666666666667 7.8133333333333326 -1394589.3749999998 -2.2143250000000001 1.7089539999999988 0.058599474201463699 1.0000000180025095e-35 5.0050000000000008 -0.1806945000000004 3.5000000000000004 1.957397500000001 14.975000000000003 -4.5149999999999997 25.113967500000005
decision_type=2 2 2 2 2 2 2 2 2 2 2 2 2 2 2 2 2 2 2 2 2 2 2 2 2 2 2 2 2 2
left_child=2 4 3 5 6 18 7 19 13 21 -10 28 -13 14 -6 16 -16 -5 -1 -2 27 -7 -20 24 -24 -17 -27 -4 -8 -30
right_child=1 -3 20 17 8 9 11 -9 10 -11 -12 12 -14 -15 15 25 -18 -19 22 -21 -22 -23 23 -25 -26 26 -28 -29 29 -31
leaf_value=0.061614585545707923 -0.057312437668442733 -0.0063288722718000861 0.0091342002270846431 -0.024033111562533634 0.14418844989867827 -0.075104366987426452 0.12601424255050148 0.01631721863392022 0.021284459729705163 -0.023358941372319433 0.099500585123637908 0.25424576938152316 0.078620865692694997 -0.0063990193618834014 0.013569817030047244 -0.016256212431096262 -0.16034619775803194 0.0082863631847537051 -0.0085230438499826998 0.07969810139215755 -0.013926385327991423 0.011188323084264994 -0.10843288430879856 -0.015309046909731328 -0.034433035897799051 0.053280677047691176 0.2033309382828884 0.084198433588793947 0.080493047837754364 0.0077769075377858172
leaf_weight=61 20 1559 2896 427 33 332 39 959 426 583 72 20 36 1250 74 31 23 1783 1990 207 690 50 116 841 171 56 20 47 108 134
leaf_count=61 20 1559 2896 427 33 332 39 959 426 583 72 20 36 1250 74 31 23 1783 1990 207 690 50 116 841 171 56 20 47 108 134
internal_value=0.000221029 0.0119501 -0.00572983 -0.0122796 0.0200735 -0.0199172 0.0351705 0.0261378 0.00849031 -0.0393715 0.0325928 0.066959 0.141344 0.000418321 0.0363748 0.0189343 -0.027668 0.00204183 -0.0140118 0.0676267 0.00572551 -0.0638095 -0.0154914 -0.0277847 -0.0643424 0.0611813 0.0927676 0.010333 0.0521349 0.0402287
internal_weight=15054 5067 9987 6354 3508 4144 1523 1186 1985 965 498 337 56 1487 237 204 97 2210 3179 227 3633 382 3118 1128 287 107 76 2943 281 242
internal_count=15054 5067 9987 6354 3508 4144 1523 1186 1985 965 498 337 56 1487 237 204 97 2210 3179 227 3633 382 3118 1128 287 107 76 2943 281 242
is_linear=0
shrinkage=0.05


Tree=62
num_leaves=31
num_cat=0
split_feature=0 10 7 0 9 12 10 2 13 7 1 4 13 4 12 12 9 9 0 12 7 2 1 3 11 11 1 7 1 14
split_gain=391.874 340.33 291.951 311.884 255.077 198.361 169.743 144.142 133.044 156.694 145.201 138.981 128.093 196.782 209.046 127.319 189.55 197.452 130.16 121.889 240.147 128.566 121.509 121.201 195.49 177.031 187.668 120.69 204.375 162.328
threshold=25.500000000000004 361614.38000000006 2.5000000000000004 41.500000000000007 21.257553500000004 -250635.34999999989 2312637.1000000006 12.825000000000001 16.075000000000003 3.5000000000000004 13.406666666666665 1.4300000000000004 20.005000000000006 3.100000000000001 -4610.4712499999996 -122142.17500000003 18.183716000000004 2.0312653000000007 23.500000000000004 -774468.09999999998 1.0000000180025095e-35 18.445000000000004 7.4683333333333275 12.085000000000003 -2.4498137500000001 0.15824899999999967 20.961666666666662 5.5000000000000009 3.3449999999999993 16.105000000000004
decision_type=2 2 2 2 2 2 2 2 2 2 2 2 2 2 2 2 2 2 2 2 2 2 2 2 2 2 2 2 2 2
left_child=1 5 3 4 6 7 19 -1 -7 10 -10 -11 -6 14 -14 -3 17 -17 -19 20 -2 -22 -18 24 -4 26 -26 -25 -29 -30
right_child=2 15 23 -5 12 8 -8 -9 9 11 -12 -13 13 -15 -16 16 22 18 -20 -21 21 -23 -24 27 25 -27 -28 28 29 -31
leaf_value=0.19624900683760643 -0.061546457931399345 -0.0057154908507979808 0.14594700727047344 -0.006034735406172418 0.048081074536008447 -0.0025084292300965529 -0.045256882890775479 0.04023693036288023 0.11446029867511243 0.15516228178095801 0.0016591204093068046 -0.00061867325143380599 -0.014654011769514336 0.23192573614418507 0.14382057965773604 0.010531304566043051 -0.043187558102120722 -0.051859044299421245 -0.010338347035891567 0.021492903244751851 0.082988049419862889 0.24190344590693713 0.005285687946217258 -0.0078371263640839295 0.016569990128167532 0.052142906676785186 -0.12372542937865127 -0.066445467372735351 0.011875811100497718 0.079515861460211459
leaf_weight=20 20 1083 33 798 429 4423 92 57 32 41 263 22 38 25 46 189 168 1032 231 1486 35 20 561 2701 67 145 37 75 785 100
leaf_count=20 20 1083 33 798 429 4423 92 57 32 41 263 22 38 25 46 189 168 1032 231 1486 35 20 561 2701 67 145 37 75 785 100
internal_value=0.000209978 -0.00724274 0.00894209 0.0207275 0.0304748 0.00114673 0.020742 0.0807595 -0.000135466 0.0291819 0.0138952 0.100763 0.0603788 0.10878 0.0721297 -0.0197293 -0.026688 -0.0371324 -0.044265 0.0246318 0.086823 0.140775 -0.0058851 8.09806e-06 0.0315933 0.016438 -0.0333428 -0.00242485 0.0128028 0.0195188
internal_weight=15054 8122 6932 2989 2191 4858 1653 77 4781 358 295 63 538 109 84 3264 2181 1452 1263 1561 75 55 729 3943 282 249 104 3661 960 885
internal_count=15054 8122 6932 2989 2191 4858 1653 77 4781 358 295 63 538 109 84 3264 2181 1452 1263 1561 75 55 729 3943 282 249 104 3661 960 885
is_linear=0
shrinkage=0.05


Tree=63
num_leaves=31
num_cat=0
split_feature=13 3 12 12 9 4 10 9 11 10 12 1 13 10 4 11 12 9 13 12 9 11 9 13 11 4 9 7 2 1
split_gain=361.997 228.728 227.044 197.302 153.429 191.694 155.289 155.28 222.718 150.437 143.101 128.545 153.668 142.11 218.416 149.519 147.312 127.823 226.173 149.366 120.202 111.196 110.858 172.949 108.8 108.309 115.414 183.401 134.226 107.557
threshold=11.805000000000001 8.5650000000000031 -11561.926999999974 182205.20500000002 13.908447500000003 -31.569999999999997 835832.38000000012 5.0977935500000013 0.82261635000000066 56387.032500000008 -952150.79999999993 14.721666666666666 30.050000000000004 803452.10000000021 -4.4149999999999983 -1.5101924999999994 -165228.09999999995 25.829544500000004 20.125000000000004 1476763.1800000004 24.339340500000002 4.1701657500000007 18.183716000000004 0.015000000000000001 -3.8580929999999989 -0.90999999999999825 10.574737500000001 5.5000000000000009 17.365000000000006 8.1450000000000014
decision_type=2 2 2 2 2 2 2 2 2 2 2 2 2 2 2 2 2 2 2 2 2 2 2 2 2 2 2 2 2 2
left_child=1 -1 9 4 5 -3 10 -8 -9 -2 -7 29 13 14 -13 -15 20 19 -19 -4 -16 24 23 -5 -12 26 27 -26 -29 -11
right_child=2 3 17 22 -6 6 7 8 -10 11 21 12 -14 15 16 -17 -18 18 -20 -21 -22 -23 -24 -25 25 -27 -28 28 -30 -31
leaf_value=0.08930985804181546 0.11967474178721507 0.098368672458898465 0.0059520236690021504 -0.057655455369767752 0.0052918678656950664 0.077375569792007506 0.0015772929104665918 -0.057662116827639512 -0.0062732392623148269 -0.029255231872603701 -0.03141220736677619 0.17429256378894761 0.13142232373356819 -0.16357596064411592 0.021941659189760685 -0.01524272140975182 -0.026018007727596316 0.024175671353467234 0.18213787360323802 -0.097839294778449201 0.15857137658379294 -0.04847644283856628 -0.0032435429597219901 -0.013390549442550186 0.0082724350795807412 -0.0078315971034821717 -0.018537900745111777 0.097439227618019084 0.0065200955956242982 0.060659392393763126
leaf_weight=64 51 42 3603 407 3529 53 399 503 363 37 327 21 24 23 60 65 138 141 27 35 22 144 452 482 905 2350 283 111 64 329
leaf_count=64 51 42 3603 407 3529 53 399 503 363 37 327 21 24 23 60 65 138 141 27 35 22 144 452 482 905 2350 283 111 64 329
internal_value=0.000199479 -0.00492442 0.011932 -0.00550354 -0.00285769 -0.00804524 -0.00885756 -0.0242307 -0.0361215 0.0366932 -0.00426773 0.0308071 0.00928 0.000369923 0.0202271 -0.0540116 0.00552084 0.00692256 0.0495625 0.00495348 0.0585984 -0.00530193 -0.023405 -0.0336558 -0.00376304 -0.00132801 0.00988508 0.017333 0.0641888 0.0515697
internal_weight=15054 10478 4576 10414 9073 5544 5502 1265 866 770 4237 719 353 329 241 88 220 3806 168 3638 82 4184 1341 889 4040 3713 1363 1080 175 366
internal_count=15054 10478 4576 10414 9073 5544 5502 1265 866 770 4237 719 353 329 241 88 220 3806 168 3638 82 4184 1341 889 4040 3713 1363 1080 175 366
is_linear=0
shrinkage=0.05


Tree=64
num_leaves=31
num_cat=0
split_feature=0 10 7 0 9 12 10 2 1 2 13 7 1 4 12 7 9 7 1 1 9 9 12 3 5 7 3 11 11 1
split_gain=341.304 291.312 251.8 275.984 217.363 172.942 148.855 124.004 120.848 146.69 117.499 141.353 131.537 125.195 112.324 215.201 126.019 108.1 189.108 137.157 123.494 135.804 117.965 128.249 107.957 106.37 106.096 178.229 107.079 145.736
threshold=25.500000000000004 361614.38000000006 2.5000000000000004 41.500000000000007 21.257553500000004 -250635.34999999989 2753257.3500000006 12.825000000000001 14.991666666666662 11.705000000000002 16.075000000000003 3.5000000000000004 14.329999999999993 1.4300000000000004 -774468.09999999998 1.0000000180025095e-35 13.268402250000001 5.5000000000000009 3.3449999999999993 14.641666666666664 10.655426 21.390136500000004 -386221.64999999991 26.685000000000006 0.10893257926979254 3.5000000000000004 12.655000000000003 -2.4498137500000001 0.15824899999999967 23.276666666666667
decision_type=2 2 2 2 2 2 2 2 2 2 2 2 2 2 2 2 2 2 2 2 2 2 2 2 2 2 2 2 2 2
left_child=1 5 3 4 6 7 14 -1 9 -3 -7 12 -12 -13 15 -2 -17 22 -19 -20 -21 -22 23 25 -6 -4 27 -24 29 -29
right_child=2 8 17 -5 24 10 -8 -9 -10 -11 11 13 -14 -15 -16 16 -18 18 19 20 21 -23 26 -25 -26 -27 -28 28 -30 -31
leaf_value=0.18245172575116159 -0.059118332955986265 0.050422727989814724 0.081266378789124169 -0.0058911376985934863 0.051113528537983344 -0.0024311804208323115 -0.087321701296605173 0.037747783464657375 -0.057794288911251102 -0.017766076163435354 0.10383008079869407 0.14696788037104944 0.00058142362825142654 -0.00088534036820585088 0.018677609787946223 0.072926347439779965 0.22870928435808136 -0.061859633584817254 0.010993954207265767 0.11616185280302214 -0.029013711936702886 0.078273222361906217 0.12630778327052081 0.11526707360470617 0.15751770657300951 -0.007708320743568294 -0.011066918037540507 -0.001276088497419467 0.032383575994682355 -0.1404472912972172
leaf_weight=20 20 81 44 798 513 4423 32 57 183 3000 35 41 260 22 1546 34 21 75 723 63 54 65 35 37 25 142 2432 87 162 24
leaf_count=20 20 81 44 798 513 4423 32 57 183 3000 35 41 260 22 1546 34 21 75 723 63 54 65 35 37 25 142 2432 87 162 24
internal_value=0.000189505 -0.00676574 0.00833874 0.0192838 0.028453 0.000996084 0.0194684 0.0753332 -0.0183181 -0.0159734 -0.000201147 0.0273504 0.0128313 0.0953366 0.0215766 0.0813337 0.132407 4.17969e-05 0.0144371 0.02076 0.0595561 0.0295884 -0.00471939 0.0302512 0.056058 0.0133395 -0.00756554 0.0200817 0.00646295 -0.0313672
internal_weight=15054 8122 6932 2989 2191 4858 1653 77 3264 3081 4781 358 295 63 1621 75 55 3943 980 905 182 119 2963 223 538 186 2740 308 273 111
internal_count=15054 8122 6932 2989 2191 4858 1653 77 3264 3081 4781 358 295 63 1621 75 55 3943 980 905 182 119 2963 223 538 186 2740 308 273 111
is_linear=0
shrinkage=0.05


Tree=65
num_leaves=31
num_cat=0
split_feature=10 0 4 9 0 7 9 0 10 4 9 11 1 9 11 11 1 3 3 4 3 13 9 13 7 11 11 3 1 4
split_gain=291.935 237.854 195.836 140.017 137.961 179.524 173.205 130.376 176.27 200.331 130.464 126.767 117.763 108.148 127.8 104.999 103.727 142.15 103.064 113.669 102.416 268.406 353.899 135.992 102.146 143.649 171.931 134.382 98.5317 116.119
threshold=2220189.5000000005 23.500000000000004 10.955 24.179168500000003 42.500000000000007 2.5000000000000004 16.899612500000003 33.500000000000007 1501703.5500000003 1.6699999999999993 19.254699500000005 1.6542357000000003 21.483333333333338 11.461166500000003 0.17251557000000009 -0.042190500000000235 11.874999999999998 9.9150000000000009 13.055000000000001 -1.53 9.2900000000000009 23.460000000000004 12.545349250000003 22.885000000000002 1.0000000180025095e-35 0.44134500000000015 -0.85609400000000047 11.995000000000003 10.109999999999998 -6.2900000000000009
decision_type=2 2 2 2 2 2 2 2 2 2 2 2 2 2 2 2 2 2 2 2 2 2 2 2 2 2 2 2 2 2
left_child=1 2 11 15 5 6 16 8 9 10 -8 12 28 14 -4 -2 17 -3 20 -20 23 -22 -23 -7 -9 26 -26 -28 29 -1
right_child=3 4 13 -5 -6 18 7 24 -10 -11 -12 -13 -14 -15 -16 -17 -18 -19 19 -21 21 22 -24 -25 25 -27 27 -29 -30 -31
leaf_value=0.0089851233422927942 -0.066338854272980502 0.13185248486697673 -0.10912572580732799 -0.00033125698281731943 -0.0046328908601875086 0.048786434070207184 0.18181555704637009 0.059974403075816099 0.033583834065812765 0.2076851274214081 0.045527556572837392 -0.01743632057086731 0.10638438722906779 -0.014532407056976809 -0.015432707210844858 -0.025244804996888706 0.02605143013721542 -0.0032127709261762605 0.016300397980626425 -0.0061564059026492533 0.018013297964928288 0.25106197465211155 -0.0077962240447168769 -0.13339095087278457 -0.036408227706541778 -0.046917949127697062 0.18518740706145764 0.042718944675289097 0.0042782544736205365 -0.018331705601958327
leaf_weight=564 221 20 95 386 1587 20 22 129 184 37 87 1239 26 160 59 524 794 750 814 1831 253 31 23 21 61 87 20 96 3830 1254
leaf_count=564 221 20 95 386 1587 20 22 129 184 37 87 1239 26 160 59 524 794 750 814 1831 253 31 23 21 61 87 20 96 3830 1254
internal_value=-0.000330842 0.00163048 -0.00470111 -0.0247719 0.00829399 0.0121794 0.0227266 0.0429645 0.0661352 0.107159 0.0730352 -0.00294695 0.000217018 -0.0433206 -0.0732303 -0.0374351 0.013371 0.000295418 0.00412016 0.000754686 0.0296997 0.0396123 0.140808 -0.0445239 0.0235081 0.00568941 0.0315473 0.0672825 -0.000271713 -0.00985718
internal_weight=15225 14094 7227 1131 6867 5280 2287 723 330 146 109 6913 5674 314 154 745 1564 770 2993 2645 348 307 54 41 393 264 177 116 5648 1818
internal_count=15225 14094 7227 1131 6867 5280 2287 723 330 146 109 6913 5674 314 154 745 1564 770 2993 2645 348 307 54 41 393 264 177 116 5648 1818
is_linear=0
shrinkage=0.05


Tree=66
num_leaves=31
num_cat=0
split_feature=0 12 12 1 7 5 1 0 9 0 1 7 0 5 9 3 12 9 9 11 4 7 13 1 5 12 3 7 11 0
split_gain=267.408 280.28 207.597 128.847 125.44 157.556 242.677 143.728 135.756 204.079 134.945 119.077 137.974 252.81 118.618 118.471 118.06 112.317 250.696 175.677 350.743 208.276 168.913 163.882 127.92 121.134 114.65 113.577 138.413 110.396
threshold=30.500000000000004 182205.20500000002 -79717.400000000038 14.26333333333333 3.5000000000000004 0.064829824326924981 15.688333333333334 12.500000000000002 -2.0280456499999997 12.500000000000002 6.1266666666666572 3.5000000000000004 33.500000000000007 0.084352601731877044 7.6886138500000003 10.345000000000001 -1284779.2999999998 11.919326500000002 21.257553500000004 -1.1652224999999994 1.8199999999999996 1.0000000180025095e-35 21.195000000000004 16.761666666666663 0.080160327092713299 329544.9000000002 19.945000000000004 3.5000000000000004 -0.09356649999999965 32.500000000000007
decision_type=2 2 2 2 2 2 2 2 2 2 2 2 2 2 2 2 2 2 2 2 2 2 2 2 2 2 2 2 2 2
left_child=1 4 11 -4 8 -6 10 14 9 -1 -7 12 13 -2 -8 -3 -10 19 22 20 -5 -21 -19 -22 26 -20 -23 28 -26 -15
right_child=2 15 3 17 5 6 7 -9 16 -11 -12 -13 -14 29 -16 -17 -18 18 25 21 23 24 -24 -25 27 -27 -28 -29 -30 -31
leaf_value=0.012542317787376354 0.051663451428924291 -0.14248742413307941 -0.0017333146042204412 0.022927652494537744 -0.017115756506636142 0.087398913068833156 0.13753035409232747 -0.048191570704802872 0.057410095633996516 0.20899058312177657 -0.0048217548088361258 0.0083950071119016888 0.01609008242411426 0.11158498662710191 0.018668455630540849 -0.022928672722625301 0.0016732237755670998 -0.018362973649892464 0.017358774130842577 0.1166780358275924 -0.021232798764551128 0.0055895901748341543 -0.14357728529079208 -0.18623077719307998 0.15754166809575898 0.10727559968829155 0.054534912586276386 0.16765138443027225 0.0054487365306928187 0.26515772193670273
leaf_weight=39 161 21 2741 211 2153 41 65 20 97 20 1221 213 132 25 31 1554 4625 378 589 78 27 383 29 34 21 40 174 28 52 22
leaf_count=39 161 21 2741 211 2153 41 65 20 97 20 1221 213 132 25 31 1554 4625 378 589 78 27 383 29 34 21 40 174 28 52 22
internal_value=-0.0003143 -0.00518326 0.00870394 0.00535187 -0.0015187 -0.00866606 0.00453582 0.0737445 0.00375997 0.079135 -0.00182568 0.0377087 0.0560729 0.0814467 0.0991479 -0.0245228 0.00281818 0.0148531 0.00329189 0.0267354 -0.00760073 0.0394249 -0.0272849 -0.113199 0.0302672 0.0230769 0.0208795 0.0820391 0.0492015 0.18347
internal_weight=15225 9887 5338 4785 8312 3531 1378 116 4781 59 1262 553 340 208 96 1575 4722 2044 1036 1008 272 736 407 61 658 629 557 101 73 47
internal_count=15225 9887 5338 4785 8312 3531 1378 116 4781 59 1262 553 340 208 96 1575 4722 2044 1036 1008 272 736 407 61 658 629 557 101 73 47
is_linear=0
shrinkage=0.05


Tree=67
num_leaves=31
num_cat=0
split_feature=10 0 4 9 0 12 9 2 4 11 12 11 1 9 13 2 9 0 5 1 1 4 10 3 12 9 9 11 10 3
split_gain=247.7 199.925 168.452 125.017 123.62 116.505 112.561 119.649 112.676 112.202 206.285 105.34 100.973 97.1802 92.9276 98.5531 124.944 91.1444 152.431 166.787 89.144 94.881 87.1154 113.855 101.194 86.4543 84.197 84.0869 77.4986 74.3773
threshold=2220189.5000000005 23.500000000000004 10.955 24.179168500000003 42.500000000000007 1241909.8 22.061187500000006 13.515000000000002 7.8750000000000009 1.6542357000000003 547228.05000000005 -0.26667799999999969 21.483333333333338 22.824646000000005 21.195000000000004 18.825000000000003 10.229187000000001 36.500000000000007 0.11527380022216889 24.066666666666663 9.9033333333333342 -6.2900000000000009 639821.67500000016 24.075000000000003 -1130343.0999999996 11.369216750000001 25.220535500000004 0.10769624999999829 2662796.3000000003 9.9150000000000009
decision_type=2 2 2 2 2 2 2 2 2 2 2 2 2 2 2 2 2 2 2 2 2 2 2 2 2 2 2 2 2 2
left_child=1 2 9 5 6 11 7 17 -8 12 -11 -2 20 -4 15 16 -6 -3 19 29 21 22 24 -24 -1 -23 -10 -5 -13 -19
right_child=3 4 13 27 14 -7 8 -9 26 10 -12 28 -14 -15 -16 -17 -18 18 -20 -21 -22 25 23 -25 -26 -27 -28 -29 -30 -31
leaf_value=0.12207529246807099 -0.060773691651952823 0.016481328056397616 -0.049155112614438702 0.031922863910029478 0.089405753330911622 -0.086497717740896499 0.022419685702764303 0.0043608493495757225 0.18033041922375559 -0.013688262298755147 -0.17557927413843574 0.0033685805276036265 0.098614699106950032 0.045469453396896523 -0.08186743380992037 -0.0057251903756301206 -0.045905698617813573 0.1445930637791753 -0.01644973692336035 0.20719047578610483 0.0038464714377791625 -0.031284337367511468 0.049850578116109739 -0.024106237285509993 0.018661700825436108 -0.002837159006525009 0.036984393989578604 -0.016929808609746397 -0.037038630462298383 0.034330507354416812
leaf_weight=27 172 373 284 136 59 95 1051 3661 20 1219 20 259 26 30 38 1466 24 20 44 25 4023 599 65 261 191 482 21 250 219 65
leaf_count=27 172 373 284 136 59 95 1051 3661 20 1219 20 259 26 30 38 1466 24 20 44 25 4023 599 65 261 191 482 21 250 219 65
internal_value=-0.000298585 0.00150804 -0.00429681 -0.0228119 0.00761721 -0.0347777 0.0112951 0.00756732 0.0255919 -0.00266991 -0.0163015 -0.0272186 0.000306748 -0.0401145 -0.00461934 -0.00272429 0.0502796 0.0298422 0.0622034 0.0936646 -0.000145803 -0.0100294 0.0070018 -0.00936025 0.0314698 -0.0186002 0.106909 0.000282532 -0.0151443 0.0602746
internal_weight=15225 14094 7227 1131 6867 745 5280 4188 1092 6913 1239 650 5674 314 1587 1549 83 527 154 110 5648 1625 544 326 218 1081 41 386 478 85
internal_count=15225 14094 7227 1131 6867 745 5280 4188 1092 6913 1239 650 5674 314 1587 1549 83 527 154 110 5648 1625 544 326 218 1081 41 386 478 85
is_linear=0
shrinkage=0.05


Tree=68
num_leaves=31
num_cat=0
split_feature=1 14 2 4 9 9 10 3 9 11 1 10 7 0 2 1 10 3 2 7 4 14 1 3 5 11 9 11 9 0
split_gain=223.761 139.823 165.12 121.996 192.198 121.52 188.138 149.979 149.726 127.087 114.134 109.007 141.424 167.854 112.424 151.085 162.172 96.9954 161.931 117.209 90.7098 92.3839 85.582 84.2169 83.3904 81.4779 80.7551 83.6852 80.7285 155.978
threshold=10.255000000000001 1.0000000180025095e-35 10.635000000000003 -1.1999999999999973 -2.3690185499999994 18.366958500000003 601170.97000000009 9.2900000000000009 16.490845000000004 0.47908050000000207 1.0000000180025095e-35 34458.83400000001 3.5000000000000004 32.500000000000007 13.635000000000003 15.091666666666663 121409.01000000002 11.675000000000002 12.905000000000003 2.5000000000000004 -1.8199999999999992 5.0050000000000008 15.788333333333325 19.075000000000003 0.10487678763520207 0.78112795000000002 12.757736000000001 -1.383559999999999 12.545349250000003 28.500000000000004
decision_type=2 2 2 2 2 2 2 2 2 2 2 2 2 2 2 2 2 2 2 2 2 2 2 2 2 2 2 2 2 2
left_child=1 2 -1 4 -2 6 -5 -8 23 17 -4 22 14 -14 15 -13 -17 18 -7 -20 -3 -22 -6 25 -24 -9 27 -18 -12 -30
right_child=3 20 10 5 11 9 7 8 -10 -11 28 12 13 -15 -16 16 26 -19 19 -21 21 -23 24 -25 -26 -27 -28 -29 29 -31
leaf_value=0.094494920839057417 0.11022541888666398 -0.0054714558672376064 0.076764365199000345 0.00020723526849864178 -0.00097773659829917333 0.0045434073380281421 -0.14693447543680668 -0.035037478128989545 -0.09569811907131226 -0.0063891720527427358 -0.012576878671480513 0.08920068346043783 -0.028949770054909413 0.043806205010723048 0.018132140899485932 0.13052684164389836 -0.021361762414807861 0.01525037494971871 0.20385506814718246 0.06032669779026148 -0.053226711561150643 -0.020412093405356796 0.036152803659160203 0.027182330375499265 -0.02281307858616315 0.0047424379974022835 -0.033593212143529824 0.10956904729111837 -0.0035406473565563821 0.042139980404024599
leaf_weight=43 49 642 43 4113 1720 59 25 418 64 741 1712 175 223 123 410 28 23 1246 25 33 292 808 316 98 74 186 79 26 1210 221
leaf_count=43 49 642 43 4113 1720 59 25 418 64 741 1712 175 223 123 410 28 23 1246 25 33 292 808 316 98 74 186 79 26 1210 221
internal_value=-0.000283656 -0.00898945 -0.0028302 0.0039368 0.0119502 0.000225089 -0.00408756 -0.0264194 -0.0224861 0.010277 -0.00414375 0.010444 0.0233073 -0.00308565 0.0356311 0.0573066 0.021528 0.0193376 0.0628651 0.122192 -0.0204063 -0.0291229 0.00381726 -0.0158115 0.0249644 -0.0227874 -0.00231554 0.0481117 -0.00525067 0.00351415
internal_weight=15225 4971 3229 10254 3246 7008 4904 791 766 2104 3186 3197 1087 346 741 331 156 1363 117 58 1742 1100 2110 702 390 604 128 49 3143 1431
internal_count=15225 4971 3229 10254 3246 7008 4904 791 766 2104 3186 3197 1087 346 741 331 156 1363 117 58 1742 1100 2110 702 390 604 128 49 3143 1431
is_linear=0
shrinkage=0.05


Tree=69
num_leaves=31
num_cat=0
split_feature=10 0 12 1 0 7 9 11 9 3 12 4 12 2 3 7 9 9 12 1 0 11 11 9 11 2 0 3 9 9
split_gain=213.682 171.816 142.984 111.963 109.165 131.204 153.902 141.325 167.155 129.362 216.642 162.754 130.194 134.338 152.963 146.462 109.029 105.211 104.654 100.109 99.8604 102.261 99.674 96.2449 93.4314 89.3457 113.9 147.696 200.003 194.817
threshold=2220189.5000000005 23.500000000000004 182205.20500000002 1.0000000180025095e-35 42.500000000000007 2.5000000000000004 15.271637000000002 0.69364904999999866 22.061187500000006 28.775000000000002 -863373.5399999998 -7.0500000000000007 318820.07000000001 12.675000000000002 13.215000000000002 1.0000000180025095e-35 24.179168500000003 19.960220000000003 1241909.8 11.874999999999998 19.500000000000004 1.6790161500000005 1.5895233 7.1189423000000014 -0.26667799999999969 11.525 9.5000000000000018 16.155000000000005 8.6627655000000008 -2.3690185499999994
decision_type=2 2 2 2 2 2 2 2 2 2 2 2 2 2 2 2 2 2 2 2 2 2 2 2 2 2 2 2 2 2
left_child=1 2 25 -3 5 6 19 9 -9 10 -8 -12 13 -13 -15 -16 18 20 24 -5 21 23 -10 -4 -2 26 -1 29 -29 -28
right_child=16 3 17 4 -6 -7 7 8 22 -11 11 12 -14 14 15 -17 -18 -19 -20 -21 -22 -23 -24 -25 -26 -27 27 28 -30 -31
leaf_value=-0.0068447780811791903 -0.056791539964547694 0.11720419568212137 -0.10483981142988651 -0.0033551837612070773 -0.0048148843821007314 0.0032899510008883321 0.1903335034048983 -0.035297289279103278 0.025196478398045504 -0.071604206590425407 0.13847049430426625 -0.016348950690811589 0.15779337019405582 0.15233436226844788 0.092506963534238332 0.016659554430567054 0.00038737136342229775 0.0078110833496612036 -0.081373184735053464 0.022759417984002259 -0.0095936721169400489 -0.15883279560214802 0.14489951693368228 -0.032084151930316829 -0.013818607031500209 -0.003687455877829416 0.15200130804697984 0.21099646102923614 0.0345423306205443 0.0052176962902888329
leaf_weight=284 172 23 59 739 1582 2993 28 125 83 21 45 105 22 32 88 230 386 160 95 729 174 23 22 198 478 6000 25 26 42 236
leaf_count=284 172 23 59 739 1582 2993 28 125 83 21 45 105 22 32 88 230 386 160 95 729 174 23 22 198 478 6000 25 26 42 236
internal_value=-0.000269473 0.00140852 -0.0039728 0.00707195 0.00670184 0.0101643 0.0192321 0.0368609 0.00376929 0.0501903 0.0548406 0.0475728 0.0389975 0.0332536 0.0481343 0.0376488 -0.0211798 -0.0270536 -0.0323542 0.00961317 -0.0393407 -0.0578263 0.0502771 -0.0487868 -0.0251899 -0.00182981 0.0163527 0.0363772 0.10201 0.0192774
internal_weight=15225 14094 7227 6867 6844 5262 2269 801 230 571 550 522 477 455 350 318 1131 614 745 1468 454 280 105 257 650 6613 613 329 68 261
internal_count=15225 14094 7227 6867 6844 5262 2269 801 230 571 550 522 477 455 350 318 1131 614 745 1468 454 280 105 257 650 6613 613 329 68 261
is_linear=0
shrinkage=0.05


Tree=70
num_leaves=31
num_cat=0
split_feature=1 12 9 9 1 10 12 13 1 11 9 9 4 11 13 9 9 11 11 7 13 9 0 0 5 11 4 4 13 10
split_gain=246.974 154.777 141.577 220.671 142.102 134.325 121.358 117.426 106.268 139.21 119.409 198.052 145.149 124.466 284.782 167.412 163.881 165.95 120.958 120.708 171.626 108.848 107.691 213.674 159.298 126.155 102.266 99.997 94.6467 94.9737
threshold=10.541666666666664 -481765.99999999994 17.639511000000002 13.908447500000003 4.9716666666666658 921659.20000000007 1349757.6000000003 6.785000000000001 17.254999999999999 3.2345274000000006 3.1308593500000002 8.3816985000000006 1.4300000000000004 -1.3527524999999994 24.545000000000005 11.821167000000001 11.821167000000001 1.7388615000000007 -1.8269654 1.5000000000000002 20.795000000000005 13.420639000000003 17.500000000000004 40.500000000000007 0.078400633105905546 3.8612520000000008 -5.0699999999999985 7.6500000000000004 22.885000000000002 1.0000000180025095e-35
decision_type=2 2 2 2 2 2 2 2 2 2 2 2 2 2 2 2 2 2 2 2 2 2 2 2 2 2 2 2 2 2
left_child=1 2 3 5 -4 -1 8 -3 9 -2 -10 12 19 14 15 -13 22 27 -14 -12 -21 -11 25 24 -24 -15 -9 28 29 -18
right_child=6 7 4 -5 -6 -7 -8 26 10 21 11 13 18 16 -16 -17 17 -19 -20 20 -22 -23 23 -25 -26 -27 -28 -29 -30 -31
leaf_value=0.039537019718768475 0.0046336790312117458 -0.019679423000159069 -0.12752759985339185 0.083182644325709598 -0.0038615245380601206 -0.025975747667853873 -0.052079766776452791 0.014107337889705463 -0.029063643065331754 -0.032491590657627099 0.018340246131346147 -0.14782495143565727 -0.094876575469970706 -0.03210947381249115 0.086401747837662704 -0.017014509549035745 -0.028159238200853854 -0.07664839365809667 0.030117400947333495 0.075226353200851012 0.21373331257357051 0.036156027479211927 0.06604622683987238 -0.00029651083362599218 0.18865599284858206 0.094267374702862339 -0.0096788343298431882 0.11721948840256249 -0.045335178442492886 0.026414483369851156
leaf_weight=158 7484 2341 26 137 218 155 93 589 129 418 72 47 22 67 35 51 102 61 161 160 26 67 69 66 43 28 1941 21 77 365
leaf_count=158 7484 2341 26 137 218 155 93 589 129 418 72 47 22 67 35 51 102 61 161 160 26 67 69 66 43 28 1941 21 77 365
internal_value=-7.05767e-05 -0.00846142 0.0136298 0.0302592 -0.0170391 0.00709459 0.00476128 -0.0116089 0.0053136 0.00295136 0.0170643 0.021104 0.0491506 0.00911901 -0.036026 -0.0797501 0.0157979 0.00170015 0.0150908 0.0733092 0.0945875 -0.0230083 0.0481245 0.0710664 0.11312 0.00513844 -0.00414126 0.010159 0.00602617 0.0144947
internal_weight=15229 5565 694 450 244 313 9664 4871 9571 7969 1602 1473 441 1032 133 98 899 626 183 258 186 485 273 178 112 95 2530 565 544 467
internal_count=15229 5565 694 450 244 313 9664 4871 9571 7969 1602 1473 441 1032 133 98 899 626 183 258 186 485 273 178 112 95 2530 565 544 467
is_linear=0
shrinkage=0.05


Tree=71
num_leaves=31
num_cat=0
split_feature=1 12 9 9 1 10 12 13 7 12 1 4 9 11 11 10 13 1 9 9 4 12 1 4 10 10 11 0 0 9
split_gain=222.894 139.686 127.779 195.386 127.92 121.228 109.525 105.977 100.253 142.877 119.911 184.743 377.726 167.63 115.869 98.2443 127.523 146.064 145.014 112.027 112.724 100.597 92.8484 92.2947 92.3979 96.8043 108.015 194.61 88.3471 86.5885
threshold=10.541666666666664 -481765.99999999994 17.851745500000003 13.908447500000003 4.9716666666666658 921659.20000000007 1349757.6000000003 6.785000000000001 2.5000000000000004 -863373.5399999998 18.808333333333334 -0.74500000000000088 8.5635220000000007 3.2345274000000006 1.3119205000000014 51946.554500000006 22.050000000000004 15.191666666666668 11.114486500000002 10.296600000000003 -7.2699999999999978 -346221.37999999989 1.0000000180025095e-35 -5.0699999999999985 2517878.0000000005 1519994.3500000003 0.7634275000000007 29.500000000000004 13.500000000000002 26.252243000000004
decision_type=2 2 2 2 2 2 2 2 2 2 2 2 2 2 2 2 2 2 2 2 2 2 2 2 2 2 2 2 2 2
left_child=1 2 3 5 -4 -1 8 22 9 -2 14 12 -12 -13 -10 16 17 -11 -18 21 -21 -17 -3 24 25 -9 27 -27 -23 -22
right_child=6 7 4 -5 -6 -7 -8 23 10 15 11 13 -14 -15 -16 19 18 -19 -20 20 29 28 -24 -25 -26 26 -28 -29 -30 -31
leaf_value=0.03756016828355533 0.14451055002398791 0.055885595555712542 -0.12115121834481567 0.077976934304929899 -0.0037606225650826542 -0.024676959846889782 -0.049475778524153018 0.0065833808304531912 0.0027182691763923323 -0.00024804520636831785 0.20756849260314514 -0.0033505587112839992 0.018938630623002117 0.090365970148532482 -0.01465456491821366 -0.083128537346783563 -0.012687584555639729 0.027624510224007123 -0.17691018536686898 0.10817577411281937 0.037630906325589547 -0.089020740664140743 -0.020024940042230099 -0.009194892615828603 -0.053848304700086572 0.048298745731321667 -0.0095979782814780874 0.22312345802783967 0.013754847676325503 -0.0020553410094876529
leaf_weight=158 20 41 26 139 216 155 93 399 3792 1905 38 410 88 54 1285 32 41 624 20 47 592 22 2300 1941 47 78 45 20 422 179
leaf_count=158 20 41 26 139 216 155 93 399 3792 1905 38 410 88 54 1285 32 41 624 20 47 592 22 2300 1941 47 78 45 20 422 179
internal_value=-6.70478e-05 -0.00803835 0.0129483 0.0286468 -0.0163728 0.00673987 0.00452322 -0.0110284 0.00504792 0.0112133 0.000800564 0.022136 0.075827 0.00755611 -0.00167883 0.0105269 0.00490609 0.00662917 -0.0665311 0.0217773 0.0329998 0.00249155 -0.0186955 -0.0039342 0.013402 0.0192336 0.0545305 0.0839773 0.00866236 0.0284171
internal_weight=15229 5565 694 452 242 313 9664 4871 9571 3904 5667 590 126 464 5077 3884 2590 2529 61 1294 818 476 2341 2530 589 542 143 98 444 771
internal_count=15229 5565 694 452 242 313 9664 4871 9571 3904 5667 590 126 464 5077 3884 2590 2529 61 1294 818 476 2341 2530 589 542 143 98 444 771
is_linear=0
shrinkage=0.05


Tree=72
num_leaves=31
num_cat=0
split_feature=1 4 0 9 11 10 10 2 12 9 0 10 12 1 11 14 9 14 12 9 11 12 9 9 1 12 3 13 10 3
split_gain=201.162 127.422 177.761 151.179 127.276 174.833 123.074 100.631 114.634 107.425 136.909 116.906 116.324 112.406 102.708 115.088 105.773 98.6502 98.1558 94.807 166.582 104.812 108.109 105.132 100.917 94.1582 92.7279 92.6278 114.493 90.032
threshold=10.541666666666664 -4.9750000000000005 28.500000000000004 6.7841338500000008 0.9264680500000001 1433361.2500000002 639821.67500000016 17.365000000000006 -396803.10000000003 19.102554000000001 32.500000000000007 1.0000000180025095e-35 -4610.4712499999996 12.163333333333332 1.7388615000000007 15.995000000000003 1.2993164000000001 1.0000000180025095e-35 618310.35000000021 18.366958500000003 -2.1575014999999982 -664414.12499999988 14.949325500000002 17.454071000000003 6.3933333333333273 -1130343.0999999996 10.515000000000002 19.750000000000004 361614.38000000006 23.425000000000004
decision_type=2 2 2 2 2 2 2 2 2 2 2 2 2 2 2 2 2 2 2 2 2 2 2 2 2 2 2 2 2 2
left_child=1 2 6 -4 5 -5 25 8 27 10 11 -9 -12 -13 15 -10 -16 29 -8 21 -21 22 -3 26 -25 -1 -23 28 -2 -15
right_child=7 19 3 4 -6 -7 18 9 14 -11 12 13 -14 17 16 -17 -18 -19 -20 20 -22 23 -24 24 -26 -27 -28 -29 -30 -31
leaf_value=0.10452307438658132 0.13473638802145918 -0.0061798214533571472 -0.023639166384335546 0.052146455036922237 0.0083392497936361724 0.18084290350476903 -0.0097415181293905289 0.0001275609412810659 0.0098407715083048686 0.0089798414378892636 0.048287608403727179 -0.011903380381440801 -0.0011945969977344524 -0.043048051614293439 0.076554554210613593 0.052468430621167989 -0.010985144849568175 -0.086236610110531492 -0.10485696321619409 0.11872301147929554 -0.0027749640561495811 0.041265178367551142 0.10473888169441906 -0.15293570160865785 -0.036535435668192805 0.013708530038107054 -0.018272674724647893 0.1410208934355372 0.015187422600805698 0.052072378780160633
leaf_weight=31 24 59 59 71 57 42 867 473 3431 1850 127 367 1833 223 36 166 832 129 28 29 1038 67 35 27 60 360 2735 24 121 28
leaf_count=31 24 59 59 71 57 42 867 473 3431 1850 127 367 1833 223 36 166 832 129 28 29 1038 67 35 27 60 360 2735 24 121 28
internal_value=-6.36954e-05 -0.00763644 0.00473388 0.0453206 0.0692537 0.0999805 -0.00249347 0.00429706 0.00961278 -0.000600175 -0.00617345 -0.0193233 0.00201165 -0.0316396 0.00808282 0.011808 -0.00735447 -0.0507006 -0.0127172 -0.0122638 0.00052723 -0.0168391 0.0351197 -0.0185297 -0.0726597 0.0209087 -0.016849 0.0500346 0.0349748 -0.032437
internal_weight=15229 5565 1515 229 170 113 1286 9664 4634 5030 3180 1220 1960 747 4465 3597 868 380 895 4050 1067 2983 94 2889 87 391 2802 169 145 251
internal_count=15229 5565 1515 229 170 113 1286 9664 4634 5030 3180 1220 1960 747 4465 3597 868 380 895 4050 1067 2983 94 2889 87 391 2802 169 145 251
is_linear=0
shrinkage=0.05


Tree=73
num_leaves=31
num_cat=0
split_feature=1 12 9 9 13 9 2 1 11 12 1 0 9 3 11 7 12 1 4 9 13 11 7 11 9 2 10 9 13 1
split_gain=181.549 116.107 120.236 164.684 170.506 139.934 130.058 121.176 106.277 93.2985 93.167 115.884 114.873 90.9401 94.7965 88.7738 125.86 105.593 170.961 224.871 245.411 192.062 119.244 97.6596 89 92.1538 91.3059 114.282 111.945 137.767
threshold=10.541666666666664 -255997.18499999991 10.029434250000001 17.454071000000003 7.8850000000000007 13.908447500000003 13.465000000000002 4.9716666666666658 -1.1652224999999994 1349757.6000000003 7.4683333333333275 33.500000000000007 22.734055000000001 51.245000000000012 -2.6708375999999991 2.5000000000000004 -863373.5399999998 18.808333333333334 0.92000000000000093 8.8439025000000004 20.795000000000005 3.2345274000000006 3.5000000000000004 1.3119205000000014 -2.0280456499999997 12.275 51946.554500000006 10.296600000000003 22.050000000000004 15.191666666666668
decision_type=2 2 2 2 2 2 2 2 2 2 2 2 2 2 2 2 2 2 2 2 2 2 2 2 2 2 2 2 2 2
left_child=1 2 6 5 7 13 -1 -5 -9 15 11 -3 -12 14 -4 16 -2 23 19 20 -19 -20 -21 -17 25 -18 28 -28 29 -26
right_child=9 10 3 4 -6 -7 -8 8 -10 -11 12 -13 -14 -15 -16 17 24 18 21 22 -22 -23 -24 -25 26 -27 27 -29 -30 -31
leaf_value=0.08314847893511447 0.13547574430704118 -0.023971680006184375 -0.09453500794327778 -0.12505033615856403 0.038367320311954251 0.069325276896087154 -0.034779799623607562 0.071542720603091386 -0.032661883725866335 -0.045756423635588545 -0.010452608202177971 0.094434742906707392 0.015406033001500494 0.077312192600220445 0.01190702064382114 0.0022798595715173607 0.1553461382786433 0.069702373402974291 -0.015318308322551783 -0.034536045900313186 0.2674679068582399 0.097466050339646115 0.054536399220699798 -0.013669578468332845 -0.0017774210210956699 0.021360900823139784 -2.2229451375703016e-05 0.030957607905678711 -0.063580702592572966 0.025506349815722043
leaf_weight=26 20 1291 23 31 128 186 232 28 194 93 2612 21 514 48 231 3792 21 62 309 64 21 43 91 1285 1868 33 468 818 61 615
leaf_count=26 20 1291 23 31 128 186 232 28 194 93 2612 21 514 48 231 3792 21 62 309 64 21 43 91 1285 1868 33 468 818 61 615
internal_value=-6.05107e-05 -0.00725461 0.00707711 0.0159758 -0.00865814 0.0352084 -0.0228956 -0.0324497 -0.019519 0.0040822 -0.0108941 -0.0220765 -0.00620074 0.014196 0.00226857 0.00456648 0.0103682 0.000569681 0.0205908 0.053323 0.119739 -0.00154067 0.0177581 -0.00175698 0.00972396 0.0734663 0.00882524 0.0196835 0.00333638 0.00498034
internal_weight=15229 5565 1127 869 381 488 258 253 222 9664 4438 1312 3126 302 254 9571 3904 5667 590 238 83 352 155 5077 3884 54 3830 1286 2544 2483
internal_count=15229 5565 1127 869 381 488 258 253 222 9664 4438 1312 3126 302 254 9571 3904 5667 590 238 83 352 155 5077 3884 54 3830 1286 2544 2483
is_linear=0
shrinkage=0.05


Tree=74
num_leaves=31
num_cat=0
split_feature=0 10 9 4 2 4 12 14 1 9 13 12 3 2 1 1 9 12 13 12 13 1 10 3 1 2 3 9 0 10
split_gain=174.84 165.752 134.717 180.705 162.744 121.676 109.376 97.7447 97.4093 162.752 186.44 167.765 128.295 167.081 96.4863 95.3657 147.936 87.937 236.122 90.2369 188.595 87.2137 85.0341 79.5394 104.812 91.5574 98.3575 93.5099 105.444 74.8913
threshold=25.500000000000004 361614.38000000006 24.843002000000002 -7.0500000000000007 13.345000000000001 1.1100000000000005 -346221.37999999989 14.205000000000002 17.254999999999999 12.460785000000003 22.885000000000002 -3643.7524999999837 10.175000000000002 9.8450000000000006 20.961666666666662 19.571666666666665 6.5973968000000012 -481765.99999999994 11.365 318820.07000000001 13.995000000000003 25.521666666666668 2624397.6000000006 51.245000000000012 5.9849999999999994 11.705000000000002 19.875000000000004 13.541610500000003 22.500000000000004 2861604.6500000004
decision_type=2 2 2 2 2 2 2 2 2 2 2 2 2 2 2 2 2 2 2 2 2 2 2 2 2 2 2 2 2 2
left_child=1 6 5 4 -4 8 -1 22 12 11 14 -10 -2 -14 -11 -8 -17 18 -5 21 -21 -19 23 24 -3 26 -26 28 -27 -15
right_child=2 7 3 17 -6 -7 15 -9 9 10 -12 -13 13 29 -16 16 -18 19 -20 20 -22 -23 -24 -25 25 27 -28 -29 -30 -31
leaf_value=0.075091399465288436 0.095936502479255586 -0.031324755699632292 0.22212454348802568 -0.02385057491698751 0.052872507616269354 -0.0055464688704239375 -0.0010263958762592739 -0.11032799960902105 0.1938502744399011 -0.0017261478316678265 -0.13041255577252461 0.043550774336048197 -0.1024109153646148 0.0066350840578879985 0.11125378855927424 0.1455105358601681 0.011532429061256923 0.010792241556665895 0.18725888133049012 0.0078495331718746956 0.1622690405448278 -0.072665062004869635 -0.0379383920001704 0.045670396263801288 0.0022578584030270576 -0.028097062083050645 0.11518928729478391 0.0015448629244374068 0.0063063161099930045 -0.074079912155866623
leaf_weight=49 39 544 20 27 49 2436 4774 26 20 134 26 259 36 3186 22 28 78 609 26 58 30 33 309 62 51 833 31 1101 304 29
leaf_count=49 39 544 20 27 49 2436 4774 26 20 134 26 259 36 3186 22 28 78 609 26 58 30 33 309 62 51 833 31 1101 304 29
internal_value=-5.74851e-05 -0.00502419 0.00572136 0.0243614 0.101931 0.00315449 0.000761471 -0.0137692 0.00880512 0.0303302 -0.00645301 0.0543249 0.00578899 0.00470756 0.0142069 1.51251e-05 0.0469229 0.0175257 0.0797126 0.0130108 0.0604925 0.00650238 -0.0129932 -0.0103588 -0.0115717 -0.00694001 0.0449514 -0.0088413 -0.0188986 0.00590702
internal_weight=15229 8190 7039 852 69 6187 4929 3261 3751 461 182 279 3290 3251 156 4880 106 783 53 730 88 642 3235 2926 2864 2320 82 2238 1137 3215
internal_count=15229 8190 7039 852 69 6187 4929 3261 3751 461 182 279 3290 3251 156 4880 106 783 53 730 88 642 3235 2926 2864 2320 82 2238 1137 3215
is_linear=0
shrinkage=0.05


Tree=75
num_leaves=31
num_cat=0
split_feature=1 12 7 8 12 9 2 9 9 1 12 7 3 1 1 2 10 2 1 0 4 7 11 14 2 12 3 3 11 14
split_gain=145.191 164.179 129.937 116.726 109.601 109.011 119.335 104.753 242.268 128.874 102.829 197.66 212.685 145.319 267.46 536.11 105.008 208.991 104.92 97.2042 116.242 99.3213 94.7889 115.434 103.828 92.8531 92.7099 156.033 92.2948 91.0332
threshold=9.4949999999999957 -219226.77500000005 4.5000000000000009 1.0000000180025095e-35 -65707.485000000001 -2.3690185499999994 10.885000000000003 17.639511000000002 13.908447500000003 2.249999999999996 -16693.869999999977 3.5000000000000004 12.325000000000001 24.066666666666663 25.521666666666668 12.365 609989.7300000001 11.865 19.743333333333332 18.500000000000004 -11.074999999999998 1.0000000180025095e-35 1.5290224999999984 17.345000000000002 23.245000000000001 -912578.40000000002 11.845000000000001 9.2900000000000009 -1.7568975000000007 15.785000000000002
decision_type=2 2 2 2 2 2 2 2 2 2 2 2 2 2 2 2 2 2 2 2 2 2 2 2 2 2 2 2 2 2
left_child=1 3 -3 7 -4 6 -2 8 19 -9 11 12 -7 22 15 -15 17 -14 -13 -1 21 -21 23 -12 -25 -22 27 -16 -11 -24
right_child=5 2 4 -5 -6 10 -8 9 -10 28 13 18 16 14 26 -17 -18 -19 -20 20 25 -23 29 24 -26 -27 -28 -29 -30 -31
leaf_value=0.062251710699450583 0.15665379121899606 -0.0088289790169775294 -0.076462754100561137 -0.05938252280766685 -0.025098666828272661 -0.025261242815833185 0.026732127933983548 -0.11358965962593044 0.07123776993410473 0.078830826003104454 0.00054705068576679533 -0.011361506165180162 0.16640552988228127 0.3433676674962044 -0.054006196882713721 -0.00096176138434272539 0.020210916377524646 0.044601554832275007 0.091078189187324965 -0.030842622888407542 -0.081806327980011709 0.061795953108418379 -0.0088979270926407075 0.058617423250396185 -0.039402266879650677 -0.0090716488770968898 -0.049836136731836539 0.097412440634292108 -0.010600883347732643 -0.070476156449125665
leaf_weight=62 20 1772 125 62 614 157 152 28 187 32 7542 647 39 20 27 26 399 363 26 42 55 93 1878 149 33 217 45 46 293 62
leaf_count=62 20 1772 125 62 614 157 152 28 187 32 7542 647 39 20 27 26 399 363 26 42 55 93 1878 149 33 217 45 46 293 62
internal_value=-0.000381264 -0.00918321 -0.0161742 0.00720738 -0.0337868 0.00232947 0.0418393 0.0112991 0.0231171 -0.0106628 0.00173643 0.0133632 0.0279523 -0.000193094 0.0464788 0.148747 0.0383824 0.0564184 -0.00740395 0.00393037 -0.00495396 0.0329751 -0.000985125 0.00149658 0.0408446 -0.023779 0.00661168 0.0414083 -0.0017953 -0.0108659
internal_weight=15213 3582 2511 1071 739 11631 172 1009 656 353 11459 1631 958 9828 164 46 801 402 673 469 407 135 9664 7724 182 272 118 73 325 1940
internal_count=15213 3582 2511 1071 739 11631 172 1009 656 353 11459 1631 958 9828 164 46 801 402 673 469 407 135 9664 7724 182 272 118 73 325 1940
is_linear=0
shrinkage=0.05


Tree=76
num_leaves=31
num_cat=0
split_feature=0 10 9 7 1 1 12 5 4 2 13 3 9 5 9 3 2 9 0 9 3 9 4 10 7 9 9 9 1 14
split_gain=137.207 196.19 117.391 144.363 130.153 274.608 126.657 112.539 111.521 142.702 107.711 105.488 192.727 103.871 93.9127 90.2935 127.146 86.4661 81.5927 125.955 88.8204 124.357 79.0233 147.75 75.3171 84.2956 73.8818 74.5811 74.6781 72.1404
threshold=24.500000000000004 2040616.1500000001 21.390136500000004 1.0000000180025095e-35 24.066666666666663 25.521666666666668 -774468.09999999998 0.044953922479993427 -6.2900000000000009 14.335000000000003 22.050000000000004 11.055000000000001 8.6627655000000008 0.086467799433564571 -0.21168517999999997 10.175000000000002 13.065000000000003 12.460785000000003 9.5000000000000018 -2.3690185499999994 16.155000000000005 7.4739838000000001 8.3300000000000018 1778761.2000000002 1.5000000000000002 11.114486500000002 8.1974185000000013 5.0977935500000013 14.194999999999995 11.935
decision_type=2 2 2 2 2 2 2 2 2 2 2 2 2 2 2 2 2 2 2 2 2 2 2 2 2 2 2 2 2 2
left_child=1 13 4 8 6 -6 7 -2 9 -4 11 12 -8 -1 -13 -7 -17 -12 -15 -20 26 -22 29 -24 -14 -26 27 28 -21 -5
right_child=2 -3 3 22 5 15 10 -9 -10 -11 17 14 24 18 -16 16 -18 -19 19 20 21 -23 23 -25 25 -27 -28 -29 -30 -31
leaf_value=-0.0043921526289069255 0.12164449961856008 -0.03063505077796403 0.21809097723591897 0.0025234406710650786 0.1752590913099773 -0.062498593756801363 0.1073588457017664 0.021896637091413141 0.035282028668330911 0.041289916904643176 -0.023931084293872119 0.025396121219180681 -0.088560322849523462 -0.0023657274731724966 -0.0037434042435545421 0.1414719908010392 -0.0125648835837539 -0.13062549145133406 0.14118302959203718 0.029949847766222944 0.15821384677180539 0.024081356854488454 0.16954636195335876 0.0067270017204512107 -0.049447083132791114 0.058105966802306321 -0.042075073003125345 0.085369608523324148 -0.048135356676010863 0.03072648607726608
leaf_weight=6596 34 678 21 1192 33 31 63 168 191 25 64 294 21 305 4646 21 37 27 25 113 27 48 22 38 29 49 53 40 42 280
leaf_count=6596 34 678 21 1192 33 31 63 168 191 25 64 294 21 305 4646 21 37 27 25 113 27 48 22 38 29 49 53 40 42 280
internal_value=-0.000362201 -0.0049146 0.0045907 0.0157988 0.000996891 0.0520664 -0.000157972 0.0386859 0.052114 0.122003 -0.00166894 -0.000707238 0.0389942 -0.00250896 -0.00200919 0.00638826 0.0432071 -0.0555877 0.0165133 0.0330595 0.0246908 0.0723691 0.0101808 0.0664274 -0.0045105 0.0181183 0.010272 0.0244997 0.00879128 0.00788815
internal_weight=15213 7927 7286 1769 5517 122 5395 202 237 46 5193 5102 162 7249 4940 89 58 91 653 348 323 75 1532 60 99 78 248 195 155 1472
internal_count=15213 7927 7286 1769 5517 122 5395 202 237 46 5193 5102 162 7249 4940 89 58 91 653 348 323 75 1532 60 99 78 248 195 155 1472
is_linear=0
shrinkage=0.05


Tree=77
num_leaves=31
num_cat=0
split_feature=11 9 2 1 0 10 2 14 7 12 1 9 9 0 7 0 11 2 10 1 9 7 11 10 13 9 9 13 7 14
split_gain=134.713 255.559 175.136 232.38 128 163.196 97.8194 92.7159 101.196 238.998 106.737 271.765 101.04 149.237 95.7923 98.6843 92.418 130.38 91.7069 113.499 91.233 89.0283 89.2007 88.472 89.7229 175.034 144.132 99.2479 93.0072 87.7367
threshold=-2.8978727999999996 21.257553500000004 24.245000000000001 14.26333333333333 24.500000000000004 2040616.1500000001 11.865 19.115000000000006 2.5000000000000004 -144658.90500000014 24.066666666666663 10.381622500000001 10.029434250000001 31.500000000000004 5.5000000000000009 32.500000000000007 0.055068950000000345 16.975000000000005 706063.60000000021 11.938333333333331 2.9621887500000006 3.5000000000000004 1.5020295000000001 2861604.6500000004 22.050000000000004 25.302490000000002 12.647522 20.425000000000004 1.5000000000000002 0.03500000000000001
decision_type=2 2 2 2 2 2 2 2 2 2 2 2 2 2 2 2 2 2 2 2 2 2 2 2 2 2 2 2 2 2
left_child=1 2 18 -4 5 6 -2 8 9 12 14 -12 13 -6 29 -16 17 -17 20 -20 -1 -13 -23 24 27 26 -26 -11 -29 -10
right_child=4 -3 3 -5 7 -7 -8 -9 10 23 11 21 -14 -15 15 16 -18 -19 19 -21 -22 22 -24 -25 25 -27 -28 28 -30 -31
leaf_value=-0.024247151176971151 0.015859773313022161 0.15259137212891472 -0.042438432643056911 -0.21666194754874424 -0.026544114672253996 -0.027135337863901252 -0.0033387392658897684 0.062070896083884552 0.00022709513024636238 0.0081170406915052722 0.20643222120336513 -0.056542034936137499 0.058896709239024472 0.11684225669697575 -0.009282789358066099 0.10885489484438529 0.0088734027868078852 0.025926189426332714 -0.023180286337931955 -0.12392221788847538 0.011930733338121849 -0.017231776352439606 0.13031213704496622 -0.054259078526648435 -0.020701546575396492 0.06151406651983659 -0.16788989295219553 0.014559526176288209 0.1447933957965758 -0.018843467236601227
leaf_weight=278 748 22 216 21 86 666 5872 73 1816 2181 22 32 347 23 345 65 386 175 183 33 467 21 20 59 39 30 29 29 26 903
leaf_count=278 748 22 216 21 86 666 5872 73 1816 2181 22 32 347 23 345 65 386 175 183 33 467 21 20 59 39 30 29 29 26 903
internal_value=-0.000344091 -0.0162787 -0.0193799 -0.057876 0.0010452 -0.00354297 -0.00116948 0.00602945 0.00541277 0.0125307 5.509e-05 0.0523846 0.0457056 0.00371173 -0.00129215 0.0121887 0.024022 0.048386 -0.00988604 -0.0385714 -0.0015692 0.00595932 0.0547409 0.00620898 0.00773752 -0.0390892 -0.083473 0.00978986 0.0761246 -0.00610638
internal_weight=15213 1220 1198 237 13993 7286 6620 6707 6634 2849 3785 95 456 109 3690 971 626 240 961 216 745 73 41 2393 2334 98 68 2236 55 2719
internal_count=15213 1220 1198 237 13993 7286 6620 6707 6634 2849 3785 95 456 109 3690 971 626 240 961 216 745 73 41 2393 2334 98 68 2236 55 2719
is_linear=0
shrinkage=0.05


Tree=78
num_leaves=31
num_cat=0
split_feature=11 10 14 12 12 7 12 0 10 12 14 11 1 0 5 1 12 12 10 1 11 11 12 11 11 11 13 5 2 10
split_gain=121.578 164.129 139.257 126.222 116.981 114.814 151.074 154.152 133.826 159.254 125.691 123.466 117.396 108.53 106.104 109.941 96.9045 92.6804 92.2424 109.347 102.149 90.8646 89.4912 86.1021 87.6792 116.411 109.322 106.085 85.9508 82.7919
threshold=-2.8978727999999996 1569670.6500000001 14.890000000000002 -774468.09999999998 700691.85000000009 2.5000000000000004 -101514.30000000003 26.500000000000004 601170.97000000009 -565088.95999999985 6.8950000000000005 -0.16513050000000004 18.808333333333334 34.500000000000007 0.03948667322776938 8.2233333333333345 -280496.40499999997 -642833.32999999984 379896.59000000008 19.571666666666665 -0.91561899999999941 1.4256136500000005 602115.20000000019 -2.1575014999999982 3.2345274000000006 1.7771150000000004 22.885000000000002 0.083090992065791652 21.605000000000004 2933454.2500000005
decision_type=2 2 2 2 2 2 2 2 2 2 2 2 2 2 2 2 2 2 2 2 2 2 2 2 2 2 2 2 2 2
left_child=1 2 3 -1 5 6 7 11 9 10 -7 -2 21 22 16 -16 -13 -9 20 -20 -19 -11 -10 -14 25 26 28 -26 -25 -8
right_child=4 -3 -4 -5 -6 8 29 17 13 12 -12 14 23 -15 15 -17 -18 18 19 -21 -22 -23 -24 24 27 -27 -28 -29 -30 -31
leaf_value=0.095995956496335577 -0.020356679174774912 -0.093406940309796488 -0.14193957507610322 -0.011496498899080242 -0.021544738768458461 0.11468860350017036 0.0042782682810089514 0.09526918700600906 -0.015150398358998783 0.0033257360533603128 0.0031437211598487288 0.17283617990712327 0.12714056923985481 0.048565726431265277 -0.015850441278008796 0.047563312058055168 0.042290463553085418 0.0078786875520433699 0.034525260139866058 -0.072854242715178638 0.14736718274652957 -0.01214976403204047 0.036203707164068795 0.045552895291366136 0.14351509468009074 -0.069740390204466304 -0.057004742464050656 0.0094045452773571028 -0.022916443132909768 -0.056350687587339632
leaf_weight=28 231 64 20 1108 553 56 4636 82 2358 3351 46 21 20 73 148 127 44 21 269 26 35 1323 88 234 30 39 39 29 57 57
leaf_count=28 231 64 20 1108 553 56 4636 82 2358 3351 46 21 20 73 148 127 44 21 269 26 35 1323 88 234 30 39 39 29 57 57
internal_value=-0.000326887 -0.0154648 -0.0111497 -0.00884704 0.000992935 0.00192027 0.00730791 0.0249114 -0.00204375 0.0025208 0.064384 0.00785048 0.00128885 -0.0115099 0.0270148 0.0134352 0.0844668 0.0474098 0.036229 0.0250613 0.095059 -0.00105468 -0.0133028 0.025739 0.0210006 0.0119514 0.0216059 0.0775964 0.0321414 0.00354188
internal_weight=15213 1220 1156 1136 13993 13440 5697 1004 7743 5224 102 571 5122 2519 340 275 65 433 351 295 56 4674 2446 448 428 369 330 59 291 4693
internal_count=15213 1220 1156 1136 13993 13440 5697 1004 7743 5224 102 571 5122 2519 340 275 65 433 351 295 56 4674 2446 448 428 369 330 59 291 4693
is_linear=0
shrinkage=0.05


Tree=79
num_leaves=31
num_cat=0
split_feature=1 7 12 9 13 9 9 12 9 7 12 9 2 9 1 3 2 9 5 0 12 13 12 9 11 9 0 2 7 2
split_gain=115.064 126.682 94.7199 99.2812 160.669 125.757 131.956 118.66 118.613 106.279 102.012 91.5522 97.3213 91.4583 139.728 202.233 195.47 245.547 96.6194 91.3652 93.7056 90.9747 80.9247 80.7452 164.918 83.3254 76.1985 73.3642 100.088 74.0839
threshold=9.4949999999999957 4.5000000000000009 -110512.58999999998 9.400421500000002 0.015000000000000001 17.454071000000003 13.908447500000003 -664414.12499999988 18.183716000000004 3.5000000000000004 -1130343.0999999996 -2.3690185499999994 10.885000000000003 22.734055000000001 24.066666666666663 9.2900000000000009 12.365 9.4722440000000017 0.10893257926979254 21.500000000000004 531259.37000000011 22.050000000000004 1349757.6000000003 12.460785000000003 -0.22073349999999967 10.500915500000003 35.500000000000007 21.085000000000004 1.5000000000000002 29.365000000000006
decision_type=2 2 2 2 2 2 2 2 2 2 2 2 2 2 2 2 2 2 2 2 2 2 2 2 2 2 2 2 2 2
left_child=1 2 3 4 -1 6 27 9 -7 -8 -10 12 -2 14 21 -16 17 -17 -15 20 -4 22 -13 24 -23 -26 -18 -5 -29 -30
right_child=11 -3 19 5 -6 8 7 -9 10 -11 -12 13 -14 18 15 16 26 -19 -20 -21 -22 23 -24 -25 25 -27 -28 28 29 -31
leaf_value=-0.11924902466947543 0.14199578650295736 -0.022582365037176644 -0.017170832041485534 -0.0017418639988384466 -0.0011368572672313833 -0.1143538680413495 0.20961927459388974 0.040317922704853119 -0.08731978982686997 0.068943050786339 0.012961060146067736 -0.00047233449502030874 0.024667876428085087 0.0094264907533675845 -0.071639267271705748 0.28236806456531799 0.073574615088410872 0.052494196421824971 0.10458014014142532 0.0019752783692518813 -0.082856259570788529 -0.097947930434766489 -0.054831161497133796 -0.12156337908020727 -0.028468727718361397 0.10624771029688418 -0.027301948988396264 0.011534268137008426 0.044618253037333494 0.18071000427007677
leaf_weight=34 20 1067 681 187 188 23 25 90 28 29 269 8863 152 2237 29 21 39 26 27 799 59 39 69 27 22 24 36 63 20 20
leaf_count=34 20 1067 681 187 188 23 25 90 28 29 269 8863 152 2237 29 21 39 26 27 799 59 39 69 27 22 24 36 63 20 20
internal_value=-0.000310542 -0.00814624 -0.00202164 0.0101631 -0.0192261 0.0188161 0.0363501 0.0754753 -0.00496427 0.134071 0.00350697 0.00210262 0.0383107 0.00155913 -0.000657381 0.0470436 0.0752551 0.155204 0.0105613 -0.00974893 -0.0224079 -0.0014538 -0.000892258 -0.046237 -0.0223098 0.0418181 0.0251539 0.0169224 0.050808 0.112664
internal_weight=15213 3582 2515 976 222 754 434 144 320 54 297 11631 172 11459 9195 151 122 47 2264 1539 740 9044 8932 112 85 46 75 290 103 40
internal_count=15213 3582 2515 976 222 754 434 144 320 54 297 11631 172 11459 9195 151 122 47 2264 1539 740 9044 8932 112 85 46 75 290 103 40
is_linear=0
shrinkage=0.05


Tree=80
num_leaves=31
num_cat=0
split_feature=12 11 10 9 1 0 4 0 11 12 10 1 5 12 14 11 13 13 2 0 9 11 11 3 9 13 3 1 14 14
split_gain=116.763 117.327 159.364 146.807 106.36 102.493 96.4438 153.106 136.453 91.5032 81.7822 136.117 88.8199 79.9679 79.5923 74.4445 86.4129 73.2793 72.2153 69.4749 66.2675 121.079 67.4217 193.549 104.997 180.9 127.55 176.271 86.959 84.7575
threshold=700691.85000000009 -2.8978727999999996 1569670.6500000001 21.084045500000006 18.96166666666667 24.500000000000004 -10.154999999999998 28.500000000000004 -0.45332349999999794 -863373.5399999998 159390.20000000004 15.421666666666663 0.083507314474275118 -161763.67999999996 12.645000000000001 3.9907075000000005 6.5750000000000011 17.990000000000006 14.285000000000002 44.500000000000007 -0.21168517999999997 0.99913030000000036 -1.3273009500000004 8.5650000000000031 14.444793500000001 17.990000000000006 8.5650000000000031 22.298333333333332 19.115000000000006 9.8750000000000018
decision_type=2 2 2 2 2 2 2 2 2 2 2 2 2 2 2 2 2 2 2 2 2 2 2 2 2 2 2 2 2 2
left_child=1 2 3 4 9 10 7 -7 -9 -1 -3 12 -12 -11 18 19 -17 -15 -2 20 21 -8 24 -24 26 -26 -22 29 -25 -28
right_child=14 5 -4 -5 -6 6 15 8 -10 13 11 -13 -14 17 -16 16 -18 -19 -20 -21 22 -23 23 28 25 -27 27 -29 -30 -31
leaf_value=0.091348630291494468 -0.11167654551565648 0.0024749100248997874 -0.10161529935151339 0.12386443188501289 -0.08642260420354124 -0.0010933761308290835 0.023733744958852544 0.14943259265273809 0.035409851277676915 -0.060387458566886688 -0.0080680208633623282 -0.059301545140278036 0.036096331623515915 -0.010001993195557224 -0.11537665662948381 -0.05758152579738185 0.0039195590590437252 0.076734601885080342 -0.014900308958862823 -0.0066243488786580183 -0.12826978731155397 0.15133718484569164 0.097893112994009449 0.0080328614248440285 0.053363792896638389 -0.044748623618472594 -0.030806092859230444 0.13290109252557158 0.069687607845869567 0.016790404987137113
leaf_weight=22 20 4177 50 20 47 116 162 44 65 78 2627 126 119 938 22 99 135 25 533 847 25 21 62 4096 152 68 363 20 58 126
leaf_count=22 20 4177 50 20 47 116 162 44 65 78 2627 126 119 938 22 99 135 25 533 847 25 21 62 4096 152 68 363 20 58 126
internal_value=-7.83349e-06 0.000857443 -0.0142622 -0.010397 -0.0128161 0.00217823 0.00672814 0.0388882 0.0814374 -0.00956167 -0.00199085 -0.0084858 -0.00615413 -0.0116943 -0.0221108 0.0055674 -0.0221001 -0.00775026 -0.0184004 0.00664644 0.00882776 0.0383768 0.00773974 0.0102025 -0.00603097 0.0230381 -0.018007 -0.0125914 0.00889371 -0.018542
internal_weight=15263 14688 1180 1130 1110 13508 6459 225 109 1063 7049 2872 2746 1041 575 6234 234 963 553 6000 5153 183 4970 4216 754 220 534 509 4154 489
internal_count=15263 14688 1180 1130 1110 13508 6459 225 109 1063 7049 2872 2746 1041 575 6234 234 963 553 6000 5153 183 4970 4216 754 220 534 509 4154 489
is_linear=0
shrinkage=0.05


Tree=81
num_leaves=31
num_cat=0
split_feature=12 11 9 2 1 7 12 5 11 13 4 10 12 7 4 12 9 9 1 2 3 11 9 3 0 9 11 9 10 11
split_gain=107.571 110.761 140.925 152.311 253.364 116.377 102.562 103.86 179.109 222.016 98.861 94.3184 142.398 93.3001 92.8518 126.222 151.604 124.769 91.6001 169.547 362.446 85.8636 109.948 85.0829 134.025 137.626 142.807 84.0117 110.077 83.0558
threshold=944819.52000000025 -2.8978727999999996 21.084045500000006 24.765000000000004 13.463333333333333 2.5000000000000004 -105958.95499999999 0.089565616747365503 -0.85609400000000047 19.995000000000001 0.79500000000000004 361614.38000000006 -396803.10000000003 4.5000000000000009 -11.615 -774468.09999999998 13.541610500000003 19.102554000000001 20.486666666666668 12.275 10.175000000000002 0.31748900000000019 25.113967500000005 14.035000000000002 30.500000000000004 25.724441500000001 0.26426699999999853 26.252243000000004 56387.032500000008 1.8070372500000007
decision_type=2 2 2 2 2 2 2 2 2 2 2 2 2 2 2 2 2 2 2 2 2 2 2 2 2 2 2 2 2 2
left_child=1 2 3 -1 -5 6 14 -8 9 -9 27 12 13 -7 -3 16 -16 -18 21 20 -20 22 -14 24 -17 26 -26 28 -10 -13
right_child=-2 5 -4 4 -6 11 7 8 10 -11 -12 29 18 -15 15 23 17 -19 19 -21 -22 -23 -24 -25 25 -27 -28 -29 -30 -31
leaf_value=-0.0077279585312465043 -0.027248311260160019 -0.012391636468026879 0.11767121195793151 -0.036888228299897262 -0.22384384490549564 0.14187549573594127 0.0021966727886258068 0.016551723191514611 0.026606127094554167 -0.15415139174461367 0.13448531217802542 -0.012759202531683134 0.0049987176387495634 0.024085987571161243 0.0089739772371756725 -0.054286267745297358 0.23739933073520661 0.079132500223138114 0.015083017302494423 -0.0023718452521911074 0.24446819676802709 -0.0069757325860361433 0.076572607435624718 0.030074195581642888 0.18151763758876108 -0.066746722387615587 0.0013616253706541931 -0.0409399686312234 0.1091037400563558 0.0091287514604965793
leaf_weight=965 354 166 20 193 20 29 4498 80 124 25 33 2507 2196 40 39 83 20 33 51 121 26 2309 55 601 22 20 22 27 60 524
leaf_count=965 354 166 20 193 20 29 4498 80 124 25 33 2507 2196 40 39 83 20 33 51 121 26 2309 55 601 22 20 22 27 60 524
internal_value=-7.44176e-06 0.000639367 -0.0139402 -0.0161747 -0.0544427 0.00191326 0.00725074 0.0042354 0.0305111 -0.0240919 0.0540083 -0.00206234 0.00227842 0.0735917 0.0217789 0.0285316 0.0837972 0.138856 0.00124425 0.0345374 0.0925378 -0.000201379 0.00674752 0.0217343 -0.0123629 0.0420064 0.0914396 0.0414218 0.0535075 -0.00897521
internal_weight=15263 14909 1198 1178 213 13711 5853 4847 349 105 244 7858 4827 69 1006 840 92 53 4758 198 77 4560 2251 748 147 64 44 211 184 3031
internal_count=15263 14909 1198 1178 213 13711 5853 4847 349 105 244 7858 4827 69 1006 840 92 53 4758 198 77 4560 2251 748 147 64 44 211 184 3031
is_linear=0
shrinkage=0.05


Tree=82
num_leaves=31
num_cat=0
split_feature=13 12 10 10 9 13 4 0 2 10 9 3 11 4 9 9 11 5 14 1 2 9 9 9 14 3 11 3 1 9
split_gain=97.3866 186.237 141.114 126.148 133.277 121.414 109.471 132.915 132.348 93.5735 93.1824 104.157 81.9507 117.357 81.7646 80.704 137.574 85.8523 87.4861 78.2985 71.3684 71.3254 147.93 86.2563 65.871 64.5544 63.4453 274.21 93.5606 107.143
threshold=6.0150000000000006 -63469.474999999969 277729.90500000009 1821.9789500000004 11.114486500000002 28.005000000000006 0.25499999999999906 15.500000000000002 21.875000000000004 2730114.1000000006 6.4281005000000011 15.025 -3.2974243499999991 2.2600000000000011 18.588928500000005 2.4024048000000007 -0.55427549999999914 0.025813114115089512 8.8100000000000023 13.51666666666666 10.305000000000001 7.6886138500000003 2.4024048000000007 25.113967500000005 11.845000000000001 17.855000000000004 0.34861775000000078 7.8850000000000007 14.26333333333333 4.3576050000000004
decision_type=2 2 2 2 2 2 2 2 2 2 2 2 2 2 2 2 2 2 2 2 2 2 2 2 2 2 2 2 2 2
left_child=3 2 10 12 6 -4 -5 8 -8 26 11 -2 13 -1 -11 -9 17 -17 -19 -14 -21 22 -22 -23 -18 -26 27 -3 -29 -30
right_child=1 9 5 4 -6 -7 7 15 -10 14 -12 -13 19 -15 -16 16 24 18 -20 20 21 23 -24 -25 25 -27 -28 28 29 -31
leaf_value=-0.014631737244017782 0.050860451788387523 -0.17169763739644128 0.015540157979757413 -0.0068413565330266131 -0.0038056847569844371 -0.09567177115380765 -0.034444169451515856 0.014513608389236828 -0.14467679230531433 -0.083346451800917432 0.040732508299612058 0.20851724021136764 0.00077215268543794546 -0.14612038150429726 -0.0066362827804081056 -0.010937189986539442 -0.026334677495091059 -0.12592877988249829 -0.042202422982798173 0.11571051707491278 -0.030489622671887574 -0.0051972625595937605 0.068515289818771696 0.084238191653663919 -0.018747528344392778 0.097322378825882211 -0.0046690903340604094 0.0009548756313390006 -0.013021269580157696 0.023898977764425101
leaf_weight=112 22 22 1339 507 2073 25 56 94 53 62 136 20 1670 20 79 43 292 78 52 20 51 266 145 30 25 23 3238 3440 243 1027
leaf_count=112 22 22 1339 507 2073 25 56 94 53 62 136 20 1670 20 79 43 292 78 52 20 51 266 145 30 25 23 3238 3440 243 1027
internal_value=-7.06968e-06 0.00303767 0.0189659 -0.00524608 -0.0115284 0.0135018 -0.0246184 -0.0372063 -0.0880435 9.52348e-06 0.0608365 0.125935 0.00370223 -0.0345543 -0.040367 -0.0280774 -0.0358816 -0.0721808 -0.0924382 0.00601656 0.0231223 0.0193586 0.0427538 0.00386714 -0.0174118 0.0368693 0.000723838 0.0044141 0.0052367 0.0168347
internal_weight=15263 9653 1542 5610 3296 1364 1223 716 109 8111 178 42 2314 132 141 607 513 173 130 2182 512 492 196 296 340 48 7970 4732 4710 1270
internal_count=15263 9653 1542 5610 3296 1364 1223 716 109 8111 178 42 2314 132 141 607 513 173 130 2182 512 492 196 296 340 48 7970 4732 4710 1270
is_linear=0
shrinkage=0.05


Tree=83
num_leaves=31
num_cat=0
split_feature=12 11 10 9 1 4 7 12 5 11 13 9 10 10 4 12 9 9 12 12 4 1 9 13 11 12 9 3 9 13
split_gain=92.3533 96.7223 126.306 118.721 106.116 114.576 102.829 85.9731 93.4495 170.753 202.03 112.738 147.259 99.5642 82.2611 114.192 136.861 113.169 82.0289 84.6562 81.4124 118.083 103.883 176.425 110.505 84.5862 77.0695 75.5218 89.8279 113.081
threshold=944819.52000000025 -2.8978727999999996 1641893.05 21.084045500000006 18.96166666666667 1.7700000000000007 2.5000000000000004 -105958.95499999999 0.090375066770556622 -0.72149599999999914 19.995000000000001 11.821167000000001 545562.85000000021 64781.586000000003 -11.615 -774468.09999999998 13.541610500000003 19.102554000000001 -863373.5399999998 -161763.67999999996 -0.82999999999999907 2.249999999999996 9.7989350000000019 19.105000000000004 -2.4498137500000001 350113.42499999993 12.757736000000001 14.035000000000002 26.932846000000001 21.195000000000004
decision_type=2 2 2 2 2 2 2 2 2 2 2 2 2 2 2 2 2 2 2 2 2 2 2 2 2 2 2 2 2 2
left_child=1 2 3 4 18 -6 7 14 -9 10 -10 13 -13 -11 26 16 -16 -18 -1 -20 22 25 23 -8 -24 -22 -3 28 29 -17
right_child=-2 6 -4 -5 5 -7 20 8 9 11 -12 12 -14 -15 15 27 17 -19 19 -21 21 -23 24 -25 -26 -27 -28 -29 -30 -31
leaf_value=0.087041920101778081 -0.025247273759095596 0.013570732305283254 -0.090824506131000821 0.11111074190121145 -0.020254560563199478 -0.17581587063148618 0.014985228936199925 0.0021568491414847577 0.017413571729074893 0.061761195690001651 -0.14027596425127101 -0.072002577540629054 0.067243192067673041 0.17136747545003894 0.0079316982092001494 -0.018084144696482632 0.22518763542175294 0.074457491409372203 -0.058664554058175 -0.006347796966248544 -0.070763045575639061 -0.0044930334597459206 0.081222890527584621 0.16151739997523173 -0.0038380075182198286 0.031124337414279581 -0.057344060069881381 0.027849663143528908 -0.10288559350630511 0.10475921397623809
leaf_weight=22 354 106 50 20 29 20 941 4515 82 121 27 34 43 25 39 101 20 33 84 973 110 4901 39 21 1821 25 60 601 23 23
leaf_count=22 354 106 50 20 29 20 941 4515 82 121 27 34 43 25 39 101 20 33 84 973 110 4901 39 21 1821 25 60 601 23 23
internal_value=-6.71619e-06 0.000592597 -0.0130317 -0.00964355 -0.0117846 -0.083749 0.00178302 0.0068002 0.00403947 0.0296419 -0.0216471 0.0547115 0.00575805 0.0805294 0.0201017 0.0264577 0.0790238 0.131337 -0.0085165 -0.0105054 -0.001954 -0.00576374 0.00484467 0.018184 -0.00205447 -0.051895 -0.0120611 0.0199923 -0.012132 0.00470132
internal_weight=15263 14909 1198 1148 1128 49 13711 5853 4847 332 109 223 77 146 1006 840 92 53 1079 1057 7858 5036 2822 962 1860 135 166 748 147 124
internal_count=15263 14909 1198 1148 1128 49 13711 5853 4847 332 109 223 77 146 1006 840 92 53 1079 1057 7858 5036 2822 962 1860 135 166 748 147 124
is_linear=0
shrinkage=0.05


Tree=84
num_leaves=31
num_cat=0
split_feature=13 9 4 12 11 11 0 3 3 2 1 9 9 11 1 12 3 9 1 1 12 14 14 9 11 11 1 11 9 2
split_gain=84.703 96.8494 133.515 93.9157 89.5165 178.714 97.9191 80.2235 80.1749 77.3554 76.6588 73.4085 128.844 281.895 81.126 80.1631 71.8096 71.6248 79.9983 71.4962 71.2666 69.0537 67.5222 67.3051 65.0657 61.6968 67.4797 142.952 104.995 96.3029
threshold=10.905000000000003 22.734055000000001 0.29999999999999988 -72194.050000000032 1.7089539999999988 2.8548889500000008 31.500000000000004 8.5650000000000031 43.545000000000009 10.485000000000001 18.96166666666667 7.4739838000000001 11.114486500000002 -3.0440824999999996 16.271666666666668 700691.85000000009 24.305000000000003 4.6024170000000009 15.511666666666661 19.405000000000005 -300765.99999999983 17.520000000000003 11.675000000000002 -2.6437225499999997 -1.8862920000000003 3.9907075000000005 1.6716666666666644 -1.0000000180025095e-35 13.660705500000001 30.725000000000005
decision_type=2 2 2 2 2 2 2 2 2 2 2 2 2 2 2 2 2 2 2 2 2 2 2 2 2 2 2 2 2 2
left_child=1 2 8 4 9 6 -6 -4 10 -2 23 21 13 -13 20 -14 17 -11 24 -3 -15 -9 -17 -1 -19 26 27 28 -25 -29
right_child=3 19 7 -5 5 -7 -8 11 -10 16 -12 12 15 14 -16 22 -18 18 -20 -21 -22 -23 -24 25 -26 -27 -28 29 -30 -31
leaf_value=0.051264217756688595 -0.055321871801405346 0.0069261390894106122 0.070366144180297852 0.0022699932536302796 0.059983208916824439 -0.017831466462765191 0.1923005768546352 -0.0064647167225803277 0.03541462821497892 -0.040802832638330178 0.072072249092161658 -0.17029884296494563 -0.0056140268069343564 -0.095591307815277221 -0.089459070461053475 -0.028850953601027182 -0.035465150168682971 0.11246532097910389 0.0032500626913764897 0.081371831442370562 -0.020189538301388702 0.050211244182927273 -0.11644646476667662 -0.033524549572030084 0.03798231178533442 -0.03971043319271423 0.0013155504977178656 -0.012200985866178189 -0.13358215806193841 0.080481643043458465
leaf_weight=60 37 1421 29 5732 29 37 27 1334 162 38 36 37 1237 33 51 143 54 33 170 33 622 56 26 80 263 106 3119 186 39 33
leaf_count=60 37 1421 29 5732 29 37 27 1334 162 38 36 37 1237 33 51 143 54 33 170 33 622 56 26 80 263 106 3119 186 39 33
internal_value=-6.3804e-06 -0.00318009 -0.00550126 0.00436513 0.0218206 0.0674394 0.123779 -0.0124566 0.000993552 0.0146902 -0.00053042 -0.0131353 -0.0189268 -0.0357683 -0.0287179 -0.0100269 0.0193326 0.0252038 0.0305863 0.00861576 -0.0239884 -0.00418137 -0.0423272 -0.00125184 0.0462862 -0.00213619 -0.000984077 -0.0222046 -0.0663165 0.00176489
internal_weight=15263 8843 7389 6420 688 93 56 3568 3821 595 3659 3539 2149 743 706 1406 558 504 466 1454 655 1390 169 3623 296 3563 3457 338 119 219
internal_count=15263 8843 7389 6420 688 93 56 3568 3821 595 3659 3539 2149 743 706 1406 558 504 466 1454 655 1390 169 3623 296 3563 3457 338 119 219
is_linear=0
shrinkage=0.05


Tree=85
num_leaves=31
num_cat=0
split_feature=2 9 0 12 0 12 5 11 0 13 11 3 10 2 7 13 12 11 11 1 12 9 3 1 3 9 14 7 3 13
split_gain=111.062 123.228 102.241 166.994 99.242 101.527 117.811 99.0798 98.3017 89.5417 125.196 213.199 173.248 147.747 83.0967 106.402 76.1967 73.1983 71.5181 71.0067 69.3158 136.326 124.494 112.419 68.2385 66.6503 66.3637 63.7796 88.11 62.7696
threshold=16.395000000000003 22.579940500000003 21.500000000000004 1.0000000180025095e-35 36.500000000000007 2283.1159000000011 0.11527380022216889 0.33186407999999978 18.500000000000004 20.125000000000004 -0.16513050000000004 10.925000000000002 941111.90000000014 10.755000000000001 3.5000000000000004 20.125000000000004 1349757.6000000003 -1.200089 -2.7397460249999992 18.496666666666666 -250635.34999999989 19.410248000000003 24.955000000000002 12.00333333333333 13.455000000000002 9.400421500000002 14.975000000000003 2.5000000000000004 21.925000000000004 15.275
decision_type=2 2 2 2 2 2 2 2 2 2 2 2 2 2 2 2 2 2 2 2 2 2 2 2 2 2 2 2 2 2
left_child=4 2 3 8 7 6 -6 9 29 20 12 -12 13 -11 15 19 -4 18 -5 -7 21 23 -23 27 -3 -15 -22 -1 -29 -2
right_child=1 24 16 17 5 14 -8 -9 -10 10 11 -13 -14 25 -16 -17 -18 -19 -20 -21 26 22 -24 -25 -26 -27 -28 28 -30 -31
leaf_value=0.008739624318035169 -0.0025460157239576803 0.046031673166934135 -0.00085706893449356185 -0.044491790139638804 0.023621007826607508 0.12187131284312769 -0.061246551509118743 -0.0047867093954249498 -0.035112822163747469 -0.034028065894488937 0.019676974609494212 0.23869681119918826 -0.094220008844366446 0.052901417376207453 0.008839442548068132 0.1977266046262923 -0.050372372310655777 -0.039707652409522065 0.013719090771494824 -0.008300778344273568 0.0025839425799106478 0.011427694402468453 -0.10918744870771964 0.14413222954298061 0.0058058738715168756 0.17887411035952117 0.04888845465146005 0.013902532805999122 0.11086013314296615 0.048399758108315018
leaf_weight=87 1500 112 4706 82 448 22 45 2145 236 27 25 20 26 21 34 21 79 673 148 20 2362 197 24 30 1797 21 80 42 53 63
leaf_count=87 1500 112 4706 82 448 22 45 2145 236 27 25 20 26 21 34 21 79 673 148 20 2362 197 24 30 1797 21 80 42 53 63
internal_value=0.000175522 -0.00317387 -0.00606523 -0.0138407 0.00564872 0.0250747 0.0158745 0.00342754 -0.00503417 0.0092715 0.0483191 0.117019 0.0157769 0.057225 0.0718346 0.105832 -0.00167456 -0.0313855 -0.00703435 0.0598846 0.00737006 0.0258073 -0.00167078 0.0544519 0.0081659 0.115888 0.00410088 0.0396695 0.0679947 -0.000492539
internal_weight=15146 9396 7487 2702 5750 590 493 5160 1799 3015 140 45 95 69 97 63 4785 903 230 42 2875 433 221 212 1909 42 2442 182 95 1563
internal_count=15146 9396 7487 2702 5750 590 493 5160 1799 3015 140 45 95 69 97 63 4785 903 230 42 2875 433 221 212 1909 42 2442 182 95 1563
is_linear=0
shrinkage=0.05


Tree=86
num_leaves=31
num_cat=0
split_feature=2 9 0 10 0 11 4 13 13 9 9 7 11 9 9 1 11 9 9 5 7 3 2 10 10 2 4 13 11 3
split_gain=100.233 111.213 92.2727 129.122 89.5659 89.4195 84.3222 82.9661 82.9648 117.922 211.874 99.4913 116.945 93.2607 147.065 110.641 91.7662 110.128 88.7895 79.0718 90.1654 75.2709 73.347 72.3756 68.3252 82.9825 66.1258 65.7834 62.3008 61.6758
threshold=16.395000000000003 22.579940500000003 21.500000000000004 217245.64000000004 36.500000000000007 0.33186407999999978 5.3100000000000005 1.0000000180025095e-35 13.555000000000001 5.0977935500000013 6.4281005000000011 3.5000000000000004 -2.6169586499999999 9.2147980000000018 21.390136500000004 17.401666666666671 0.055068950000000345 6.0235747000000002 16.342605500000005 0.11527380022216889 1.5000000000000002 43.545000000000009 10.885000000000003 566201.80000000016 2641653.3500000006 23.665000000000003 -7.2699999999999978 15.275 -2.821899999999999 13.395000000000001
decision_type=2 2 2 2 2 2 2 2 2 2 2 2 2 2 2 2 2 2 2 2 2 2 2 2 2 2 2 2 2 2
left_child=4 2 3 26 5 6 8 -5 -1 22 16 12 -12 -14 15 18 17 -11 23 28 -21 -9 -10 -15 -4 -26 -2 -16 -6 -3
right_child=1 29 24 7 19 -7 -8 21 9 10 11 -13 13 14 27 -17 -18 -19 -20 20 -22 -23 -24 -25 25 -27 -28 -29 -30 -31
leaf_value=0.0031545281656263783 0.047474550678124353 0.044457895434095042 -0.00013550328242106557 -0.041495557881248486 0.10112483506572659 -0.004547373833739099 0.1086499761967432 -0.018630074171480174 0.050014505284123649 0.092078294321894655 -0.053686686726804413 -0.026055638888931795 -0.01323448998737149 -0.0086896040269898046 0.10661169327795506 0.17884216103702785 0.018444972256353744 0.23090312154032291 0.15736092109055747 -0.087809365754947077 0.037545839998011407 0.050204439248357505 -0.022670217140370777 0.095535301339001427 -0.080253633590681217 -0.011820154429417772 -0.0052964806118286131 0.0094922841375912823 0.025756369387174571 0.0055568100671990542
leaf_weight=2211 62 108 4517 472 29 2145 21 730 43 50 36 92 64 36 20 30 24 20 21 32 26 42 180 31 56 212 1396 136 503 1801
leaf_count=2211 62 108 4517 472 29 2145 21 730 43 50 36 92 64 36 20 30 24 20 21 32 26 42 180 31 56 212 1396 136 503 1801
internal_value=0.000166746 -0.00301518 -0.00576197 -0.0131487 0.00536629 0.00325616 0.00880793 -0.0249817 0.00810763 0.022094 0.0343386 0.0205256 0.0319841 0.0411088 0.0538022 0.0959204 0.102815 0.131743 0.0676517 0.023821 -0.0316157 -0.0148852 -0.00865478 0.0395339 -0.00159083 -0.0261197 -0.00305244 0.0219435 0.0298648 0.0077576
internal_weight=15146 9396 7487 2702 5750 5160 3015 1244 2994 783 560 466 374 338 274 118 94 70 88 590 58 772 223 67 4785 268 1458 156 532 1909
internal_count=15146 9396 7487 2702 5750 5160 3015 1244 2994 783 560 466 374 338 274 118 94 70 88 590 58 772 223 67 4785 268 1458 156 532 1909
is_linear=0
shrinkage=0.05


Tree=87
num_leaves=31
num_cat=0
split_feature=2 0 12 5 11 0 12 4 7 13 13 12 3 0 7 11 12 7 5 12 5 7 1 2 13 12 3 10 2 2
split_gain=90.4607 80.8333 91.1689 97.2626 80.7011 76.985 97.0235 76.1008 75.0881 95.7133 74.8757 108.952 87.4924 69.6251 115.334 151.53 85.3775 175.796 81.0554 72.7492 71.232 108.346 63.4864 59.4062 61.7834 57.2152 52.7897 52.0518 65.6182 60.0622
threshold=16.395000000000003 36.500000000000007 2283.1159000000011 0.11527380022216889 0.33186407999999978 23.500000000000004 1.0000000180025095e-35 5.3100000000000005 3.5000000000000004 20.125000000000004 13.555000000000001 -565088.95999999985 16.515000000000004 12.500000000000002 3.5000000000000004 -2.6169586499999999 72720.123999999923 1.5000000000000002 0.10893257926979254 27585.05000000005 0.089565616747365503 3.5000000000000004 18.496666666666666 9.1350000000000033 16.845000000000002 116356.13000000002 11.475000000000003 91051.678000000014 11.345000000000001 12.675000000000002
decision_type=2 2 2 2 2 2 2 2 2 2 2 2 2 2 2 2 2 2 2 2 2 2 2 2 2 2 2 2 2 2
left_child=1 4 3 -3 7 6 -2 10 9 22 -1 12 -12 20 15 -15 18 -18 19 27 21 -13 -4 -6 -25 -16 -8 28 -17 -29
right_child=5 2 8 -5 23 -7 26 -9 -10 -11 11 13 -14 14 25 16 17 -19 -20 -21 -22 -23 -24 24 -26 -27 -28 29 -30 -31
leaf_value=0.0029968018437464307 -0.0023704330916182841 0.020950259238023655 0.11429184323007412 -0.056161576050023247 0.058486770189090355 0.0010774046828505438 -0.068027156666637612 0.1032174777416956 0.0070576390361084653 0.18641454563254403 0.17517808303236962 0.041904771163366564 0.029053794840971633 -0.048852878155901669 -0.021017737637617089 0.11877339750528336 0.15150153962895274 0.019756838862878691 0.10782491527497769 -0.062689976883120835 0.0064218939718189124 0.16015960472077131 -0.0087941504269838343 -0.0023758542074017435 -0.029473411872588052 -0.11258084279569713 -0.016702409581122287 -0.031841911658854548 0.01690668272244376 0.031155217156090122
leaf_weight=2211 2630 448 22 45 37 5343 52 21 34 21 20 86 21 71 76 25 40 69 22 32 79 25 20 1871 237 22 1371 71 43 81
leaf_count=2211 2630 448 22 45 37 5343 52 21 34 21 20 86 21 71 76 25 40 69 22 32 79 25 20 1871 237 22 1371 71 43 81
internal_value=0.000158409 0.00509797 0.0226299 0.0139117 0.00309335 -0.00286442 -0.00806086 0.00836753 0.0669402 0.0992578 0.00770225 0.0209893 0.100334 0.016605 0.00761919 0.0182377 0.0306749 0.0681035 0.0157854 0.00775016 0.0427112 0.0685387 0.0556795 -0.00432001 -0.0054224 -0.0415727 -0.0185779 0.017996 0.0543577 0.00172893
internal_weight=15146 5750 590 493 5160 9396 4053 3015 97 63 2994 783 41 742 552 454 383 109 274 252 190 111 42 2145 2108 98 1423 220 68 152
internal_count=15146 5750 590 493 5160 9396 4053 3015 97 63 2994 783 41 742 552 454 383 109 274 252 190 111 42 2145 2108 98 1423 220 68 152
is_linear=0
shrinkage=0.05


Tree=88
num_leaves=31
num_cat=0
split_feature=1 12 9 9 1 3 11 9 4 1 1 13 12 10 9 2 10 10 11 3 4 14 1 9 12 12 1 13 9 3
split_gain=84.0927 78.5757 96.6159 214.331 117.571 106.217 80.2544 67.6323 69.8061 62.6994 65.8594 85.038 62.2311 123.737 147.668 86.1801 80.0816 82.8378 71.3318 107.031 96.0307 160.759 108.479 90.1128 89.9405 126.094 118.336 146.855 264.122 192.863
threshold=10.541666666666664 -255997.18499999991 17.639511000000002 13.908447500000003 5.2449999999999983 51.245000000000012 -1.8862920000000003 -2.3690185499999994 -1.1999999999999973 1.0000000180025095e-35 5.9849999999999994 14.515000000000002 -105958.95499999999 393501.42500000005 6.4281005000000011 17.625000000000004 984324.38000000012 556982.22500000009 0.34861775000000078 7.8850000000000007 2.600000000000001 17.920000000000005 17.254999999999999 14.045532000000001 137154.75500000015 72720.123999999923 25.521666666666668 20.125000000000004 5.6036225000000011 17.415000000000003
decision_type=2 2 2 2 2 2 2 2 2 2 2 2 2 2 2 2 2 2 2 2 2 2 2 2 2 2 2 2 2 2
left_child=1 2 3 5 -4 -1 -6 8 -2 -3 -11 -12 13 14 -9 -15 17 -17 19 -14 22 23 -21 -22 25 26 27 -24 -29 -30
right_child=7 9 4 -5 6 -7 -8 12 -10 10 11 -13 18 15 -16 16 -18 -19 -20 20 21 -23 24 -25 -26 -27 -28 28 29 -31
leaf_value=-0.0052388838716799363 0.086946804710525155 0.054622687585651877 -0.088358753198838763 0.062757561597060987 0.073529372003770646 0.071892437133557946 -0.010935379911625985 0.14487760660841184 0.012947701150316258 -0.021184785923331347 -0.0061908116321777208 0.067118644379079342 -0.087213560414590663 0.018312538551872527 0.03056006010114299 0.0025924989155360631 0.023902680072933436 -0.081685186477584978 -0.0037197099431132302 0.0062812940359463559 -0.016955991619634441 -0.14636755991261452 0.022938708317330261 0.0098086713117925828 -0.034488953657448293 0.12738614417080368 -0.05328021073713899 -0.065174656026065356 0.1958816027423988 0.011076670810580254
leaf_weight=501 47 40 46 194 31 49 303 34 99 806 3579 40 31 347 167 49 58 72 3900 2878 625 20 384 633 50 35 40 20 48 20
leaf_count=501 47 40 46 194 31 49 303 34 99 806 3579 40 31 347 167 49 58 72 3900 2878 625 20 384 633 50 35 40 20 48 20
internal_value=0.000150488 -0.00472136 0.00709475 0.0175713 -0.0134171 0.00163282 -0.00309584 0.00299958 0.0367693 -0.0076959 -0.00825923 -0.00538054 0.00247569 0.016528 0.0498974 0.00377663 -0.0244019 -0.0475562 0.00129926 0.00539082 0.0059948 -0.00572454 0.0103048 -0.00348856 0.0297013 0.0355688 0.0292922 0.0362899 0.0945495 0.141527
internal_weight=15146 5589 1124 744 380 550 334 9557 146 4465 4425 3619 9411 727 201 526 179 121 8684 4784 4753 1278 3475 1258 597 547 512 472 88 68
internal_count=15146 5589 1124 744 380 550 334 9557 146 4465 4425 3619 9411 727 201 526 179 121 8684 4784 4753 1278 3475 1258 597 547 512 472 88 68
is_linear=0
shrinkage=0.05


Tree=89
num_leaves=31
num_cat=0
split_feature=1 4 12 4 9 9 10 3 11 9 0 12 9 13 5 10 11 11 9 0 3 9 1 0 12 12 0 11 3 1
split_gain=75.8937 75.798 67.6777 62.0856 106.413 72.8745 117.214 144.168 100.579 130.771 79.7409 68.098 121.975 91.5961 64.5904 74.4418 61.5699 107.224 67.3691 58.785 73.0906 61.0591 59.2263 61.2953 58.6838 58.4749 57.2565 56.8708 60.3401 77.7005
threshold=10.541666666666664 -4.1199999999999992 826876.05000000016 -0.94999999999999829 -2.3690185499999994 18.366958500000003 790451.65500000014 19.075000000000003 -0.042190500000000235 16.490845000000004 31.500000000000004 -56547.199999999946 6.4281005000000011 12.005000000000001 0.041972717820357039 1986831.0000000002 -2.8978727999999996 -1.5402221499999997 18.183716000000004 21.500000000000004 10.515000000000002 22.734055000000001 1.6716666666666644 27.500000000000004 8453.1617499999938 -496746.14999999997 27.500000000000004 0.64544688500000025 9.2900000000000009 27.374999999999996
decision_type=2 2 2 2 2 2 2 2 2 2 2 2 2 2 2 2 2 2 2 2 2 2 2 2 2 2 2 2 2 2
left_child=1 2 16 4 -2 6 -5 8 10 -10 -8 12 13 -6 15 -9 -1 18 -18 21 -21 24 23 -22 -3 -20 -14 28 -7 -30
right_child=3 19 -4 5 11 27 7 14 9 -11 -12 -13 26 -15 -16 -17 17 -19 25 20 22 -23 -24 -25 -26 -27 -28 -29 29 -31
leaf_value=-0.023003757665702687 0.076767026659633433 -0.01304258246959125 -0.079183060489594947 -0.00040752475694788955 0.043472428036232795 0.083925238546604913 -0.04771683100373187 0.097036976790563625 -0.00097228439960958838 -0.10088641553332932 -0.13309916546568276 0.0047025085256468448 -0.012196663763184529 0.17962421842274212 -0.0370112887867119 -0.019302482716739178 0.053885025391099295 0.0030178787619808607 -0.078062684535980226 0.084534404085328196 -0.013121211940062142 0.0057418002522563955 -0.00018653877547911705 -0.076787511929869656 -0.035204527856927452 0.034736737112204236 0.032928847616553424 -0.004940249918753253 0.014018467909527094 -0.070188785450799138
leaf_weight=172 56 1235 24 3797 30 30 188 44 237 38 32 2866 113 21 23 20 182 1309 20 24 155 312 1685 50 394 27 186 581 1267 28
leaf_count=172 56 1235 24 3797 30 30 188 44 237 38 32 2866 113 21 23 20 182 1309 20 24 155 312 1685 50 394 27 186 581 1267 28
internal_value=0.000142964 -0.00448529 0.0041967 0.0028496 0.00843495 -5.81578e-05 -0.00361021 -0.0245047 -0.0349375 -0.0147786 -0.0601361 0.00724509 0.0280652 0.0995349 0.0348542 0.0606809 0.00536694 0.00853974 0.0401035 -0.0083905 -0.00217276 -0.0145218 -0.0032738 -0.0286496 -0.0184028 -0.013263 0.0158747 0.00810262 0.0138218 0.0121978
internal_weight=15146 5589 1734 9557 3272 6285 4379 582 495 275 220 3216 350 51 87 64 1710 1538 229 3855 1914 1941 1890 205 1629 47 299 1906 1325 1295
internal_count=15146 5589 1734 9557 3272 6285 4379 582 495 275 220 3216 350 51 87 64 1710 1538 229 3855 1914 1941 1890 205 1629 47 299 1906 1325 1295
is_linear=0
shrinkage=0.05


Tree=90
num_leaves=31
num_cat=0
split_feature=7 10 10 12 9 0 1 9 3 9 0 0 11 11 7 11 13 11 9 13 2 13 4 9 2 10 9 13 13 9
split_gain=79.3561 99.8888 81.9378 188.253 110.433 87.6231 88.3675 86.9286 87.3464 81.2883 77.1463 128.401 125.427 172.049 172.55 242.553 217.774 287.515 164.029 134.154 123.304 111.134 102.795 94.2784 86.1077 84.9623 122.811 78.6299 88.7116 95.9266
threshold=2.5000000000000004 2933454.2500000005 590806.25000000012 -565088.95999999985 18.792847000000005 34.500000000000007 12.876666666666665 26.932846000000001 13.215000000000002 0.52299499500000013 23.500000000000004 41.500000000000007 -1.0869747499999993 -1.0135950000000002 1.0000000180025095e-35 0.3044892000000004 10.625000000000002 2.0275575000000012 9.9395600000000019 18.405000000000005 10.755000000000001 21.820000000000004 8.9150000000000009 -2.0280456499999997 12.905000000000003 1760994.3500000003 11.114486500000002 5.0050000000000008 15.505000000000001 11.991699000000002
decision_type=2 2 2 2 2 2 2 2 2 2 2 2 2 2 2 2 2 2 2 2 2 2 2 2 2 2 2 2 2 2
left_child=1 10 3 4 -2 6 9 8 -8 -4 23 12 19 -14 16 27 -15 -18 -19 25 -21 -13 -17 24 -1 26 -12 -16 29 -29
right_child=2 -3 5 -5 -6 -7 7 -9 -10 -11 11 21 13 14 15 22 17 18 -20 20 -22 -23 -24 -25 -26 -27 -28 28 -30 -31
leaf_value=0.14866968402639033 0.094236285737630487 -0.052049501081398108 0.03170988731309772 -0.0011892071306423937 -0.019284504703406632 0.040887238889387473 -0.0035982742975641012 0.029459242605500754 -0.051808680885005745 -0.0096860905800433897 -0.003187995338366625 -0.0040414362849330674 0.15856609266737234 0.0088239869958488277 0.10833338583643373 -0.012119259926146883 0.05086665474387643 0.25923063153850623 0.075742879580883757 -0.15090876559692401 -0.018767299731353337 -0.11554012531819552 0.072348191851357879 -0.0018827227060724168 0.0037063353162791047 -0.053675967068834742 0.051672003340874129 -0.018478021375850084 0.058691730592450454 0.043717305074259638
leaf_weight=20 82 79 125 5514 29 82 133 54 320 2313 376 789 23 240 37 691 251 29 21 27 51 23 38 3209 21 55 140 123 184 125
leaf_count=20 82 79 125 5514 29 82 133 54 320 2313 376 789 23 240 37 691 251 29 21 27 51 23 38 3209 21 55 140 123 184 125
internal_value=-0.000317361 0.00383364 -0.00346084 0.000108593 0.0645777 -0.0100938 -0.0115133 -0.030506 -0.0376542 -0.00756366 0.00451567 0.009997 0.0157887 0.0227099 0.0209131 0.0103291 0.0443504 0.0726771 0.182166 -0.00300224 -0.0645086 -0.00719965 -0.00771629 -0.000920132 0.0744202 0.00539968 0.0116965 0.0383784 0.0323869 0.0128704
internal_weight=15204 6552 8652 5625 111 3027 2945 507 453 2438 6473 3223 2411 1762 1739 1198 541 301 50 649 78 812 729 3250 41 571 516 469 432 248
internal_count=15204 6552 8652 5625 111 3027 2945 507 453 2438 6473 3223 2411 1762 1739 1198 541 301 50 649 78 812 729 3250 41 571 516 469 432 248
is_linear=0
shrinkage=0.05


Tree=91
num_leaves=31
num_cat=0
split_feature=14 14 0 10 3 12 7 10 10 3 2 11 3 7 10 12 13 11 9 1 12 1 9 9 13 12 9 13 13 11
split_gain=73.5582 172.384 98.6534 91.9385 88.4215 78.352 82.0597 128.636 83.8559 80.6663 74.6443 64.4013 68.1526 64.0085 117.546 106.422 193.051 107.921 91.7882 87.6322 113.327 76.2406 72.5286 103.15 72.0525 113.94 68.3115 67.3636 62.7831 61.8835
threshold=1.0000000180025095e-35 5.8600000000000012 19.500000000000004 1172707.5000000002 20.975000000000005 -386221.64999999991 1.0000000180025095e-35 1163302.8500000003 250172.85500000001 37.775000000000013 28.175000000000004 4.1701657500000007 13.215000000000002 1.5000000000000002 2897912.0000000005 65798.830000000002 18.555000000000003 0.26426699999999853 15.436188000000003 2.8333333333333299 517813.42499999999 12.876666666666665 13.420639000000003 12.757736000000001 21.820000000000004 1.0000000180025095e-35 12.647522 2.9700000000000006 5.0050000000000008 3.3781432750000007
decision_type=2 2 2 2 2 2 2 2 2 2 2 2 2 2 2 2 2 2 2 2 2 2 2 2 2 2 2 2 2 2
left_child=5 2 -2 4 -4 6 7 9 -8 -1 -5 -3 -13 14 15 24 18 -18 22 20 27 -20 23 28 29 26 -26 -15 -17 -7
right_child=1 11 3 10 -6 13 8 -9 -10 -11 -12 12 -14 19 -16 16 17 -19 21 -21 -22 -23 -24 -25 25 -27 -28 -29 -30 -31
leaf_value=-0.09234443553895863 -0.068435322217147015 -0.00097167334698060228 -0.041029087456298019 -0.063564676741791323 0.088748346960970337 0.0061484231096068931 0.11962329644871794 0.043528281897306446 0.022207732543462561 0.02314447168083418 -0.013881715747068066 0.04635985841508955 -0.054665010037951836 -0.04344941629489002 -0.063887347572806716 -0.055282686036080123 0.1930270994156599 0.047531186903898535 0.032153223896398235 -0.0013110643492993722 0.043634978840418628 0.12047034382287945 -0.060788517328910531 0.11772151220412481 -0.034143560584229619 0.047439516282507352 -0.13433201485485943 -0.13720318592774372 0.011567415400632955 -0.032102514447813688
leaf_weight=54 137 4234 21 108 35 2729 23 50 559 21 252 20 101 95 59 40 25 26 192 5779 32 28 40 21 46 28 27 24 288 110
leaf_count=54 137 4234 21 108 35 2729 23 50 559 21 252 20 101 95 59 40 25 26 192 5779 32 28 40 21 46 28 27 24 288 110
internal_value=-0.000301493 -0.00533869 -0.0316351 -0.0195159 0.0400818 0.00209969 0.0181631 -0.0185932 0.0260575 -0.0600075 -0.0287866 -0.00199955 -0.0379667 0.000915326 0.00611587 0.00726314 0.0254073 0.118853 0.0175818 -0.00229357 -0.0398957 0.0433936 0.00298385 0.010293 0.00318997 -0.0383095 -0.0711996 -0.0623577 0.00341496 0.00466635
internal_weight=15204 4908 553 416 56 10296 707 125 582 75 360 4355 121 9589 3659 3600 660 51 609 5930 151 220 389 349 2940 101 73 119 328 2839
internal_count=15204 4908 553 416 56 10296 707 125 582 75 360 4355 121 9589 3659 3600 660 51 609 5930 151 220 389 349 2940 101 73 119 328 2839
is_linear=0
shrinkage=0.05


Tree=92
num_leaves=31
num_cat=0
split_feature=7 10 11 1 9 2 1 0 0 13 11 11 7 11 13 11 9 4 12 13 13 9 9 12 12 4 10 10 12 9
split_gain=66.3985 82.8846 73.0904 122.825 96.4753 88.3323 87.5564 71.7157 92.0398 91.2737 86.5023 153.386 161.453 204.821 194.113 259.23 150.963 92.0291 75.4072 73.4402 75.5319 89.0293 103.616 88.5796 80.4335 75.5483 71.5901 71.3068 162.387 97.6906
threshold=2.5000000000000004 2933454.2500000005 -2.3752896499999996 19.106666666666666 -1.5021973 11.705000000000002 10.04166666666667 23.500000000000004 41.500000000000007 21.820000000000004 -1.0869747499999993 -1.0135950000000002 1.0000000180025095e-35 0.3044892000000004 10.625000000000002 2.0275575000000012 10.655426 8.9150000000000009 -642833.32999999984 5.0050000000000008 15.505000000000001 11.991699000000002 10.876602500000002 -22333.075000000008 -138397.22799999997 0.17000000000000084 1802304.1000000003 590806.25000000012 -565088.95999999985 18.792847000000005
decision_type=2 2 2 2 2 2 2 2 2 2 2 2 2 2 2 2 2 2 2 2 2 2 2 2 2 2 2 2 2 2
left_child=1 2 3 6 5 -4 -1 -6 10 -10 26 -12 14 19 -13 -16 -17 18 -15 -14 21 22 -21 24 -22 -25 -9 28 29 -2
right_child=27 -3 4 -5 7 -7 -8 8 9 -11 11 12 13 17 15 16 -18 -19 -20 20 23 -23 -24 25 -26 -27 -28 -29 -30 -31
leaf_value=-0.024842219482785258 0.087939489260315903 -0.047394261733169046 0.15570311270654202 -0.10914299129818877 -0.00022105751066553341 0.024646903235568771 0.008747809307321653 0.00039669575770318082 -0.0013859719816261343 -0.10720915594803436 0.14921544738437817 0.0083381868128587187 0.10263507450754579 0.079370725019411614 0.04791306212462812 0.2435237272580465 0.066180693805217738 0.068209202700343571 -0.014707920943470032 0.0013826572332261862 0.058045887690968814 0.041019814491271976 -0.12308264486491681 0.047545630280190793 -0.059135200138445254 0.13035431080394322 -0.085640687137269064 -0.0093495659113661724 -0.0010373404689001818 -0.018831199548881631
leaf_weight=347 82 79 20 30 2770 36 440 345 686 21 23 240 37 22 251 30 20 38 669 102 32 125 20 71 27 45 26 3027 5514 29
leaf_count=347 82 79 20 30 2770 36 440 345 686 21 23 240 37 22 251 30 20 38 669 102 32 125 20 71 27 45 26 3027 5514 29
internal_value=-0.000286419 0.00351059 0.00413186 -0.00984762 0.00615117 0.0714527 -0.00606253 0.00549816 0.0110961 -0.00452923 0.0162997 0.0209441 0.0192377 0.00892707 0.0418792 0.0686229 0.172587 -0.00754663 -0.0117127 0.0350912 0.0291691 0.0113638 -0.0190215 0.0543 0.00442064 0.0796697 -0.00563288 -0.00316182 0.000168007 0.0600444
internal_weight=15204 6552 6473 817 5656 56 787 5600 2830 707 2123 1752 1729 1188 541 301 50 729 691 459 422 247 122 175 59 116 371 8652 5625 111
internal_count=15204 6552 6473 817 5656 56 787 5600 2830 707 2123 1752 1729 1188 541 301 50 729 691 459 422 247 122 175 59 116 371 8652 5625 111
is_linear=0
shrinkage=0.05


Tree=93
num_leaves=31
num_cat=0
split_feature=1 4 9 9 11 5 13 7 12 12 12 7 12 14 5 12 12 11 9 13 9 4 0 0 12 7 0 13 13 1
split_gain=62.9019 82.7198 78.3286 71.2677 86.2675 76.2056 106.036 110.912 107.883 73.3448 112.265 83.3268 72.1271 68.7296 73.9088 73.7417 78.6553 63.2922 57.0825 139.105 108.151 75.8054 66.1362 57.4242 87.2197 69.4421 66.3522 102.28 55.5477 52.6096
threshold=5.9849999999999994 -1.53 -2.6437225499999997 18.366958500000003 -2.9563751999999988 0.078833273672355417 20.005000000000006 2.5000000000000004 2283.1159000000011 -346221.37999999989 -4610.4712499999996 1.5000000000000002 1349757.6000000003 0.18000000000000002 0.051400668961708869 -1394589.3749999998 -1203413.7699999998 -5.0158692999999994 6.3691711500000006 14.995000000000003 6.0235747000000002 -3.0150000000000001 26.500000000000004 26.500000000000004 -36312.900000000001 5.5000000000000009 18.500000000000004 8.1250000000000018 16.705000000000002 19.908333333333335
decision_type=2 2 2 2 2 2 2 2 2 2 2 2 2 2 2 2 2 2 2 2 2 2 2 2 2 2 2 2 2 2
left_child=13 2 -2 12 -5 6 -6 8 -8 -7 29 -12 -3 15 -15 -1 -17 -4 19 23 21 22 -21 24 26 -26 -19 -28 -24 -11
right_child=1 3 17 4 5 9 7 -9 -10 10 11 -13 -14 14 -16 16 -18 18 -20 20 -22 -23 28 -25 25 -27 27 -29 -30 -31
leaf_value=0.039856074814025949 0.074233849616194642 -0.0042308214233188228 -0.024290546354330967 0.082801120224674896 0.0037335975344556342 0.055551274763420228 0.034077531214931921 -0.0086103898350541521 0.17167364308344468 -0.057501007647564023 0.07814949497929774 -0.042958821536383918 -0.055990341861787085 -0.051702131407390189 0.021004525826058607 -0.089216249088446303 -0.0069846509245619351 0.1275882567037587 0.0034406304819047297 0.020294460223522038 0.15038611393135329 0.0075101857572527873 0.064635212103334769 -0.0081459899466926385 0.0043774198282803276 0.084197988155586975 0.11038175474220356 -0.011861839399419049 0.17396927894580932 -0.16454553472047503
leaf_weight=82 42 6601 170 35 2488 20 29 38 28 24 20 49 68 170 44 30 948 27 3199 32 26 84 26 329 451 29 28 44 21 22
leaf_count=82 42 6601 170 35 2488 20 29 38 28 24 20 49 68 170 44 30 948 27 3199 32 26 84 26 329 451 29 28 44 21 22
internal_value=-0.000272098 0.000700497 0.0062708 -0.00196464 0.00480354 0.00379916 0.00571317 0.057557 0.101669 -0.0328222 -0.0481915 -0.00785496 -0.00475858 -0.0109065 -0.0367531 -0.00568843 -0.00950709 0.00563165 0.00681572 0.0166579 0.0556835 0.0405776 0.0757379 0.00853478 0.0180131 0.00919991 0.060744 0.0356773 0.113487 -0.108696
internal_weight=15204 13930 4508 9422 2753 2718 2583 95 57 135 115 69 6669 1274 214 1060 978 4466 4296 1097 189 163 79 908 579 480 99 72 47 46
internal_count=15204 13930 4508 9422 2753 2718 2583 95 57 135 115 69 6669 1274 214 1060 978 4466 4296 1097 189 163 79 908 579 480 99 72 47 46
is_linear=0
shrinkage=0.05


Tree=94
num_leaves=31
num_cat=0
split_feature=14 14 0 10 12 10 9 3 2 5 2 3 11 9 2 9 11 7 4 1 1 0 14 1 0 1 10 2 11 1
split_gain=61.1522 145.082 90.5201 82.1832 67.2489 99.8939 141.43 146.66 72.0514 68.8028 68.5496 61.6305 71.4797 60.7313 74.3475 73.0998 65.5751 55.6893 107.987 118.646 93.9464 89.1669 84.5196 58.6479 66.1286 54.8493 80.3157 67.5995 54.6241 53.6194
threshold=1.0000000180025095e-35 5.8600000000000012 19.500000000000004 953275.50000000012 -56547.199999999946 351522.68500000006 6.4281005000000011 15.085000000000003 23.665000000000003 0.10893257926979254 10.135000000000003 8.5650000000000031 4.1701657500000007 9.5532225000000022 38.855000000000011 15.751068000000002 -2.5036160000000005 5.5000000000000009 6.7200000000000024 16.888333333333339 10.204999999999997 32.500000000000007 16.505000000000006 19.235000000000003 38.500000000000007 13.406666666666665 4032.4491000000003 16.915000000000003 -2.8978727999999996 24.066666666666663
decision_type=2 2 2 2 2 2 2 2 2 2 2 2 2 2 2 2 2 2 2 2 2 2 2 2 2 2 2 2 2 2
left_child=4 2 -2 -4 5 6 7 -1 9 10 -7 -3 17 -10 15 16 -15 18 23 20 -20 25 -23 -13 -25 -19 27 -27 -5 -6
right_child=1 11 3 28 29 8 -8 -9 13 -11 -12 12 -14 14 -16 -17 -18 21 19 -21 -22 22 -24 24 -26 26 -28 -29 -30 -31
leaf_value=0.034783396137685614 -0.064226300900557295 0.068460285531417017 0.081522102542221545 -0.08608174677938224 -0.00051083316703588722 -0.089801213429087701 0.020290919973551497 0.2000382868051529 -0.012420516519341618 0.091034140473320369 0.0012434826450138962 -0.0045985025296910722 -0.040506091753036537 0.0068807985456216907 -0.034709647518617139 0.020953370474257271 0.10714190509042716 0.00068768255729841055 -0.060675596846160529 -0.11999545214991821 0.01088494315657035 0.013288355575217143 0.067110933971014766 0.071110123987482107 -0.021476202070868266 -0.042113511128859089 -0.079866606442050805 0.066887051880359649 -0.016949245332523365 0.031028028199598739
leaf_weight=29 137 31 20 31 8252 21 204 25 66 21 1334 2012 119 21 27 86 73 1137 87 38 97 554 84 54 30 33 54 25 365 137
leaf_count=29 137 31 20 31 8252 21 204 25 66 21 1334 2012 119 21 27 86 73 1137 87 38 97 554 84 54 30 33 54 25 365 137
internal_value=-0.000258493 -0.00485131 -0.0289757 -0.0173667 0.00193086 0.0104062 0.0393373 0.11129 0.0058797 0.00122434 -0.000167542 -0.00178798 -0.00229161 0.0293441 0.0426603 0.0542658 0.0847431 -0.00121015 -0.00640176 -0.039562 -0.0229507 0.00516725 0.0203747 -0.00288956 0.0380436 -0.00260086 -0.0359854 0.00486949 -0.0223611 4.22512e-06
internal_weight=15204 4908 553 416 10296 1907 258 54 1649 1376 1355 4355 4324 273 207 180 94 4205 2318 222 184 1887 638 2096 84 1249 112 58 396 8389
internal_count=15204 4908 553 416 10296 1907 258 54 1649 1376 1355 4355 4324 273 207 180 94 4205 2318 222 184 1887 638 2096 84 1249 112 58 396 8389
is_linear=0
shrinkage=0.05


Tree=95
num_leaves=31
num_cat=0
split_feature=0 7 11 5 2 11 7 4 9 3 5 11 9 7 14 9 3 9 11 4 4 1 7 9 3 2 9 12 1 12
split_gain=75.7946 80.4349 138.629 188.343 127.37 118.696 213.3 140.826 128.269 179.604 115.219 146.455 107.254 106.672 137.795 97.6988 157.043 225.905 109.805 87.9169 83.0828 82.1172 80.0785 79.84 79.6001 331.487 223.143 77.6836 74.4001 72.9624
threshold=24.500000000000004 2.5000000000000004 -1.0869747499999993 0.090375066770556622 12.185 0.3044892000000004 1.0000000180025095e-35 8.9150000000000009 10.876602500000002 21.155000000000005 0.051773234027359859 2.1490940000000003 9.8604585000000018 5.5000000000000009 16.595000000000002 8.7648620000000026 14.395000000000001 24.339340500000002 0.24812349999999841 1.1100000000000005 0.29999999999999988 0.011666666666662525 1.5000000000000002 8.8439025000000004 13.625000000000002 12.675000000000002 24.110565500000003 -707297.79999999993 5.9849999999999994 -386221.64999999991
decision_type=2 2 2 2 2 2 2 2 2 2 2 2 2 2 2 2 2 2 2 2 2 2 2 2 2 2 2 2 2 2
left_child=28 2 4 5 20 24 8 -8 9 10 -7 -12 -6 29 21 -5 18 -18 -17 -10 23 -15 -20 -2 25 -4 -27 -26 -1 -3
right_child=1 13 3 15 12 6 7 -9 19 -11 11 -13 -14 14 -16 16 17 -19 22 -21 -22 -23 -24 -25 27 26 -28 -29 -30 -31
leaf_value=-0.018465100945146896 -0.03457493769404079 0.019683352986256758 -0.047402914741209577 0.17111805711118949 -0.01510827700827683 0.22261736165732146 -0.015021715051428811 0.091857337998226291 0.025829487164540074 0.0089939918313377901 0.14974084082185418 -0.0034136284418680054 0.024301712438877524 -0.064746711589396003 0.0762216658986829 0.071600528315799994 0.027411525696516038 0.25494171440601349 -0.11231147817202979 -0.044912621473724192 0.0028028294240357355 0.011245406332223042 0.027484647743403912 -0.1493663074053598 0.11456771104765887 0.067763244034722447 0.27751928865909575 0.019292831781699896 -0.0013313902366768359 -0.0073332601326535603
leaf_weight=695 28 274 35 21 461 20 836 32 218 69 37 27 276 37 81 41 24 20 21 55 32 907 20 33 22 32 21 778 7171 2842
leaf_count=695 28 274 35 21 461 20 836 32 218 69 37 27 276 37 81 41 24 20 21 55 32 907 20 33 22 32 21 778 7171 2842
internal_value=0.000559926 0.00422911 0.0102382 0.016491 -0.0073074 0.0128005 0.00313995 -0.0110815 0.0321169 0.0687659 0.117864 0.0851288 -0.000349584 -0.000354981 0.013637 0.0712719 0.0546308 0.130834 0.0137411 0.0115774 -0.0624462 0.0082669 -0.0441182 -0.0966752 0.0268779 0.0720139 0.150874 0.0219129 -0.00284524 -0.0049576
internal_weight=15166 7300 3159 2329 830 2182 1294 868 426 153 84 64 737 4141 1025 147 126 44 82 273 93 944 41 61 888 88 53 800 7866 3116
internal_count=15166 7300 3159 2329 830 2182 1294 868 426 153 84 64 737 4141 1025 147 126 44 82 273 93 944 41 61 888 88 53 800 7866 3116
is_linear=0
shrinkage=0.05


Tree=96
num_leaves=31
num_cat=0
split_feature=0 10 1 13 5 0 7 11 5 2 3 13 9 7 1 9 11 7 4 9 13 11 14 11 9 10 7 13 11 9
split_gain=69.0498 78.6579 106.063 91.1451 90.5929 76.3522 80.8947 118.169 155.283 114.547 108.094 266.479 206.599 96.4611 122.427 100.795 87.5626 198.637 125.611 123.702 359.94 94.7558 86.2729 83.4638 79.9723 78.6466 73.5547 75.03 104.368 70.5232
threshold=23.500000000000004 217245.64000000004 15.091666666666663 14.225000000000003 0.081135909406893192 44.500000000000007 2.5000000000000004 -1.0869747499999993 0.090375066770556622 12.605000000000002 13.695000000000002 17.425000000000004 11.028564500000002 5.5000000000000009 3.3449999999999993 12.180435250000002 0.3044892000000004 1.0000000180025095e-35 8.9150000000000009 10.876602500000002 11.725000000000003 2.4214170999999998 16.595000000000002 0.24812349999999841 9.8604585000000018 1699931.6000000003 1.0000000180025095e-35 9.9850000000000012 -1.9390868499999998 11.461166500000003
decision_type=2 2 2 2 2 2 2 2 2 2 2 2 2 2 2 2 2 2 2 2 2 2 2 2 2 2 2 2 2 2
left_child=1 -1 4 -4 29 6 7 9 16 -2 12 -12 -10 -8 15 -15 -9 19 -19 20 21 -18 -16 -14 26 -26 -11 -28 -29 -3
right_child=5 2 3 -5 -6 -7 13 8 10 24 11 -13 23 14 22 -17 17 18 -20 -21 -22 -23 -24 -25 25 -27 27 28 -30 -31
leaf_value=0.001234078882235388 -0.057327406264964367 -0.018936247889267423 -0.10476980117407252 -0.025791621913710362 0.029913458944065496 -0.0092838824666798131 -0.0035877615083525862 0.027788599445702479 0.16006913104405007 -0.036358747037864007 -0.014907328970730306 0.21918688579913109 0.045306629321027192 0.0077413050594794409 0.016020294222952852 -0.096856036037206661 0.047911338439292239 -0.012472891628463247 0.078412262294441468 0.015117547182489944 0.16821749166601563 -0.066308120607088003 0.072903974231791832 -0.070718782166800193 0.036268965517890384 -0.034984383608234373 -0.031967967799135362 0.06244244272872973 -0.019829790344845288 -0.0020826812989886436
leaf_weight=4596 91 1038 47 164 160 961 2847 772 24 172 20 31 31 51 767 42 46 767 40 256 58 30 73 31 220 47 83 89 68 1544
leaf_count=4596 91 1038 47 164 160 961 2847 772 24 172 20 31 31 51 767 42 46 767 40 256 58 30 73 31 220 47 83 89 68 1544
internal_value=0.000531929 -0.002857 -0.00922429 -0.0433839 -0.00659567 0.00389061 0.00579275 0.0121121 0.0182405 -0.00464933 0.0697119 0.127385 0.0355103 0.00098467 0.0149372 -0.0394962 0.0146592 0.00619145 -0.00796805 0.0354907 0.0744126 0.00282471 0.0209638 -0.0127061 0.00241062 0.0237262 -0.0114031 0.00648171 0.0268086 -0.00885805
internal_weight=15166 7549 2953 211 2742 7617 6656 2876 2106 770 137 51 86 3780 933 93 1969 1197 807 390 134 76 840 62 679 267 412 240 157 2582
internal_count=15166 7549 2953 211 2742 7617 6656 2876 2106 770 137 51 86 3780 933 93 1969 1197 807 390 134 76 840 62 679 267 412 240 157 2582
is_linear=0
shrinkage=0.05


Tree=97
num_leaves=31
num_cat=0
split_feature=0 10 1 5 0 7 11 5 2 3 9 9 7 1 9 11 12 7 9 4 3 2 11 9 2 9 2 3 1 14
split_gain=62.3174 70.9887 95.722 81.7601 68.9079 73.0075 106.648 140.143 103.378 97.555 186.455 152.651 87.0561 110.49 90.9672 80.0608 125.302 112.327 159.11 144.712 111.584 103.12 142.091 86.419 93.9472 158.502 163.612 231.393 159.492 77.8613
threshold=23.500000000000004 217245.64000000004 15.091666666666663 0.081135909406893192 44.500000000000007 2.5000000000000004 -1.0869747499999993 0.090375066770556622 12.605000000000002 13.695000000000002 11.028564500000002 24.493530500000002 5.5000000000000009 3.3449999999999993 12.180435250000002 0.65925600000000106 -774468.09999999998 1.0000000180025095e-35 11.991699000000002 8.9150000000000009 22.495000000000001 19.675000000000004 2.1490940000000003 10.574737500000001 16.455000000000002 12.365509000000001 12.675000000000002 13.215000000000002 19.405000000000005 16.595000000000002
decision_type=2 2 2 2 2 2 2 2 2 2 2 2 2 2 2 2 2 2 2 2 2 2 2 2 2 2 2 2 2 2
left_child=1 -1 3 -3 5 6 8 15 -2 10 -9 -11 -7 14 -14 16 -8 18 20 -19 21 22 -17 -18 25 -25 28 -28 -27 -15
right_child=4 2 -4 -5 -6 12 7 9 -10 11 -12 -13 13 29 -16 17 23 19 -20 -21 -22 -23 -24 24 -26 26 27 -29 -30 -31
leaf_value=0.0011723749802145268 -0.054461035850856987 -0.0084151474103647695 -0.041214721937006191 0.028417786021018399 -0.0088196886099369109 -0.0034083734024163144 0.12069854654255324 0.15206567676117022 0.0022900908308351258 0.048641728584965072 -0.012070773253517767 0.22440774937470756 0.0073542393930598766 0.015219279615611633 -0.092013234583040088 0.14296898703323677 0.00060811116650043772 -0.014542762671999608 -0.0028429096262525058 0.096297701424168006 0.0010832317271514944 0.19456044150435406 -0.0098385829799648005 0.1811407064614089 0.017138682859338047 0.041513697399855838 0.22154291292483155 0.045588883090644114 -0.11919924834599863 0.069258776207594838
leaf_weight=4596 91 2582 211 160 961 2847 32 24 679 30 62 21 51 767 42 32 363 588 168 31 38 23 29 23 432 38 22 124 26 73
leaf_count=4596 91 2582 211 160 961 2847 32 24 679 30 62 21 51 767 42 32 363 588 168 31 38 23 29 23 432 38 22 124 26 73
internal_value=0.000505333 -0.00271415 -0.00876308 -0.00626589 0.00369608 0.00550312 0.0115065 0.0173285 -0.00441686 0.0662263 0.0337347 0.121016 0.000935436 0.0141903 -0.0375214 0.0139262 0.0232628 0.00303874 0.0287177 -0.00899179 0.0721782 0.10434 0.0703228 0.0202298 0.0309405 0.0565302 0.0428824 0.0721025 -0.0237759 0.0199156
internal_weight=15166 7549 2953 2742 7617 6656 2876 2106 770 137 86 51 3780 933 93 1969 1060 909 290 619 122 84 61 1028 665 233 210 146 64 840
internal_count=15166 7549 2953 2742 7617 6656 2876 2106 770 137 86 51 3780 933 93 1969 1060 909 290 619 122 84 61 1028 665 233 210 146 64 840
is_linear=0
shrinkage=0.05


Tree=98
num_leaves=31
num_cat=0
split_feature=11 9 2 1 12 1 12 5 11 11 9 7 12 9 0 3 9 4 3 11 14 12 7 5 0 10 1 9 11 3
split_gain=57.409 112.536 110.924 126.664 74.8834 88.5297 74.3121 72.3784 101.019 100.198 112.106 109.146 109.113 97.0925 132.997 102.324 137.929 81.7002 74.6752 82.4521 64.7617 107.328 64.196 137.262 50.7685 52.9129 51.9409 50.27 144.968 71.5722
threshold=-2.8978727999999996 21.084045500000006 24.245000000000001 14.26333333333333 -863373.5399999998 7.1216666666666617 -3017.5499999999879 0.089565616747365503 -2.3752896499999996 -1.1652224999999994 8.4588930000000015 2.5000000000000004 147524.06000000008 10.825836250000002 13.500000000000002 14.495000000000003 24.843002000000002 -4.2249999999999996 8.5650000000000031 -0.23329134999999998 1.0000000180025095e-35 -1.0000000180025095e-35 3.5000000000000004 0.10045204940364068 24.500000000000004 2176481.2500000005 32.310000000000002 25.302490000000002 0.038298500000001574 13.275
decision_type=2 2 2 2 2 2 2 2 2 2 2 2 2 2 2 2 2 2 2 2 2 2 2 2 2 2 2 2 2 2
left_child=1 2 4 -4 -1 -6 -7 18 -9 10 -10 12 13 14 -11 -15 -17 -16 19 -2 21 -12 -13 -24 25 -20 27 -26 -29 -30
right_child=7 -3 3 -5 5 6 -8 8 9 11 20 22 -14 15 17 16 -18 -19 24 -21 -22 -23 23 -25 26 -27 -28 28 29 -31
leaf_value=0.091457586912438271 0.12975540973923425 0.10775629824725913 -0.031304946933365004 -0.16272908695042135 -0.071755104154652485 -0.039372382886552565 0.0028928416446246841 0.10070335420314223 0.031253817174225478 0.02186482835863943 0.0026347089953820354 -0.044707876731252386 0.15120600516952221 -0.030902010368096623 0.041600000342497459 -0.022083157707344404 0.15934156618081033 0.15387556802827951 -0.0014790283525449831 0.018972712590746111 0.011168279905210842 -0.13695417668670415 -0.0069804779873576641 0.10495710973486756 0.0021506125361780248 -0.017710914995244981 -0.073246670213781978 0.044843503975511449 0.048320258624541264 -0.010748008266651989
leaf_weight=20 22 20 220 20 49 120 780 34 52 103 21 67 21 86 26 22 20 43 6240 71 22 40 161 33 5600 546 22 272 60 353
leaf_count=20 22 20 220 20 49 120 780 34 52 103 21 67 21 86 26 22 20 43 6240 71 22 40 161 33 5600 546 22 272 60 353
internal_value=0.000480066 -0.0098793 -0.0118253 -0.042257 -0.00428805 -0.00630587 -0.00274252 0.00139358 0.0164918 0.0124985 -0.0263106 0.0215007 0.0410252 0.0333125 0.0578507 0.000339289 0.0643096 0.111569 0.000533671 0.0451794 -0.0623751 -0.088899 -0.00251226 0.0120605 0.000216551 -0.00278504 0.00344611 0.00371456 0.0165001 -0.00216666
internal_weight=15166 1229 1209 240 969 949 900 13937 751 717 135 582 321 300 172 128 42 69 13186 93 83 61 261 194 13093 6786 6307 6285 685 413
internal_count=15166 1229 1209 240 969 949 900 13937 751 717 135 582 321 300 172 128 42 69 13186 93 83 61 261 194 13093 6786 6307 6285 685 413
is_linear=0
shrinkage=0.05


Tree=99
num_leaves=31
num_cat=0
split_feature=13 5 12 1 7 9 9 9 9 9 13 4 5 3 0 11 2 4 9 13 14 1 9 9 9 12 12 11 9 11
split_gain=61.0379 103.102 80.9902 109.725 104.726 200.193 91.6363 91.0563 82.6271 109.921 97.1578 85.3475 87.7477 76.9103 68.2689 64.5292 59.6794 59.177 80.3966 56.75 56.5632 106.347 101.253 158.538 111.539 72.8644 72.6928 66.6042 64.4383 63.548
threshold=9.9450000000000021 0.10045204940364068 -16693.869999999977 6.913333333333326 1.0000000180025095e-35 4.8195495000000017 20.126632500000003 4.6943359000000013 13.174728000000002 10.229187000000001 15.225000000000003 -4.754999999999999 0.079649548303599396 8.5650000000000031 17.500000000000004 -2.0979005000000002 16.915000000000003 -0.90999999999999825 22.734055000000001 14.810000000000002 10.605000000000002 12.928333333333331 7.610977150000001 2.1488037500000003 8.4588930000000015 -707297.79999999993 292058.0500000001 2.2107999999999999 15.101318500000001 -0.12446550000000121
decision_type=2 2 2 2 2 2 2 2 2 2 2 2 2 2 2 2 2 2 2 2 2 2 2 2 2 2 2 2 2 2
left_child=1 13 3 -2 5 -5 19 -6 9 11 -10 -9 16 -1 -8 -12 -13 -15 20 -7 25 29 23 -23 -24 28 -26 -25 -19 -22
right_child=2 -3 -4 4 7 6 14 8 10 -11 15 12 -14 17 -16 -17 -18 18 -20 -21 21 22 24 27 26 -27 -28 -29 -30 -31
leaf_value=0.050911262999646933 -0.052792690501415308 0.07725636049173773 0.0013755391366415098 0.17063809387230625 -0.02417062529815224 -0.067457362853230979 -0.020300880272407087 0.11088305738839238 0.026752050748033732 0.089298436314944774 -0.10214365368708969 0.0500984047067492 -0.092056358233094215 0.0015641599161732448 0.073981542606391795 -0.0083383199872597204 -0.019232352854817659 -0.0041461909951811494 0.0075843909629299466 0.036201151946316595 0.025824004655633909 -0.05808640005998314 -0.11863686273443617 0.054240788490228037 -0.018260679780911879 -0.017590890259628882 -0.097563665849156683 -0.044619906693696976 0.09288314450532198 -0.0026988550977175675
leaf_weight=65 56 40 6588 30 148 31 24 22 293 83 20 73 20 3067 96 220 54 44 725 23 326 60 36 115 298 2042 32 20 28 487
leaf_count=65 56 40 6588 30 148 31 24 22 293 83 20 73 20 3067 96 220 54 44 725 23 326 60 36 115 298 2042 32 20 28 487
internal_value=0.000456063 -0.00279988 0.0035463 0.0155337 0.0188989 0.051351 0.0307842 0.0118033 0.0185857 0.0421774 0.00743161 0.0190351 0.00528918 -0.00323586 0.0551251 -0.0161554 0.0206192 -0.00371931 -0.0075656 -0.0233065 -0.0107146 -0.00281678 -0.0195625 0.00953902 -0.0350673 -0.0158478 -0.0259507 0.0395948 0.0335874 0.00873836
internal_weight=15166 7385 7781 1193 1137 204 174 933 785 252 533 169 147 7345 120 240 127 7280 4213 54 3488 1374 561 195 366 2114 330 135 72 813
internal_count=15166 7385 7781 1193 1137 204 174 933 785 252 533 169 147 7345 120 240 127 7280 4213 54 3488 1374 561 195 366 2114 330 135 72 813
is_linear=0
shrinkage=0.05


Tree=100
num_leaves=31
num_cat=0
split_feature=9 14 14 14 1 2 13 12 10 2 7 1 10 4 0 7 2 2 9 12 12 1 9 14 14 9 9 4 10 4
split_gain=47.5586 47.8016 58.3488 89.4122 87.5019 109.962 58.9806 56.9953 101.926 98.0144 87.8231 76.4795 69.5217 98.6295 208.281 82.6032 68.8726 65.0868 65.0695 58.9217 124.23 172.619 55.2126 87.7907 131.788 129.583 77.4637 99.4742 56.1863 53.434
threshold=-3.0149993499999996 19.615000000000006 1.0000000180025095e-35 11.145000000000001 12.386666666666668 11.345000000000001 1.0000000180025095e-35 -79717.400000000038 512498.86000000004 24.625000000000004 2.5000000000000004 1.6716666666666644 1408010.7000000002 -6.835 27.500000000000004 1.0000000180025095e-35 38.855000000000011 18.295000000000005 9.4722440000000017 -213028.61999999991 -126548.76500000004 11.90833333333333 3.2313080000000007 10.335000000000003 10.765000000000002 2.4024048000000007 11.461166500000003 -2.069999999999999 1038625.3300000002 -2.3849999999999993
decision_type=2 2 2 2 2 2 2 2 2 2 2 2 2 2 2 2 2 2 2 2 2 2 2 2 2 2 2 2 2 2
left_child=-1 2 6 4 22 -6 -2 8 10 11 19 -10 -13 14 -14 -15 18 29 -11 -8 21 -21 23 28 25 -25 27 -24 -4 -12
right_child=1 -3 3 -5 5 -7 7 -9 9 16 17 12 13 15 -16 -17 -18 -19 -20 20 -22 -23 26 24 -26 -27 -28 -29 -30 -31
leaf_value=0.044195770373522875 0.046093455545212096 0.036850594553384887 -0.017236285132852743 0.0040428609716993708 0.0660900856767382 -0.054921816395448346 -0.0098260646186111179 0.0001773559157899001 -0.03743447524292353 0.00063711741419795619 0.11208495686897227 -0.0063230389272871243 0.017301603677133993 0.076602744705536796 0.17569393837053715 -0.007163136333363242 -0.039775052007574307 0.0056017830866412861 0.067433338589607511 0.013718456664571055 -0.013049964329191283 0.2023955887014216 0.0074862842605023325 0.039548004315675872 -0.015161436980471333 0.18991522202673167 -0.0033894044955557383 -0.031923503102839881 0.029065542719275746 0.044705123527507697
leaf_weight=62 76 89 234 1864 21 177 126 8473 133 52 62 702 73 34 29 219 26 39 122 27 51 22 211 38 47 23 1375 664 91 56
leaf_count=62 76 89 234 1864 21 177 126 8473 133 52 62 702 73 34 29 219 26 39 122 27 51 22 211 38 47 23 1375 664 91 56
internal_value=0.0004937 0.000314924 9.91093e-05 -0.00449008 -0.0100109 -0.0420872 0.00220875 0.00188323 0.0100355 0.00374259 0.0328739 -0.00170055 0.00279578 0.0208279 0.0623347 0.00409394 0.0361292 0.0616002 0.0474712 0.012918 0.0415755 0.0984306 -0.00764371 0.00870661 0.0477619 0.0962438 -0.0107902 -0.0224201 -0.00427177 0.0801081
internal_weight=15218 15156 15067 4745 2881 198 10322 10246 1773 1390 383 1190 1057 355 102 253 200 157 174 226 100 49 2683 433 108 61 2250 875 325 118
internal_count=15218 15156 15067 4745 2881 198 10322 10246 1773 1390 383 1190 1057 355 102 253 200 157 174 226 100 49 2683 433 108 61 2250 875 325 118
is_linear=0
shrinkage=0.05


Tree=101
num_leaves=31
num_cat=0
split_feature=11 9 4 1 10 3 12 11 1 9 14 0 13 1 9 9 2 12 2 2 3 13 13 11 12 4 10 4 11 3
split_gain=50.0836 97.3766 130.105 144.035 102.516 64.2652 120.456 99.968 93.8405 62.0259 59.4342 58.2928 53.5602 46.9877 325.839 180.22 232.22 129.123 62.9704 44.2189 41.2003 48.7087 49.5599 39.3669 61.3087 47.4557 44.4254 39.8645 171.604 91.5935
threshold=-3.0440824999999996 15.436188000000003 6.5900000000000016 14.26333333333333 146152.42000000001 8.5650000000000031 2828.0147000000006 -1.0000000180025095e-35 21.483333333333338 -2.0280456499999997 19.115000000000006 16.500000000000004 9.2650000000000023 24.066666666666663 12.268814000000001 8.0943145000000012 12.435 90455.290000000023 12.905000000000003 10.635000000000003 13.695000000000002 18.905000000000005 16.165000000000003 3.2345274000000006 29478.650000000027 2.3600000000000025 2176481.2500000005 -7.9999999999999982 -1.7158047499999987 24.425000000000004
decision_type=2 2 2 2 2 2 2 2 2 2 2 2 2 2 2 2 2 2 2 2 2 2 2 2 2 2 2 2 2 2
left_child=1 2 20 -4 -3 6 7 -2 11 19 13 -9 -6 23 15 -15 -17 18 -16 -7 21 22 -1 27 25 -25 -26 28 29 -11
right_child=5 4 3 -5 12 9 -8 8 -10 10 -12 -13 -14 14 17 16 -18 -19 -20 -21 -22 -23 -24 24 26 -27 -28 -29 -30 -31
leaf_value=0.013317972767129163 0.14509851147349065 -0.001958550656538295 -0.036910429575223606 -0.19251497462391853 0.040790049801580609 0.097821384526434407 -0.044870255847234988 0.0080512846300665013 -0.048495047986507417 0.11681841123849153 0.038179865042464095 0.10521160022992837 0.15650539197027685 -0.040927937375381591 -0.14649483980955902 0.22259971720221292 0.039127326527876517 0.053350163002808898 -0.036369312390685082 0.020840108206197288 -0.014082139256715032 -0.054774079596002903 0.099611097765155143 -0.023696260527826842 0.041318594567063785 0.0035274143422551717 -0.017091665224300005 -0.00022060116396697889 0.001152861241278742 0.033887924402858975
leaf_weight=99 26 69 58 20 20 21 37 26 25 45 104 38 20 20 27 34 35 21 25 167 761 21 20 543 90 227 51 11526 914 128
leaf_count=99 26 69 58 20 20 21 37 26 25 45 104 38 20 20 27 34 35 21 25 167 761 21 20 543 90 227 51 11526 914 128
internal_value=0.000469015 -0.00986801 -0.0148592 -0.076809 0.0349612 0.00126496 0.0336011 0.0588483 0.0336517 0.000913328 0.000524435 0.0657402 0.0986477 0.000238291 0.0270065 0.091228 0.129534 -0.051291 -0.0935499 0.0294391 -0.00949618 0.0154318 0.027821 -8.23572e-05 -0.01012 -0.0156706 0.0201915 0.000642635 0.00979595 0.0554594
internal_weight=15218 1088 979 78 109 14130 152 115 89 13978 13790 64 40 13686 162 89 69 73 52 188 901 140 119 13524 911 770 141 12613 1087 173
internal_count=15218 1088 979 78 109 14130 152 115 89 13978 13790 64 40 13686 162 89 69 73 52 188 901 140 119 13524 911 770 141 12613 1087 173
is_linear=0
shrinkage=0.05


Tree=102
num_leaves=31
num_cat=0
split_feature=11 9 4 10 2 9 0 0 3 13 9 4 0 3 12 11 0 9 12 14 11 13 13 2 13 9 0 0 9 3
split_gain=45.2005 87.8824 117.419 92.5209 59.0695 130.558 133.331 140.87 185.493 88.463 84.7339 84.679 109.536 64.5388 63.108 58.7639 55.1149 81.4736 53.3825 52.903 52.7183 51.6481 58.3571 127.33 48.338 47.826 67.7669 57.957 58.7409 65.4942
threshold=-3.0440824999999996 15.436188000000003 6.5900000000000016 146152.42000000001 11.005000000000001 10.825836250000002 34.500000000000007 41.500000000000007 10.345000000000001 18.405000000000005 6.1154328000000016 -7.504999999999999 29.500000000000004 8.5650000000000031 -45151.769999999982 -0.23329134999999998 39.500000000000007 12.460785000000003 80810.000000000044 19.115000000000006 -4.5692749999999993 28.005000000000006 20.005000000000006 12.435 9.2650000000000023 22.470627000000004 18.500000000000004 30.500000000000004 7.1189423000000014 11.475000000000003
decision_type=2 2 2 2 2 2 2 2 2 2 2 2 2 2 2 2 2 2 2 2 2 2 2 2 2 2 2 2 2 2
left_child=1 2 -1 -3 5 6 9 8 -8 14 -11 12 -7 15 -2 -6 17 -13 -19 21 -4 22 -15 -24 -5 26 -25 -28 -29 -30
right_child=4 3 20 24 13 11 7 -9 -10 10 -12 16 -14 19 -16 -17 -18 18 -20 -21 -22 -23 23 25 -26 -27 27 28 29 -31
leaf_value=-0.0090213755969491514 0.11354621201753617 -0.001860623022514409 -0.011309862540413936 0.038750547245144845 0.10956303160637618 -0.022646679920549303 0.051837722482460158 0.015351408889347856 0.23293141156721575 0.0274872485710227 -0.10203391654150827 0.041529153400789137 0.13734733138233424 -0.00038252652080869717 0.021401329888279714 0.018382304683049671 -0.10198650134816056 -0.047099102384143679 0.034111834732660405 0.035874213072136771 -0.10037245386004173 -0.050318304449319839 0.10671952735537138 0.072859438291440412 0.14868012562394142 0.046842990850373245 -0.085460365140953898 -0.080952611267566685 -0.065003028033312329 0.034753374005422784
leaf_weight=901 20 69 24 20 24 23 31 44 26 23 28 46 20 12921 262 67 21 129 24 103 54 51 39 24 20 61 26 20 21 76
leaf_count=901 20 69 24 20 24 23 31 44 26 23 28 46 20 12921 262 67 21 129 24 103 54 51 39 24 20 61 26 20 21 76
internal_value=0.000445564 -0.00937461 -0.0141162 0.0332131 0.00120171 0.0153939 0.0322396 0.0825609 0.134442 0.016977 -0.0436224 -0.0124046 0.0517691 0.000465316 0.0279364 0.04243 -0.0249476 -0.0168179 -0.0343601 0.000179094 -0.0729686 -9.8616e-05 9.55912e-05 0.0232333 0.0937153 0.00895272 -0.00488744 -0.0179359 -0.00293042 0.0131566
internal_weight=15218 1088 979 109 14130 697 434 101 57 333 51 263 43 13433 282 91 220 199 153 13342 78 13239 13188 267 40 228 167 143 117 97
internal_count=15218 1088 979 109 14130 697 434 101 57 333 51 263 43 13433 282 91 220 199 153 13342 78 13239 13188 267 40 228 167 143 117 97
is_linear=0
shrinkage=0.05


Tree=103
num_leaves=31
num_cat=0
split_feature=1 0 11 13 1 9 10 11 12 7 2 4 12 10 7 12 12 10 11 11 9 1 5 11 12 4 1 9 5 7
split_gain=42.2111 62.9378 63.6766 51.2978 74.7906 65.2699 50.0447 98.3145 82.3536 108.926 77.8377 79.4762 72.1261 64.2578 86.5947 143.126 126.288 64.1641 65.9717 63.2863 77.0525 61.3672 58.6916 148.636 73.4299 56.4157 53.7245 48.754 47.9318 58.9429
threshold=11.024999999999997 44.500000000000007 -3.8580929999999989 21.195000000000004 14.825000000000001 10.296600000000003 761410.90500000014 -1.2932738999999998 -116643.83999999992 3.5000000000000004 18.445000000000004 2.145 -148668.49999999985 867468.67500000016 1.5000000000000002 329544.9000000002 700691.85000000009 393501.42500000005 -1.4500581000000008 1.3937687000000005 11.919326500000002 17.254999999999999 0.03614675570279928 -0.26667799999999969 27585.05000000005 -3.1599999999999988 18.96166666666667 12.365509000000001 0.080160327092713299 4.5000000000000009
decision_type=2 2 2 2 2 2 2 2 2 2 2 2 2 2 2 2 2 2 2 2 2 2 2 2 2 2 2 2 2 2
left_child=-1 6 -3 4 -4 -6 8 10 9 17 11 12 -8 25 15 -15 -17 19 -19 20 -2 -20 23 -16 28 -9 -11 -12 29 -24
right_child=1 2 3 -5 5 -7 7 13 -10 26 27 -13 -14 14 22 16 -18 18 21 -21 -22 -23 24 -25 -26 -27 -28 -29 -30 -31
leaf_value=-0.00248028540534047 -0.0013684031463438466 -0.099181545954197647 -0.01364220193441623 -0.082176378766155772 0.056997068526295873 -0.023085522151699192 -0.10368811716753044 -0.11124127582646906 0.004574921571852672 -0.018804436872790879 -0.038511680937013952 -0.14641814776088879 -0.011258861212240111 0.0068266876845633337 0.13317523474494616 0.16891959703737691 0.027318769134581089 0.087688718512513197 0.029043983232558652 0.15381719359075247 0.10154855317563156 -0.065436170736084806 0.04910742500198817 -0.00058324783264348905 -0.019074753688901047 -0.017907180342385001 0.059258039087634884 0.029319535511873523 -0.046701351925730709 -0.013639030768127556
leaf_weight=6868 31 20 574 23 77 38 32 20 5947 120 52 23 62 146 27 31 32 33 68 23 44 23 109 90 457 85 27 54 25 57
leaf_count=6868 31 20 574 23 77 38 32 20 5947 120 52 23 62 146 27 31 32 33 68 23 44 23 109 90 457 85 27 54 25 57
internal_value=0.000423286 0.00281152 -0.0111923 -0.00872072 -0.00626865 0.030535 0.00415712 -0.00476862 0.0059971 0.0289177 -0.0349912 -0.0631084 -0.0427241 0.00147757 0.00548381 0.0340067 0.0969954 0.0510234 0.0271265 0.0812603 0.0590095 0.00516438 -0.00230872 0.0302841 -0.00819354 -0.0356851 -0.00446643 -0.00395616 0.0178416 0.027562
internal_weight=15218 8350 732 712 689 115 7618 1302 6316 369 223 117 94 1079 974 209 63 222 124 98 75 91 765 117 648 105 147 106 191 166
internal_count=15218 8350 732 712 689 115 7618 1302 6316 369 223 117 94 1079 974 209 63 222 124 98 75 91 765 117 648 105 147 106 191 166
is_linear=0
shrinkage=0.05


Tree=104
num_leaves=31
num_cat=0
split_feature=9 11 9 4 1 10 3 9 9 14 11 1 4 3 14 7 12 10 13 10 1 9 9 13 9 13 9 7 0 11
split_gain=40.6209 40.1923 79.7776 101.154 127.519 88.5035 55.4123 55.5167 58.9635 48.6684 39.5586 162.356 130.489 73.0189 71.9186 94.1746 78.9257 98.4277 83.3177 59.0898 89.2905 53.1366 106.731 81.6172 59.1271 52.6925 71.1286 138.062 234.326 163.962
threshold=-3.0149993499999996 -3.0440824999999996 15.906814500000001 6.5900000000000016 14.26333333333333 146152.42000000001 7.8850000000000007 8.6627655000000008 5.5073547500000011 19.115000000000006 -1.0410003999999999 24.066666666666663 -8.2350000000000012 29.765000000000004 10.335000000000003 3.5000000000000004 -642833.32999999984 790451.65500000014 21.195000000000004 2109172.9000000004 7.8899999999999997 5.5073547500000011 7.994049050000001 10.505000000000001 19.410248000000003 11.805000000000001 12.268814000000001 1.0000000180025095e-35 32.500000000000007 0.64544688500000025
decision_type=2 2 2 2 2 2 2 2 2 2 2 2 2 2 2 2 2 2 2 2 2 2 2 2 2 2 2 2 2 2
left_child=-1 2 3 -2 -5 -4 7 8 -3 10 11 12 13 21 15 16 17 -14 19 20 -18 -8 -23 24 -24 -12 27 28 -27 -30
right_child=1 6 5 4 -6 -7 9 -9 -10 -11 25 -13 14 -15 -16 -17 18 -19 -20 -21 -22 22 23 -25 -26 26 -28 -29 29 -31
leaf_value=0.040791069121370399 -0.008762272597276367 0.016351501724642257 -0.0027361457423765714 -0.03080413469066054 -0.17689753334969283 0.092003869208005767 -0.01003765401176431 -0.0038483361154794692 0.12529488045860221 0.034132555475527487 -0.0031570461092811524 0.12566650749317237 0.1358078402131796 0.010529156053620254 0.0189483754224876 -0.020132797794900549 0.079332173457660249 -0.0018745780905225764 -0.073506711081912132 -0.049067573117859226 0.0033524134218670268 0.15633772214253744 0.11299424081780883 -0.021705467260346334 0.010639187019495738 0.0019286559243650678 -0.0030044864416326369 0.005803747647531823 0.029691051354424819 0.15550352537729703
leaf_weight=62 893 23 67 59 20 39 22 40 27 108 7748 28 25 136 444 584 40 27 36 51 1161 30 43 29 21 130 1704 1515 45 61
leaf_count=62 893 23 67 59 20 39 22 40 27 108 7748 28 25 136 444 584 40 27 36 51 1161 30 43 29 21 130 1704 1515 45 61
internal_value=0.000402121 0.000236899 -0.00906797 -0.0135598 -0.0677898 0.032121 0.000949404 0.0400568 0.0751809 0.000697784 0.000437628 0.00589821 0.00463226 0.0368469 0.000809484 -0.00337641 0.00392637 0.0643189 0.00148816 0.00364456 0.00588296 0.0615312 0.0743321 0.0478787 0.079409 -0.000867198 0.00426789 0.0113451 0.0469175 0.102093
internal_weight=15218 15156 1078 972 79 106 14078 90 50 13988 13880 2677 2649 281 2368 1924 1340 52 1288 1252 1201 145 123 93 64 11203 3455 1751 236 106
internal_count=15218 15156 1078 972 79 106 14078 90 50 13988 13880 2677 2649 281 2368 1924 1340 52 1288 1252 1201 145 123 93 64 11203 3455 1751 236 106
is_linear=0
shrinkage=0.05


Tree=105
num_leaves=31
num_cat=0
split_feature=1 9 7 0 13 11 1 12 0 12 14 2 11 11 9 9 11 12 7 9 9 2 10 12 9 9 3 9 7 9
split_gain=47.5413 40.3723 73.1439 40.2297 95.8816 53.5465 45.9067 38.8752 50.0215 47.8257 69.0061 61.799 64.6268 86.5296 51.0575 41.9911 50.1956 47.03 71.4734 109.098 138.397 113.777 78.029 76.4845 66.802 76.9416 62.5352 56.3491 54.1888 49.4575
threshold=9.8450000000000006 -2.3690185499999994 2.5000000000000004 42.500000000000007 21.195000000000004 -3.8580929999999989 11.745000000000001 728875.88 19.500000000000004 451608.09999999992 0.015000000000000001 21.185000000000006 1.1955870000000017 0.37742600000000165 19.102554000000001 25.829544500000004 0.21392812000000025 -219226.77500000005 1.0000000180025095e-35 17.639511000000002 11.461166500000003 25.885000000000002 1354527.4000000001 -1203413.7699999998 15.906814500000001 12.757736000000001 41.77000000000001 18.366958500000003 1.5000000000000002 5.9498596500000014
decision_type=2 2 2 2 2 2 2 2 2 2 2 2 2 2 2 2 2 2 2 2 2 2 2 2 2 2 2 2 2 2
left_child=7 2 -2 -3 5 6 -5 9 -9 15 11 -11 13 -13 -12 17 -17 18 22 20 21 -20 -1 24 25 -22 -24 -21 -19 -23
right_child=1 3 -4 4 -6 -7 -8 8 -10 10 14 12 -14 -15 -16 16 -18 28 19 27 23 29 26 -25 -26 -27 -28 -29 -30 -31
leaf_value=-0.051293186241679868 0.086313596623352709 0.0025091065244134737 0.0068064479865175345 -0.020387648300013758 -0.08270183769054712 -0.002155997644864426 -0.11174776359461247 -0.09188715134962247 -0.01649314361897955 -0.017490275777303256 -0.07565711926934976 0.030554363838481632 -0.005021181312622503 0.1328442812539064 0.01982799501295501 0.032793818242555742 -0.012622660337624573 -0.00046327229018763264 0.0092946636485159058 -0.094658019620439293 0.0379429710947949 -0.0058975426852703097 0.040885057815824424 0.052490751680443939 0.062787049643143453 -0.080465994134326202 -0.05835731699216095 -0.012334947937375142 -0.01583667440457602 -0.10303646479978373
leaf_weight=115 39 9482 112 44 40 1382 20 26 143 39 28 44 32 39 28 153 101 912 217 23 23 20 57 276 27 34 22 216 1543 38
leaf_count=115 39 9482 112 44 40 1382 20 26 143 39 28 44 32 39 28 153 101 912 217 23 23 20 57 276 27 34 22 216 1543 38
internal_value=-4.15349e-05 0.00166384 0.0273414 0.00131033 -0.00633895 -0.00422656 -0.0489377 -0.00460411 -0.0280922 -0.0036085 0.0196157 0.0368995 0.0553447 0.0786183 -0.0279146 -0.00489976 0.0147345 -0.00631534 0.00244339 0.00853737 0.019375 -0.00733234 -0.025011 0.0397765 -0.00199887 -0.0326869 0.0132479 -0.0202573 -0.0101257 -0.0695403
internal_weight=15275 11119 151 10968 1486 1446 64 4156 169 3987 210 154 115 83 56 3777 254 3523 1068 874 635 275 194 360 84 57 79 239 2455 58
internal_count=15275 11119 151 10968 1486 1446 64 4156 169 3987 210 154 115 83 56 3777 254 3523 1068 874 635 275 194 360 84 57 79 239 2455 58
is_linear=0
shrinkage=0.05


Tree=106
num_leaves=31
num_cat=0
split_feature=1 9 4 14 4 3 12 12 0 4 1 4 0 13 9 11 11 9 3 0 3 2 9 3 11 9 9 4 10 0
split_gain=42.906 36.436 63.7331 45.9659 36.6535 45.4385 35.0929 47.5616 45.6135 37.8934 64.4303 85.4006 88.701 74.4753 70.0595 85.8919 93.2014 63.7925 65.3256 57.9426 55.9826 54.7615 53.6686 89.6639 78.1462 85.8148 54.1008 46.1576 43.7913 42.1418
threshold=9.8450000000000006 -2.3690185499999994 -0.94999999999999829 10.485000000000001 -12.194999999999995 26.375000000000004 700691.85000000009 658895.67000000004 19.500000000000004 -4.9750000000000005 6.5233333333333317 -5.5199999999999978 24.500000000000004 14.355000000000002 17.030151500000002 -2.8978727999999996 -1.6813661500000006 13.908447500000003 33.565000000000005 15.500000000000002 10.175000000000002 34.600000000000009 13.420639000000003 14.105000000000002 1.7771150000000004 2.2891235000000001 13.660705500000001 -12.194999999999995 984324.38000000012 28.500000000000004
decision_type=2 2 2 2 2 2 2 2 2 2 2 2 2 2 2 2 2 2 2 2 2 2 2 2 2 2 2 2 2 2
left_child=6 2 3 -2 5 -3 7 9 -8 10 11 14 -13 -12 15 -1 -17 18 -18 21 -21 -11 24 -24 25 29 -25 -19 -27 -22
right_child=1 4 -4 -5 -6 -7 8 -9 -10 19 13 12 -14 -15 -16 16 17 27 -20 20 22 -23 23 26 -26 28 -28 -29 -30 -31
leaf_value=-0.071876223571598535 0.12757509961724281 0.091264470949769028 -0.00076850531732715257 0.035116789935202133 0.001009849731287676 0.0078331095107058261 -0.087292793477312308 0.066772350079069537 -0.015625932424307775 -0.018494226121610551 0.011459868497891497 -0.01800921084764211 0.1145092214856829 0.10949895612895488 -0.045729985041543846 0.056555672209543086 -0.044600451440342248 -0.0079429523247770625 0.0017632929841056467 0.070893143698573122 0.034132049288418072 -0.099000156649642373 -0.04760209853947163 0.085103633566557077 0.012989806913123781 -0.0065136306640631129 0.0073299776795737225 0.06338466239782671 -0.033341105685378125 -0.020492987831433617
leaf_weight=43 20 25 90 41 10896 47 26 24 152 530 616 23 28 20 127 67 132 43 179 25 102 22 75 23 253 214 804 48 526 54
leaf_count=43 20 25 90 41 10896 47 26 24 152 530 616 23 28 20 127 67 132 43 179 25 102 22 75 23 253 214 804 48 526 54
internal_value=-3.94581e-05 0.00158065 0.0259743 0.065431 0.00124481 0.0368023 -0.0043739 -0.00340201 -0.0260941 -0.00382795 0.00306292 -0.00751858 0.054746 0.0145429 -0.0124881 -0.0042425 0.00195846 -0.00714108 -0.0179152 -0.00730485 -0.0034765 -0.0217028 -0.004383 0.0047456 -0.0115492 -0.0184782 0.00949297 0.0296804 -0.0255829 0.0152234
internal_weight=15275 11119 151 61 10968 72 4156 3978 178 3954 1326 690 51 636 639 512 469 402 311 2628 2076 552 2051 902 1149 896 827 91 740 156
internal_count=15275 11119 151 61 10968 72 4156 3978 178 3954 1326 690 51 636 639 512 469 402 311 2628 2076 552 2051 902 1149 896 827 91 740 156
is_linear=0
shrinkage=0.05


Tree=107
num_leaves=31
num_cat=0
split_feature=1 11 5 13 4 5 1 10 2 10 4 3 13 4 2 1 11 4 0 12 10 4 13 10 1 0 11 11 13 12
split_gain=38.7227 35.6926 61.1759 106.537 57.5152 87.5736 81.435 73.3123 56.8559 117.434 56.0306 55.2219 96.5121 352.669 386.089 68.7296 68.1505 66.9466 53.1135 52.5381 50.2661 50.08 49.8097 114.206 207.635 82.4046 60.0486 51.949 48.6427 64.9942
threshold=9.8450000000000006 0.34861775000000078 0.10240657038105505 24.040000000000003 0.55000000000000171 0.097134544802660969 15.191666666666668 159390.20000000004 11.525 263469.81000000006 4.2849999999999993 10.175000000000002 19.750000000000004 -2.3849999999999993 12.995000000000003 19.743333333333332 1.0000000180025095e-35 -3.0899999999999985 10.500000000000002 -126548.76500000004 1.0000000180025095e-35 0.59000000000000086 18.905000000000005 867468.67500000016 19.908333333333335 36.500000000000007 -1.4163055499999999 -0.10807849999999951 15.075000000000001 -11561.926999999974
decision_type=2 2 2 2 2 2 2 2 2 2 2 2 2 2 2 2 2 2 2 2 2 2 2 2 2 2 2 2 2 2
left_child=-1 4 10 21 6 8 18 11 9 -6 19 -8 15 -14 -15 16 17 20 -2 -3 -13 -4 -10 24 26 -26 -24 -25 -21 -30
right_child=1 2 3 -5 5 -7 7 -9 22 -11 -12 12 13 14 -16 -17 -18 -19 -20 28 -22 -23 23 27 25 -27 -28 -29 29 -31
leaf_value=-0.0041552073974649743 -0.0064020289922260823 0.017248985100060614 0.042095072495497092 -0.052451312065124517 -0.0016533218137919905 -0.092530993243249565 -0.02382642859365882 0.00019101466902859764 0.00037702615837709218 0.14673426717519761 0.0096951454253566844 0.054372425417965047 -0.03360657858558827 0.32799455261873933 0.045819472618125107 -0.048772124879594363 -0.00606877595201585 0.026942163143384226 0.0089481919114879245 -0.0038747172424563516 0.1314722330763069 0.13448749877512456 -0.14489233957772904 -0.12197693120688201 0.10242788980941515 0.0021962025921548837 -0.031629063785076142 -0.021472200974822046 0.025370298889154659 -0.024748490601458298
leaf_weight=4156 833 248 55 25 40 26 41 264 2657 20 775 78 36 22 27 28 91 217 1742 3018 29 20 22 36 37 46 25 20 73 568
leaf_count=4156 833 248 55 25 40 26 41 264 2657 20 775 78 36 22 27 28 91 217 1742 3018 29 20 22 36 37 46 25 20 73 568
internal_value=-3.74853e-05 0.00150161 -0.00175948 0.036937 0.00396249 -0.00117569 0.00837849 0.0219676 -0.000357493 0.0478092 -0.00258597 0.0320714 0.0364119 0.0852138 0.17251 0.0270481 0.0321637 0.0429018 0.00398247 -0.00502208 0.0752686 0.0667331 -0.00137403 -0.0263877 -0.000673083 0.0468778 -0.0846459 -0.0860824 -0.00653157 -0.0190407
internal_weight=15275 11119 4782 100 6337 2929 3408 833 2903 60 4682 569 528 85 49 443 415 324 2575 3907 107 75 2843 186 130 83 47 56 3659 641
internal_count=15275 11119 4782 100 6337 2929 3408 833 2903 60 4682 569 528 85 49 443 415 324 2575 3907 107 75 2843 186 130 83 47 56 3659 641
is_linear=0
shrinkage=0.05


Tree=108
num_leaves=31
num_cat=0
split_feature=9 4 9 2 11 7 12 10 4 14 12 3 11 7 11 0 12 5 7 10 9 3 0 3 14 12 9 9 9 14
split_gain=35.2412 64.4483 37.3273 108.197 75.5911 61.7572 85.9695 65.4189 64.0817 55.3222 55.1475 50.8195 49.1186 90.9472 49.3317 82.6452 48.3346 43.7851 36.1727 76.9308 67.7144 65.6027 65.1747 54.1195 54.0091 53.9481 53.6389 98.1528 150.195 147.06
threshold=-2.6437225499999997 -0.94999999999999829 24.582763500000002 9.1350000000000033 0.038298500000001574 1.0000000180025095e-35 -65707.485000000001 114851.37250000001 2.9949999999999997 14.975000000000003 147524.06000000008 13.145000000000001 -0.87753280000000011 1.5000000000000002 -0.99324064999999984 30.500000000000004 1349757.6000000003 0.091365931231371419 4.5000000000000009 674.13332500000013 22.938278000000004 9.2900000000000009 19.500000000000004 29.765000000000004 6.7700000000000005 -91991.225000000079 6.5973968000000012 2.2891235000000001 3.1308593500000002 12.545000000000002
decision_type=2 2 2 2 2 2 2 2 2 2 2 2 2 2 2 2 2 2 2 2 2 2 2 2 2 2 2 2 2 2
left_child=1 -1 16 -4 9 7 11 -6 10 12 -8 -7 13 -5 15 -15 18 -14 -2 21 22 -20 23 25 -23 -21 27 -26 -29 -30
right_child=2 -3 3 4 5 6 8 -9 -10 -11 -12 -13 17 14 -16 -17 -18 -19 19 20 -22 24 -24 -25 26 -27 -28 28 29 -31
leaf_value=0.068813153770035856 0.00079388212298194059 -0.0056160007808075257 0.11016115667670966 -0.08309815259311687 -0.025678984533417326 -0.11536926121815393 -0.0012419020722893674 0.036569921040246561 0.020381764131265561 0.092692685864555341 -0.041543245544744423 -0.033378822290127709 0.025979891628430243 -0.011889333434332655 -0.052534775094439594 0.085488747463033019 -0.035057732343781171 -0.049545429348945624 0.090266538367584526 0.0059798083957133263 0.018661336823015247 0.075894973613321787 -0.008167905625875941 -0.06942719677987863 -0.013625452702499702 -0.032142445541488339 -0.0059390711450917301 0.092652010173899013 -0.0081759013152629331 0.067076374167162514
leaf_weight=52 9626 66 25 33 58 23 252 155 196 24 128 106 474 53 24 37 104 20 21 123 167 24 1239 71 232 378 1169 72 233 90
leaf_count=52 9626 66 25 33 58 23 252 155 196 24 128 106 474 53 24 37 104 20 21 123 167 24 1239 71 232 378 1169 72 233 90
internal_value=-3.5611e-05 0.0271833 -0.000247515 0.00695505 0.00532514 -0.00397425 -0.0111026 0.0196195 -0.0028397 0.0181625 -0.0148171 -0.0479973 0.015372 -0.0100008 0.0111589 0.0281439 -0.00110232 0.0229222 -0.000839666 -0.00495711 -0.0118035 0.00239871 -0.0146128 -0.0285728 0.00138485 -0.0227831 0.000389173 0.0121878 0.0273489 0.0127922
internal_weight=15275 118 15157 1608 1583 918 705 213 576 665 380 129 641 147 114 90 13549 494 13445 3819 1978 1841 1811 572 1820 501 1796 627 395 323
internal_count=15275 118 15157 1608 1583 918 705 213 576 665 380 129 641 147 114 90 13549 494 13445 3819 1978 1841 1811 572 1820 501 1796 627 395 323
is_linear=0
shrinkage=0.05


Tree=109
num_leaves=31
num_cat=0
split_feature=1 0 13 11 4 7 9 12 4 10 3 11 13 13 13 0 1 0 13 12 7 9 11 9 11 1 9 0 4 1
split_gain=33.4171 35.9906 88.4128 51.0339 45.8343 36.4776 77.0152 74.4008 61.8545 106.789 56.4699 171.19 256.412 60.4184 63.0098 54.0946 116.433 51.1838 85.7439 59.399 45.5778 83.8877 78.1394 64.2956 67.1831 61.9495 58.0077 56.5234 58.7328 58.5682
threshold=9.8450000000000006 42.500000000000007 21.195000000000004 -3.8580929999999989 0.6349999999999999 2.5000000000000004 -2.3690185499999994 -863373.5399999998 -7.9999999999999982 964012.38000000012 13.055000000000001 -2.4498137500000001 20.005000000000006 22.885000000000002 20.795000000000005 12.500000000000002 16.141666666666669 19.500000000000004 18.975000000000005 468960.44000000006 5.5000000000000009 6.5065765000000004 -0.12446550000000121 23.410690500000005 2.318328999999999 13.824999999999998 10.876602500000002 13.500000000000002 -1.53 11.723333333333334
decision_type=2 2 2 2 2 2 2 2 2 2 2 2 2 2 2 2 2 2 2 2 2 2 2 2 2 2 2 2 2 2
left_child=-1 5 3 4 -3 6 -2 -8 9 -9 11 12 15 14 20 16 -7 18 19 -10 -12 -22 27 24 25 -24 -26 -23 -29 -30
right_child=1 2 -4 -5 -6 10 7 8 17 -11 13 -13 -14 -15 -16 -17 -18 -19 -20 -21 21 22 23 -25 26 -27 -28 28 29 -31
leaf_value=-0.0038590704885238416 0.080048092390809747 -0.019278510613366964 -0.079124577734619395 -0.0017643852544198227 -0.10994425731711091 -0.0022269623864802622 0.088261709665810623 0.017844710442307992 0.0012786536205122477 0.13346197816232841 -0.0052790243238745576 0.0037564386526355523 0.23185321319848301 -0.070012273114513274 0.084297469861450647 -0.022609344959772869 0.14446393318163853 0.0096059976671706449 -0.057625241338539482 -0.062729268050375028 0.034194308559337978 -0.0097365653814421495 -0.024881920108045078 0.021262395786599511 -0.02984020463952964 -0.089483243064023554 0.038357108161370793 0.090211293646475177 0.060406977438220856 -0.0062711025212103359
leaf_weight=4156 35 46 40 1404 20 31 27 119 1777 24 3416 1068 20 33 21 29 24 1868 67 37 219 97 237 113 55 44 72 41 57 78
leaf_count=4156 35 46 40 1404 20 31 27 119 1777 24 3416 1068 20 33 21 29 24 1868 67 37 219 97 237 113 55 44 72 41 57 78
internal_value=-3.38305e-05 0.00139595 -0.00578005 -0.00378428 -0.046753 0.00252361 0.0062078 0.00554835 0.00497454 0.037249 -5.23858e-05 0.0097196 0.0709567 -0.0026071 -0.00210724 0.0326479 0.0617836 0.00374348 -0.00207853 -2.69104e-05 -0.00251692 0.00679733 -0.000759268 -0.0121135 -0.0213573 -0.0349974 0.00882284 0.0209094 0.0377995 0.0218819
internal_weight=15275 11119 1510 1470 66 9609 3954 3919 3892 143 5655 1172 104 4483 4450 84 55 3749 1881 1814 4429 1013 794 521 408 281 127 273 176 135
internal_count=15275 11119 1510 1470 66 9609 3954 3919 3892 143 5655 1172 104 4483 4450 84 55 3749 1881 1814 4429 1013 794 521 408 281 127 273 176 135
is_linear=0
shrinkage=0.05


Tree=110
num_leaves=31
num_cat=0
split_feature=4 1 11 9 7 3 12 7 10 7 10 11 13 12 10 9 7 11 9 14 10 1 12 12 9 1 9 10 5 0
split_gain=41.213 42.0912 74.0186 139.224 61.1157 60.6861 91.6642 56.2078 54.9054 44.2108 42.4436 40.1632 54.4155 42.7078 102.264 52.2175 44.2359 73.1448 61.8559 59.7956 48.7755 64.1071 130.946 61.293 58.8477 71.2689 87.4961 69.5848 64.9246 66.2604
threshold=-31.569999999999997 2.249999999999996 -1.0000000180025095e-35 13.660705500000001 1.5000000000000002 30.495000000000001 -335171.95649999997 2.5000000000000004 738316.92000000004 4.5000000000000009 2815298.8500000006 -5.0158692999999994 14.810000000000002 -126548.76500000004 190513.85500000001 8.7648620000000026 3.5000000000000004 2.3762817499999991 7.8877717000000009 6.9750000000000005 601170.97000000009 15.091666666666663 -386221.64999999991 -178425.49999999997 10.500915500000003 10.04166666666667 7.610977150000001 844733.85000000021 0.038602586321227726 25.500000000000004
decision_type=2 2 2 2 2 2 2 2 2 2 2 2 2 2 2 2 2 2 2 2 2 2 2 2 2 2 2 2 2 2
left_child=-1 2 3 8 10 7 -7 -6 -2 -9 -4 12 -3 14 15 -13 19 18 -18 20 23 24 -23 -16 25 27 -27 -22 -26 -30
right_child=1 11 4 -5 5 6 -8 9 -10 -11 -12 13 -14 -15 16 -17 17 -19 -20 -21 21 22 -24 -25 28 26 -28 -29 29 -31
leaf_value=0.04372863392130024 0.064041498924295101 -0.010277863769384733 0.03345562981536105 -0.098204443319922397 -0.096274093927984888 0.071769494772888728 -0.016203183380543794 0.0054134938463379269 -0.021886732505726411 -0.068334229505478197 -0.044211719278246166 0.12590047899972309 -0.083939554928629492 -0.0001016525544758373 0.019411781852414725 0.038162766676396134 -0.048670304386244943 0.045435960045946182 -0.0033697535107327877 0.097405136143788706 0.071913989338903667 0.054403014309131185 -0.081769864427095107 0.090832103022507271 0.082820326032944855 -0.017091563629929158 -0.14465386568568647 -0.012338820494448718 -0.005769805533135941 0.031818228315609369
leaf_weight=54 21 351 146 63 33 40 114 59 162 31 20 22 27 12229 212 74 87 67 563 20 31 26 55 35 36 41 20 117 233 236
leaf_count=54 21 351 146 63 33 40 114 59 162 31 20 22 27 12229 212 74 87 67 563 20 31 26 55 35 36 41 20 117 233 236
internal_value=0.000125382 -2.98204e-05 -0.0121042 -0.0340962 0.000108114 -0.0142686 0.00664686 -0.0404554 -0.0120261 -0.0199885 0.0240981 0.000544632 -0.0155394 0.000975699 0.00800233 0.0582693 0.00528978 -0.00430583 -0.00943306 0.0117682 0.0101245 0.00409467 -0.0380601 0.0295321 0.00887693 -0.0134361 -0.0589153 0.00530873 0.0181114 0.0131444
internal_weight=15225 15171 689 246 443 277 154 123 183 90 166 14482 378 14104 1875 96 1779 717 650 1062 1042 795 81 247 714 209 61 148 505 469
internal_count=15225 15171 689 246 443 277 154 123 183 90 166 14482 378 14104 1875 96 1779 717 650 1062 1042 795 81 247 714 209 61 148 505 469
is_linear=0
shrinkage=0.05


end of trees

feature_importances:
temp=459
solar_diff=399
jepx_price_prev_ma3=359
temp_diff=289
price_prev_weekday=285
solar=257
slot=252
reserve_ratio=252
reserve_ratio_diff=197
weekday=189
reserve_ratio_inv=166
reserve_ratio_prev=140
price_prev_holiday=82
holiday=4

parameters:
[boosting: gbdt]
[objective: regression]
[metric: rmse,l2]
[tree_learner: serial]
[device_type: cpu]
[data_sample_strategy: bagging]
[data: ]
[valid: ]
[num_iterations: 2000]
[learning_rate: 0.05]
[num_leaves: 31]
[num_threads: 10]
[seed: 42]
[deterministic: 0]
[force_col_wise: 0]
[force_row_wise: 0]
[histogram_pool_size: -1]
[max_depth: -1]
[min_data_in_leaf: 20]
[min_sum_hessian_in_leaf: 0.001]
[bagging_fraction: 0.8]
[pos_bagging_fraction: 1]
[neg_bagging_fraction: 1]
[bagging_freq: 5]
[bagging_seed: 400]
[bagging_by_query: 0]
[feature_fraction: 0.9]
[feature_fraction_bynode: 1]
[feature_fraction_seed: 30056]
[extra_trees: 0]
[extra_seed: 12879]
[early_stopping_round: 0]
[early_stopping_min_delta: 0]
[first_metric_only: 0]
[max_delta_step: 0]
[lambda_l1: 0]
[lambda_l2: 0]
[linear_lambda: 0]
[min_gain_to_split: 0]
[drop_rate: 0.1]
[max_drop: 50]
[skip_drop: 0.5]
[xgboost_dart_mode: 0]
[uniform_drop: 0]
[drop_seed: 17869]
[top_rate: 0.2]
[other_rate: 0.1]
[min_data_per_group: 100]
[max_cat_threshold: 32]
[cat_l2: 10]
[cat_smooth: 10]
[max_cat_to_onehot: 4]
[top_k: 20]
[monotone_constraints: ]
[monotone_constraints_method: basic]
[monotone_penalty: 0]
[feature_contri: ]
[forcedsplits_filename: ]
[refit_decay_rate: 0.9]
[cegb_tradeoff: 1]
[cegb_penalty_split: 0]
[cegb_penalty_feature_lazy: ]
[cegb_penalty_feature_coupled: ]
[path_smooth: 0]
[interaction_constraints: ]
[verbosity: 1]
[saved_feature_importance_type: 0]
[use_quantized_grad: 0]
[num_grad_quant_bins: 4]
[quant_train_renew_leaf: 0]
[stochastic_rounding: 1]
[linear_tree: 0]
[max_bin: 255]
[max_bin_by_feature: ]
[min_data_in_bin: 3]
[bin_construct_sample_cnt: 200000]
[data_random_seed: 175]
[is_enable_sparse: 1]
[enable_bundle: 1]
[use_missing: 1]
[zero_as_missing: 0]
[feature_pre_filter: 1]
[pre_partition: 0]
[two_round: 0]
[header: 0]
[label_column: ]
[weight_column: ]
[group_column: ]
[ignore_column: ]
[categorical_feature: ]
[forcedbins_filename: ]
[precise_float_parser: 0]
[parser_config_file: ]
[objective_seed: 16083]
[num_class: 1]
[is_unbalance: 0]
[scale_pos_weight: 1]
[sigmoid: 1]
[boost_from_average: 1]
[reg_sqrt: 0]
[alpha: 0.9]
[fair_c: 1]
[poisson_max_delta_step: 0.7]
[tweedie_variance_power: 1.5]
[lambdarank_truncation_level: 30]
[lambdarank_norm: 1]
[label_gain: ]
[lambdarank_position_bias_regularization: 0]
[eval_at: ]
[multi_error_top_k: 1]
[auc_mu_weights: ]
[num_machines: 1]
[local_listen_port: 12400]
[time_out: 120]
[machine_list_filename: ]
[machines: ]
[gpu_platform_id: -1]
[gpu_device_id: -1]
[gpu_use_dp: 0]
[num_gpu: 1]

end of parameters

pandas_categorical:[]
