tree
version=v4
num_class=1
num_tree_per_iteration=1
label_index=0
max_feature_idx=19
objective=regression
feature_names=slot weekday holiday temp solar jepx_price_prev_96 temp_prev_96 solar_prev_96 temp_diff_96 solar_diff_96 reserve_ratio_prev_96 reserve_ratio_diff_96 price_prev_weekday_96 price_prev_holiday_96 weekly_max_reserve weekly_min_reserve weekly_max_reserve_prev weekly_min_reserve_prev weekly_max_reserve_diff weekly_min_reserve_diff
feature_infos=[0:47] [0:6] [0:1] [-0.84051514000000005:31.376861999999999] [0:3575349.5] [0:45.009999999999998] [-0.84051514000000005:31.376861999999999] [0:3575349.5] [-10.8376158:9.9087220000000009] [-2884462.9399999999:2966359.2999999998] none none [0:45.009999999999998] [0:35] [15.635000000000002:76.574999999999989] [10.85:49.004999999999995] [0:76.574999999999989] [0:49.004999999999995] [-36.690000000000005:40.344999999999992] [-18.259999999999998:20.984999999999999]
tree_sizes=2662 2796 2804 2800 2838 2789 2813 2796 2817 2820 2816 2816 2811 2824 2835 2789 2798 2802 2825 2803 2831 2818 2832 2806 2812 2833 2844 2848 2823 2827 2795 2838 2829 2838 2839 2817 2815 2813 2828 2847 2824 2817 2835 2817 2829 2844 2813 2818 2838 2806 2813 2820 2818 2814 2826 2828 2830 2849 2811 2858 2863 2839 2829 2834 2832 2810 2825 2825 2872 2844 2830 2875 2834 2835 2839 2843 2830 2850 2869 2855 2853 2852 2856 2855 2853 2868 2872 2871 2832 2846 2807 2842 2831 2838 2809 2829 2852 2845 2845 2821 2878 2849 2803 2839 2866 2827 2803 2866 2818 2839 2852 2846 2866 2857 2827 2797 2825 2826 2798 2850 2865 2816 2858 2832 2855 2836 2848 2883 2796 2823 2811 2847 2857 2881 2870 2821 2838 2811 2829 2860 2815 2839 2864 2836 2845 2813 2852 2794 2822 2834 2841 2835 2820 2881 2856 2831 2861 2816 2874 2811 2801 2808 2828 2851 2817 2825 2827 2853 2794 2789 2812 2808 2830 2871 2839 2828 2814 2848 2824 2809 2835 2829 2768 2813 2838 2846 2823 2803 2811 2827 2849 2835 2814 2839 2840 2826 2825 2791 2815 2833 2823 2814 2789 2796 2814 2780 2843 2799 2831 2832 2847 2860 2831 2871 2816 2794 2790 2811 2830 2814 2774 2782 2772 2770 2808 2823 2821 2792 2851 2841 2804 2849 2838 2808 2816 2788 2799 2777 2805 2817 2836 2830 2833 2842 2854 2783 2790 2821 2823 2820 2821 2825 2800 2822 2824 2822 2792 2842 2818 2835 2802 2823 2788 2840 2803 2852 2852 2831 2822 2804 2832 2838 2836 2790 2830 2811 2811 2830 2823 2786 2823 2813 2821 2829 2803 2827 2813 2810 2819 2838 2798 2797 2825 2809 2845 2808 2818 2806 2807 2803 2825 2830 2816 2816 2824 2804 2854 2817 2838 2842 2818 2846 2804 2822 2794 2779 2827 2791 2797 2832 2797 2793 2779 2795 2811 2768

Tree=0
num_leaves=31
num_cat=0
split_feature=12 4 0 12 5 15 4 15 9 16 16 5 15 4 9 12 15 5 4 5 12 9 17 3 3 17 3 9 5 8
split_gain=59170.2 23692.2 8960.86 8363.31 8334.3 6789.31 5583.43 5244 4501.59 2460.97 2032.52 1967.65 1858.73 1814.79 1681.22 1544.65 1481.68 1448.1 1297.7 1262.61 1192.9 1185.32 1032.31 983.277 812.61 738.445 723.934 715.659 709.87 706.249
threshold=11.725000000000003 1718367.3000000003 30.500000000000004 16.935000000000006 11.005000000000001 24.405000000000005 699577.81000000017 26.545000000000005 -472071.14999999997 53.307500000000012 32.355000000000011 16.505000000000006 25.082500000000007 1120824.0000000002 1101868.6200000003 8.3850000000000033 24.632500000000004 14.325000000000001 2548279.3500000006 13.525 19.315000000000001 308573.15000000014 13.050000000000002 18.930068500000001 17.635391000000002 27.487500000000001 24.111328000000004 548030.10000000021 8.7050000000000018 -4.2402644999999994
decision_type=2 2 2 2 2 2 2 2 2 2 2 2 2 2 2 2 2 2 2 2 2 2 2 2 2 2 2 2 2 2
left_child=1 4 6 16 7 10 17 8 9 -1 -3 21 -11 28 -8 22 19 -2 23 -4 -5 -6 -10 -7 -15 -22 -20 -13 -9 -17
right_child=2 5 3 20 11 18 14 13 15 12 -12 27 -14 24 -16 29 -18 -19 26 -21 25 -23 -24 -25 -26 -27 -28 -29 -30 -31
leaf_value=10.44318865289585 10.455589939626096 10.278562029034664 10.512900381283746 10.685808486870235 10.406662683903917 10.034905299196829 10.325478661149502 10.238360232129674 10.491813362716762 10.95204598284837 10.137447061631432 10.53679285343639 10.384334795096571 10.095147363522845 10.050543667040825 10.432782845333888 10.430669616506316 10.601110483185066 9.93292283240012 10.616022544983453 10.844787983306265 10.22623732450576 10.280755944701177 10.182613648058258 10.254801827843226 10.597219233883676 10.134955669354213 10.249415538118912 10.297504939496886 10.340920348900243
leaf_weight=348 444 673 697 421 1758 310 353 1053 60 46 411 373 21 250 66 231 288 278 301 517 264 96 1684 177 117 34 52 23 979 2220
leaf_count=348 444 673 697 421 1758 310 353 1053 60 46 411 373 21 250 66 231 288 278 301 517 264 96 1684 177 117 34 52 23 979 2220
internal_value=10.3573 10.302 10.5413 10.5998 10.3352 10.1424 10.4274 10.3083 10.3395 10.4966 10.2251 10.4189 10.7741 10.2484 10.2822 10.324 10.5326 10.5116 10.0357 10.5568 10.74 10.3973 10.288 10.0886 10.146 10.8165 9.96268 10.5201 10.2669 10.3496
internal_weight=14545 11183 3362 2221 9259 1924 1141 7009 4610 415 1084 2250 67 2399 419 4195 1502 722 840 1214 719 1854 1744 487 367 298 353 396 2032 2451
internal_count=14545 11183 3362 2221 9259 1924 1141 7009 4610 415 1084 2250 67 2399 419 4195 1502 722 840 1214 719 1854 1744 487 367 298 353 396 2032 2451
is_linear=0
shrinkage=1


Tree=1
num_leaves=31
num_cat=0
split_feature=12 4 5 5 9 15 15 16 12 13 9 16 0 9 9 6 1 4 0 9 9 6 12 0 5 1 9 6 17 1
split_gain=53401.1 21411.6 8119.25 7531.24 7151.74 6271.79 4621.38 5698.56 3539.73 2287.91 1989.07 1903.91 1793.43 1735.67 1621.25 1438.27 1382.08 1342.13 1273.56 1225.79 1060.28 1050.1 1029.44 1001.58 916.214 892.176 865.383 825.315 787.924 742.415
threshold=11.725000000000003 1639027.4500000004 13.525 11.005000000000001 408989.85000000015 24.405000000000005 24.9025 53.307500000000012 18.965000000000003 12.035000000000002 -472071.14999999997 36.002500000000012 30.500000000000004 68571.400000000067 -18156.699999999892 20.252426000000003 2.5000000000000004 896557.25000000012 32.500000000000007 4417.8969999999981 308573.15000000014 12.955902000000002 9.7350000000000012 30.500000000000004 8.8050000000000015 4.5000000000000009 -775799.24999999988 1.0000000180025095e-35 21.320000000000004 5.5000000000000009
decision_type=2 2 2 2 2 2 2 2 2 2 2 2 2 2 2 2 2 2 2 2 2 2 2 2 2 2 2 2 2 2
left_child=1 3 12 6 8 11 7 10 16 20 21 -3 17 24 -9 19 -4 -2 -6 25 -5 -1 27 -10 26 -7 29 -12 -18 -8
right_child=2 5 4 9 18 15 13 14 23 -11 22 -13 -14 -15 -16 -17 28 -19 -20 -21 -22 -23 -24 -25 -26 -27 -28 -29 -30 -31
leaf_value=-0.0017880057512472073 0.088903323314679622 -0.080956864576735621 0.30840382731390742 0.039074798509307007 -0.15336914864571199 -0.15607303829571276 0.032707752066765086 0.56019384446097353 0.21366606023576529 0.1421966011897092 0.13242243838806947 -0.22173002474531969 0.14025838735284879 -0.20609348311729075 0.15533192257086437 -0.18897210964974617 0.23846910829078696 -0.055689950021458615 0.16038134129510986 -0.38723048638729823 -0.13396496336233427 0.2073869986459613 0.011876549956357903 0.46780366359012471 -0.0434381917219889 -0.34805091915554121 -0.12124534111325208 -0.050775889815323709 0.12490282983133763 -0.15205426005186973
leaf_weight=105 433 824 513 1520 115 129 185 51 45 617 63 339 997 307 48 224 447 255 45 420 94 140 1071 280 1018 114 1293 2544 232 77
leaf_count=105 433 824 513 1520 115 129 185 51 45 617 63 339 997 307 48 224 447 255 45 420 94 140 1071 280 1018 114 1293 2544 232 77
internal_value=0.000194015 -0.052336 0.174924 -0.0195578 0.252811 -0.198367 -0.045372 -0.0107507 0.286344 0.0603031 -0.0202052 -0.12199 0.0974076 -0.0937216 0.363897 -0.298509 0.246463 0.0353113 -0.0651268 -0.335517 0.0289969 0.117741 -0.0293941 0.432615 -0.0803139 -0.246137 -0.104455 -0.0463488 0.199666 -0.0215925
internal_weight=14545 11183 3362 9133 1677 2050 6902 4022 1517 2231 3923 1163 1685 2880 99 887 1192 688 160 663 1614 245 3678 325 2573 243 1555 2607 679 262
internal_count=14545 11183 3362 9133 1677 2050 6902 4022 1517 2231 3923 1163 1685 2880 99 887 1192 688 160 663 1614 245 3678 325 2573 243 1555 2607 679 262
is_linear=0
shrinkage=0.05


Tree=2
num_leaves=31
num_cat=0
split_feature=12 4 5 15 0 12 4 15 9 4 16 15 5 15 12 0 14 9 1 15 17 0 12 15 4 16 1 0 9 5
split_gain=48249.5 20624.8 7861.81 6977.45 6414.36 5780.35 4302.56 3877.24 3743.78 1978.8 1628.93 1445.17 1429.6 1383.39 1352.37 1333.95 1302.41 1287.39 1263.1 1146.78 1075.26 986.421 951.53 909.627 893.915 853.746 833.77 767.567 748.682 739.23
threshold=12.235000000000001 1410778.7500000002 11.425000000000002 24.405000000000005 30.500000000000004 16.935000000000006 699577.81000000017 26.745000000000005 -472071.14999999997 2163822.0000000005 53.307500000000012 16.515000000000004 16.505000000000006 25.082500000000007 9.7850000000000019 30.500000000000004 55.695000000000007 1101868.6200000003 4.5000000000000009 24.9025 26.255000000000003 30.500000000000004 19.910000000000004 29.522500000000004 622512.33000000019 32.355000000000011 2.5000000000000004 15.500000000000002 110369.87999999996 14.635000000000003
decision_type=2 2 2 2 2 2 2 2 2 2 2 2 2 2 2 2 2 2 2 2 2 2 2 2 2 2 2 2 2 2
left_child=1 2 7 11 6 19 -2 8 10 18 -1 -3 26 -12 16 25 -10 -8 -5 29 22 24 -7 -11 -9 -13 27 -4 -28 -6
right_child=4 3 12 9 5 20 17 21 14 23 13 15 -14 -15 -16 -17 -18 -19 -20 -21 -22 -23 -24 -25 -26 -27 28 -29 -30 -31
leaf_value=0.098020900468740249 0.15730382264379375 -0.016367276870001557 -0.001898573860107513 -0.11663634257233431 0.16085967284137345 0.32508041819876032 -0.023057374816674456 -0.087356541840369506 -0.044523225639166747 -0.26153033460543407 0.53772524220998896 -0.10626481257579548 0.16398024062065591 0.034383004240226001 0.018705466445983979 0.023348720080684872 0.2463933460337546 -0.28719980700449516 -0.26874280991948257 0.06319531978889241 0.19914928210469396 -0.036035379539955122 0.4537297358939742 -0.39123927930121627 -0.1746982455821782 -0.20026830437100862 0.050279572848413362 0.16789389239656335 -0.084040186175128873 0.25115828864624973
leaf_weight=297 592 389 89 254 672 386 286 1314 2844 246 43 540 388 20 1443 128 39 55 295 211 104 694 229 300 377 437 1153 264 114 342
leaf_count=297 592 389 89 254 672 386 286 1314 2844 246 43 540 388 20 1443 128 39 55 295 211 104 694 229 300 377 437 1153 264 114 342
internal_value=0.000184314 -0.0450358 -0.00953694 -0.169522 0.183579 0.235301 0.0758129 -0.0343313 -0.00791734 -0.2654 0.147006 -0.0992493 0.0777745 0.377934 -0.0208097 -0.128427 -0.0405878 -0.065661 -0.198369 0.169247 0.34784 -0.0862291 0.372984 -0.332799 -0.106829 -0.148311 0.0571276 0.125085 0.038194 0.191315
internal_weight=14545 11668 9079 2589 2877 1944 933 7071 4686 1095 360 1494 2008 63 4326 1105 2883 341 549 1225 719 2385 615 546 1691 977 1620 353 1267 1014
internal_count=14545 11668 9079 2589 2877 1944 933 7071 4686 1095 360 1494 2008 63 4326 1105 2883 341 549 1225 719 2385 615 546 1691 977 1620 353 1267 1014
is_linear=0
shrinkage=0.05


Tree=3
num_leaves=31
num_cat=0
split_feature=12 4 5 5 9 6 15 16 12 13 15 0 9 9 9 9 15 0 15 4 0 1 17 6 3 0 3 4 9 5
split_gain=43585.5 17585.5 6739.55 6350.28 5964.25 5132.73 3777.07 4971.87 2473.19 2390.01 2046.95 1989.88 1553.72 1521.64 1317.31 1301.22 1135.28 1140.04 1024.81 1024.28 979.601 857.507 819.066 800.862 797.993 792.864 787.215 777.29 769.379 729.935
threshold=11.725000000000003 1706329.4000000001 14.325000000000001 10.495000000000003 408989.85000000015 22.961075000000005 24.9025 53.307500000000012 19.315000000000001 12.035000000000002 25.497500000000002 30.500000000000004 68571.400000000067 -1250202.6299999997 -18156.699999999892 179936.05000000019 30.475000000000001 32.500000000000007 20.005000000000003 2252401.5000000005 32.500000000000007 2.5000000000000004 14.195000000000002 27.183212500000003 11.512786500000002 32.500000000000007 7.3323516500000006 2703314.0000000005 316870.39999999997 15.970000000000002
decision_type=2 2 2 2 2 2 2 2 2 2 2 2 2 2 2 2 2 2 2 2 2 2 2 2 2 2 2 2 2 2
left_child=1 3 11 6 8 10 7 13 21 16 27 15 -8 -1 -9 26 17 -5 -7 -12 -6 -4 -15 -13 -16 -10 -2 -3 -18 -11
right_child=2 5 4 9 20 18 12 14 25 29 19 23 -14 22 24 -17 28 -19 -20 -21 -22 -23 -24 -25 -26 -27 -28 -29 -30 -31
leaf_value=0.21582809998438909 0.15747484893903935 -0.1517102272428944 0.29148824022211256 0.0070056959757959919 -0.14794414202203451 -0.035841497375536491 -0.079692038914356222 0.52020692533254631 0.20575829162154091 0.082395569650501987 -0.24400398957682407 0.12180576565803586 -0.20321474872412276 0.038351685075855499 0.33947110598285996 -0.11630763072581565 -0.024544739635428796 0.090033618505425794 -0.14680873278279485 -0.37820292426613467 0.14360649671405554 0.19794472763473772 -0.03725240910002367 0.24654621501282162 -0.088165967762470251 0.43868267595951943 0.029157686258911093 -0.29549982596866115 -0.25639550003566242 0.19177573694779726
leaf_weight=65 161 421 421 1062 103 429 2317 50 43 367 254 1032 286 406 24 122 613 677 404 323 40 586 3045 147 20 243 464 121 38 261
leaf_count=65 161 421 421 1062 103 429 2317 50 43 367 254 1032 286 406 24 122 613 677 404 323 40 586 3045 147 20 243 464 121 38 261
internal_value=0.000175099 -0.0472823 0.158032 -0.0184497 0.240018 -0.183632 -0.0473532 -0.0142492 0.273905 0.0410525 -0.253585 0.0969049 -0.0932639 -0.0238436 0.344621 0.0330563 0.0182443 0.0393288 -0.0896599 -0.319127 -0.0663915 0.237053 -0.0283578 0.137359 0.145091 0.403663 0.0622122 -0.183811 -0.0380783 0.127855
internal_weight=14545 11183 3362 9231 1436 1952 6213 3610 1293 3018 1119 1926 2603 3516 94 747 2390 1739 833 577 143 1007 3451 1179 44 286 625 542 651 628
internal_count=14545 11183 3362 9231 1436 1952 6213 3610 1293 3018 1119 1926 2603 3516 94 747 2390 1739 833 577 143 1007 3451 1179 44 286 625 542 651 628
is_linear=0
shrinkage=0.05


Tree=4
num_leaves=31
num_cat=0
split_feature=12 4 5 15 0 12 4 9 15 4 15 15 0 5 0 1 9 15 17 3 5 3 16 15 12 15 9 17 12 5
split_gain=39425.3 16971.9 6327.99 5912.61 5312.49 4852.98 3567.48 3049.91 2609.1 1857.67 1475.72 1348.16 1230.85 1229.37 1198.38 1143.67 1136.19 1005.75 930.851 912.341 880.145 804.046 797.991 796.806 760.725 678.862 677.636 657.497 746.924 627.092
threshold=12.235000000000001 1327321.8000000003 11.425000000000002 24.405000000000005 30.500000000000004 16.935000000000006 699577.81000000017 -1370537.0999999999 26.745000000000005 2163822.0000000005 16.132500000000004 24.980000000000004 30.500000000000004 16.625000000000004 16.500000000000004 4.5000000000000009 1556975.3800000001 25.025000000000002 26.255000000000003 12.157974500000002 8.6750000000000025 22.809326500000005 32.355000000000011 34.340000000000011 20.005000000000006 29.522500000000004 34007.880000000099 12.922500000000001 10.045000000000002 15.795000000000002
decision_type=2 2 2 2 2 2 2 2 2 2 2 2 2 2 2 2 2 2 2 2 2 2 2 2 2 2 2 2 2 2
left_child=1 2 7 10 6 17 -2 11 14 15 -3 -1 22 23 19 26 -8 29 24 -9 -10 25 -12 -4 -7 -11 -5 -16 -29 -6
right_child=4 3 13 9 5 18 16 8 20 21 12 -13 -14 -15 27 -17 -18 -19 -20 -21 -22 -23 -24 -25 -26 -27 -28 28 -30 -31
leaf_value=0.33266717353119302 0.14207438449564114 -0.00023060970925143921 0.065881603671865963 -0.028309030275791888 0.15562076322386476 0.3016355639407855 -0.032605962283382271 0.0049526779157841446 -0.11114374366908093 -0.2579198057953444 -0.093437780515940094 0.049386964757302476 0.026455278464459948 0.15341834175960978 0.22419307173635716 -0.23652410441369118 -0.35481134817004206 0.051728750113736913 0.17778570471474758 -0.053847584595689585 -0.048777555569974068 -0.17120708257568129 -0.18110079529452705 -0.040982313469156449 0.4211387199010605 -0.38237602514457614 -0.18070373543354512 -0.0078806387427546309 0.064679762582411718 0.26209679315092438
leaf_weight=78 592 384 1413 150 854 420 311 1039 1085 191 601 91 140 373 39 349 30 206 104 1807 1182 98 457 199 195 257 142 1060 533 165
leaf_count=78 592 384 1413 150 854 420 311 1039 1085 191 601 91 140 373 39 349 30 206 104 1807 1182 98 457 199 195 257 142 1060 533 165
internal_value=0.000166344 -0.04071 -0.00707224 -0.148815 0.165945 0.213015 0.0678706 -0.0296639 -0.0349204 -0.233163 -0.0855272 0.180132 -0.112868 0.0716173 -0.0127942 -0.175434 -0.0609525 0.152492 0.316132 -0.0323812 -0.0786264 -0.300937 -0.131304 0.0526893 0.339527 -0.329315 -0.102419 0.021363 0.0163973 0.172862
internal_weight=14545 11668 8899 2769 2877 1944 933 6914 6745 1187 1582 169 1198 1985 4478 641 341 1225 719 2846 2267 546 1058 1612 615 448 292 1632 1593 1019
internal_count=14545 11668 8899 2769 2877 1944 933 6914 6745 1187 1582 169 1198 1985 4478 641 341 1225 719 2846 2267 546 1058 1612 615 448 292 1632 1593 1019
is_linear=0
shrinkage=0.05


Tree=5
num_leaves=31
num_cat=0
split_feature=5 4 9 12 15 12 9 1 0 12 15 9 13 8 9 15 9 15 0 3 9 4 0 17 0 3 3 4 9 15
split_gain=36498.1 11680.6 10529.6 9324.09 5427.75 3804.96 2159.94 2118.28 1837.26 1743.77 1525.67 1444.72 1408.91 1368.66 1180.16 1142.36 1114.21 1071.79 1046.42 1017.92 962.405 959.103 927.685 882.612 828.108 800.53 689.19 776.842 688.719 668.512
threshold=11.715000000000002 1542837.6000000003 465330.99999999983 15.835000000000003 20.892500000000005 8.5350000000000019 -1370537.0999999999 3.5000000000000004 32.500000000000007 20.075000000000003 32.88750000000001 -130659.08 12.585000000000003 1.6275635000000002 -398855.35999999981 24.980000000000004 8754.0169999999998 24.405000000000005 31.500000000000004 7.5382385500000009 1242078.1500000001 743929.60000000021 30.500000000000004 13.050000000000002 30.500000000000004 7.196350100000001 27.183212500000003 1379944.3500000003 -472071.14999999997 35.125000000000007
decision_type=2 2 2 2 2 2 2 2 2 2 2 2 2 2 2 2 2 2 2 2 2 2 2 2 2 2 2 2 2 2
left_child=1 5 3 7 24 6 15 13 20 26 11 -6 25 17 -7 -1 23 28 19 -16 -4 -11 -13 -8 -3 -9 27 -5 -2 -25
right_child=2 4 8 9 10 14 16 12 -10 21 -12 22 -14 -15 18 -17 -18 -19 -20 -21 -22 -23 -24 29 -26 -27 -28 -29 -30 -31
leaf_value=0.29633420017217438 0.48904051130468196 -0.066647432549051602 -0.10803527948196218 0.23082856736619595 -0.083818462997442111 0.12276508207432926 0.1122478534351103 0.1159641942921176 0.1142852405726444 0.33850040100998696 -0.30485878976007158 -0.23735599319974005 0.13913653592606062 0.058891171969500555 0.043553861592782322 0.014090012945234777 -0.12995606817868319 0.061474997038356696 0.04578146284651366 -0.030668991753433489 -0.2878654304396121 0.57558647823535791 -0.064025913173434507 -0.04681111703902887 0.12736822685574073 0.017720792587966498 0.336373563953068 -0.078235244218792244 0.20464600092783788 -0.10924794317614289
leaf_weight=62 22 811 186 639 272 232 80 263 64 154 340 685 483 274 617 85 525 139 1150 1838 124 59 87 3007 59 980 161 21 658 500
leaf_count=62 22 811 186 639 272 232 80 263 64 154 340 685 483 274 617 85 525 139 1150 1838 124 59 87 3007 59 980 161 21 658 500
internal_value=-0.000122365 -0.0506835 0.123679 0.148265 -0.151351 -0.0226567 -0.0551918 0.101158 -0.129614 0.276694 -0.212868 -0.18291 0.0666674 0.155624 0.0134567 0.133132 -0.0619242 0.187987 0.00642214 -0.012015 -0.179967 0.404172 -0.217823 -0.0519669 -0.05349 0.0385076 0.243621 0.220995 0.213847 -0.0557129
internal_weight=14577 10350 4227 3853 2254 8096 4259 2819 374 1034 1384 1044 1726 1093 3837 147 4112 819 3605 2455 310 213 772 3587 870 1243 821 660 680 3507
internal_count=14577 10350 4227 3853 2254 8096 4259 2819 374 1034 1384 1044 1726 1093 3837 147 4112 819 3605 2455 310 213 772 3587 870 1243 821 660 680 3507
is_linear=0
shrinkage=0.05


Tree=6
num_leaves=31
num_cat=0
split_feature=5 4 9 12 12 6 4 9 13 12 0 17 16 0 17 12 13 0 8 0 3 4 3 4 14 4 9 13 3 6
split_gain=33071.4 11715 8489.66 6737.07 4455.71 4113.11 2913.48 2488.3 1977.27 1642.59 1559.61 1452.93 1527.63 1100.6 1071.96 1048.56 1618.73 814.192 799.991 798.242 769.026 745.212 740.653 731.014 715.924 693.088 680.916 629.081 569.621 655.971
threshold=12.235000000000001 1542837.6000000003 465330.99999999983 15.745000000000003 10.085000000000003 26.146469500000006 2457619.0000000005 -1370537.0999999999 1.0000000180025095e-35 20.225000000000005 32.500000000000007 25.025000000000002 55.695000000000007 32.500000000000007 23.735000000000003 9.0050000000000008 11.855000000000002 26.500000000000004 1.8492280000000003 27.500000000000004 5.3544770000000002 743929.60000000021 27.183212500000003 2703314.0000000005 36.805000000000007 1379944.3500000003 82139.280000000042 1.0000000180025095e-35 19.255935500000003 9.3979950000000017
decision_type=2 2 2 2 2 2 2 2 2 2 2 2 2 2 2 2 2 2 2 2 2 2 2 2 2 2 2 2 2 2
left_child=1 4 3 15 7 6 8 14 17 22 23 12 -9 26 24 16 -2 -3 -17 20 -6 -11 25 -4 -1 -5 -13 -8 29 -10
right_child=2 5 10 9 19 -7 27 11 28 21 -12 13 -14 -15 -16 18 -18 -19 -20 -21 -22 -23 -24 -25 -26 -27 -28 -29 -30 -31
leaf_value=0.076751578319817784 0.010024504414460286 -0.13497121354819022 -0.12167355040528219 0.21754735313245088 0.094882565709243263 -0.038787177872441757 -0.24609038618371964 -0.026177052864362838 -0.15097836346982363 0.33247315697111451 0.11362363030584377 -0.081709971380512128 0.3382969044919672 -0.01897748068247513 0.026314777161745469 0.16446555320976108 0.12981579490661288 -0.028642816981142863 0.057630788635631862 0.069978065681528465 -0.0037133421929325498 0.5504840466711256 0.32754276880511535 -0.32207010109924666 0.37227102220058444 -0.074323481002024239 -0.17631807650861583 -0.36491341455927434 -0.13157787158464393 -0.32437802315415709
leaf_weight=32 529 462 199 647 240 676 372 3325 77 143 61 1709 29 699 98 861 604 295 220 1166 1124 54 162 59 57 21 214 159 96 187
leaf_count=32 529 462 199 647 240 676 372 3325 77 143 61 1709 29 699 98 861 604 295 220 1166 1124 54 162 59 57 21 214 159 96 187
internal_value=-0.000116247 -0.0429273 0.132369 0.156593 -0.0162684 -0.142646 -0.185248 -0.0392039 -0.139411 0.262438 -0.113743 -0.0448239 -0.0230257 -0.0727077 0.140398 0.107496 0.073885 -0.0935354 0.142723 0.0396018 0.0136349 0.392232 0.231632 -0.167501 0.266017 0.208372 -0.0922384 -0.28167 -0.235876 -0.273803
internal_weight=14577 11017 3560 3241 8693 2324 1648 6163 1117 1027 319 5976 3354 2622 187 2214 1133 757 1081 2530 1364 197 830 258 89 668 1923 531 360 264
internal_count=14577 11017 3560 3241 8693 2324 1648 6163 1117 1027 319 5976 3354 2622 187 2214 1133 757 1081 2530 1364 197 830 258 89 668 1923 531 360 264
is_linear=0
shrinkage=0.05


Tree=7
num_leaves=31
num_cat=0
split_feature=5 4 9 12 12 6 9 1 9 15 12 9 13 8 9 15 4 5 17 8 4 5 15 3 9 5 6 3 4 5
split_gain=29878.5 9708.74 8621.17 7581.12 4080.03 3778.75 1926.81 1816.15 1486.96 1477.24 1418.95 1361.44 1183.47 1164.06 1122.94 948.84 919.361 895.024 879.833 876.65 789.258 773.689 743.459 718.065 621.839 565.535 666.859 559.951 634.045 553.86
threshold=11.715000000000002 1935653.7000000004 465330.99999999983 15.835000000000003 8.3850000000000033 25.831634500000003 12191.485300000188 3.5000000000000004 -1370537.0999999999 29.522500000000004 20.075000000000003 1242078.1500000001 12.585000000000003 1.6275635000000002 -79879.100000000079 24.405000000000005 2936993.2500000005 9.9750000000000032 13.050000000000002 2.07623325 743929.60000000021 9.5750000000000011 32.957500000000003 7.196350100000001 -472071.14999999997 8.1250000000000018 12.615387000000002 27.183212500000003 1379944.3500000003 3.5300000000000007
decision_type=2 2 2 2 2 2 2 2 2 2 2 2 2 2 2 2 2 2 2 2 2 2 2 2 2 2 2 2 2 2
left_child=1 4 3 7 6 9 8 13 19 16 27 -4 23 15 25 24 -3 -16 -10 -1 -12 22 -20 -9 -2 -6 -27 28 -5 -24
right_child=2 5 11 10 14 -7 -8 12 18 -11 20 -13 -14 -15 17 -17 -18 -19 21 -21 -22 -23 29 -25 -26 26 -28 -29 -30 -31
leaf_value=0.06246258301517138 0.45777388919483536 -0.14554391950314841 -0.04642184669560926 0.2086097911806232 0.013858789372121689 -0.055301278241006419 -0.13295055921754889 0.10728679219244877 0.12354042359404792 -0.30726308897366894 0.30537437191837796 -0.24570478752703595 0.12615549545175941 0.052895365355079188 -0.022341300569933102 0.052917189064281556 -0.28542500612767124 0.027720114897285215 -0.053906369021617884 0.41804647054523231 0.52044588816115411 -0.015138937728718306 -0.27191493904815534 0.014241019374196778 0.1875404501645925 0.031494130098635886 0.16780187498351701 0.30372523661726014 -0.070607310347259047 -0.10242093519230647
leaf_weight=130 22 517 241 639 253 538 733 263 71 325 154 133 483 274 2117 139 152 1544 2060 20 59 936 53 980 658 154 215 161 21 532
leaf_count=130 22 517 241 639 253 538 733 263 71 325 154 133 483 274 2117 139 152 1544 2060 20 59 936 53 980 658 154 215 161 21 532
internal_value=-0.000110435 -0.0458573 0.111903 0.13415 -0.0256725 -0.162039 -0.0587248 0.0916734 -0.0444146 -0.21981 0.249954 -0.11729 0.0597368 0.142106 0.00932456 0.171951 -0.177326 -0.00122826 -0.0507517 0.109874 0.364948 -0.0542074 -0.0680327 0.0339281 0.196283 0.0714369 0.110915 0.22012 0.199726 -0.117777
internal_weight=14577 10350 4227 3853 8818 1532 4535 2819 3802 994 1034 374 1726 1093 4283 819 669 3661 3652 150 213 3581 2645 1243 680 622 369 821 660 585
internal_count=14577 10350 4227 3853 8818 1532 4535 2819 3802 994 1034 374 1726 1093 4283 819 669 3661 3652 150 213 3581 2645 1243 680 622 369 821 660 585
is_linear=0
shrinkage=0.05


Tree=8
num_leaves=31
num_cat=0
split_feature=5 4 15 15 0 12 4 12 15 16 4 15 4 7 15 4 1 0 0 5 5 5 0 7 13 18 6 7 8 6
split_gain=27092.7 9313.19 6120.1 4139.88 4008.19 3597.31 3051.81 2935.01 1626.27 3708.71 1589.23 1485.9 1198.44 1096.32 1091.46 1085.35 1019.94 919.212 806.164 775.366 704.041 697.069 695.016 641.293 581.342 579.822 566.024 545.034 537.312 527.245
threshold=12.045000000000002 1674973.8500000003 25.595000000000002 20.892500000000005 32.500000000000007 9.5650000000000031 830146.85000000021 19.315000000000001 24.9025 53.307500000000012 612729.83000000019 19.897500000000004 3088979.3500000006 757217.42500000016 29.522500000000004 852443.95000000007 2.5000000000000004 29.500000000000004 29.500000000000004 8.8350000000000026 15.005000000000001 9.3350000000000026 26.500000000000004 2083331.3500000003 15.055000000000001 -0.74000000000000543 3.6885986500000003 1293905.0500000003 1.2254793000000015 1.0000000180025095e-35
decision_type=2 2 2 2 2 2 2 2 2 2 2 2 2 2 2 2 2 2 2 2 2 2 2 2 2 2 2 2 2 2
left_child=1 5 4 22 10 8 24 16 9 23 13 -12 14 20 -5 21 -6 26 -8 -11 -2 27 -3 29 -4 -17 -7 -10 -19 -1
right_child=2 3 6 12 7 17 18 -9 15 19 11 -13 -14 -15 -16 25 -18 28 -20 -21 -22 -23 -24 -25 -26 -27 -28 -29 -30 -31
leaf_value=0.11103050791060748 0.06247935836170021 -0.080689565043604111 0.036496733531560889 -0.1349196953569661 0.22198911976858976 0.087806929238777948 -0.23630875134397122 0.35545347309653363 -0.082734370512784858 0.39748903424479071 0.11686373621367725 -0.080329510239697241 -0.3192807687134106 0.49127442374825475 -0.23734555672093008 -0.062079571660991033 0.13837958202175329 0.081015083760033704 -0.040378311353011266 0.047355908723104571 0.17879351103115174 -0.016487140308037915 0.017919726955527474 0.14041936366401356 0.14480525230572217 -0.16517575746971835 -0.0061083439097556298 0.028634456066647548 0.0075468374987908496 -0.030934971882782037
leaf_weight=67 293 497 670 694 625 179 126 259 1300 64 157 244 161 20 416 214 876 880 90 21 234 870 279 58 152 376 1547 120 347 2741
leaf_count=67 293 497 670 694 625 179 126 259 1300 64 157 244 161 20 416 214 876 880 90 21 234 870 279 58 152 376 1547 120 347 2741
internal_value=-0.000104913 -0.0401926 0.115803 -0.136237 0.15537 -0.0178107 0.0125764 0.200015 -0.0405812 -0.0144953 0.0724861 -0.00312417 -0.191797 0.127915 -0.173306 -0.0673102 0.173194 0.027152 -0.154671 0.310986 0.114125 -0.0517303 -0.045236 -0.0241484 0.0565246 -0.127782 0.00363142 -0.0733229 0.060238 -0.0275476
internal_weight=14577 10831 3746 2047 2708 8784 1038 1760 5831 2951 948 401 1271 547 1110 2880 1501 2953 216 85 527 2290 776 2866 822 590 1726 1420 1227 2808
internal_count=14577 10831 3746 2047 2708 8784 1038 1760 5831 2951 948 401 1271 547 1110 2880 1501 2953 216 85 527 2290 776 2866 822 590 1726 1420 1227 2808
is_linear=0
shrinkage=0.05


Tree=9
num_leaves=31
num_cat=0
split_feature=12 4 0 15 12 13 4 17 4 0 6 1 0 0 3 16 15 7 15 12 12 15 3 3 15 7 0 7 4 3
split_gain=24703.7 10180.8 4306.13 4037.41 3699.99 3608.39 2483.72 2023.19 1596.93 1349.29 1202.1 1017.83 1014.09 973.001 926.406 940.906 923.982 1023.61 916.641 792.019 779.355 737.342 690.317 688.889 626.074 606.883 606.75 596.029 593.931 575.812
threshold=11.725000000000003 1205150.4000000001 31.500000000000004 24.405000000000005 16.935000000000006 11.855000000000002 699577.81000000017 26.255000000000003 2163822.0000000005 17.500000000000004 24.488647500000003 4.5000000000000009 32.500000000000007 30.500000000000004 10.263061500000001 39.110000000000007 26.255000000000003 1807931.1000000003 16.802500000000006 19.910000000000004 16.525000000000002 24.632500000000004 10.683365000000002 16.372756500000005 26.125000000000004 2233184.6500000004 45.500000000000007 636270.00000000012 2728701.4000000004 23.065216000000003
decision_type=2 2 2 2 2 2 2 2 2 2 2 2 2 2 2 2 2 2 2 2 2 2 2 2 2 2 2 2 2 2
left_child=1 5 6 13 21 7 20 9 11 14 28 25 -9 18 15 -1 17 26 -3 -6 22 -4 -2 -19 -7 -5 -11 -24 -8 -10
right_child=2 3 4 8 19 24 10 12 29 16 -12 -13 -14 -15 -16 -17 -18 23 -20 -21 -22 -23 27 -25 -26 -27 -28 -29 -30 -31
leaf_value=0.0020390736128740121 0.11905948191128737 -0.014160216215613117 0.134096832827866 -0.11591056668459504 0.21599063127336829 0.1531975923783955 -0.074283891628795076 -0.073718899548382621 -0.2668036335796839 0.061340541531342233 0.053442066589837134 -0.18323946961654847 -0.0064432338533520943 0.050638018913302552 -0.035810890385309699 0.1405972131766173 -0.035295021984631483 0.31752121228787861 -0.10020189650457834 0.32666916067794716 0.19666283059565504 0.043069394856408941 -0.019028628005971906 0.070371004138831739 0.059895746384271031 0.026391530594707509 -0.020075623413462709 0.26078563733469873 -0.27877951257112549 -0.1350898064636063
leaf_weight=762 359 432 1130 215 430 305 265 1801 465 986 211 427 813 169 2175 146 354 59 1092 259 174 277 203 54 438 115 298 21 41 101
leaf_count=762 359 432 1130 215 430 305 265 1801 465 986 211 427 813 169 2175 146 354 59 1092 259 174 277 203 54 438 115 298 21 41 101
internal_value=-9.96673e-05 -0.035793 0.118599 -0.114329 0.162664 -0.0068753 0.046104 -0.017357 -0.179771 0.00180614 -0.0383731 -0.132271 -0.052795 -0.0631895 -0.0181018 0.0243182 0.0368581 0.0551417 -0.0758121 0.257595 0.103798 0.116176 0.0760824 0.199414 0.098196 -0.0663204 0.0424449 0.00720396 -0.101684 -0.2433
internal_weight=14577 11207 3370 3016 2096 8191 1274 7448 1323 4834 517 757 2614 1693 3083 908 1751 1397 1524 689 757 1407 583 113 743 330 1284 224 306 566
internal_count=14577 11207 3370 3016 2096 8191 1274 7448 1323 4834 517 757 2614 1693 3083 908 1751 1397 1524 689 757 1407 583 113 743 330 1284 224 306 566
is_linear=0
shrinkage=0.05


Tree=10
num_leaves=31
num_cat=0
split_feature=5 4 4 12 12 6 3 1 17 16 6 13 0 0 4 0 8 4 19 5 17 3 14 3 1 8 6 3 4 4
split_gain=23157.9 7394.79 4674.83 4208.86 3690.55 3011.62 2307.61 1266.04 1173.66 2009.75 1158.49 1095.43 906.49 888.882 848.924 831.137 771.229 742.389 1148.46 675.964 631.548 612.453 531.235 503.458 601.698 500.18 497.495 487.969 484.77 478.818
threshold=12.235000000000001 1935653.7000000004 1555475.2000000002 15.745000000000003 9.4850000000000012 26.440262000000001 21.442383000000003 2.5000000000000004 25.695000000000004 55.695000000000007 22.825454500000003 1.0000000180025095e-35 25.500000000000004 30.500000000000004 193632.23500000002 28.500000000000004 1.9949190000000006 515396.98000000004 -0.75249999999999939 14.885000000000003 26.255000000000003 16.947464000000004 34.292500000000011 15.896209500000003 1.5000000000000002 -3.5253752999999994 1.0000000180025095e-35 20.591644000000006 3088979.3500000006 10215.348000000002
decision_type=2 2 2 2 2 2 2 2 2 2 2 2 2 2 2 2 2 2 2 2 2 2 2 2 2 2 2 2 2 2
left_child=1 4 3 7 8 11 -4 16 9 26 21 12 -3 20 -12 17 -2 -10 -19 -9 -6 25 -8 -20 -25 -5 -1 -13 -14 -15
right_child=2 5 6 10 13 -7 22 19 15 -11 14 27 28 29 -16 -17 -18 18 23 -21 -22 -23 -24 24 -26 -27 -28 -29 -30 -31
leaf_value=0.099818819053974508 0.18567200057186881 -0.2070387540118302 -0.20141750842191375 0.38813508156173193 0.018122651229634572 -0.040102139511711411 0.10658696593428162 0.036244138249327096 -0.064175833305359531 0.28456833049959435 0.1852764118763601 -0.29974822870187334 -0.06900901316708867 0.033362662427740407 0.33126782810465361 -0.025852257075413894 0.033346560316214573 -0.060498848725304324 -0.25477377140725199 0.10092431647133381 -0.047920342037946047 0.029058690672474248 -0.04976087999741801 0.12680625259876252 -0.17052743704172604 0.17487868512655558 -0.031167497873379003 -0.16345841724138996 -0.2270030925114607 0.096960893558753022
leaf_weight=74 430 363 158 29 1463 535 142 839 1198 52 161 236 298 872 261 809 103 288 176 779 481 70 88 20 114 530 3552 91 58 448
leaf_count=74 430 363 158 29 1463 535 142 839 1198 52 161 236 298 872 261 809 103 288 176 779 481 70 88 20 114 530 3552 91 58 448
internal_value=-0.000811802 -0.036435 0.10961 0.129472 -0.0198485 -0.136594 -0.0542979 0.0894015 -0.0422549 -0.0240682 0.211481 -0.185948 -0.151441 0.0232826 0.27557 -0.0679328 0.156236 -0.0868878 -0.132388 0.067385 0.00178177 0.168483 0.0467669 -0.199175 -0.126149 0.185942 -0.0284943 -0.26182 -0.0947496 0.0549475
internal_weight=14718 11128 3590 3202 9547 1581 388 2151 6283 3678 1051 1046 719 3264 422 2605 533 1796 598 1618 1944 629 230 310 134 559 3626 327 356 1320
internal_count=14718 11128 3590 3202 9547 1581 388 2151 6283 3678 1051 1046 719 3264 422 2605 533 1796 598 1618 1944 629 230 310 134 559 3626 327 356 1320
is_linear=0
shrinkage=0.05


Tree=11
num_leaves=31
num_cat=0
split_feature=5 4 9 12 12 6 0 9 15 1 9 9 5 7 8 17 0 0 5 5 15 13 15 6 4 6 3 0 5 0
split_gain=20952.9 6254.91 5980.07 4482.52 2971.59 2586.67 1818.3 1615.54 1132.19 1122.63 958.978 931.649 931.483 890.042 876.224 798.785 793.128 785.379 783.637 772.429 740.726 641.586 623.714 572.624 617.854 561.913 545.561 509.808 517.729 507.436
threshold=11.855000000000002 1935653.7000000004 308573.15000000014 15.745000000000003 8.0750000000000011 26.440262000000001 32.500000000000007 8754.0169999999998 29.522500000000004 3.5000000000000004 -18156.699999999892 -1084649.4299999997 15.970000000000002 174459.49000000002 1.8492280000000003 13.050000000000002 30.500000000000004 25.500000000000004 9.4850000000000012 9.1850000000000005 30.407500000000002 9.0050000000000008 24.405000000000005 17.275955000000003 774919.60000000009 18.805374500000003 7.086120600000001 17.500000000000004 8.0650000000000031 26.500000000000004
decision_type=2 2 2 2 2 2 2 2 2 2 2 2 2 2 2 2 2 2 2 2 2 2 2 2 2 2 2 2 2 2
left_child=1 4 3 9 7 8 20 11 17 14 23 25 26 -5 22 -13 -15 -3 -12 -17 -4 -14 -2 24 -6 -1 -11 -25 -29 -9
right_child=2 5 6 13 10 -7 -8 29 -10 12 18 15 21 16 -16 19 -18 -19 -20 -21 -22 -23 -24 27 -26 -27 -28 28 -30 -31
leaf_value=0.12898286703441825 0.16705200101231582 -0.19308575539743336 -0.086716349671485074 0.16529087018903885 0.072897423550560808 -0.039860051710908673 0.10021440936420972 -0.14532278240998805 -0.2544999957709394 0.10433486389678599 -0.028407207160259296 0.13563270257941137 -0.026040049242800564 0.030439209342002872 0.034771861132708387 -0.066173928084184958 0.27865095845013277 -0.087443124016449936 0.016788059384175331 -0.015740715009025137 -0.25238071535560458 0.139269338144166 0.047583731178974985 0.0042801216467513994 -0.034408915827900059 -0.019189596950219802 0.013446243452704724 0.037578540471149613 0.192727644407622 -0.049523637354632916
leaf_weight=126 658 359 261 617 276 519 114 530 322 202 1870 60 69 35 222 2159 400 345 1969 1171 91 393 131 93 261 130 904 80 164 187
leaf_count=126 658 359 261 617 276 519 114 530 322 202 1870 60 69 35 222 2159 400 345 1969 1171 91 393 131 93 261 130 904 80 164 187
internal_value=-0.000771211 -0.0378237 0.0952832 0.116924 -0.0219925 -0.130823 -0.0733373 -0.0517279 -0.176837 0.0814425 0.00553466 -0.0382355 0.0549535 0.203907 0.122525 -0.0451811 0.25868 -0.141315 -0.00522683 -0.048439 -0.129544 0.11458 0.147216 0.0528039 0.0207429 0.053739 0.0300462 0.103892 0.141859 -0.120338
internal_weight=14718 10621 4097 3631 9076 1545 466 4363 1026 2579 4713 3646 1568 1052 1011 3390 435 704 3839 3330 352 462 789 874 537 256 1106 337 244 717
internal_count=14718 10621 4097 3631 9076 1545 466 4363 1026 2579 4713 3646 1568 1052 1011 3390 435 704 3839 3330 352 462 789 874 537 256 1106 337 244 717
is_linear=0
shrinkage=0.05


Tree=12
num_leaves=31
num_cat=0
split_feature=5 4 9 12 15 15 16 0 0 5 4 15 0 19 9 9 0 15 3 9 8 12 3 3 8 12 5 9 0 3
split_gain=18924.6 6032.11 5249.67 3533.49 2817.33 2757.82 2382.89 1687.89 1337.88 1113.01 1037.35 1031.8 956.259 830.372 723.533 718.468 709.882 708.671 673.108 665.43 633.559 611.373 540.513 529.266 723.772 499.547 466.483 457.199 454.494 450.444
threshold=12.185 1686703.6000000003 380911.80000000016 16.635000000000002 24.9025 19.980000000000004 53.307500000000012 30.500000000000004 30.500000000000004 9.1850000000000005 3049889.3000000003 26.255000000000003 44.500000000000007 1.0400000000000011 -381510.13999999996 23090.700000000073 28.500000000000004 32.480000000000004 6.8698273000000007 63712.694999999956 1.9949190000000006 20.225000000000005 19.544616500000004 10.730728500000003 1.0000000180025095e-35 12.385000000000003 9.1850000000000005 -646912.65000000002 26.500000000000004 8.5774380000000026
decision_type=2 2 2 2 2 2 2 2 2 2 2 2 2 2 2 2 2 2 2 2 2 2 2 2 2 2 2 2 2 2
left_child=1 4 3 11 6 16 7 14 22 15 17 20 -9 -8 23 27 -3 19 25 -7 -2 -5 -4 -1 26 -16 -25 -6 -21 -13
right_child=2 5 8 21 9 10 13 12 -10 -11 -12 29 -14 -15 18 -17 -18 -19 -20 28 -22 -23 -24 24 -26 -27 -28 -29 -30 -31
leaf_value=-0.044193747303063941 0.12356511501760473 -0.053792471570162995 -0.20382110163145051 0.18456320698033671 -0.006536420813788431 -0.061205085593291332 0.35864947708323602 0.081283220874218881 0.048483782215749449 -0.017218141025040861 -0.26190507935505125 0.12411909988340847 -0.0072513936326843043 0.036127756124940416 0.0078850709693607662 -0.14703080917603636 0.076071237319127752 -0.20827569195254189 -0.031825104052018126 -0.18639370917279754 0.046920684767847963 0.28763662773222237 -0.046236345091138976 0.12625894239254759 -0.0083139708081337929 0.14849572790165741 0.36115157578606161 -0.072837906979657419 -0.093387876478743484 0.018373815449070918
leaf_weight=92 1399 535 158 647 313 358 64 890 132 1541 187 122 464 29 747 284 131 257 2803 326 334 185 83 113 96 69 26 1536 220 577
leaf_count=92 1399 535 158 647 313 358 64 890 132 1541 187 122 464 29 747 284 131 257 2803 326 334 185 83 113 96 69 26 1536 220 577
internal_value=-0.000732651 -0.0332145 0.0982312 0.118538 -0.015828 -0.111489 0.00717643 0.00277382 -0.0794678 -0.0495958 -0.152614 0.0881099 0.0509434 0.258078 -0.0137547 -0.0729872 -0.0282487 -0.135011 -0.0201905 -0.114183 0.108793 0.207482 -0.149549 0.0574717 0.0972726 0.0197749 0.170196 -0.0616143 -0.148919 0.0368301
internal_weight=14718 11081 3637 3264 9067 2014 5393 5300 373 3674 1348 2432 1354 93 3946 2133 666 1161 3619 904 1733 832 241 327 235 816 139 1849 546 699
internal_count=14718 11081 3637 3264 9067 2014 5393 5300 373 3674 1348 2432 1354 93 3946 2133 666 1161 3619 904 1733 832 241 327 235 816 139 1849 546 699
is_linear=0
shrinkage=0.05


Tree=13
num_leaves=31
num_cat=0
split_feature=5 9 9 12 12 12 0 0 14 9 0 15 4 15 3 15 6 0 8 17 6 5 16 14 4 6 18 8 5 14
split_gain=17118.9 5103.89 5068.25 4041.68 2253.98 2169.58 1585.23 1095.77 1268.78 975.255 966.554 912.944 840.49 1018.95 789.587 742.446 713.969 678.787 657.377 580.074 555.818 538.632 536.211 566.639 498.632 486.07 471.372 455.074 506.179 434.948
threshold=11.585000000000003 63712.694999999956 308573.15000000014 15.745000000000003 8.0750000000000011 7.3350000000000009 32.500000000000007 30.500000000000004 44.57500000000001 -1084649.4299999997 11.500000000000002 29.960000000000004 983522.15000000014 28.847500000000004 26.440262000000001 30.407500000000002 25.790603500000007 32.500000000000007 1.9949190000000006 13.325000000000001 18.805374500000003 16.005000000000006 58.470000000000006 23.462500000000006 1147744.0000000002 9.5085905000000022 1.4875000000000009 -4.0957182499999991 18.415000000000003 18.625000000000004
decision_type=2 2 2 2 2 2 2 2 2 2 2 2 2 2 2 2 2 2 2 2 2 2 2 2 2 2 2 2 2 2
left_child=1 4 3 11 9 16 15 8 -7 20 -6 18 19 -14 24 -4 17 25 29 -11 26 -13 23 -12 27 -3 -1 -5 -29 -2
right_child=2 5 6 14 10 7 -8 -9 -10 12 22 21 13 -15 -16 -17 -18 -19 -20 -21 -22 -23 -24 -25 -26 -27 -28 28 -30 -31
leaf_value=0.19921414472926888 0.24706221655942501 -0.11476484064478427 -0.076637928648191189 0.36717477929950865 -0.022054597738589331 -0.049639678356817235 0.091476930731829886 0.046043880937134692 -0.19624191623588561 0.10095889814500068 0.07840873364146804 -0.0080404232047517239 -0.052272609316777678 -0.15507976608712945 0.25452415108731935 -0.23712806626766303 -0.065963010512367179 -0.0022415323144927318 0.028223711325571301 -0.040886257741189869 -0.021209686065183864 0.097620621075620875 0.2621454102297624 0.01396828158609098 -0.049270969655896939 -0.21512315597098608 0.0037287972940533774 0.13298281812370105 0.22852227273520997 0.094477490509055739
leaf_weight=78 48 152 289 27 1689 638 120 203 192 74 409 490 662 379 291 96 158 49 408 2773 143 160 24 2056 28 585 51 528 188 1730
leaf_count=78 48 152 289 27 1689 638 120 203 192 74 409 490 662 379 291 96 158 49 408 2773 143 160 24 2056 28 585 51 528 188 1730
internal_value=-0.000696018 -0.0359269 0.0818401 0.101149 -0.0188008 -0.108156 -0.0671989 -0.0580849 -0.0835525 -0.0448535 0.0071396 0.0699929 -0.0512568 -0.0897019 0.184348 -0.116656 -0.162948 -0.182444 0.0854622 -0.0371994 0.0466761 0.0179684 0.0269504 0.0246604 0.157862 -0.194425 0.121929 0.165667 0.158069 0.0985968
internal_weight=14718 10315 4403 3898 8338 1977 505 1033 830 4160 4178 2836 3888 1041 1062 385 944 786 2186 2847 272 650 2489 2465 771 737 129 743 716 1778
internal_count=14718 10315 4403 3898 8338 1977 505 1033 830 4160 4178 2836 3888 1041 1062 385 944 786 2186 2847 272 650 2489 2465 771 737 129 743 716 1778
is_linear=0
shrinkage=0.05


Tree=14
num_leaves=31
num_cat=0
split_feature=5 12 9 9 13 9 5 12 9 17 14 5 5 0 4 12 13 12 0 3 6 4 0 13 8 9 17 6 4 19
split_gain=15521.8 4890.72 4373.38 2655.08 2182.54 1960.04 1832.51 1607.06 1231.96 1076.94 981.15 891.431 857.1 826.617 808.188 801.671 784.555 751.002 652.292 584.631 576.387 535.403 516.189 479.777 475.097 468.017 452.519 450.155 443.481 442.554
threshold=11.165000000000001 14.945000000000002 110369.87999999996 308573.15000000014 1.0000000180025095e-35 661989.37499999988 7.3250000000000011 7.2650000000000006 -381510.13999999996 26.002500000000005 44.57500000000001 16.815000000000001 8.3150000000000031 29.500000000000004 1600644.5000000002 9.0050000000000008 9.5050000000000008 20.225000000000005 27.500000000000004 11.258560500000002 25.790603500000007 1718367.3000000003 12.500000000000002 8.1050000000000022 1.6867367000000002 -1084649.4299999997 24.847500000000004 3.3015136500000004 1024306.2500000001 -10.647499999999996
decision_type=2 2 2 2 2 2 2 2 2 2 2 2 2 2 2 2 2 2 2 2 2 2 2 2 2 2 2 2 2 2
left_child=2 3 4 11 8 9 25 20 14 17 29 15 27 -5 19 16 -2 24 -12 -1 21 -4 -17 -8 -3 -6 -21 -10 -27 -9
right_child=1 5 7 13 6 -7 23 10 12 -11 18 -13 -14 -15 -16 22 -18 -19 -20 26 -22 -23 -24 -25 -26 28 -28 -29 -30 -31
leaf_value=-0.0004215197025129459 -0.042056473355509709 0.17904471470765446 -0.12756930965425475 -0.14112306291802376 -0.023895052373409272 -0.08098910464555957 -0.07335536538860335 0.15872852655834166 0.069578383931398605 0.054665672190656711 -0.22174688211601712 0.12267888882450391 0.0031262398847237104 0.0086519303907816487 -0.031860224994156382 0.012486728596188684 0.041755973874483598 0.2736833654311967 -0.05404417800903321 0.16345430268851766 -0.059267317431987127 -0.21843522786314107 0.084192100387115817 -0.022697077607925401 0.096944964628814245 -0.11376681687200772 0.058592034950462314 -0.044856623317827443 -0.2219454863922514 -0.04128264039148416
leaf_weight=149 418 826 274 244 60 90 743 29 90 209 138 405 2824 148 203 322 841 174 100 223 113 397 1138 1260 224 170 191 1904 214 597
leaf_count=149 418 826 274 244 60 90 743 29 90 209 138 405 2824 148 203 322 841 174 100 223 113 397 1138 1260 224 170 191 1904 214 597
internal_value=-0.000661217 0.0705028 -0.03771 0.038083 -0.022485 0.145347 -0.0618601 -0.111904 -0.00523021 0.159562 -0.0648705 0.0534742 -0.0145945 -0.0845754 0.0536697 0.0431661 0.0139294 0.177473 -0.151284 0.084509 -0.163737 -0.181331 0.0683776 -0.0414884 0.16153 -0.153762 0.115076 -0.0396916 -0.174054 -0.0320169
internal_weight=14718 5039 9679 3516 8031 1523 2447 1648 5584 1433 864 3124 4818 392 766 2719 1259 1224 238 563 784 671 1460 2003 1050 444 414 1994 384 626
internal_count=14718 5039 9679 3516 8031 1523 2447 1648 5584 1433 864 3124 4818 392 766 2719 1259 1224 238 563 784 671 1460 2003 1050 444 414 1994 384 626
is_linear=0
shrinkage=0.05


Tree=15
num_leaves=31
num_cat=0
split_feature=12 4 5 15 9 9 17 0 12 15 5 15 15 14 1 16 9 0 18 8 9 0 1 8 4 0 5 1 4 7
split_gain=14121.4 6693.13 2811.16 2695.56 2214.6 1814.39 1633.84 1453.32 1398.27 981.56 901.361 883.772 846.175 848.667 823.733 794.693 711.04 667.475 681.582 664.866 649.727 614.03 569.317 583.62 551.694 494.016 469.41 454.063 417.153 408.251
threshold=13.005000000000001 1034048.9250000002 10.765000000000002 30.297500000000003 661989.37499999988 -447240.79999999987 26.002500000000005 26.500000000000004 17.575000000000003 22.885000000000002 16.505000000000006 19.202500000000004 24.9025 55.695000000000007 1.5000000000000002 53.307500000000012 34007.880000000099 27.500000000000004 10.94 1.6015164999999991 1406.1034999999999 32.500000000000007 2.5000000000000004 1.4882812499999996 2308665.3500000006 15.500000000000002 7.8550000000000013 2.5000000000000004 222619.02500000005 127865.83750000001
decision_type=2 2 2 2 2 2 2 2 2 2 2 2 2 2 2 2 2 2 2 2 2 2 2 2 2 2 2 2 2 2
left_child=1 2 5 7 6 9 8 11 19 15 22 -3 13 25 16 -1 -5 28 -19 27 -13 -16 23 29 -9 -7 -14 -2 -10 -4
right_child=4 3 10 14 -6 12 -8 24 17 -11 -12 20 26 -15 21 -17 -18 18 -20 -21 -22 -23 -24 -25 -26 -27 -28 -29 -30 -31
leaf_value=0.11942146228701417 0.1671185111557929 -0.041403356310844089 0.072444536093071638 0.063591188671716078 -0.085797872061116831 -0.025157920049274887 0.035280156512894255 0.013201237206052183 0.16437829665406806 0.025575873972631471 0.1150946185324962 -0.061656602751986866 -0.089486437940829874 0.2321347641034259 -0.19639286094982375 0.38994519404002603 -0.21052568910850422 0.21633567510524096 0.51408394575119021 0.04884021013464418 -0.14655747127215643 -0.032407862207453168 0.017641129173031716 -0.0085703150400271016 -0.06367439411439621 0.017967117615226968 -0.035931760291119663 0.098121442372038806 -0.039163094367354351 0.17669325689164303
leaf_weight=121 484 691 432 69 135 2180 436 759 71 301 375 356 558 36 608 35 36 493 20 310 614 63 1881 180 337 955 1534 470 39 120
leaf_count=121 484 691 432 69 135 2180 436 759 71 301 375 356 558 36 608 35 36 493 20 310 614 63 1881 180 337 955 1534 470 39 120
internal_value=0.00170841 -0.0202524 0.00329753 -0.0782972 0.111074 -0.0172352 0.122516 -0.0551267 0.142672 0.0783291 0.0426038 -0.0846151 -0.0255333 -0.00924908 -0.160618 0.180116 -0.0303917 0.203979 0.227944 0.112455 -0.115398 -0.180996 0.0322004 0.0696128 -0.0104366 -0.0120209 -0.0502164 0.133126 0.0922136 0.0951073
internal_weight=14699 12241 8708 3533 2458 5720 2323 2757 1887 457 2988 1661 5263 3171 776 156 105 623 513 1264 970 671 2613 732 1096 3135 2092 954 110 552
internal_count=14699 12241 8708 3533 2458 5720 2323 2757 1887 457 2988 1661 5263 3171 776 156 105 623 513 1264 970 671 2613 732 1096 3135 2092 954 110 552
is_linear=0
shrinkage=0.05


Tree=16
num_leaves=31
num_cat=0
split_feature=12 4 5 15 0 12 9 4 0 5 15 16 15 15 15 17 9 1 9 15 4 3 14 16 0 14 9 0 1 9
split_gain=12766.5 5786.69 2364.03 2213.24 1968.96 1628.73 1483.42 1434.08 1091.32 994.463 973.146 902.993 1075.56 751.285 642.579 634.305 628.407 622.96 635.365 535.644 512.485 511.646 497.843 487.174 483.072 475.219 466.738 465.284 446.073 436.073
threshold=12.185 1205150.4000000001 10.175000000000002 30.297500000000003 30.500000000000004 17.505000000000006 -447240.79999999987 699577.81000000017 30.500000000000004 14.885000000000003 19.202500000000004 40.910000000000004 24.632500000000004 24.9025 30.957500000000003 15.425000000000002 79054.750000000015 1.5000000000000002 -47952.950000000063 25.025000000000002 373810.72000000003 27.692535500000002 55.695000000000007 52.890000000000008 22.500000000000004 58.470000000000006 1556975.3800000001 32.500000000000007 1.5000000000000002 -231562.74999999997
decision_type=2 2 2 2 2 2 2 2 2 2 2 2 2 2 2 2 2 2 2 2 2 2 2 2 2 2 2 2 2 2
left_child=1 2 6 8 7 19 11 29 10 14 -3 15 -13 22 24 -1 -12 18 -5 -6 -15 25 -8 -18 -4 -7 -9 -19 -26 -2
right_child=4 3 9 17 5 21 13 26 -10 -11 16 12 -14 20 -16 -17 23 27 -20 -21 -22 -23 -24 -25 28 -27 -28 -29 -30 -31
leaf_value=0.27651805266737939 0.28277893615886568 -0.027812866315069202 0.0092694512708160707 0.063469721010902466 0.10714760738585437 0.1514777160103237 -0.017446907582253823 -0.025610350709847043 0.033377486361773567 0.088024234850280603 -0.055006542654313734 0.28069370926162346 0.046797846264205877 -0.044615763175597116 -0.025069940760419154 -0.014483389633408348 -0.11697474896526223 -0.19278212100836553 -0.20717793085745406 0.022910912106003184 -0.11573880776055219 0.27492260090796877 0.17233759650162289 -0.29022503717001097 0.11111356846738925 0.34071296387248573 -0.22863605507919865 -0.031868909314578892 0.036614051842400928 0.073628123271156629
leaf_weight=20 26 806 1210 57 1144 423 2718 326 286 618 509 81 125 1570 663 294 720 540 35 226 302 142 35 43 269 36 31 49 794 601
leaf_count=20 26 806 1210 57 1144 423 2718 326 286 618 509 81 125 1570 663 294 720 540 35 226 302 142 35 43 269 36 31 49 794 601
internal_value=0.00162299 -0.021751 -0.000985841 -0.0810734 0.0945179 0.123356 -0.0226493 0.0367541 -0.0581942 0.0303756 -0.0707974 0.0574195 0.138767 -0.0316516 0.0182411 0.00405173 -0.0980345 -0.160495 -0.0394941 0.0932516 -0.0560897 0.19198 -0.0150341 -0.126739 0.0308742 0.16632 -0.04324 -0.179395 0.0554667 0.082301
internal_weight=14699 11744 8699 3045 2955 1971 5145 984 2364 3554 2078 520 206 4625 2936 314 1272 681 92 1370 1872 601 2753 763 2273 459 357 589 1063 627
internal_count=14699 11744 8699 3045 2955 1971 5145 984 2364 3554 2078 520 206 4625 2936 314 1272 681 92 1370 1872 601 2753 763 2273 459 357 589 1063 627
is_linear=0
shrinkage=0.05


Tree=17
num_leaves=31
num_cat=0
split_feature=0 9 12 12 15 15 0 17 16 12 6 13 16 3 3 19 9 8 6 15 4 18 18 3 17 17 9 3 17 8
split_gain=11632.3 5779.55 4834.86 2138.12 1749.85 1350.01 1194.63 1042.37 2002.78 863.722 740.335 657.942 614.718 607.748 562.52 552.944 1076.58 938.94 499.104 476.415 794.772 475.324 658.695 839.857 421.076 429.351 379.012 440.555 377.899 365.883
threshold=30.500000000000004 63712.694999999956 14.255000000000001 10.365 24.405000000000005 25.082500000000007 42.500000000000007 26.002500000000005 58.470000000000006 18.965000000000003 20.403366500000004 17.415000000000003 36.002500000000012 6.8698273000000007 22.201874000000004 -0.89249999999999818 -260082.00499999998 0.032211500000000733 10.671539000000001 35.247500000000009 585723.7300000001 -16.329999999999991 -5.5974999999999993 5.9712830000000006 26.002500000000005 30.460000000000004 -671777.45000000007 7.086120600000001 27.487500000000001 3.0905765000000014
decision_type=2 2 2 2 2 2 2 2 2 2 2 2 2 2 2 2 2 2 2 2 2 2 2 2 2 2 2 2 2 2
left_child=1 3 5 7 12 6 14 8 11 24 18 21 -3 -5 26 -15 17 -17 -6 -9 -21 -1 23 -23 29 -26 -2 -28 -11 -4
right_child=2 4 9 13 10 -7 -8 19 -10 28 -12 -13 -14 15 -16 16 -18 -19 -20 20 -22 22 -24 -25 25 -27 27 -29 -30 -31
leaf_value=-0.08085840589304169 0.24960787608115764 -0.041382104373934511 0.1427467991608454 0.09126043307610765 -0.10769010087256724 -0.0006075007896148573 0.012642300386469157 -0.041653778260954198 0.3507528272114302 0.22887232041016958 -0.075873240956344901 0.2649856510616484 -0.11883763105612882 -0.013809502368398341 0.13485788220955647 0.36307551081602774 0.029997017837066681 -0.0012554766477218696 -0.20838397766856362 -0.059601821836466645 -0.20643031086743346 0.30520103969160589 -0.017716487803541549 0.031161650990609798 -0.03000253607556674 0.128034658559149 0.11638094615230353 0.035470629188163981 0.065421243160963066 0.0279343847871611
leaf_weight=260 27 813 798 405 162 1708 837 1457 38 305 206 21 374 609 445 48 652 28 512 336 127 31 3115 285 88 84 238 574 40 76
leaf_count=260 27 813 798 405 162 1708 837 1457 38 305 206 21 374 609 445 48 652 28 512 336 127 31 3115 285 88 84 238 574 40 76
internal_value=0.00154184 -0.0314657 0.0614802 -0.0108481 -0.105398 0.0324769 0.0591191 -0.0257331 -0.0103932 0.141317 -0.158828 -0.0140903 -0.0657868 0.037601 0.0894159 0.0213467 0.0507562 0.228848 -0.184182 -0.055694 -0.0998766 -0.0156781 -0.0107387 0.0580453 0.11869 0.0471784 0.0653137 0.0591857 0.209921 0.132763
internal_weight=14699 9479 5220 7412 2067 3829 2121 5670 3750 1391 880 3712 1187 1742 1284 1337 728 76 674 1920 463 3691 3431 316 1046 172 839 812 345 874
internal_count=14699 9479 5220 7412 2067 3829 2121 5670 3750 1391 880 3712 1187 1742 1284 1337 728 76 674 1920 463 3691 3431 316 1046 172 839 812 345 874
is_linear=0
shrinkage=0.05


Tree=18
num_leaves=31
num_cat=0
split_feature=5 4 1 9 15 16 6 5 0 0 0 19 12 5 15 17 9 17 19 0 18 9 3 9 12 9 14 9 5 17
split_gain=10607.5 3908.79 3215.79 2285.98 1890.71 1889.14 1502.13 1346.5 1344.27 946.719 848.458 830.212 826.651 824.506 640.931 593.328 584.271 524.822 535.422 492.451 475.508 432.116 611.955 413.241 428.848 404.261 383.14 379.165 384.681 369.274
threshold=12.235000000000001 1935653.7000000004 2.5000000000000004 110369.87999999996 24.980000000000004 53.307500000000012 26.146469500000006 18.415000000000003 30.500000000000004 30.500000000000004 42.500000000000007 1.0400000000000011 20.075000000000003 9.3750000000000018 29.522500000000004 14.497500000000002 30183.135000000042 26.002500000000005 3.142499999999997 25.500000000000004 0.32750000000000062 -381510.13999999996 22.692978000000004 -1437318.7999999998 9.5050000000000008 -1.0000000180025095e-35 18.980000000000004 -671777.45000000007 7.5050000000000008 32.442500000000003
decision_type=2 2 2 2 2 2 2 2 2 2 2 2 2 2 2 2 2 2 2 2 2 2 2 2 2 2 2 2 2 2
left_child=1 4 12 7 5 8 14 26 15 -5 -10 25 17 16 19 21 27 18 -2 -3 -14 22 -1 -17 -25 -7 -4 -6 -29 -19
right_child=2 6 3 9 13 11 -8 -9 10 -11 -12 -13 20 -15 -16 23 -18 29 -20 -21 -22 -23 -24 24 -26 -27 -28 28 -30 -31
leaf_value=-0.040774216987192635 0.1708392877237434 -0.14641937189137139 0.16329381535170784 -0.11249700858577645 0.00058927870912799237 0.41835107475519184 -0.027268766745055819 0.1571598532537514 0.082138570416728868 0.027780576070269816 0.0048903635875164192 0.018306302900115649 0.39905579927119805 -0.0096295442769557954 -0.19039594062686535 0.11306374242560845 -0.1215974540046207 0.00093991063017328505 0.038674878994880736 -0.06354459686591328 0.18667448031405609 0.022609988397934998 0.31397299195729916 -0.033187682390376408 0.0026564966789253495 0.1799204556271434 0.044556182225795542 -0.093657393623973337 -0.040921935978101072 0.12339264918247173
leaf_weight=20 643 358 71 278 340 40 526 354 746 212 679 36 47 1499 316 59 307 107 87 359 60 541 31 2327 1301 32 1576 505 1097 145
leaf_count=20 643 358 71 278 340 40 526 354 746 212 679 36 47 1499 316 59 307 107 87 359 60 541 31 2327 1301 32 1576 505 1097 145
internal_value=0.00146475 -0.0226367 0.0763205 0.0449877 -0.010665 0.0071912 -0.0960482 0.0686902 0.00326871 -0.0518055 0.0453305 0.214357 0.147992 -0.0383546 -0.13107 -0.0107388 -0.0575004 0.133612 0.155088 -0.104924 0.279963 0.0357258 0.174856 -0.0181993 -0.020334 0.312382 0.0496748 -0.0473677 -0.0575458 0.0713988
internal_weight=14699 11119 3580 2491 9560 5812 1559 2001 5704 490 1425 108 1089 3748 1033 4279 2249 982 730 717 107 592 51 3687 3628 72 1647 1942 1602 252
internal_count=14699 11119 3580 2491 9560 5812 1559 2001 5704 490 1425 108 1089 3748 1033 4279 2249 982 730 717 107 592 51 3687 3628 72 1647 1942 1602 252
is_linear=0
shrinkage=0.05


Tree=19
num_leaves=31
num_cat=0
split_feature=12 4 5 15 9 9 17 0 12 5 1 16 15 4 8 6 4 9 15 18 15 15 6 14 0 15 6 0 0 6
split_gain=9745.26 4729.39 1955.92 1901.98 1610.77 1361.64 1213 1114.1 952.974 774.048 658.646 630.086 760.659 627.432 584.685 546.813 557.311 538.423 538.164 530.079 509.342 489.694 469.098 454.511 442.688 418.069 411.704 411.503 400.914 399.288
threshold=13.005000000000001 1034048.9250000002 10.175000000000002 30.297500000000003 772020.80000000005 -398855.35999999981 26.255000000000003 26.500000000000004 17.575000000000003 16.505000000000006 1.5000000000000002 39.110000000000007 24.632500000000004 3135174.6000000006 1.6015164999999991 17.959305000000004 2626840.8000000003 34007.880000000099 30.957500000000003 10.94 24.9025 18.415000000000003 24.488647500000003 55.695000000000007 26.500000000000004 18.925000000000004 0.67385863500000009 19.500000000000004 27.500000000000004 18.258392500000003
decision_type=2 2 2 2 2 2 2 2 2 2 2 2 2 2 2 2 2 2 2 2 2 2 2 2 2 2 2 2 2 2
left_child=1 2 5 7 6 11 8 13 14 18 17 22 -13 21 -2 -9 25 -5 27 28 23 -3 -1 26 -12 -17 -7 -4 -10 -8
right_child=4 3 9 10 -6 20 29 15 19 -11 24 12 -14 -15 -16 16 -18 -19 -20 -21 -22 -23 -24 -25 -26 -27 -28 -29 -30 -31
leaf_value=-0.013834024438433149 0.11287539269332313 -0.02695514893931443 0.012916286361583261 0.063437464317657816 -0.093001824498475938 0.11057110384717816 0.054563187449224504 -0.043283637685073727 0.071990814750347673 0.098084183999896046 -0.18909746847183756 0.25698628598137907 0.051672771783754845 -0.20432333049528739 0.034823799582954965 0.12916820960886338 -0.055145476063092551 -0.17509676147666242 -0.015139763453886682 0.38940316782547879 -0.046819631497147338 -0.085354757115526175 0.16838870585142149 0.17203203475836554 -0.10730403350112405 0.022060988693767183 -0.017818105287751657 0.052129748537453627 0.1778390819900135 -0.053854016502335636
leaf_weight=222 959 553 1314 69 112 64 317 534 109 375 375 76 111 85 320 136 150 36 746 26 1799 1023 42 33 296 276 2563 1363 499 116
leaf_count=222 959 553 1314 69 112 64 317 534 109 375 375 76 111 85 320 136 150 36 746 26 1799 1023 42 33 296 276 2563 1363 499 116
internal_value=0.00139151 -0.0168519 0.0029441 -0.0656442 0.0922447 -0.0178971 0.101089 -0.0461811 0.118194 0.0298873 -0.134794 0.0648954 0.135116 -0.0719998 0.0933472 -0.00705253 0.0273735 -0.0183457 0.0224162 0.168317 -0.0262711 -0.064863 0.015156 -0.0123738 -0.153016 0.0574168 -0.0146902 0.0328819 0.158863 0.0255184
internal_weight=14699 12241 8708 3533 2458 4910 2346 2757 1913 3798 776 451 187 1661 1279 1096 562 105 3423 634 4459 1576 264 2660 671 412 2627 2677 608 433
internal_count=14699 12241 8708 3533 2458 4910 2346 2757 1913 3798 776 451 187 1661 1279 1096 562 105 3423 634 4459 1576 264 2660 671 412 2627 2677 608 433
is_linear=0
shrinkage=0.05


Tree=20
num_leaves=31
num_cat=0
split_feature=0 9 12 12 15 0 17 16 15 4 12 13 3 4 1 9 1 9 8 3 15 16 15 15 4 4 3 1 8 3
split_gain=9154.62 4396.31 3223.98 1839.26 1771.59 1241.29 1048.04 1353.43 968.932 863.511 795.545 590.205 536.485 518.368 492.892 696.418 473.375 656.467 461.799 458.564 449.907 451.38 405.161 397.591 615.691 381.158 347.261 451.337 343.216 366.325
threshold=32.500000000000007 63712.694999999956 14.635000000000003 11.515000000000002 19.720000000000002 44.500000000000007 26.002500000000005 58.470000000000006 24.9025 2936993.2500000005 19.315000000000001 15.120000000000003 7.086120600000001 2498.1332500000003 3.5000000000000004 -381510.13999999996 1.0000000180025095e-35 -308457.59999999992 0.045073999999997845 10.871643000000002 30.557500000000001 57.620000000000005 14.497500000000002 35.247500000000009 622512.33000000019 292383.2900000001 20.072204500000002 2.5000000000000004 -3.5253752999999994 26.373886000000002
decision_type=2 2 2 2 2 2 2 2 2 2 2 2 2 2 2 2 2 2 2 2 2 2 2 2 2 2 2 2 2 2
left_child=1 3 5 6 22 8 7 11 13 20 28 14 -5 -2 15 19 -14 18 -18 -1 21 -6 -3 -8 -25 -16 -15 -28 -4 -30
right_child=2 4 10 12 9 -7 23 -9 -10 -11 -12 -13 16 26 25 -17 17 -19 -20 -21 -22 -23 -24 24 -26 -27 27 -29 29 -31
leaf_value=-0.036025130878324096 0.055870649704589617 0.06418556745244762 0.23609976211980899 0.11660195039585233 -0.076611934947062033 -0.01811645625596682 -0.035147654946191556 0.28145804852247241 0.019817100544662229 -0.19993485724497137 0.20542013806560974 0.20037201713113226 -0.028582448524213707 0.081303126678463414 -0.010130763274925578 -0.0037965443452414789 0.2572826878946336 0.035136984073012925 -0.014567145314954578 0.11065074872846406 -0.14526150232350285 -0.27335649617016317 -0.035721136278157026 -0.051366865002330286 -0.17525881353678624 -0.055507443751172281 0.25884955946083477 0.11518180717149092 0.080703252164464265 0.15574234942118872
leaf_weight=69 803 127 49 249 1032 861 1709 41 1260 248 269 34 227 275 1219 2117 61 505 21 234 385 30 505 360 139 746 82 164 632 219
leaf_count=69 803 127 49 249 1032 861 1709 41 1260 248 269 34 227 275 1219 2117 61 505 21 234 385 30 505 360 139 746 82 164 632 219
internal_value=-8.80339e-05 -0.0268383 0.0582246 -0.00870243 -0.0870913 0.0338779 -0.0184398 -0.00449244 0.0512026 -0.113731 0.129973 -0.00714552 0.0523783 0.081071 -0.00875455 0.00635093 0.0327325 0.0564438 0.187663 0.0772493 -0.0989564 -0.0821697 -0.0156449 -0.0466125 -0.0858778 -0.0273577 0.119911 0.163071 0.107423 0.100014
internal_weight=14672 10058 4614 7731 2327 3445 6668 4460 2584 1695 1169 4419 1063 1324 4385 2420 814 587 82 303 1447 1062 632 2208 499 1965 521 246 900 851
internal_count=14672 10058 4614 7731 2327 3445 6668 4460 2584 1695 1169 4419 1063 1324 4385 2420 814 587 82 303 1447 1062 632 2208 499 1965 521 246 900 851
is_linear=0
shrinkage=0.05


Tree=21
num_leaves=31
num_cat=0
split_feature=0 9 12 12 15 0 15 9 4 13 17 16 5 4 17 15 9 16 18 6 15 4 18 6 12 19 4 15 3 1
split_gain=8262.04 3968.77 2911.39 1686.11 1542.69 1336.53 1183.99 834.962 802.968 795.217 742.602 707.5 632.358 619.032 553.381 493.139 462.866 448.071 391.846 390.346 383.631 484.493 383.192 345.014 330.936 329.939 523.521 329.928 328.972 323.981
threshold=32.500000000000007 79054.750000000015 16.935000000000006 10.365 19.050000000000004 44.500000000000007 24.9025 -1516343.5199999998 3088979.3500000006 15.120000000000003 25.082500000000007 58.470000000000006 14.475000000000003 2498.1332500000003 21.360000000000003 30.557500000000001 -260082.00499999998 52.890000000000008 -16.329999999999991 16.043320000000005 35.247500000000009 598308.03000000014 4.5674999999999999 16.857117000000006 19.315000000000001 4.8775000000000022 537996.82000000007 25.025000000000002 4.4531860000000014 2.5000000000000004
decision_type=2 2 2 2 2 2 2 2 2 2 2 2 2 2 2 2 2 2 2 2 2 2 2 2 2 2 2 2 2 2
left_child=1 3 5 7 -3 6 13 27 15 10 11 18 14 28 16 17 19 -6 -9 -5 25 -22 -20 -15 -4 -12 -27 -1 -2 -25
right_child=2 4 24 12 8 -7 -8 9 -10 -11 20 -13 -14 23 -16 -17 -18 -19 22 -21 21 -23 -24 29 -26 26 -28 -29 -30 -31
leaf_value=0.17943046292057263 0.14587915755729094 -0.0075656578249995556 0.12313398362484247 -0.013517824568463347 -0.070859593572404775 -0.014941626350333241 0.018942948194337783 -0.073199871313144371 -0.21044468853090492 0.16984312136012775 -0.032151980046054449 0.24232936954056777 0.097537566613132204 0.082324235167031773 -0.011854687189644091 -0.14301339429065513 0.034272487741919232 -0.19881498079032522 -0.0020104254510392595 0.21380622016208625 -0.056323428275598234 -0.16645727663633081 -0.046782489243497399 0.20212421991680501 0.1951491309066743 -0.046641983477853838 -0.26296291903751656 0.031928508082825331 0.047733114726559354 0.1075397758372128
leaf_weight=64 94 509 392 26 1090 888 1318 264 168 52 1541 27 313 358 736 404 731 73 2715 69 331 143 580 169 269 88 41 93 931 195
leaf_count=64 94 509 392 26 1090 888 1318 264 168 52 1541 27 313 358 736 404 731 73 2715 69 331 143 580 169 269 88 41 93 931 195
internal_value=-8.36321e-05 -0.0254964 0.0553133 -0.00866513 -0.0841058 0.0390721 0.0547211 -0.0217154 -0.106561 -0.0248047 -0.0265711 -0.0126531 0.0326712 0.0817135 0.0196731 -0.095423 0.0477656 -0.0788912 -0.0145875 0.151591 -0.0498501 -0.0895495 -0.0098914 0.117176 0.152441 -0.0385821 -0.115395 0.0920567 0.0567338 0.151454
internal_weight=14672 10058 4614 7814 2244 3953 3065 5939 1735 5782 5730 3586 1875 1747 1562 1567 826 1163 3559 95 2144 474 3295 722 661 1670 129 157 1025 364
internal_count=14672 10058 4614 7814 2244 3953 3065 5939 1735 5782 5730 3586 1875 1747 1562 1567 826 1163 3559 95 2144 474 3295 722 661 1670 129 157 1025 364
is_linear=0
shrinkage=0.05


Tree=22
num_leaves=31
num_cat=0
split_feature=0 9 12 15 12 0 17 16 15 4 12 13 17 8 15 9 16 1 9 3 7 3 1 4 15 4 3 14 15 15
split_gain=7456.49 3608.78 2643.96 1602.25 1392.17 1015.21 856.382 1124.94 797.224 719.244 643.765 498.705 478.084 412.846 405.62 386.262 368.013 365.129 408.34 515.216 397.992 356.329 497.45 345.655 342.166 506.17 341.987 331.139 328.015 317.306
threshold=32.500000000000007 18711.464999999971 14.635000000000003 19.720000000000002 11.605000000000002 43.500000000000007 26.002500000000005 58.470000000000006 24.9025 2936993.2500000005 19.315000000000001 17.415000000000003 33.957500000000003 1.2573545000000002 30.557500000000001 -1516343.5199999998 52.890000000000008 3.5000000000000004 -381510.13999999996 14.391754000000002 1536489.0000000002 22.201874000000004 1.5000000000000002 204461.75000000003 35.247500000000009 622512.33000000019 6.9681548000000006 33.742500000000007 14.497500000000002 17.875000000000004
decision_type=2 2 2 2 2 2 2 2 2 2 2 2 2 2 2 2 2 2 2 2 2 2 2 2 2 2 2 2 2 2
left_child=1 4 5 28 6 8 7 11 21 14 -4 15 13 -6 16 -1 -5 18 19 -17 29 26 27 -19 -8 -26 -2 -23 -3 -21
right_child=2 3 10 9 12 -7 24 -9 -10 -11 -12 -13 -14 -15 -16 17 -18 23 -20 20 -22 22 -24 -25 25 -27 -28 -29 -30 -31
leaf_value=0.11729263987333056 0.10892655490128156 0.048525329785847886 0.097237337388020637 -0.064428802348117625 0.082344320552942704 -0.0090779983875901183 -0.029741468409996086 0.26205710455775261 0.019458983670003566 -0.17645317976255545 0.18539167447634508 0.23309100270271302 -0.079749652739169452 0.011020380874948674 -0.12845356879577172 -0.028089774496929378 -0.17746904317241211 -0.007729330947369409 -0.0018350254179798861 0.36176463055610658 0.069755839933659594 0.16260086091395509 0.081034994697761542 -0.052655643937351719 -0.046166670951948867 -0.16057437028651847 0.036689176766178236 0.37831144007769502 -0.030776225859575027 0.09812647446635224
leaf_weight=63 233 166 900 1109 610 1102 1658 40 1152 260 269 22 67 304 430 98 77 1186 2030 25 127 93 291 670 354 133 552 22 608 21
leaf_count=63 233 166 900 1109 610 1102 1658 40 1152 260 269 22 67 304 430 98 77 1186 2030 25 127 93 291 670 354 133 552 22 608 21
internal_value=-7.94505e-05 -0.0242216 0.0525477 -0.0742967 -0.00630864 0.0304996 -0.0147769 -0.0018591 0.0491144 -0.0992695 0.117523 -0.00434771 0.0491713 0.0586217 -0.0868513 -0.00558554 -0.0717678 -0.00744778 0.00586087 0.0635091 0.115397 0.0777987 0.115827 -0.0239473 -0.0405645 -0.0774115 0.0581303 0.203867 -0.0137684 0.241408
internal_weight=14672 10058 4614 2650 7408 3445 6427 4282 2343 1876 1169 4242 981 914 1616 4220 1186 4157 2301 271 173 1191 406 1856 2145 487 785 115 774 46
internal_count=14672 10058 4614 2650 7408 3445 6427 4282 2343 1876 1169 4242 981 914 1616 4220 1186 4157 2301 271 173 1191 406 1856 2145 487 785 115 774 46
is_linear=0
shrinkage=0.05


Tree=23
num_leaves=31
num_cat=0
split_feature=0 9 5 15 5 1 13 9 0 4 15 5 3 9 1 18 8 4 4 18 12 16 3 3 15 16 12 18 1 5
split_gain=6729.48 3256.92 2409.17 1446.03 1407.26 1141.88 937.708 913.79 746.15 649.118 607.306 589.683 585.829 600.085 742.53 532.457 524.397 484.335 479.604 471.697 470.99 430.972 396.485 710.825 396.276 511.512 389.748 370.971 344.07 318.944
threshold=32.500000000000007 18711.464999999971 13.525 19.720000000000002 10.175000000000002 2.5000000000000004 1.0000000180025095e-35 -697813.54999999981 41.500000000000007 2936993.2500000005 32.370000000000012 18.415000000000003 6.6669921000000008 -381510.13999999996 3.5000000000000004 3.7874999999999983 2.8518983500000004 292383.2900000001 222619.02500000005 -7.7924999999999995 12.185 22.915000000000003 9.8012695000000019 20.831863000000002 22.722500000000004 53.307500000000012 19.315000000000001 1.5299999999999996 5.5000000000000009 8.0650000000000031
decision_type=2 2 2 2 2 2 2 2 2 2 2 2 2 2 2 2 2 2 2 2 2 2 2 2 2 2 2 2 2 2
left_child=1 4 8 -3 6 18 7 16 10 22 -2 -7 15 14 21 19 29 -8 -4 -6 -21 -14 -5 28 25 -9 -20 -19 -24 -1
right_child=2 3 5 9 12 11 17 24 -10 -11 -12 -13 13 -15 -16 -17 -18 27 26 20 -22 -23 23 -25 -26 -27 -28 -29 -30 -31
leaf_value=0.027566609995782334 0.06466774892245665 -0.013079978361514033 0.12274841559708612 -0.031368444376421868 0.21542292840778832 0.048967304681106105 -0.029351215036373515 -0.0068302981448725378 -0.0025371227918039095 -0.16763052085629448 -0.016310295655273695 0.12913556228424769 0.42287071645259861 0.004848935217188927 -0.016367718012055808 0.19273556603613912 0.26695076209043378 -0.053694715234677365 0.16850092155703655 0.0028568344547882118 0.12622240133228757 0.14824359637498857 -0.10695226067892234 -0.043162363193133907 -0.042073155277547715 0.21627533023173992 0.31832988158498399 -0.13074300286792004 -0.19209303945814538 0.15096307318777807
leaf_weight=337 1133 774 332 307 40 874 844 2159 1485 260 291 311 20 1662 57 79 29 360 120 294 105 50 722 445 1008 26 68 276 142 62
leaf_count=337 1133 774 332 307 40 874 844 2159 1485 260 291 311 20 1662 57 79 29 360 120 294 105 50 722 445 1008 26 68 276 142 62
internal_value=-7.54781e-05 -0.0230105 0.0499203 -0.0705819 -0.00599321 0.097113 -0.0206488 -0.00694338 0.0222601 -0.094306 0.0481196 0.0700072 0.0264117 0.0128539 0.117611 0.0732361 0.0616618 -0.0541808 0.158883 0.0517316 0.0353215 0.226708 -0.0825087 -0.0945027 -0.0161394 -0.00417549 0.222694 -0.0871308 -0.120945 0.046741
internal_weight=14672 10058 4614 2650 7408 1705 5101 3621 2909 1876 1424 1185 2307 1789 127 518 428 1480 520 439 399 70 1616 1309 3193 2185 188 636 864 399
internal_count=14672 10058 4614 2650 7408 1705 5101 3621 2909 1876 1424 1185 2307 1789 127 518 428 1480 520 439 399 70 1616 1309 3193 2185 188 636 864 399
is_linear=0
shrinkage=0.05


Tree=24
num_leaves=31
num_cat=0
split_feature=0 9 12 15 5 0 15 1 9 12 8 16 12 6 8 5 17 4 9 14 3 14 19 16 17 3 1 9 1 6
split_gain=6073.36 2939.8 2194.34 1329.18 1230.94 1026.89 930.96 806.815 887.47 615.498 577.041 550.689 534.131 507.393 487.749 484.432 482.793 448.31 421.059 408.103 363.023 438.113 398.668 535.444 348.301 344.84 357.793 320.555 529.758 335.118
threshold=32.500000000000007 10066.661150000002 16.935000000000006 24.405000000000005 10.175000000000002 44.500000000000007 24.9025 4.5000000000000009 -775799.24999999988 7.2650000000000006 3.0308533500000023 53.307500000000012 15.005000000000001 20.252426000000003 1.2883605500000008 6.5050000000000008 14.465000000000002 388.74073000000004 408989.85000000015 21.835000000000004 6.6669921000000008 29.825000000000003 4.0000000000000036 29.825000000000003 33.812500000000007 20.072204500000002 2.5000000000000004 -260082.00499999998 3.5000000000000004 16.043320000000005
decision_type=2 2 2 2 2 2 2 2 2 2 2 2 2 2 2 2 2 2 2 2 2 2 2 2 2 2 2 2 2 2
left_child=1 4 5 9 7 6 11 8 10 -3 -1 17 20 18 -14 -9 -10 -2 -5 -11 21 -6 -23 -24 -21 -19 -27 28 29 -22
right_child=2 3 -4 13 12 -7 -8 15 16 19 -12 -13 14 -15 -16 -17 -18 25 -20 24 27 22 23 -25 -26 26 -28 -29 -30 -31
leaf_value=0.049394466416819924 0.044799758255611208 -0.084130284689949375 0.13174716359520058 -0.092679723428110108 0.022426311865250473 -0.014021152959256076 0.015315741554782101 -0.1212190617333004 0.034486660906335426 0.068321793321147559 0.31880820308412827 0.26450723566942747 0.14269300922206793 -0.046654941540896555 0.0088209401997449127 -0.039397788051535973 -0.022814914044025459 0.065556477228810472 -0.16258718568127567 -0.031690595742122317 0.011109434142708778 0.062035635259988557 0.078321059268933763 0.39321195063767611 0.17407955152115651 0.19587934515506464 0.090098698226057955 -0.0026695632316091015 -0.011311717979798588 0.25709204684529041
leaf_weight=371 980 486 661 449 305 888 1318 218 420 125 21 36 171 261 113 1063 2946 403 414 993 20 85 27 27 21 138 190 1398 79 45
leaf_count=371 980 486 661 449 305 888 1318 218 420 125 21 36 171 261 113 1063 2946 403 414 993 20 85 27 27 21 138 190 1398 79 45
internal_value=-7.17041e-05 -0.02186 0.0474243 -0.0659372 -0.00528202 0.0333242 0.0470413 -0.0190541 -0.00737308 -0.0370217 0.0638273 0.0709762 0.0252896 -0.107741 0.089427 -0.0533221 -0.015665 0.0669042 -0.126216 -0.0169209 0.0161179 0.055956 0.129528 0.235767 -0.0274291 0.0965381 0.134604 0.00464699 0.0756785 0.181405
internal_weight=14672 10058 4614 2749 7309 3953 3065 5039 3758 1625 392 1747 2270 1124 284 1281 3366 1711 863 1139 1986 444 139 54 1014 731 328 1542 144 65
internal_count=14672 10058 4614 2749 7309 3953 3065 5039 3758 1625 392 1747 2270 1124 284 1281 3366 1711 863 1139 1986 444 139 54 1014 731 328 1542 144 65
is_linear=0
shrinkage=0.05


Tree=25
num_leaves=31
num_cat=0
split_feature=12 4 6 5 13 9 17 9 4 3 5 6 1 3 14 3 0 12 14 16 6 12 15 1 9 15 0 1 13 4
split_gain=5648.78 2886.01 1567.61 1156.19 1025.43 992.15 818.213 814.127 692.056 574.757 533.01 526.445 504.624 485.963 485.172 486.289 460.568 444.688 461.92 427.596 417.973 444.816 411.203 393.454 646.28 421.68 368.407 351.676 405.209 296.849
threshold=13.005000000000001 1205150.4000000001 20.605651500000004 9.5750000000000011 1.0000000180025095e-35 865772.57000000018 26.255000000000003 -398855.35999999981 2308665.3500000006 27.593017000000003 14.885000000000003 9.3979950000000017 3.5000000000000004 6.6669921000000008 58.470000000000006 12.610092500000002 26.500000000000004 21.805000000000003 19.207500000000007 40.910000000000004 0.67385863500000009 7.6250000000000009 22.682500000000005 3.5000000000000004 -18156.699999999892 15.100000000000003 25.500000000000004 1.5000000000000002 9.0050000000000008 1147744.0000000002
decision_type=2 2 2 2 2 2 2 2 2 2 2 2 2 2 2 2 2 2 2 2 2 2 2 2 2 2 2 2 2 2
left_child=1 3 4 7 8 6 9 19 26 14 13 -6 16 -5 17 -16 -4 18 -2 -1 -9 -22 -21 24 25 -15 -3 -12 -29 -20
right_child=5 2 12 10 11 -7 -8 20 -10 -11 27 -13 -14 23 15 -17 -18 -19 29 22 21 -23 -24 -25 -26 -27 -28 28 -30 -31
leaf_value=0.0053225860445041424 0.18233956091011627 -0.06653501424467427 -0.01368774829493582 0.046054065130392494 -0.052667056164248105 -0.085175658186728315 0.015071007991358468 0.10010121597693518 -0.11523573404636783 0.1530690442531151 0.23721566597620647 -0.1604508447046307 -0.045043505999137853 0.28502432071957096 0.39289725145155735 0.12634761457319385 0.073033226931771597 0.19690857895497066 0.065402676454263273 0.23082732223802147 -0.048114408105771216 -0.013839565506022986 0.05926267561049034 -0.014622840724005381 0.0087495009371173771 0.076402265093840516 -0.0018280861768452976 -0.043781273072818296 0.07031127585144252 -0.017801420293132759
leaf_weight=333 79 435 426 789 147 99 438 65 371 311 27 494 627 29 22 77 239 67 1171 45 1592 2335 156 1654 1314 147 445 92 505 118
leaf_count=333 79 435 426 789 147 99 438 65 371 311 27 494 627 29 22 77 239 67 1171 45 1592 2335 156 1654 1314 147 445 92 505 118
internal_value=-0.000674206 -0.0143561 -0.0553178 2.86089e-06 -0.0843094 0.0697856 0.0765054 -0.0178971 -0.0579606 0.0910898 0.0177811 -0.135733 -0.0128625 0.0109698 0.0785242 0.185581 0.0174796 0.0711384 0.0649786 0.0400836 -0.025653 -0.0277345 0.0976727 0.00216524 0.0208011 0.110777 -0.0338139 0.0607118 0.0527292 0.0577859
internal_weight=14649 12267 3184 9083 1892 2382 2283 4526 1251 1845 4557 641 1292 3933 1534 99 665 1435 1368 534 3992 3927 201 3144 1490 176 880 624 597 1289
internal_count=14649 12267 3184 9083 1892 2382 2283 4526 1251 1845 4557 641 1292 3933 1534 99 665 1435 1368 534 3992 3927 201 3144 1490 176 880 624 597 1289
is_linear=0
shrinkage=0.05


Tree=26
num_leaves=31
num_cat=0
split_feature=12 4 6 5 13 9 17 9 4 0 3 4 14 8 5 6 1 3 3 14 17 13 12 14 0 0 9 15 9 15
split_gain=5098.02 2624.92 1443.7 1042.43 1005.21 912.445 809.28 800.568 697.961 595.326 555.569 466.307 480.966 602.847 465.083 452.675 422.206 414.194 389.125 550.261 440.634 381.316 356.406 378.026 351.689 332.333 363.186 311.192 417.751 361.661
threshold=13.005000000000001 1024306.2500000001 20.605651500000004 9.5750000000000011 1.0000000180025095e-35 1452874.4150000003 26.255000000000003 -327587.0300000002 2308665.3500000006 26.500000000000004 27.593017000000003 1327321.8000000003 58.470000000000006 -0.88479600000000136 16.625000000000004 8.7498625000000025 3.5000000000000004 7.086120600000001 11.693634000000001 49.725000000000001 20.375000000000004 3.0050000000000003 21.805000000000003 19.207500000000007 25.500000000000004 32.500000000000007 -833301.7849999998 33.547500000000007 -260082.00499999998 17.875000000000004
decision_type=2 2 2 2 2 2 2 2 2 2 2 2 2 2 2 2 2 2 2 2 2 2 2 2 2 2 2 2 2 2
left_child=1 3 4 7 8 6 10 21 24 -4 11 12 22 -14 17 -6 -11 -5 19 -9 -20 -1 23 -2 -3 26 -17 28 29 -19
right_child=5 2 9 14 15 -7 -8 18 -10 16 -12 -13 13 -15 -16 25 -18 27 20 -21 -22 -23 -24 -25 -26 -27 -28 -29 -30 -31
leaf_value=0.069980515655255274 0.17322258177814606 -0.058189812471207358 -0.03642347948469879 0.043835760671888324 -0.042537299326675188 -0.18006529671114846 0.01048123583343304 -0.0087979742636041455 -0.10947394727834694 0.075912389658858909 0.14547710628531421 -0.020116957132518293 0.40026468133926391 0.11368664520374244 0.07241115081699688 -0.035933366526539133 -0.01094105631194037 0.29970021586865186 -0.0068681195365166625 0.1653403327820149 -0.051843004522448416 -0.032582245744025906 0.18812350710086323 0.060342276303904929 -0.00055627767656754948 -0.018737986932198206 -0.16619091989930088 -0.031667644452787642 0.0076446595255668954 0.064398947112220398
leaf_weight=361 79 537 863 877 145 37 457 1304 371 263 313 125 25 69 364 60 299 20 833 47 1573 121 64 1213 522 51 495 489 2583 89
leaf_count=361 79 537 863 877 145 37 457 1304 371 263 313 125 25 69 364 60 299 20 833 47 1573 121 64 1213 522 51 495 489 2583 89
internal_value=-0.000640495 -0.0136383 -0.0494834 0.00128583 -0.075056 0.0662963 0.0701835 -0.0164311 -0.0504567 -0.0103438 0.0846347 0.0725435 0.0805315 0.189904 0.0182695 -0.121896 0.0297039 0.013413 -0.0242139 -0.00273987 -0.0362719 0.0442334 0.0729496 0.0672444 -0.0297812 -0.140885 -0.152109 0.00502552 0.0116908 0.107573
internal_weight=14649 12267 3606 8661 2181 2382 2345 4239 1430 1425 1888 1575 1450 94 4422 751 562 4058 3757 1351 2406 482 1356 1292 1059 606 555 3181 2692 109
internal_count=14649 12267 3606 8661 2181 2382 2345 4239 1430 1425 1888 1575 1450 94 4422 751 562 4058 3757 1351 2406 482 1356 1292 1059 606 555 3181 2692 109
is_linear=0
shrinkage=0.05


Tree=27
num_leaves=31
num_cat=0
split_feature=12 4 6 5 9 17 13 9 13 16 3 13 4 15 14 3 12 18 16 19 14 6 3 0 0 5 17 16 9 18
split_gain=4600.97 2397.81 1164.53 1118.64 825.17 698.246 633.529 855.364 498.501 527.847 476.155 468.831 440.362 422.687 397.904 404.837 375.193 371.237 357.327 484.93 346.353 343.892 340.784 334.53 304.182 297.511 292.514 292.051 285.073 283.262
threshold=13.005000000000001 1658772.3500000003 21.598556500000004 9.9750000000000032 1101868.6200000003 26.255000000000003 1.0000000180025095e-35 -472071.14999999997 1.0000000180025095e-35 51.145000000000003 27.593017000000003 12.035000000000002 386441.48500000004 30.475000000000001 58.470000000000006 12.610092500000002 26.890000000000004 3.1249999999999969 34.597500000000004 -10.647499999999996 19.207500000000007 0.67385863500000009 10.730728500000003 25.500000000000004 32.500000000000007 7.6150000000000011 30.460000000000004 29.860000000000003 661989.37499999988 0.047500000000001215
decision_type=2 2 2 2 2 2 2 2 2 2 2 2 2 2 2 2 2 2 2 2 2 2 2 2 2 2 2 2 2 2
left_child=1 3 8 6 5 10 7 22 9 23 14 13 -8 24 16 -16 20 18 19 -4 -2 -9 -1 -3 -5 -21 -7 -12 -15 -14
right_child=4 2 17 11 -6 26 12 21 -10 -11 27 -13 29 28 15 -17 -18 -19 -20 25 -22 -23 -24 -25 -26 -27 -28 -29 -30 -31
leaf_value=-0.023925536060609768 0.16181406872346998 -0.091663953911592363 0.25926360998834885 0.0048304300351102898 -0.10370891679582808 -0.03712376904906705 -0.024434505701238958 0.091937446352597832 -0.14003539088139819 -0.17843580190464856 0.12231006686280738 0.055347747014866333 -0.039534030733209921 -0.017450006939285934 0.35649572339924901 0.11329161193850752 0.27879798553884028 -0.064646148156284763 -0.056707219211677221 -0.039404468378888641 0.054741967562379257 -0.016998166684250932 0.08208529112266072 -0.021535877783952113 0.037386232469620855 0.044916936382983948 0.04522450179083197 0.28643170459816852 -0.18897221559286118 -0.10911264379831175
leaf_weight=97 80 329 21 1767 72 180 1118 74 396 100 281 649 266 781 22 77 20 321 191 167 1351 3453 347 352 1208 280 269 30 25 325
leaf_count=97 80 329 21 1767 72 180 1118 74 396 100 281 649 266 781 22 77 20 321 191 167 1351 3453 347 352 1208 280 269 30 25 325
internal_value=-0.00060847 -0.0129563 -0.0608148 -0.0027456 0.0629815 0.0681771 -0.0174338 -0.00647909 -0.0943379 -0.0711673 0.0816797 0.0160871 -0.0428879 0.0093481 0.0703509 0.167337 0.0637336 -0.0205528 0.000925118 0.024446 0.0607278 -0.0147126 0.0589253 -0.0554157 0.0180497 0.0134143 0.0122118 0.138142 -0.0227702 -0.0777964
internal_weight=14649 12267 2157 10110 2382 2310 5680 3971 1177 781 1861 4430 1709 3781 1550 99 1451 980 659 468 1431 3527 444 681 2975 447 449 311 806 591
internal_count=14649 12267 2157 10110 2382 2310 5680 3971 1177 781 1861 4430 1709 3781 1550 99 1451 980 659 468 1431 3527 444 681 2975 447 449 311 806 591
is_linear=0
shrinkage=0.05


Tree=28
num_leaves=31
num_cat=0
split_feature=0 9 15 4 5 15 3 5 13 14 1 16 4 9 3 9 1 8 18 3 0 3 19 19 4 8 14 5 9 14
split_gain=4224.14 2374.29 1580.8 1231.11 1007.34 873.416 802.933 643.752 624.753 569.374 506.82 449.206 442.992 419.077 383.799 547.521 458.134 401.231 376.426 355.434 303.69 300.79 299.095 500.249 286.806 282.542 272.668 255.365 279.32 251.606
threshold=30.500000000000004 23090.700000000073 25.497500000000002 648.29630000000009 8.5350000000000019 24.405000000000005 21.315841000000002 15.005000000000001 1.0000000180025095e-35 55.695000000000007 3.5000000000000004 36.002500000000012 765140.17000000004 -494360.9499999999 6.7875672000000007 -231562.74999999997 3.5000000000000004 0.68756049999999835 -9.0374999999999979 20.992844000000002 44.500000000000007 10.952988000000001 -12.1075 -12.809999999999999 612729.83000000019 2.0383300650000007 36.805000000000007 4.3050000000000006 -1038141.5499999999 21.932500000000001
decision_type=2 2 2 2 2 2 2 2 2 2 2 2 2 2 2 2 2 2 2 2 2 2 2 2 2 2 2 2 2 2
left_child=1 4 3 9 8 11 24 14 13 20 -8 22 25 18 -6 16 17 -16 -1 21 -2 -7 23 -3 26 -9 -5 28 -10 -24
right_child=2 5 -4 6 7 19 10 12 27 -11 -12 -13 -14 -15 15 -17 -18 -19 -20 -21 -22 -23 29 -25 -26 -27 -28 -29 -30 -31
leaf_value=0.23039256960830909 0.037277969123846462 -0.060939954102716666 -0.0018713116414269414 0.047202660618554423 0.03440880549097422 -0.057217979972693983 0.15232102416245155 0.12763892084036565 0.0021513342655993797 0.22303000313954222 0.071587106629093275 -0.083392212401406887 -0.076442794497449729 -0.024447474417897457 0.17855397827812647 -0.011690583261192223 -0.0049154353646612041 -0.0085513403080403807 0.018552393357455396 -0.044337922018276507 -0.0078398261382875197 -0.13340528442429664 0.035786607898106532 0.27624382407150488 0.017223167836875317 0.027422161219375477 0.12458251918389185 -0.050208986842824682 -0.15355509573450454 -0.037118905370421951
leaf_weight=22 1105 22 1809 296 815 166 513 213 37 36 313 390 43 1835 101 2556 129 40 448 219 563 590 140 22 345 105 185 696 130 765
leaf_count=22 1105 22 1809 296 815 166 513 213 37 36 313 390 43 1835 101 2556 129 40 448 219 563 590 140 22 345 105 185 696 130 765
internal_value=-0.000578047 -0.0203922 0.0358047 0.0561134 -0.00617989 -0.0644293 0.08687 0.0104946 -0.027244 0.0262954 0.121728 -0.0382167 0.0741811 -0.0136577 0.00418013 -0.00453762 0.0631771 0.125474 0.0284683 -0.100428 0.0220494 -0.116676 -0.0196514 0.107652 0.0520118 0.0945485 0.0769641 -0.0635319 -0.119057 -0.0258407
internal_weight=14649 9484 5165 3356 7170 2314 1652 4002 3168 1704 826 1339 361 2305 3641 2826 270 141 470 975 1668 756 949 44 826 318 481 863 167 905
internal_count=14649 9484 5165 3356 7170 2314 1652 4002 3168 1704 826 1339 361 2305 3641 2826 270 141 470 975 1668 756 949 44 826 318 481 863 167 905
is_linear=0
shrinkage=0.05


Tree=29
num_leaves=31
num_cat=0
split_feature=5 4 1 1 9 5 4 5 9 17 19 3 1 3 9 3 16 14 12 7 1 1 3 0 18 17 5 18 17 5
split_gain=3851.55 1562.09 1385.24 940.321 934.142 759.488 717.053 713.568 707.945 611.026 578.886 535.252 440.201 436.181 424.82 389.325 394.411 391.516 388.117 493.136 382.002 363.071 361.818 355.049 343.246 288.318 274.168 265.129 331.846 260.25
threshold=11.085000000000003 2457619.0000000005 2.5000000000000004 3.5000000000000004 308573.15000000014 18.415000000000003 612729.83000000019 15.225000000000003 -83352.20999999989 26.002500000000005 2.6325000000000007 27.593017000000003 1.0000000180025095e-35 4.4531860000000014 -1516343.5199999998 10.952988000000001 22.915000000000003 31.117500000000003 19.065000000000001 612729.83000000019 2.5000000000000004 1.5000000000000002 6.6669921000000008 25.500000000000004 2.6325000000000007 16.015000000000004 14.885000000000003 0.44000000000000133 19.897500000000004 6.7750000000000012
decision_type=2 2 2 2 2 2 2 2 2 2 2 2 2 2 2 2 2 2 2 2 2 2 2 2 2 2 2 2 2 2
left_child=1 3 7 8 5 22 14 9 12 21 18 -3 -1 -10 -5 -14 25 -18 -9 -20 29 -2 -4 -6 -15 -17 -24 -8 -29 -19
right_child=2 11 4 6 23 -7 27 10 13 -11 -12 -13 15 24 -16 16 17 20 19 -21 -22 -23 26 -25 -26 -27 -28 28 -30 -31
leaf_value=-0.012728984320440801 0.10981563326798538 -0.11717614260349694 0.057913826123822544 0.14228172869217107 -0.1025722164867376 0.093149250172029602 -0.0394035395181076 0.12937710547368184 0.046261813695782625 0.0039077219052847884 0.0098452019250011864 -0.031820444020235705 -0.0042187022019739024 -0.0036444356228560282 -0.020179843108442803 0.31836586447984533 0.010712554460927927 0.084871047800331112 0.16487463816088074 0.43427557842089581 0.024037296183377022 0.041005411408273074 -0.0038425721148005426 -0.013006605165241616 -0.034723339903817298 0.08272241776064039 0.0340339422991476 -0.027308296694398104 -0.10929790797393009 0.19318287605696385
leaf_weight=361 433 507 456 41 187 380 522 264 320 410 82 288 219 2555 2167 27 230 123 49 26 123 344 1424 271 1362 25 719 168 465 101
leaf_count=361 433 507 456 41 187 380 522 264 320 410 82 288 219 2555 2167 27 230 123 49 26 123 344 1424 271 1362 25 719 168 465 101
internal_value=-0.000549145 -0.019131 0.0348244 -0.0130731 0.0169038 0.0271245 -0.0338615 0.0731288 -0.000235949 0.0532925 0.129057 -0.0862548 0.033512 -0.00986569 -0.0171631 0.0531971 0.0731876 0.0613017 0.157893 0.258267 0.0948334 0.0793514 0.0174711 -0.049576 -0.014451 0.205076 0.00886541 -0.0657835 -0.0875376 0.133708
internal_weight=14649 9604 5045 8809 3437 2979 3363 1608 5446 1187 421 795 1209 4237 2208 848 629 577 339 75 347 777 2599 458 3917 52 2143 1155 633 224
internal_count=14649 9604 5045 8809 3437 2979 3363 1608 5446 1187 421 795 1209 4237 2208 848 629 577 339 75 347 777 2599 458 3917 52 2143 1155 633 224
is_linear=0
shrinkage=0.05


Tree=30
num_leaves=31
num_cat=0
split_feature=5 4 1 1 4 9 5 9 14 15 16 5 5 6 19 17 2 3 16 15 16 5 14 4 4 18 3 1 17 9
split_gain=3632.41 1564.91 1224.4 1098 1031.9 783.289 696.222 644.62 565.232 498.248 490.192 446.884 442.236 440.483 432.4 422.266 404.101 400.704 344.186 339.792 298.498 296.228 279.729 263.478 263.14 246.707 244.004 240.24 375.748 317.8
threshold=13.165000000000001 2626840.8000000003 2.5000000000000004 4.5000000000000009 292383.2900000001 -1.0000000180025095e-35 9.4550000000000018 118460.68500000001 58.470000000000006 25.135000000000002 58.470000000000006 24.495000000000001 8.0650000000000031 25.831634500000003 3.0849999999999995 26.545000000000005 1.0000000180025095e-35 6.5627746000000009 18.350000000000005 26.100000000000005 48.540000000000006 19.075000000000003 28.210000000000004 417570.14000000007 5604.5037500000008 0.44000000000000133 7.7665710000000008 3.5000000000000004 17.675000000000004 -929876.90799999994
decision_type=2 2 2 2 2 2 2 2 2 2 2 2 2 2 2 2 2 2 2 2 2 2 2 2 2 2 2 2 2 2
left_child=1 3 9 5 17 10 18 8 11 14 12 -4 -1 -3 20 -9 25 -5 -7 -12 21 -2 -23 -16 -22 -6 -20 28 -14 -30
right_child=2 13 7 4 16 6 -8 15 -10 -11 19 -13 27 -15 23 -17 -18 -19 26 -21 24 22 -24 -25 -26 -27 -28 -29 29 -31
leaf_value=0.0021715186470963 0.10702512731176934 -0.11987681424667934 0.036162065955490603 0.041173376484866311 -0.040349885354707453 0.10474183909302832 0.010261997937374253 -0.0001263657174325098 0.26780016640467302 -0.021133394544530247 0.29664984664746691 0.18964704661344997 0.1087167239157743 -0.035925945436611074 0.064571173828961853 -0.12756888348103307 -0.27256102572816115 -0.020563300919439337 0.0019481343648806255 0.040264093317091465 0.14930671159508488 0.11343168318271638 0.30417673870921136 -0.12981889623662698 0.37251763913942426 -0.086269427344781269 -0.033262031267186354 -0.0022777832050676376 0.19215238978785854 0.027667114807834559
leaf_weight=1190 490 401 1475 318 538 51 2793 329 28 72 28 49 258 256 72 81 24 1515 615 24 31 37 40 23 23 641 2461 202 31 557
leaf_count=1190 490 401 1475 318 538 51 2793 329 28 72 28 49 258 256 72 81 24 1515 615 24 31 37 40 23 23 641 2461 202 31 557
internal_value=-0.000192437 -0.0121583 0.0516 -0.00777628 -0.0334679 0.00172431 -0.00788111 0.0304564 0.045187 0.104244 0.0265558 0.041097 0.0230296 -0.0871654 0.116852 -0.025304 -0.06945 -0.00985285 -0.0240863 0.178318 0.13205 0.121352 0.21252 0.0175083 0.244378 -0.0653155 -0.0262223 0.0467138 0.0584116 0.036339
internal_weight=14653 11903 2750 11246 3036 8210 5920 1962 1552 788 2290 1524 2238 657 716 410 1203 1833 3127 52 621 567 77 95 54 1179 3076 1048 846 588
internal_count=14653 11903 2750 11246 3036 8210 5920 1962 1552 788 2290 1524 2238 657 716 410 1203 1833 3127 52 621 567 77 95 54 1179 3076 1048 846 588
is_linear=0
shrinkage=0.05


Tree=31
num_leaves=31
num_cat=0
split_feature=5 4 1 1 9 0 4 9 3 17 5 8 4 0 1 18 19 17 16 14 6 18 18 4 5 9 0 17 6 18
split_gain=3296.67 1328.39 1202.99 851.653 706.265 573.672 710.376 667.439 590.973 520.404 498.442 491.758 463.286 463.147 455.944 514.981 421.519 421.474 392.706 371.781 369.013 349.756 340.281 321.445 299.068 290.239 276.281 271.274 258.822 240.452
threshold=12.045000000000002 2626840.8000000003 2.5000000000000004 5.5000000000000009 118460.68500000001 25.500000000000004 1010151.1000000002 -173710.04999999973 12.157974500000002 25.632500000000004 24.495000000000001 0.56706300000000109 76504.653000000006 25.500000000000004 1.5000000000000002 0.81250000000000189 4.9425000000000034 20.375000000000004 56.577500000000008 58.470000000000006 26.753143500000004 1.5674999999999957 -16.329999999999991 555931.97000000009 15.335000000000003 -27430.409999999985 34.500000000000007 14.075000000000001 17.480148500000002 -1.624999999999998
decision_type=2 2 2 2 2 2 2 2 2 2 2 2 2 2 2 2 2 2 2 2 2 2 2 2 2 2 2 2 2 2
left_child=1 3 9 5 10 6 7 22 -9 14 19 16 -5 -6 23 25 27 -10 28 -4 -3 -14 -1 -2 -11 -16 -25 -7 -8 -29
right_child=2 20 4 12 13 11 18 8 17 24 -12 -13 21 -15 15 -17 -18 -19 -20 -21 -22 -23 -24 26 -26 -27 -28 29 -30 -31
leaf_value=0.24957178594036536 0.12404565374081533 -0.11192525821547927 0.028286149241454169 -0.018817638336908984 -0.09689796201459 0.11126311668766696 -0.062971100636982594 0.012233142041819235 -0.0027554875106542863 -0.00039950793163785552 0.18627476282461705 -0.012455004558491842 -0.0434940259961396 0.0038852727415171146 0.2020115393885028 0.00058824300709547429 -0.03357332764057358 -0.045133502794888578 -0.19501709891266603 0.20862972083790551 -0.031908399165013798 -0.1167935162203355 0.047121069527660021 0.13350696456929048 0.11302336854621386 0.082732957549388614 0.33895660297324265 0.054726791105720998 -0.016750063263279453 0.015838934121856281
leaf_weight=22 310 414 1962 747 175 114 645 1734 1062 228 53 1184 363 327 68 165 243 1311 43 29 221 295 367 30 78 204 36 666 571 986
leaf_count=22 310 414 1962 747 175 114 645 1734 1062 228 53 1184 363 327 68 165 243 1311 43 29 221 295 367 30 78 204 36 666 571 986
internal_value=-0.000182815 -0.0138797 0.0408817 -0.00957418 0.0218906 -0.00389163 -0.0133217 -0.00402582 -0.00995473 0.0840911 0.0349414 0.013105 -0.0457646 -0.0312483 0.10501 0.0702777 0.0281687 -0.0261679 -0.0465182 0.030913 -0.0840769 -0.0763563 0.0585707 0.145377 0.0285122 0.112553 0.24557 0.0366643 -0.041267 0.0315165
internal_weight=14653 10988 3665 10353 2546 8948 5755 4496 4107 1119 2044 3193 1405 502 813 437 2009 2373 1259 1991 635 658 389 376 306 272 66 1766 1216 1652
internal_count=14653 10988 3665 10353 2546 8948 5755 4496 4107 1119 2044 3193 1405 502 813 437 2009 2373 1259 1991 635 658 389 376 306 272 66 1766 1216 1652
is_linear=0
shrinkage=0.05


Tree=32
num_leaves=31
num_cat=0
split_feature=5 1 4 8 1 4 9 9 5 3 5 3 3 18 3 5 3 1 0 14 15 18 3 9 5 7 18 14 8 3
split_gain=3004.83 1183.45 1092.6 953.542 735.452 651.91 569.006 495.287 451.084 443.633 440.62 407.537 400.115 394.96 379.172 452.161 377.632 358.569 343.584 340.408 324.582 321.255 316.692 312.075 294.629 290.272 310.216 266.734 255.973 255.591
threshold=11.165000000000001 3.5000000000000004 2457619.0000000005 1.4882812499999996 5.5000000000000009 14116.267000000002 -381510.13999999996 110369.87999999996 8.4450000000000021 11.338623000000002 16.005000000000006 7.196350100000001 22.579482500000005 -6.1399999999999961 10.871643000000002 8.0650000000000031 27.781753500000004 2.5000000000000004 28.500000000000004 49.472500000000004 13.050000000000002 -1.624999999999998 16.645233500000003 1295634.7000000002 1.0000000180025095e-35 149602.61000000002 5.5475000000000039 54.960000000000008 -0.034316999999999702 7.9985048500000007
decision_type=2 2 2 2 2 2 2 2 2 2 2 2 2 2 2 2 2 2 2 2 2 2 2 2 2 2 2 2 2 2
left_child=2 3 4 5 6 9 14 10 20 19 11 13 17 -3 -1 21 -4 27 -9 -2 -8 22 -16 29 -22 -6 -27 -7 -17 -10
right_child=1 7 16 -5 25 12 8 18 23 -11 -12 -13 -14 -15 15 28 -18 -19 -20 -21 24 -23 -24 -25 -26 26 -28 -29 -30 -31
leaf_value=-0.031968194758763328 0.076983072690557763 0.25230334413548311 -0.098571104205923521 0.0042747480098870227 -0.024553618671605729 0.088698200608892622 0.070025328775758261 -0.079188053579982154 0.022758994092090201 0.017545763840674248 0.054645984527095993 -0.0090849305060320077 0.14070551994513958 0.039956210798025138 0.13988249034277703 0.16649601587472168 -0.026745313476245421 0.010091809899352442 0.0070436754236040721 0.28894577710423619 0.073535721121109371 -0.0079387058267768994 0.026141223394607067 -0.13720603230375253 -0.031883828292977846 -0.06429466834820062 -0.22007582866970232 0.24518385349262145 0.036559767635949585 -0.0060694397649397628
leaf_weight=191 358 24 505 633 643 224 85 247 1040 539 594 1189 438 250 95 106 287 149 217 20 68 315 172 41 2618 532 34 31 59 2949
leaf_count=191 358 24 505 633 643 224 85 247 1040 539 594 1189 438 250 95 106 287 149 217 20 68 315 172 41 2618 532 34 31 59 2949
internal_value=-0.000173674 0.0317067 -0.0162546 0.0568996 -0.0112724 0.0758373 -0.00560667 0.00780289 -0.0106417 0.0466696 0.0183287 0.00358329 0.107603 0.058556 0.0308999 0.0469746 -0.0725433 0.0717148 -0.0388599 0.088198 -0.0261708 0.0262619 0.066611 3.60121e-05 -0.029215 -0.0475396 -0.0736525 0.107722 0.120034 0.00144662
internal_weight=14653 4913 9740 2392 8948 1759 7739 2521 6801 917 2057 1463 842 274 938 747 792 404 464 378 2771 582 267 4030 2686 1209 566 255 165 3989
internal_count=14653 4913 9740 2392 8948 1759 7739 2521 6801 917 2057 1463 842 274 938 747 792 404 464 378 2771 582 267 4030 2686 1209 566 255 165 3989
is_linear=0
shrinkage=0.05


Tree=33
num_leaves=31
num_cat=0
split_feature=0 9 15 4 0 15 1 1 4 13 12 9 14 15 7 6 16 7 3 6 6 3 12 8 16 12 18 9 18 19
split_gain=2756.45 1596.05 1113.94 979.528 639.462 579.172 539.164 493.572 463.413 446.161 436.078 477.8 406.977 350.791 347.083 323.815 321.961 316.832 286.226 272.506 270.996 267.804 256.491 243.314 233.762 228.682 239.271 266.779 226.036 331.854
threshold=30.500000000000004 18711.464999999971 26.145000000000007 648.29630000000009 34.500000000000007 24.405000000000005 5.5000000000000009 1.0000000180025095e-35 231426.37000000002 15.120000000000003 11.725000000000003 -929876.90799999994 55.695000000000007 18.577500000000004 2650790.8500000006 20.403366500000004 36.002500000000012 24.177777500000001 16.645233500000003 10.414291000000002 8.4421540000000004 4.4531860000000014 12.915000000000001 1.3473049999999993 59.722500000000004 19.315000000000001 4.5674999999999999 -44429.280000000021 -0.67249999999999932 9.7325000000000035
decision_type=2 2 2 2 2 2 2 2 2 2 2 2 2 2 2 2 2 2 2 2 2 2 2 2 2 2 2 2 2 2
left_child=1 6 3 12 13 16 7 19 -6 10 11 18 21 -5 28 20 -3 -8 -9 22 -7 -2 -1 -12 -14 -10 27 -27 29 -13
right_child=2 5 -4 4 8 15 17 9 25 -11 23 14 24 -15 -16 -17 -18 -19 -20 -21 -22 -23 -24 -25 -26 26 -28 -29 -30 -31
leaf_value=-0.013508258588763889 0.079120184552571984 -0.016006110344722518 -0.0053038298472456794 0.08162559664985336 0.068543597720703009 -0.031024200871719851 -0.013053634276098359 0.11808586751345461 0.11575753128414767 0.15172316330080887 0.069016434252476874 0.0096817716784367083 0.26067176025222849 0.015270817420425686 -0.065071144616957594 -0.030365674200646106 -0.069761239090761137 -0.069857311523477697 0.014529970374700069 -0.048957402984322392 -0.11156948296482996 0.0099671360921635907 0.10396209170908802 0.0034403418871359185 0.038245266782385962 0.28454707119100053 0.31524297804571688 0.10342225854897953 -0.0099876364855035898 0.12677442721268606
leaf_weight=273 153 994 1606 326 467 126 546 131 270 53 393 1531 27 512 218 235 387 446 136 679 610 1648 56 221 21 29 32 68 2396 63
leaf_count=273 153 994 1606 326 467 126 546 131 270 53 393 1531 27 512 218 235 387 446 136 679 610 1648 56 221 21 29 32 68 2396 63
internal_value=-0.00016499 -0.016151 0.0292537 0.0448742 0.0722214 -0.051875 -0.00438637 0.00113108 0.102352 0.00740259 0.00589955 0.000477993 0.0196715 0.0410843 -0.00363743 -0.0814648 -0.03107 -0.0385924 0.0653383 -0.0308611 -0.0977805 0.0158419 0.00648669 0.0454133 0.16336 0.141922 0.196685 0.157573 -0.000280901 0.0143096
internal_weight=14653 9494 5159 3553 1704 2352 7142 6150 866 5142 5089 4475 1849 838 4208 971 1381 992 267 1008 736 1801 329 614 48 399 129 97 3990 1594
internal_count=14653 9494 5159 3553 1704 2352 7142 6150 866 5142 5089 4475 1849 838 4208 971 1381 992 267 1008 736 1801 329 614 48 399 129 97 3990 1594
is_linear=0
shrinkage=0.05


Tree=34
num_leaves=31
num_cat=0
split_feature=5 17 1 9 9 16 9 19 14 0 0 1 0 8 15 8 6 13 18 1 14 15 9 3 12 5 5 1 17 7
split_gain=2543.15 973.328 877.904 699.397 610.642 1020.86 456.131 449.823 427.813 424.094 423.626 404.322 439.119 513.616 398.555 369.476 339.045 347.45 531.523 303.018 298.066 291.663 502.835 303.088 290.958 284.666 264.252 329.416 246.435 264.596
threshold=13.165000000000001 25.695000000000004 2.5000000000000004 1295634.7000000002 16993.170000000016 58.470000000000006 1101868.6200000003 4.8049999999999971 58.470000000000006 25.500000000000004 26.500000000000004 3.5000000000000004 9.5000000000000018 0.032211500000000733 25.135000000000002 1.8805692000000005 14.156631500000001 9.2350000000000012 3.9450000000000007 1.0000000180025095e-35 57.307500000000012 20.707500000000003 13714.030000000001 26.146469500000006 19.315000000000001 24.495000000000001 7.2250000000000005 1.5000000000000002 14.465000000000002 2452490.8000000003
decision_type=2 2 2 2 2 2 2 2 2 2 2 2 2 2 2 2 2 2 2 2 2 2 2 2 2 2 2 2 2 2
left_child=1 4 14 7 5 11 8 9 25 16 26 12 -1 28 15 21 17 -3 -19 -12 -7 23 -23 -2 -25 -4 27 -6 29 -14
right_child=2 3 6 -5 10 20 -8 -9 -10 -11 19 -13 13 -15 -16 -17 -18 18 -20 -21 -22 22 -24 24 -26 -27 -28 -29 -30 -31
leaf_value=-0.0094569944268734149 0.048051725189183277 -0.02474009156202896 0.024044996119158515 -0.15838678594240374 -0.023495326746214074 0.32329833731055263 -0.074124596209837759 -0.069559024293002633 0.21235724138095977 -0.00073807419655614302 0.15225771127597376 -0.0097947818444236341 0.11132624196647103 0.0033674361408149826 -0.02437797594918973 0.019385682178799771 -0.054450984275518324 0.018609410200757209 0.3012093263864517 -0.0015541415707292883 0.077240010499954229 0.1359454067627332 0.38470355453698535 0.096827342346471432 0.23268921306187457 0.12831204017514694 -0.031897287389651696 -0.14181128611131538 0.038996415112750218 -0.046513249228398008
leaf_weight=1089 204 911 1753 102 102 32 109 518 32 1634 34 2374 231 1093 72 121 1068 99 20 550 20 174 23 139 55 68 787 139 1070 30
leaf_count=1089 204 911 1753 102 102 32 109 518 32 1634 34 2374 231 1093 72 121 1068 99 20 550 20 174 23 139 55 68 787 139 1070 30
internal_value=-0.000156741 -0.010169 0.0431798 -0.0290024 0.000685622 0.00809338 0.0252762 -0.0258972 0.0311233 -0.0198369 -0.0266064 0.00614511 0.0169169 0.0287656 0.0877571 0.0990333 -0.0347118 -0.0142444 0.0661052 0.00740066 0.228661 0.11523 0.164988 0.0906017 0.135345 0.0279385 -0.0459255 -0.0917357 0.0496222 0.0931838
internal_weight=14653 11903 2750 4352 7551 5939 1962 4250 1853 3732 1612 5887 3513 2424 788 716 2098 1030 119 584 52 595 197 398 194 1821 1028 241 1331 261
internal_count=14653 11903 2750 4352 7551 5939 1962 4250 1853 3732 1612 5887 3513 2424 788 716 2098 1030 119 584 52 595 197 398 194 1821 1028 241 1331 261
is_linear=0
shrinkage=0.05


Tree=35
num_leaves=31
num_cat=0
split_feature=0 4 15 4 15 6 0 17 3 1 18 6 19 17 16 19 17 0 17 19 13 16 6 3 16 6 19 15 8 6
split_gain=2611.54 1229.07 895.748 821.3 712.595 706.863 699.607 551.749 514.597 431.148 380.816 381.066 525.771 378.862 567.589 569.444 354.863 345.802 342.136 331.82 276.977 266.383 254.79 252.337 297.765 264.69 251.966 258.021 230.56 279.853
threshold=30.500000000000004 842625.90000000014 26.745000000000005 648.29630000000009 21.320000000000004 14.234802000000002 17.500000000000004 16.015000000000004 22.692978000000004 3.5000000000000004 4.5674999999999999 16.857117000000006 -10.647499999999996 33.890000000000008 33.827500000000008 9.8574999999999999 14.497500000000002 25.500000000000004 20.205000000000002 -4.3424999999999967 15.120000000000003 54.960000000000008 23.942749000000003 11.258560500000002 41.57 10.938141000000002 1.2349999999999979 11.7475 0.49034099999999908 5.3975067500000007
decision_type=2 2 2 2 2 2 2 2 2 2 2 2 2 2 2 2 2 2 2 2 2 2 2 2 2 2 2 2 2 2
left_child=1 5 3 23 10 13 18 -8 -5 22 11 -3 -13 14 16 19 -1 21 -7 -16 28 -6 -10 24 -2 -26 27 -14 29 -18
right_child=2 4 -4 8 17 6 7 -9 9 -11 -12 12 26 -15 15 -17 20 -19 -20 -21 -22 -23 -24 -25 25 -27 -28 -29 -30 -31
leaf_value=0.074205279990207929 0.031146965000841121 -0.034713090988688876 -0.0032277096445812274 0.041647044656432985 -0.066216454727092852 -0.0059353824949711434 0.24504296365711423 0.030414962194587909 0.21486580975572853 0.049318032447101166 -0.067291398095626995 0.20657521917207822 0.15738812275230885 -0.031614976076050474 0.19803850755972022 0.27729972733391656 0.078654073752529391 -0.032016677347830695 -0.043332422571675661 0.039073378419916406 0.16908035216772038 -0.14563496254288175 0.11074203796810994 0.0052761554836222684 0.054318233796705806 0.23367029436760478 0.070834049368214275 -0.01034553747653206 -0.023014898488354731 -4.3580456254765014e-05
leaf_weight=163 650 474 1556 923 1176 1053 36 178 68 303 254 37 24 392 34 27 140 832 1459 952 23 116 432 1183 48 36 148 513 871 585
leaf_count=163 650 474 1556 923 1176 1053 36 178 68 303 254 37 24 392 34 27 140 832 1459 952 23 116 432 1183 48 36 148 513 871 585
internal_value=4.6374e-05 -0.0155622 0.0285284 0.0420921 -0.0387105 -0.0015706 -0.0202629 0.0665206 0.0671118 0.0963821 -0.0116891 0.000119374 0.0229872 0.0144178 0.0208739 0.0507584 0.00388575 -0.0571573 -0.027656 0.0445549 -0.00319398 -0.0733469 0.124903 0.0195653 0.0425953 0.131183 0.0130708 -0.00284906 -0.00567663 0.0151532
internal_weight=14686 9487 5199 3643 3574 5913 2726 214 1726 803 1450 1196 722 3187 2795 1013 1782 2124 2512 986 1619 1292 500 1917 734 84 685 537 1596 725
internal_count=14686 9487 5199 3643 3574 5913 2726 214 1726 803 1450 1196 722 3187 2795 1013 1782 2124 2512 986 1619 1292 500 1917 734 84 685 537 1596 725
is_linear=0
shrinkage=0.05


Tree=36
num_leaves=31
num_cat=0
split_feature=0 9 15 4 17 16 15 3 1 14 14 12 3 5 14 3 0 8 18 18 6 3 14 15 6 1 12 4 16 14
split_gain=2356.92 1125.2 808.412 741.223 557.809 582.916 494.439 464.424 389.111 338.787 334.614 293.482 282.766 270.207 258.994 252.598 319.432 248.679 233.019 238.235 229.948 227.734 458.749 231.423 210.382 226.031 206.261 204.654 195.825 193.04
threshold=30.500000000000004 15861.33699999991 26.745000000000005 648.29630000000009 26.002500000000005 58.470000000000006 24.405000000000005 22.692978000000004 3.5000000000000004 57.620000000000005 18.002500000000001 12.185 20.992844000000002 16.215000000000003 57.307500000000012 10.683365000000002 25.500000000000004 2.782852150000001 7.1299999999999999 -18.029999999999998 23.942749000000003 11.258560500000002 39.110000000000007 14.407500000000001 8.4421540000000004 5.5000000000000009 7.1450000000000005 1195623.1500000001 23.027500000000003 36.805000000000007
decision_type=2 2 2 2 2 2 2 2 2 2 2 2 2 2 2 2 2 2 2 2 2 2 2 2 2 2 2 2 2 2
left_child=1 4 3 21 5 11 10 9 20 27 -3 18 24 -6 -7 -13 -17 26 19 -1 -9 22 23 -2 -8 -26 -12 29 -22 -5
right_child=2 6 -4 7 13 14 12 8 -10 -11 17 15 -14 -15 -16 16 -18 -19 -20 -21 28 -23 -24 -25 25 -27 -28 -29 -30 -31
leaf_value=-0.053367188474348654 0.10453919335328915 0.17758899211883547 -0.0030663241601972483 0.024060466199688629 -0.027858984728236488 0.24968690341886354 -0.025573088082461809 0.20412252055864563 0.046852130594697138 0.17034302939226767 -0.051867619003011005 0.069279775790161299 -0.021804920185306761 0.077960241537901667 0.046288717623221981 -0.040679255940470123 0.10429679766005161 -0.1051947214051473 -0.036541951647072739 0.0054095040595134323 0.1588664582793097 0.0050123477791572217 0.13217321737304977 0.011904517387820071 -0.080974529282800495 -0.15094198666093564 -0.0090929442131395914 -0.017247821203527785 0.084086529713033917 0.077946197477526458
leaf_weight=181 77 20 1556 443 2235 34 121 68 303 47 412 291 221 62 29 149 51 98 422 3628 122 1183 115 542 490 151 892 167 310 266
leaf_count=181 77 20 1556 443 2235 34 121 68 303 47 412 291 221 62 29 149 51 98 422 3628 122 1183 115 542 490 151 892 167 310 266
internal_value=4.40552e-05 -0.0147841 0.027102 0.0399875 -0.00474946 0.00497295 -0.0443329 0.0637562 0.091563 0.0395647 -0.0254836 0.00295719 -0.0716002 -0.0250027 0.156059 0.0395486 -0.00371036 -0.0283805 -0.00128917 0.00261649 0.118658 0.018587 0.0404655 0.0234277 -0.0860421 -0.0974567 -0.0226076 0.032548 0.105205 0.0442771
internal_weight=14686 9487 5199 3643 7082 4785 2405 1726 803 923 1422 4722 983 2297 63 491 200 1402 4231 3809 500 1917 734 619 762 641 1304 876 432 709
internal_count=14686 9487 5199 3643 7082 4785 2405 1726 803 923 1422 4722 983 2297 63 491 200 1402 4231 3809 500 1917 734 619 762 641 1304 876 432 709
is_linear=0
shrinkage=0.05


Tree=37
num_leaves=31
num_cat=0
split_feature=0 4 15 0 13 6 0 3 16 8 1 14 15 16 8 9 14 6 6 9 16 0 16 16 3 14 3 0 0 12
split_gain=2127.12 1043.15 729.998 658.663 630.602 611.888 644.936 439.028 434.391 460.47 405.365 377.911 368.644 324.065 313.6 373.021 312.292 303.697 426.283 496.671 282.556 334.418 280.917 280.805 274.745 299.898 338.129 258.629 292.61 271.877
threshold=30.500000000000004 842625.90000000014 26.145000000000007 42.500000000000007 1.0000000180025095e-35 14.234802000000002 25.500000000000004 22.330551000000003 54.960000000000008 2.07623325 2.5000000000000004 58.470000000000006 14.407500000000001 30.557500000000001 1.4439089999999999 -833301.7849999998 18.002500000000001 20.403366500000004 9.3979950000000017 -872257.61999999988 31.117500000000003 34.500000000000007 23.027500000000003 18.002500000000001 2.5607910500000006 36.805000000000007 13.282593 25.500000000000004 23.500000000000004 3.0050000000000003
decision_type=2 2 2 2 2 2 2 2 2 2 2 2 2 2 2 2 2 2 2 2 2 2 2 2 2 2 2 2 2 2
left_child=1 5 3 7 8 14 -7 11 9 16 20 12 -2 -8 -1 -16 -3 18 -6 -20 22 -22 -9 -17 -14 -26 -27 28 29 -18
right_child=2 4 -4 -5 17 6 13 10 -10 -11 -12 -13 24 -15 15 23 27 -19 19 -21 21 -23 -24 -25 25 26 -28 -29 -30 -31
leaf_value=0.026155105353093684 0.13430047591711267 0.16316002342436051 -0.0021010959358098284 0.0055718587535338654 -0.022398476334204501 -0.022068184614951081 0.31075547130778436 0.14941054458169828 -0.11314349801949233 -0.064830780963368959 0.048031843165798373 0.16911651446830994 0.1648977117284256 0.059732379660838178 0.18510160467028619 0.12372975733719374 0.090944448905065658 -0.034503299554852811 0.017287849068683993 -0.12982332240662842 0.067756618472049016 0.27319327402645005 0.061153067446115317 -0.014384607440730574 0.0022838916698211423 0.099540953738482499 0.017158054733207743 0.015648658167641338 -0.066464446553837139 -0.016118407482806064
leaf_weight=1957 81 27 1620 1073 188 2670 20 143 121 398 529 51 34 36 25 38 64 467 66 439 32 52 244 1167 825 211 304 710 287 807
leaf_count=1957 81 27 1620 1073 188 2670 20 143 121 398 529 51 34 36 25 38 64 467 66 439 32 52 244 1167 825 211 304 710 287 807
internal_value=4.18525e-05 -0.0140449 0.0257469 0.038352 -0.0353707 -0.00115485 -0.0185461 0.0523876 -0.0208117 -0.0159395 0.0780702 0.0353341 0.0306449 0.149383 0.0137207 -0.00606306 -0.005671 -0.0656684 -0.0866701 -0.110597 0.111807 0.194932 0.093765 -0.0100291 0.0245342 0.0209727 0.050911 -0.00811127 -0.0226791 -0.00825156
internal_weight=14686 9487 5199 3579 3574 5913 2726 2506 2414 2293 1000 1506 1455 56 3187 1230 1895 1160 693 505 471 84 387 1205 1374 1340 515 1868 1158 871
internal_count=14686 9487 5199 3579 3574 5913 2726 2506 2414 2293 1000 1506 1455 56 3187 1230 1895 1160 693 505 471 84 387 1205 1374 1340 515 1868 1158 871
is_linear=0
shrinkage=0.05


Tree=38
num_leaves=31
num_cat=0
split_feature=0 9 15 4 17 16 3 3 3 3 3 3 14 13 12 5 0 0 3 14 18 19 4 18 3 15 4 8 15 8
split_gain=1919.72 948.2 660.422 615.635 509.583 522.159 434.469 405.348 386.14 353.563 683.489 334.705 281.928 276.457 251.945 224.855 217.383 206.855 206.412 218.727 203.56 196.482 184.052 183.241 219.433 223.841 363.553 185.722 271.5 185.011
threshold=30.500000000000004 8754.0169999999998 26.745000000000005 648.29630000000009 26.002500000000005 55.695000000000007 6.8698273000000007 20.591644000000006 22.692978000000004 10.952988000000001 14.987533500000003 12.157974500000002 57.620000000000005 16.150000000000002 10.365 16.215000000000003 46.500000000000007 26.500000000000004 4.1303865000000011 55.280000000000008 4.5674999999999999 -5.0950000000000015 1195623.1500000001 -0.74000000000000543 5.7012330000000011 34.750000000000007 157200.83000000005 -1.2638244999999995 33.642500000000005 0.33732649999999792
decision_type=2 2 2 2 2 2 2 2 2 2 2 2 2 2 2 2 2 2 2 2 2 2 2 2 2 2 2 2 2 2
left_child=1 4 3 16 5 13 -3 11 12 -7 -11 -8 22 14 -1 23 18 21 -2 -20 -9 -13 -5 29 -25 27 -27 28 -26 -6
right_child=2 6 -4 8 15 9 7 20 -10 10 -12 17 -14 -15 -16 -17 -18 -19 19 -21 -22 -23 -24 24 25 26 -28 -29 -30 -31
leaf_value=-0.0047463401183233693 0.082566721804147217 0.018731475429293435 -0.002807953218111869 0.040431350158666737 0.015543856445433213 0.27829154133796691 -0.030304712716611601 -0.0065490354090048403 0.083122875772271329 -0.085184737775204203 0.22780269614454346 -0.029742176833907875 0.15500937066179643 0.1596679938491434 0.02212886564048229 0.071364377253520933 -0.031401498966373592 -0.043299609525259103 0.013997711868744506 0.11732539419295654 -0.059950989020822444 -0.10998570211589238 -0.017914564384169832 0.032841226533484799 -0.084508215034191939 -0.034539063580938292 -0.14364578909455583 -0.016939607434618469 0.070652629982214429 -0.030893285631056505
leaf_weight=3433 132 280 1556 709 426 26 452 643 803 37 33 89 47 28 1169 61 210 233 1522 53 247 534 167 103 237 185 130 677 32 432
leaf_count=3433 132 280 1556 709 426 26 452 643 803 37 33 89 47 28 1169 61 210 233 1522 53 247 534 167 103 237 185 130 677 32 432
internal_value=3.97598e-05 -0.0133426 0.0244596 0.0361061 -0.00394369 0.00542666 -0.0399274 -0.0473999 0.0577678 0.120846 0.0623665 -0.0651116 0.0357091 0.00303351 0.0020805 -0.0233411 0.0166026 -0.0834909 0.0225082 0.0174748 -0.0213696 -0.0985223 0.0293083 -0.025941 -0.037329 -0.0430606 -0.0795672 -0.0309045 -0.0660504 -0.00783708
internal_weight=14686 9487 5199 3643 7009 4726 2478 2198 1726 96 70 1308 923 4630 4602 2283 1917 856 1707 1575 890 623 876 2222 1364 1261 315 946 269 858
internal_count=14686 9487 5199 3643 7009 4726 2478 2198 1726 96 70 1308 923 4630 4602 2283 1917 856 1707 1575 890 623 876 2222 1364 1261 315 946 269 858
is_linear=0
shrinkage=0.05


Tree=39
num_leaves=31
num_cat=0
split_feature=0 4 0 15 13 9 3 14 4 0 15 3 8 14 3 3 14 17 1 17 16 14 5 16 17 9 16 6 6 9
split_gain=1732.55 870.837 616.698 574.277 556.276 552.43 717.955 561.506 401.088 381.876 345.855 323.632 378.148 376.42 397.306 337.048 323.042 315.168 308.712 307.682 326.131 305.41 289.73 271.827 268.007 265.713 264.172 256.953 366.923 415.822
threshold=30.500000000000004 842625.90000000014 44.500000000000007 26.745000000000005 1.0000000180025095e-35 -381510.13999999996 10.730728500000003 55.695000000000007 3088979.3500000006 25.500000000000004 14.195000000000002 22.330551000000003 -0.42977899999999986 36.805000000000007 12.157974500000002 2.7786102500000003 23.730000000000004 15.880000000000001 1.5000000000000002 33.957500000000003 33.827500000000008 33.742500000000007 18.415000000000003 40.910000000000004 19.127500000000005 -194954.14999999999 54.960000000000008 20.403366500000004 8.6567842500000012 -872257.61999999988
decision_type=2 2 2 2 2 2 2 2 2 2 2 2 2 2 2 2 2 2 2 2 2 2 2 2 2 2 2 2 2 2
left_child=1 5 3 10 8 17 7 19 9 16 -2 13 25 15 -15 -12 -3 -1 21 20 -7 -14 -20 -19 -17 -13 -18 28 -6 -30
right_child=2 4 -4 -5 27 6 -8 -9 -10 -11 11 12 18 14 -16 24 26 23 22 -21 -22 -23 -24 -25 -26 -27 -28 -29 29 -31
leaf_value=0.19796165011923861 0.095626072855829677 0.025890804784062013 -0.013901833641955264 0.0032927545470544644 -0.012986398103154748 0.0092414032673202914 -0.019154548915916576 0.24011001884937289 -0.095761120077341222 0.013449891811953194 0.12539934388228827 0.11065230998728011 0.10808128017433889 0.10810714915846137 0.026999280644704495 0.029043586392754048 -0.03377447184271444 0.0030107590914023727 0.037454487077243408 -0.03353985017027146 0.056007929230792654 0.28469296966133445 0.12250839231848498 0.096896982581957308 -0.023285597580383337 -0.013070483987743237 -0.13745467674130432 -0.031950175643218504 0.017800056340285777 -0.11624230233533409
leaf_weight=37 285 225 920 1287 158 1350 3383 28 157 846 56 54 157 225 459 431 1121 178 372 286 515 29 137 136 566 221 65 467 66 469
leaf_count=37 285 225 920 1287 158 1350 3383 28 157 846 56 54 157 225 459 431 1121 178 372 286 515 29 137 136 566 221 65 467 66 469
internal_value=3.77719e-05 -0.0126755 0.0232366 0.0312215 -0.0321605 -0.000898138 -0.00473736 0.017646 -0.0184864 -0.0131111 0.0432349 0.0377191 0.0608538 0.0247998 0.0536795 0.00604036 -0.0290364 0.0599387 0.0804915 0.0147502 0.0221555 0.135618 0.0603472 0.0436749 -0.000663854 0.0112242 -0.0394568 -0.0606167 -0.0799346 -0.0997062
internal_weight=14686 9487 5199 4279 3574 5913 5562 2179 2414 2257 2992 2707 970 1737 684 1053 1411 351 695 2151 1865 186 509 314 997 275 1186 1160 693 535
internal_count=14686 9487 5199 4279 3574 5913 5562 2179 2414 2257 2992 2707 970 1737 684 1053 1411 351 695 2151 1865 186 509 314 997 275 1186 1160 693 535
is_linear=0
shrinkage=0.05


Tree=40
num_leaves=31
num_cat=0
split_feature=0 4 5 6 8 1 3 14 0 1 13 17 15 19 13 5 18 1 8 16 6 16 3 17 16 19 17 14 16 18
split_gain=1509.39 1011.6 683.483 459.561 447.472 446.016 404.684 467.067 395.368 391.623 363.007 352.313 320.733 544.987 276.178 259.172 258.967 298.483 260.502 470.069 254.673 252.04 562.443 245.162 360.988 429.901 319.936 285.989 233.526 231.741
threshold=28.500000000000004 1051292.5000000002 15.060000000000002 19.902633500000004 1.7842098 2.5000000000000004 11.967453000000001 55.695000000000007 17.500000000000004 2.5000000000000004 1.0000000180025095e-35 26.045000000000005 16.802500000000006 -0.79500000000000071 15.055000000000001 26.660000000000004 3.0974999999999953 3.5000000000000004 -1.0000149999999992 25.815000000000001 9.3979950000000017 34.155000000000008 21.162872000000004 33.890000000000008 33.827500000000008 -3.0174999999999996 14.497500000000002 19.207500000000007 40.910000000000004 0.81250000000000189
decision_type=2 2 2 2 2 2 2 2 2 2 2 2 2 2 2 2 2 2 2 2 2 2 2 2 2 2 2 2 2 2
left_child=1 6 4 10 5 11 7 14 -8 29 -3 -2 13 -10 23 -11 17 18 19 -5 -12 -13 -23 24 26 -26 -1 -28 -14 -4
right_child=2 3 9 16 -6 -7 8 -9 12 15 20 21 28 -15 -16 -17 -18 -19 -20 -21 -22 22 -24 -25 25 -27 27 -29 -30 -31
leaf_value=0.065321770417718111 0.055667052560289781 -0.038971906848919956 0.14313384680562871 0.24098622484787091 -0.021003959143913439 0.00092304548451555175 -0.018383768715573536 0.18055373846394263 0.016732332308686548 0.030683135733720036 -0.02814021836365423 -0.015496479636135683 -0.018727090079142483 0.34212584780021149 0.12935965793828172 0.15213834477345581 -0.049709680612660748 -0.03233132820509723 0.011068624097751254 -0.0034349382810649424 -0.110609853992736 0.024101009049202104 0.26577762118898907 -0.029331577292218622 0.21068363173587903 0.03542311701450717 0.085232833493500956 -0.012124171866106035 0.075186717893100455 0.05874336213503472
leaf_weight=174 1015 1066 156 37 888 1774 3079 41 31 973 124 417 171 22 48 46 356 363 372 42 382 325 26 371 37 644 80 1321 108 170
leaf_count=174 1015 1066 156 37 888 1774 3079 41 31 973 124 417 171 22 48 46 356 363 372 42 382 325 26 371 37 644 80 1321 108 170
internal_value=0.000339298 -0.0126241 0.0201964 -0.0378664 0.0107467 0.0186732 -0.00132757 0.013073 -0.012794 0.0514263 -0.0555257 0.0363337 0.0390461 0.151801 0.010506 0.0361659 -0.0141395 0.00141705 0.0285804 0.111041 -0.0903999 0.0107826 0.042003 0.00833435 0.0145285 0.0449453 0.00137688 -0.00656489 0.0176266 0.0991265
internal_weight=14659 8869 5790 2742 4445 3557 6127 2716 3411 1345 1572 1783 332 53 2675 1019 1170 814 451 79 506 768 351 2627 2256 681 1575 1401 279 326
internal_count=14659 8869 5790 2742 4445 3557 6127 2716 3411 1345 1572 1783 332 53 2675 1019 1170 814 451 79 506 768 351 2627 2256 681 1575 1401 279 326
is_linear=0
shrinkage=0.05


Tree=41
num_leaves=31
num_cat=0
split_feature=0 9 17 1 14 3 6 17 16 5 19 5 0 1 14 13 1 0 4 3 0 3 3 6 13 6 4 19 19 19
split_gain=1362.22 937.858 624.327 503.262 505.163 406.289 488.972 401.905 417.88 361.243 333.485 317.275 313.24 263.011 298.964 229.375 218.234 251.671 283.533 207.261 197.623 205.171 195.339 464.338 193.031 187.834 175.448 174.189 487.432 227.909
threshold=28.500000000000004 8754.0169999999998 25.695000000000004 1.5000000000000002 58.470000000000006 8.2601777500000022 18.400802500000005 26.002500000000005 58.470000000000006 17.005000000000006 4.8049999999999971 17.870000000000001 13.500000000000002 1.5000000000000002 39.632500000000007 17.415000000000003 3.5000000000000004 9.5000000000000018 1230379.1500000001 12.157974500000002 46.500000000000007 2.1160431000000002 24.355483500000002 24.488647500000003 9.0050000000000008 13.664138500000002 14116.267000000002 -0.027499999999999854 -0.96250000000000024 -0.60000000000000131
decision_type=2 2 2 2 2 2 2 2 2 2 2 2 2 2 2 2 2 2 2 2 2 2 2 2 2 2 2 2 2 2
left_child=1 7 3 9 11 13 19 8 15 -2 -4 20 25 14 -3 16 17 -1 22 -7 21 -5 23 -19 -18 -10 -13 28 -28 -30
right_child=2 5 10 4 -6 6 -8 -9 12 -11 -12 26 -14 -15 -16 -17 24 18 -20 -21 -22 -23 -24 -25 -26 -27 27 -29 29 -31
leaf_value=-0.0047070383960690189 0.058282306744129819 0.029043892677336071 0.0039852575669873753 0.12781063957139849 0.20740496031939984 -0.042380238740588543 -0.023800494940050022 -0.020549734102710975 0.14705455660481345 0.22703972056959618 -0.05772056012684184 0.0031899745184771656 0.26479854721289414 -0.016336965584764586 0.23879297433987909 0.15483173386752605 -0.018192344303308794 0.045905859645000102 -0.008188051473939929 -0.092467975149269535 -0.040915720012734635 0.013588491096601353 0.0018055334249208095 0.24996276465726308 0.020921454768045807 -0.062005166718292808 0.045965683753665998 0.049784361742046986 0.37080986499786378 0.13759878609329462
leaf_weight=1164 812 65 1670 40 36 312 904 2150 22 33 252 119 26 256 23 25 1492 721 410 611 166 2295 238 29 400 21 73 252 22 20
leaf_count=1164 812 65 1670 40 36 312 904 2150 22 33 252 119 26 256 23 25 1492 721 410 611 166 2295 238 29 400 21 73 252 22 20
internal_value=0.000322333 -0.0119929 0.0191866 0.0307603 0.021225 -0.040552 -0.0499377 -0.00273619 0.0056849 0.0648728 -0.0041052 0.0189811 0.127795 0.00929601 0.0838647 0.00380377 0.00295606 0.0124671 0.0267666 -0.0755369 0.0117977 0.0155452 0.041272 0.0537961 -0.00992304 0.0449556 0.0559476 0.0730544 0.124046 0.259757
internal_weight=14659 8869 5790 3868 3023 2171 1827 6698 4548 845 1922 2987 69 344 88 4479 4454 2562 1398 923 2501 2335 988 750 1892 43 486 367 115 42
internal_count=14659 8869 5790 3868 3023 2171 1827 6698 4548 845 1922 2987 69 344 88 4479 4454 2562 1398 923 2501 2335 988 750 1892 43 486 367 115 42
is_linear=0
shrinkage=0.05


Tree=42
num_leaves=31
num_cat=0
split_feature=5 9 1 8 9 14 1 9 16 15 18 14 4 17 9 5 2 16 5 15 4 8 5 3 18 16 17 8 15 5
split_gain=1278.89 598.842 586.735 670.567 650.707 661.893 501.539 573.023 391.853 491.569 476.022 335.004 327.807 320.545 294.259 305.004 275.138 274.745 268.125 260.419 245.186 243.423 233.85 300.957 318.827 306.795 225.743 216.656 213.097 194.515
threshold=10.005000000000001 1242078.1500000001 3.5000000000000004 1.2254793000000015 -194954.14999999999 23.462500000000006 4.5000000000000009 -83352.20999999989 41.802500000000002 24.632500000000004 -5.7575000000000029 19.207500000000007 373810.72000000003 12.922500000000001 1295634.7000000002 7.5050000000000008 1.0000000180025095e-35 57.620000000000005 17.005000000000006 32.442500000000003 699577.81000000017 -0.41175849999999942 18.550000000000004 7.8815155000000008 -6.1399999999999961 42.962500000000006 24.280000000000005 1.5376440000000013 12.922500000000001 1.0000000180025095e-35
decision_type=2 2 2 2 2 2 2 2 2 2 2 2 2 2 2 2 2 2 2 2 2 2 2 2 2 2 2 2 2 2
left_child=6 2 3 4 5 -2 7 8 13 10 -10 -6 -8 -1 15 29 26 19 -13 -11 -12 -20 23 24 25 -4 -14 -17 -15 -9
right_child=1 -3 22 -5 11 -7 12 14 9 17 20 18 16 28 -16 27 -18 -19 21 -21 -22 -23 -24 -25 -26 -27 -28 -29 -30 -31
leaf_value=0.18442580564878883 0.32363465420019472 -0.072106698989630388 0.29431610675085162 -0.0019572068485671228 0.12733982687529463 0.089035436963765993 -0.015353087642847943 0.040527794189468218 0.30332962306018807 0.026189670802065825 0.1817937111215932 0.028949382449475883 -0.023026721424252966 0.16096684478223325 -0.099651760460421596 0.0011993225366768567 -0.2031178587867368 -0.073857474198629119 0.010984528670087458 0.17790264748036863 0.028142726618577453 0.11681804304257377 0.046708172710671035 -0.0091406650505132976 0.018449393782696916 0.049846772256899964 -0.073018930026194501 -0.032425875891813165 -0.0039509059462549262 -0.040748284235165494
leaf_weight=24 38 188 21 978 104 144 973 79 33 198 42 1883 394 20 101 2529 31 58 79 33 68 174 286 2352 646 33 529 591 950 1080
leaf_count=24 38 188 21 978 104 144 973 79 33 198 42 1883 394 20 101 2529 31 58 79 33 68 174 286 2352 646 33 529 591 950 1080
internal_value=0.000306217 0.0159113 0.0183671 0.0329865 0.0470968 0.138018 -0.0136704 -0.00633451 0.0211948 0.0609526 0.136776 0.0397094 -0.0357731 0.00391569 -0.0152972 -0.0133062 -0.0565998 0.0234346 0.0354428 0.047863 0.0868095 0.0837712 0.00347621 -0.000575018 0.0282056 0.144918 -0.0516788 -0.00517007 -0.00055054 -0.0352083
internal_weight=14659 6926 6738 3400 2422 182 7733 5806 1426 432 143 2240 1927 994 4380 4279 954 289 2136 231 110 253 3338 3052 700 54 923 3120 970 1159
internal_count=14659 6926 6738 3400 2422 182 7733 5806 1426 432 143 2240 1927 994 4380 4279 954 289 2136 231 110 253 3338 3052 700 54 923 3120 970 1159
is_linear=0
shrinkage=0.05


Tree=43
num_leaves=31
num_cat=0
split_feature=0 4 5 13 7 3 14 8 1 14 1 9 17 14 8 9 15 8 3 3 16 3 17 5 4 14 17 8 18 3
split_gain=1163.54 822.261 540.391 533.127 422.949 472.565 401.641 375.634 350.27 337.608 320.442 308.905 278.414 265.825 254.096 252.691 242.058 228.331 226.113 247.118 225.67 505.454 215.988 215.715 212.527 214.683 208.506 202.028 201.2 197.487
threshold=28.500000000000004 612729.83000000019 15.060000000000002 1.0000000180025095e-35 622512.33000000019 11.967453000000001 23.730000000000004 1.7842098 2.5000000000000004 23.305000000000003 2.5000000000000004 1295634.7000000002 26.045000000000005 55.695000000000007 4.6823267000000008 -529899.64999999979 13.050000000000002 1.6275635000000002 18.799850500000002 11.606857000000002 34.155000000000008 21.162872000000004 15.425000000000002 26.660000000000004 2577083.5000000005 55.695000000000007 34.545000000000009 2.3987735000000012 0.81250000000000189 7.086120600000001
decision_type=2 2 2 2 2 2 2 2 2 2 2 2 2 2 2 2 2 2 2 2 2 2 2 2 2 2 2 2 2 2
left_child=1 4 7 6 5 13 9 8 12 -3 28 14 24 17 16 -9 -8 -1 19 -5 -14 26 -19 -12 25 -2 -22 -21 -4 -10
right_child=2 3 10 18 -6 -7 11 15 29 -11 23 -13 20 -15 -16 -17 -18 22 -20 27 21 -23 -24 -25 -26 -27 -28 -29 -30 -31
leaf_value=0.020980602271479472 0.049201423323662133 0.01620230743515649 0.12964744636645684 -0.043118834057525993 0.063412066761441427 -0.015994621685892257 0.15563112825155259 0.15594490002840758 0.036415868638805478 0.18634594768082025 0.026688207394442495 -0.094601232459612425 -0.015344527797166 0.14708342810941707 -0.13636686651684021 -0.023816452844847374 -0.01931761853439623 0.10030916846896475 -0.033832636937607061 -0.12747244343550487 0.0853474318861 0.25119892178246611 -0.022944699113511227 0.13749396336548356 -0.079480099861299808 0.18086720274295659 -0.0032631251492320785 -0.029388953814139737 0.051014221145990579 -0.0069710892130027654
leaf_weight=1771 952 328 156 251 257 2862 20 20 320 32 973 152 417 37 46 868 1730 38 457 273 93 26 550 46 31 32 232 65 170 1454
leaf_count=1771 952 328 156 251 257 2862 20 20 320 32 973 152 417 37 46 868 1730 38 457 273 93 26 550 46 31 32 232 65 170 1454
internal_value=0.000290906 -0.0110909 0.0177253 -0.0306131 0.000781721 -0.00227952 -0.0171931 0.00932277 0.0165852 0.0313262 0.0454943 -0.0261597 0.0322358 0.014103 -0.0203673 -0.0197678 -0.0173182 0.0120173 -0.0602243 -0.0807013 0.00952184 0.0390639 -0.0149793 0.0316902 0.0494223 0.0534832 0.0220931 -0.10861 0.0886424 0.000855194
internal_weight=14659 8869 5790 3354 5515 5258 2308 4445 3557 360 1345 1948 1783 2396 1796 888 1750 2359 1046 589 768 351 588 1019 1015 984 325 338 326 1774
internal_count=14659 8869 5790 3354 5515 5258 2308 4445 3557 360 1345 1948 1783 2396 1796 888 1750 2359 1046 589 768 351 588 1019 1015 984 325 338 326 1774
is_linear=0
shrinkage=0.05


Tree=44
num_leaves=31
num_cat=0
split_feature=5 9 1 8 9 9 5 1 8 16 16 9 14 13 1 9 13 16 5 3 16 17 6 5 14 14 6 15 16 17
split_gain=1086.38 503.783 492.842 569.891 515.648 436.329 440.474 412.846 407.955 394.52 761.844 315.25 315.08 298.412 274.599 290.661 259.009 231.178 204.792 182.864 269.418 464.707 507.362 208.722 177.057 174.33 220.42 181.265 170.196 191.314
threshold=10.005000000000001 1242078.1500000001 3.5000000000000004 1.4882812499999996 -18156.699999999892 -775799.24999999988 7.1750000000000007 1.5000000000000002 2.8518983500000004 23.027500000000003 22.790000000000003 526968.50000000023 19.207500000000007 9.0050000000000008 3.5000000000000004 -409.54259000009307 1.0000000180025095e-35 56.577500000000008 14.795000000000002 9.5359802500000015 29.825000000000003 29.872500000000002 6.3811798500000005 19.380000000000006 57.307500000000012 48.562500000000007 16.043320000000005 13.050000000000002 27.575000000000003 33.642500000000005
decision_type=2 2 2 2 2 2 2 2 2 2 2 2 2 2 2 2 2 2 2 2 2 2 2 2 2 2 2 2 2 2
left_child=5 2 3 4 9 8 7 17 -1 10 -2 14 -6 16 15 28 -4 25 -14 20 -15 22 -22 -21 -3 27 -27 -7 -8 -30
right_child=1 24 13 -5 12 6 11 -9 -10 -11 -12 -13 18 19 -16 -17 -18 -19 -20 23 21 -23 -24 -25 -26 26 -28 -29 29 -31
leaf_value=0.019267200664833659 0.10956055190952788 -0.047954958787921706 0.0042716117853194117 -0.0049518932361909867 0.12106505670842338 0.098722092551179239 0.0056239061764306944 -0.063757454248355702 0.20575541805085398 0.065233280947947156 0.45333013921976095 -0.054412013228895217 0.018324650417303419 0.016802890722687213 -0.020643161147119522 -0.0054528076821664401 -0.033958477917362818 -0.1217870528769234 0.055793564012838075 0.0027824533926873625 0.33748113811016084 0.0036549964891464423 0.083496227056956765 0.082458422904213277 -0.19603613815877752 0.09283240689074293 -0.052027086791043224 -0.023506973868738415 0.071353571686674569 -0.014235595438674274
leaf_weight=543 83 165 1219 857 94 32 367 823 31 357 20 362 1508 236 2006 2429 696 46 481 948 32 66 51 90 23 85 38 582 306 83
leaf_count=543 83 165 1219 857 94 32 367 823 31 357 20 362 1508 236 2006 2429 696 46 481 948 32 66 51 90 23 85 38 582 306 83
internal_value=0.000276361 0.0146591 0.0169116 0.0303103 0.0421938 -0.0126054 -0.0159685 -0.0390304 0.0293389 0.0901052 0.176312 -0.00929868 0.0316132 0.00326406 -0.00615266 0.00297386 -0.00962298 -0.0130401 0.0273858 0.0206068 0.0500374 0.102677 0.181418 0.00969077 -0.0660713 -0.00625268 0.0480791 -0.0171367 0.0300484 0.0530916
internal_weight=14659 6926 6738 3400 2543 7733 7159 1606 574 460 103 5553 2083 3338 5191 3185 1915 783 1989 1423 385 149 83 1038 188 737 123 614 756 389
internal_count=14659 6926 6738 3400 2543 7733 7159 1606 574 460 103 5553 2083 3338 5191 3185 1915 783 1989 1423 385 149 83 1038 188 737 123 614 756 389
is_linear=0
shrinkage=0.05


Tree=45
num_leaves=31
num_cat=0
split_feature=5 17 9 1 8 14 19 4 8 9 1 9 14 19 5 9 17 3 16 6 5 17 3 19 19 17 9 5 8 18
split_gain=1098.93 569.944 408.361 408.036 348.278 371.307 311.079 309.281 286.801 280.525 278.639 269.175 266.529 239.337 318.61 376.431 357.562 251.187 300.592 226.294 214.639 282.728 223.041 212.08 195.218 196.71 193.046 285.288 190.855 229.204
threshold=13.165000000000001 26.002500000000005 1295634.7000000002 2.5000000000000004 0.29519599999999985 58.470000000000006 4.8049999999999971 2351424.9000000004 -3.5253752999999994 -1250202.6299999997 3.5000000000000004 1452874.4150000003 58.470000000000006 -10.647499999999996 7.9250000000000007 -30362.075000000008 14.465000000000002 11.606857000000002 47.717500000000001 18.098648000000004 18.005000000000006 14.497500000000002 7.086120600000001 -2.5049999999999986 3.142499999999997 34.577500000000008 -646912.65000000002 7.5050000000000008 -0.19255100000000167 1.0000000180025095e-35
decision_type=2 2 2 2 2 2 2 2 2 2 2 2 2 2 2 2 2 2 2 2 2 2 2 2 2 2 2 2 2 2
left_child=1 4 6 8 5 10 26 9 -2 -6 13 12 20 -1 -15 16 -16 18 -17 -19 22 -22 23 -5 25 -10 28 -28 29 -3
right_child=3 2 -4 11 7 -7 -8 -9 24 -11 -12 -13 -14 14 15 17 -18 19 -20 -21 21 -23 -24 -25 -26 -27 27 -29 -30 -31
leaf_value=0.16263016462326052 0.19280619558535125 0.13441929287318863 -0.11362846853049553 -0.055022020737935863 0.12820689704937813 0.14439168887284512 -0.053639076120420383 -0.056551827809228433 0.068141795159500307 -0.0067945046406001075 -0.0068517954761016069 -0.084235859685577452 0.16085998138243504 -0.0090874456432152358 0.19215681791558104 0.034569010315966368 0.053541820015102118 -0.052052168250665998 0.19126217024168002 0.013830984504883384 -0.048254229913911095 0.060740931824531996 -0.0016102091678749588 0.068795456979803035 -0.017988571124045515 -0.042350941160044009 -0.040908444383732728 -0.0075049312708592737 -0.013635849000679124 0.0094128241865999163
leaf_weight=29 38 67 115 41 39 52 536 323 637 2886 1556 64 33 761 59 703 220 160 32 703 69 432 1172 221 88 43 868 2425 153 81
leaf_count=29 38 67 115 41 39 52 536 323 637 2886 1556 64 33 761 59 703 220 160 32 703 69 432 1172 221 88 43 868 2425 153 81
internal_value=0.000690138 -0.00604498 -0.0206934 0.0286178 0.00222069 0.011598 -0.0181056 -0.0101216 0.0587207 -0.00499449 0.00996283 0.0166774 0.0199592 0.0197729 0.0182025 0.0292668 0.0828547 0.0199107 0.041391 0.00161626 0.0175562 0.0457296 0.0077132 0.0494194 0.0520862 0.0611548 -0.0128063 -0.0163097 0.0255224 0.0660036
internal_weight=14606 11768 4245 2838 7523 4275 4130 3248 806 2925 4223 2032 1968 2667 2638 1877 279 1598 735 863 1935 501 1434 262 768 680 3594 3293 301 148
internal_count=14606 11768 4245 2838 7523 4275 4130 3248 806 2925 4223 2032 1968 2667 2638 1877 279 1598 735 863 1935 501 1434 262 768 680 3594 3293 301 148
is_linear=0
shrinkage=0.05


Tree=46
num_leaves=31
num_cat=0
split_feature=0 0 9 17 14 3 16 17 1 9 12 13 3 14 18 16 0 3 1 8 16 18 9 16 17 3 8 12 8 18
split_gain=1027.54 648.753 597.863 387.444 367.981 395.644 335.237 311.365 356.221 260.619 263.65 292.282 256.659 369.055 491.557 249.694 242.721 255.87 241.514 410.204 219.397 232.47 195.695 182.796 218.856 203.316 182.442 178.312 177.218 177.139
threshold=32.500000000000007 42.500000000000007 63712.694999999956 26.002500000000005 58.470000000000006 11.868362500000002 54.960000000000008 26.002500000000005 1.5000000000000002 -381510.13999999996 8.0950000000000006 8.8850000000000033 10.871643000000002 23.462500000000006 0.44000000000000133 50.215000000000011 9.5000000000000018 7.6368561500000007 4.5000000000000009 2.2023005000000011 30.120000000000005 0.81250000000000189 255039.30000000008 24.632500000000004 15.840000000000002 16.262436500000003 -3.3359374999999987 22.910000000000004 1.0736539999999997 10.94
decision_type=2 2 2 2 2 2 2 2 2 2 2 2 2 2 2 2 2 2 2 2 2 2 2 2 2 2 2 2 2 2
left_child=2 7 3 4 9 -6 18 8 22 12 11 -11 -1 14 -14 23 -12 -18 19 -4 21 -10 29 -15 -25 -26 -22 -28 -19 -2
right_child=1 -3 6 -5 5 -7 -8 -9 20 10 16 -13 13 15 -16 -17 17 28 -20 -21 26 -23 -24 24 25 -27 27 -29 -30 -31
leaf_value=-0.028359188704321595 0.068659264344726828 -0.0058764188914755058 -0.0039518313366475712 -0.017915174429501836 0.29977911919355393 0.051451179950877474 -0.11009053657054901 0.010531787661639026 0.045109177820345084 -0.02530997378914528 -0.0057624543542440917 0.019366452557911109 0.056273807619893285 -0.039113015807751152 0.33508293163776398 0.18080883453841565 0.058603070041586075 0.024229463671549933 -0.052453389721024035 -0.070804874179455565 0.14375118401904519 -0.0081062531368371379 0.22380654017130533 0.18677060711973659 0.10085318093374372 0.0055242655091834346 0.041922823601963699 0.17530372607020231 -0.023462827236228882 0.20596296251192692
leaf_weight=130 389 1550 1314 2465 20 81 125 962 378 1439 1221 491 43 90 25 27 399 706 618 278 52 449 24 24 75 220 691 26 269 25
leaf_count=130 389 1550 1314 2465 20 81 125 962 378 1439 1221 491 43 90 25 27 399 706 618 278 52 449 24 24 75 220 691 26 269 25
internal_value=0.000655631 0.0203839 -0.00825935 -0.00155794 0.00610757 0.100625 -0.03043 0.0339698 0.0450551 0.00425716 5.06177e-05 -0.0139441 0.0342802 0.0504372 0.158777 0.0335401 0.010459 0.0248742 -0.0259243 -0.0156259 0.0340935 0.0162171 0.0849975 0.0238182 0.0415731 0.0297604 0.0533181 0.0467595 0.0110713 0.0769506
internal_weight=14606 4546 10060 7725 5260 101 2335 2996 2034 5159 4525 1930 634 504 68 436 2595 1374 2210 1592 1596 827 438 409 319 295 769 717 975 414
internal_count=14606 4546 10060 7725 5260 101 2335 2996 2034 5159 4525 1930 634 504 68 436 2595 1374 2210 1592 1596 827 438 409 319 295 769 717 975 414
is_linear=0
shrinkage=0.05


Tree=47
num_leaves=31
num_cat=0
split_feature=5 9 12 1 9 16 1 14 8 4 8 0 8 5 3 17 18 8 17 17 17 18 17 9 14 5 14 19 19 9
split_gain=948.673 405.305 425.908 387.703 392.144 311.86 317.56 351.221 298.946 287.864 241.658 213.119 209.453 204.881 202.094 201.905 200.965 198.335 186.505 183.274 206.018 231.961 180.793 170.909 192.979 160.776 156.058 165.759 323.131 308.981
threshold=10.005000000000001 1242078.1500000001 14.785000000000002 4.5000000000000009 -83352.20999999989 40.910000000000004 2.5000000000000004 42.962500000000006 4.8152463500000016 292383.2900000001 1.9949190000000006 25.500000000000004 -0.034316999999999702 7.5050000000000008 14.126541000000001 26.002500000000005 10.94 -4.2402644999999994 30.460000000000004 20.707500000000003 21.797500000000003 0.44000000000000133 34.750000000000007 -1191579.7499999998 47.717500000000001 26.660000000000004 19.207500000000007 -1.792500000000002 -0.23750000000000246 -146641.20000000004
decision_type=2 2 2 2 2 2 2 2 2 2 2 2 2 2 2 2 2 2 2 2 2 2 2 2 2 2 2 2 2 2
left_child=3 2 8 4 5 14 12 -8 17 -5 13 -9 23 -6 -1 16 25 -2 -17 -11 -21 -22 -20 -7 -25 26 -4 -28 29 -29
right_child=1 -3 15 9 10 6 7 11 -10 19 -12 -13 -14 -15 -16 18 -18 -19 22 20 21 -23 -24 24 -26 -27 27 28 -30 -31
leaf_value=-0.024047208546744078 0.054398500413651796 -0.058322217012384041 0.11077977141986291 -0.010614457533219549 -0.026652429927544491 0.073583260706948997 0.12362723580596072 -0.072141333719870693 -0.043833631750107876 -0.0093932081905911003 -0.039679350772776699 0.039525168343120587 0.043417884583080497 -0.00019635743601398721 0.022613907962369756 -0.054844347546614783 0.17459667903681597 0.0095201043120161973 0.074016895768673804 -0.15803961476274567 -0.021127773838891806 -0.078255002809788241 -0.04422799287629979 0.11351276855972228 0.28724382293801154 0.15263686600056561 -0.0088195138986557568 0.23367329190174738 0.0267368269393711 0.070699322184319707
leaf_weight=414 260 188 75 910 999 49 54 96 253 222 680 77 96 2736 528 101 30 4634 95 51 308 420 49 33 31 33 173 33 733 245
leaf_count=414 260 188 75 910 999 49 54 96 253 222 680 77 96 2736 528 101 30 4634 95 51 308 420 49 33 31 33 173 33 733 245
internal_value=0.000622849 0.0140856 0.0161131 -0.0114384 -0.00499611 0.0182892 0.0532521 0.0123072 0.00916454 -0.0309675 -0.0122639 -0.0224401 0.0977233 -0.00727256 0.00210679 0.0389365 0.0466628 0.0119043 -0.00275447 -0.0494703 -0.0608915 -0.0540858 0.0337808 0.143859 0.197664 0.0436922 0.0408367 0.0364061 0.0441451 0.0900452
internal_weight=14606 6902 6714 7704 5793 1378 436 227 5147 1911 4415 173 209 3735 942 1567 1322 4894 245 1001 779 728 144 113 64 1292 1259 1184 1011 278
internal_count=14606 6902 6714 7704 5793 1378 436 227 5147 1911 4415 173 209 3735 942 1567 1322 4894 245 1001 779 728 144 113 64 1292 1259 1184 1011 278
is_linear=0
shrinkage=0.05


Tree=48
num_leaves=31
num_cat=0
split_feature=0 0 9 15 17 15 14 3 16 4 17 18 9 17 16 18 16 15 3 16 12 16 16 15 4 19 1 16 3 17
split_gain=866.151 581.886 503.095 355.36 334.291 330.298 312.793 346.466 266.28 263.387 257.442 232.301 229.053 293.429 405.583 262.079 256.522 227.782 177.843 425.985 278.896 250.527 166.296 610.282 208.943 204.616 165.901 165.209 198.963 162.736
threshold=32.500000000000007 44.500000000000007 63712.694999999956 14.497500000000002 26.002500000000005 33.452500000000008 58.470000000000006 11.868362500000002 54.960000000000008 648.29630000000009 22.660000000000004 7.1299999999999999 -381510.13999999996 15.880000000000001 22.915000000000003 3.1850000000000009 50.215000000000011 30.557500000000001 7.7665710000000008 39.110000000000007 16.180000000000003 42.962500000000006 41.062500000000007 25.082500000000007 612729.83000000019 -0.75249999999999939 1.5000000000000002 48.947500000000005 19.738464000000004 33.642500000000005
decision_type=2 2 2 2 2 2 2 2 2 2 2 2 2 2 2 2 2 2 2 2 2 2 2 2 2 2 2 2 2 2
left_child=2 5 4 10 6 9 11 -8 17 -2 -4 12 13 14 -1 -16 -15 29 19 20 -14 -21 24 -24 -6 -26 -11 28 -25 -5
right_child=1 -3 3 8 22 -7 7 -9 -10 26 -12 -13 18 16 15 -17 -18 -19 -20 21 -22 -23 23 27 25 -27 -28 -29 -30 -31
leaf_value=0.25040628758924349 0.018541854747603333 -0.016809076265719501 0.018129158105014018 -0.024162988617753626 -0.014104292293518388 -0.011011781016567813 0.27918252751231193 0.046800094291015913 -0.1035083446085453 0.071390140264745897 0.19699458301067352 -0.03052168376651131 0.0021627287308862027 0.010831537648775084 -0.014010285749100149 0.19415584905516536 0.16935985874798565 -0.059341833345870211 -0.003384731183857076 0.18991340292760961 0.11423487419546662 0.048588740558634644 0.23593581771409072 0.0041365449364735357 -0.024443327648044435 -0.08917976027303097 0.036889456063391057 -0.027777742229295712 0.11362707421358209 0.034794276203285526
leaf_weight=35 1511 920 103 1493 1183 478 20 81 125 503 25 446 939 465 54 21 27 462 2982 52 59 79 27 306 279 217 1134 405 48 127
leaf_count=35 1511 920 103 1493 1183 478 20 81 125 503 25 446 939 465 54 21 27 462 2982 52 59 79 27 306 279 217 1134 405 48 127
internal_value=0.000591707 0.0187045 -0.00759326 -0.027931 -0.00144588 0.0277151 0.00567443 0.0928164 -0.0326284 0.0335955 0.0530638 0.00396841 0.00723228 0.0360371 0.109863 0.0442762 0.0195313 -0.0283729 0.00301421 0.0199156 0.00878824 0.104687 -0.0166397 0.00234118 -0.0255254 -0.0527655 0.0474905 -0.00596852 0.0189827 -0.019541
internal_weight=14606 4546 10060 2335 7725 3626 5260 101 2207 3148 128 5159 4713 602 110 75 492 2082 4111 1129 998 131 2465 786 1679 496 1637 759 354 1620
internal_count=14606 4546 10060 2335 7725 3626 5260 101 2207 3148 128 5159 4713 602 110 75 492 2082 4111 1129 998 131 2465 786 1679 496 1637 759 354 1620
is_linear=0
shrinkage=0.05


Tree=49
num_leaves=31
num_cat=0
split_feature=5 1 1 9 17 4 3 9 5 17 17 5 14 14 3 16 16 15 3 18 5 16 1 15 18 5 18 5 18 12
split_gain=796.041 360.792 322.394 333.928 307.85 268.46 273.975 258.124 316.808 296.962 283.46 247.078 239.913 300.158 224.44 280.81 382.729 394.748 220.181 215.068 208.762 207.966 223.495 216.57 230.765 201.732 197.813 183.793 167.844 187.515
threshold=10.005000000000001 2.5000000000000004 4.5000000000000009 -83352.20999999989 26.002500000000005 585723.7300000001 11.258560500000002 110369.87999999996 18.005000000000006 15.840000000000002 16.802500000000006 7.3850000000000007 40.040000000000006 44.667500000000011 7.086120600000001 29.825000000000003 39.360000000000007 29.755000000000003 22.809326500000005 -4.0599999999999978 7.5050000000000008 59.222500000000004 1.5000000000000002 22.557500000000005 3.9450000000000007 26.660000000000004 -4.405000000000002 8.0650000000000031 2.8675000000000002 19.315000000000001
decision_type=2 2 2 2 2 2 2 2 2 2 2 2 2 2 2 2 2 2 2 2 2 2 2 2 2 2 2 2 2 2
left_child=2 4 3 5 21 -1 -7 8 14 -10 -11 -4 -6 -14 15 -3 17 -17 -9 -15 -5 22 23 26 -25 -12 -2 -8 29 -24
right_child=1 7 11 20 12 6 27 18 9 10 25 -13 13 19 -16 16 -18 -19 -20 -21 -22 -23 28 24 -26 -27 -28 -29 -30 -31
leaf_value=0.059436539191894601 0.13739084153605458 0.010035044692007692 -0.060225730974672612 -0.029227281004128809 -0.019679485826197902 -0.037382533099994786 0.0094351991254695497 -0.039062989838215149 -0.032231403299990823 0.24592133142604411 0.047048559854986988 -0.018171980867300264 0.1280771058105997 0.16462156403632391 -0.0015046805471528035 0.072022044769818758 -0.017357728583043193 0.25825184914397031 0.018629505003004202 -0.0023563026304561962 -0.0047175943452698399 0.15165781275857063 0.023220660131004597 0.062015536773790007 0.20653314345536078 0.18345136970281603 0.03818047772549981 0.073171323865159038 -0.030960914011078852 0.13391565808617487
leaf_weight=292 55 490 460 1189 462 278 672 542 85 22 281 1451 70 21 2684 93 67 41 238 236 3226 42 572 67 47 30 581 136 135 41
leaf_count=292 55 490 460 1189 462 278 672 542 85 22 281 1451 70 21 2684 93 67 41 238 236 3226 42 572 67 47 30 581 136 135 41
internal_value=0.000562121 0.0128944 -0.0104863 -0.00461165 0.0289131 0.0168758 0.00543224 0.00473617 0.0101231 0.0511837 0.0724758 -0.0282948 0.0035164 0.0362886 0.00503763 0.0304495 0.080216 0.129003 -0.0214594 0.0112878 -0.0113183 0.0419248 0.0388481 0.0581353 0.121597 0.0602064 0.04676 0.0201631 0.0195094 0.0306244
internal_weight=14606 6902 7704 5793 2329 1378 1086 4573 3793 418 333 1911 789 327 3375 691 201 134 780 257 4415 1540 1498 750 114 311 636 808 748 613
internal_count=14606 6902 7704 5793 2329 1378 1086 4573 3793 418 333 1911 789 327 3375 691 201 134 780 257 4415 1540 1498 750 114 311 636 808 748 613
is_linear=0
shrinkage=0.05


Tree=50
num_leaves=31
num_cat=0
split_feature=5 14 0 4 9 3 1 17 16 9 15 1 19 19 19 19 19 19 4 15 9 12 16 19 3 5 16 3 7 1
split_gain=804.797 381.511 342.559 616.34 337.553 287.625 271.187 280.228 254.584 456.657 223.39 211.721 231.65 205.394 465.999 202.51 355.667 886.578 278.846 345.117 194.203 174.804 174.575 444.488 172.635 171.353 170.88 177.583 165.478 164.682
threshold=10.005000000000001 18.980000000000004 34.500000000000007 215239.83000000005 18711.464999999971 20.992844000000002 2.5000000000000004 14.195000000000002 39.682500000000012 -68734.33000000006 15.840000000000002 1.5000000000000002 -3.1125000000000003 -12.1075 -12.3925 -1.5099999999999996 -0.75249999999999939 -0.79500000000000071 489275.97000000003 21.235000000000003 115135.7570000002 19.315000000000001 36.982500000000009 9.8574999999999999 12.731369000000003 15.005000000000001 29.825000000000003 12.052413750000001 2700350.8000000003 1.0000000180025095e-35
decision_type=2 2 2 2 2 2 2 2 2 2 2 2 2 2 2 2 2 2 2 2 2 2 2 2 2 2 2 2 2 2
left_child=6 -2 4 26 15 24 7 10 13 28 -1 12 -5 14 -9 -3 17 -17 22 -20 -8 -14 -18 25 -6 -24 -4 -28 29 -10
right_child=1 2 3 11 5 -7 20 8 9 -11 -12 -13 21 -15 -16 16 18 -19 19 -21 -22 -23 23 -25 -26 -27 27 -29 -30 -31
leaf_value=0.013607083273143703 0.074478587131598037 -0.016470859552738523 -0.0030856859837001226 0.05708230147138238 -0.013737163952576785 0.011314808630521332 -0.01570477094449808 0.00036030889518479721 0.019862590953319645 -0.0033713510780091793 0.099501348178632362 0.051920018115720369 0.13521786035540015 -0.018101745796591528 0.1967218956185712 0.042114242289637609 0.008453996594298227 0.37397852366709194 0.031912632010215401 -0.064610641283761192 -0.047017652998859655 0.30613878861601868 0.013635863802196991 0.23510315192156825 -0.064035748624543948 0.081432327685365818 0.049586694112373937 0.010807762160222853 -0.0033683571405708789 0.12779601027549647
leaf_weight=238 240 568 1073 70 298 385 3165 188 48 727 111 434 52 2449 36 161 958 23 152 237 587 21 323 29 399 131 443 885 50 134
leaf_count=238 240 568 1073 70 298 385 3165 188 48 727 111 434 52 2449 36 161 958 23 152 237 587 21 323 29 399 131 443 885 50 134
internal_value=0.00010989 0.0125473 0.0103095 0.0229047 7.25029e-05 -0.0233713 -0.0109588 -0.00186879 -0.00598094 0.0161196 0.0409259 0.0693055 0.12207 -0.01391 0.0319184 0.00989674 0.0173331 0.0835973 0.0106705 -0.0268946 -0.0206037 0.184387 0.0208112 0.0453209 -0.0425308 0.0331983 0.0117538 0.0237438 0.0771968 0.0993301
internal_weight=14615 6882 6642 2978 3664 1082 7733 3981 3632 959 349 577 143 2673 224 2582 2014 184 1830 389 3752 73 1441 483 697 454 2401 1328 232 182
internal_count=14615 6882 6642 2978 3664 1082 7733 3981 3632 959 349 577 143 2673 224 2582 2014 184 1830 389 3752 73 1441 483 697 454 2401 1328 232 182
is_linear=0
shrinkage=0.05


Tree=51
num_leaves=31
num_cat=0
split_feature=5 15 15 14 8 1 7 0 19 7 9 5 1 9 17 13 3 14 14 6 9 18 9 15 18 1 7 14 3 14
split_gain=726.33 353.002 384.947 316.398 288.667 358.664 380.719 270.842 305.256 283.936 260.596 280.38 260.861 259.816 281.286 254.223 222.248 326.764 202.344 240.22 201.17 197.961 186.903 176.721 175.682 172.156 264.264 169.05 163.539 207.126
threshold=10.005000000000001 33.890000000000008 33.812500000000007 18.980000000000004 1.4882812499999996 3.5000000000000004 127865.83750000001 35.500000000000007 2.6325000000000007 776090.55000000016 -929876.90799999994 7.5050000000000008 1.5000000000000002 -431891.63499999989 17.997500000000006 9.0050000000000008 11.606857000000002 55.695000000000007 48.562500000000007 16.043320000000005 865772.57000000018 0.32750000000000062 106024.65000000004 33.642500000000005 -16.947499999999994 3.5000000000000004 1.0000000180025095e-35 35.500000000000007 16.372756500000005 32.300000000000004
decision_type=2 2 2 2 2 2 2 2 2 2 2 2 2 2 2 2 2 2 2 2 2 2 2 2 2 2 2 2 2 2
left_child=10 2 3 -2 5 6 16 8 13 22 21 12 18 14 -8 -7 17 -5 -12 -20 25 28 -9 -17 -6 26 -13 -10 29 -1
right_child=1 -3 -4 4 24 15 7 9 27 -11 11 20 -14 -15 -16 23 -18 -19 19 -21 -22 -23 -24 -25 -26 -27 -28 -29 -30 -31
leaf_value=-0.0085983143788912596 0.070754657551879069 -0.025619759623290658 0.18831388348480688 0.031336123124144015 0.061955770358359544 -0.011562617054737866 0.2855043776333332 0.06035811159012168 0.027548781549558046 0.25308301898426028 -0.018567049461235781 -0.010394773690023543 -0.04382392954481007 0.040408058834194557 0.074879055893888657 0.02722994527677175 -0.00043011340690279334 0.21557225996255874 0.091392837618429645 -0.037940954903688019 -0.059858913078129884 -0.010076337805165366 0.19203173086385839 -0.11317158250705056 -0.010379919445177327 -0.016135155503027597 0.019396346558120638 -0.15396804377950471 0.019449491427391212 0.14337703085240025
leaf_weight=31 240 574 32 645 89 1192 23 147 23 29 887 1646 1165 537 51 877 837 25 97 57 169 202 33 23 1476 1905 1359 29 134 81
leaf_count=31 240 574 32 645 89 1192 23 147 23 29 887 1646 1165 537 51 877 837 25 97 57 169 202 33 23 1476 1905 1359 29 134 81
internal_value=0.000104395 0.01192 0.0153359 0.0144539 0.0122153 0.0186845 0.0319644 0.0582594 0.042614 0.10789 -0.0104109 -0.0126871 -0.0275709 0.0525116 0.140344 0.00358273 0.0167492 0.0382106 -0.00938185 0.0435225 -0.00622244 0.0266022 0.0844983 0.0236419 -0.00626626 -0.0043763 0.00307815 -0.0736818 0.0567204 0.101312
internal_weight=14615 6882 6308 6276 6036 4471 2379 872 663 209 7733 7285 2206 611 74 2092 1507 670 1041 154 5079 448 180 900 1565 4910 3005 52 246 112
internal_count=14615 6882 6308 6276 6036 4471 2379 872 663 209 7733 7285 2206 611 74 2092 1507 670 1041 154 5079 448 180 900 1565 4910 3005 52 246 112
is_linear=0
shrinkage=0.05


Tree=52
num_leaves=31
num_cat=0
split_feature=0 9 5 0 17 1 6 19 3 9 16 12 16 18 8 18 19 18 6 5 9 0 5 16 18 13 6 1 9 1
split_gain=670.879 507.917 334.341 324.532 312.318 348.656 268.129 222.337 215.664 304.276 303.45 212.372 206.383 306.566 262.316 244.773 203.804 199.857 348.558 193.838 192.326 254.426 225.419 207.565 184.949 181.297 177.932 166.11 164.977 157.695
threshold=26.500000000000004 151211.10000000006 8.5350000000000019 46.500000000000007 25.695000000000004 1.5000000000000002 6.9621428500000002 4.8775000000000022 10.730728500000003 -238577.22499999995 55.695000000000007 16.180000000000003 30.120000000000005 0.81250000000000189 -3.9861605 0.32750000000000062 -2.8874999999999971 0.51499999999999713 22.825454500000003 17.005000000000006 -1437318.7999999998 34.500000000000007 17.005000000000006 30.440000000000001 0.59500000000000075 15.015000000000002 18.098648000000004 3.5000000000000004 1242078.1500000001 1.5000000000000002
decision_type=2 2 2 2 2 2 2 2 2 2 2 2 2 2 2 2 2 2 2 2 2 2 2 2 2 2 2 2 2 2
left_child=1 2 -1 4 5 19 16 28 10 24 11 25 13 15 -14 -7 -3 18 -17 -2 -16 23 -23 -22 27 -4 29 -10 -6 -8
right_child=3 6 8 -5 7 12 26 -9 9 -11 -12 -13 14 -15 20 17 -18 -19 -20 -21 21 22 -24 -25 -26 -27 -28 -29 -30 -31
leaf_value=-0.016735797891834374 0.046069530800989578 0.17566010702867063 0.0076624338482135278 -0.039399699007225196 0.0076573761941216081 0.011837321982592984 -0.020680297927752344 -0.045667495930026614 0.18329347952135974 -0.0097772041361148827 0.16001413214851071 0.082519081021574417 0.12314497986133549 -0.018206610895511833 0.13452857383771946 0.057934311787156682 0.0016422644382746857 0.032550169594978799 0.30132621182128788 0.17335487919889633 0.14453503953462296 0.021647555107614153 0.077294306385237724 -0.01215987465460568 -0.004462017384191443 0.10256335074082018 -0.024418175254828201 0.043489839094439597 -0.078807654427854645 -0.080450304291126151
leaf_weight=3046 851 20 1563 290 1716 606 146 248 42 2109 37 110 69 850 38 38 106 80 24 31 22 669 250 537 56 52 457 43 57 452
leaf_count=3046 851 20 1563 290 1716 606 146 248 42 2109 37 110 69 850 38 38 106 80 24 31 22 669 250 537 56 52 457 43 57 452
internal_value=9.91756e-05 -0.0093247 -0.00424646 0.0122766 0.014739 0.0227255 -0.0396737 -0.00132485 0.00523572 -0.00502294 0.0183356 0.0152967 0.0150173 0.00233739 0.0278011 0.0256828 0.0292641 0.08477 0.152151 0.0505433 0.0234616 0.020606 0.0367854 -0.00599299 0.0660888 0.0107181 -0.0479071 0.112569 0.00487762 -0.0658576
internal_weight=14615 8239 7058 6376 6086 4065 1181 2021 4012 2250 1762 1725 3183 1598 1585 748 126 142 62 882 1516 1478 919 559 141 1615 1055 85 1773 598
internal_count=14615 8239 7058 6376 6086 4065 1181 2021 4012 2250 1762 1725 3183 1598 1585 748 126 142 62 882 1516 1478 919 559 141 1615 1055 85 1773 598
is_linear=0
shrinkage=0.05


Tree=53
num_leaves=31
num_cat=0
split_feature=5 4 1 17 4 0 3 18 9 19 9 4 18 1 17 14 3 3 14 19 8 14 8 8 19 12 13 18 4 19
split_gain=618.808 306.132 300.384 272.437 224.741 258.189 223.371 217.276 261.703 256.078 322.242 216.085 189.822 184.644 182.27 182.142 177.652 168.874 239.888 167.844 166.845 165.721 180.483 163.722 191.823 190.121 155.548 182.447 151.721 149.732
threshold=12.465000000000002 2626840.8000000003 2.5000000000000004 14.195000000000002 485300.39000000007 34.500000000000007 21.928131000000004 -0.67249999999999932 -894473.67499999993 -12.1075 101337.45000000008 453162.20000000001 -15.572499999999996 2.5000000000000004 26.255000000000003 58.470000000000006 7.6368561500000007 16.372756500000005 32.300000000000004 -2.5049999999999986 -4.3696441999999998 58.470000000000006 -0.21162450000000096 -1.5164185000000001 3.142499999999997 19.315000000000001 8.6850000000000005 7.3675000000000024 417570.14000000007 -12.3925
decision_type=2 2 2 2 2 2 2 2 2 2 2 2 2 2 2 2 2 2 2 2 2 2 2 2 2 2 2 2 2 2
left_child=1 3 20 13 11 6 -6 8 17 10 -9 12 -4 -1 21 16 19 18 -5 -14 -2 -11 -23 -22 25 29 27 -16 -26 -25
right_child=2 -3 4 7 5 -7 -8 9 -10 14 -12 -13 15 -15 26 -17 -18 -19 -20 -21 23 22 -24 24 28 -27 -28 -29 -30 -31
leaf_value=0.049109433305341871 0.16233414929094059 -0.039077744376618997 0.07520380247760014 -0.011336212125465726 -0.055428962984799657 0.0430634722495115 0.0041314757282093816 0.023849050503549647 -5.3726153117398243e-05 -0.0081181440701232656 0.24317007318139075 0.16898498348891736 -0.037958932002740253 -0.0065887727626959382 -0.043740100207094713 0.14369834660050959 6.9647962868891463e-05 0.017624006549228136 0.15110960912520754 0.056592597282684315 -0.014855571745336055 0.14345300421241278 -0.013917616541896547 -0.068331962025591317 0.014635325472157163 0.11883396998420358 0.0058109389093136919 -0.010151408143844139 -0.13727417452768848 0.049870195611945806
leaf_weight=397 28 642 132 33 330 166 301 103 3950 3487 20 24 56 238 1089 26 1069 146 73 290 125 38 35 28 65 100 338 643 22 621
leaf_count=397 28 642 132 33 330 166 301 103 3950 3487 20 24 56 238 1089 26 1069 146 73 290 125 38 35 28 65 100 338 643 22 621
internal_value=9.42169e-05 -0.00555218 0.018841 -0.00351975 0.00926477 -0.0124209 -0.0270174 -0.0055452 0.003098 -0.0118582 0.059511 0.0200872 0.0178154 0.0282336 -0.0134174 0.0125585 0.0101488 0.0525 0.100537 0.0412895 0.0420214 -0.00655727 0.0680013 0.0385159 0.0464961 0.0546589 -0.0252156 -0.0312704 -0.0237786 0.0447706
internal_weight=14615 11232 3383 10590 2394 797 631 9955 4202 5753 123 1597 1573 635 5630 1441 1415 252 106 346 989 3560 73 961 836 749 2070 1732 87 649
internal_count=14615 11232 3383 10590 2394 797 631 9955 4202 5753 123 1597 1573 635 5630 1441 1415 252 106 346 989 3560 73 961 836 749 2070 1732 87 649
is_linear=0
shrinkage=0.05


Tree=54
num_leaves=31
num_cat=0
split_feature=0 9 0 3 5 1 15 0 9 1 3 14 3 5 3 17 18 3 9 18 19 18 12 1 17 16 8 8 5 15
split_gain=583.786 439.67 300.585 300.581 295.02 294.895 258.34 214.415 288.229 210.742 225.215 263.516 191.444 443.328 339.191 399.029 201.57 187.491 207.767 182.408 309.454 217.878 177.453 155.518 154.13 151.683 141.577 140.45 207.08 197.771
threshold=26.500000000000004 151211.10000000006 44.500000000000007 20.831863000000002 8.5050000000000008 3.5000000000000004 34.042500000000011 34.500000000000007 -1370537.0999999999 1.5000000000000002 9.5359802500000015 39.632500000000007 24.478088000000003 18.415000000000003 23.941864000000006 32.065000000000012 0.44000000000000133 7.7665710000000008 -398855.35999999981 3.7874999999999983 9.5675000000000043 4.1674999999999978 16.315000000000001 1.0000000180025095e-35 19.897500000000004 58.607500000000009 -0.61637849999999961 0.64509550000000015 14.795000000000002 32.660000000000004
decision_type=2 2 2 2 2 2 2 2 2 2 2 2 2 2 2 2 2 2 2 2 2 2 2 2 2 2 2 2 2 2
left_child=1 4 3 6 -1 12 7 8 -2 10 11 -3 13 14 15 -5 -16 19 -19 20 22 -21 -6 -20 -11 -10 -7 -9 -29 -30
right_child=2 9 -4 5 17 26 -8 27 25 24 -12 -13 -14 -15 16 -17 -18 18 23 21 -22 -23 -24 -25 -26 -27 -28 28 29 -31
leaf_value=-0.015838248809899248 0.090082836808943301 0.010206505933337912 -0.015557212570276355 0.017713597312263431 0.0018867237366445766 -0.025921602268421717 -0.029777248273450442 0.035670152024149776 -0.0057934626728571147 -0.014881095530617561 -0.023286598729345003 0.22628896534442902 0.035219918054217703 0.30304408953303386 0.073653451725840577 0.1973394975066185 0.28661653569340706 0.062981449812650678 -0.034429472959612614 0.14722514640026052 0.17103327699626486 0.031354241903043457 0.086323347192869271 -3.0810223563072715e-05 -0.063015886767411947 -0.12555319175676063 0.021223942189991584 -0.013974090444519081 0.0289385110513115 0.18864503176439376
leaf_weight=3008 79 43 887 219 873 215 418 1021 1274 227 268 21 797 21 20 36 25 118 381 58 30 135 67 2388 622 27 614 450 252 21
leaf_count=3008 79 43 887 219 873 215 418 1021 1274 227 268 21 797 21 20 36 25 118 381 58 30 135 67 2388 622 27 614 450 252 21
internal_value=8.9506e-05 -0.00870141 0.011449 0.0158131 -0.00397665 0.0315945 0.00713828 0.0120777 -0.00264802 -0.036938 -0.00316223 0.0811086 0.0483508 0.080953 0.0654066 0.0430725 0.191966 0.00483315 -0.00199494 0.021783 0.0129503 0.0661755 0.00790508 -0.00476389 -0.0501459 -0.00827887 0.00899681 0.0237299 0.0068682 0.0412236
internal_weight=14615 8239 6376 5489 7058 1947 3542 3124 1380 1181 332 64 1118 321 300 255 45 4050 2887 1163 970 193 940 2769 849 1301 829 1744 723 273
internal_count=14615 8239 6376 5489 7058 1947 3542 3124 1380 1181 332 64 1118 321 300 255 45 4050 2887 1163 970 193 940 2769 849 1301 829 1744 723 273
is_linear=0
shrinkage=0.05


Tree=55
num_leaves=31
num_cat=0
split_feature=4 5 6 17 16 14 19 1 14 8 17 16 18 19 8 17 9 1 17 14 1 8 0 16 14 14 13 18 3 19
split_gain=588.757 458.78 295.929 284.8 288.227 289.732 232.242 212.803 208.196 186.95 414.278 164.139 159.071 169.309 179.867 168.244 235.824 158.839 229.287 210.157 158.462 223.308 150.353 178.967 147.004 146.313 136.92 201.322 137.403 135.638
threshold=1935653.7000000004 14.885000000000003 26.146469500000006 26.002500000000005 58.470000000000006 57.307500000000012 -10.647499999999996 1.5000000000000002 48.540000000000006 -3.9861605 25.595000000000002 22.867500000000003 -0.48750000000000066 -12.1075 0.86338799999999971 31.665000000000003 -592955.45999999985 2.5000000000000004 14.465000000000002 18.350000000000005 1.0000000180025095e-35 -1.1974180999999999 25.500000000000004 52.890000000000008 21.252500000000001 28.210000000000004 8.3350000000000026 6.7274999999999983 5.7012330000000011 3.9025000000000021
decision_type=2 2 2 2 2 2 2 2 2 2 2 2 2 2 2 2 2 2 2 2 2 2 2 2 2 2 2 2 2 2
left_child=1 3 22 4 9 -6 -4 8 -3 10 -1 24 15 14 -14 -5 20 18 29 -20 -17 -22 -2 -24 -9 -21 27 -15 -28 -11
right_child=2 7 6 12 5 -7 -8 11 -10 17 -12 -13 13 26 -16 16 -18 -19 19 25 21 -23 23 -25 -26 -27 28 -29 -30 -31
leaf_value=0.022241015906029712 -0.060389357411452099 0.094062014210491096 0.1409897507434445 -0.018330376205771614 0.18960213299308504 -0.013843834499518077 -0.0061949314680393086 0.027342174861079722 -0.025728567871782515 0.033324742212296567 0.23011203944683076 0.027319637999541999 0.00096958925509277511 -0.044726725796903406 0.15154306508068527 -0.012890044447373262 0.0071857590355880645 -0.0046929110269286582 0.10402305501584824 -0.01097815183105281 0.27343154861813501 0.063597922094049866 -0.014381505330761516 -0.094082264827253917 -0.041426673598360976 0.015576169187979003 0.071006288036393625 -0.0096259297834525651 -0.0096744719170327367 0.11339465409757631
leaf_weight=581 567 187 28 658 42 30 626 134 45 360 25 1357 68 962 28 22 799 3822 52 1041 21 32 540 81 185 1034 60 710 438 62
leaf_count=581 567 187 28 658 42 30 626 134 45 360 25 1357 68 962 28 22 799 3822 52 1041 21 32 540 81 185 1034 60 710 438 62
internal_value=-0.000480131 0.00333589 -0.0269043 -0.000641209 0.0053058 0.104833 0.000106553 0.0259457 0.0708268 0.00427872 0.0308166 0.0197331 -0.0116787 -0.0200924 0.0448869 0.000766089 0.0151431 0.00175448 0.0114218 0.00474222 0.0999149 0.14674 -0.0417739 -0.0247773 -0.0125394 0.00225422 -0.0229671 -0.0298215 4.61016e-05 0.0450886
internal_weight=14597 12755 1842 10847 7049 72 654 1908 232 6977 606 1676 3798 2266 96 1532 874 6371 2549 2127 75 53 1188 621 319 2075 2170 1672 498 422
internal_count=14597 12755 1842 10847 7049 72 654 1908 232 6977 606 1676 3798 2266 96 1532 874 6371 2549 2127 75 53 1188 621 319 2075 2170 1672 498 422
is_linear=0
shrinkage=0.05


Tree=56
num_leaves=31
num_cat=0
split_feature=4 5 17 16 14 6 18 19 18 14 14 14 8 15 17 1 16 17 18 18 19 8 17 15 9 18 16 15 14 14
split_gain=531.353 418.63 292.991 320.533 317.531 267.076 236.528 209.598 208.243 249.582 187.229 185.144 486.468 170.763 167.274 268.186 168.894 186.587 160.759 157.449 196.718 179.68 160.413 417.55 196.817 191.338 156.977 154.174 146.916 185.292
threshold=1935653.7000000004 16.625000000000004 26.002500000000005 58.470000000000006 57.307500000000012 26.146469500000006 3.6250000000000004 -10.647499999999996 0.51499999999999713 39.452500000000008 18.625000000000004 58.470000000000006 -1.6148225000000005 20.375000000000004 14.195000000000002 2.5000000000000004 25.945000000000004 24.172500000000003 4.1674999999999978 -0.48750000000000066 -12.1075 0.86338799999999971 31.665000000000003 21.442500000000006 -27430.409999999985 -2.5274999999999941 33.040000000000006 21.432500000000005 23.462500000000006 23.305000000000003
decision_type=2 2 2 2 2 2 2 2 2 2 2 2 2 2 2 2 2 2 2 2 2 2 2 2 2 2 2 2 2 2
left_child=1 2 3 10 -5 -2 8 -7 9 -3 -1 14 -13 -8 15 -12 17 28 -15 22 21 -21 -4 24 -24 -25 -10 -11 29 -16
right_child=5 6 19 4 -6 7 13 -9 26 27 11 12 -14 18 16 -17 -18 -19 -20 20 -22 -23 23 25 -26 -27 -28 -29 -30 -31
leaf_value=0.047462230583652856 -0.039685243935442607 0.05572556805359135 -0.016621971275760896 0.18762309836844604 0.013081209732244085 0.13394026217117375 0.16847229664463825 -0.0058851848889709298 -0.029278468465721887 0.062410647157978796 0.051830882471128929 0.24749255866876674 -0.0070087747386934464 0.13086844503879547 -0.0041001618311220086 -0.015772845854708579 0.006501337929075853 0.028000640377640818 0.031776990608777853 0.0053408337769409028 -0.021687116425614213 0.14685685174190441 0.27114810109138493 -0.0066986202152642923 0.079046310725389049 0.050242647577639826 0.088530038803583011 -0.062276897018446645 -0.024595861553012535 0.094325971653611937
leaf_weight=250 1188 426 675 48 57 28 41 626 243 35 402 28 57 55 766 231 4112 287 160 75 2306 32 20 637 40 192 32 85 1412 51
leaf_count=250 1188 426 675 48 57 28 41 626 243 35 402 28 57 55 766 231 4112 287 160 75 2306 32 20 637 40 192 32 85 1412 51
internal_value=-0.000456125 0.0031691 0.000418235 0.00610961 0.0928718 -0.0255591 0.0329969 0.000101226 0.0199126 0.0377838 0.00491029 0.00346216 0.076827 0.0749588 0.00260332 0.0271603 0.000258031 -0.00994566 0.057126 -0.0106025 -0.0186119 0.0476634 0.00175483 0.015708 0.14308 0.00648922 -0.0155698 -0.0259097 -0.0148315 0.00204394
internal_weight=14597 12755 11678 7701 105 1842 1077 654 821 546 7596 7346 85 256 7261 633 6628 2516 215 3977 2413 107 1564 889 60 829 275 120 2229 817
internal_count=14597 12755 11678 7701 105 1842 1077 654 821 546 7596 7346 85 256 7261 633 6628 2516 215 3977 2413 107 1564 889 60 829 275 120 2229 817
is_linear=0
shrinkage=0.05


Tree=57
num_leaves=31
num_cat=0
split_feature=4 3 6 3 16 8 6 0 12 14 18 1 18 19 18 18 17 19 14 14 13 4 18 18 9 14 4 16 0 1
split_gain=483.787 366.919 281.157 265.473 243.602 772.63 303.116 290.313 225.6 199.42 186.814 182.34 211.69 173.76 160.223 197.402 157.814 221.009 198.263 623.186 242.849 226.596 189.692 239.695 280.02 203.387 173.697 146.535 157.624 145.641
threshold=1627999.55 27.692535500000002 26.146469500000006 6.3628235000000002 40.542500000000004 -4.3696441999999998 13.862503000000002 17.500000000000004 13.930000000000001 47.717500000000001 -16.947499999999994 2.5000000000000004 9.4300000000000015 -10.647499999999996 3.7874999999999983 4.222500000000001 20.205000000000002 4.8775000000000022 40.542500000000004 42.502500000000005 9.0050000000000008 508422.41000000009 0.81250000000000189 0.37999999999999906 -68734.33000000006 26.717500000000005 537996.82000000007 52.890000000000008 25.500000000000004 4.5000000000000009
decision_type=2 2 2 2 2 2 2 2 2 2 2 2 2 2 2 2 2 2 2 2 2 2 2 2 2 2 2 2 2 2
left_child=1 3 27 8 16 9 10 -8 14 -6 -7 12 -9 -4 -1 -16 22 18 20 21 -18 -20 23 25 -25 -5 -19 28 -2 -30
right_child=2 -3 13 4 5 6 7 11 -10 -11 -12 -13 -14 -15 15 -17 17 26 19 -21 -22 -23 -24 24 -26 -27 -28 -29 29 -31
leaf_value=0.0052516765442362934 -0.043717411624396074 0.04732840320519846 0.11596406860643943 -0.0085219557161520555 0.052080291380675936 0.083160492750780232 -0.031422330386829463 0.055224159555259666 0.065975095559994743 0.22114132803003744 0.019363049669872116 -0.0063866662374535092 -0.065952888303777074 -0.0011861575719479833 0.13495908107321997 0.027044526789506175 -0.021277799612107313 -0.025401781264466475 0.082996923600000383 -0.0070697430165435633 0.012883599721297295 0.24903486012839357 -0.0092524565879652763 0.21403233792100634 0.042870048353837037 0.033105786982941858 -0.09057447086953159 -0.074823710758455148 0.0024147013478742693 -0.046924363904931016
leaf_weight=1257 730 463 33 750 26 130 695 298 230 53 978 530 41 775 52 229 2292 379 98 514 673 26 1599 28 163 482 140 181 546 206
leaf_count=1257 730 463 33 750 26 130 695 298 230 53 978 530 41 775 52 229 2292 379 98 514 673 26 1599 28 163 482 140 181 546 206
internal_value=-0.000433319 0.00367575 -0.0205978 0.00194281 -0.00124585 0.0113965 0.00684027 -0.00733422 0.0197889 0.165501 0.0268483 0.0119307 0.0405685 0.00359844 0.0128819 0.0470145 -0.00611414 -0.0124772 -0.00808307 0.0172018 -0.0135238 0.117811 0.00256505 0.0158442 0.0679619 0.00776422 -0.0429821 -0.0323541 -0.0271671 -0.0111011
internal_weight=14597 12126 2471 11663 9895 2751 2672 1564 1768 79 1108 869 339 808 1538 281 7144 4122 3603 638 2965 124 3022 1423 191 1232 519 1663 1482 752
internal_count=14597 12126 2471 11663 9895 2751 2672 1564 1768 79 1108 869 339 808 1538 281 7144 4122 3603 638 2965 124 3022 1423 191 1232 519 1663 1482 752
is_linear=0
shrinkage=0.05


Tree=58
num_leaves=31
num_cat=0
split_feature=4 5 17 6 18 8 17 9 15 4 14 6 18 14 15 18 3 12 17 15 5 18 3 15 18 19 8 17 15 18
split_gain=441.12 355.353 250.097 218.943 210.865 196.854 314.495 224.28 197.14 193.46 208.63 203.678 184.124 222.775 170.048 168.853 166.973 195.96 156.063 155.559 148.675 144.619 136.452 135.154 134.165 164.649 158.489 142.895 357.622 173.732
threshold=1935653.7000000004 16.625000000000004 26.002500000000005 21.759094000000001 3.6250000000000004 -3.9861605 25.595000000000002 -122131.87999999996 13.255000000000001 598308.03000000014 36.805000000000007 15.428512500000002 0.51499999999999713 39.452500000000008 21.672500000000003 1.5674999999999957 6.0872955500000012 13.930000000000001 12.922500000000001 20.375000000000004 8.4950000000000028 10.255000000000001 27.085602000000005 21.432500000000005 -0.48750000000000066 -12.1075 0.86338799999999971 31.665000000000003 21.442500000000006 -2.5274999999999941
decision_type=2 2 2 2 2 2 2 2 2 2 2 2 2 2 2 2 2 2 2 2 2 2 2 2 2 2 2 2 2 2
left_child=1 2 5 -2 12 6 14 8 -7 10 -10 -12 13 -3 15 20 17 -9 -11 -6 -1 -21 -18 -15 27 26 -26 -4 -29 -30
right_child=3 4 24 -5 19 7 -8 16 9 18 11 -13 -14 23 -16 -17 22 -19 -20 21 -22 -23 -24 -25 25 -27 -28 28 29 -31
leaf_value=0.011458422755582509 -0.040042279310841138 0.051773821419673897 -0.015762431035794888 -0.0055522138186647196 0.15924607338838098 0.13100212314498746 0.20589108114689589 0.0085380646130326608 0.027409450482150422 0.14356177572160961 0.19712912142276764 0.041369141914836344 -0.015345868274230848 0.057340293074292795 -0.0027701600886122259 -0.052594900250227922 -0.0064232958233190925 0.069806528529225031 0.0018094684569970579 0.07642782655901012 0.087079669566834494 -0.018721689818040382 0.021941135245422305 -0.059402731981347594 0.0036657890665034451 -0.020032020283630523 0.13657517507672309 0.13262930126550296 -0.0063468322198522928 0.047911474439994592
leaf_weight=97 947 426 675 895 41 42 25 708 203 20 43 41 275 35 292 36 4705 160 666 162 197 53 466 85 75 2306 32 60 637 192
leaf_count=97 947 426 675 895 41 42 25 708 203 20 43 41 275 35 292 36 4705 160 666 162 197 53 466 85 75 2306 32 60 637 192
internal_value=-0.000411653 0.00289144 0.000356998 -0.0232841 0.0303727 0.00561529 0.032011 0.00319424 0.0249411 0.0203629 0.0548321 0.121103 0.0180185 0.0348229 0.0250223 0.0496144 -0.000460845 0.0198318 0.00594219 0.0699928 0.0621298 0.0529724 -0.00386715 -0.0253527 -0.00982507 -0.0172186 0.0434144 0.00158196 0.0147512 0.00621963
internal_weight=14597 12755 11678 1842 1077 7701 647 7054 1015 973 287 84 821 546 622 330 6039 868 686 256 294 215 5171 120 3977 2413 107 1564 889 829
internal_count=14597 12755 11678 1842 1077 7701 647 7054 1015 973 287 84 821 546 622 330 6039 868 686 256 294 215 5171 120 3977 2413 107 1564 889 829
is_linear=0
shrinkage=0.05


Tree=59
num_leaves=31
num_cat=0
split_feature=0 0 4 15 1 0 3 3 1 6 18 7 9 18 19 6 13 19 0 18 18 3 16 15 1 18 7 0 17 18
split_gain=411.677 405.633 301.768 250.394 203.848 276.71 193.457 185.703 175.371 205.16 201.193 201.982 198.684 180.797 235.077 184.717 180.887 202.337 167.264 210.969 243.572 148.831 147.355 153.228 142.623 139.792 133.312 132.992 125.639 199.381
threshold=32.500000000000007 42.500000000000007 2703314.0000000005 13.050000000000002 5.5000000000000009 12.500000000000002 16.862671000000002 27.593017000000003 1.0000000180025095e-35 10.414291000000002 8.1499999999999968 373182.81000000006 7183.1796000000168 -1.672500000000001 -5.0950000000000015 10.851791000000002 8.9350000000000005 9.7325000000000035 8.5000000000000018 -22.502499999999998 -18.029999999999998 6.3628235000000002 31.920000000000005 32.370000000000012 3.5000000000000004 -1.9549999999999981 555931.97000000009 46.500000000000007 14.465000000000002 3.7874999999999983
decision_type=2 2 2 2 2 2 2 2 2 2 2 2 2 2 2 2 2 2 2 2 2 2 2 2 2 2 2 2 2 2
left_child=2 7 3 -1 8 -6 -7 21 9 10 -5 -12 13 14 15 -10 18 -18 -16 -20 -21 -2 -23 -24 28 -22 -11 -3 29 -15
right_child=1 27 -4 4 5 6 -8 -9 12 26 11 -13 -14 24 16 -17 17 -19 19 20 25 22 23 -25 -26 -27 -28 -29 -30 -31
leaf_value=0.045467413258896514 0.050813393291147028 -0.001568742154660675 -0.039388489240214687 -0.0071112983832938119 0.0037392976606232483 -0.065522519381372712 -0.015058650488620678 0.055467681325179465 0.031236549644243151 -0.050875637412081356 0.034857657829583701 0.21542335720732808 -0.013915599337588883 0.019269983397781614 -0.01291165138441816 0.24095123438608079 0.032015811433109755 0.1429588128935616 -0.13419879430106707 0.19865828746929767 0.015783056987548526 -0.0010490209191401604 0.033581610283179457 -0.0054734789861620153 -0.014505301472080413 0.083578598773428464 -0.012266227758500255 -0.038280485843818997 0.0018460146912788016 0.12880685312711462
leaf_weight=251 305 1208 636 296 549 421 346 376 21 460 59 21 1632 273 522 21 183 53 21 20 802 987 1051 330 1194 84 435 310 1681 49
leaf_count=251 305 1208 636 296 549 421 346 376 21 460 59 21 1632 273 522 21 183 53 21 20 802 987 1051 330 1194 84 435 310 1681 49
internal_value=-0.00039107 0.0120527 -0.00605713 -0.00380051 -0.00515304 -0.0233605 -0.0427579 0.0225669 -0.00209172 -0.0190897 0.0119031 0.0822562 0.00120366 0.00621475 0.0192504 0.136094 0.0163379 0.056931 0.00972652 0.0224742 0.0261057 0.0179389 0.0137047 0.0242491 -0.000827006 0.0222106 -0.0321102 -0.00906587 0.00732671 0.0359386
internal_weight=14597 4567 10030 9394 9143 1316 767 3049 7827 1271 376 80 6556 4924 1727 42 1685 236 1449 927 906 2673 2368 1381 3197 886 895 1518 2003 322
internal_count=14597 4567 10030 9394 9143 1316 767 3049 7827 1271 376 80 6556 4924 1727 42 1685 236 1449 927 906 2673 2368 1381 3197 886 895 1518 2003 322
is_linear=0
shrinkage=0.05


Tree=60
num_leaves=31
num_cat=0
split_feature=4 15 15 16 6 1 4 4 15 17 13 6 4 14 16 19 16 3 8 12 15 19 6 18 9 13 12 14 18 14
split_gain=326.75 278.262 186.403 222.978 211.519 201.455 323.595 277.878 236.856 204.872 192.087 180.658 206.79 186.508 176.161 171.045 167.2 323.542 164.557 153.247 140.945 137.635 136.346 128.295 125.669 160.853 293.757 173.865 179.124 179.704
threshold=2703314.0000000005 34.042500000000011 33.812500000000007 39.360000000000007 6.2657317500000014 2.5000000000000004 8.7703705000000021 1060703.3500000003 32.315000000000005 14.195000000000002 12.735000000000001 20.605651500000004 548161.65500000014 44.667500000000011 57.620000000000005 3.1875000000000004 33.742500000000007 23.505066000000003 4.1817930000000016 25.065000000000005 32.237500000000011 -8.8324999999999996 6.2657317500000014 -0.48750000000000066 -750855.12999999989 8.3350000000000026 7.3650000000000011 20.317500000000003 3.6250000000000004 35.265000000000008
decision_type=2 2 2 2 2 2 2 2 2 2 2 2 2 2 2 2 2 2 2 2 2 2 2 2 2 2 2 2 2 2
left_child=1 2 5 4 -4 6 14 9 15 -8 19 12 -3 -13 21 -9 -11 22 -14 20 24 -1 -18 -22 -7 26 -26 -28 -29 -30
right_child=-2 11 3 -5 -6 10 7 8 -10 16 -12 13 18 -15 -16 -17 17 -19 -20 -21 23 -23 -24 -25 25 -27 27 28 29 -31
leaf_value=-0.024595047567109722 -0.035229793511333984 -0.014180001234489346 0.22997578313717476 -0.03709511680321561 0.056906668327071454 0.029520539938402115 0.087600260529741417 0.004501604317157566 0.16641350916840814 0.014498063541585064 0.03030323153089759 0.12642097363455429 -0.076691462357919071 0.0015759949193541276 0.091074955250535702 -0.092669234210823459 0.13178104187051456 0.23608445647087964 0.012204717378426723 0.10249273838919842 0.014053616861162108 0.0020320659553380725 0.035364127268673447 -0.042876196018981697 -0.031670784846981603 0.011808849343790369 0.049977433921228498 -0.0090072329838395433 -0.038734078061688382 0.043856010839144546
leaf_weight=647 642 859 26 36 55 279 163 1243 22 892 411 36 279 177 49 47 39 22 64 33 129 1942 613 425 1095 1141 155 2658 83 319
leaf_count=647 642 859 26 36 55 279 163 1243 22 892 411 36 279 177 49 47 39 22 64 33 129 1942 613 425 1095 1141 155 2658 83 319
internal_value=-0.000353327 0.00125301 0.00362759 0.0664428 0.11246 0.00303524 0.00997002 0.0210864 0.00373562 0.0342525 -0.0028183 -0.0197642 -0.0272849 0.0226766 -0.0028446 0.000961271 0.0286997 0.0474948 -0.0601044 -0.00497327 -0.00553762 -0.00462214 0.0411314 -0.02962 -0.00320924 -0.00488446 -0.00930373 -0.00168572 -0.00430264 0.0268038
internal_weight=14581 13939 12524 117 81 12407 5679 3041 1312 1729 6728 1415 1202 213 2638 1290 1566 674 343 6317 6284 2589 652 554 5730 5451 4310 3215 3060 402
internal_count=14581 13939 12524 117 81 12407 5679 3041 1312 1729 6728 1415 1202 213 2638 1290 1566 674 343 6317 6284 2589 652 554 5730 5451 4310 3215 3060 402
is_linear=0
shrinkage=0.05


Tree=61
num_leaves=31
num_cat=0
split_feature=0 4 0 7 19 17 6 0 8 16 0 19 15 6 5 17 8 16 14 17 19 18 0 9 4 4 14 19 6 6
split_gain=411.368 416.571 263.622 258.211 236.267 234.165 231.832 192.321 177.763 151.809 151.516 141.179 139.989 149.547 127.625 119.475 118.855 147.72 176.987 160.972 143.981 155.581 142.447 117.55 115.667 115.529 113.439 113.399 109.638 109.2
threshold=26.500000000000004 612729.83000000019 46.500000000000007 745490.4800000001 -0.75249999999999939 25.755000000000006 14.760147250000001 19.500000000000004 4.4198152000000013 52.890000000000008 4.5000000000000009 -5.8024999999999975 34.340000000000011 20.081314500000001 26.660000000000004 14.407500000000001 1.4439089999999999 28.422500000000003 19.207500000000007 33.890000000000008 9.8574999999999999 2.2450000000000032 11.500000000000002 -1250202.6299999997 1327321.8000000003 247422.57000000004 28.600000000000005 2.7175000000000016 18.258392500000003 14.000809000000002
decision_type=2 2 2 2 2 2 2 2 2 2 2 2 2 2 2 2 2 2 2 2 2 2 2 2 2 2 2 2 2 2
left_child=1 3 8 6 -3 9 10 -7 12 -6 27 -8 14 24 23 -12 17 18 22 20 21 25 -17 28 -14 -19 -16 -1 -2 -23
right_child=2 4 -4 -5 5 7 11 -9 -10 -11 15 -13 13 -15 26 16 -18 19 -20 -21 -22 29 -24 -25 -26 -27 -28 -29 -30 -31
leaf_value=-0.022844983033038876 0.10517565302712761 -0.0033937168752276835 -0.035290371212735185 0.05734871264805539 -0.020572164662730787 -0.11667301873135012 -0.046466787945105337 -0.044941264309901141 -0.026313252862687604 -0.11830288597450751 0.066544296086962842 -0.0090756851537819195 -0.012026842830832614 0.033645026313572905 0.0075794874690473081 -0.00069610964168201795 -0.0041428990577400786 0.032423687372602109 -0.014618864371367585 -0.0095993490740451035 0.15875535882436312 0.089267390630126398 0.17726592583500822 0.013832746649841654 -0.076630588000019401 -0.042913193770298931 0.15044463468489774 0.019186554414215962 0.015379588166599288 -0.024387349234893919
leaf_weight=579 69 943 317 191 1288 129 289 339 296 41 104 1996 301 138 24 22 757 415 379 181 26 177 23 5063 90 58 33 222 67 24
leaf_count=579 69 943 317 191 1288 129 289 339 296 41 104 1996 301 138 24 22 757 415 379 181 26 177 23 5063 90 58 33 222 67 24
internal_value=-0.000335661 -0.0077617 0.0091622 0.000242429 -0.0236619 -0.0342979 -0.00183436 -0.0647135 0.0114795 -0.0235872 0.00738453 -0.0138048 0.0134132 -0.0111036 0.0158808 0.0142557 0.0116184 0.0207612 -0.00348761 0.0324314 0.0432993 0.0388455 0.0902623 0.015065 -0.0268973 0.0231858 0.0902909 -0.0111958 0.0609379 0.0756967
internal_weight=14581 8183 6398 5443 2740 1797 5252 468 6081 1329 2967 2285 5785 529 5256 2166 2062 1305 424 881 700 674 45 5199 391 473 57 801 136 201
internal_count=14581 8183 6398 5443 2740 1797 5252 468 6081 1329 2967 2285 5785 529 5256 2166 2062 1305 424 881 700 674 45 5199 391 473 57 801 136 201
is_linear=0
shrinkage=0.05


Tree=62
num_leaves=31
num_cat=0
split_feature=0 4 0 7 19 17 3 1 8 15 5 0 17 14 5 16 3 15 16 12 14 19 16 14 1 13 16 8 4 3
split_gain=371.259 375.955 241.647 233.035 213.231 211.334 206.422 190.912 202.152 215.923 178.867 173.57 165.17 163.16 187.204 141.25 209.055 141.151 142.843 233.188 139.712 154.984 137.007 134.057 129.613 123.676 122.822 118.284 113.242 114.083
threshold=26.500000000000004 612729.83000000019 44.500000000000007 745490.4800000001 -0.75249999999999939 25.755000000000006 12.157974500000002 1.5000000000000002 -3.9861605 23.130000000000003 24.495000000000001 19.500000000000004 26.125000000000004 39.632500000000007 17.005000000000006 33.742500000000007 20.831863000000002 19.492500000000003 25.047500000000003 8.7550000000000008 41.33250000000001 -1.1899999999999993 52.890000000000008 55.695000000000007 1.0000000180025095e-35 15.015000000000002 26.847500000000004 4.4198152000000013 896557.25000000012 18.580734000000003
decision_type=2 2 2 2 2 2 2 2 2 2 2 2 2 2 2 2 2 2 2 2 2 2 2 2 2 2 2 2 2 2
left_child=1 3 7 6 -3 22 23 12 9 -9 27 -7 13 14 17 -14 -17 18 -2 -20 -15 -22 -6 25 -8 -1 -12 28 -10 -30
right_child=2 4 -4 -5 5 11 24 8 10 -11 26 -13 15 20 -16 16 -18 -19 19 -21 21 -23 -24 -25 -26 -27 -28 -29 29 -31
leaf_value=0.0057827403970686954 0.019925307290089369 -0.0032240308492078049 -0.015052494541358511 0.054481276625575975 -0.019543556425309569 -0.11083936806219492 -0.036753957328380424 0.10520983767828772 0.011687031861433942 0.0025497290194034577 -0.019445471692344417 -0.042694200778649272 -0.014160284363490422 0.18257929371489634 0.18208020053803922 0.021010970738960286 0.17293179087961716 -0.032776381835601359 0.2320073649996803 0.052438742956863009 0.17289147835086893 0.039552749937144728 -0.11238774160581938 0.097534151463991123 -0.006477941342900511 0.08686425812387219 0.11743823971043815 -0.033119874547839538 -0.02402615722537535 0.0063789830981008031
leaf_weight=2329 380 943 917 191 1288 129 414 105 2170 100 23 339 326 31 20 401 24 86 21 130 27 113 41 42 2419 48 57 219 558 690
leaf_count=2329 380 943 917 191 1288 129 414 105 2170 100 23 339 326 31 20 401 24 86 21 130 27 113 41 42 2419 48 57 219 558 690
internal_value=-0.000318877 -0.00737362 0.00870409 0.000230308 -0.0224788 -0.032583 -0.00174264 0.0126787 0.00679532 0.0551317 0.00412947 -0.0614778 0.0274796 0.0431697 0.0315285 0.0105985 0.02959 0.0266484 0.0362727 0.0774119 0.086535 0.0652681 -0.0224078 0.00898467 -0.0109023 0.00742006 0.0780842 0.00250275 0.00478518 -0.00721562
internal_weight=14581 8183 6398 5443 2740 1797 5252 5481 3922 205 3717 468 1559 808 637 751 425 617 531 151 171 140 1329 2419 2833 2377 80 3637 3418 1248
internal_count=14581 8183 6398 5443 2740 1797 5252 5481 3922 205 3717 468 1559 808 637 751 425 617 531 151 171 140 1329 2419 2833 2377 80 3637 3418 1248
is_linear=0
shrinkage=0.05


Tree=63
num_leaves=31
num_cat=0
split_feature=0 4 0 6 9 6 19 3 1 8 16 3 19 8 17 3 19 5 7 17 12 0 5 19 17 16 17 19 19 14
split_gain=336.18 393.465 220.62 212.941 222.089 198.7 195.645 232.986 166.796 209.065 222.488 196.336 301.161 180.445 161.723 163.151 165.247 186.674 173.414 154.792 143.748 142.293 127.58 115.006 109.347 108.932 140.241 173.093 131.278 118.134
threshold=25.500000000000004 612729.83000000019 46.500000000000007 15.596039000000003 -568512.64999999979 18.586242500000001 -1.5099999999999996 9.9985960000000009 2.5000000000000004 1.2883605500000008 40.752500000000005 23.505066000000003 -10.647499999999996 -4.3696441999999998 23.047500000000003 25.087921000000005 0.57250000000000167 17.005000000000006 663668.88000000012 19.720000000000002 9.5650000000000031 4.5000000000000009 24.495000000000001 -0.65500000000000103 14.407500000000001 32.172500000000007 33.890000000000008 9.8574999999999999 -9.6274999999999995 19.207500000000007
decision_type=2 2 2 2 2 2 2 2 2 2 2 2 2 2 2 2 2 2 2 2 2 2 2 2 2 2 2 2 2 2
left_child=1 3 8 4 23 6 -3 -8 9 10 11 -2 -13 20 15 -14 17 -17 -19 -5 -12 -6 -10 -1 -23 29 27 28 -27 -26
right_child=2 5 -4 19 21 -7 7 -9 22 -11 13 12 14 -15 -16 16 -18 18 -20 -21 -22 24 -24 -25 25 26 -28 -29 -30 -31
leaf_value=0.012495227013714612 0.0060742549082273053 -0.0051025219450297138 -0.032773227889196545 0.0030592784013393258 -0.011190871502670537 -0.0080074338090905996 -0.014329474243358779 -0.065300445385416891 0.0015732494323811947 -0.0054984233733151797 0.057841294732960791 0.18597112254184836 0.13580051207024119 0.048344469331290496 -0.017603106281533838 0.042362448527243128 -0.0051905877814677204 0.059899367815391583 0.2633271472156048 -0.023619044176499883 0.23149886429309846 0.06292794428568764 0.066625120398866672 0.14735435350733095 0.067689606463857771 0.11533650983220492 -0.012143130493277851 0.14569424352338237 0.021591214915017851 -0.0057991208583058141
leaf_weight=25 1065 361 317 977 840 1089 339 662 3562 649 22 34 46 340 125 236 152 22 20 1226 26 104 77 43 58 39 257 31 880 957
leaf_count=25 1065 361 317 977 840 1089 339 662 3562 649 22 34 46 340 125 236 152 22 20 1226 26 104 77 43 58 39 257 31 880 957
internal_value=-0.000302934 -0.00729634 0.00793911 0.000201421 0.00836832 -0.0239285 -0.0366583 -0.0480385 0.00996324 0.0192881 0.0269924 0.019195 0.0412006 0.0611562 0.0330105 0.0463019 0.0367277 0.059647 0.15677 -0.0117876 0.151906 0.00644806 0.00294972 0.0977738 0.0128181 0.0104727 0.0206248 0.0294894 0.0255695 -0.00159977
internal_weight=14581 7888 6693 5437 3234 2451 1362 1001 6376 2737 2088 1700 635 388 601 476 430 278 42 2203 48 3166 3639 68 2326 2222 1207 950 919 1015
internal_count=14581 7888 6693 5437 3234 2451 1362 1001 6376 2737 2088 1700 635 388 601 476 430 278 42 2203 48 3166 3639 68 2326 2222 1207 950 919 1015
is_linear=0
shrinkage=0.05


Tree=64
num_leaves=31
num_cat=0
split_feature=0 4 0 7 19 17 3 1 0 17 17 8 15 5 16 3 16 16 16 17 14 5 14 16 1 19 8 4 3 15
split_gain=303.795 307.567 205.358 199.326 180.147 183.443 175.379 174.579 153.355 149.286 185.231 149.07 158.711 148.427 129.245 155.932 124.821 122.548 120.655 144.741 118.331 182.193 134.529 114.199 113.758 107.591 107.27 126.786 102.586 172.467
threshold=26.500000000000004 612729.83000000019 42.500000000000007 745490.4800000001 -0.75249999999999939 25.755000000000006 12.157974500000002 1.5000000000000002 19.500000000000004 26.125000000000004 25.025000000000002 -3.9861605 23.130000000000003 24.495000000000001 34.155000000000008 20.831863000000002 34.597500000000004 52.890000000000008 46.312500000000007 21.925000000000004 39.632500000000007 16.955000000000002 41.33250000000001 26.847500000000004 1.0000000180025095e-35 -0.83000000000000085 4.4198152000000013 896557.25000000012 16.645233500000003 34.750000000000007
decision_type=2 2 2 2 2 2 2 2 2 2 2 2 2 2 2 2 2 2 2 2 2 2 2 2 2 2 2 2 2 2
left_child=1 3 7 6 25 17 18 9 -7 10 20 12 -9 26 -11 16 -16 -6 -1 -20 21 -2 -22 -15 -8 -3 27 -13 29 -29
right_child=2 4 -4 -5 5 8 24 11 -10 14 -12 13 -14 23 15 -17 -18 -19 19 -21 22 -23 -24 -25 -26 -27 -28 28 -30 -31
leaf_value=0.0045142073897342511 0.021256433920939261 -0.0051198332102057147 -0.0082635782420748087 0.050382146894254021 -0.017430253589550405 -0.10293809945890031 -0.034278278817773622 0.095651347055835167 -0.038883877499166407 -0.0090620724278066885 0.16123342660721393 0.01364267207834728 0.0040127004437307094 -0.021672821822373765 0.13381088692694904 0.16013794975436255 0.014598081006340019 -0.10523861822922057 0.15068882850378201 0.027993317835509235 0.17722337799496019 0.15687051243506944 0.054690114437003758 0.11065694768829937 -0.0059144149054329437 0.11209890022873879 -0.032894032357749764 -0.014856795738088331 0.0034265473494778202 -0.11027431497005401
leaf_weight=2173 522 923 1507 191 1288 129 414 95 339 368 32 1784 94 23 24 23 258 41 27 219 28 26 112 56 2419 20 198 385 809 54
leaf_count=2173 522 923 1507 191 1288 129 414 95 339 368 32 1784 94 23 24 23 258 41 27 219 28 26 112 56 2419 20 198 385 809 54
internal_value=-0.000287787 -0.00666943 0.00787429 0.000208216 -0.0203318 -0.0296191 -0.00161646 0.0128466 -0.0565398 0.0278159 0.043641 0.00688545 0.0500745 0.00441862 0.0108857 0.0349539 0.0247439 -0.0201392 0.0082714 0.0414599 0.0381716 0.0276907 0.0791968 0.0721306 -0.0100594 -0.00263375 0.00276251 0.005091 -0.0071335 -0.0265938
internal_weight=14581 8183 6398 5443 2740 1797 5252 4891 468 1393 720 3498 189 3309 673 305 282 1329 2419 246 688 548 140 79 2833 943 3230 3032 1248 439
internal_count=14581 8183 6398 5443 2740 1797 5252 4891 468 1393 720 3498 189 3309 673 305 282 1329 2419 246 688 548 140 79 2833 943 3230 3032 1248 439
is_linear=0
shrinkage=0.05


Tree=65
num_leaves=31
num_cat=0
split_feature=5 3 9 3 14 14 9 15 3 15 14 5 1 16 8 3 16 18 0 17 17 17 4 9 1 9 5 1 18 17
split_gain=336.662 234.732 247.593 174.156 214.666 373.296 205.378 191.357 220.754 172.823 154.548 151.003 162.615 189.059 191.326 165.182 155.163 148.139 158.935 147.924 136.765 171.301 123.907 117.117 151.548 115.812 158.151 113.453 119.032 112.058
threshold=7.5050000000000008 27.275879000000007 1242078.1500000001 7.086120600000001 29.825000000000003 29.957500000000007 -398855.35999999981 15.100000000000003 25.176239000000006 21.797500000000003 18.980000000000004 17.425000000000004 2.5000000000000004 39.69250000000001 -4.3696441999999998 9.8012695000000019 22.432500000000001 5.6250000000000009 12.500000000000002 12.502500000000003 14.465000000000002 13.787500000000001 145339.73500000002 -483145.70000000013 1.5000000000000002 337128.26000000018 10.685 2.5000000000000004 -10.642499999999998 18.870000000000001
decision_type=2 2 2 2 2 2 2 2 2 2 2 2 2 2 2 2 2 2 2 2 2 2 2 2 2 2 2 2 2 2
left_child=23 2 3 4 10 -6 7 8 -5 17 29 12 13 20 15 -15 -13 -7 -19 -3 21 -8 -14 -1 -25 -16 -27 -9 -29 -2
right_child=1 19 -4 6 5 9 11 27 -10 -11 -12 16 22 14 25 -17 -18 18 -20 -21 -22 -23 -24 24 -26 26 -28 28 -30 -31
leaf_value=0.0030177702870189081 0.011657079643001092 0.094483253756900212 -0.04667014435426086 0.24791241699741004 0.2410122026096691 0.048174110012488412 0.0029689769699959268 0.055131726048568475 0.021271843632513828 0.014249057367171176 -0.0031375548578982844 -0.072393957160723707 -0.0046176369800371977 0.020991250721826442 0.013523142341418829 0.20953122686881287 0.031277843464112047 0.055711887670414788 0.25024132189296544 0.020488603658314786 -0.0055362505049286644 0.10080332105181047 -0.022410829448097747 -0.007649336713505323 -0.035294560602730861 0.015159896104079154 0.17360036455627001 0.11637077586991447 -0.0074920945962172331 0.07872686153974072
leaf_weight=611 149 72 261 21 22 171 124 158 22 454 1189 39 3089 21 567 26 484 21 21 1091 2184 70 1432 954 1032 36 28 21 254 107
leaf_count=611 149 72 261 21 22 171 124 158 22 454 1189 39 3089 21 567 26 484 21 21 1091 2184 70 1432 954 1032 36 28 21 254 107
internal_value=0.000213313 0.00371023 0.001446 0.00261858 0.0154003 0.0383659 -0.000561952 0.0313566 0.131957 0.031682 0.00444991 -0.00243766 -0.00423125 0.00467802 0.0279688 0.12529 0.0235471 0.0688394 0.152977 0.0250695 -0.00196248 0.03827 -0.0102535 -0.0161254 -0.0220148 0.0207198 0.0844776 0.0213663 0.00196652 0.0396902
internal_weight=14731 12134 10971 10710 2134 689 8576 476 43 667 1445 8100 7577 3056 678 47 523 213 42 1163 2378 194 4521 2597 1986 631 64 433 275 256
internal_count=14731 12134 10971 10710 2134 689 8576 476 43 667 1445 8100 7577 3056 678 47 523 213 42 1163 2378 194 4521 2597 1986 631 64 433 275 256
is_linear=0
shrinkage=0.05


Tree=66
num_leaves=31
num_cat=0
split_feature=5 3 9 3 14 14 9 15 3 18 15 14 5 1 16 8 3 3 13 12 14 17 17 17 8 3 17 9 0 18
split_gain=303.838 211.845 223.453 157.176 193.736 336.9 185.353 172.7 199.231 167.455 145.865 139.48 136.862 154.831 191.269 206.25 175.849 164.358 133.822 220.175 172.626 133.501 120.781 154.599 118.993 118.183 116.782 152.18 113.917 157.277
threshold=7.5050000000000008 27.275879000000007 1242078.1500000001 7.086120600000001 29.825000000000003 29.957500000000007 -398855.35999999981 15.100000000000003 25.176239000000006 -3.7249999999999992 21.797500000000003 18.980000000000004 18.215000000000003 2.5000000000000004 41.062500000000007 -4.3696441999999998 20.831863000000002 9.8012695000000019 1.0000000180025095e-35 0.015000000000000001 42.502500000000005 12.502500000000003 14.465000000000002 13.787500000000001 0.91767850000000106 15.896209500000003 30.557500000000001 -592955.45999999985 10.500000000000002 5.6250000000000009
decision_type=2 2 2 2 2 2 2 2 2 2 2 2 2 2 2 2 2 2 2 2 2 2 2 2 2 2 2 2 2 2
left_child=18 2 3 4 11 -6 7 8 -5 -7 28 -2 13 14 22 17 -17 -16 19 20 25 -3 23 -8 -22 -1 -20 -28 -11 -30
right_child=1 21 -4 6 5 9 12 -9 -10 10 -12 -13 -14 -15 15 16 -18 -19 26 -21 24 -23 -24 -25 -26 -27 27 -29 29 -31
leaf_value=0.047767885130914775 0.037705645236519564 0.089759090557830268 -0.044336637248770405 0.23551679892199384 0.22896159182895315 -0.022328018012077309 0.0028205281606079233 0.020297982429818836 0.020208251459354704 0.019703330914095298 0.023057559793669913 -0.0029806771349364346 0.028176648354036101 -0.0094827319133419068 0.019941687628272035 0.012368474753837469 0.10610568167303097 0.20361292859346702 -0.055369022822040807 -0.014123108008722608 0.034945096952979232 0.019464173491025819 -0.0047588973788715988 0.095763154588639737 -0.096708355937153101 0.21165744899348782 0.044140025521902479 -0.033226543397084619 0.0767687229536263 0.21618574941158297
leaf_weight=22 256 72 261 21 22 124 124 433 22 59 353 1189 352 4642 21 554 55 29 336 1739 121 1091 2253 70 20 22 85 252 106 25
leaf_count=22 256 72 261 21 22 124 124 433 22 59 353 1189 352 4642 21 554 55 29 336 1739 121 1091 2253 70 20 22 85 252 106 25
internal_value=0.000202648 0.00352472 0.0013737 0.00248765 0.0146303 0.0364476 -0.000533854 0.0297888 0.125359 0.0300979 0.0420699 0.00422742 -0.00231578 -0.00370108 0.00493975 0.028849 0.0208341 0.126471 -0.0153191 -0.00860631 0.0432516 0.0238161 -0.00149924 0.0363565 0.0162708 0.129713 -0.0345099 -0.0137127 0.0773928 0.103375
internal_weight=14731 12134 10971 10710 2134 689 8576 476 43 667 543 1445 8100 7748 3106 659 609 50 2597 1924 185 1163 2447 194 141 44 673 337 190 131
internal_count=14731 12134 10971 10710 2134 689 8576 476 43 667 543 1445 8100 7748 3106 659 609 50 2597 1924 185 1163 2447 194 141 44 673 337 190 131
is_linear=0
shrinkage=0.05


Tree=67
num_leaves=31
num_cat=0
split_feature=5 8 1 4 14 14 3 4 0 4 3 16 19 19 19 14 1 0 19 14 14 9 17 14 14 4 18 6 15 5
split_gain=283.372 201.943 189.269 201.628 294.66 350.534 200.695 283.207 188.616 262.358 179.536 203.195 175.78 162.968 160.98 158.735 149.624 159.348 142.9 288.962 123.558 119.607 156.819 149.124 237.499 182.255 150.115 141.321 118.402 138.454
threshold=9.0050000000000008 1.4882812499999996 3.5000000000000004 14116.267000000002 23.462500000000006 23.305000000000003 14.987533500000003 50236.207000000002 35.500000000000007 803673.83000000019 11.606857000000002 53.307500000000012 2.6325000000000007 -1.6174999999999986 2.0275000000000003 28.210000000000004 4.5000000000000009 20.500000000000004 9.8574999999999999 29.957500000000007 19.207500000000007 -929876.90799999994 19.202500000000004 40.040000000000006 42.775000000000006 97.896300000000011 -1.1349999999999996 10.071457000000002 13.255000000000001 7.3250000000000011
decision_type=2 2 2 2 2 2 2 2 2 2 2 2 2 2 2 2 2 2 2 2 2 2 2 2 2 2 2 2 2 2
left_child=21 2 3 10 5 14 7 13 12 15 11 20 -6 -4 -5 -10 -9 -18 -15 -20 -2 -1 -23 26 25 -25 -24 -27 -28 -30
right_child=1 -3 6 4 8 -7 -8 16 9 -11 -12 -13 -14 18 -16 -17 17 -19 19 -21 -22 22 23 24 -26 27 28 -29 29 -31
leaf_value=0.017320391037314059 0.12686437607671205 -0.0066535220971840189 -0.060494996562807102 0.04481572531020412 0.016349759899509316 0.22465691519635064 -0.0098814211082703298 0.016523352083864577 -0.030382702872157098 0.21377275579725394 -0.0054369346013603114 0.12783330623870312 -0.060133151310340818 0.031275342180378154 0.17099473790398667 0.06213343849328036 -0.089284511930572824 -0.0071050174836519257 0.25578124143860559 0.032092423572958932 0.016005605558513214 0.0035312662476202177 -0.01006008051998393 -0.023027469278613648 -0.010200648185223583 0.19331564563124076 0.048606548529295697 0.057546671198114109 -0.061718562622470378 -0.025967324820996063
leaf_weight=435 26 2279 45 260 711 35 1671 183 60 24 1050 46 84 782 28 204 106 133 22 42 755 1582 1287 62 1350 23 42 115 387 902
leaf_count=435 26 2279 45 260 711 35 1671 183 60 24 1050 46 84 782 28 204 106 133 22 42 755 1582 1287 62 1350 23 42 115 387 902
internal_value=0.000192515 0.00609209 0.010727 0.0190111 0.033328 0.0752413 0.0016129 0.0162412 0.0208276 0.0554959 0.00828676 0.025711 0.00826855 0.0322223 0.0570831 0.041107 -0.0175008 -0.0435528 0.0371541 0.108985 0.0196962 -0.00795911 -0.00987156 -0.0149587 -0.00266739 0.0481821 -0.0222359 0.0801748 -0.0340091 -0.036701
internal_weight=14731 8546 6267 3283 1406 323 2984 1313 1083 288 1877 827 795 891 288 264 422 239 846 64 781 6185 5750 4168 1550 200 2618 138 1331 1289
internal_count=14731 8546 6267 3283 1406 323 2984 1313 1083 288 1877 827 795 891 288 264 422 239 846 64 781 6185 5750 4168 1550 200 2618 138 1331 1289
is_linear=0
shrinkage=0.05


Tree=68
num_leaves=31
num_cat=0
split_feature=5 3 4 1 4 14 14 19 15 4 13 17 14 15 13 19 15 14 15 3 17 13 12 14 8 0 8 17 17 17
split_gain=258.44 186.236 170.377 122.022 298.641 273.848 237.532 198.349 317.479 172.558 161.475 154.742 219.381 161.921 150.169 146.462 120.243 161.764 122.108 121.481 114.354 114.332 197.012 155.852 108.577 107.756 107.106 106.057 101.599 203.997
threshold=7.5050000000000008 27.275879000000007 1835829.8000000003 2.5000000000000004 2498.1332500000003 40.040000000000006 41.33250000000001 0.020000000000001354 22.722500000000004 548161.65500000014 9.0050000000000008 25.890000000000004 58.470000000000006 25.185000000000006 1.0050000000000001 -8.8324999999999996 20.892500000000005 28.422500000000003 21.482500000000005 1.2412720000000002 12.502500000000003 1.0000000180025095e-35 0.015000000000000001 42.502500000000005 0.79863000000000117 23.500000000000004 0.24646000000000082 30.557500000000001 17.457500000000003 15.840000000000002
decision_type=2 2 2 2 2 2 2 2 2 2 2 2 2 2 2 2 2 2 2 2 2 2 2 2 2 2 2 2 2 2
left_child=21 2 3 4 15 -6 -7 8 9 -8 11 12 13 16 24 -2 17 19 -18 -5 -3 22 23 25 -15 -1 -25 -23 29 -21
right_child=1 20 -4 10 5 6 7 -9 -10 -11 -12 -13 -14 14 -16 -17 18 -19 -20 28 -22 27 -24 26 -26 -27 -28 -29 -30 -31
leaf_value=0.19470836942394576 -0.022122489041199022 0.083303336848297882 -0.023028799891334703 0.072643278648213641 0.014292291925537643 0.17482462656639874 0.0929738548066881 0.005408794268817697 0.032503526109256643 0.23984010176112258 0.01214924339892662 -0.023972782116573083 0.12299715348253293 0.023373896210884666 -0.00022295323900757658 0.0058209945431827708 -0.051103230876827777 0.019566448502753693 -0.011837844605491098 -0.021970080372042941 0.018244380854456673 -0.051748931912570267 -0.013146190513098772 0.036698149872634596 0.088356707586897815 0.037565086260437967 -0.074053899243611984 -0.012051495118135759 -0.03691355316515646 0.038124792778800279
leaf_weight=24 616 72 679 41 1118 42 45 151 132 36 1587 980 35 171 401 1964 252 676 924 464 1091 336 1739 114 103 20 27 337 351 203
leaf_count=24 616 72 679 41 1118 42 45 151 132 36 1587 980 35 171 401 1964 252 676 924 464 1091 336 1739 114 103 20 27 337 351 203
internal_value=0.000182889 0.00324674 0.00122992 0.00283036 0.00951551 0.0270647 0.0622362 0.0492452 0.0803217 0.158248 -0.00160337 -0.00634699 -0.00157668 -0.00279254 0.0192715 -0.000850783 -0.00790874 0.000457552 -0.0202519 -0.0117404 0.0222721 -0.0141324 -0.00792764 0.0411267 0.0478017 0.12328 0.0154903 -0.0318707 -0.0151389 -0.00368034
internal_weight=14731 12134 10971 10292 4104 1524 406 364 213 81 6188 4601 3621 3586 675 2580 2911 1735 1176 1059 1163 2597 1924 185 274 44 141 673 1018 667
internal_count=14731 12134 10971 10292 4104 1524 406 364 213 81 6188 4601 3621 3586 675 2580 2911 1735 1176 1059 1163 2597 1924 185 274 44 141 673 1018 667
is_linear=0
shrinkage=0.05


Tree=69
num_leaves=31
num_cat=0
split_feature=0 0 0 3 1 14 3 0 3 17 16 19 19 17 17 12 17 6 12 8 15 5 16 12 18 19 19 8 3 13
split_gain=244.854 355.918 162.84 209.649 180.57 206.436 284.555 173.492 146.942 161.474 293.501 246.131 188.943 145.601 144.989 136.25 136.138 126.367 127.213 126.218 270.632 125.053 121.074 131.716 120.401 114.832 109.659 106.996 105.672 104.351
threshold=25.500000000000004 23.500000000000004 40.500000000000007 20.831863000000002 3.5000000000000004 23.462500000000006 24.243515000000006 34.500000000000007 11.967453000000001 33.890000000000008 33.742500000000007 -6.8100000000000014 1.0400000000000011 20.642500000000002 21.925000000000004 17.005000000000006 21.432500000000005 28.869583000000002 1.0000000180025095e-35 0.40116850000000076 33.812500000000007 17.005000000000006 51.145000000000003 14.785000000000002 -8.1525000000000016 2.3525000000000014 2.7175000000000016 1.9152214999999997 5.0144501000000004 1.0050000000000001
decision_type=2 2 2 2 2 2 2 2 2 2 2 2 2 2 2 2 2 2 2 2 2 2 2 2 2 2 2 2 2 2
left_child=1 8 3 7 5 6 -5 -2 9 10 15 -12 24 21 -14 19 -15 18 -7 20 -1 -10 23 25 -13 -20 -21 -16 -28 -3
right_child=2 29 -4 4 -6 17 -8 -9 13 -11 11 12 14 16 27 -17 -18 -19 22 26 -22 -23 -24 -25 -26 -27 28 -29 -30 -31
leaf_value=0.0031842696174328778 -0.0054636822236103144 -0.053187877685995782 -0.0041257572970882471 0.20624394926887293 0.0075086062803291255 -0.078745226375758648 0.057046564860995547 0.019362751008035139 0.0047121475925350643 -0.024271240454703951 0.15747648345497556 -0.067045124369147044 0.10164325922847756 -0.058742823632030983 0.016928296411886902 0.07207317712304534 -0.012665633574650802 -0.011560978686723573 0.054434944472042848 -0.035684580387179414 0.14905516729323251 -0.10578401647508145 -0.05941556637623796 0.023618751926556981 0.017846012766173494 0.12924127972252883 0.082603424414992341 0.13981110081076623 -0.0074197460237863293 -0.0051652142199108729
leaf_weight=872 1750 480 2155 39 697 22 177 1177 1689 382 39 46 124 171 155 61 2563 156 200 430 33 26 27 258 454 69 37 20 274 148
leaf_count=872 1750 480 2155 39 697 22 177 1177 1689 382 39 46 124 171 155 61 2563 156 200 430 33 26 27 258 454 69 37 20 274 148
internal_value=0.000173745 -0.00573594 0.00720528 0.0125461 0.0268282 0.0410326 0.083985 0.00451948 -0.00265941 0.00604126 0.0105911 0.0348251 0.0288384 -0.00838359 0.0602805 -0.00130585 -0.0155476 0.0283581 0.0391695 -0.00402524 0.00850332 0.00303699 0.0438521 0.0491428 0.010036 0.0736232 -0.0193267 0.030972 0.00329041 -0.0418704
internal_weight=14731 8004 6727 4572 1645 948 216 2927 7376 2927 2545 838 799 4449 299 1707 2734 732 576 1646 905 1715 554 527 500 269 741 175 311 628
internal_count=14731 8004 6727 4572 1645 948 216 2927 7376 2927 2545 838 799 4449 299 1707 2734 732 576 1646 905 1715 554 527 500 269 741 175 311 628
is_linear=0
shrinkage=0.05


Tree=70
num_leaves=31
num_cat=0
split_feature=0 4 0 19 9 3 17 6 6 18 19 3 14 4 7 3 15 18 12 8 14 17 14 18 14 18 9 3 14 3
split_gain=202.585 286.426 208.714 176.351 173.809 139.046 134.264 131.282 143.803 129.222 122.769 120.24 151.515 148.691 211.479 154.283 482.551 251.713 194.697 152.64 145.419 151.204 136.898 130.127 129.419 118.182 117.64 115.532 107.471 106.323
threshold=25.500000000000004 612729.83000000019 45.500000000000007 5.335 -122131.87999999996 12.157974500000002 24.632500000000004 19.080902000000005 7.603683450000001 2.6325000000000007 -1.3075000000000008 20.831863000000002 45.955000000000005 215239.83000000005 2066120.5500000003 24.478088000000003 21.482500000000005 0.59500000000000075 12.995000000000003 -1.4045409999999989 49.837500000000006 32.065000000000012 45.237500000000004 3.1249999999999969 25.815000000000001 -16.947499999999994 -381510.13999999996 16.372756500000005 44.667500000000011 6.4680022000000008
decision_type=2 2 2 2 2 2 2 2 2 2 2 2 2 2 2 2 2 2 2 2 2 2 2 2 2 2 2 2 2 2
left_child=1 4 3 11 25 -6 -5 8 -3 -9 -10 12 22 19 15 16 17 -15 -19 -13 21 -18 29 24 -16 -1 -12 -14 -8 -2
right_child=2 7 -4 6 5 -7 28 9 10 -11 26 13 27 14 23 -17 20 18 -20 -21 -22 -23 -24 -25 -26 -27 -28 -29 -30 -31
leaf_value=0.14578895124242358 0.024071892404818919 0.0026966345350641343 -0.021088123748174502 0.0008617587907777546 0.0078029483828391255 -0.0086136376469110945 -0.068674426580108944 0.0071387429716795597 -0.011514668749296107 -0.029383030766744103 -0.011893357931383255 -0.054335903323402539 0.044942945509455073 0.29957653247703125 -0.0060491507782467775 0.034801799704512186 0.023142889045799774 0.23184779073898901 0.033346087584892908 0.013543036258898406 -0.038327527780515645 0.16562299267561348 -0.060038780352507516 -0.040849973411582738 0.060563231417722997 0.028267031389587634 -0.058615171236723163 0.0045975258956317778 0.0069657028805631309 -0.0011461697421403726
leaf_weight=23 517 277 614 478 2407 2779 157 671 320 379 173 95 408 29 175 574 60 21 30 646 52 27 87 115 125 306 609 314 67 2182
leaf_count=23 517 277 614 478 2407 2779 157 671 320 379 173 95 408 29 175 574 60 21 30 646 52 27 87 115 125 306 609 314 67 2182
internal_value=0.000357447 -0.00505926 0.00671066 0.00948196 0.00124157 -0.000994139 -0.0141072 -0.0193652 -0.0295083 -0.00604388 -0.0376033 0.0125165 0.00698438 0.0224738 0.0332902 0.0484243 0.0841291 0.181961 0.115082 0.00484061 0.0278228 0.0673609 0.00169449 0.00437122 0.021706 0.0364828 -0.048279 0.0273966 -0.0460499 0.00368441
internal_weight=14717 7944 6773 6159 5515 5186 702 2429 1379 1050 1102 5457 3508 1949 1208 793 219 80 51 741 139 87 2786 415 300 329 782 722 224 2699
internal_count=14717 7944 6773 6159 5515 5186 702 2429 1379 1050 1102 5457 3508 1949 1208 793 219 80 51 741 139 87 2786 415 300 329 782 722 224 2699
is_linear=0
shrinkage=0.05


Tree=71
num_leaves=31
num_cat=0
split_feature=0 4 0 19 7 6 0 4 1 19 16 17 1 0 13 12 14 3 14 4 7 16 16 8 14 16 3 13 18 14
split_gain=182.833 258.499 188.364 159.157 154.544 134.167 149.418 137.609 153.339 134.488 127.722 121.174 115.079 111.589 224.261 207.277 117.297 108.516 136.742 134.194 190.86 164.782 374.166 137.757 123.55 131.53 128.69 129.067 117.44 116.8
threshold=25.500000000000004 612729.83000000019 45.500000000000007 5.335 622512.33000000019 15.596039000000003 5.5000000000000009 222619.02500000005 4.5000000000000009 3.635000000000002 54.960000000000008 24.632500000000004 1.0000000180025095e-35 23.500000000000004 1.0000000180025095e-35 4.9150000000000009 23.462500000000006 20.831863000000002 45.955000000000005 215239.83000000005 2066120.5500000003 23.027500000000003 22.790000000000003 -1.4045409999999989 45.237500000000004 46.312500000000007 6.4680022000000008 12.585000000000003 3.1249999999999969 25.815000000000001
decision_type=2 2 2 2 2 2 2 2 2 2 2 2 2 2 2 2 2 2 2 2 2 2 2 2 2 2 2 2 2 2
left_child=1 4 3 17 5 6 9 -8 -9 -1 13 -5 -7 14 15 -3 -17 18 24 23 21 22 -21 -19 25 26 -2 -28 29 -22
right_child=2 10 -4 11 -6 12 7 8 -10 -11 -12 -13 -14 -15 -16 16 -18 19 -20 20 28 -23 -24 -25 -26 -27 27 -29 -30 -31
leaf_value=-0.018741517539171543 0.023206410227280615 0.063093589582135831 -0.020033717553240495 0.00081867092458539053 0.040591451600820082 -0.037884083505421995 0.017827361725244302 0.0034569240558673352 -0.087723287949197454 0.025641744185758888 -0.067008720649755563 -0.043747427529056693 -0.0054114830887566495 -0.034948222951737593 -0.036098411013333512 0.033331703286967239 -0.011756184545887768 -0.051619107836955475 0.026026769660150769 0.059055432658326829 -0.0057466932833194736 0.035403905837100992 0.27950385744157047 0.012865884551926568 -0.057036840149212155 0.045547432668946002 -0.0083472611164424962 0.043156930049881338 -0.038807474720575247 0.057535070001892744
leaf_weight=828 504 127 614 478 238 322 1906 153 66 215 128 224 1787 567 541 172 894 95 722 118 175 652 23 646 87 174 1891 130 115 125
leaf_count=828 504 127 614 478 238 322 1906 153 66 215 128 224 1787 567 541 172 894 95 722 118 175 652 23 646 87 174 1891 130 115 125
internal_value=0.000339574 -0.00480629 0.00637512 0.00900786 0.00117949 -0.000598043 0.00590692 0.0135144 -0.024022 -0.00959252 -0.0183969 -0.0134019 -0.0103694 -0.0156927 -0.00939638 0.00271241 -0.00448122 0.0118907 0.00663516 0.0213501 0.0316257 0.0460031 0.0950151 0.00459858 0.00160977 0.00350019 0.000602678 -0.00503428 0.00415266 0.0206207
internal_weight=14717 7944 6773 6159 5515 5277 3168 2125 219 1043 2429 702 2109 2301 1734 1193 1066 5457 3508 1949 1208 793 141 741 2786 2699 2525 2021 415 300
internal_count=14717 7944 6773 6159 5515 5277 3168 2125 219 1043 2429 702 2109 2301 1734 1193 1066 5457 3508 1949 1208 793 141 741 2786 2699 2525 2021 415 300
is_linear=0
shrinkage=0.05


Tree=72
num_leaves=31
num_cat=0
split_feature=17 14 3 17 9 15 19 16 15 15 7 8 13 0 8 0 0 1 14 16 3 15 14 16 15 8 3 9 8 18
split_gain=174.175 181.005 288.002 163.67 142.863 154.821 217.963 147.972 341.062 181.15 189.089 144.061 132.611 129.721 205.804 125.092 197.513 159.11 148.369 133.24 130.856 127.155 123.58 138.55 120.307 114.711 108.543 121.81 106.802 105.329
threshold=26.002500000000005 58.470000000000006 11.512786500000002 29.065000000000005 1242078.1500000001 34.042500000000011 3.142499999999997 33.742500000000007 22.432500000000001 26.390000000000004 526088.07000000007 1.0284117500000003 9.4950000000000028 14.500000000000002 1.7178495000000018 25.500000000000004 22.500000000000004 1.5000000000000002 39.632500000000007 28.422500000000003 2.7786102500000003 19.492500000000003 57.307500000000012 58.470000000000006 47.215000000000011 -3.9861605 17.635391000000002 -25939.219999999976 -0.90667729999999869 7.1299999999999999
decision_type=2 2 2 2 2 2 2 2 2 2 2 2 2 2 2 2 2 2 2 2 2 2 2 2 2 2 2 2 2 2
left_child=1 15 -3 -2 5 6 7 -5 13 -10 -11 -8 -13 -9 -15 16 22 18 21 20 -19 -17 23 29 26 -21 27 -7 -20 -1
right_child=3 2 -4 4 -6 24 11 8 9 10 -12 12 -14 14 -16 17 -18 19 28 25 -22 -23 -24 -25 -26 -27 -28 -29 -30 -31
leaf_value=0.0037192780117390719 -0.022920451762670397 0.18609931911615765 0.021834044927175368 -0.010181564800114486 -0.056281544941151118 -0.06918029167543864 0.15317974877663149 0.026252775725263817 -0.034726948305272828 -0.0018936682833477249 0.047608186346233677 -0.0091068810299755297 0.13733436533736743 0.21092097283828828 0.039455032224456475 0.02590985657570671 -0.028907384656119896 0.052515887123429118 -0.0021577025577425957 0.073547909869567343 -0.0095119133616009127 -0.033629999930057129 -0.12253800079226494 0.099725442603489187 0.033325464865666329 0.010870349848149771 0.0037464081457774367 -0.019893026548929979 0.091104996289879753 -0.021953051552235474
leaf_weight=4159 1268 34 124 969 117 160 39 39 204 479 323 52 22 42 30 693 604 90 40 76 1539 103 20 36 118 1849 335 579 132 442
leaf_count=4159 1268 34 124 969 117 160 39 39 204 479 323 52 22 42 30 693 604 90 40 76 1539 103 20 36 118 1849 335 579 132 442
internal_value=0.000322596 0.00409285 0.0571823 -0.007525 -0.00196016 -8.59085e-05 0.00777996 0.00411617 0.0165195 0.00734203 0.0180429 0.0754142 0.0344297 0.0996954 0.139477 0.00323543 -0.00200636 0.00933386 0.027305 0.00443909 -0.00608496 0.0182056 0.00148262 0.00201754 -0.0145969 0.0133449 -0.0198621 -0.0305642 0.069416 0.00125304
internal_weight=14717 9941 158 4776 3508 3391 2199 2086 1117 1006 802 113 74 111 72 9783 5261 4522 968 3554 1629 796 4657 4637 1192 1925 1074 739 172 4601
internal_count=14717 9941 158 4776 3508 3391 2199 2086 1117 1006 802 113 74 111 72 9783 5261 4522 968 3554 1629 796 4657 4637 1192 1925 1074 739 172 4601
is_linear=0
shrinkage=0.05


Tree=73
num_leaves=31
num_cat=0
split_feature=4 17 14 3 17 15 9 15 0 0 6 13 3 7 8 3 0 18 9 14 17 14 8 15 14 0 9 3 8 6
split_gain=163.01 155.764 154.209 262.868 135.142 114.727 177.339 156.058 110.76 155.982 135.375 146.329 142.74 134.353 127.248 133.406 124.229 120.246 118.535 168.553 204.289 156.313 117.805 113.426 107.65 102.079 101.536 129.791 113.162 123.997
threshold=3088979.3500000006 26.002500000000005 58.470000000000006 11.512786500000002 29.065000000000005 36.862500000000004 1295634.7000000002 47.215000000000011 25.500000000000004 40.500000000000007 11.333969000000002 0.015000000000000001 7.6368561500000007 1115258.3 1.4722748000000003 14.126541000000001 22.500000000000004 -13.907499999999997 -246416.84999999995 42.962500000000006 22.682500000000005 27.575000000000003 -1.4365999999999992 20.642500000000002 57.307500000000012 32.500000000000007 -483145.70000000013 10.871643000000002 -0.4663235000000005 16.940185500000002
decision_type=2 2 2 2 2 2 2 2 2 2 2 2 2 2 2 2 2 2 2 2 2 2 2 2 2 2 2 2 2 2
left_child=1 2 8 -4 -3 6 26 -7 16 10 12 17 25 23 15 -11 18 -12 19 20 -1 -22 -17 -13 -20 -10 27 -6 29 -29
right_child=-2 4 3 -5 5 7 -8 -9 9 14 11 13 -14 -15 -16 22 -18 -19 24 -21 21 -23 -24 -25 -26 -27 -28 28 -30 -31
leaf_value=0.01298276455626784 -0.042508870385349069 -0.020743331841597532 0.17679435566944235 0.019583624241049175 -0.047315038055679659 -0.031888457677778072 -0.085957848595624622 0.031659191514570584 -0.010350042497581993 0.026438494615793003 0.15279585994780065 0.1190582613859858 -0.017469304690530409 -0.025555319267914458 -0.029246995728185305 -0.061856532607065598 -0.023548814622032468 0.029389092015614848 -0.00014231744680501189 -0.057072499073515449 0.013232112920377403 0.1478904983212212 -0.0008819414467322068 0.013802203976849232 -0.11641110062599183 0.04448733575396227 0.0014224974579936682 0.15587523069519263 0.015684613438421174 0.045444161684749879
leaf_weight=167 219 1235 34 122 43 533 55 118 137 429 20 28 512 256 369 92 556 1515 4325 46 32 66 570 298 20 223 2452 39 133 73
leaf_count=167 219 1235 34 122 43 533 55 118 137 429 20 28 512 256 369 92 556 1515 4325 46 32 66 570 298 20 223 2452 39 133 73
internal_value=0.000306466 0.000953214 0.00453195 0.0538475 -0.00655211 -0.00146617 0.0029368 -0.0203698 0.00373563 0.00953019 0.0160734 0.0229027 -0.000506381 0.00155417 -0.00386543 0.00471916 -0.00121065 0.030997 0.00145688 0.0312765 0.0466125 0.10392 -0.00935575 0.0228426 -0.000677502 0.0236187 0.00472118 0.0328058 0.0468678 0.0838978
internal_weight=14717 14498 9817 156 4681 3446 2795 651 9661 4449 2989 2117 872 582 1460 1091 5212 1535 4656 311 265 98 662 326 4345 360 2740 288 245 112
internal_count=14717 14498 9817 156 4681 3446 2795 651 9661 4449 2989 2117 872 582 1460 1091 5212 1535 4656 311 265 98 662 326 4345 360 2740 288 245 112
is_linear=0
shrinkage=0.05


Tree=74
num_leaves=31
num_cat=0
split_feature=4 0 4 0 6 0 16 19 13 1 3 16 9 15 19 9 1 0 3 4 3 15 19 14 0 14 16 0 4 15
split_gain=147.116 143.724 176.926 174.596 136.329 169.095 136.101 128.322 122.468 108.714 107.899 106.991 150.995 117.968 141.468 123.958 105.678 137.331 105.413 142.834 181.639 431.489 224.817 127.114 126.353 117.215 118.688 116.144 149.963 109.17
threshold=3088979.3500000006 25.500000000000004 612729.83000000019 45.500000000000007 15.596039000000003 5.5000000000000009 54.960000000000008 5.335 8.8050000000000015 1.0000000180025095e-35 14.903457500000002 32.037500000000009 944.11869999999988 33.047500000000007 9.7325000000000035 -38184.77499999998 3.5000000000000004 23.500000000000004 20.831863000000002 215239.83000000005 24.478088000000003 18.355000000000004 -3.4825000000000013 45.955000000000005 31.500000000000004 45.237500000000004 46.312500000000007 35.500000000000007 790599.13000000012 17.845000000000002
decision_type=2 2 2 2 2 2 2 2 2 2 2 2 2 2 2 2 2 2 2 2 2 2 2 2 2 2 2 2 2 2
left_child=1 2 4 7 5 8 16 18 -1 -6 -8 -7 13 14 15 -13 17 -4 23 29 21 24 -23 25 -21 26 -3 -22 -29 -20
right_child=-2 3 6 -5 9 11 10 -9 -10 -11 -12 12 -14 -15 -16 -17 -18 -19 19 20 27 22 -24 -25 -26 -27 -28 28 -30 -31
leaf_value=-0.016881372161003994 -0.040383426982273679 0.00059940532317336341 0.0057672000033413681 -0.019082583312884868 -0.034919519551600921 0.003331452640800574 -0.14646126409061253 -0.011419830155703727 0.028067497661559967 -0.0037468460970021822 -0.0380185592505667 0.08215638189290006 -0.016379531087555195 -0.0014231440879790705 0.1605110655228297 0.028943196220937991 -0.025139869046579444 -0.033361175240595536 -0.015852888640747704 0.26698592623759965 0.012415450126068497 0.17113397689881149 0.016467970150692689 0.025548356736815648 0.11005748835108851 -0.05664737831712479 0.043892461461517568 0.030259175439580129 0.13530248788833296 0.022543046688538439
leaf_weight=859 219 2503 989 614 328 1009 32 688 184 1899 81 130 185 205 24 692 947 290 361 29 722 27 181 687 23 84 169 130 46 380
leaf_count=859 219 2503 989 614 328 1009 32 688 184 1899 81 130 185 205 24 692 947 290 361 29 722 27 181 687 23 84 169 130 46 380
internal_value=0.000291142 0.000905553 -0.00367322 0.00631821 0.001214 0.00768372 -0.0151965 0.00890463 -0.00895175 -0.00833806 -0.068728 0.0154124 0.0252745 0.0326066 0.0408526 0.0373589 -0.0124791 -0.00310475 0.0115222 0.0209796 0.0319489 0.0687509 0.0365448 0.00630598 0.197575 0.00150935 0.00333763 0.0212935 0.0577137 0.00383733
internal_weight=14717 14498 7854 6644 5515 3288 2339 6030 1043 2227 113 2245 1236 1051 846 822 2226 1279 5342 1899 1158 260 208 3443 52 2756 2672 898 176 741
internal_count=14717 14498 7854 6644 5515 3288 2339 6030 1043 2227 113 2245 1236 1051 846 822 2226 1279 5342 1899 1158 260 208 3443 52 2756 2672 898 176 741
is_linear=0
shrinkage=0.05


Tree=75
num_leaves=31
num_cat=0
split_feature=5 14 8 19 8 9 0 4 1 17 16 9 13 2 19 17 9 19 16 15 14 0 15 5 15 16 0 19 19 0
split_gain=169.605 155.399 140.089 157.486 336.62 200.831 140.926 122.572 118.365 229.432 233.733 174.779 140.847 146.27 128.987 127.424 128.977 118.024 116.002 112.54 111.321 105.281 100.783 103.05 102.024 98.6406 105.125 127.424 327.016 371.158
threshold=18.005000000000006 18.625000000000004 -0.44552599999999914 -0.13749999999999926 -0.073394749999999384 -117750.45000000017 32.500000000000007 3175502.6000000006 2.5000000000000004 14.195000000000002 39.682500000000012 -117750.45000000017 8.7650000000000023 1.0000000180025095e-35 -1.704999999999999 13.787500000000001 -371341.28499999986 -0.47500000000000048 44.437500000000007 32.442500000000003 31.802500000000002 12.500000000000002 25.135000000000002 2.0450000000000004 20.707500000000003 36.805000000000007 12.500000000000002 -12.1075 -12.3925 34.500000000000007
decision_type=2 2 2 2 2 2 2 2 2 2 2 2 2 2 2 2 2 2 2 2 2 2 2 2 2 2 2 2 2 2
left_child=1 17 -2 4 -4 -5 18 8 9 15 25 19 13 14 -10 16 -3 -1 -7 -12 -8 -14 24 -24 -13 26 -11 28 -28 -30
right_child=2 7 3 5 -6 6 20 -9 12 10 11 22 21 -15 -16 -17 -18 -19 -20 -21 -22 -23 23 -25 -26 -27 27 -29 29 -31
leaf_value=0.058600485883898247 -0.011666235060663895 0.12478876650609352 0.23917708877060148 -0.12093359773668151 0.046467693583339666 0.013738782198633998 0.0049830855707219549 -0.046526495968922971 -0.031016268013789247 -0.015724099537139651 0.043479362862138271 -0.038750207950842795 0.024508397201038524 -0.080873735000246347 -0.0056909859320495373 0.076631132742925878 0.010567253578712604 -0.0076571654945347782 -0.098673784732818612 0.14457087613522046 0.083880045269359285 -0.0011796737337541182 -0.10982804419472814 -0.0014124545080851077 0.031098590676018195 -0.03408924449314276 0.0075072871371044368 -0.00086374491990890345 0.25408925139345229 -0.012695028768344361
leaf_weight=190 200 27 27 24 141 110 69 150 557 1086 246 58 577 70 5165 146 292 104 29 31 127 1292 23 466 530 265 211 2490 32 22
leaf_count=190 200 27 27 24 141 110 69 150 557 1086 246 58 577 70 5165 146 292 104 29 31 127 1292 23 466 530 265 211 2490 32 22
internal_value=0.000414126 -0.000806068 0.023962 0.0374832 0.0774388 0.0187853 0.028795 -0.00157592 -0.00107963 0.00422718 0.00135586 0.0193708 -0.00518391 -0.00903508 -0.00815624 0.0379421 0.0202349 0.0351624 -0.0097142 0.0547929 0.0561051 0.00675078 0.0102604 -0.00651176 0.0242087 -0.00458479 -0.0025492 0.00264424 0.035606 0.145399
internal_weight=14757 14030 727 527 168 359 335 13736 13586 5925 5460 1354 7661 5792 5722 465 319 294 139 277 196 1869 1077 489 588 4106 3841 2755 265 54
internal_count=14757 14030 727 527 168 359 335 13736 13586 5925 5460 1354 7661 5792 5722 465 319 294 139 277 196 1869 1077 489 588 4106 3841 2755 265 54
is_linear=0
shrinkage=0.05


Tree=76
num_leaves=31
num_cat=0
split_feature=5 15 12 3 8 19 8 9 0 9 3 8 4 5 13 6 8 19 1 16 8 17 17 16 13 8 6 16 17 13
split_gain=153.069 136.595 256.958 130.954 126.43 142.131 303.799 181.25 127.186 114.111 169.901 126.407 143.45 118.18 164.459 114.806 107.79 106.082 158.82 104.692 101.895 100.533 93.4547 91.8419 121.102 116.976 229.201 115.817 102.816 97.3991
threshold=18.005000000000006 13.050000000000002 7.455000000000001 6.3628235000000002 -0.44552599999999914 -0.13749999999999926 -0.073394749999999384 -117750.45000000017 32.500000000000007 -398855.35999999981 10.871643000000002 0.032211500000000733 790599.13000000012 7.3550000000000013 1.0000000180025095e-35 16.940185500000002 0.27728300000000067 3.0400000000000014 3.5000000000000004 44.437500000000007 5.7915344350000009 15.665000000000001 27.012500000000006 22.662500000000005 9.3050000000000015 0.22599850000000113 3.8523102000000002 22.790000000000003 18.760000000000002 11.855000000000002
decision_type=2 2 2 2 2 2 2 2 2 2 2 2 2 2 2 2 2 2 2 2 2 2 2 2 2 2 2 2 2 2
left_child=1 2 -1 23 -2 6 -6 -7 19 10 -5 15 -13 14 -11 17 -10 18 -12 -9 -15 -17 -16 28 27 29 -27 -25 -3 -26
right_child=4 3 -4 9 5 7 -8 8 16 13 11 12 -14 20 22 21 -18 -19 -20 -21 -22 -23 -24 24 25 26 -28 -29 -30 -31
leaf_value=0.20354765571653843 -0.011082923464506166 0.0068698860183813316 0.019264266075083407 -0.036997008088223128 0.22721823325587645 -0.11488691940127563 0.044144309328452869 0.013051843156995761 -0.0068284723821475553 -0.008878529111047943 0.10063917674680255 0.045194502681975758 -0.020663624249114054 -0.0022494773875061463 -0.085421798157349099 0.10281440506999691 0.07616553701866996 0.18201464265584946 -0.032041154727887586 -0.093740096174437432 -0.040139371179846936 0.015995553903491857 -0.030348898447353213 0.070508401107149385 -0.019480634126446995 0.024024626030962195 0.22328909591392235 0.0082792624018897375 -0.041333912598954352 0.087081492868428298
leaf_weight=20 200 447 349 158 27 24 141 110 54 1133 67 114 301 9017 113 36 142 20 34 29 181 452 242 81 51 31 27 972 147 37
leaf_count=20 200 447 349 158 27 24 141 110 54 1133 67 114 301 9017 113 36 142 20 34 29 181 452 242 81 51 31 27 972 147 37
internal_value=0.00039342 -0.000765765 0.0292525 -0.00157659 0.0227639 0.035609 0.0735669 0.017846 0.0273552 -0.00347938 0.0112622 0.0187084 -0.00257248 -0.00510998 -0.0181831 0.0332102 0.0532998 0.0768076 0.0559745 -0.00922849 -0.00299508 0.0224002 -0.0478791 0.0110181 0.0189831 0.061658 0.116786 0.0130661 -0.00505934 0.0253239
internal_weight=14757 14030 369 13661 727 527 168 359 335 11868 1182 1024 415 10686 1488 609 196 121 101 139 9198 488 355 1793 1199 146 58 1053 594 88
internal_count=14757 14030 369 13661 727 527 168 359 335 11868 1182 1024 415 10686 1488 609 196 121 101 139 9198 488 355 1793 1199 146 58 1053 594 88
is_linear=0
shrinkage=0.05


Tree=77
num_leaves=31
num_cat=0
split_feature=17 9 17 8 15 3 19 19 0 1 13 3 14 14 9 3 17 14 14 4 17 4 3 1 13 4 18 19 15 19
split_gain=130.455 148.223 121.6 119.927 196.174 220.678 219.867 192.301 117.45 158.75 123.805 113.593 105.948 128.962 167.969 270.538 156.877 125.986 187.753 390.58 169.489 320.229 101.294 100.757 100.138 111.358 98.0612 95.453 94.7502 102.341
threshold=26.002500000000005 1178578.9150000003 26.992500000000003 0.56706300000000109 22.302500000000006 5.5926666000000003 1.8949999999999998 2.8175000000000012 8.5000000000000018 4.5000000000000009 12.735000000000001 16.093612500000003 18.980000000000004 27.865000000000006 165697.65000000017 27.593017000000003 22.722500000000004 23.462500000000006 23.305000000000003 44036.504000000008 25.025000000000002 548161.65500000014 10.263061500000001 2.5000000000000004 1.0000000180025095e-35 2277095.1500000004 2.0500000000000012 -0.65500000000000103 35.247500000000009 4.8775000000000022
decision_type=2 2 2 2 2 2 2 2 2 2 2 2 2 2 2 2 2 2 2 2 2 2 2 2 2 2 2 2 2 2
left_child=3 2 11 8 -5 -6 27 -8 -1 12 -11 -2 -10 17 15 22 -16 18 23 -20 -19 -22 -15 -14 25 -9 -17 -7 29 -4
right_child=1 -3 28 4 5 6 7 24 9 10 -12 -13 13 14 16 26 -18 20 19 -21 21 -23 -24 -25 -26 -27 -28 -29 -30 -31
leaf_value=-0.0064730318746009183 -0.0091034978422222558 -0.051582212701040721 0.0043004324979442274 -0.013202149624160607 0.13222200940848172 -0.04574491353971618 -0.049432219386714077 0.058391557725027521 0.054979310436950382 -0.01306336670796707 0.03672464159510002 -0.058338253036219416 0.027012773238236133 0.044310696228151966 -0.030218212989499223 0.069527717856690291 0.032114464842121708 -0.014086455735377968 -0.055339649152434015 0.21664105364770603 -0.013467021436533994 0.23606592416763306 0.016047105368691635 -0.01219831771855609 -0.0043454060663455441 -0.036129939081147311 0.1654091003909707 0.039802454156894825 -0.015885890952168868 -0.036613096812774679
leaf_weight=1154 303 175 3018 2170 36 35 205 141 165 899 145 191 424 434 260 80 165 871 22 33 36 20 1176 267 680 40 40 477 934 161
leaf_count=1154 303 175 3018 2170 36 35 205 141 165 899 145 191 424 434 260 80 165 871 22 33 36 20 1176 267 680 40 40 477 934 161
internal_value=0.000373749 -0.00641599 -0.00470032 0.00362874 -0.00338384 0.00981674 0.00702423 -0.00591038 0.0079149 0.0112112 -0.00614837 -0.0281396 0.01575 0.0140591 0.0221452 0.0290641 -0.00601847 0.00364337 0.0189385 0.107849 -0.00866537 0.0756519 0.023666 0.0118617 0.00445196 0.0375028 0.101488 0.0339545 -0.0018851 0.00222837
internal_weight=14757 4782 4607 9975 3784 1614 1578 1066 6191 5037 1044 494 3993 3828 2155 1730 425 1673 746 55 927 56 1610 691 861 181 120 512 4113 3179
internal_count=14757 4782 4607 9975 3784 1614 1578 1066 6191 5037 1044 494 3993 3828 2155 1730 425 1673 746 55 927 56 1610 691 861 181 120 512 4113 3179
is_linear=0
shrinkage=0.05


Tree=78
num_leaves=31
num_cat=0
split_feature=5 15 12 18 8 19 8 9 3 0 8 9 5 13 15 3 6 3 16 9 1 8 18 9 8 16 3 18 17 12
split_gain=133.391 115.351 213.216 116.84 114.666 126.318 264.579 163.338 113.461 112.867 111.793 102.575 127.036 151.904 106.233 92.8513 89.2652 154.741 211.841 148.862 150.019 187.368 145.576 220.507 143.631 127.997 117.116 112.126 105.138 96.929
threshold=18.005000000000006 13.050000000000002 7.455000000000001 0.115000000000002 -0.44552599999999914 -0.13749999999999926 -0.073394749999999384 -117750.45000000017 6.3628235000000002 29.500000000000004 0.27728300000000067 -894473.67499999993 7.2750000000000012 1.0000000180025095e-35 21.235000000000003 17.383011000000003 10.500824000000001 11.693634000000001 46.312500000000007 -308457.59999999992 3.5000000000000004 0.032211500000000733 7.6300000000000052 171709.87000000002 -0.61637849999999961 45.427500000000009 16.262436500000003 -7.2749999999999941 34.750000000000007 7.7250000000000005
decision_type=2 2 2 2 2 2 2 2 2 2 2 2 2 2 2 2 2 2 2 2 2 2 2 2 2 2 2 2 2 2
left_child=1 2 -1 -4 -2 6 -6 -7 -3 -9 -11 14 13 -13 -10 -15 22 18 28 20 21 29 26 -24 -21 -26 -14 -20 -18 -19
right_child=4 8 3 -5 5 7 -8 9 11 10 -12 12 16 15 -16 -17 17 19 27 24 -22 -23 23 -25 25 -27 -28 -29 -30 -31
leaf_value=0.18562703419476748 -0.010995521346107125 0.010251170563521227 0.045631943265097064 -0.012268969286898418 0.21264583725068303 -0.10927820891762774 0.041797418905593825 -0.014926381000787414 -0.027566627527281243 -0.0080912845300962072 0.069537049683575075 -0.0080616795153954975 -0.013444383582060446 -0.065040795664672177 0.02922872735289786 -0.018718494063406584 0.015949676577121649 0.16779865601967123 -0.0071013315284455371 -0.016215008560341714 -0.0087095071271752686 -0.021418630461474616 0.012049525868876474 0.18596187563879152 0.0051375138049719266 -0.015263212906540133 -0.13214917239688692 0.082616671783784068 -0.03490236470736563 0.066181474831712439
leaf_weight=20 200 1793 181 168 27 24 141 113 102 66 156 1238 1973 222 427 211 544 29 44 1715 151 56 138 21 3582 979 21 167 125 123
leaf_count=20 200 1793 181 168 27 24 141 113 102 66 156 1238 1973 222 427 211 544 29 44 1715 151 56 138 21 3582 979 21 167 125 123
internal_value=0.000355062 -0.000727051 0.0268584 0.0177599 0.0212382 0.0334711 0.0692552 0.0167253 -0.00147217 0.0257525 0.0464584 -0.00324331 -0.00424733 -0.0169773 0.0182776 -0.042468 -0.00204711 0.000524472 0.0202254 -0.00208846 0.0292254 0.0567646 -0.0110232 0.0350191 -0.00387968 0.000758581 -0.0146945 0.0639077 0.00644817 0.085569
internal_weight=14757 14030 369 349 727 527 168 359 13661 335 222 11868 11339 1671 529 433 9668 7515 880 6635 359 208 2153 159 6276 4561 1994 211 669 152
internal_count=14757 14030 369 349 727 527 168 359 13661 335 222 11868 11339 1671 529 433 9668 7515 880 6635 359 208 2153 159 6276 4561 1994 211 669 152
is_linear=0
shrinkage=0.05


Tree=79
num_leaves=31
num_cat=0
split_feature=4 0 4 6 0 0 0 6 6 8 9 9 6 19 1 9 14 4 7 8 6 8 19 15 19 1 1 13 15 19
split_gain=117.267 107.092 153.43 133.704 130.743 126.308 115.572 128.059 112.212 174.613 142.908 114.37 105.831 116.707 105.308 104.658 101.266 96.2385 179.153 140.73 127.199 177.715 226.974 118.551 104.523 126.491 103.291 93.9419 92.5475 91.9476
threshold=3088979.3500000006 25.500000000000004 612729.83000000019 17.959305000000004 46.500000000000007 17.500000000000004 5.5000000000000009 15.596039000000003 20.403366500000004 -0.63522350000000116 -173710.04999999973 -1250202.6299999997 30.466721000000003 6.2775000000000025 1.0000000180025095e-35 -122131.87999999996 23.305000000000003 215239.83000000005 1150751.7500000002 0.56706300000000109 23.942749000000003 1.7178495000000018 -0.13749999999999926 17.845000000000002 1.7525000000000015 3.5000000000000004 1.5000000000000002 8.4350000000000005 24.827500000000004 -1.3075000000000008
decision_type=2 2 2 2 2 2 2 2 2 2 2 2 2 2 2 2 2 2 2 2 2 2 2 2 2 2 2 2 2 2
left_child=1 2 6 5 8 -4 14 15 11 10 27 -3 13 17 -1 -8 -12 23 20 24 21 22 -19 26 -20 -26 -11 -10 -25 -7
right_child=-2 4 3 -5 -6 29 7 -9 9 12 16 -13 -14 -15 -16 -17 -18 18 19 -21 -22 -23 -24 28 25 -27 -28 -29 -30 -31
leaf_value=-0.038989171080832045 -0.036581566415612922 0.053874913215314825 -0.071887490619890623 -0.00083056269285392481 -0.026092452897504573 0.0022796186957461085 0.051781929037411162 -0.0049157165356923877 0.040817797311327238 0.026180965403523462 0.026596896498619266 0.00075474684853459387 -0.038921185501948785 -0.018373608992375907 -0.0039674123487858926 0.011068418861612916 -0.032508923728469641 0.29671277430924503 0.024014748411718759 -0.011237685388882909 0.052028282808128927 0.015583538117685489 0.098463233551453977 0.05443855309775765 0.14999811084814033 0.032035278974774671 -0.038081741759919435 -0.049282632855808035 -0.0015636714683337648 -0.028487487035042537
leaf_weight=248 212 104 127 1102 311 345 171 1446 194 113 90 3945 62 126 1596 2052 372 22 192 184 254 28 42 224 44 47 140 34 110 820
leaf_count=248 212 104 127 1102 311 345 171 1446 194 113 90 3945 62 126 1596 2052 372 22 192 184 254 28 42 224 44 47 140 34 110 820
internal_value=0.000337308 0.000875418 -0.00305559 -0.013625 0.00555793 -0.0245379 0.00153413 0.00666639 0.00711369 0.0159911 -0.0050095 0.00211916 0.0251161 0.0277179 -0.0086775 0.0142002 -0.0209948 0.0318661 0.0430053 0.0228023 0.0702736 0.120646 0.166612 0.0164382 0.0449343 0.0890723 -0.00937943 0.0273818 0.0359947 -0.0193762
internal_weight=14757 14545 7907 2394 6638 1292 5513 3669 6327 2278 690 4049 1588 1526 1844 2223 462 1400 813 467 346 92 64 587 283 91 253 228 334 1165
internal_count=14757 14545 7907 2394 6638 1292 5513 3669 6327 2278 690 4049 1588 1526 1844 2223 462 1400 813 467 346 92 64 587 283 91 253 228 334 1165
is_linear=0
shrinkage=0.05


Tree=80
num_leaves=31
num_cat=0
split_feature=4 14 13 6 17 16 15 3 15 6 17 14 17 17 7 14 14 4 15 17 17 5 0 19 14 3 4 13 18 8
split_gain=128.193 108.776 92.7641 95.3775 119.539 93.5827 148.648 175.451 173.341 145.233 227.604 157.075 143.418 134.571 152.533 129.128 207.513 456.639 114.651 113.522 128.193 114.497 112.967 113.785 107.023 103.67 95.8415 92.0527 97.6233 91.0951
threshold=2703314.0000000005 18.625000000000004 14.640000000000002 14.234802000000002 22.375000000000004 27.575000000000003 21.360000000000003 27.007660000000005 21.442500000000006 7.316345150000001 21.672500000000003 29.825000000000003 32.442500000000003 20.892500000000005 943287.72000000009 23.462500000000006 23.305000000000003 465480.78000000009 35.247500000000009 14.407500000000001 13.787500000000001 17.745000000000001 25.500000000000004 5.892500000000001 49.725000000000001 19.886810500000003 1082799.6500000001 5.8250000000000011 3.1249999999999969 2.7327725000000007
decision_type=2 2 2 2 2 2 2 2 2 2 2 2 2 2 2 2 2 2 2 2 2 2 2 2 2 2 2 2 2 2
left_child=1 -1 5 -4 -5 15 7 12 13 10 11 -10 26 -8 -15 16 19 -18 22 20 -3 -21 -11 -24 -17 27 -7 28 -20 -25
right_child=-2 2 3 4 -6 6 8 -9 9 18 -12 -13 -14 14 -16 24 17 -19 25 21 -22 -23 23 29 -26 -27 -28 -29 -30 -31
leaf_value=0.030105814053366077 -0.022024920658325023 0.0097244908897361412 0.052760087411446749 0.035078070129663366 -0.065880966403198488 0.011406965574697977 0.0032420050346432892 0.050025963594955071 0.028292331472039224 -0.0072311647347722196 0.010905366744943263 0.16845906031567878 0.10557843508148515 -0.048491478177868294 -0.18047231629490854 -0.014495225864425421 -0.0090702317257334176 0.24222383786892068 -0.10211206803427023 -0.0030612471402031191 0.084574903520075864 -0.075465393205301767 0.011285313545550169 -0.041475329311972994 0.040606442472518801 0.0052137526646810692 -0.015190894256939397 -0.019500324214728568 -0.024389076437922076 0.045693074870440699
leaf_weight=307 651 252 166 73 49 1767 73 279 39 2685 671 41 37 81 30 2787 48 29 85 932 74 58 2131 179 91 251 419 346 77 36
leaf_count=307 651 252 166 73 49 1767 73 279 39 2685 671 41 37 81 30 2787 48 29 85 932 74 58 2131 179 91 251 419 346 77 36
internal_value=-0.000332641 0.000669394 1.38753e-05 0.0280927 -0.00547105 -0.000585229 0.00224726 0.0126518 -0.00162369 -0.000277332 0.0204098 0.100128 0.0079611 -0.0494854 -0.084162 -0.00670448 0.00579193 0.085573 -0.00296058 0.00112389 0.0267151 -0.00730311 -0.000227749 0.00778767 -0.012753 -0.021075 0.00630884 -0.0340642 -0.0651697 -0.0268797
internal_weight=14744 14093 13786 288 122 13498 9227 2502 6725 6541 751 80 2223 184 111 4271 1393 77 5790 1316 326 990 5031 2346 2878 759 2186 508 162 215
internal_count=14744 14093 13786 288 122 13498 9227 2502 6725 6541 751 80 2223 184 111 4271 1393 77 5790 1316 326 990 5031 2346 2878 759 2186 508 162 215
is_linear=0
shrinkage=0.05


Tree=81
num_leaves=31
num_cat=0
split_feature=4 3 18 18 12 17 19 15 0 13 6 18 0 0 4 9 15 0 4 15 8 12 16 18 19 9 15 8 3 8
split_gain=115.694 95.8715 137.871 135.948 110.231 102.309 94.7662 93.7641 82.0112 80.5801 83.2243 85.947 74.7385 131.139 115.315 111.155 83.4298 83.3857 132.769 74.1964 139.339 113.773 121.189 252.606 102.947 90.8882 80.8006 73.4237 149.044 87.2719
threshold=2703314.0000000005 6.3628235000000002 3.7524999999999964 1.6699999999999984 13.930000000000001 18.187500000000004 8.3475000000000037 35.247500000000009 32.500000000000007 15.190000000000001 21.009140000000006 -4.8800000000000017 25.500000000000004 23.500000000000004 648.29630000000009 -472071.14999999997 34.932500000000012 36.500000000000007 284173.28000000009 16.802500000000006 0.060134999999999834 7.7250000000000005 23.027500000000003 0.59500000000000075 0.21249999999999949 -1370537.0999999999 14.465000000000002 1.4722748000000003 12.052413750000001 -1.3680419999999998
decision_type=2 2 2 2 2 2 2 2 2 2 2 2 2 2 2 2 2 2 2 2 2 2 2 2 2 2 2 2 2 2
left_child=1 2 3 4 6 -4 8 12 -1 10 -9 -12 13 15 27 -3 17 19 -19 20 21 -16 23 26 -22 -21 -23 28 -14 -30
right_child=-2 7 5 -5 -6 -7 -8 9 -10 -11 11 -13 14 -15 16 -17 -18 18 -20 25 24 22 -24 -25 -26 -27 -28 -29 29 -31
leaf_value=-0.0052667774115136524 -0.020923674821094706 0.02570965754643877 0.10696432961493124 -0.029591057637767978 0.048014360109068961 0.028771085483952137 0.08771324296043638 -0.026844746584403396 0.025530043252017666 0.077833404459736577 0.081918279685612244 -0.0058090255813389689 0.027916092162623127 -0.032749624805620138 0.14397808015346528 -0.0034994072582102825 0.0896411862097342 0.013616634610481191 0.068067510455471672 0.042519109701649765 0.014552330420736004 0.10129733414389193 0.01115776935052161 0.0092563376855105163 -0.07586464326828718 -0.0011492858104548524 0.24172241114789533 -0.01938051129410031 -0.034458529815238753 -0.00057964050252351138
leaf_weight=809 651 347 49 242 176 286 34 690 295 22 35 138 391 362 25 5309 33 503 144 127 85 20 204 55 50 1929 21 596 243 873
leaf_count=809 651 347 49 242 176 286 34 690 295 22 35 138 391 362 25 5309 33 503 144 127 85 20 204 55 50 1929 21 596 243 873
internal_value=-0.000316009 0.000635924 0.0111116 0.00484722 0.0111897 0.0402083 0.00549454 -0.000987542 0.00296245 -0.0166611 -0.01907 0.0119393 0.000238143 -0.00357469 0.00456832 -0.00170741 0.0105515 0.00972634 0.0257355 0.00560951 0.0237621 0.041498 0.032958 0.0792835 -0.0189354 0.00154813 0.173222 -0.00452451 0.00135086 -0.0079565
internal_weight=14744 14093 1891 1556 1314 335 1138 12202 1104 885 863 173 11317 6018 5299 5656 3196 3163 647 2516 460 325 300 96 135 2056 41 2103 1507 1116
internal_count=14744 14093 1891 1556 1314 335 1138 12202 1104 885 863 173 11317 6018 5299 5656 3196 3163 647 2516 460 325 300 96 135 2056 41 2103 1507 1116
is_linear=0
shrinkage=0.05


Tree=82
num_leaves=31
num_cat=0
split_feature=5 9 14 16 3 17 8 13 14 6 5 18 19 14 6 19 17 9 8 16 13 9 13 14 14 4 1 6 16 18
split_gain=108.985 94.8937 85.7743 122.499 114.635 182.304 169.703 154.135 226.34 200.311 138.088 133.615 177.4 180.832 157.07 132.724 154.196 112.893 110.205 109.282 180.918 133.257 96.0681 100.398 182.857 401.607 147.411 94.1994 92.6948 89.2168
threshold=7.535000000000001 1242078.1500000001 18.625000000000004 27.575000000000003 12.157974500000002 33.890000000000008 1.4882812499999996 8.7150000000000016 39.110000000000007 6.0059050000000012 19.380000000000006 -5.9424999999999963 -0.89249999999999818 40.402500000000003 14.573577750000002 1.3899999999999972 24.405000000000005 -103772.67999999995 -0.94464099999999973 45.087500000000006 1.0000000180025095e-35 -4501.5702499999998 17.415000000000003 23.462500000000006 23.305000000000003 465480.78000000009 2.5000000000000004 22.583572500000002 16.995000000000005 3.6250000000000004
decision_type=2 2 2 2 2 2 2 2 2 2 2 2 2 2 2 2 2 2 2 2 2 2 2 2 2 2 2 2 2 2
left_child=-1 2 -2 22 5 6 7 8 -5 -9 18 -10 14 -14 -13 16 -12 -17 -6 20 21 -20 23 24 26 -26 28 -23 -4 -8
right_child=1 -3 3 4 10 -7 29 9 11 -11 15 12 13 -15 -16 17 -18 -19 19 -21 -22 27 -24 -25 25 -27 -28 -29 -30 -31
leaf_value=-0.0095133715451939521 0.028650091638674859 -0.026907201173350017 -0.05417600363116002 0.004944083332814514 -0.016626083518832262 -0.011746802372157814 -0.018354261287599701 0.16694828229956329 -0.072514311716203469 0.044676370408006795 0.11064552087160802 0.065872351477879121 0.12195622441854248 0.016987764019801659 0.17646468259939335 -0.10035305107012392 -0.001979428751671568 0.02531133216140526 0.047798937124337026 -0.010635255950503969 -0.0097967874014184067 -0.00029514856625500839 0.086937261213149347 -0.011678511476424326 -0.0088418236370974533 0.22682386277050806 -0.016450260865133046 0.027130358065896407 0.022689694920173906 0.021416666902862001
leaf_weight=2636 303 283 42 832 926 574 367 40 23 206 86 148 47 323 41 24 47 70 313 1064 870 734 28 2636 48 29 636 546 593 229
leaf_count=2636 303 283 42 832 926 574 367 40 23 206 86 148 47 323 41 24 47 70 313 1064 870 734 28 2636 48 29 636 546 593 229
internal_value=-0.000300208 0.00170556 0.00239034 0.00169977 0.00546795 0.0134119 0.0198131 0.0280302 0.0216752 0.064558 0.000664217 0.0455933 0.0504529 0.0303216 0.0898633 0.038704 0.0708457 -0.00677319 -0.00127493 0.00275545 0.00854015 0.0185547 -0.00535384 -0.00600247 0.00509697 0.0799154 0.000564305 0.0114035 0.0176057 -0.00307315
internal_weight=14744 12108 11825 11522 7510 2830 2256 1660 1414 246 4680 582 559 370 189 227 133 94 4453 3527 2463 1593 4012 3984 1348 77 1271 1280 635 596
internal_count=14744 12108 11825 11522 7510 2830 2256 1660 1414 246 4680 582 559 370 189 227 133 94 4453 3527 2463 1593 4012 3984 1348 77 1271 1280 635 596
is_linear=0
shrinkage=0.05


Tree=83
num_leaves=31
num_cat=0
split_feature=4 14 16 17 17 17 14 14 4 1 17 3 18 14 3 1 17 19 12 6 9 17 6 3 17 12 6 18 16 15
split_gain=99.1815 85.0078 82.4053 141.775 189.162 121.31 156.372 173.131 362.45 109.724 101.487 98.8121 91.7027 90.1112 84.4052 178.14 150.103 131.253 132.3 121.836 110.324 105.96 105.129 132.844 98.8374 92.6866 82.7029 79.0321 77.9225 115.797
threshold=2703314.0000000005 18.625000000000004 25.047500000000003 26.255000000000003 26.992500000000003 24.405000000000005 23.462500000000006 23.305000000000003 465480.78000000009 2.5000000000000004 15.172500000000001 10.086609000000001 0.047500000000001215 39.110000000000007 23.208084000000003 1.5000000000000002 22.375000000000004 4.3150000000000022 7.535000000000001 14.234802000000002 -52725.36250000001 14.465000000000002 14.850250500000001 11.418777500000003 16.515000000000004 21.805000000000003 13.2032775 -16.329999999999991 41.062500000000007 25.082500000000007
decision_type=2 2 2 2 2 2 2 2 2 2 2 2 2 2 2 2 2 2 2 2 2 2 2 2 2 2 2 2 2 2
left_child=1 -1 5 11 -5 6 7 9 -9 10 -3 13 -8 26 16 17 -13 18 -16 20 -18 -17 -21 -24 -20 -23 -4 -25 -6 -30
right_child=-2 2 3 4 28 -7 12 8 -10 -11 -12 14 -14 -15 15 21 19 -19 24 22 -22 25 23 27 -26 -27 -28 -29 29 -31
leaf_value=0.026618598918722494 -0.01936565790664814 0.03985264965272306 0.0069062607469523715 -0.046783689594298017 -0.0070103215606852169 0.036982148945050905 0.033336847031489016 -0.0083997325059196257 0.21548267060826565 -0.016443550095830383 -0.0029514332235009337 -0.011014744402639724 -0.023368711868134797 0.039744756822384014 0.17788555599097164 -0.059378817317386472 0.070073082996153738 -0.02343673672851013 0.020911869568195435 -0.065092161390930423 0.016894775801466783 0.0066547693548311936 0.12994651876389982 -0.07083619194056251 0.099388373188142268 0.095343978209421046 0.05590690773654175 0.0036319331128571034 0.095119775469238707 0.0053298799229148583
leaf_weight=307 651 230 1026 255 2812 146 75 48 29 600 348 1822 1444 361 25 60 123 46 94 62 471 1633 20 38 70 30 94 571 37 1216
leaf_count=307 651 230 1026 255 2812 146 75 48 29 600 348 1822 1444 361 25 60 123 46 94 62 471 1633 20 38 70 30 94 571 37 1216
internal_value=-0.000285198 0.000596189 1.66965e-05 0.00202064 -0.00500979 -0.00744044 -0.00977847 0.00328183 0.0759196 -0.00146615 0.0140813 0.00666033 -0.0205689 0.0180209 0.00333852 0.0114692 -0.00178538 0.0523062 0.070741 0.0113009 0.0279064 0.00589949 -0.00297355 0.00314943 0.0544079 0.00825469 0.0110188 -0.00101468 -0.00238929 0.0079813
internal_weight=14744 14093 13786 10866 4320 2920 2774 1255 77 1178 578 6546 1519 1481 5065 1958 3107 235 189 1285 594 1723 691 629 164 1663 1120 609 4065 1253
internal_count=14744 14093 13786 10866 4320 2920 2774 1255 77 1178 578 6546 1519 1481 5065 1958 3107 235 189 1285 594 1723 691 629 164 1663 1120 609 4065 1253
is_linear=0
shrinkage=0.05


Tree=84
num_leaves=31
num_cat=0
split_feature=5 9 14 14 19 19 8 14 8 13 13 7 5 9 5 3 19 19 16 14 12 14 5 0 6 16 6 3 14 14
split_gain=97.2584 83.3893 84.1004 78.4849 151.696 100.433 122.028 83.3136 78.4428 76.9634 116.498 166.39 115.896 114.47 102.124 77.2551 78.7483 198.173 136.203 211.031 75.3237 75.3731 97.3631 71.7839 69.8495 67.7632 133.911 128.875 122.947 228.06
threshold=7.535000000000001 1242078.1500000001 55.695000000000007 37.330000000000005 4.8775000000000022 -12.1075 -0.31099000000000027 38.422500000000007 4.4198152000000013 8.9350000000000005 1.0000000180025095e-35 1.0000000180025095e-35 11.395000000000001 -52725.36250000001 19.075000000000003 13.912460000000001 4.0000000000000036 4.6625000000000041 35.265000000000008 30.767500000000002 7.7250000000000005 18.002500000000001 8.5350000000000019 25.500000000000004 16.436478000000005 29.860000000000003 26.753143500000004 7.4289702500000008 23.462500000000006 23.305000000000003
decision_type=2 2 2 2 2 2 2 2 2 2 2 2 2 2 2 2 2 2 2 2 2 2 2 2 2 2 2 2 2 2
left_child=3 8 -3 4 5 6 -1 -5 9 10 11 -2 -12 -11 15 16 -15 -18 -19 -20 -13 22 -22 -9 -4 28 27 -27 29 -23
right_child=1 2 24 7 -6 -7 -8 23 -10 13 12 20 -14 14 -16 -17 17 18 19 -21 21 25 -24 -25 -26 26 -28 -29 -30 -31
leaf_value=0.14796277947723865 -0.0032038325273563021 -0.011359647836536169 -0.003249915991909802 0.061345929796543887 -0.069332232563133075 -0.015913406325346453 0.0076958112040723592 -0.010790943528424326 -0.015441918818700294 -0.021313146502609723 -0.0040764249139542607 0.038370013500684946 -0.036915605649101867 0.0095633583580270239 0.069226249833002518 0.0035191611152953781 0.11594501303172566 0.0042164139634255195 0.20380164136489234 0.028783894994212161 -0.028554462582211605 0.010866450060939774 0.096924259055119311 0.015533463794421803 -0.11869060751540882 0.054804153667368398 0.068237413016946191 0.0071642691705013951 -0.0092109831973470283 0.1322205329318725
leaf_weight=20 3919 225 20 53 127 1151 69 842 594 227 1357 246 335 405 87 886 72 232 24 61 22 495 52 374 38 157 112 1482 1018 42
leaf_count=20 3919 225 20 53 127 1151 69 842 594 227 1357 246 335 405 87 886 72 232 24 61 22 495 52 374 38 157 112 1482 1018 42
internal_value=-0.000270938 0.00162386 -0.0251985 -0.00897435 -0.0172869 -0.0119565 0.0392165 -1.97988e-05 0.00226578 0.00320233 0.00127924 0.00393833 -0.0105783 0.0121109 0.0164047 0.0136693 0.0249955 0.0410625 0.0240545 0.0782007 0.0116576 0.00971347 0.0596198 -0.00269446 -0.0788835 0.00859639 0.0153423 0.0117277 0.00100024 0.0203578
internal_weight=14744 12108 283 2636 1367 1240 89 1269 11825 11231 9237 7545 1692 1994 1767 1680 794 389 317 85 3626 3380 74 1216 58 3306 1751 1639 1555 537
internal_count=14744 12108 283 2636 1367 1240 89 1269 11825 11231 9237 7545 1692 1994 1767 1680 794 389 317 85 3626 3380 74 1216 58 3306 1751 1639 1555 537
is_linear=0
shrinkage=0.05


Tree=85
num_leaves=31
num_cat=0
split_feature=4 15 3 18 18 18 14 9 17 3 18 17 4 17 0 19 15 14 17 17 9 3 16 14 0 13 3 3 17 12
split_gain=99.5652 96.5272 96.8901 90.3787 232.762 132.119 119.349 183.157 165.347 152.203 136.094 257.459 200.159 125.968 225.601 193.713 128.88 127.349 138.044 127.164 149.536 119.927 119.885 256.843 119.122 109.606 105.061 104.763 116.044 103.655
threshold=3088979.3500000006 32.957500000000003 5.4636840000000015 8.5875000000000004 8.1499999999999968 22.764999999999997 28.422500000000003 -775799.24999999988 20.707500000000003 7.8815155000000008 0.97000000000000075 24.632500000000004 852443.95000000007 21.442500000000006 34.500000000000007 -0.72499999999999953 20.080000000000002 54.960000000000008 21.482500000000005 22.375000000000004 194343.40000000014 21.928131000000004 23.277500000000003 23.305000000000003 9.5000000000000018 8.3350000000000026 14.391754000000002 28.477432000000004 18.080000000000002 14.785000000000002
decision_type=2 2 2 2 2 2 2 2 2 2 2 2 2 2 2 2 2 2 2 2 2 2 2 2 2 2 2 2 2 2
left_child=1 3 -3 4 6 -5 10 -8 9 24 22 -12 21 14 15 -10 -16 18 -15 20 -20 -13 23 -1 -9 -24 -21 -11 -29 -19
right_child=-2 2 -4 5 -6 -7 7 8 13 27 11 12 -14 17 16 -17 -18 29 19 26 -22 -23 25 -25 -26 -27 -28 28 -30 -31
leaf_value=0.01286644196638518 -0.032251912795734951 0.027437925629499482 -0.012679637362397628 -0.017152472247623236 0.089418932503160048 0.028545213686502591 0.044994003101190713 -0.00025478398243268562 0.0032251708868254979 0.0088392873921382727 -0.021613534701149368 0.048361464512425588 0.1486209154431079 0.055241861778839468 0.13845052029127661 -0.093806766862711083 0.0012732053425774646 0.022292414355859921 -0.020990367862739352 0.012023634807836655 -0.15550980364734479 -0.065564215250990612 -0.0079433204004188598 0.14891060460100158 0.06864010346973122 0.016437235464370651 -0.0071412572109991789 0.0089833192873213976 0.1396739250331214 0.11050241857936437
leaf_weight=956 231 164 1829 1057 79 186 319 86 82 1384 1368 77 37 112 23 138 67 137 339 1410 22 33 2083 36 232 592 1451 35 33 44
leaf_count=956 231 164 1829 1057 79 186 319 86 82 1384 1368 77 37 112 23 138 67 137 339 1410 22 33 2083 36 232 592 1451 35 33 44
internal_value=0.000314108 0.000836122 -0.00937844 0.00247549 0.00389811 -0.0103144 0.00328923 0.00814328 0.00604223 0.0186779 -0.00225051 -0.0148569 0.0480217 0.000195154 -0.0303587 -0.0576403 0.0363296 0.00288981 0.000672315 -0.00122458 -0.0291882 0.0141838 0.00295773 0.0178035 0.0500082 -0.0025477 0.00230387 0.0118163 0.0724067 0.0437357
internal_weight=14642 14411 1993 12418 11175 1243 11096 5914 5595 1770 5182 1515 147 3825 310 220 90 3515 3334 3222 361 110 3667 992 318 2675 2861 1452 68 181
internal_count=14642 14411 1993 12418 11175 1243 11096 5914 5595 1770 5182 1515 147 3825 310 220 90 3515 3334 3222 361 110 3667 992 318 2675 2861 1452 68 181
is_linear=0
shrinkage=0.05


Tree=86
num_leaves=31
num_cat=0
split_feature=4 15 6 14 0 15 18 18 18 14 18 19 18 4 17 17 17 8 19 5 1 4 7 15 16 15 18 18 15 1
split_gain=89.8576 87.5554 112.797 111.097 79.1272 82.7587 77.6446 211.863 119.237 94.1446 149.629 162.381 171.725 144.334 143.535 127.912 231.082 124.563 120.285 118.67 149.321 114.585 108.049 103.69 139.563 129.447 97.6235 101.625 104.334 108.757
threshold=3088979.3500000006 34.340000000000011 20.605651500000004 44.667500000000011 12.500000000000002 47.215000000000011 8.5875000000000004 8.1499999999999968 22.764999999999997 36.805000000000007 1.0749999999999977 -4.3424999999999967 -13.907499999999997 765140.17000000004 25.755000000000006 21.320000000000004 21.737500000000001 0.62782300000000124 8.7524999999999995 8.0350000000000019 1.5000000000000002 816843.85000000009 1013170.0000000001 33.812500000000007 34.597500000000004 32.957500000000003 -8.1525000000000016 -0.67249999999999932 26.145000000000007 3.5000000000000004
decision_type=2 2 2 2 2 2 2 2 2 2 2 2 2 2 2 2 2 2 2 2 2 2 2 2 2 2 2 2 2 2
left_child=1 6 4 -4 -3 -6 7 9 -8 17 11 13 -13 -11 19 -14 21 23 22 -12 -21 -17 -19 25 -25 -1 -18 28 -28 -30
right_child=-2 2 3 -5 5 -7 8 -9 -10 10 14 12 15 -15 -16 16 26 18 -20 20 -22 -23 -24 24 -26 -27 27 -29 29 -31
leaf_value=0.0054025694470087498 -0.030639317277587098 0.0027353156421735234 0.095745354563724711 0.0049073882488920263 -0.030112547642363055 0.027419260922161973 -0.016294848700038569 0.084947985045234611 0.027117953106500611 0.020090697624402333 0.0068141003151834818 0.11057547786040232 0.031332025425194726 0.14088275109728177 0.0044513299685537489 -0.043393041923409328 -0.052240815613418826 -0.0049207839520939451 0.030942785746977581 0.10375337595969701 0.037628324339577163 -0.14619206535380061 -0.027706189355981278 0.1343402127787057 0.0046774875876322694 -0.03545151997255671 0.019745452733381456 -0.026587868454461955 -0.0016557066397059083 -0.1008879001497438
leaf_weight=5483 231 353 41 188 774 68 1057 79 186 79 186 32 191 36 488 80 100 2404 192 114 340 41 664 36 49 201 545 265 101 38
leaf_count=5483 231 353 41 188 774 68 1057 79 186 79 186 32 191 36 488 80 100 2404 192 114 340 41 664 36 49 201 545 265 101 38
internal_value=0.000298402 0.000794316 -0.0109753 0.021171 -0.0171356 -0.0254663 0.00208484 0.0033426 -0.00979865 0.00278994 0.0111032 0.000800329 -0.00391389 0.0579039 0.0248769 -0.00660578 -0.012799 0.000362888 -0.00744953 0.0404515 0.0542324 -0.0782258 -0.00985218 0.0047776 0.0595935 0.00395787 -0.0052522 -0.000300822 0.00988349 -0.0287839
internal_weight=14642 14411 1424 229 1195 842 12987 11744 1243 11665 2636 1508 1393 115 1128 1361 1170 9029 3260 640 454 121 3068 5769 85 5684 1049 949 684 139
internal_count=14642 14411 1424 229 1195 842 12987 11744 1243 11665 2636 1508 1393 115 1128 1361 1170 9029 3260 640 454 121 3068 5769 85 5684 1049 949 684 139
is_linear=0
shrinkage=0.05


Tree=87
num_leaves=31
num_cat=0
split_feature=5 9 17 1 16 0 0 14 6 14 14 13 19 17 17 9 3 19 15 15 6 6 16 17 6 17 15 13 15 15
split_gain=82.9441 82.7329 90.5377 85.9867 171.764 161.378 106.992 108.799 171.159 136.31 132.091 95.5338 94.0372 86.1297 99.5885 81.3841 102.127 76.9725 75.949 155.16 100.228 98.2727 73.2111 159.8 72.6028 72.0417 143.019 113.276 109.937 166.058
threshold=7.5050000000000008 1295634.7000000002 27.282500000000002 2.5000000000000004 53.307500000000012 11.500000000000002 41.500000000000007 39.632500000000007 6.9621428500000002 23.027500000000003 44.437500000000007 8.5350000000000019 -6.8100000000000014 21.442500000000006 22.610000000000003 -146641.20000000004 10.871643000000002 4.6400000000000015 32.957500000000003 32.315000000000005 21.446549000000001 11.857910000000002 27.487500000000001 20.205000000000002 6.1215363500000004 26.545000000000005 25.185000000000006 0.025000000000000005 20.892500000000005 20.402500000000003
decision_type=2 2 2 2 2 2 2 2 2 2 2 2 2 2 2 2 2 2 2 2 2 2 2 2 2 2 2 2 2 2
left_child=15 3 -3 4 5 12 7 9 10 -7 -9 25 -2 -10 -15 16 -1 22 19 21 -20 -18 -11 -24 -17 26 28 -28 29 -5
right_child=1 2 -4 11 -6 6 -8 8 13 17 -12 -13 -14 14 -16 24 18 -19 20 -21 -22 -23 23 -25 -26 -27 27 -29 -30 -31
leaf_value=-0.033744308949483319 -0.028123227682466768 0.0019460216492815461 -0.055847998108947652 -0.0029783499682845124 0.061702181400808825 0.032956254276194877 -0.0047134750693934822 0.22759575426578521 -0.025406616402139506 -0.0095417150188667841 0.045874107331910635 0.0081161344270049701 0.00056719741969334786 0.12351449356083909 0.030505554132228392 0.020724330134978593 0.094436229666804566 -0.061705542491240939 -0.036006574178795839 0.11570994953730598 0.062809072957644541 0.0070786478793980062 0.045459001833209139 -0.001055307267271042 -0.018469114570194033 -0.017452675072394955 0.038329549236091248 -0.0024688499017163092 -0.017016302193276666 0.047722576333432125
leaf_weight=159 415 144 128 1960 144 543 710 20 63 502 20 2123 916 31 402 129 34 44 149 38 31 606 279 546 1406 888 362 321 1353 176
leaf_count=159 415 144 128 1960 144 543 710 20 63 502 20 2123 916 31 402 129 34 44 149 38 31 606 279 546 1406 888 362 321 1353 176
internal_value=0.000283482 0.00201246 -0.0252512 0.00263995 0.00794931 0.00622577 0.0123771 0.0173298 0.0372406 0.011754 0.136735 -0.000786033 -0.00837835 0.0292169 0.0371644 -0.00790749 0.00306217 0.00335659 0.00988295 0.0175479 -0.0189883 0.0117195 0.00551388 0.014675 -0.0151753 -0.00452107 -0.00176861 0.0191549 -0.00586456 0.00119925
internal_weight=14642 12090 272 11818 4635 4491 3160 2450 536 1914 40 7183 1331 496 433 2552 1017 1371 858 678 180 640 1327 825 1535 5060 4172 683 3489 2136
internal_count=14642 12090 272 11818 4635 4491 3160 2450 536 1914 40 7183 1331 496 433 2552 1017 1371 858 678 180 640 1327 825 1535 5060 4172 683 3489 2136
is_linear=0
shrinkage=0.05


Tree=88
num_leaves=31
num_cat=0
split_feature=4 3 13 1 16 9 16 19 17 7 14 14 17 18 4 12 8 9 16 9 14 8 3 8 16 12 6 19 17 3
split_gain=75.9307 66.7237 65.7972 69.6026 163.759 119.044 108.878 101.282 100.087 88.0939 87.6891 121.552 134.302 109.507 133.962 107.951 112.871 122.747 99.1598 107.602 92.3303 241.609 91.2157 86.8449 77.5643 86.9361 73.5468 72.0695 68.5993 121.14
threshold=3088979.3500000006 3.3506927500000003 16.565000000000001 2.5000000000000004 41.062500000000007 -130659.08 42.502500000000005 -1.704999999999999 21.450000000000003 2724334.2500000005 23.027500000000003 26.782500000000002 21.797500000000003 1.337499999999997 1627999.55 3.0050000000000003 -0.23631300000000086 -278466.87999999995 33.742500000000007 -253545.19999999981 41.57 0.81809999999999994 19.544616500000004 0.29519599999999985 16.995000000000005 17.965000000000003 15.346588000000002 -2.7475000000000018 25.890000000000004 5.7012330000000011
decision_type=2 2 2 2 2 2 2 2 2 2 2 2 2 2 2 2 2 2 2 2 2 2 2 2 2 2 2 2 2 2
left_child=1 -1 3 4 10 9 8 26 -7 23 24 -12 13 -13 18 16 17 -14 19 -15 -17 -22 -23 -6 -3 -26 27 -5 -9 -30
right_child=-2 2 -4 7 5 6 -8 28 -10 -11 11 12 15 14 -16 20 -18 -19 -20 -21 21 22 -24 -25 25 -27 -28 -29 29 -31
leaf_value=0.016468377914087787 -0.028170035052258374 -0.040061396172654536 0.038157201172102112 -0.025610794862954034 0.089128474856798479 -0.022180972360622359 0.0056532748191387263 0.0013592062560541594 0.076078294479040381 -0.016410081991925837 -0.022317634375602875 0.034946069666357431 0.16989592470317372 0.092886874431860639 -0.044959418711865824 -0.018961841051121978 -0.0076732886059917224 0.03578809949692216 0.067949441170096922 -0.0021729121526204115 -0.015777574963951931 0.076895641851874585 -0.021457098613910635 0.02036791922386021 0.014473768188907729 0.10408300533890724 -0.0075794585609534797 -0.08137942412868146 0.051358392008786238 -0.01224395059119913
leaf_weight=643 231 63 112 210 130 34 874 5091 109 40 724 413 21 32 123 1233 129 91 71 427 373 126 29 71 812 28 381 80 78 1863
leaf_count=643 231 63 112 210 130 34 874 5091 109 40 724 413 21 32 123 1233 129 91 71 427 373 126 29 71 812 28 381 80 78 1863
internal_value=0.000269308 0.000725174 -1.00726e-05 -0.000323102 0.00373743 0.0197582 0.0122707 -0.00346115 0.052716 0.0513544 -0.00055524 -0.00388977 0.000458918 0.0147952 0.00205046 -0.00717468 0.0242103 0.0609333 0.0129603 0.00445435 -0.0114698 0.00602568 0.0584942 0.0648399 0.0134476 0.0174607 -0.0220215 -0.0409952 -0.0016901 -0.00968806
internal_weight=14642 14411 13768 13656 5953 1258 1017 7703 143 241 4695 3792 3068 1066 653 2002 241 112 530 459 1761 528 155 201 903 840 671 290 7032 1941
internal_count=14642 14411 13768 13656 5953 1258 1017 7703 143 241 4695 3792 3068 1066 653 2002 241 112 530 459 1761 528 155 201 903 840 671 290 7032 1941
is_linear=0
shrinkage=0.05


Tree=89
num_leaves=31
num_cat=0
split_feature=5 9 17 1 16 0 0 14 14 6 3 13 1 9 8 14 6 3 8 14 8 17 2 9 5 17 8 16 14 3
split_gain=75.3813 71.8713 80.1189 73.5066 148.671 143.26 96.5997 93.9762 157.927 96.8499 96.6233 84.5396 74.1122 71.0123 145.573 87.343 152.849 75.5523 98.1199 77.1374 70.0961 67.6811 66.9214 65.1882 73.2714 64.7865 144.501 93.9119 67.4833 64.2248
threshold=7.5050000000000008 1295634.7000000002 27.282500000000002 2.5000000000000004 53.307500000000012 11.500000000000002 40.500000000000007 40.040000000000006 41.33250000000001 8.0891420000000007 4.6411133500000004 8.5350000000000019 1.0000000180025095e-35 -146641.20000000004 2.9637297500000011 35.772500000000008 12.492370500000002 10.871643000000002 0.018432499999999855 41.062500000000007 5.1477356000000007 24.9025 1.0000000180025095e-35 -52725.36250000001 19.075000000000003 19.202500000000004 0.46955900000000034 27.575000000000003 22.915000000000003 28.110657000000003
decision_type=2 2 2 2 2 2 2 2 2 2 2 2 2 2 2 2 2 2 2 2 2 2 2 2 2 2 2 2 2 2
left_child=13 3 -3 4 5 12 7 10 -9 21 -7 22 -2 14 17 -16 -17 -1 19 -19 23 -10 29 -13 -25 26 27 28 -12 -5
right_child=1 2 -4 11 -6 6 -8 8 9 -11 25 20 -14 -15 15 16 -18 18 -20 -21 -22 -23 -24 24 -26 -27 -28 -29 -30 -31
leaf_value=-0.0358463522510871 -0.023548088277685314 0.0020775806239625026 -0.052289456177823018 -0.0052403440640042022 0.057406906010065643 0.05118426037240878 -0.0031412507210836806 0.13332315975656878 0.039472890242934232 0.019584424833339012 0.046230497353920541 -0.015435473152671153 0.00096781447585145113 -0.014341732040771923 0.0073941113601904366 0.21660317286849021 0.031154866218566897 0.0055002900000834312 -0.015981806532686781 0.051565106524011264 -0.037631311489087417 0.15971905931153083 -0.082699317291930877 0.01044129668850639 0.057217465755953038 -9.9602663329414738e-05 -0.013979537835533785 0.059667363619564422 -0.00024654745068831448 0.017941330639655678
leaf_weight=146 485 144 128 4714 144 144 823 39 25 372 124 232 846 1535 34 20 25 302 360 130 82 22 27 1721 88 962 229 209 211 319
leaf_count=146 485 144 128 4714 144 144 823 39 25 372 124 232 846 1535 34 20 25 302 360 130 82 22 27 1721 88 962 229 209 211 319
internal_value=0.000255843 0.00190411 -0.0235069 0.00248897 0.00739793 0.00579443 0.0115901 0.016778 0.0370866 0.028129 0.0118278 -0.000678653 -0.00796548 -0.00755278 0.00269407 0.0678777 0.113576 -0.00279581 0.00329684 0.0193624 0.00769562 0.0957583 -0.00419221 0.0095167 0.0127168 0.00856133 0.0193399 0.0333659 0.0169569 -0.00377105
internal_weight=14642 12090 272 11818 4635 4491 3160 2337 458 419 1879 7183 1331 2552 1017 79 45 938 792 432 2123 47 5060 2041 1809 1735 773 544 335 5033
internal_count=14642 12090 272 11818 4635 4491 3160 2337 458 419 1879 7183 1331 2552 1017 79 45 938 792 432 2123 47 5060 2041 1809 1735 773 544 335 5033
is_linear=0
shrinkage=0.05


Tree=90
num_leaves=31
num_cat=0
split_feature=9 12 4 4 6 5 13 13 4 19 19 6 18 19 5 17 14 3 14 6 6 19 19 6 6 18 6 18 18 18
split_gain=64.5898 66.6145 119.599 96.9124 92.9895 91.7895 68.1402 137.002 121.1 129.729 279.117 110.437 94.5526 108.121 90.9672 75.696 94.9134 151.876 107.401 74.3058 68.7607 62.7339 84.8923 96.6278 103.164 61.0936 80.9 60.3297 69.9894 366.626
threshold=1101868.6200000003 20.225000000000005 555931.97000000009 875647.75000000012 14.760147250000001 20.720000000000002 8.9350000000000005 1.0000000180025095e-35 1.0000000180025095e-35 -12.1075 -12.3925 22.825454500000003 -3.7774999999999994 1.7525000000000015 12.325000000000001 26.255000000000003 39.632500000000007 11.043502500000001 55.695000000000007 1.8230591000000003 3.6885986500000003 -0.8724999999999995 -2.6024999999999969 15.771469500000002 22.961075000000005 -7.7924999999999995 13.296570000000001 0.75750000000000217 3.9450000000000007 4.1674999999999978
decision_type=2 2 2 2 2 2 2 2 2 2 2 2 2 2 2 2 2 2 2 2 2 2 2 2 2 2 2 2 2 2
left_child=1 6 4 -4 5 -3 7 8 15 10 11 -10 13 20 -9 16 -1 18 -18 -14 -11 22 23 -22 -25 26 -23 -8 -29 -30
right_child=-2 2 3 -5 -6 -7 27 14 9 12 -12 -13 19 -15 -16 -17 17 -19 -20 -21 21 25 -24 24 -26 -27 -28 28 29 -31
leaf_value=-0.0053275470724487208 -0.020008755995492851 0.12131827452584454 0.13287986517469916 0.032405787291160476 -0.039496550007570019 -0.01051305152115322 0.016394987934935171 -0.0086574046864789748 -8.2836113975393608e-05 0.098618698151161283 0.16147770988868504 0.095825306603030583 0.05005834411028065 0.083065317142754794 -0.0411234434422416 -0.016134469053940847 0.031107291551289207 -0.0042228898162997939 0.1220680314544085 0.0010979086668258468 -0.011756075727235941 0.155927072763443 -0.028853424766566604 0.1604781833663583 0.029352339617908004 0.017577442477197679 0.033746993315539195 -0.012873313332657142 0.20370405688881876 0.003654870737407695
leaf_weight=2596 385 23 36 72 79 31 1136 2136 159 24 41 37 79 65 240 1075 264 421 37 4067 99 20 160 20 60 244 42 537 24 501
leaf_count=2596 385 23 36 72 79 31 1136 2136 159 24 41 37 79 65 240 1075 264 421 37 4067 99 20 160 20 60 244 42 537 24 501
internal_value=0.000201067 0.000744228 0.0268095 0.0658971 -0.00493092 0.0456373 0.00029821 -0.00119735 0.00148582 0.00671369 0.0428395 0.0180223 0.00495922 0.0215003 -0.0119368 -0.00460366 -0.000867784 0.0151676 0.0422885 0.00203083 0.0155186 0.0124265 -0.00238848 0.0212673 0.0621338 0.0288393 0.0731599 0.00838568 -0.000181715 0.0128
internal_weight=14710 14325 241 108 133 54 14084 11886 9510 5117 237 196 4880 734 2376 4393 3318 722 301 4146 669 645 339 179 80 306 62 2198 1062 525
internal_count=14710 14325 241 108 133 54 14084 11886 9510 5117 237 196 4880 734 2376 4393 3318 722 301 4146 669 645 339 179 80 306 62 2198 1062 525
is_linear=0
shrinkage=0.05


Tree=91
num_leaves=31
num_cat=0
split_feature=0 0 1 0 9 1 3 1 14 0 3 13 15 0 1 3 3 16 6 12 6 14 19 6 15 4 1 15 15 6
split_gain=93.269 133.624 122.691 101.24 67.9977 98.904 84.7735 87.4401 99.596 78.7024 110.054 84.5715 82.8409 79.1768 76.7473 67.9657 66.7886 78.261 134.667 97.5871 84.051 123.982 90.29 80.9456 94.452 64.8298 64.4026 63.4222 133.433 84.6779
threshold=25.500000000000004 23.500000000000004 4.5000000000000009 46.500000000000007 944.11869999999988 4.5000000000000009 9.9985960000000009 1.5000000000000002 42.185000000000009 5.5000000000000009 23.065216000000003 7.455000000000001 31.907500000000006 11.500000000000002 1.5000000000000002 24.709060500000003 3.5532379000000005 28.422500000000003 14.320526000000003 24.040000000000003 24.809814500000005 24.045000000000005 -0.57750000000000223 22.825454500000003 15.740000000000002 325314.14000000007 1.0000000180025095e-35 34.042500000000011 33.812500000000007 20.081314500000001
decision_type=2 2 2 2 2 2 2 2 2 2 2 2 2 2 2 2 2 2 2 2 2 2 2 2 2 2 2 2 2 2
left_child=1 4 -3 16 9 6 7 8 -6 11 12 15 -11 -14 -15 -1 -2 18 -18 27 21 23 -22 -20 -25 -21 -17 28 -19 -29
right_child=3 2 -4 -5 5 -7 -8 -9 -10 10 -12 -13 13 14 -16 26 17 19 20 25 22 -23 -24 24 -26 -27 -28 29 -30 -31
leaf_value=-0.020028622632936526 0.033456246264911491 -0.03984496398691223 0.0091083018551580599 -0.023623666724736082 0.024550554152896129 -0.03184108968153776 -0.011202026983261296 -0.0027976057811273923 0.12741754478351638 0.014077277837278322 -0.0094703815625785323 0.0093202206994288713 0.012697482371997368 0.032116435061174411 -0.032822160764756879 -0.051362409877131143 -0.017483977896014056 0.0097360883915539528 0.017535710844554402 0.015638366217414539 0.018652804495351845 0.010628828015480261 -0.014193108255959666 0.19964544832706455 0.067627873555535373 0.1267323346487407 0.01810248722110621 -0.017687481590391445 0.10520884504390729 0.02580049013056411
leaf_weight=1061 212 443 180 305 82 414 833 164 33 2326 1002 528 296 54 289 39 904 3359 38 24 351 297 518 20 42 29 231 450 37 149
leaf_count=1061 212 443 180 305 82 414 833 164 33 2326 1002 528 296 54 289 39 904 3359 38 24 351 297 518 20 42 29 231 450 37 149
internal_value=0.000191014 -0.00346776 -0.0257012 0.00452342 -0.00158373 -0.0109793 -0.00321238 0.020642 0.0540689 0.000877242 0.00485545 -0.00761202 0.00969676 -0.00624861 -0.0225986 -0.0143289 0.00585854 0.00491761 -0.00274378 0.00902463 0.0077816 0.0268423 -0.000926232 0.0749964 0.110214 0.0764256 0.00806867 0.00813045 0.0107763 -0.00686994
internal_weight=14710 7975 623 6735 7352 1526 1112 279 115 5826 3967 1859 2965 639 343 1331 6430 6218 2170 4048 1266 397 869 100 62 53 270 3995 3396 599
internal_count=14710 7975 623 6735 7352 1526 1112 279 115 5826 3967 1859 2965 639 343 1331 6430 6218 2170 4048 1266 397 869 100 62 53 270 3995 3396 599
is_linear=0
shrinkage=0.05


Tree=92
num_leaves=31
num_cat=0
split_feature=0 0 1 17 0 16 17 6 3 16 6 17 16 4 6 14 6 15 8 1 7 14 17 7 3 16 16 14 18 5
split_gain=84.1752 120.596 110.728 92.5992 91.3693 74.6442 62.7703 62.6281 60.2767 70.6306 121.537 88.3783 94.3852 322.729 75.856 111.894 73.0534 85.2429 68.5987 67.8863 76.2172 112.062 77.9471 71.916 63.3909 74.5716 90.0053 61.4352 57.6686 79.0508
threshold=25.500000000000004 23.500000000000004 4.5000000000000009 35.125000000000007 46.500000000000007 35.772500000000008 34.932500000000012 -1.0000000180025095e-35 3.5532379000000005 28.422500000000003 14.320526000000003 23.932500000000005 55.280000000000008 1542837.6000000003 24.809814500000005 24.045000000000005 22.825454500000003 15.740000000000002 5.7915344350000009 1.5000000000000002 792890.78000000014 28.325000000000006 12.017500000000002 2100035.1000000006 23.941864000000006 25.047500000000003 23.027500000000003 21.752500000000001 -24.724999999999998 7.535000000000001
decision_type=2 2 2 2 2 2 2 2 2 2 2 2 2 2 2 2 2 2 2 2 2 2 2 2 2 2 2 2 2 2
left_child=1 3 -3 6 8 -5 7 -1 -2 10 -10 12 18 -14 15 16 -12 -18 27 23 21 -21 -22 24 -16 26 -26 -11 29 -9
right_child=4 2 -4 5 -6 -7 -8 28 9 11 14 -13 13 -15 19 -17 17 -19 -20 20 22 -23 -24 -25 25 -27 -28 -29 -30 -31
leaf_value=0.085940773501282652 0.031783434368213112 -0.037852715678790561 0.0086528866225853568 -0.087987750587173008 -0.022442483257838208 -0.016198606464299541 0.06503077006420574 -0.11523072134174679 -0.01660977906550835 -0.054760719110227889 0.016658925755243553 0.0018994354029710329 0.10329017274674367 -0.11921715084463358 -0.054850554764270788 0.010097386447323945 0.18966317556798459 0.06424647943709888 -0.078167471364140512 -0.049747697419330189 0.092128010654821998 0.018683653320322801 -0.0010195191595240467 -0.022111318023367365 0.055200367226618634 0.11144942437609039 -0.013238186948995173 0.016281340518727525 0.00011784903579553448 -0.015075484496456657
leaf_weight=21 212 443 180 39 305 506 37 24 904 31 38 2229 88 20 20 297 20 42 20 202 25 85 221 88 116 30 82 1660 6615 110
leaf_count=21 212 443 180 39 305 506 37 24 904 31 38 2229 88 20 20 297 20 42 20 202 25 85 221 88 116 30 82 1660 6615 110
internal_value=0.000181463 -0.00329437 -0.0244161 -0.00150454 0.00429725 -0.0213358 8.32416e-05 -0.000271715 0.00556561 0.00467173 -0.0026066 0.0085734 0.0167517 0.0620851 0.00739252 0.0255002 0.0712465 0.104703 0.0138902 -0.00087992 -0.0119757 -0.0294806 0.00844669 0.0167214 0.0305007 0.0379877 0.0268571 0.014979 -0.000539972 -0.0330137
internal_weight=14710 7975 623 7352 6735 545 6807 6770 6430 6218 2170 4048 1819 108 1266 397 100 62 1711 869 533 287 246 336 248 228 198 1691 6749 134
internal_count=14710 7975 623 7352 6735 545 6807 6770 6430 6218 2170 4048 1819 108 1266 397 100 62 1711 869 533 287 246 336 248 228 198 1691 6749 134
is_linear=0
shrinkage=0.05


Tree=93
num_leaves=31
num_cat=0
split_feature=0 0 1 17 0 16 9 17 0 3 1 17 12 6 4 9 3 3 9 16 16 15 18 9 3 1 1 14 19 6
split_gain=75.9681 108.838 99.9323 83.5708 82.4608 67.3664 63.9205 135.684 75.6129 123.94 72.6402 68.426 79.34 68.971 94.3481 80.0178 105.954 84.5446 78.0006 117.125 65.4783 70.859 99.2562 122.39 61.9742 61.5893 60.7315 60.6606 57.6326 65.1306
threshold=25.500000000000004 23.500000000000004 4.5000000000000009 35.125000000000007 46.500000000000007 35.772500000000008 4417.8969999999981 33.812500000000007 5.5000000000000009 23.065216000000003 4.5000000000000009 14.195000000000002 11.005000000000001 10.152816750000001 474605.75000000006 -77043.200000000055 16.372756500000005 13.185486000000003 -109116.90999999996 25.195000000000004 28.095000000000002 32.442500000000003 3.6250000000000004 -47952.950000000063 24.709060500000003 1.0000000180025095e-35 2.5000000000000004 18.625000000000004 5.4800000000000031 13.862503000000002
decision_type=2 2 2 2 2 2 2 2 2 2 2 2 2 2 2 2 2 2 2 2 2 2 2 2 2 2 2 2 2 2
left_child=1 3 -3 6 28 -5 8 -8 10 11 24 12 -10 20 15 16 -15 26 19 -16 27 22 -22 -24 -1 -26 -17 -13 -2 -30
right_child=4 2 -4 5 -6 -7 7 -9 9 -11 -12 13 -14 14 18 17 -18 -19 -20 -21 21 -23 23 -25 25 -27 -28 -29 29 -31
leaf_value=-0.018177827704917757 0.0069111841144472667 -0.035960080140295524 0.0082202424744739107 -0.083588363960958451 -0.021320359108236726 -0.015388676161434238 -0.011963027140126689 0.09926221596875362 0.026781295832114839 -0.008656909484550189 0.010439388660931545 0.045402439186213228 0.12210946894649949 0.10280471661875785 0.11818484756208601 0.015313906692532138 0.017584158112605414 0.0082298789924140029 -0.062597899920507974 -0.0044534223640777092 0.0082088430129180229 -0.017518006358009996 0.16977018621705831 0.036875737779256366 -0.038884937773960147 0.022196060937363656 0.057426970544252165 -0.018143490465098507 0.0082622352433062568 -0.022850142256986696
leaf_weight=991 5753 443 180 39 305 506 1323 28 99 993 475 41 28 71 21 152 75 619 51 267 395 163 21 99 52 200 196 447 312 365
leaf_count=991 5753 443 180 39 305 506 1323 28 99 993 475 41 28 71 21 152 75 619 51 267 395 163 21 99 52 200 196 447 312 365
internal_value=0.00017239 -0.00312965 -0.0231953 -0.00142931 0.00408238 -0.020269 7.90795e-05 -0.00965784 0.00249011 0.00648057 -0.00619227 0.0119565 0.0477985 0.0102178 0.0174903 0.0245244 0.059027 0.0193151 -0.00560376 0.00448895 0.00116148 0.0112138 0.0203075 0.0601323 -0.0125479 0.00959205 0.0390328 -0.0128046 0.00528733 -0.00851179
internal_weight=14710 7975 623 7352 6735 545 6807 1351 5456 3738 1718 2745 127 2618 1452 1113 146 967 339 288 1166 678 515 120 1243 252 348 488 6430 677
internal_count=14710 7975 623 7352 6735 545 6807 1351 5456 3738 1718 2745 127 2618 1452 1113 146 967 339 288 1166 678 515 120 1243 252 348 488 6430 677
is_linear=0
shrinkage=0.05


Tree=94
num_leaves=31
num_cat=0
split_feature=0 4 3 16 12 5 6 12 5 4 19 17 14 6 17 17 17 18 19 19 6 18 8 12 6 14 18 18 12 17
split_gain=70.1274 291.219 78.2441 70.6591 76.5107 67.1359 134.194 70.9544 66.6904 74.862 112.603 139.164 81.5695 92.4216 69.6831 81.5841 68.6851 70.1461 66.6329 61.557 82.2263 60.4267 59.8209 59.057 55.6206 55.3786 155.982 55.7172 78.6353 54.769
threshold=34.500000000000007 256564.61500000002 3.5532379000000005 27.700000000000006 18.760000000000002 14.795000000000002 13.376465000000001 15.335000000000003 12.865 24.177777500000001 -0.13749999999999926 18.577500000000004 23.305000000000003 28.008072000000002 35.247500000000009 21.432500000000005 21.080000000000005 -0.084999999999999062 5.892500000000001 -1.792500000000002 12.243026500000001 1.0749999999999977 1.4722748000000003 18.400000000000002 -1.0000000180025095e-35 42.775000000000006 4.8900000000000032 -1.1349999999999996 19.910000000000004 26.545000000000005
decision_type=2 2 2 2 2 2 2 2 2 2 2 2 2 2 2 2 2 2 2 2 2 2 2 2 2 2 2 2 2 2
left_child=8 2 -2 4 22 -5 7 -7 24 14 11 12 -11 -14 15 16 17 -10 23 -17 -21 -9 -4 -8 -1 26 27 28 -3 -12
right_child=1 25 3 5 -6 6 18 21 9 10 29 -13 13 -15 -16 19 -18 -19 -20 20 -22 -23 -24 -25 -26 -27 -28 -29 -30 -31
leaf_value=0.080871934550149113 0.034134224866819711 0.041282281669971839 -0.0011191746698300481 -0.000888911378305206 -0.073116993347220882 0.084081553028557798 0.017422671883089585 -0.011952767857944529 0.068881527840534959 0.0019099414131293693 -0.024159352325314166 -0.014969973399026974 0.18846167702227834 0.044257419354282318 -0.072572104232730694 -0.011421225462108851 -0.083352744850245394 -0.024035691316012384 -0.076618918390678512 0.02950593065555639 0.12859522172560295 0.057285763077653845 -0.028056147037576185 -0.045782974151813469 -0.00059230813723966684 0.016329894356367832 0.13846026950896803 0.019344367847855513 0.12614803822977202 -0.062402055224588332
leaf_weight=21 163 124 695 1729 49 88 188 58 27 30 598 185 20 25 27 75 33 82 28 164 24 69 293 46 9318 181 44 180 35 111
leaf_count=21 163 124 695 1729 49 88 188 58 27 30 598 185 20 25 27 75 33 82 28 164 24 69 293 46 9318 181 44 180 35 111
internal_value=0.00016377 0.00584202 0.000331383 -0.00136762 -0.0121321 0.00369258 0.0202993 0.049575 -0.00193517 -0.0121077 -0.019825 0.00832124 0.0657729 0.108348 0.00520244 0.0103874 -0.0201533 -0.0010195 -0.00372475 0.0268771 0.0421556 0.025665 -0.00910757 0.00499763 -0.000409125 0.0391208 0.0498914 0.0383958 0.0599634 -0.0301466
internal_weight=14710 3970 3406 3243 1037 2206 477 215 10740 1401 969 260 75 45 432 405 142 109 262 263 188 127 988 234 9339 564 383 339 159 709
internal_count=14710 3970 3406 3243 1037 2206 477 215 10740 1401 969 260 75 45 432 405 142 109 262 263 188 127 988 234 9339 564 383 339 159 709
is_linear=0
shrinkage=0.05


Tree=95
num_leaves=31
num_cat=0
split_feature=0 4 17 17 15 14 18 5 12 13 18 15 7 1 17 17 5 6 8 9 18 8 1 12 15 15 15 0 17 6
split_gain=66.3656 231.281 90.9212 242.953 158.072 110.809 103.431 164.406 154.211 115.726 140.481 90.4023 92.7913 83.519 102.19 112.88 79.7511 78.7091 89.5255 71.6715 124.715 82.9774 71.2223 69.415 66.4369 140.876 79.8943 63.4227 62.5044 88.9563
threshold=34.500000000000007 231426.37000000002 20.205000000000002 21.432500000000005 21.392500000000002 42.962500000000006 1.0275000000000019 12.645000000000001 18.085000000000004 8.3050000000000015 -8.6650000000000009 20.457500000000003 1605802.2000000002 1.5000000000000002 22.432500000000001 16.515000000000004 10.975000000000003 20.252426000000003 -4.0957182499999991 -894473.67499999993 4.6300000000000017 2.8518983500000004 3.5000000000000004 11.285000000000002 16.132500000000004 14.195000000000002 13.502500000000003 46.500000000000007 17.457500000000003 25.087921000000005
decision_type=2 2 2 2 2 2 2 2 2 2 2 2 2 2 2 2 2 2 2 2 2 2 2 2 2 2 2 2 2 2
left_child=2 24 6 4 11 -6 8 -8 9 17 -11 12 -4 14 15 -3 -13 18 23 20 21 -5 28 -1 25 26 -2 -26 29 -19
right_child=1 13 3 19 5 -7 7 -9 -10 10 -12 16 -14 -15 -16 -17 -18 22 -20 -21 -22 -23 -24 -25 27 -27 -28 -29 -30 -31
leaf_value=0.013280327632868042 -0.0076848858316975925 0.046259370713184284 -0.0070572392069252927 0.023550708737190163 -0.044103218593332799 -0.11982596155844237 0.0024283381010359703 -0.036994499252112699 0.11295710864470568 0.15524814291678082 0.029991846007543694 0.0018403355417543521 -0.084909470605019188 0.022317838291769893 0.03471169677478346 0.18231021040870299 0.095404876489192256 0.073948656874796695 -0.010247789719460812 -0.0038472460890881682 -0.035844180860629911 0.11635683034904874 -0.0072046178206218161 0.10981845157565895 0.0058140397350927367 -0.036561360256528813 0.057225083976395821 -0.019920004519923224 0.00013350075644314588 0.022563414486897429
leaf_weight=60 126 30 145 327 317 57 1480 322 37 26 161 79 52 440 110 31 32 106 776 5720 89 26 247 27 2572 321 76 264 199 410
leaf_count=60 126 30 145 327 317 57 1480 322 37 26 161 79 52 440 110 31 32 106 776 5720 89 26 247 27 2572 321 76 264 199 410
internal_value=2.51201e-05 0.00554584 -0.00202418 -0.00548233 -0.0337992 -0.0556439 0.00412165 -0.00461614 0.0118061 0.009946 0.0474072 -0.00727354 -0.0276071 0.0338421 0.0634952 0.1154 0.0288139 0.00610752 -0.00485558 -0.00234827 0.0170503 0.0303863 0.0159424 0.0432404 0.000398762 -0.0159759 0.0167367 0.00341849 0.0239386 0.0331193
internal_weight=14665 3970 10695 6844 682 374 3851 1802 2049 2012 187 308 197 611 171 61 111 1825 863 6162 442 353 962 87 3359 523 202 2836 715 516
internal_count=14665 3970 10695 6844 682 374 3851 1802 2049 2012 187 308 197 611 171 61 111 1825 863 6162 442 353 962 87 3359 523 202 2836 715 516
is_linear=0
shrinkage=0.05


Tree=96
num_leaves=31
num_cat=0
split_feature=3 3 6 9 1 14 18 15 6 14 7 13 2 3 8 15 14 3 3 9 5 19 5 3 19 8 19 5 8 16
split_gain=86.145 84.1777 84.0754 73.2116 62.9912 146.894 154.534 111.192 103.897 100.892 115.758 96.8437 120.081 93.5507 84.3341 84.3229 83.8186 174.04 83.6053 82.7709 102.95 79.2939 116.374 77.7123 76.1075 104.052 73.8894 70.7509 69.7423 67.9698
threshold=27.692535500000002 29.152939000000003 30.079010000000004 1101868.6200000003 2.5000000000000004 40.040000000000006 8.5875000000000004 19.720000000000002 23.643341500000002 41.802500000000002 119514.78500000002 8.5350000000000019 1.0000000180025095e-35 23.505066000000003 0.33732649999999792 18.080000000000002 49.217500000000008 11.338623000000002 12.246460000000001 -750855.12999999989 7.0550000000000006 -3.0174999999999996 8.5550000000000015 24.478088000000003 -1.704999999999999 -3.8509674999999999 3.9025000000000021 12.505000000000001 2.8518983500000004 24.330000000000002
decision_type=2 2 2 2 2 2 2 2 2 2 2 2 2 2 2 2 2 2 2 2 2 2 2 2 2 2 2 2 2 2
left_child=3 2 -2 4 5 7 9 14 13 10 -7 12 19 -9 26 -16 -8 -18 21 28 23 22 -11 -21 25 -22 -1 -10 -6 -13
right_child=1 -3 -4 -5 11 6 16 8 27 18 -12 29 -14 -15 15 -17 17 -19 -20 20 24 -23 -24 -25 -26 -27 -28 -29 -30 -31
leaf_value=0.010837744838687565 0.020398122384726613 -0.0025020314669759961 0.10464076198517316 -0.023661293944727334 0.010198327464236229 0.01858525933204995 -0.036287259955311242 -0.0097376099697394324 -0.034659128751734207 0.1723177744075656 0.10479083884001515 -0.013918127125248437 -0.069849038623894258 0.071921212902654783 -0.017359278051786251 0.014878512749822999 0.10655362393515998 -0.0050841248253718383 0.0076135294160744917 -0.024949008647924237 0.055625286734185035 0.025487534767696985 0.044730407337525063 -0.10092064838076163 -0.0033865128757644457 -0.0304057483409448 0.09012769604101778 -0.12147440974201476 0.087572415580507379 0.010076727830126884
leaf_weight=1427 664 516 31 351 324 75 164 1363 145 24 81 359 75 36 622 301 39 333 575 373 38 344 70 37 4081 468 30 28 32 1659
leaf_count=1427 664 516 31 351 324 75 164 1363 145 24 81 359 75 36 622 301 39 333 575 373 38 344 70 37 4081 468 30 28 32 1659
internal_value=2.38641e-05 0.012797 0.0241557 -0.00112585 -0.000522177 0.00345516 0.0157218 -0.00183699 -0.0121565 0.0259146 0.0633458 -0.00354391 -0.00702075 -0.00763631 0.0049791 -0.0068462 -0.00650846 0.00661983 0.0201503 -0.00614047 -0.00779999 0.0366084 0.0773059 -0.031805 -0.00565435 -0.0239449 0.0124703 -0.0487102 0.0171533 0.00580807
internal_weight=14665 1211 695 13454 13103 5657 1705 3952 1572 1169 156 7446 5428 1399 2380 923 536 372 1013 5353 4997 438 94 410 4587 506 1457 173 356 2018
internal_count=14665 1211 695 13454 13103 5657 1705 3952 1572 1169 156 7446 5428 1399 2380 923 536 372 1013 5353 4997 438 94 410 4587 506 1457 173 356 2018
is_linear=0
shrinkage=0.05


Tree=97
num_leaves=31
num_cat=0
split_feature=3 3 12 9 14 17 4 15 17 0 0 5 3 14 17 6 18 9 8 9 8 2 14 14 17 8 8 5 4 18
split_gain=77.7458 75.9704 82.5575 67.9756 93.1046 101.346 66.3317 140.677 166.406 133.841 106.851 104.639 85.3475 85.1633 85.0517 80.1336 126.555 167.962 124.811 166.333 96.7236 116.883 82.3331 200.082 82.0234 80.5697 127.269 79.6148 113.733 103.507
threshold=27.692535500000002 29.152939000000003 7.4150000000000009 -44429.280000000021 28.210000000000004 14.465000000000002 565805.28000000014 12.922500000000001 13.255000000000001 34.500000000000007 17.500000000000004 15.060000000000002 19.544616500000004 28.600000000000005 12.922500000000001 15.596039000000003 -16.947499999999994 -153222.405 1.4882812499999996 -4.9777773499999993 -0.53968827999999969 1.0000000180025095e-35 29.825000000000003 29.957500000000007 32.237500000000011 -4.3696441999999998 -4.6466979999999998 18.415000000000003 176227.79000000001 1.337499999999997
decision_type=2 2 2 2 2 2 2 2 2 2 2 2 2 2 2 2 2 2 2 2 2 2 2 2 2 2 2 2 2 2
left_child=6 2 -2 4 5 -4 15 8 -8 10 12 14 -9 -13 -12 16 17 -1 22 -20 21 -17 -18 -24 25 26 -25 -22 -29 -30
right_child=1 -3 3 -5 -6 -7 7 9 -10 -11 11 13 -14 -15 -16 20 18 -19 19 -21 27 -23 23 24 -26 -27 -28 28 29 -31
leaf_value=0.18358658859949739 0.00092917924092475771 -0.0023769298428940305 0.090298947008947528 0.021253282158902629 0.12731551836903504 -0.00271045933914138 0.00028456647747329304 -0.065702077526495692 0.18911887113004924 0.031916548724789794 0.069007517704262569 0.0071567563708716383 -0.011073102495751122 -0.051206480602834475 -0.0052466396849929989 -0.017101500950017123 -0.00044141326938362379 0.029043742267552904 0.027496967792400226 -0.012563274960761464 0.00037413991580277428 0.06391546950655301 0.15652637159824373 0.0369816015106871 -0.00048102536097457911 0.016524114023960861 0.16829944433910507 -0.019214168384731299 0.18937107658013702 0.032206754488023841
leaf_weight=21 264 516 54 272 41 64 28 144 20 209 39 87 142 222 3449 1382 1212 108 309 1605 2254 46 25 152 651 1255 21 31 20 22
leaf_count=21 264 516 54 272 41 64 28 144 20 209 39 87 142 222 3449 1382 1212 108 309 1605 2254 46 25 152 651 1255 21 31 20 22
internal_value=2.26709e-05 0.0121572 0.0229479 0.036435 0.0624064 0.0398532 -0.00106956 -0.00615718 0.0789655 -0.00710915 -0.0091068 -0.0068869 -0.0385786 -0.0347741 -0.00441639 0.00135312 0.00527763 0.0542019 0.00407089 -0.00609587 -0.00424781 -0.0144917 0.00993917 0.0159189 0.014228 0.0209337 0.0529219 0.00203852 0.0534292 0.107047
internal_weight=14665 1211 695 431 159 118 13454 4340 48 4292 4083 3797 286 309 3488 9114 5359 129 5230 1914 3755 1428 3316 2104 2079 1428 173 2327 73 42
internal_count=14665 1211 695 431 159 118 13454 4340 48 4292 4083 3797 286 309 3488 9114 5359 129 5230 1914 3755 1428 3316 2104 2079 1428 173 2327 73 42
is_linear=0
shrinkage=0.05


Tree=98
num_leaves=31
num_cat=0
split_feature=3 17 6 9 4 15 4 5 15 1 14 3 18 17 4 18 18 6 13 6 0 3 17 17 17 17 0 15 16 14
split_gain=70.1656 72.3529 64.5692 61.6647 59.3171 97.3885 64.7116 63.7919 59.8823 58.8853 57.579 127.266 80.4 184.11 146.293 93.2577 131.496 154.489 86.1455 99.8607 86.2818 82.4078 78.6504 100.934 74.6726 117.471 122.142 72.8339 72.5402 116.467
threshold=27.692535500000002 12.017500000000002 29.928634500000005 1101868.6200000003 2437751.7500000005 22.942500000000003 2392091.7500000005 2.0450000000000004 25.135000000000002 2.5000000000000004 28.422500000000003 7.086120600000001 0.97000000000000075 24.632500000000004 852443.95000000007 0.37999999999999906 0.51499999999999713 23.072677500000005 8.1050000000000022 3.6885986500000003 12.500000000000002 20.591644000000006 16.802500000000006 16.432500000000005 21.925000000000004 19.897500000000004 29.500000000000004 18.025000000000002 20.775000000000006 21.720000000000002
decision_type=2 2 2 2 2 2 2 2 2 2 2 2 2 2 2 2 2 2 2 2 2 2 2 2 2 2 2 2 2 2
left_child=3 -2 -3 4 6 9 10 -7 -9 -6 12 24 15 28 21 18 17 -17 19 20 -1 -15 23 -21 25 26 -12 -22 29 -14
right_child=1 2 -4 -5 5 7 -8 8 -10 -11 11 -13 13 14 -16 16 -18 -19 -20 22 27 -23 -24 -25 -26 -27 -28 -29 -30 -31
leaf_value=-0.01999152967730513 0.079451365526275422 0.015532326578208312 -0.012908365182286385 -0.021698178556559349 -0.016326026924628211 -0.03209865578392055 0.069025345327442186 0.077109262393787514 0.0012961100733705931 -0.089790385455752797 0.0050864048273241997 0.00029752735154681218 -0.026196871007726132 0.054197282812768414 0.14669901800270266 0.031411379796364124 0.0024097428410233736 0.15908919988256512 0.012633909904356769 -0.0034016022262373887 0.06684625255185421 -0.031153828387491207 -0.018747839533008858 0.067548174786913606 0.010165707904146379 0.13009860517852234 0.078001712994307457 -0.010750910992334996 -0.027913935873501362 0.035225539341735751
leaf_weight=77 38 918 255 351 47 120 34 32 140 65 169 7362 182 62 26 84 232 33 649 478 108 52 1302 56 576 33 87 42 921 134
leaf_count=77 38 918 255 351 47 120 34 32 140 65 169 7362 182 62 26 84 232 33 649 478 108 52 1302 56 576 33 87 42 921 134
internal_value=2.15373e-05 0.0115493 0.00934957 -0.00101608 -0.000462054 -0.0193232 0.000137987 -0.00411948 0.0154009 -0.0589616 -4.69455e-05 0.00242918 -0.00463709 -0.014671 0.0396743 -0.000123319 0.024205 0.0674231 -0.00325407 -0.00825228 0.0230331 0.0152652 -0.0121203 0.00403882 0.0205716 0.0413114 0.0298662 0.045119 -0.0208216 -0.000150659
internal_weight=14665 1211 1173 13454 13103 404 12699 292 172 112 12665 8227 4438 1377 140 3061 349 117 2712 2063 227 114 1836 534 865 289 256 150 1237 316
internal_count=14665 1211 1173 13454 13103 404 12699 292 172 112 12665 8227 4438 1377 140 3061 349 117 2712 2063 227 114 1836 534 865 289 256 150 1237 316
is_linear=0
shrinkage=0.05


Tree=99
num_leaves=31
num_cat=0
split_feature=3 17 4 15 1 1 17 19 14 14 3 9 8 15 17 14 15 3 18 19 14 16 3 3 19 9 7 12 15 7
split_gain=63.4601 60.7065 56.6213 125.772 106.864 83.5296 156.117 126.237 197.153 119.604 117.298 125.883 98.1371 84.0162 96.858 71.841 110.728 75.4727 121.941 87.5629 112.435 85.1695 81.8186 83.1345 80.6449 69.8603 66.3941 90.0929 66.3647 63.5894
threshold=27.593017000000003 12.017500000000002 565805.28000000014 12.922500000000001 1.5000000000000002 1.5000000000000002 12.922500000000001 -4.6700000000000008 40.040000000000006 40.752500000000005 10.086609000000001 913581.07500000007 -1.3680419999999998 47.215000000000011 39.452500000000008 41.802500000000002 22.557500000000005 19.422210000000003 2.6325000000000007 8.3475000000000037 38.985000000000007 50.595000000000006 26.146469500000006 23.941864000000006 5.0874999999999995 -1437318.7999999998 806484.90000000014 9.5650000000000031 32.442500000000003 2493538.3500000006
decision_type=2 2 2 2 2 2 2 2 2 2 2 2 2 2 2 2 2 2 2 2 2 2 2 2 2 2 2 2 2 2
left_child=2 -2 25 4 -4 6 -5 8 -7 -8 -11 12 -12 14 15 17 26 19 21 20 24 -19 23 -20 29 -1 -17 -28 -14 -9
right_child=1 -3 3 5 -6 7 9 13 -10 10 11 -13 28 -15 -16 16 -18 18 22 -21 -22 -23 -24 -25 -26 -27 27 -29 -30 -31
leaf_value=0.046361119620885488 0.06909330191393924 0.0086529762234807267 0.16403325693681836 0.11518265537076421 0.0043407352471893489 -0.0067735609116739252 -0.011334135963730972 -0.021348650923338392 0.14942297779263988 0.12628747072815896 -0.018080223137198877 -0.039444297673668027 0.033929545449630429 0.070434869748229781 -0.086455239038914444 0.0020687123015522956 -0.013783800058834556 0.02206263680893214 0.0020734597882255913 0.019838463483363784 0.034514331057297204 -0.069164449549107651 0.011663512188028925 -0.11036927908038099 -0.055597305589835749 0.00081869172866829917 -0.047593362742918546 -0.12853658055450687 0.11378487541243948 0.021989021676602546
leaf_weight=85 43 1228 20 31 22 58 722 942 31 25 89 86 253 30 45 40 555 488 25 169 93 27 49 48 160 9004 128 47 29 93
leaf_count=85 43 1228 20 31 22 58 722 942 31 25 89 86 253 30 45 40 555 488 25 169 93 27 49 48 160 9004 128 47 29 93
internal_value=2.04605e-05 0.0106978 -0.000992744 -0.00571638 0.0803848 -0.00656467 0.00439449 -0.0110345 0.047632 0.00154197 0.0208294 0.0150604 0.0276949 -0.012811 -0.0136695 -0.0125259 -0.025585 -0.00772385 0.00663226 -0.0140003 -0.0184404 0.0172799 -0.0383146 -0.0718615 -0.0225615 0.0012446 -0.0560485 -0.0693324 0.0421416 -0.0174545
internal_weight=14665 1271 13394 4305 42 4263 1235 3028 89 1204 482 457 371 2939 2909 2864 770 2094 637 1457 1288 515 122 73 1195 9089 215 175 282 1035
internal_count=14665 1271 13394 4305 42 4263 1235 3028 89 1204 482 457 371 2939 2909 2864 770 2094 637 1457 1288 515 122 73 1195 9089 215 175 282 1035
is_linear=0
shrinkage=0.05


Tree=100
num_leaves=31
num_cat=0
split_feature=14 0 6 19 14 15 17 14 17 19 9 6 12 17 18 5 16 18 13 14 15 19 9 8 8 14 5 16 19 14
split_gain=57.068 69.2006 58.7725 57.7232 53.1737 115.47 82.7154 139.49 177.254 106.603 95.4954 108.167 96.7555 97.2122 91.7649 130.703 88.8766 138.176 178.238 98.5423 107.893 85.1339 82.9237 86.2757 75.8024 75.6759 92.1861 73.963 79.1238 76.6354
threshold=18.980000000000004 11.500000000000002 -1.0000000180025095e-35 -0.47500000000000048 28.210000000000004 27.825000000000003 20.707500000000003 30.687500000000004 16.515000000000004 4.8775000000000022 -894473.67499999993 13.376465000000001 20.835000000000004 27.487500000000001 -1.2024999999999986 13.925000000000002 48.797500000000007 3.6250000000000004 12.585000000000003 40.542500000000004 27.575000000000003 8.7524999999999995 -117750.45000000017 6.5157622900000005 -0.49079899999999904 39.542500000000011 8.4450000000000021 57.307500000000012 2.8175000000000012 57.855000000000004
decision_type=2 2 2 2 2 2 2 2 2 2 2 2 2 2 2 2 2 2 2 2 2 2 2 2 2 2 2 2 2 2
left_child=1 -1 -2 -3 5 -4 7 8 -6 10 -8 16 27 -14 15 -10 17 22 19 -19 -21 24 -12 -24 -11 26 -26 28 -13 -30
right_child=2 3 4 -5 6 -7 9 -9 14 21 11 12 13 -15 -16 -17 -18 18 -20 20 -22 -23 23 -25 25 -27 -28 -29 29 -31
leaf_value=-0.018370978964958342 0.08525438824668527 0.052303535094645054 -0.0056242142355215274 0.008936118019911914 -0.029946450339570548 0.080772298660415867 0.027024332433014504 0.0015607293430950583 0.044274593714569044 -0.0035165789331692981 -0.037986891925434717 -0.0082436371107640332 0.12982690569299918 -0.00033465086598880592 0.022729679110144979 0.14031958181281076 0.035517296323624374 -0.0033088847073040836 0.13514394626924486 0.05152629681817375 -0.0044908109289689335 0.0036433286863751164 0.002041372009819502 -0.074545628302975717 -0.10454389178327153 -0.010153496728467567 -0.038168279349282026 -0.032781849691687459 0.021109892071996001 -0.05410338912436085
leaf_weight=96 20 151 4623 156 117 39 340 1789 201 221 168 2614 26 32 425 43 260 341 33 266 127 343 1138 38 70 143 207 259 400 37
leaf_count=96 20 151 4623 156 117 39 340 1789 201 221 168 2614 26 32 425 43 260 341 33 266 127 343 1138 38 70 143 207 259 400 37
internal_value=0.000124416 0.0186805 -0.000397799 0.0302667 -0.000517592 -0.00490146 0.00160293 0.00927435 0.0268312 -0.00119388 0.00127751 -0.000247833 -0.00600726 0.0580136 0.0367609 0.0612006 0.00793342 0.00453606 0.0214695 0.0163588 0.0334241 -0.0164617 -0.00512757 -0.000433378 -0.02722 -0.0396925 -0.0549419 -0.00712907 -0.0049514 0.0147417
internal_weight=14723 403 14320 307 14300 4662 9638 2575 786 7063 6079 5739 3368 58 669 244 2371 2111 767 734 393 984 1344 1176 641 420 277 3310 3051 437
internal_count=14723 403 14320 307 14300 4662 9638 2575 786 7063 6079 5739 3368 58 669 244 2371 2111 767 734 393 984 1344 1176 641 420 277 3310 3051 437
is_linear=0
shrinkage=0.05


Tree=101
num_leaves=31
num_cat=0
split_feature=14 12 0 6 14 14 15 3 13 17 14 14 9 3 12 7 14 8 17 1 9 0 17 6 19 6 19 17 8 14
split_gain=51.5038 64.2936 65.0469 53.0421 50.2521 47.9893 104.212 91.5544 109.004 105.107 94.4965 125.738 81.9598 93.4483 91.738 78.81 102.85 98.982 76.7799 75.0648 73.5527 73.3289 76.2342 68.8261 68.5299 67.9912 95.4824 91.6465 82.062 76.2286
threshold=18.980000000000004 10.975000000000003 29.500000000000004 -1.0000000180025095e-35 16.995000000000005 28.210000000000004 27.825000000000003 8.5774380000000026 12.100000000000001 21.797500000000003 42.185000000000009 43.414999999999999 -750855.12999999989 27.183212500000003 20.005000000000006 1560407.9500000002 43.652500000000011 2.6121675999999998 19.897500000000004 1.5000000000000002 130763.14999999998 11.500000000000002 19.202500000000004 15.863769500000002 3.784999999999997 14.000809000000002 2.3525000000000014 25.025000000000002 -0.25735500000000039 23.462500000000006
decision_type=2 2 2 2 2 2 2 2 2 2 2 2 2 2 2 2 2 2 2 2 2 2 2 2 2 2 2 2 2 2
left_child=1 4 -3 -2 -1 6 25 8 9 18 -11 -12 -9 15 -15 -14 17 20 21 23 -17 -7 -23 -18 -21 26 28 29 -5 -27
right_child=3 2 -4 5 -6 7 -8 12 -10 10 11 -13 13 14 -16 16 19 -19 -20 24 -22 22 -24 -25 -26 27 -28 -29 -30 -31
leaf_value=-0.048740577738790314 0.080991668474162004 0.084817826583728953 0.016648027170882668 -0.0049868586396726736 0.01222698354688815 -0.0094700326401719152 0.076733684004881453 0.018096010425189903 0.10034969217010908 -0.0069858518823596952 0.12439361756046614 0.015559622763995204 -0.0013010274519429548 0.013259888686303298 0.10940619360727187 -0.049134186210905373 0.076007591772439154 0.028562196460900025 0.091841182609399163 -0.021963383038730726 -0.011024475123446722 0.048930703493271464 -0.043166623413562782 0.0010822709391896542 0.058897517037888369 0.0067759760597488686 0.005118870028197782 0.027829101044544072 -0.02925104930949049 -0.011294656971469523
leaf_weight=40 20 59 86 597 218 110 39 552 35 730 30 230 6105 542 26 361 58 67 48 207 195 222 25 65 30 1059 565 265 837 1300
leaf_count=40 20 59 86 597 218 110 39 552 35 730 30 230 6105 542 26 361 58 67 48 207 195 222 25 65 30 1059 565 265 837 1300
internal_value=0.000118195 0.0177465 0.0443861 -0.000377909 0.00277465 -0.000491712 -0.00465639 0.00152279 0.0131981 0.0110115 0.00223318 0.0281174 -0.000511283 -0.00185287 0.017661 -0.00341662 -0.0165557 -0.02885 0.0324694 0.00472026 -0.0357684 0.0244867 0.0396091 0.0364129 -0.0117278 -0.005343 -0.0122902 -5.05273e-05 -0.0191494 -0.00318241
internal_weight=14723 403 145 14320 258 14300 4662 9638 1430 1395 990 260 8208 7656 568 7088 983 623 405 360 556 357 247 123 237 4623 1999 2624 1434 2359
internal_count=14723 403 145 14320 258 14300 4662 9638 1430 1395 990 260 8208 7656 568 7088 983 623 405 360 556 357 247 123 237 4623 1999 2624 1434 2359
is_linear=0
shrinkage=0.05


Tree=102
num_leaves=31
num_cat=0
split_feature=1 13 4 4 16 17 6 4 15 6 19 9 15 17 1 17 16 14 14 14 5 8 19 6 14 17 15 17 17 19
split_gain=52.0818 91.2168 86.5378 120.098 95.3122 90.1773 85.6367 85.8673 323.1 76.7152 110.906 107.601 101.352 120.489 99.1939 91.9082 83.7021 75.5218 66.112 141.941 65.7916 65.6382 64.4206 99.6303 62.3646 55.3347 55.0788 53.5788 153.052 100.374
threshold=3.5000000000000004 8.5450000000000017 1.0000000180025095e-35 896557.25000000012 56.577500000000008 11.7475 4.063492000000001 816843.85000000009 17.037500000000005 15.171890500000002 4.020000000000004 145663.2000000001 31.150000000000002 34.577500000000008 2.5000000000000004 22.472500000000004 44.490000000000009 40.542500000000004 58.470000000000006 59.722500000000004 19.380000000000006 7.2601008650000001 1.2349999999999979 27.878342000000004 22.475000000000005 28.637500000000003 47.215000000000011 36.002500000000012 34.545000000000009 -12.1075
decision_type=2 2 2 2 2 2 2 2 2 2 2 2 2 2 2 2 2 2 2 2 2 2 2 2 2 2 2 2 2 2
left_child=2 21 -1 6 5 -5 24 18 -9 11 12 -7 14 -14 27 16 -13 -17 -8 -20 -3 26 -16 -24 -4 -22 -2 28 29 -11
right_child=1 20 3 4 -6 9 7 8 -10 10 -12 15 13 -15 22 17 -18 -19 19 -21 25 -23 23 -25 -26 -27 -28 -29 -30 -31
leaf_value=-0.0030208752487980131 -0.0090264770859444388 0.0028145705802713073 0.08876181528417032 0.094239277965747395 -0.049957389519700121 -0.027680291200798915 0.0090455744427955075 0.19326521262466428 0.0046933572542826266 0.073621446834433654 -0.052751745922944029 -0.0036741177006525566 0.15551664465665818 0.023859670403487 0.015119263872715272 -0.001575646239022414 -0.10654361248016359 0.062733908563852317 0.15709993972753486 0.0071011331013363342 0.025257285147571293 0.080375672131776821 0.040112516431535565 0.16361309766769411 0.017943961969536633 0.11520796858129048 0.035714912673491715 -0.054195219121704052 0.087516844302415853 -0.0053098657681206638
leaf_weight=3722 3969 2112 67 26 93 463 1889 31 85 42 74 141 25 57 203 84 23 100 24 46 92 21 89 20 58 21 70 44 50 982
leaf_count=3722 3969 2112 67 26 93 463 1889 31 85 42 74 141 25 57 203 84 23 100 24 46 92 21 89 20 58 21 70 44 50 982
internal_value=0.000112286 -0.00333345 0.00267882 0.00717719 -0.00028397 0.0016226 0.01571 0.0132888 0.0550876 0.000618001 0.0070144 -0.0118909 0.00993946 0.063999 0.00683955 0.00911633 -0.0181009 0.0333752 0.0108138 0.0585293 0.00480333 -0.00779265 0.0317676 0.0627732 0.0559023 0.0419738 -0.00825106 -0.000117115 0.00209838 -0.00207245
internal_weight=14723 6285 8438 4716 2516 2423 2200 2075 116 2397 1586 811 1512 82 1430 348 164 184 1959 70 2225 4060 312 109 125 113 4039 1118 1074 1024
internal_count=14723 6285 8438 4716 2516 2423 2200 2075 116 2397 1586 811 1512 82 1430 348 164 184 1959 70 2225 4060 312 109 125 113 4039 1118 1074 1024
is_linear=0
shrinkage=0.05


Tree=103
num_leaves=31
num_cat=0
split_feature=1 13 2 9 4 6 19 8 15 5 9 14 15 4 6 19 19 13 19 18 8 18 8 4 14 0 0 5 19 9
split_gain=47.0039 82.3231 93.5592 78.2782 86.9983 152.421 99.479 88.9703 80.4195 87.4951 75.2841 72.4791 158.163 190.746 112.485 71.9736 220.343 129.361 73.1461 73.4047 72.501 70.3403 66.3458 66.0223 63.8815 70.0199 64.9861 59.3769 53.9443 77.049
threshold=3.5000000000000004 8.5450000000000017 1.0000000180025095e-35 -15570.488499999998 921872.60000000021 14.495407000000002 4.3150000000000022 3.0308533500000023 32.315000000000005 7.8950000000000005 -649.48121499999991 29.860000000000003 15.100000000000003 803673.83000000019 24.358871000000004 3.0400000000000014 1.8949999999999998 0.015000000000000001 1.9600000000000011 2.202500000000001 4.6823267000000008 2.4275000000000007 -3.0997621499999988 1072179.0000000002 19.207500000000007 12.500000000000002 18.500000000000004 19.380000000000006 -1.6174999999999986 263744.45000000001
decision_type=2 2 2 2 2 2 2 2 2 2 2 2 2 2 2 2 2 2 2 2 2 2 2 2 2 2 2 2 2 2
left_child=3 2 15 4 7 -6 8 11 9 -7 -4 12 13 -1 -13 16 20 -17 -18 -20 28 -9 23 -19 25 -5 -27 -3 29 -2
right_child=1 27 10 24 5 6 -8 21 -10 -11 -12 14 -14 -15 -16 17 18 22 19 -21 -22 -23 -24 -25 -26 26 -28 -29 -30 -31
leaf_value=0.017048787939858041 -0.034752704628958742 0.0026738420457404852 -0.14009874638008035 -0.012632200793871708 -0.032759182319763727 -0.0011578863114118576 -0.075887437453193055 0.032098376485245196 0.086383622669075677 0.035783895116575759 -0.026041902200533797 0.022607254805811442 -0.027507338689761823 0.18219714805483819 0.12084770379287582 0.024267344123358108 -0.088694394401585067 -0.0015775942140155369 -0.014379061635411736 -0.049116301686087285 0.080081788163918713 0.11380265968483548 -0.011646533022838976 0.11828048843890429 -0.001116391973495393 0.11822904818333113 0.030971256906495378 0.039875094423614511 -0.00057552129857108664 0.040977079722170649
leaf_weight=139 242 2112 23 76 254 460 31 68 38 246 39 485 222 20 31 466 60 27 321 289 26 43 826 20 6180 26 119 113 1682 39
leaf_count=139 242 2112 23 76 254 460 31 68 38 246 39 485 222 20 31 466 60 27 321 289 26 43 826 20 6180 26 119 113 1682 39
internal_value=0.000106671 -0.00316678 -0.00740302 0.00254488 0.0110818 0.00085466 0.0118713 0.0215219 0.0155279 0.0117142 -0.0683533 0.0162964 -0.000243844 0.0378222 0.0285093 -0.00645781 -0.0112185 0.00299594 -0.0360178 -0.0308365 -0.00286473 0.0637496 -0.00835856 0.0494258 -0.000171819 0.026242 0.0466175 0.00456316 -0.00396336 -0.0242422
internal_weight=14723 6285 4060 8438 2037 1029 775 1008 744 706 62 897 381 159 516 3998 2659 1339 670 610 1989 111 873 47 6401 221 145 2225 1963 281
internal_count=14723 6285 4060 8438 2037 1029 775 1008 744 706 62 897 381 159 516 3998 2659 1339 670 610 1989 111 873 47 6401 221 145 2225 1963 281
is_linear=0
shrinkage=0.05


Tree=104
num_leaves=31
num_cat=0
split_feature=0 0 4 16 13 0 0 4 16 0 17 9 3 17 1 6 7 17 1 14 5 17 17 14 6 13 18 9 16 0
split_gain=44.6201 68.9858 142.281 101.524 75.338 211.439 119.567 89.3896 115.844 83.4286 83.5171 100.8 80.5888 84.2869 75.0337 71.3428 90.5706 72.3682 70.4441 175.096 120.498 68.1381 97.7333 65.6682 64.5869 64.1442 97.6378 62.4854 75.3579 60.0024
threshold=45.500000000000007 34.500000000000007 803673.83000000019 23.305000000000003 1.0000000180025095e-35 12.500000000000002 8.5000000000000018 574735.65000000014 59.222500000000004 19.500000000000004 32.88750000000001 -929876.90799999994 23.641525500000004 14.195000000000002 1.0000000180025095e-35 12.955902000000002 282903.95000000007 12.017500000000002 1.5000000000000002 42.185000000000009 7.5050000000000008 30.957500000000003 30.640000000000004 19.207500000000007 29.928634500000005 5.0050000000000008 -0.88499999999999968 -15570.488499999998 58.470000000000006 25.500000000000004
decision_type=2 2 2 2 2 2 2 2 2 2 2 2 2 2 2 2 2 2 2 2 2 2 2 2 2 2 2 2 2 2
left_child=1 4 -3 -4 6 -6 14 12 15 25 21 -12 13 -8 -1 18 -17 -18 19 -9 -21 22 -11 -15 29 26 -7 28 -25 -19
right_child=-2 2 3 -5 5 9 7 8 -10 10 11 -13 -14 23 -16 16 17 24 -20 20 -22 -23 -24 27 -26 -27 -28 -29 -30 -31
leaf_value=-0.031356061011683777 -0.01310463110953539 0.0044588782020126994 0.15338539615983057 0.036455881331348798 0.0089727047508583995 -0.016436092398981465 0.064300311222592346 -0.011258447675007213 -0.073757228119155541 -0.01478735177814873 0.10824527244728346 0.0047833669609969945 -0.0079851762190399252 0.08030365607456158 -0.0047914049942133653 -0.075951581538626647 0.071729665752067115 0.00046239646670814924 -0.019367255857036598 0.029160092862551674 0.15582389011979103 -0.057349526063215153 0.08724192674393029 0.02407389159392653 -0.023962506239313813 -0.02512450346887703 -0.1158726544191058 0.0075922757337163029 0.10491712087945593 0.017468310418551115
leaf_weight=320 613 3210 21 160 1237 47 93 274 52 1065 26 249 361 38 1570 33 43 1080 655 57 28 92 24 411 164 581 52 1138 31 998
leaf_count=320 613 3210 21 160 1237 47 93 274 52 1065 26 249 361 38 1570 33 43 1080 655 57 28 92 24 411 164 581 52 1138 31 998
internal_value=0.000101338 0.000675063 0.0068909 0.0500223 -0.00129134 -0.00747744 0.00154908 0.00530351 0.000295607 -0.0170041 -0.010251 0.0145652 0.0134824 0.0180119 -0.00928912 0.00145129 0.00629029 0.00747802 -0.00961062 0.00819047 0.0708846 -0.0160295 -0.0125388 0.0153513 0.00624572 -0.0314635 -0.0686654 0.0137891 0.0297439 0.00862982
internal_weight=14723 14110 3391 181 10719 3373 7346 5456 3384 2136 1456 275 2072 1711 1890 3332 2318 2285 1014 359 85 1181 1089 1618 2242 680 99 1580 442 2078
internal_count=14723 14110 3391 181 10719 3373 7346 5456 3384 2136 1456 275 2072 1711 1890 3332 2318 2285 1014 359 85 1181 1089 1618 2242 680 99 1580 442 2078
is_linear=0
shrinkage=0.05


Tree=105
num_leaves=31
num_cat=0
split_feature=3 14 15 13 0 12 19 14 14 17 0 14 3 13 9 7 18 9 15 16 3 6 8 8 9 12 3 3 19 15
split_gain=55.4367 101.361 79.1112 122.996 118.316 73.0694 83.0206 92.9629 62.4985 58.6813 87.3528 52.7843 44.8438 79.9977 87.6553 82.5784 132.322 95.1873 80.3022 92.8468 77.8685 76.726 113.91 76.4058 83.297 79.961 73.8198 82.7322 94.9259 73.6552
threshold=6.8698273000000007 28.422500000000003 33.890000000000008 9.3050000000000015 14.500000000000002 10.615 2.1550000000000016 19.207500000000007 47.947500000000005 19.202500000000004 12.500000000000002 42.185000000000009 20.250152500000002 12.585000000000003 -671777.45000000007 984658.25000000012 3.4749999999999983 -38184.77499999998 34.545000000000009 35.772500000000008 10.086609000000001 16.436478000000005 0.3519745000000008 -0.63522350000000116 -221744.59499999997 19.315000000000001 10.871643000000002 15.987457000000001 3.0400000000000014 35.247500000000009
decision_type=2 2 2 2 2 2 2 2 2 2 2 2 2 2 2 2 2 2 2 2 2 2 2 2 2 2 2 2 2 2
left_child=1 5 3 9 -5 -1 7 -7 -4 10 -3 -11 13 14 18 17 -17 29 26 -20 -15 22 -19 24 -14 -26 -2 28 -28 -16
right_child=12 2 8 4 -6 6 -8 -9 -10 11 -12 -13 23 20 15 16 -18 21 19 -21 -22 -23 -24 -25 25 -27 27 -29 -30 -31
leaf_value=-0.010929573760772852 -0.024915351659237295 0.00050832502343888647 -0.024221574504756267 0.15734815631993115 0.011363041530484739 0.038720909388771714 0.053492602350774646 -0.011823815018670148 0.031121413425440739 0.0033046502921068952 0.069955143082514409 0.06186186659192159 0.013960288465996288 0.069449484048049834 0.026041053792429977 -0.026967390760071271 0.0037621148133329175 0.0069661111872295111 -0.12250445065173238 0.018333950549364091 0.0072075729939474996 -0.01971833924170565 -0.010301473586140222 0.0055029738348999283 -0.012996554505218756 -0.089968081350837448 0.04035596501743121 0.0088588838641729516 0.14721651424964269 -0.045280421129427852
leaf_weight=805 74 71 144 35 23 130 102 303 79 307 125 44 311 67 381 1041 528 1714 22 25 201 794 2157 3886 938 35 155 219 24 40
leaf_count=805 74 71 144 35 23 130 102 303 79 307 125 44 311 67 381 1041 528 1714 22 25 201 794 2157 3886 938 35 155 219 24 40
internal_value=-0.00029847 0.00708727 0.0208408 0.0302239 0.0994575 -0.00141116 0.0129109 0.00335128 -0.00461576 0.0228829 0.0447984 0.0106452 -0.00156808 -0.0040531 -0.00505506 -0.00659849 -0.0166263 -0.00350497 0.014736 -0.0475904 0.0227681 -0.00555986 -0.00265574 0.002009 -0.00856542 -0.0157653 0.0209422 0.0294685 0.0546836 0.0192647
internal_weight=14780 2168 828 605 58 1340 535 433 223 547 196 351 12612 7442 7174 6655 1569 5086 519 47 268 4665 3871 5170 1284 973 472 398 179 421
internal_count=14780 2168 828 605 58 1340 535 433 223 547 196 351 12612 7442 7174 6655 1569 5086 519 47 268 4665 3871 5170 1284 973 472 398 179 421
is_linear=0
shrinkage=0.05


Tree=106
num_leaves=31
num_cat=0
split_feature=3 14 15 12 19 18 5 17 6 5 14 12 0 18 18 9 14 8 14 8 14 15 19 3 7 6 9 17 3 8
split_gain=50.0316 91.4784 71.3979 65.9452 75.3179 78.9213 56.6415 54.1378 55.5164 52.416 73.2615 47.9616 41.2559 42.5951 156.287 88.3211 105.958 91.5287 87.098 81.6376 67.1376 118.57 63.0632 62.0785 52.7752 84.281 57.0309 53.6679 51.146 49.524
threshold=6.8698273000000007 28.422500000000003 33.890000000000008 10.615 3.2949999999999986 2.8675000000000002 10.905000000000003 21.080000000000005 3.6885986500000003 13.075000000000001 35.392500000000005 18.085000000000004 46.500000000000007 -1.624999999999998 -1.8749999999999998 -146641.20000000004 44.927500000000009 -4.3696441999999998 41.062500000000007 -0.85310349999999857 36.805000000000007 23.047500000000003 0.54000000000000281 11.868362500000002 1075011.3 15.010773000000002 115135.7570000002 27.012500000000006 16.186691500000006 -3.6543578500000002
decision_type=2 2 2 2 2 2 2 2 2 2 2 2 2 2 2 2 2 2 2 2 2 2 2 2 2 2 2 2 2 2
left_child=1 3 9 -1 5 7 -4 11 -9 -3 -11 -5 13 14 15 20 18 -18 24 -16 -2 23 -23 -22 -17 -26 27 -27 -25 -19
right_child=12 2 6 4 -6 -7 -8 8 -10 10 -12 -13 -14 -15 19 16 17 29 -20 -21 21 22 -24 28 25 26 -28 -29 -30 -31
leaf_value=-0.010383095164340054 0.0042822377559016368 0.022440361176222723 0.0051637790576578718 0.020608931097818649 0.096999302297830589 -0.055898367266424678 -0.070885221555363392 0.03838154839218727 -0.029278356585344046 0.12308350986603536 0.030332917061944804 0.097155677408657298 -0.021935197099473728 -0.0032005706570699625 0.13535027249675732 0.0020158562201095026 0.063557726756802629 -0.080642821072319223 0.032337575985878268 0.034979930665551155 0.019582165072539025 -0.012167550579133426 0.040353102860972288 0.17892330114475707 -0.055957451570956489 -0.036955268641993881 0.013319765476582025 0.038260310030143178 0.076220872805074419 -0.024284963608689817
leaf_weight=805 472 512 195 293 25 44 28 42 109 33 60 22 242 8151 23 2073 28 43 206 170 21 102 130 22 105 155 197 28 27 417
leaf_count=805 472 512 195 293 25 44 28 42 109 33 60 22 242 8151 23 2073 28 43 206 170 21 102 130 22 105 155 197 28 27 417
internal_value=-0.000283547 0.0067329 0.0197987 -0.00134061 0.0122654 0.00811176 -0.00438497 0.0141556 -0.010459 0.0287127 0.0632444 0.0259551 -0.00148967 -0.00108969 0.00298848 0.000881463 -0.00273148 -0.0242108 0.00106082 0.0469412 0.0160614 0.0344712 0.0172621 0.0915072 -0.00145795 -0.0163058 -0.00534943 -0.0254469 0.122332 -0.0295532
internal_weight=14780 2168 828 1340 535 510 223 466 151 605 93 315 12612 12370 4219 4026 3252 488 2764 193 774 302 232 70 2558 485 380 183 49 460
internal_count=14780 2168 828 1340 535 510 223 466 151 605 93 315 12612 12370 4219 4026 3252 488 2764 193 774 302 232 70 2558 485 380 183 49 460
is_linear=0
shrinkage=0.05


Tree=107
num_leaves=31
num_cat=0
split_feature=3 19 18 18 0 13 0 0 14 14 15 19 9 0 14 0 9 17 16 18 18 15 15 18 1 8 8 7 7 14
split_gain=45.3611 62.7369 62.6465 86.2006 76.0458 62.5688 92.3291 75.0577 48.252 46.5538 43.4511 66.9254 85.804 69.133 53.9233 44.5898 43.6897 68.2391 54.8709 76.0634 113.797 89.5607 112.422 82.3046 75.4203 160.997 115.931 110.582 81.8078 73.3378
threshold=5.9712830000000006 9.8574999999999999 3.7874999999999983 4.3550000000000013 12.500000000000002 7.3250000000000011 18.500000000000004 34.500000000000007 18.625000000000004 34.002500000000005 36.447500000000012 3.1149999999999989 -103772.67999999995 23.500000000000004 48.947500000000005 13.500000000000002 1295634.7000000002 27.282500000000002 33.742500000000007 0.75750000000000217 0.37999999999999906 30.640000000000004 26.745000000000005 0.23999999999999846 1.5000000000000002 -4.3696441999999998 -2.6414029999999999 565805.28000000014 898493.40000000014 41.802500000000002
decision_type=2 2 2 2 2 2 2 2 2 2 2 2 2 2 2 2 2 2 2 2 2 2 2 2 2 2 2 2 2 2
left_child=1 2 4 9 -1 6 8 -7 -6 -4 16 12 13 -12 15 -13 18 -18 19 20 21 22 23 -2 26 -26 -20 -28 -29 -27
right_child=10 -3 3 -5 5 7 -8 -9 -10 -11 11 14 -14 -15 -16 -17 17 -19 24 -21 -22 -23 -24 -25 25 29 27 28 -30 -31
leaf_value=-0.014238223005252491 0.0041601349703071491 0.076785333045700108 0.13088859553847995 0.014648825872687147 0.11522609324753284 -0.035371023822101832 0.0079952497645719208 0.019544453160571202 0.039603666704561974 0.032406552091595674 -0.16651869924739005 0.017191493104459072 -0.020599331120676505 -0.040649826172739267 0.027952217829130988 -0.022202652552057764 0.0013963886289474594 -0.050751149640841924 -0.014121374273318058 -0.0071515153054462627 0.035338289536536657 0.058204956591988988 -0.039776044500699347 -0.03366180062475433 0.081842150949573117 0.0049946118803170922 0.0088579205025609616 0.089519877466631856 0.03103977222801595 -0.0096251266307392242
leaf_weight=476 2180 32 28 199 25 140 521 112 135 21 20 98 196 24 112 269 146 110 302 4292 254 65 176 154 59 1946 729 72 353 1534
leaf_count=476 2180 32 28 199 25 140 521 112 135 21 20 98 196 24 112 269 146 110 302 4292 254 65 176 154 59 1946 729 72 353 1534
internal_value=-0.000269369 0.00744226 0.00610311 0.0292763 0.00202435 0.0103212 0.0181978 -0.0109641 0.0514197 0.088682 -0.00126432 -0.0132135 -0.0347643 -0.097863 -0.00241566 -0.0116832 -0.000569893 -0.0210108 -0.000137997 -0.00295611 0.00340892 0.000259385 -0.0012412 0.0016646 0.00387958 -6.1244e-05 0.0134583 0.0206758 0.040947 -0.00144984
internal_weight=14780 1689 1657 248 1409 933 681 252 160 49 13091 719 240 44 479 367 12372 256 12116 7121 2829 2575 2510 2334 4995 3539 1456 1154 425 3480
internal_count=14780 1689 1657 248 1409 933 681 252 160 49 13091 719 240 44 479 367 12372 256 12116 7121 2829 2575 2510 2334 4995 3539 1456 1154 425 3480
is_linear=0
shrinkage=0.05


Tree=108
num_leaves=31
num_cat=0
split_feature=5 14 19 19 8 19 9 18 19 14 8 13 19 19 8 3 14 14 8 9 6 12 17 14 3 17 17 18 12 17
split_gain=42.2899 50.1981 91.3482 58.2168 77.3776 62.3969 116.512 89.4906 71.5251 51.147 50.7989 46.8805 43.831 49.8434 43.5565 40.6747 37.8525 47.2487 46.4806 36.1148 45.0932 56.2949 52.6684 40.7013 91.2929 77.1437 82.3318 77.0743 104.319 69.0524
threshold=7.3550000000000013 37.330000000000005 4.8775000000000022 -12.1075 -0.12542699999999926 3.0149999999999975 -246416.84999999995 1.5299999999999996 4.1700000000000026 38.160000000000004 2.4944149000000002 2.9600000000000004 1.0400000000000011 1.327499999999999 1.0000000180025095e-35 15.896209500000003 40.040000000000006 42.677500000000002 -1.0997624999999995 1452874.4150000003 23.643341500000002 11.765000000000002 28.732500000000005 28.422500000000003 7.5382385500000009 21.925000000000004 19.897500000000004 0.97000000000000075 19.580000000000002 19.202500000000004
decision_type=2 2 2 2 2 2 2 2 2 2 2 2 2 2 2 2 2 2 2 2 2 2 2 2 2 2 2 2 2 2
left_child=1 2 3 4 -1 7 8 -5 -7 -3 -4 -9 16 -14 -15 -13 18 -18 -11 23 21 22 -21 27 25 26 29 -2 -29 -25
right_child=19 9 10 5 -6 6 -8 11 -10 12 -12 15 13 14 -16 -17 17 -19 -20 20 -22 -23 -24 24 -26 -27 -28 28 -30 -31
leaf_value=0.11743250817060472 0.0017741627638152057 0.076207788559523496 -0.072038918290483325 -0.005329241856296945 0.0023043190301568423 0.15697737887501717 -0.011146173315901994 -0.031338301522448035 0.0232565338537097 -0.08327666533844813 0.0093758299597539018 -0.12644295896644947 0.076287787038319066 0.032230516878577573 -0.0052179386993785474 -0.035958990049750915 0.034308399659045655 -0.0082903076251100959 -0.0081496559232473367 0.026876381355751724 0.031458602275586493 -0.083824535682797435 -0.044185200246096019 0.039352064940720556 0.0014173022367170137 0.0084851328947329312 0.10506722857130738 -0.0097370502245684963 -0.094761105284497549 -0.035444485463408962
leaf_weight=20 3449 22 95 482 54 20 98 227 20 35 24 27 29 120 220 23 73 601 50 45 33 40 62 216 6482 654 41 1445 37 36
leaf_count=20 3449 22 95 482 54 20 98 227 20 35 24 27 29 120 220 23 73 601 50 45 33 40 62 216 6482 654 41 1445 37 36
internal_value=-0.000255901 -0.00658404 -0.0142722 -0.00920501 0.03342 -0.0127215 0.0182055 -0.0183445 0.090117 0.000703048 -0.0556191 -0.0409921 -0.000769562 0.013366 0.00799916 -0.0848203 -0.0076418 -0.0036765 -0.0390843 0.000874484 -0.0213605 -0.0332179 -0.0142995 0.00119829 0.00353588 0.018037 0.0393577 -0.00232349 -0.0118598 0.0286668
internal_weight=14780 2240 1090 971 74 897 138 759 40 1150 119 277 1128 369 340 50 759 674 85 12540 180 147 107 12360 7429 947 293 4931 1482 252
internal_count=14780 2240 1090 971 74 897 138 759 40 1150 119 277 1128 369 340 50 759 674 85 12540 180 147 107 12360 7429 947 293 4931 1482 252
is_linear=0
shrinkage=0.05


Tree=109
num_leaves=31
num_cat=0
split_feature=0 0 4 0 18 17 12 19 15 14 19 4 6 0 1 15 18 18 19 0 1 8 19 5 14 18 5 4 1 19
split_gain=40.6893 38.395 150.506 61.325 75.5725 125.868 55.6305 67.07 59.2522 75.8689 55.3565 55.0056 102.196 94.243 106.677 103.888 89.5568 169.443 83.5067 86.2402 75.3271 100.739 83.0218 78.4282 68.5986 101.392 74.1206 84.2628 68.4379 116.648
threshold=46.500000000000007 34.500000000000007 266720.00000000006 36.500000000000007 3.5699999999999972 21.450000000000003 10.505000000000001 4.8775000000000022 33.642500000000005 35.772500000000008 4.0000000000000036 292383.2900000001 18.098648000000004 17.500000000000004 1.5000000000000002 22.722500000000004 3.0674999999999994 2.9849999999999999 -1.5099999999999996 13.500000000000002 3.5000000000000004 -0.016205000000001132 2.3525000000000014 7.6850000000000014 32.300000000000004 5.5475000000000039 15.060000000000002 1935653.7000000004 1.5000000000000002 -12.1075
decision_type=2 2 2 2 2 2 2 2 2 2 2 2 2 2 2 2 2 2 2 2 2 2 2 2 2 2 2 2 2 2
left_child=1 11 6 -4 -5 -6 7 10 -9 -10 -3 18 13 14 15 -13 17 20 19 -1 21 28 -23 -24 25 -15 -26 -28 29 -14
right_child=-2 2 3 4 5 -7 -8 8 9 -11 -12 12 16 24 -16 -17 -18 -19 -20 -21 -22 22 23 -25 26 -27 27 -29 -30 -31
leaf_value=-0.013731166025958173 -0.018658188196551691 0.010983771015641347 0.016784481012002035 0.029596093858802516 0.18675124108170471 0.039727814263362138 -0.0058244535214428588 0.0021313060706534943 -0.1075102210044861 -0.015209768182020397 0.055586177016297977 0.099148691931496502 0.094216905945004564 -0.014799419755212345 -0.059843000449628675 -0.028101515277939023 -0.011064163716073905 0.13802479416131974 0.0062049225863897344 0.022286724279610776 -0.0044731529079761224 -0.0075114611194311287 0.0024160499739296296 0.11434383459132294 0.0017277212720720626 -0.11102351705942835 -0.010149052981542398 -0.10362255200743675 0.05218299601070138 0.00029495105872677496
leaf_weight=1125 294 960 372 124 24 37 1703 278 31 79 75 23 39 1229 187 53 833 25 3765 195 797 431 34 29 1454 28 73 36 230 217
leaf_count=1125 294 960 372 124 24 37 1703 278 31 79 75 23 39 1229 187 53 833 25 3765 195 797 431 34 29 1454 28 73 36 230 217
internal_value=-0.000243106 0.000130637 0.00453928 0.0284842 0.0520101 0.0975731 0.000272698 0.00756957 -0.0101595 -0.0412217 0.0142158 -0.00137237 -0.00473691 -0.0109166 -0.0395422 0.0104084 0.00249347 0.00876068 0.00241099 -0.00841034 0.00694211 0.0162257 0.000325257 0.0539384 -0.00824693 -0.0169428 -0.00125348 -0.041021 0.032388 0.0146034
internal_weight=14780 14486 3683 557 185 61 3126 1423 388 110 1035 10803 5718 3083 263 76 2635 1802 5085 1320 1777 980 494 63 2820 1257 1563 109 486 256
internal_count=14780 14486 3683 557 185 61 3126 1423 388 110 1035 10803 5718 3083 263 76 2635 1802 5085 1320 1777 980 494 63 2820 1257 1563 109 486 256
is_linear=0
shrinkage=0.05


Tree=110
num_leaves=31
num_cat=0
split_feature=18 18 3 14 6 12 3 17 13 18 6 19 14 17 18 15 16 1 14 18 17 9 18 3 17 16 5 5 5 19
split_gain=51.1201 53.2883 46.9777 44.5981 94.5895 95.3701 91.6296 92.8085 115.378 85.8021 74.7023 74.4946 76.0214 73.0512 72.5842 79.0034 72.347 72.1867 78.0247 117.865 70.4708 69.2553 64.8448 64.6793 62.6408 109.129 54.4157 53.3233 50.7917 49.6985
threshold=22.764999999999997 19.737500000000004 3.3506927500000003 28.422500000000003 10.773727500000001 19.910000000000004 10.166488500000002 21.925000000000004 12.100000000000001 -0.6174999999999996 27.878342000000004 2.3525000000000014 22.790000000000003 23.735000000000003 5.8875000000000002 22.722500000000004 29.957500000000007 2.5000000000000004 33.547500000000007 2.0500000000000012 23.250000000000004 -41350.869999999974 2.202500000000001 5.9712830000000006 21.450000000000003 39.632500000000007 26.660000000000004 14.795000000000002 7.3550000000000013 2.6325000000000007
decision_type=2 2 2 2 2 2 2 2 2 2 2 2 2 2 2 2 2 2 2 2 2 2 2 2 2 2 2 2 2 2
left_child=1 2 -1 4 11 13 7 24 14 21 26 22 -13 20 -9 -16 -10 -12 19 -19 28 -7 23 -4 25 27 -8 29 -6 -5
right_child=-2 -3 3 6 5 9 10 8 16 -11 17 12 -14 -15 15 -17 -18 18 -20 -21 -22 -23 -24 -25 -26 -27 -28 -29 -30 -31
leaf_value=0.013526215364445785 0.026237895990341566 -0.026040085008353715 -0.0010439568823874411 0.040619604249617886 -0.024496858146610775 0.063004550728059952 -0.0023187136005613173 -0.0039784177259730132 0.1261167098581791 -0.10255581824375051 -0.0093782385657815368 0.029285837892198748 -0.013536243670734702 0.018412885787356344 0.098333752182695799 0.014499034371261519 0.020983413537032904 0.046173634793270718 0.010016012000714374 0.18791474118828774 -0.050016514605472552 -0.062583778264081999 -0.049085585450974564 -0.027489848438567124 0.0922984411319097 -0.027718442140201874 0.058484072602555365 0.090006470412780093 0.0018821929516929844 0.0023410812962981987
leaf_weight=627 185 197 406 273 198 21 6720 1103 30 42 85 169 268 554 34 162 36 55 68 20 73 23 177 537 36 85 37 39 2328 123
leaf_count=627 185 197 406 273 198 21 6720 1103 30 42 85 169 268 554 34 162 36 55 68 20 73 23 177 537 36 85 37 39 2328 123
internal_value=0.000120366 -0.000212262 0.000142828 -0.000469592 -0.0043568 0.000511647 0.00162372 0.0112946 0.00428051 -0.0514381 -0.00103594 -0.0144846 0.00302424 0.00192861 0.00100385 0.0290418 0.0687713 0.0271131 0.0488037 0.0839713 -0.00158516 -0.00264389 -0.0213161 -0.0161038 0.0285144 0.0240986 -0.00198577 0.0342238 -0.000185524 0.0287301
internal_weight=14711 14526 14329 13702 4796 3239 8906 1921 1365 86 6985 1557 437 3153 1299 196 66 228 143 75 2599 44 1120 943 556 520 6757 435 2526 396
internal_count=14711 14526 14329 13702 4796 3239 8906 1921 1365 86 6985 1557 437 3153 1299 196 66 228 143 75 2599 44 1120 943 556 520 6757 435 2526 396
is_linear=0
shrinkage=0.05


Tree=111
num_leaves=31
num_cat=0
split_feature=3 0 3 1 6 0 16 17 16 17 0 19 9 3 3 6 5 8 19 6 8 17 5 5 7 12 9 17 12 8
split_gain=42.4893 70.0226 43.9629 47.3568 69.2446 42.265 35.7505 71.529 80.5442 104.248 83.3248 88.1179 180.927 73.8637 51.407 53.8316 75.4139 75.1239 75.0611 88.6485 64.263 60.2853 75.5716 93.6016 98.1907 66.7954 61.9352 53.2499 85.4865 95.3694
threshold=3.3506927500000003 12.500000000000002 0.70945740000000013 1.5000000000000002 3.5241241500000005 46.500000000000007 25.047500000000003 24.405000000000005 23.027500000000003 17.875000000000004 40.500000000000007 -0.47500000000000048 -231562.74999999997 15.557846000000003 27.473648000000004 15.596039000000003 14.325000000000001 5.7915344350000009 4.0000000000000036 6.0059050000000012 -1.2987973999999993 16.737500000000004 21.175000000000004 15.585000000000003 537996.82000000007 15.835000000000003 1556975.3800000001 21.360000000000003 19.580000000000002 3.4271845000000014
decision_type=2 2 2 2 2 2 2 2 2 2 2 2 2 2 2 2 2 2 2 2 2 2 2 2 2 2 2 2 2 2
left_child=1 -1 -3 4 -4 6 7 8 9 10 11 12 -2 -9 15 16 17 -8 27 -20 -17 25 23 26 -25 -22 -23 -18 -29 -30
right_child=5 2 3 -5 -6 -7 14 13 -10 -11 -12 -13 -14 -15 -16 20 18 -19 19 -21 21 22 -24 24 -26 -27 -28 28 29 -31
leaf_value=-0.0078062332364835689 0.18105633646297398 0.076646928642040646 0.1164859480898956 0.011699618664250747 0.011315262383397889 -0.018770858424835894 0.001998260547477117 0.084923558788640163 -0.019241324861219555 -0.013088505594240366 -0.027859712946305022 0.0074246535817996742 0.028621637855708801 0.0066775863642029674 0.013781398415731342 -0.01307794469232277 -0.014023811694372584 -0.041606949896224321 0.12689971810689679 0.030261678091364399 0.030540518250178408 0.00017205400868735172 0.066100449432851746 -0.0076208615819431426 -0.078517422737714684 -0.031851474825731099 -0.066765687029276585 0.0080439668645624213 0.027281197183357 0.14283641644825157
leaf_weight=248 22 39 29 277 34 308 4481 42 885 898 122 632 169 107 763 1300 189 101 27 196 270 2730 40 123 81 51 35 429 57 26
leaf_count=248 22 39 29 277 34 308 4481 42 885 898 122 632 169 107 763 1300 189 101 27 196 270 2730 40 123 81 51 35 429 57 26
internal_value=0.000114347 0.0128499 0.0263663 0.0205988 0.0597272 -0.000452622 -4.30679e-05 -0.00500068 -0.0068432 -0.000889683 0.0107024 0.0164188 0.0461796 0.0287335 0.00126559 0.000323447 0.00366484 0.00103708 0.0166956 0.0419622 -0.00365014 3.03795e-05 -0.00216695 -0.00308669 -0.035771 0.0206278 -0.000675259 0.00865783 0.0170305 0.0634792
internal_weight=14711 627 379 340 63 14084 13776 2877 2728 1843 945 823 191 149 10899 10136 5506 4582 924 223 4630 3330 3009 2969 204 321 2765 701 512 83
internal_count=14711 627 379 340 63 14084 13776 2877 2728 1843 945 823 191 149 10899 10136 5506 4582 924 223 4630 3330 3009 2969 204 321 2765 701 512 83
is_linear=0
shrinkage=0.05


Tree=112
num_leaves=31
num_cat=0
split_feature=18 18 0 3 19 0 3 18 13 1 0 6 16 0 0 1 14 3 6 9 19 18 9 14 0 3 19 15 4 7
split_gain=44.7678 48.3017 41.0614 37.105 47.5422 49.4909 61.7988 58.9524 73.9513 58.7494 58.3087 52.3004 44.4807 31.8877 95.6765 77.4383 52.8561 106.151 48.3643 39.8757 87.815 63.1052 94.5262 75.5595 53.1576 69.6733 69.4471 58.9489 70.3538 100.144
threshold=22.764999999999997 19.737500000000004 46.500000000000007 5.9712830000000006 9.8574999999999999 12.500000000000002 0.70945740000000013 3.7874999999999983 9.0350000000000019 4.5000000000000009 18.500000000000004 2.7368622000000005 16.995000000000005 25.500000000000004 23.500000000000004 4.5000000000000009 58.470000000000006 15.056839000000002 15.944320750000001 4417.8969999999981 -1.2799999999999991 1.8399999999999948 63712.694999999956 45.900000000000006 4.5000000000000009 24.111328000000004 -5.8024999999999975 31.907500000000006 386441.48500000004 1293905.0500000003
decision_type=2 2 2 2 2 2 2 2 2 2 2 2 2 2 2 2 2 2 2 2 2 2 2 2 2 2 2 2 2 2
left_child=1 2 3 4 5 7 -7 -1 -9 10 11 -8 -12 14 19 18 -15 -18 -16 24 21 -21 -23 -24 26 27 -5 -26 -29 -30
right_child=-2 -3 -4 13 -6 6 9 8 -10 -11 12 -13 -14 16 15 -17 17 -19 -20 20 -22 22 23 -25 25 -27 -28 28 29 -31
leaf_value=-0.012537654782204114 0.024549615777324181 -0.024792331299475077 -0.017746357798315349 -0.038902084721112035 0.064367229907980397 0.075517925325977175 0.095262441703596643 0.0075676807508635747 0.10983089777556332 -0.0089551692558016982 -0.047560153412632644 0.028975097110072203 0.013272538843836718 0.0015946681667550297 -0.054223509695513185 0.0093493141852585334 0.10541712266921595 0.0060173978228407095 -0.019305861842779756 -0.0055547117401441243 -0.016682195042354162 -0.03127921672185531 0.10902692304646716 0.024968158105208027 0.01218173985790689 -0.0081541242499038481 -0.0032899160523518728 0.0051781925025898498 -0.088138936885886587 -0.0065553717000190834
leaf_weight=492 185 197 314 156 36 38 37 90 22 278 32 152 493 5530 169 140 37 98 240 198 942 37 47 62 2094 860 1118 443 55 119
leaf_count=492 185 197 314 156 36 38 37 90 22 278 32 152 493 5530 169 140 37 98 240 198 942 37 47 62 2094 860 1118 443 55 119
internal_value=0.00010863 -0.000202645 0.000135422 0.000536056 0.00753088 0.00627867 0.0129422 -0.00508469 0.0276551 0.0105452 0.0181378 0.041952 0.00956464 -0.000410186 -0.00275036 -0.0227473 0.00234928 0.0332603 -0.0337339 -0.000959734 -0.00878655 0.0128347 0.0377737 0.0612137 0.00111772 0.00424593 -0.00765059 0.00817955 -0.00540323 -0.0323433
internal_weight=14711 14526 14329 14015 1670 1634 1030 604 112 992 714 189 525 12345 6680 549 5665 135 409 6131 1286 344 146 109 4845 3571 1274 2711 617 174
internal_count=14711 14526 14329 14015 1670 1634 1030 604 112 992 714 189 525 12345 6680 549 5665 135 409 6131 1286 344 146 109 4845 3571 1274 2711 617 174
is_linear=0
shrinkage=0.05


Tree=113
num_leaves=31
num_cat=0
split_feature=18 18 0 8 4 18 14 15 15 7 4 14 3 17 13 18 17 4 5 1 6 1 12 6 8 3 17 0 3 14
split_gain=40.4029 43.5923 37.0579 34.138 51.7828 36.0648 34.2411 32.9817 49.0149 64.8351 71.8196 39.3363 85.9007 70.8244 81.8289 66.0753 92.8668 86.5501 65.4838 86.9571 64.5044 78.2352 81.9669 69.8708 68.5831 63.3004 53.0024 77.158 73.4939 141.651
threshold=22.764999999999997 19.737500000000004 46.500000000000007 5.1477356000000007 2411032.1500000004 -6.1399999999999961 22.220000000000002 47.215000000000011 36.447500000000012 663668.88000000012 929740.33000000019 28.422500000000003 10.166488500000002 21.925000000000004 12.585000000000003 0.97000000000000075 24.632500000000004 852443.95000000007 8.1250000000000018 1.5000000000000002 27.878342000000004 2.5000000000000004 7.6250000000000009 28.613800000000005 4.0357211500000014 21.162872000000004 34.155000000000008 17.500000000000004 24.709060500000003 34.155000000000008
decision_type=2 2 2 2 2 2 2 2 2 2 2 2 2 2 2 2 2 2 2 2 2 2 2 2 2 2 2 2 2 2
left_child=1 2 3 7 5 -5 -7 8 11 -10 -11 15 13 -13 -15 -1 18 25 -17 -20 24 -22 -23 -24 26 -18 -14 -28 29 -29
right_child=-2 -3 -4 4 -6 6 -8 -9 9 10 -12 12 20 14 -16 16 17 -19 19 -21 21 22 23 -25 -26 -27 27 28 -30 -31
leaf_value=0.0014886536540332359 0.023322134988030069 -0.023552714650983672 -0.016859039858837795 0.046031924599298724 -0.085400892142206433 0.04613617219941013 -0.01845969014609038 0.026588736417057415 -0.001149922259211797 -0.10885820277035237 -0.023511479901730817 0.028737077061279821 -0.0026357076776237524 0.0038176042347565541 0.071203080856023324 -0.043556853409649599 0.036506259298095332 0.096530066496309117 0.013895100333095302 -0.019085885256225718 -0.0089090634663315377 0.024464192900649578 0.17467400917694684 0.045693769554297131 0.027429048159937248 -0.041154824586754499 -0.011958235185255177 0.12551390866650955 -0.061479373808418003 0.022263932093505214
leaf_weight=3620 185 197 314 27 24 22 304 124 440 28 206 531 5224 1087 47 180 65 34 265 813 85 83 21 21 218 44 179 38 21 264
leaf_count=3620 185 197 314 27 24 22 304 124 440 28 206 531 5224 1087 47 180 65 34 265 813 85 83 21 21 218 44 179 38 21 264
internal_value=0.000103198 -0.000192513 0.000128651 0.000509253 -0.0143329 -0.0095011 -0.0141005 0.00091954 0.000684008 -0.012459 -0.0337239 0.00137391 0.00359162 0.0136671 0.00661048 -0.00207963 -0.0112996 0.0268819 -0.0156398 -0.0109783 0.000865647 0.0280999 0.053266 0.110184 -9.65324e-05 0.00515683 -0.00114449 0.0143737 0.0289664 0.0352557
internal_weight=14711 14526 14329 14015 377 353 326 13638 13514 674 234 12840 7819 1665 1134 5021 1401 143 1258 1078 6154 210 125 42 5944 109 5726 502 323 302
internal_count=14711 14526 14329 14015 377 353 326 13638 13514 674 234 12840 7819 1665 1134 5021 1401 143 1258 1078 6154 210 125 42 5944 109 5726 502 323 302
is_linear=0
shrinkage=0.05


Tree=114
num_leaves=31
num_cat=0
split_feature=18 18 3 0 14 3 14 6 12 18 3 17 17 13 18 8 17 17 6 14 9 17 12 9 8 9 1 16 9 12
split_gain=36.4636 39.342 35.2415 58.1656 36.1789 43.2967 35.7263 84.4723 87.3672 76.1989 70.4713 80.3471 128.491 75.1596 67.667 68.656 65.4387 72.8051 64.6568 63.4334 88.2036 72.9552 86.7572 62.3006 60.4205 60.6681 80.8191 56.0986 53.162 58.0941
threshold=22.764999999999997 19.737500000000004 3.3506927500000003 12.500000000000002 18.002500000000001 0.70945740000000013 28.422500000000003 13.544097500000001 19.910000000000004 -0.6174999999999996 10.166488500000002 29.960000000000004 29.755000000000003 9.3050000000000015 8.1499999999999968 0.86338799999999971 23.735000000000003 23.250000000000004 26.373886000000002 33.040000000000006 130763.14999999998 18.080000000000002 7.6250000000000009 -41350.869999999974 1.4882812499999996 1406.1034999999999 1.5000000000000002 22.790000000000003 -5609.9405000000215 7.6450000000000005
decision_type=2 2 2 2 2 2 2 2 2 2 2 2 2 2 2 2 2 2 2 2 2 2 2 2 2 2 2 2 2 2
left_child=1 2 3 -1 -5 -6 7 -4 16 23 11 12 24 -14 28 -16 17 -9 -12 20 21 -20 -23 -10 25 -8 -27 -24 29 -13
right_child=-2 -3 6 4 5 -7 10 8 9 -11 18 14 13 -15 15 -17 -18 -19 19 -21 -22 22 27 -25 -26 26 -28 -29 -30 -31
leaf_value=-0.0071122888794859819 0.022156028470930622 -0.02237507905178765 -0.012309180864272488 0.086263106797229164 0.072193352712525263 0.014366754282532824 0.02600651442384231 0.00081621540496611968 0.059930514216068244 -0.096489317839344349 -0.0022042946950696462 -0.091671902262605742 0.019811994546935673 0.14154702206142247 0.0040112204369506799 0.093708627531304961 0.019782483010895944 -0.056872110083765748 0.011255708700273096 -0.0046771462769076887 -0.013334416146390141 0.014176838469310581 0.048970062421126802 -0.059185200476128123 -0.0078776735306361374 0.048990135500207546 -0.021641529908254284 0.1317169866628117 -0.0046137633778388209 -0.010463137243285167
leaf_weight=248 185 197 1837 22 36 321 769 2342 21 42 6484 40 21 32 64 32 475 56 82 208 80 44 33 23 255 54 162 54 443 49
leaf_count=248 185 197 1837 22 36 321 769 2342 21 42 6484 40 21 32 64 32 475 56 82 208 80 44 33 23 255 54 162 54 443 49
internal_value=9.80385e-05 -0.000182887 0.000122219 0.0117139 0.0240329 0.020198 -0.000408215 -0.00388737 0.00134104 -0.0483171 0.00146536 0.0099465 0.0170729 0.0933124 -0.00472623 0.0339104 0.0028275 -0.000530968 -0.000867111 0.0164389 0.0314291 0.0482417 0.0713932 -0.00233452 0.0138143 0.01943 -0.00398361 0.10033 -0.0116982 -0.0469615
internal_weight=14711 14526 14329 627 379 357 13702 4796 2959 86 8906 1921 1293 53 628 96 2873 2398 6985 501 293 213 131 44 1240 985 216 87 532 89
internal_count=14711 14526 14329 627 379 357 13702 4796 2959 86 8906 1921 1293 53 628 96 2873 2398 6985 501 293 213 131 44 1240 985 216 87 532 89
is_linear=0
shrinkage=0.05


Tree=115
num_leaves=31
num_cat=0
split_feature=5 13 9 8 0 19 5 1 19 9 8 3 17 14 5 19 14 4 19 7 4 9 5 9 3 9 14 0 17 12
split_gain=46.3034 47.5064 49.8645 55.8309 78.994 49.3131 46.6048 44.1193 66.936 43.8562 41.3518 82.3114 52.9233 44.7635 41.7499 62.6083 40.7824 39.9005 33.0661 32.7639 31.2321 29.2438 55.067 52.2539 37.5738 28.9034 27.3361 58.0313 40.2482 43.3493
threshold=7.0550000000000006 3.0050000000000003 -146641.20000000004 2.9637297500000011 20.500000000000004 -1.5099999999999996 4.9250000000000007 1.5000000000000002 -0.70250000000000046 -1923529.3499999999 0.13192799999999852 10.871643000000002 29.065000000000005 39.452500000000008 4.3050000000000006 -1.8575000000000015 37.047500000000007 865690.07500000007 5.1449999999999987 1666886.3500000003 1751472.8000000003 548030.10000000021 0.99500000000000011 110369.87999999996 11.606857000000002 -1923529.3499999999 18.980000000000004 12.500000000000002 18.870000000000001 10.765000000000002
decision_type=2 2 2 2 2 2 2 2 2 2 2 2 2 2 2 2 2 2 2 2 2 2 2 2 2 2 2 2 2 2
left_child=1 2 3 9 -5 21 16 -7 20 -1 11 13 17 -11 15 -14 -3 -13 -10 -19 -9 23 -23 -4 -25 -2 27 -27 -29 -30
right_child=25 6 5 4 -6 7 -8 8 18 10 -12 12 14 -15 -16 -17 -18 19 -20 -21 -22 22 -24 24 -26 26 -28 28 29 -31
leaf_value=-0.049096801253035671 0.052727359174578284 -0.085328500454916689 -0.0042438154905030763 0.12730689191852104 0.010819688863879027 -0.0055484070810962295 -0.013819259031069517 -0.038345547930591486 -0.015429264026700529 -0.0051771995292612073 -0.010184144183603142 0.077697281986474992 -0.017875639572739601 -0.093278170483452938 0.1083466502741493 0.076697299487534024 -0.0093331785941565479 -0.055386028871206305 -0.067852034877453532 0.012270530694633845 -0.1157348332926631 -0.095971938632428644 0.0085862792151815744 -0.011458869084067968 0.063534564430420826 -0.017128182318231319 0.00053416353474191366 0.010652107991503948 0.022079797164206546 0.085370633301014701
leaf_weight=40 27 51 193 22 43 256 212 22 214 46 253 20 30 21 29 42 27 21 35 121 32 20 34 23 61 107 12390 165 62 48
leaf_count=40 27 51 193 22 43 256 212 22 214 46 253 20 30 21 29 42 27 21 35 121 32 20 34 23 61 107 12390 165 62 48
internal_value=-2.36857e-05 -0.00737738 -0.00395913 0.00614998 0.0502461 -0.0117738 -0.0259774 -0.0208304 -0.0337419 0.00154926 0.00502412 0.0166838 0.0292876 -0.0327909 0.0576938 0.0372919 -0.0590224 0.0115776 -0.0227979 0.00226498 -0.0842059 0.00352113 -0.030139 0.010083 0.0430006 0.00104958 0.000940331 0.0141142 0.0262703 0.0496976
internal_weight=14667 1868 1578 688 65 890 290 559 303 623 583 330 263 67 101 72 78 162 249 142 54 331 54 277 84 12799 12772 382 275 110
internal_count=14667 1868 1578 688 65 890 290 559 303 623 583 330 263 67 101 72 78 162 249 142 54 331 54 277 84 12799 12772 382 275 110
is_linear=0
shrinkage=0.05


Tree=116
num_leaves=31
num_cat=0
split_feature=5 18 17 18 1 18 9 7 16 6 19 19 3 9 15 19 6 17 4 18 4 17 17 17 16 17 14 14 4 6
split_gain=41.7888 46.583 58.7708 66.282 54.9908 72.9298 53.7339 38.0525 69.6248 77.4966 37.093 51.8256 34.7196 41.553 60.4495 54.3416 28.8805 26.8923 43.3611 26.7929 37.5505 28.0391 56.0187 58.56 47.325 75.0609 98.231 76.8485 256.561 63.8793
threshold=7.0550000000000006 -0.67249999999999932 31.665000000000003 -24.724999999999998 1.5000000000000002 1.0000000180025095e-35 -1084649.4299999997 2797180.0000000005 46.055000000000007 15.863769500000002 5.4699999999999998 7.6050000000000013 7.4289702500000008 -671777.45000000007 34.750000000000007 2.5500000000000003 19.902633500000004 34.577500000000008 1981601.9500000002 22.764999999999997 983522.15000000014 26.145000000000007 26.992500000000003 26.875000000000004 25.945000000000004 24.405000000000005 23.462500000000006 23.305000000000003 215239.83000000005 22.583572500000002
decision_type=2 2 2 2 2 2 2 2 2 2 2 2 2 2 2 2 2 2 2 2 2 2 2 2 2 2 2 2 2 2
left_child=1 2 3 -1 7 -6 -4 8 -3 -10 -5 -12 -7 14 15 -14 -8 18 -9 21 -21 24 23 -23 25 26 27 -2 -29 -27
right_child=19 4 6 10 5 12 16 17 9 -11 11 -13 13 -15 -16 -17 -18 -19 -20 20 -22 22 -24 -25 -26 29 -28 28 -30 -31
leaf_value=-0.069204964978286085 0.0024740524460195265 -0.004285776901353529 0.088788294674928436 0.003080799017934815 -0.11444825707850131 0.043109764009714127 0.003231825512814355 -0.1089943377744584 0.1100897991657257 -0.0066734319035377772 -0.074533481464574211 0.018160332992672921 0.0016376721492457774 -0.032551186416134407 -0.050959352472502939 0.094699150927010034 0.04737850235775113 0.011766729251636814 -0.020642734157693826 0.036402170667750366 -0.013936804821369825 -0.013327865735830172 -0.0013585943052715 -0.073419791479738289 0.0052229616720902202 0.047965058735116646 -0.011978185773654462 -0.019255113768133714 0.16789969171086949 -0.00085799090348667023
leaf_weight=39 1535 400 28 475 22 20 143 21 30 27 38 25 62 364 38 21 50 24 41 118 54 184 3325 52 5342 133 1844 47 30 135
leaf_count=39 1535 400 28 475 22 20 143 21 30 27 38 25 62 364 38 21 50 24 41 118 54 184 3325 52 5342 133 1844 47 30 135
internal_value=-2.25015e-05 -0.00700851 0.00213442 -0.00626322 -0.0138273 -0.0253331 0.0240595 -0.00266046 0.0030814 0.0547809 -0.00170053 -0.0377502 -0.0214508 -0.0241131 0.00127076 0.0251833 0.0146688 -0.0331725 -0.0505683 0.000997099 0.0205981 0.000730102 -0.00302934 -0.0265685 0.00220676 -0.00211992 -0.00409667 0.00491915 0.0536623 0.0233714
internal_weight=14667 1868 798 577 1070 527 221 543 457 57 538 63 505 485 121 83 193 86 62 12799 172 12627 3561 236 9066 3724 3456 1612 77 268
internal_count=14667 1868 798 577 1070 527 221 543 457 57 538 63 505 485 121 83 193 86 62 12799 172 12627 3561 236 9066 3724 3456 1612 77 268
is_linear=0
shrinkage=0.05


Tree=117
num_leaves=31
num_cat=0
split_feature=5 18 17 18 1 8 8 18 14 15 9 8 8 18 15 13 9 6 3 8 18 4 17 13 17 13 5 0 8 18
split_gain=37.7144 42.0411 53.0406 59.8195 49.6292 82.2628 70.6533 65.8192 58.8678 54.2783 48.4948 41.781 85.5102 57.4521 45.9747 28.0093 26.1496 26.0647 25.364 25.3516 24.4519 33.8894 25.9012 67.029 72.4837 58.3861 57.0778 56.689 47.5757 92.7939
threshold=7.0550000000000006 -0.67249999999999932 31.665000000000003 -24.724999999999998 1.5000000000000002 -4.3696441999999998 -2.58636475 1.0000000180025095e-35 40.752500000000005 31.150000000000002 -1084649.4299999997 -1.1370699999999994 -1.7295076999999999 2.4800000000000026 33.957500000000003 4.0050000000000008 -1923529.3499999999 19.902633500000004 23.641525500000004 2.6121675999999998 22.764999999999997 983522.15000000014 26.145000000000007 6.0850000000000009 26.992500000000003 1.0000000180025095e-35 18.715000000000003 19.500000000000004 -3.9861605 -2.7449999999999934
decision_type=2 2 2 2 2 2 2 2 2 2 2 2 2 2 2 2 2 2 2 2 2 2 2 2 2 2 2 2 2 2
left_child=1 2 3 -1 5 -3 -7 -6 -8 -10 -4 12 13 15 -15 -9 -2 -12 -19 -13 22 -22 28 24 -24 -26 -25 -27 29 -18
right_child=16 4 10 -5 7 6 8 11 9 -11 17 19 -14 14 -16 -17 20 18 -20 -21 21 -23 23 26 25 27 -28 -29 -30 -31
leaf_value=-0.065744716569017134 0.050101594199185022 -0.089309588697953871 0.084348880025624698 -0.0016155020172835836 -0.10872584513642572 0.085610771000695737 -0.02094448641320026 -0.02374510428106243 0.0061280511907071938 0.08091797755893182 0.003070234133002277 -0.035344958992402663 0.08113133920622724 -0.018032941526987336 0.0691992046068544 -0.1055010163784027 0.04872334359485346 0.085185092382810343 0.013443100819131359 -0.0013373841767880456 0.034582061869865753 -0.013239964925580557 -0.042687076321254451 0.003724172736050474 -0.0036819713868112059 -0.087036283407360318 0.068366957125919212 -0.017693333617145462 0.0010204768438525082 0.0042068420365215225
leaf_weight=39 27 26 28 538 22 24 227 22 239 27 143 301 28 44 23 20 156 22 28 67 118 54 146 1403 1816 40 35 112 8423 469
leaf_count=39 27 26 28 538 22 24 227 22 239 27 143 301 28 44 23 20 156 22 28 67 118 54 146 1403 1816 40 35 112 8423 469
internal_value=-2.13763e-05 -0.00665808 0.0020277 -0.00595006 -0.0131359 -0.00252744 0.00183685 -0.0240664 -0.0022414 0.0137195 0.0228565 -0.0203783 0.00319268 -0.0168283 0.0119124 -0.0626765 0.000947244 0.0139353 0.0450096 -0.0291534 0.000843332 0.0195682 0.000587723 -0.00303041 -0.00869531 -0.00617356 0.00529754 -0.0359415 0.0020081 0.0153182
internal_weight=14667 1868 798 577 1070 543 517 527 493 266 221 505 137 109 67 42 12799 193 50 368 12772 172 12600 3552 2114 1968 1438 152 9048 625
internal_count=14667 1868 798 577 1070 543 517 527 493 266 221 505 137 109 67 42 12799 193 50 368 12772 172 12600 3552 2114 1968 1438 152 9048 625
is_linear=0
shrinkage=0.05


Tree=118
num_leaves=31
num_cat=0
split_feature=5 13 18 18 3 17 5 9 17 16 2 12 14 0 4 16 9 18 3 9 9 3 19 0 4 17 19 3 9 14
split_gain=34.0373 37.9457 40.8192 43.7598 48.1981 39.8769 41.7578 35.232 34.6203 35.3125 34.5671 42.7419 40.5374 34.3883 34.029 33.8155 57.7861 51.1231 57.5908 32.7556 31.5611 36.3157 31.1657 42.0399 30.2674 27.6128 26.5805 29.2537 26.1542 56.7431
threshold=7.0550000000000006 3.0050000000000003 -0.67249999999999932 -1.0000000180025095e-35 16.645233500000003 35.697500000000012 4.9250000000000007 -1923529.3499999999 28.232500000000005 49.947500000000005 1.0000000180025095e-35 4.0050000000000008 60.497500000000002 20.500000000000004 256564.61500000002 34.492500000000007 -62820.749999999993 3.9450000000000007 13.912460000000001 -929876.90799999994 -483145.70000000013 16.262436500000003 -1.792500000000002 25.500000000000004 1368776.0500000003 33.957500000000003 5.4699999999999998 14.903457500000002 -1038141.5499999999 53.307500000000012
decision_type=2 2 2 2 2 2 2 2 2 2 2 2 2 2 2 2 2 2 2 2 2 2 2 2 2 2 2 2 2 2
left_child=1 2 8 4 -4 6 24 -5 9 26 11 12 20 14 -11 25 28 -18 -19 -10 21 -9 -22 -24 -3 -13 27 -1 -17 -30
right_child=-2 5 3 7 -6 -7 -8 10 19 13 -12 15 -14 -15 -16 16 17 18 -20 -21 22 -23 23 -25 -26 -27 -28 -29 29 -31
leaf_value=-0.0031152546231945355 0.00089988170071057675 -0.1179099426383064 -0.10457552635669709 -0.07128406486340931 -0.010573808265229067 0.0076184682118204923 -0.020252843026575745 0.10274439280771691 0.069493071926814129 0.001643912121653557 -0.057543884283832974 -0.017659967144501722 -0.036883721070583256 -0.0021892798787101785 -0.078931396508491361 0.00088627958234320297 0.036066915877163409 -0.10759129482118979 -0.016064341004718753 0.014722903198754132 0.04677555120486597 0.017951515188906343 -0.025635318313597718 0.037150838057554904 -0.043455426796124533 -0.076863040198527632 -0.047265881448984151 0.028491567176200085 0.012914003706537187 0.10893879655003547
leaf_weight=150 12799 21 25 21 30 78 152 23 33 20 31 317 34 94 38 47 30 23 68 158 44 28 73 42 39 21 20 143 40 25
leaf_count=150 12799 21 25 21 30 78 152 23 33 20 31 317 34 94 38 47 30 23 68 158 44 28 73 42 39 21 20 143 40 25
internal_value=-2.03075e-05 -0.00632518 -0.0032702 -0.0100534 -0.0533019 -0.0229485 -0.0341948 -0.00730985 0.00626352 -0.00109811 -0.00572184 -0.0037507 0.0137656 -0.0208704 -0.0511468 -0.0112358 0.00341939 -0.0205369 -0.0391975 0.0241858 0.0219659 0.0561914 0.0109879 -0.00270472 -0.0695145 -0.0213383 0.0085038 0.0123106 0.0293008 0.0498466
internal_weight=14667 1868 1578 922 55 290 212 867 656 465 846 815 244 152 58 571 233 121 91 191 210 51 159 115 60 338 313 293 112 65
internal_count=14667 1868 1578 922 55 290 212 867 656 465 846 815 244 152 58 571 233 121 91 191 210 51 159 115 60 338 313 293 112 65
is_linear=0
shrinkage=0.05


Tree=119
num_leaves=31
num_cat=0
split_feature=5 18 17 18 1 18 9 7 16 6 19 19 9 15 19 15 19 17 16 14 16 15 16 9 6 6 18 9 5 19
split_gain=30.7186 34.5502 43.8818 51.5567 43.0571 53.6389 40.2283 32.7071 54.6535 61.5642 30.172 45.2617 27.9424 51.6801 44.8409 37.1302 25.335 24.9682 24.0308 37.2911 41.0197 78.6105 53.0382 51.589 40.5884 88.0199 113.802 120.53 66.7102 101.044
threshold=7.0550000000000006 -0.67249999999999932 31.665000000000003 -24.724999999999998 1.5000000000000002 1.0000000180025095e-35 -1084649.4299999997 2797180.0000000005 46.055000000000007 15.863769500000002 5.4699999999999998 7.6050000000000013 -671777.45000000007 34.750000000000007 2.5500000000000003 38.112500000000004 1.5374999999999963 27.947500000000002 16.995000000000005 20.775000000000006 27.487500000000001 14.465000000000002 27.350000000000005 -894473.67499999993 10.851791000000002 24.909805500000004 1.0275000000000019 -210657.66999999995 11.965000000000002 2.7525000000000017
decision_type=2 2 2 2 2 2 2 2 2 2 2 2 2 2 2 2 2 2 2 2 2 2 2 2 2 2 2 2 2 2
left_child=1 2 3 -1 7 -6 -4 8 -3 -10 16 -12 13 14 -7 -14 17 -5 -2 -20 22 -22 24 -23 28 26 27 -26 29 -21
right_child=18 4 6 10 5 12 -8 -9 9 -11 11 -13 15 -15 -16 -17 -18 -19 19 20 21 23 -24 -25 25 -27 -28 -29 -30 -31
leaf_value=-0.060902810227484089 -0.02775069199604531 -0.003204128175741062 0.076817042840411895 0.0028551364685163688 -0.098488057912750684 0.0029407263538169283 0.012685144883508123 -0.030288082411848445 0.098424880715707944 -0.0056459504421110512 -0.06825524995985785 0.018369908004999162 -0.031141450442650112 -0.046074058247828176 0.087476575622955965 0.016297525855058687 0.028996525291735548 -0.033441361947493121 0.01182695149571775 -0.016763318475948048 0.043709352437769418 0.029742191210446984 -0.047474858175585236 0.0011562843083900015 0.14061750376969576 -0.0071811512833822623 -0.0011358510894933717 0.026773006000053924 -0.028675429990398699 0.017794152144889715
leaf_weight=39 73 400 28 342 22 62 193 86 30 27 38 25 337 38 21 47 78 55 751 537 113 161 69 8019 25 1430 580 332 360 349
leaf_count=39 73 400 28 342 22 62 193 86 30 27 38 25 337 38 21 47 78 55 751 537 113 161 69 8019 25 1430 580 332 360 349
internal_value=-1.92922e-05 -0.00600892 0.00186511 -0.00539125 -0.0118813 -0.0220624 0.0208105 -0.00200022 0.0033231 0.0491282 -0.00136718 -0.0338802 -0.018733 0.00221916 0.0243293 -0.0253351 0.00294508 -0.00217335 0.000854888 0.00101898 0.000341166 0.00229108 -0.00405063 0.00171892 -0.00322133 0.000623674 0.012535 0.0347453 -0.0105256 -0.00315095
internal_weight=14667 1868 798 577 1070 527 221 543 457 57 538 63 505 121 83 384 475 397 12799 12726 11975 8293 3682 8180 3613 2367 937 357 1246 886
internal_count=14667 1868 798 577 1070 527 221 543 457 57 538 63 505 121 83 384 475 397 12799 12726 11975 8293 3682 8180 3613 2367 937 357 1246 886
is_linear=0
shrinkage=0.05


Tree=120
num_leaves=31
num_cat=0
split_feature=13 9 0 13 18 0 3 1 8 0 14 14 14 4 14 19 5 18 0 17 18 4 3 15 3 18 15 8 15 8
split_gain=31.7855 53.1261 50.1021 77.1608 81.8964 71.5685 70.954 58.8191 56.8505 53.8599 61.9176 56.9391 111.423 167.472 71.593 58.7465 59.3724 50.7705 50.3537 50.0109 49.4262 92.953 48.7311 46.8804 45.5458 57.8979 49.186 44.5216 43.4538 43.3547
threshold=8.5450000000000017 -52725.36250000001 8.5000000000000018 1.0000000180025095e-35 -13.907499999999997 19.500000000000004 15.557846000000003 1.0000000180025095e-35 7.2601008650000001 40.500000000000007 27.700000000000006 23.462500000000006 23.305000000000003 215239.83000000005 27.487500000000001 2.4450000000000043 17.745000000000001 -3.7249999999999992 32.500000000000007 19.492500000000003 1.3999999999999952 76504.653000000006 22.809326500000005 23.207500000000003 7.4289702500000008 -3.7774999999999994 34.042500000000011 5.1477356000000007 13.787500000000001 1.4882812499999996
decision_type=2 2 2 2 2 2 2 2 2 2 2 2 2 2 2 2 2 2 2 2 2 2 2 2 2 2 2 2 2 2
left_child=2 -2 7 4 -4 6 20 -1 9 11 -11 12 15 -14 -13 16 17 -6 -17 -19 -5 -22 23 -9 25 -16 -27 -3 -26 -23
right_child=1 27 3 5 8 -7 -8 22 -10 10 -12 14 13 -15 24 18 -18 19 -20 -21 21 29 -24 -25 28 26 -28 -29 -30 -31
leaf_value=-0.026612815638378001 -0.013935288577513347 0.0092824893560267251 0.082389471726492053 -0.021582971000197262 0.030407503743804055 -0.0021965471061845426 -0.0089483006180897471 -0.01688992525965911 -0.068878947477787736 -0.020962440446872194 0.00096173171650357897 -0.0093810533541050511 -0.018343663795597175 0.16327952119211356 -0.027406628440635711 0.026357152958071846 -0.040181067085168401 0.009590926217316836 0.10816756165944613 -0.029117505745147355 -0.0080720918775513406 -0.12681720387190581 0.0095102331595554174 0.0014631451057506792 0.072132253833115098 0.03928272247811114 -0.0081855092143666916 -0.02661189662758261 0.0032169660866798026 -0.043085330148989506
leaf_weight=349 320 2153 32 110 239 1206 322 803 28 478 987 1049 22 30 52 68 61 504 26 100 41 52 479 614 23 261 69 90 4165 22
leaf_count=349 320 2153 32 110 239 1206 322 803 28 478 987 1049 22 30 52 68 61 504 26 100 41 52 479 614 23 261 69 90 4165 22
internal_value=6.17443e-05 0.00512323 -0.00100228 0.000520449 0.00255733 -0.00900048 -0.0240015 -0.00774909 0.00224434 0.00248917 -0.00619168 0.00439612 0.0150837 0.0864389 0.00239897 0.0113658 0.00745401 0.0109009 0.0489856 0.00318225 -0.0455442 -0.0684637 -0.00427681 -0.00893736 0.00510297 0.0216305 0.0293575 0.00784223 0.00359544 -0.101924
internal_weight=14755 2563 12192 9947 8194 1753 547 2245 8162 8134 1465 6669 1050 52 5619 998 904 843 94 604 225 115 1896 1417 4570 382 330 2243 4188 74
internal_count=14755 2563 12192 9947 8194 1753 547 2245 8162 8134 1465 6669 1050 52 5619 998 904 843 94 604 225 115 1896 1417 4570 382 330 2243 4188 74
is_linear=0
shrinkage=0.05


Tree=121
num_leaves=31
num_cat=0
split_feature=0 0 0 1 9 4 4 19 19 0 0 12 1 15 13 6 3 5 6 1 3 15 17 15 6 5 19 17 5 19
split_gain=29.5369 37.0482 60.244 81.8864 41.0566 47.311 45.3122 102.615 125.202 82.0348 67.8979 131.49 87.8617 66.6805 51.2242 48.2329 61.4262 46.83 46.7932 45.5272 48.613 52.4795 48.3847 44.7006 78.3645 43.8218 39.4575 51.2776 45.4765 54.9522
threshold=46.500000000000007 25.500000000000004 23.500000000000004 4.5000000000000009 -718059.29999999993 359912.07000000007 161104.59500000003 -12.1075 -12.809999999999999 17.500000000000004 13.500000000000002 8.1250000000000018 1.5000000000000002 21.522500000000004 8.9350000000000005 5.7382050000000016 4.6411133500000004 12.385000000000003 2.7368622000000005 1.5000000000000002 16.372756500000005 34.577500000000008 24.827500000000004 33.890000000000008 3.8523102000000002 16.215000000000003 -0.75249999999999939 25.370000000000001 12.135000000000003 9.3925000000000001
decision_type=2 2 2 2 2 2 2 2 2 2 2 2 2 2 2 2 2 2 2 2 2 2 2 2 2 2 2 2 2 2
left_child=1 2 4 -4 5 -1 10 8 -8 13 12 17 25 -9 -14 23 -17 -12 -13 -15 21 22 -21 24 -16 -6 -11 28 29 -28
right_child=-2 -3 3 -5 6 -7 7 9 -10 26 11 18 14 19 15 16 -18 -19 -20 20 -22 -23 -24 -25 -26 -27 27 -29 -30 -31
leaf_value=0.066038737340237616 -0.01544355230245034 0.003188786576797754 -0.028226580140317536 0.013038612983443521 -0.013498167575518083 0.009243039856241508 0.011420220145109026 -0.0048636972745784469 0.15750664994586261 0.008837266789089809 0.00609687732022184 0.089903113559672718 0.00082995846822786219 -0.0059461006865603851 0.029289583476713385 -0.057938199235747258 0.015918946165667393 -0.045736715813477838 0.030847790613249465 -0.082755074784403942 -0.025729639999606535 -0.12321554515210371 -0.020983459927480332 -0.0056179150938987735 0.14529760163277389 0.03844998067887944 -0.00089410134103422149 -0.027196758005064832 -0.030790807430135847 0.05140018106014891
leaf_weight=44 301 6482 443 165 1215 220 55 291 20 507 104 38 2470 96 37 30 457 75 286 61 159 31 66 24 24 42 580 264 113 55
leaf_count=44 301 6482 443 165 1215 220 55 291 20 507 104 38 2470 96 37 30 457 75 286 61 159 31 66 24 24 42 580 264 113 55
internal_value=5.86571e-05 0.000381486 -0.00190112 -0.017028 -0.000652188 0.018709 -0.0013721 -0.0071462 0.0503766 -0.00908691 0.0013911 0.0187726 -0.0006426 -0.0231958 0.00395228 0.017435 0.0113692 -0.0156211 0.037774 -0.0361126 -0.0452481 -0.0648902 -0.0506533 0.0521886 0.0749321 -0.0117624 -0.00254798 -0.00825185 -0.00156541 0.00363532
internal_weight=14755 14454 7972 608 7364 264 7100 2298 75 2223 4802 503 4299 704 3042 572 487 179 324 413 317 158 127 85 61 1257 1519 1012 748 635
internal_count=14755 14454 7972 608 7364 264 7100 2298 75 2223 4802 503 4299 704 3042 572 487 179 324 413 317 158 127 85 61 1257 1519 1012 748 635
is_linear=0
shrinkage=0.05


Tree=122
num_leaves=31
num_cat=0
split_feature=0 12 19 6 0 3 17 4 18 19 9 18 8 1 18 12 3 13 14 9 14 8 6 17 16 18 9 7 8 12
split_gain=28.5098 61.5524 33.6349 36.9441 29.8594 29.8557 28.4277 26.0647 24.8959 55.4713 60.9851 43.7047 43.3556 49.3797 127.114 81.0178 71.1007 67.9003 57.4986 102.555 87.2899 58.704 57.8011 51.1223 64.4804 48.2487 66.3061 44.4932 67.3183 65.3699
threshold=5.5000000000000009 11.765000000000002 2.3525000000000014 5.1946258000000016 46.500000000000007 22.809326500000005 20.892500000000005 3258506.8500000006 -0.74000000000000543 -12.1075 171709.87000000002 -0.70250000000000046 5.5595095000000017 2.5000000000000004 -1.8749999999999998 19.580000000000002 13.358978500000001 8.5950000000000006 32.037500000000009 987523.50000000012 23.027500000000003 -0.25735500000000039 23.330093500000004 20.205000000000002 39.110000000000007 -1.5950000000000004 -225660.69500000004 315394.37500000006 -0.8279266500000001 7.9050000000000011
decision_type=2 2 2 2 2 2 2 2 2 2 2 2 2 2 2 2 2 2 2 2 2 2 2 2 2 2 2 2 2 2
left_child=1 2 5 -4 7 -1 -7 8 12 10 -10 -11 13 14 15 18 -16 25 20 -20 -2 -22 -23 24 -19 -15 -27 -18 -29 -30
right_child=4 -3 3 -5 -6 6 -8 -9 9 11 -12 -13 -14 17 16 -17 27 23 19 -21 21 22 -24 -25 -26 26 -28 28 29 -31
leaf_value=-0.012247058020739667 0.011675262186480196 -0.041156616520298561 0.040935702788525485 0.002023577755349355 -0.014671374725539893 0.01671291705364512 -0.015162245587611171 -0.025108261382356237 0.015216516773216428 -0.055903553638038117 0.098695551116879165 -0.0006793854555492291 0.069940849989652637 -0.0022800650310662841 0.0020669250704119344 0.096970823014397994 0.026281080343073512 0.022149173983982015 0.020625427463577161 -0.07930460199713707 -0.0028886585463104505 -0.022282093790036598 -0.079615767855535868 0.0053135171638808137 0.10097924069850706 -0.094551458179710376 -0.015989594428628611 0.14985271465210689 0.010287655512187278 0.081368280049548103
leaf_weight=937 494 115 71 433 301 202 107 93 138 36 26 7454 25 1826 114 23 122 137 523 27 350 219 55 506 32 31 201 21 53 83
leaf_count=937 494 115 71 433 301 202 107 93 138 36 26 7454 25 1826 114 23 122 137 523 27 350 219 55 506 32 31 201 21 53 83
internal_value=5.57243e-05 -0.00572237 -0.00339383 0.00750525 0.000891732 -0.00780244 0.00567524 0.00126384 0.00146011 -0.00031496 0.028451 -0.000944815 0.00426606 0.00392521 0.00972253 0.00376943 0.0353375 -0.000495423 0.00248428 0.0157198 -0.00402692 -0.0164578 -0.0337907 0.0132658 0.0370756 -0.00500894 -0.0264871 0.0489319 0.0665332 0.0536677
internal_weight=14755 1865 1750 504 12890 1246 309 12589 12496 7654 164 7490 4842 4817 2084 1691 393 2733 1668 550 1118 624 274 675 169 2058 232 279 157 136
internal_count=14755 1865 1750 504 12890 1246 309 12589 12496 7654 164 7490 4842 4817 2084 1691 393 2733 1668 550 1118 624 274 675 169 2058 232 279 157 136
is_linear=0
shrinkage=0.05


Tree=123
num_leaves=31
num_cat=0
split_feature=5 9 14 19 19 9 13 18 18 0 19 18 15 3 7 17 14 14 5 7 4 17 5 6 14 14 8 4 3 3
split_gain=28.0793 34.4318 30.6222 49.1659 60.5128 54.6848 57.3901 45.559 56.7291 37.7229 37.3654 35.8915 34.8698 52.1224 36.1273 33.8726 46.1192 36.8012 53.3292 52.2456 32.8561 31.3192 29.4622 29.2053 27.8166 47.6263 44.0022 27.2172 27.1635 88.8556
threshold=7.3550000000000013 -1614618.5499999998 48.497500000000009 4.8775000000000022 2.5500000000000003 -398855.35999999981 5.7150000000000007 -0.41249999999999426 1.0000000180025095e-35 25.500000000000004 -1.8849999999999996 9.6200000000000028 33.527500000000011 15.557846000000003 1773237.3500000003 25.595000000000002 52.890000000000008 60.497500000000002 0.12000000000000002 2292093.6500000004 3049889.3000000003 33.25500000000001 0.99500000000000011 8.5404970000000002 42.962500000000006 32.197500000000012 -0.79960550000000097 2054542.2500000002 27.593017000000003 29.152939000000003
decision_type=2 2 2 2 2 2 2 2 2 2 2 2 2 2 2 2 2 2 2 2 2 2 2 2 2 2 2 2 2 2
left_child=2 -2 3 4 7 6 -6 24 -9 15 22 12 14 -14 21 16 -4 18 19 -17 23 -10 -11 -16 25 -1 -26 -7 -3 -30
right_child=1 28 9 -5 5 27 -8 8 11 10 -12 -13 13 -15 20 17 -18 -19 -20 -21 -22 -23 -24 -25 26 -27 -28 -29 29 -31
leaf_value=-0.0065712531480765961 0.052770388955832463 0.00011316341932913646 -0.0070670301224603216 -0.035594651528506306 0.082139295850898714 -0.018488054139916565 -0.017795656714588406 -0.074712571259154828 0.0011599342133178636 -0.03749623073446047 0.039961444745010039 -0.052802954410234915 -0.10599884598151497 -0.015331894986322335 -0.06544396692514419 0.10943986183404925 -0.07659801823707918 -0.036131608719006184 -0.00081178092242529002 0.014801708244319473 -0.078487193567509009 0.062453983108634537 0.027909913766338969 -0.0081396668567901374 0.014767132673923876 0.026842574520768332 -0.045594549963150072 0.021643527318340017 0.0193622280580437 -0.0098881308804405748
leaf_weight=292 32 11395 86 153 51 84 20 43 222 36 120 58 23 51 25 25 33 44 165 35 22 23 33 201 51 168 74 85 688 417
leaf_count=292 32 11395 86 153 51 84 20 43 222 36 120 58 23 51 25 25 33 44 165 35 22 23 33 201 51 168 74 85 688 417
internal_value=5.29381e-05 0.000971594 -0.00512592 -0.00860041 -0.00583408 0.0171662 0.0539886 -0.0102396 -0.0191618 0.00478572 0.0231034 -0.0153399 -0.0115077 -0.0435122 -0.00670374 -0.00413706 -0.0263487 0.00568893 0.0138672 0.0542343 -0.0201568 0.00691407 -0.00621503 -0.0144786 -5.1498e-05 0.00563206 -0.020967 0.00169647 0.000838989 0.00832386
internal_weight=14755 12532 2223 1646 1493 240 71 1253 668 577 189 625 567 74 493 388 119 269 225 60 248 245 69 226 585 460 125 169 12500 1105
internal_count=14755 12532 2223 1646 1493 240 71 1253 668 577 189 625 567 74 493 388 119 269 225 60 248 245 69 226 585 460 125 169 12500 1105
is_linear=0
shrinkage=0.05


Tree=124
num_leaves=31
num_cat=0
split_feature=0 12 15 3 5 3 8 5 16 15 15 15 6 14 0 0 8 16 0 14 4 6 13 3 13 4 16 16 15 18
split_gain=25.3727 56.0675 35.5908 43.9049 41.7066 39.4593 53.1544 37.7906 30.5474 35.2729 28.361 73.2117 51.8698 56.0992 42.0294 66.9325 39.0864 60.8823 52.63 41.3348 37.4684 63.4655 43.1024 31.5084 35.786 28.7227 31.1485 87.8314 83.9125 67.3374
threshold=5.5000000000000009 13.170000000000002 29.522500000000004 23.328384500000002 9.0050000000000008 14.539444000000001 1.1911468000000005 10.765000000000002 25.945000000000004 21.235000000000003 34.042500000000011 33.957500000000003 20.605651500000004 44.667500000000011 12.500000000000002 17.500000000000004 2.6121675999999998 32.875000000000007 32.500000000000007 35.772500000000008 157200.83000000005 17.480148500000002 6.6350000000000007 3.9436645500000007 5.8250000000000011 3258506.8500000006 33.040000000000006 32.647500000000008 33.812500000000007 0.70999999999999919
decision_type=2 2 2 2 2 2 2 2 2 2 2 2 2 2 2 2 2 2 2 2 2 2 2 2 2 2 2 2 2 2
left_child=1 2 3 4 -1 6 7 -4 -5 -10 11 25 14 -14 -12 20 17 -17 -18 -20 -16 22 -22 -19 -25 26 27 28 29 -2
right_child=10 -3 5 8 -6 -7 -8 -9 9 -11 12 -13 13 -15 15 16 18 23 19 -21 21 -23 -24 24 -26 -27 -28 -29 -30 -31
leaf_value=-0.021619325126676445 0.0053773851613146753 -0.050662231627343735 0.024406281209913856 -0.0072322722304227725 -0.00096831099229361241 -0.010410589920756825 -0.0072845927068698859 0.079633913588310998 0.03695002631322155 -0.0098114232206717149 0.010500566075242372 0.071851322689169161 0.069748552038945491 0.004150793259267713 -0.01988067527697103 -0.071993323686448008 0.035326395165359618 0.035067360700507248 0.033345238064174297 -0.041345934108909917 -0.13881896057376458 -0.0044099773168563847 -0.046043812154260066 -0.027671568291769612 -0.0006731653914621641 -0.029858280729808631 0.0048142473583347879 -0.046796688721930185 0.080951140169054275 -0.0046578046722240167
leaf_weight=589 3004 66 118 184 418 163 102 42 123 60 196 37 40 176 73 44 101 35 27 59 31 25 21 243 248 73 4555 101 32 3769
leaf_count=589 3004 66 118 184 418 163 102 42 123 60 196 37 40 176 73 44 101 35 27 59 31 25 21 243 248 73 4555 101 32 3769
internal_value=5.02912e-05 -0.00540065 -0.00374013 -0.00765146 -0.0130472 0.00890497 0.0209219 0.0389035 0.00715376 0.0216184 0.000838964 0.00163081 -0.00610755 0.0162985 -0.0104953 -0.0150325 -0.00898627 -0.0154938 0.0108496 -0.0178964 -0.0455456 -0.0698774 -0.101352 -0.0107676 -0.0140349 0.00140555 0.00160468 -0.000512255 0.0001747 -0.000206939
internal_weight=14755 1865 1799 1374 1007 425 262 160 367 183 12890 11571 1319 216 1103 907 757 570 187 86 150 77 52 526 491 11534 11461 6906 6805 6773
internal_count=14755 1865 1799 1374 1007 425 262 160 367 183 12890 11571 1319 216 1103 907 757 570 187 86 150 77 52 526 491 11534 11461 6906 6805 6773
is_linear=0
shrinkage=0.05


Tree=125
num_leaves=31
num_cat=0
split_feature=5 9 8 9 0 15 19 18 18 16 9 4 8 8 1 14 19 9 16 16 4 6 3 1 18 19 8 15 4 18
split_gain=28.6333 34.6106 32.5361 45.5586 40.635 29.9248 48.87 49.7821 81.394 89.8782 107.269 114.044 171.011 68.2739 75.5303 99.5225 63.3231 76.5519 59.352 114.971 75.2696 139.399 150.321 95.2003 131.742 171.91 66.8228 66.3594 56.8089 56.6644
threshold=7.3550000000000013 -1614618.5499999998 2.6121675999999998 -113436.60000000008 20.500000000000004 30.957500000000003 9.8574999999999999 3.6250000000000004 8.5875000000000004 33.260000000000012 1452874.4150000003 407042.59000000003 0.79863000000000117 0.72735599999999956 3.5000000000000004 45.237500000000004 0.21249999999999949 -253545.19999999981 59.847500000000004 53.307500000000012 465480.78000000009 20.252426000000003 29.152939000000003 2.5000000000000004 0.44000000000000133 1.2349999999999979 0.52107224999999968 16.015000000000004 1627999.55 2.6325000000000007
decision_type=2 2 2 2 2 2 2 2 2 2 2 2 2 2 2 2 2 2 2 2 2 2 2 2 2 2 2 2 2 2
left_child=2 -2 -1 4 -4 6 7 13 9 16 11 -11 -13 14 18 -16 -9 -18 19 20 -3 -22 23 26 27 -26 -23 -25 -14 -15
right_child=1 5 3 -5 -6 -7 -8 8 -10 10 -12 12 28 29 15 -17 17 -19 -20 -21 21 22 -24 24 25 -27 -28 -29 -30 -31
leaf_value=-0.0075190345244771032 0.050345921927530846 0.00066497552595227397 0.080141247977088728 -0.0061523598357269621 0.013923723325133325 -0.0047845337042355975 0.02982166994954337 -0.0098577511911035372 -0.0034152370217491452 0.021876081681725199 -0.074111207736575077 0.029099713702027394 0.17998537882748578 -0.0047986502170346834 -0.0031846455678588995 -0.066170164590629826 0.089830577494028743 0.011953990873276067 -0.042891435342005874 0.052622375800776826 -0.0077875881784272979 0.022889650970400938 -0.012374189698131257 0.069862452438291242 0.21770064778754425 0.06725476967763494 0.11717653555329891 -0.018179786558520341 0.074884574990719557 -0.029388743934329026
leaf_weight=2015 35 2068 36 146 65 2167 152 380 981 372 23 82 36 2368 1785 65 34 439 58 139 358 311 153 49 29 55 20 38 20 260
leaf_count=2015 35 2068 36 146 65 2167 152 380 981 372 23 82 36 2368 1785 65 34 439 58 139 358 311 153 49 29 55 20 38 20 260
internal_value=-0.000243694 0.000694651 -0.00541953 0.011708 0.037526 0.000554979 0.00168108 0.00125854 0.00760559 0.015406 0.0315135 0.0362769 0.0750967 -0.000678467 0.00267981 -0.00539765 0.00534126 0.0175519 0.00723848 0.00814144 0.00613467 0.0173009 0.0310133 0.044237 0.0745308 0.119194 0.0285867 0.0314072 0.142449 -0.00723146
internal_weight=14739 12477 2262 247 101 12442 10275 10123 2367 1386 533 510 138 7756 5128 1850 853 473 3278 3220 3081 1013 655 502 171 84 331 87 56 2628
internal_count=14739 12477 2262 247 101 12442 10275 10123 2367 1386 533 510 138 7756 5128 1850 853 473 3278 3220 3081 1013 655 502 171 84 331 87 56 2628
is_linear=0
shrinkage=0.05


Tree=126
num_leaves=31
num_cat=0
split_feature=18 18 5 9 8 9 6 14 9 18 18 18 13 7 1 8 18 14 3 6 14 6 17 6 17 17 6 3 19 18
split_gain=26.7912 43.4154 28.1764 31.1475 28.9464 40.9534 42.5028 93.4971 29.225 28.5285 96.7775 97.0945 58.7863 58.3067 69.8183 54.5273 53.7386 46.8378 94.1833 129.769 73.9885 142.52 89.9965 72.2939 68.1441 66.4216 75.7283 64.107 62.1056 112.187
threshold=21.712500000000002 19.737500000000004 7.3550000000000013 -1614618.5499999998 2.6121675999999998 -113436.60000000008 12.051055750000002 35.772500000000008 -1923529.3499999999 3.6250000000000004 4.0874999999999995 3.9450000000000007 9.3050000000000015 425277.62000000005 2.5000000000000004 2.8917230000000003 4.222500000000001 33.547500000000007 24.909805500000004 22.583572500000002 28.422500000000003 27.275879000000007 18.080000000000002 23.330093500000004 19.720000000000002 20.205000000000002 4.3547060000000011 23.505066000000003 1.5099999999999982 1.0749999999999977
decision_type=2 2 2 2 2 2 2 2 2 2 2 2 2 2 2 2 2 2 2 2 2 2 2 2 2 2 2 2 2 2
left_child=1 2 4 -4 8 6 7 -6 -1 17 11 13 -13 15 -15 -11 -12 20 19 24 -5 25 -23 27 -19 26 -22 -21 29 -26
right_child=-2 -3 3 9 5 -7 -8 -9 -10 10 16 12 -14 14 -16 -17 -18 18 -20 23 21 22 -24 -25 28 -27 -28 -29 -30 -31
leaf_value=-0.056374910660088068 0.017086161107078873 -0.027528748925867152 0.047828625839735781 -0.001964698824969649 0.0050526318450768793 -0.0058447416938366119 0.0019316597068880466 0.14223815643269083 -0.0066460705492315288 -0.0043919871866819451 -0.03253612367327216 0.049633025039771676 0.15233543447472833 0.016342602026193066 0.11300826047457034 0.074018650352954865 0.0030607053341826888 -0.039368544226562996 -0.04929525385587858 0.04133920485360755 0.10222974642394828 0.0038904235943367609 0.099710890243886102 -0.0046827638971394508 -0.003147176727791628 -0.00089886934589199989 0.015283965620557741 0.15364965537252528 -0.015672176967860964 0.040210172693159185
leaf_weight=30 220 147 35 4657 27 146 47 23 1946 196 111 38 22 47 31 25 2365 147 122 27 26 38 69 29 1333 1180 681 24 782 168
leaf_count=30 220 147 35 4657 27 146 47 23 1946 196 111 38 22 47 31 25 2365 147 122 27 26 38 69 29 1333 1180 681 24 782 168
internal_value=-0.00023151 -0.000493917 -0.000217398 0.000728602 -0.00539844 0.0108862 0.0360689 0.068158 -0.00740106 0.000592564 0.00498254 0.0292435 0.0872906 0.0175953 0.054761 0.00447799 0.00146489 -0.00074812 -0.00639391 -0.00430866 0.00148609 0.00954542 0.0656812 0.0583494 -0.00637148 0.00636231 0.0184814 0.0941912 -0.00424683 0.00170561
internal_weight=14739 14519 14372 12153 2219 243 97 50 1976 12118 2835 359 60 299 78 221 2476 9283 2632 2510 6651 1994 107 80 2430 1887 707 51 2283 1501
internal_count=14739 14519 14372 12153 2219 243 97 50 1976 12118 2835 359 60 299 78 221 2476 9283 2632 2510 6651 1994 107 80 2430 1887 707 51 2283 1501
is_linear=0
shrinkage=0.05


Tree=127
num_leaves=31
num_cat=0
split_feature=18 18 5 9 15 18 18 14 16 9 1 15 18 13 12 7 3 7 3 15 18 19 18 16 9 4 8 8 1 14
split_gain=24.1791 39.1824 25.4292 28.1106 27.2788 36.1051 32.8266 38.1398 29.6737 29.6586 32.743 42.3162 27.9842 27.7867 57.5489 49.0806 38.2022 35.3013 26.4498 26.1506 48.0288 80.9982 61.2595 78.7618 96.204 99.9344 153.569 61.1901 67.4816 88.2766
threshold=21.712500000000002 19.737500000000004 7.3550000000000013 -1614618.5499999998 47.215000000000011 -24.724999999999998 -0.74000000000000543 40.542500000000004 39.01250000000001 -1250202.6299999997 1.5000000000000002 26.992500000000003 -1.0699999999999965 1.0000000180025095e-35 3.0050000000000003 2516336.4000000004 16.535476500000005 1251348.6500000001 16.372756500000005 30.957500000000003 3.6250000000000004 9.8574999999999999 8.5875000000000004 33.260000000000012 1452874.4150000003 407042.59000000003 0.79863000000000117 0.72735599999999956 3.5000000000000004 45.237500000000004
decision_type=2 2 2 2 2 2 2 2 2 2 2 2 2 2 2 2 2 2 2 2 2 2 2 2 2 2 2 2 2 2
left_child=1 2 4 -4 5 -1 12 8 13 -9 11 -11 -7 14 -8 16 -15 -16 -13 20 21 27 23 -22 25 -25 -27 28 -5 -30
right_child=-2 -3 3 19 -6 6 7 9 -10 10 -12 18 -14 15 17 -17 -18 -19 -20 -21 22 -23 -24 24 -26 26 -28 -29 29 -31
leaf_value=-0.052436648023019478 0.016231852902353489 -0.026152311516672272 0.045437194896595819 0.0068417470421904747 0.031763808847386013 0.00064978141186607856 0.053991521172451255 -0.041297572493481094 -0.075486054787920281 0.0019215517378684999 -0.010513765141657819 0.087724622882902628 0.049784592712918921 -0.06449103309307247 0.0044308809509089634 0.0076745768917524928 -0.0081340122058294537 -0.025691647664070567 0.025519257932211516 -0.0044144302565351096 0.0051764584248438026 0.053380359006779537 -0.0037995111344745446 0.020500370851775473 -0.070558683695676541 0.026731923423571197 0.13414569381441521 -0.0068502140430566271 -0.0030179301583265535 -0.062338181653848058
leaf_weight=41 220 147 35 3278 49 851 33 42 22 198 257 25 30 100 154 56 43 264 54 2167 892 70 700 372 23 82 56 2628 1785 65
leaf_count=41 220 147 35 3278 49 851 33 42 22 198 257 25 30 100 154 56 43 264 54 2167 892 70 700 372 23 82 56 2628 1785 65
internal_value=-0.000219934 -0.000469221 -0.000206528 0.000692172 -0.00512852 -0.00596157 -0.00506656 -0.010283 -0.0183754 -0.000841863 0.00234005 0.0142658 0.00232293 -0.0164425 -0.00957543 -0.0320055 -0.0475445 -0.0145939 0.0452045 0.000562936 0.00164684 -0.000163235 0.00831304 0.0142631 0.0294699 0.033981 0.0703201 -0.000646481 0.00253281 -0.00510216
internal_weight=14739 14519 14372 12153 2219 2170 2129 1248 672 576 534 277 881 650 451 199 143 418 79 12118 9951 7826 2125 1425 533 510 138 7756 5128 1850
internal_count=14739 14519 14372 12153 2219 2170 2129 1248 672 576 534 277 881 650 451 199 143 418 79 12118 9951 7826 2125 1425 533 510 138 7756 5128 1850
is_linear=0
shrinkage=0.05


Tree=128
num_leaves=31
num_cat=0
split_feature=12 3 8 6 3 19 14 14 8 14 9 5 14 12 19 8 6 7 9 6 9 17 6 3 7 9 15 15 16 12
split_gain=22.0253 22.3121 51.0931 50.9398 33.5219 27.6803 28.3227 54.2844 49.8905 49.1474 64.8967 105.966 78.8949 49.3046 30.3307 27.9042 27.056 26.2793 26.2437 29.5531 26.095 60.9961 51.6633 46.1048 34.8163 34.6331 43.1591 42.69 40.6035 32.8765
threshold=29.255000000000003 27.692535500000002 -1.4045409999999989 30.466721000000003 28.223526000000003 6.6475000000000009 26.847500000000004 22.867500000000003 -0.67521699999999985 33.040000000000006 130763.14999999998 7.6150000000000011 29.860000000000003 7.8750000000000009 3.1149999999999989 -0.85310349999999857 28.008072000000002 854119.35000000021 159076.74000000002 30.079010000000004 1295634.7000000002 25.370000000000001 18.258392500000003 13.750045500000002 887981.25000000012 728660.43000000017 22.500000000000004 24.405000000000005 54.960000000000008 5.705000000000001
decision_type=2 2 2 2 2 2 2 2 2 2 2 2 2 2 2 2 2 2 2 2 2 2 2 2 2 2 2 2 2 2
left_child=1 20 4 5 -3 6 7 16 -8 10 11 13 17 -10 -11 -9 -4 -13 19 -18 25 22 23 -22 -25 -1 -27 -28 -29 -23
right_child=-2 2 3 -5 -6 -7 8 15 9 14 -12 12 -14 -15 -16 -17 18 -19 -20 -21 21 29 -24 24 -26 26 27 28 -30 -31
leaf_value=-0.00082776814509600497 -0.038225989649072291 0.017576565484151895 0.048342865292603773 -0.030500451330832831 0.10495149202290036 -0.024913251822844387 -0.054421023855155161 0.042117440260269423 -0.017474173419436235 -0.017209646125759363 -0.0043243903748910219 0.076622795703865237 0.12367314116682036 0.074426310732960702 0.024477057668579608 -0.016326597454353119 0.0097442389238942967 3.3463568737109499e-05 -0.027335961997558018 0.068826341003179553 0.03958932465380606 -0.0079889904278771656 0.074416302427649503 -0.083295970613306222 -0.0034573501389887603 -0.0060378333763970483 0.071173569217891156 0.025505067321725867 -0.049931303411722187 -0.056519276053748208
leaf_weight=12838 38 23 60 96 21 62 22 22 54 92 68 21 59 20 83 285 138 24 38 25 34 57 25 22 36 155 46 165 20 90
leaf_count=12838 38 23 60 96 21 62 22 22 54 92 68 21 59 20 83 285 138 24 38 25 34 57 25 22 36 155 46 165 20 90
internal_value=-0.000208937 -0.000110669 0.00638479 0.00439394 0.0592782 0.0075159 0.00950463 0.00211386 0.0189808 0.0228166 0.0372254 0.0530984 0.0856404 0.0073638 0.00256176 -0.0121384 0.018878 0.0357752 0.0100826 0.0188059 -0.000694817 -0.01626 0.0106792 -0.00664064 -0.033741 -0.000384079 0.0143726 0.0280679 0.0173498 -0.0377014
internal_weight=14739 14701 1213 1169 44 1073 1011 568 443 421 246 178 104 74 175 307 261 45 201 163 13488 264 117 92 58 13224 386 231 185 147
internal_count=14739 14701 1213 1169 44 1073 1011 568 443 421 246 178 104 74 175 307 261 45 201 163 13488 264 117 92 58 13224 386 231 185 147
is_linear=0
shrinkage=0.05


Tree=129
num_leaves=31
num_cat=0
split_feature=0 12 15 14 18 16 0 0 8 17 15 8 9 15 17 5 15 17 14 19 14 14 5 18 18 15 19 6 15 4
split_gain=23.0061 53.4255 26.5677 56.3855 37.1097 49.4513 48.7008 112.805 49.2537 31.9257 90.3934 150.005 108.17 70.5684 54.109 56.6012 82.4062 52.1794 82.4613 81.3928 54.9079 66.4351 77.8856 79.32 58.0816 64.4784 67.725 125.1 68.5814 80.0763
threshold=4.5000000000000009 11.765000000000002 31.907500000000006 32.172500000000007 -0.48750000000000066 37.047500000000007 12.500000000000002 21.500000000000004 2.782852150000001 31.665000000000003 22.432500000000001 1.8492280000000003 8754.0169999999998 24.9025 26.255000000000003 12.865 30.475000000000001 23.735000000000003 45.237500000000004 5.094999999999998 28.422500000000003 30.687500000000004 12.185 -1.2024999999999986 -9.4174999999999986 22.647500000000004 2.9149999999999996 22.481872500000005 23.047500000000003 70958.460000000006
decision_type=2 2 2 2 2 2 2 2 2 2 2 2 2 2 2 2 2 2 2 2 2 2 2 2 2 2 2 2 2 2
left_child=1 -1 9 -4 5 -5 -6 8 -8 14 11 12 -11 -12 17 16 -16 20 19 -19 -2 22 -22 -24 -23 -26 27 28 29 -27
right_child=2 -3 3 4 6 -7 7 -9 -10 10 13 -13 -14 -15 15 -17 -18 18 -20 -21 21 24 23 -25 25 26 -28 -29 -30 -31
leaf_value=-0.0036097482476803305 -0.0037190870173978347 -0.042514510402713528 -0.068303958408753668 0.062831709197618893 0.011182865599828033 0.0027771990930380995 -0.049127551027725619 -0.003345049389301696 -0.0035878108837936497 0.050499466748583327 -0.018339079466900846 -0.022202965935866816 0.17580744311213495 0.013053615855397556 -0.010627734415763332 -0.045644957670941955 0.040018233197704173 0.024159160219401874 -0.0058771131642839421 -0.03198127857808556 0.0080904446948872125 0.04823726446484216 0.086330032842751189 0.021671046839906373 -0.0046913368953331123 0.12895597291233193 -0.0024209431876600694 0.14719631444840206 0.0096457450159505246 0.01660443781742028
leaf_weight=1441 3959 94 34 36 274 717 239 936 79 124 273 68 20 520 920 100 88 831 479 70 560 64 72 139 1915 29 346 21 256 35
leaf_count=1441 3959 94 34 36 274 717 239 936 79 124 273 68 20 520 920 100 88 831 479 70 560 64 72 139 1915 29 346 21 256 35
internal_value=-0.000198491 -0.00599219 0.000475042 -0.00438917 -0.00343647 0.00564833 -0.00791347 -0.012086 -0.0378142 0.00150917 0.00999959 0.0390013 0.0679034 0.00224629 0.000645871 -0.00976571 -0.00620626 0.00196037 0.0108858 0.0197975 0.000294992 0.00491872 0.0178452 0.0437348 0.0011804 2.29652e-05 0.013164 0.0289775 0.0212193 0.0675137
internal_weight=14739 1535 13204 2315 2281 753 1528 1254 318 10889 1005 212 144 793 9884 1108 1008 8776 1380 901 7396 3437 771 211 2666 2602 687 341 320 64
internal_count=14739 1535 13204 2315 2281 753 1528 1254 318 10889 1005 212 144 793 9884 1108 1008 8776 1380 901 7396 3437 771 211 2666 2602 687 341 320 64
is_linear=0
shrinkage=0.05


Tree=130
num_leaves=31
num_cat=0
split_feature=5 8 16 13 15 6 8 15 9 3 18 18 8 19 8 19 16 17 18 17 7 6 0 6 5 16 1 0 17 5
split_gain=25.0542 35.3506 114.614 59.3135 75.5266 58.1078 35.4971 48.1579 34.8377 47.2532 39.5358 54.2678 46.8055 45.0119 37.355 42.053 36.9386 96.5471 60.0108 43.3489 56.5809 40.0345 34.2565 33.9282 32.4312 30.9564 30.8082 73.7507 77.5912 71.773
threshold=8.4450000000000021 -4.2402644999999994 47.717500000000001 11.855000000000002 19.050000000000004 15.596039000000003 -3.6543578500000002 16.802500000000006 -135825.745 10.871643000000002 -1.624999999999998 -1.9024999999999996 2.9637297500000011 2.1975000000000011 -3.0030209999999999 -0.8724999999999995 31.117500000000003 30.640000000000004 3.1850000000000009 26.255000000000003 2544467.7500000005 13.664138500000002 19.500000000000004 11.409454500000001 13.165000000000001 16.995000000000005 1.5000000000000002 10.500000000000002 23.047500000000003 17.325000000000003
decision_type=2 2 2 2 2 2 2 2 2 2 2 2 2 2 2 2 2 2 2 2 2 2 2 2 2 2 2 2 2 2
left_child=8 2 3 4 23 -4 7 -3 9 -1 11 14 16 -14 -11 -16 17 19 22 20 -12 -20 -18 -2 -9 -8 27 -27 29 -29
right_child=1 6 5 -5 -6 -7 25 24 -10 10 12 -13 13 -15 15 -17 18 -19 21 -21 -22 -23 -24 -25 -26 26 -28 28 -30 -31
leaf_value=-0.015861380480751686 0.062039858108834813 0.028414066915595254 0.12586372818332167 0.067291740172014045 -0.012343247264827845 0.02030408365482634 -0.032660767829407064 -0.039570440873133626 -0.0058918640574303774 0.070310049304472544 0.035194295359975543 0.080414793541764507 0.084774150459035746 0.00086957092086474097 -0.020945228357429069 0.019433430694752604 -0.10249679431319236 0.10134528587357357 -0.056033093447762507 -0.028767970377236773 -0.01840859401230532 0.0089705903920311234 -0.030987816967648792 0.013189738441388515 0.019925991914890431 -0.0082807922678103559 -0.00010997168471455275 0.022308306025730477 0.002819069502419432 0.10417684731738908
leaf_weight=257 54 43 32 37 321 22 67 151 3191 28 121 34 31 33 83 289 20 26 27 87 83 193 103 104 27 581 7123 610 848 28
leaf_count=257 54 43 32 37 321 22 67 151 3191 28 121 34 31 33 83 289 20 26 27 87 83 193 103 104 27 581 7123 610 848 28
internal_value=5.73788e-05 0.00145714 0.0135506 0.00629748 0.00158602 0.0828579 0.00072985 -0.0190739 -0.0029962 0.00353387 0.00783834 0.0197709 0.000685365 0.0415109 0.0146162 0.0104242 -0.00327347 0.00903079 -0.014645 0.000782759 0.0133853 0.000992866 -0.0426153 0.0298853 -0.0305457 0.00120264 0.00144952 0.00682363 0.0127292 0.0259013
internal_weight=14654 10048 570 516 479 54 9478 221 4606 1415 1158 434 724 64 400 372 660 317 343 291 204 220 123 158 178 9257 9190 2067 1486 638
internal_count=14654 10048 570 516 479 54 9478 221 4606 1415 1158 434 724 64 400 372 660 317 343 291 204 220 123 158 178 9257 9190 2067 1486 638
is_linear=0
shrinkage=0.05


Tree=131
num_leaves=31
num_cat=0
split_feature=13 7 8 8 6 3 0 13 0 5 6 3 16 14 16 0 13 16 13 5 2 3 5 17 1 8 14 14 6 3
split_gain=24.2451 54.778 30.7907 29.3485 29.3695 25.4169 40.9882 46.6717 47.5477 43.9323 34.5748 30.6434 47.5135 79.5058 57.1436 60.9662 56.7862 55.28 54.7711 67.4402 58.9659 58.0167 47.5825 46.7116 46.5092 59.5286 51.7077 122.739 66.3603 96.3221
threshold=14.640000000000002 663668.88000000012 -2.6414029999999999 -0.65479999999999972 6.2657317500000014 3.5532379000000005 12.500000000000002 7.3250000000000011 34.500000000000007 11.855000000000002 11.961365000000002 20.831863000000002 24.522500000000004 21.835000000000004 21.380000000000006 18.500000000000004 7.6650000000000009 24.997500000000006 8.5350000000000019 16.955000000000002 1.0000000180025095e-35 5.7012330000000011 11.245000000000003 24.827500000000004 3.5000000000000004 1.3118595000000008 23.462500000000006 26.782500000000002 24.581161500000004 23.505066000000003
decision_type=2 2 2 2 2 2 2 2 2 2 2 2 2 2 2 2 2 2 2 2 2 2 2 2 2 2 2 2 2 2
left_child=5 2 -2 -4 -5 6 -1 10 9 -9 -8 12 14 -14 16 -16 -7 23 -19 20 21 -20 -23 -15 26 -26 28 -28 29 -13
right_child=1 -3 3 4 -6 11 7 8 -10 -11 -12 24 13 17 15 -17 -18 18 19 -21 -22 22 -24 -25 25 -27 27 -29 -30 -31
leaf_value=-0.0062610607142754952 0.077712052036076784 -0.039956753159267236 -0.022476235427264429 -0.02728975298391147 0.034598999550947356 0.012884382495340961 0.035221478853392295 0.0059476869867648927 0.030747473148523635 -0.069125929082694812 -0.030009899119084534 0.0320569481946959 -0.07520694264417721 0.013893129626290725 -0.0030995711586833778 -0.03229792877685192 -0.042841586370573004 -0.0031868074285360533 0.036972787589030831 0.054813120841375886 0.030459869481723984 0.0067695410368728576 -0.017786126865243019 0.077944143364826843 -0.0071882079311313858 0.015340372879569695 -0.016723133877353403 0.010093402341213496 0.010573523073209315 0.14806146573807513
leaf_weight=263 24 39 37 22 149 298 265 40 53 38 22 121 36 136 306 430 54 6373 95 74 194 435 361 36 1685 355 582 1599 511 21
leaf_count=263 24 39 37 22 149 298 265 40 53 38 22 121 36 136 306 430 54 6373 95 74 194 435 361 36 1685 355 582 1599 511 21
internal_value=5.45099e-05 0.014871 0.0240877 0.0179003 0.0266367 -0.000224657 0.00920346 0.0189335 -0.00579589 -0.0306266 0.0302212 -0.000693242 -0.00245019 -0.0010749 -0.0122339 -0.0201584 0.00433551 -0.000728493 -0.00136853 0.00862965 0.0054798 4.08231e-05 -0.00436689 0.0272992 0.00248901 -0.00326779 0.00663294 0.00293741 0.0189759 0.0492125
internal_weight=14654 271 232 208 171 14383 681 418 131 78 287 13702 8828 7740 1088 736 352 7704 7532 1159 1085 891 796 172 4874 2040 2834 2181 653 142
internal_count=14654 271 232 208 171 14383 681 418 131 78 287 13702 8828 7740 1088 736 352 7704 7532 1159 1085 891 796 172 4874 2040 2834 2181 653 142
is_linear=0
shrinkage=0.05


Tree=132
num_leaves=31
num_cat=0
split_feature=5 9 8 0 16 14 14 3 9 17 13 17 19 1 13 16 17 16 3 12 18 12 0 19 19 16 15 9 6 6
split_gain=22.4143 46.5562 55.283 36.1781 32.7176 32.9155 43.1026 64.9216 60.5205 34.0104 65.1875 67.0816 58.5796 60.46 68.3288 57.6631 52.4922 58.5592 54.6017 55.9912 72.9024 66.5819 73.8361 51.3644 116.811 50.4086 49.5328 58.1491 47.7547 49.8121
threshold=7.6150000000000011 -146641.20000000004 2.9637297500000011 20.500000000000004 16.995000000000005 20.775000000000006 21.720000000000002 26.904694000000003 4417.8969999999981 26.255000000000003 6.6350000000000007 26.992500000000003 4.8775000000000022 5.5000000000000009 12.675000000000002 25.945000000000004 24.172500000000003 20.317500000000003 18.247574000000004 19.580000000000002 0.32750000000000062 18.400000000000002 35.500000000000007 4.0000000000000036 4.4025000000000007 26.847500000000004 27.282500000000002 63712.694999999956 23.211899000000006 8.3370210000000018
decision_type=2 2 2 2 2 2 2 2 2 2 2 2 2 2 2 2 2 2 2 2 2 2 2 2 2 2 2 2 2 2
left_child=1 2 -1 -4 -2 -6 7 8 -7 15 11 -11 23 -14 -15 16 17 -8 26 21 -21 -20 -23 28 -25 -17 -19 -28 29 -12
right_child=4 -3 3 -5 5 6 9 -9 -10 10 12 -13 13 14 -16 25 -18 18 19 20 -22 22 -24 24 -26 -27 27 -29 -30 -31
leaf_value=0.00069698187444918391 -0.031925754337105899 -0.009191162169207694 0.085369119615924943 0.018656611127652607 0.011624558843874859 -0.02465786934270105 0.020397748301503035 0.029079858593953151 -0.11226324720875076 -0.04680814133783185 -0.011078245706376758 -0.006918260751498752 0.0075494687224830805 -0.023670837171536327 -0.1216860864843641 0.030858578847908907 0.017245949914789265 -0.022516740515800097 -0.0011580927810888697 0.015420501455664634 -0.11265384796261789 0.12334188144330099 -0.006333389115475473 0.13385984594071354 0.011189152539937177 0.0049819757689384958 -0.0081619430992838447 0.057424361533707093 -0.031838962009836297 0.017385003432953041
leaf_weight=985 75 1686 31 59 712 138 203 48 23 112 202 1787 146 116 21 196 287 764 1216 20 25 23 21 27 69 4732 173 42 72 643
leaf_count=985 75 1686 31 59 712 138 203 48 23 112 202 1787 146 116 21 196 287 764 1216 20 25 23 21 27 69 4732 173 42 72 643
internal_value=5.17844e-05 -0.00400673 0.00412438 0.0416354 0.000993983 0.0012029 0.000534773 -0.021957 -0.0371729 0.000966155 -0.00337084 -0.0092709 0.00527439 -0.0148375 -0.0386951 0.00276526 -0.00300107 -0.00533758 -0.00762491 -0.000928977 -0.0557319 0.00102827 0.0614514 0.010893 0.0456903 0.00601116 -0.0165505 0.00465027 0.00725011 0.0105808
internal_weight=14654 2761 1075 90 11893 11818 11106 209 161 10897 3195 1899 1296 283 137 7702 2774 2487 2284 1305 45 1260 44 1013 96 4928 979 215 917 845
internal_count=14654 2761 1075 90 11893 11818 11106 209 161 10897 3195 1899 1296 283 137 7702 2774 2487 2284 1305 45 1260 44 1013 96 4928 979 215 917 845
is_linear=0
shrinkage=0.05


Tree=133
num_leaves=31
num_cat=0
split_feature=13 9 18 16 18 18 18 14 9 8 6 16 8 16 5 16 5 3 14 18 3 17 8 5 4 7 14 14 5 14
split_gain=21.6129 62.2252 27.6548 35.9986 25.0318 22.1767 30.6579 55.2552 41.8606 30.472 42.7441 33.9818 117.715 81.6177 64.94 63.9319 130.442 55.2003 50.3283 43.6587 37.9167 58.0117 54.5434 71.191 53.652 51.326 49.843 143.73 59.6513 57.9613
threshold=14.640000000000002 -50351.194999999949 4.6300000000000017 37.330000000000005 2.4275000000000007 -24.724999999999998 -20.197499999999998 31.550000000000004 -1.0000000180025095e-35 5.5595095000000017 8.4421540000000004 48.562500000000007 -4.3696441999999998 49.31750000000001 13.165000000000001 47.247500000000002 14.325000000000001 14.461013500000002 45.237500000000004 -8.1525000000000016 17.786850000000005 31.665000000000003 -0.44552599999999914 17.745000000000001 612729.83000000019 2775859.9000000004 32.437500000000007 31.802500000000002 21.175000000000004 34.292500000000011
decision_type=2 2 2 2 2 2 2 2 2 2 2 2 2 2 2 2 2 2 2 2 2 2 2 2 2 2 2 2 2 2
left_child=5 -2 3 4 -3 -1 7 -7 -9 11 -11 15 -13 14 17 20 -17 -14 -15 -20 24 22 23 -22 -8 -26 27 -24 29 -28
right_child=1 2 -4 -5 -6 6 9 8 -10 10 -12 12 13 18 -16 16 -18 -19 19 -21 21 -23 26 -25 25 -27 28 -29 -30 -31
leaf_value=-0.014199225772456969 -0.047175805656135911 -0.040275031289993192 0.056833713383375839 0.031895784200776531 0.01939246882684529 -0.006405875821405187 0.00086166942361142525 0.093222925135244938 0.024730025645045714 -0.0038369414075303762 -0.048187681069024484 0.069641544332262134 0.012367904047423509 0.024827526488603115 -0.080980090832893259 0.014911088526194882 0.14708468303084374 -0.038192345239558674 -0.036190888204444681 -0.0034721535920608244 -0.0022669041942807978 0.023513550632447682 0.0071720024778358475 -0.042514839058961064 -0.010526161582409722 0.023825020998989678 -0.032097045953499881 0.063750375336145651 0.081457043588161471 0.00064570251748793657
leaf_weight=278 36 39 49 115 32 116 4946 30 87 179 78 48 80 137 57 280 20 166 117 793 1432 345 1979 119 1998 115 169 119 20 675
leaf_count=278 36 39 49 115 32 116 4946 30 87 179 78 48 80 137 57 280 20 166 117 793 1432 345 1979 119 1998 115 169 119 20 675
internal_value=4.91951e-05 0.0140383 0.0234157 0.0146121 -0.0133826 -0.000214383 6.12492e-05 0.0180477 0.0422923 -0.000240859 -0.0172975 8.11056e-05 -0.00730325 -0.0100391 -0.0328923 0.000926103 0.0237227 -0.02175 -0.00342539 -0.00767885 0.00035222 0.00375195 0.00224126 -0.00535491 -0.00198747 -0.0086566 0.00621886 0.0103812 -0.00388821 -0.00591061
internal_weight=14654 271 235 186 71 14383 14105 233 117 13872 257 13615 1398 1350 303 12217 300 246 1047 910 11917 4858 4513 1551 7059 2113 2962 2098 864 844
internal_count=14654 271 235 186 71 14383 14105 233 117 13872 257 13615 1398 1350 303 12217 300 246 1047 910 11917 4858 4513 1551 7059 2113 2962 2098 864 844
is_linear=0
shrinkage=0.05


Tree=134
num_leaves=31
num_cat=0
split_feature=15 5 9 8 6 14 6 16 14 14 3 9 17 13 19 17 16 5 17 16 6 17 16 3 16 3 4 12 6 12
split_gain=21.3208 26.3445 37.853 51.6894 36.3415 63.9359 34.4458 29.2083 30.5562 38.0325 57.8375 54.2202 33.0882 60.7275 56.9375 55.8152 50.9817 48.3528 51.2337 75.0159 79.531 47.0964 53.8481 48.1357 52.0718 73.1692 95.5616 69.0309 65.8322 59.9505
threshold=47.215000000000011 7.6150000000000011 -146641.20000000004 2.9637297500000011 12.051055750000002 35.772500000000008 12.955902000000002 16.995000000000005 20.775000000000006 21.720000000000002 26.904694000000003 4417.8969999999981 26.255000000000003 6.6350000000000007 4.8775000000000022 26.992500000000003 25.945000000000004 18.715000000000003 30.957500000000003 29.522500000000004 6.0059050000000012 24.172500000000003 20.317500000000003 18.247574000000004 23.027500000000003 24.243515000000006 465480.78000000009 19.065000000000001 28.869583000000002 17.665000000000003
decision_type=2 2 2 2 2 2 2 2 2 2 2 2 2 2 2 2 2 2 2 2 2 2 2 2 2 2 2 2 2 2
left_child=1 2 3 6 5 -5 -1 -3 -9 10 11 -10 16 15 17 -14 21 18 19 -15 -21 22 -11 -24 25 26 -25 -26 29 -27
right_child=-2 7 -4 4 -6 -7 -8 8 9 12 -12 -13 13 14 -16 -17 -18 -19 -20 20 -22 -23 23 24 27 28 -28 -29 -30 -31
leaf_value=-0.020190743023519361 0.020948310857561749 -0.03021312040090561 -0.0092859956562643658 0.015723716169864368 0.0051190956822773888 0.13153880540789528 0.0040290974784822848 0.011128454381113434 -0.023200813996600515 0.019654351993569453 0.027487193106207997 -0.10612097032692121 -0.043420195257307836 -0.0048586828060584461 -0.016570893686233521 -0.0070174611234555921 0.0056631438690299936 0.083562549813227222 0.00094806713271932623 0.13709386643909274 0.033818810033971018 0.016367286212502198 -0.015597945223805003 0.017346282708056181 -0.006055854688605043 -0.0032058274551637548 0.11828661859476459 -0.078931898623704921 0.038588838325312708 -0.086899061193284777
leaf_weight=181 121 75 1656 26 42 22 777 712 138 203 48 23 112 123 246 1760 4928 22 681 21 166 287 979 81 734 307 33 34 93 23
leaf_count=181 121 75 1656 26 42 22 777 712 138 203 48 23 112 123 246 1760 4928 22 681 21 166 287 979 81 734 307 33 34 93 23
internal_value=4.67354e-05 -0.000127289 -0.00457983 0.00285664 0.0390852 0.0688056 -0.000546885 0.000890521 0.00108899 0.000441631 -0.0206847 -0.0350466 0.00084922 -0.00348481 0.00500623 -0.0091954 0.00261108 0.0102461 0.00861848 0.0254686 0.0454165 -0.0028109 -0.00502406 -0.00721746 -0.000930483 0.0110138 0.0465659 -0.00928214 0.00143237 -0.00903899
internal_weight=14654 14533 2704 1048 90 48 958 11829 11754 11042 209 161 10833 3131 1259 1872 7702 1013 991 310 187 2774 2487 2284 1305 537 114 768 423 330
internal_count=14654 14533 2704 1048 90 48 958 11829 11754 11042 209 161 10833 3131 1259 1872 7702 1013 991 310 187 2774 2487 2284 1305 537 114 768 423 330
is_linear=0
shrinkage=0.05


Tree=135
num_leaves=31
num_cat=0
split_feature=18 0 18 0 9 12 16 15 15 15 12 17 14 3 8 5 4 9 15 15 3 6 0 16 16 8 3 15 18 18
split_gain=34.67 27.6837 35.6355 34.7575 90.798 45.1418 60.1375 39.0176 58.4156 60.582 53.1035 49.9558 61.3617 44.3031 71.6198 38.1209 56.1689 51.2563 100.016 59.8689 45.3341 43.9053 43.1007 42.7909 41.9251 37.9263 36.8409 36.7321 35.5777 54.6294
threshold=22.764999999999997 44.500000000000007 4.6300000000000017 34.500000000000007 12191.485300000188 10.505000000000001 58.470000000000006 14.195000000000002 16.132500000000004 18.577500000000004 14.325000000000001 15.880000000000001 34.492500000000007 22.692978000000004 -0.33262650000000166 15.395000000000001 139702.75500000003 408989.85000000015 21.392500000000002 21.672500000000003 16.862671000000002 11.409454500000001 31.500000000000004 43.300000000000004 22.867500000000003 4.8152463500000016 25.501053500000001 11.7475 4.7950000000000061 8.9400000000000066
decision_type=2 2 2 2 2 2 2 2 2 2 2 2 2 2 2 2 2 2 2 2 2 2 2 2 2 2 2 2 2 2
left_child=1 3 -3 15 5 25 7 10 -9 11 -7 -10 -13 -11 -15 27 -17 18 24 -20 21 -19 -22 -21 -18 28 -16 -1 -5 -30
right_child=-2 2 -4 4 -6 6 -8 8 9 13 -12 12 -14 14 26 16 17 20 19 23 22 -23 -24 -25 -26 -27 -28 -29 29 -31
leaf_value=0.040495429191399708 0.021191337138405195 -0.013573860907606107 0.011353600944204026 0.0073522548997533273 0.02696039618066913 0.061696205971141664 0.05819063905203764 -0.029922125778732985 -0.029950621986434736 -0.014455287649532335 -0.00068069810868572381 0.0361687545409769 -0.044111002271098126 -0.059000566442097939 0.090777002727346762 0.0065704476581644067 -0.046530503016623224 0.023950951251511775 -0.13722616322338582 -0.031494999646900161 0.036939164198147849 -0.058593220453785393 -0.035680176121079259 -0.094467065444118106 0.010091786711287182 -0.03601050610992719 0.017410835620566188 -0.0004810981305949312 0.063037202626657796 0.0050916257349993381
leaf_weight=55 190 737 178 864 407 48 38 254 47 710 118 201 27 21 28 269 46 24 23 93 84 49 27 38 113 44 44 9732 78 85
leaf_count=55 190 737 178 864 407 48 38 254 47 710 118 201 27 21 28 269 46 24 23 93 84 49 27 38 113 44 44 9732 78 85
internal_value=-2.83763e-05 -0.000306773 -0.00872458 0.00026095 0.00499648 0.00156751 -0.00392648 -0.00550221 -0.00835091 -0.00326827 0.017356 0.0169863 0.0266619 -0.0102048 0.0222454 -0.00109155 -0.0118333 -0.0217942 -0.0341055 -0.0628246 -0.000851739 -0.0314554 0.019275 -0.0497617 -0.0062895 0.00944685 0.0459421 -0.000250822 0.0113944 0.0328202
internal_weight=14672 14482 915 13567 3014 2607 1536 1498 1332 1078 166 275 228 803 93 10553 766 497 313 154 184 73 111 131 159 1071 72 9787 1027 163
internal_count=14672 14482 915 13567 3014 2607 1536 1498 1332 1078 166 275 228 803 93 10553 766 497 313 154 184 73 111 131 159 1071 72 9787 1027 163
is_linear=0
shrinkage=0.05


Tree=136
num_leaves=31
num_cat=0
split_feature=18 19 19 18 4 15 13 6 19 19 5 14 3 14 17 19 1 17 3 16 7 6 16 7 13 18 6 3 16 4
split_gain=31.2896 25.2529 71.1213 41.88 54.1903 41.196 43.3235 38.9825 34.3495 82.9516 86.1323 81.2335 138.784 69.2993 56.9702 54.2677 134.552 75.4552 65.3587 50.1605 102.902 66.1239 47.6697 45.9903 44.1953 44.07 45.8801 46.5117 41.4417 36.7902
threshold=22.764999999999997 5.4275000000000011 8.3475000000000037 0.75750000000000217 929740.33000000019 26.745000000000005 12.505000000000001 12.153564500000002 2.8175000000000012 2.9149999999999996 8.2350000000000012 58.470000000000006 11.338623000000002 57.307500000000012 39.452500000000008 1.8949999999999998 3.5000000000000004 32.88750000000001 28.356354000000007 58.470000000000006 907978.65000000002 12.153564500000002 56.577500000000008 474605.75000000006 2.3250000000000006 3.1850000000000009 27.593017000000003 21.595001000000003 32.647500000000008 508422.41000000009
decision_type=2 2 2 2 2 2 2 2 2 2 2 2 2 2 2 2 2 2 2 2 2 2 2 2 2 2 2 2 2 2
left_child=1 8 5 -4 -5 -3 -7 -6 11 10 -10 15 -13 14 -11 19 18 23 25 22 21 -21 -1 28 -15 26 27 -17 -18 -14
right_child=-2 2 3 4 7 6 -8 -9 9 13 -12 12 29 24 -16 16 17 -19 -20 20 -22 -23 -24 -25 -26 -27 -28 -29 -30 -31
leaf_value=0.00021809791336137394 0.02013177011627704 -7.2763220495766117e-05 0.015968384901018876 -0.018200055771681749 0.053135034531630855 -0.022513117964575762 -0.09587071215113005 -0.0054227837842578692 0.023124176568567887 0.0087621923408408315 0.13804763651088528 0.13066917916138968 0.031422980966483605 -0.032548990364706369 -0.055664342681744278 0.0043198886570811473 -0.0045470242963951057 0.042556848653475754 0.067966776601970189 0.034182728880218102 -0.033096767961978912 0.1515531061660676 -0.03289663503285159 -0.04353596097834015 0.035080754939034314 -0.013727237441566354 -0.040948738654454551 0.041920148908384573 -0.034918000749865605 -0.019673096466470849
leaf_weight=9040 190 231 381 299 54 484 21 60 56 1748 23 30 98 176 35 221 253 40 40 28 30 21 110 289 28 262 36 131 202 55
leaf_count=9040 190 231 381 299 54 484 21 60 56 1748 23 30 98 176 35 221 253 40 40 28 30 21 110 289 28 262 36 131 202 55
internal_value=-2.69575e-05 -0.000291435 -0.00636626 0.00401267 -0.00701669 -0.0175631 -0.0255636 0.0223151 0.000426175 0.00633676 0.0565829 -0.000695565 0.0323361 0.00433905 0.00749751 -0.00126034 -0.0101691 -0.0243411 0.00593365 0.00016251 0.0398333 0.0844843 -0.000180003 -0.0279378 -0.0232665 0.00211622 0.0128146 0.0183132 -0.0180304 0.0130551
internal_weight=14672 14482 1530 794 413 736 505 114 12952 2066 79 10886 183 1987 1783 10703 1474 784 690 9229 79 49 9150 744 204 650 388 352 455 153
internal_count=14672 14482 1530 794 413 736 505 114 12952 2066 79 10886 183 1987 1783 10703 1474 784 690 9229 79 49 9150 744 204 650 388 352 455 153
is_linear=0
shrinkage=0.05


Tree=137
num_leaves=31
num_cat=0
split_feature=14 14 5 17 14 9 13 6 5 6 1 18 16 18 19 7 18 15 12 18 7 6 15 18 6 14 8 19 8 18
split_gain=28.4559 53.9719 81.5391 64.2183 49.9283 47.4681 44.4923 43.5719 42.3711 41.871 74.9734 54.4296 63.9227 52.5852 110.293 72.5144 58.3279 49.9722 46.7784 38.1752 37.8185 36.1818 95.7684 66.4503 42.0624 83.5859 46.2336 55.2639 38.9274 98.4159
threshold=37.330000000000005 34.777500000000011 12.325000000000001 18.645000000000003 38.160000000000004 -2768.8231499999993 6.4850000000000012 13.083053750000001 8.5050000000000008 13.376465000000001 1.5000000000000002 -3.0874999999999946 55.695000000000007 3.6250000000000004 -0.10250000000000091 766645.57000000007 3.7075 31.150000000000002 14.325000000000001 4.5674999999999999 1344026.55 15.010773000000002 20.005000000000003 -10.097499999999998 15.596039000000003 53.307500000000012 1.2883605500000008 3.0849999999999995 -1.3680419999999998 -5.7575000000000029
decision_type=2 2 2 2 2 2 2 2 2 2 2 2 2 2 2 2 2 2 2 2 2 2 2 2 2 2 2 2 2 2
left_child=1 8 3 -3 5 20 -5 -7 19 10 17 -12 13 14 -13 18 -15 -6 -16 -1 -2 22 -11 -24 25 -23 27 -27 29 -26
right_child=4 2 -4 6 9 7 -8 -9 -10 21 11 12 -14 16 15 -17 -18 -19 -20 -21 -22 24 23 -25 28 26 -28 -29 -30 -31
leaf_value=-0.0038679065022497825 0.1282400713302195 0.051181542808594917 -0.044964780356659663 -0.025870516426025 0.033577806037595116 -0.015157696736976504 0.0036618872252870633 0.063665094809537678 0.0016459764839945028 0.082828664748618996 0.029427244586858359 0.012629186534560133 0.07410016385493455 0.065874495182950535 -0.012210357351930528 -0.079961018173900611 0.0024456441154854184 -0.006807742405605193 -0.074799549462539805 -0.024107239450609618 0.031005127131938939 -0.0016031482233470229 -0.1044484817846255 -0.015222020792705871 0.074867234431828064 0.15706105398989859 0.013269189208745959 0.044873822318471 0.0027721223826595253 -0.018486791308522068
leaf_weight=2403 20 46 170 245 379 50 266 27 6585 24 159 210 27 39 203 68 513 96 35 258 20 119 22 405 30 21 25 23 1705 479
leaf_count=2403 20 46 170 245 379 50 266 27 6585 24 159 210 27 39 203 68 513 96 35 258 20 119 22 405 30 21 25 23 1705 479
internal_value=-2.56097e-05 -0.00153709 -0.0146546 -0.0054037 0.0031823 0.0354357 -0.0104975 0.0124815 -0.000505677 0.00235872 0.00849849 0.00209047 -0.00187898 -0.0037998 -0.015275 -0.034425 0.00692703 0.0254157 -0.0214147 -0.00583023 0.0796226 -0.00136216 -0.0143568 -0.0198192 0.00107771 0.0237837 0.0675668 0.0984177 -0.000850356 -0.0129846
internal_weight=14672 9973 727 557 4699 117 511 77 9246 4582 1729 1254 1095 1068 516 306 552 475 238 2661 40 2853 451 427 2402 188 69 44 2214 509
internal_count=14672 9973 727 557 4699 117 511 77 9246 4582 1729 1254 1095 1068 516 306 552 475 238 2661 40 2853 451 427 2402 188 69 44 2214 509
is_linear=0
shrinkage=0.05


Tree=138
num_leaves=31
num_cat=0
split_feature=18 0 18 5 0 4 0 1 4 12 19 9 5 4 19 9 3 6 15 15 12 15 15 9 12 15 15 14 15 19
split_gain=27.2512 25.307 31.9762 30.9816 29.7718 81.908 48.5808 51.3886 103.807 43.6341 61.2025 43.1412 34.7785 61.1174 57.397 39.9638 35.2162 33.7196 32.9234 32.9078 56.1622 51.4964 32.8717 49.5046 33.6935 31.5516 45.5765 40.5162 37.9916 46.3842
threshold=22.764999999999997 44.500000000000007 4.6300000000000017 14.155000000000003 34.500000000000007 256564.61500000002 36.500000000000007 1.5000000000000002 555931.97000000009 10.505000000000001 4.8775000000000022 574770.95000000007 15.060000000000002 82650.545000000027 0.44000000000000133 188136.52500000005 28.613800000000005 27.085602000000005 11.7475 14.195000000000002 14.945000000000002 16.132500000000004 17.765000000000004 515117.71500000014 20.075000000000003 18.577500000000004 18.080000000000002 32.037500000000009 20.402500000000003 4.3150000000000022
decision_type=2 2 2 2 2 2 2 2 2 2 2 2 2 2 2 2 2 2 2 2 2 2 2 2 2 2 2 2 2 2
left_child=1 4 3 -3 12 9 11 8 -8 10 -6 -7 18 -14 16 -16 22 -9 -1 20 -11 -21 -15 -24 -25 26 -23 -28 29 -27
right_child=-2 2 -4 -5 5 6 7 17 -10 19 -12 -13 13 14 15 -17 -18 -19 -20 21 -22 25 23 24 -26 28 27 -29 -30 -31
leaf_value=0.038437605618753222 0.018788565530098583 -0.009945017227043591 0.010699880723396756 -0.048321365214590184 0.017129830597527731 0.005863064748416769 0.030275193247426713 0.041770149312797003 0.17015672624111178 0.056479774569079544 -0.0095159451686332285 0.071615471573615516 0.0083993851919088973 0.029238562738256799 -0.046170583917910971 -0.0108826648152899 0.043597019184380775 -0.010754893876781519 -0.00035721766621429397 -0.029183877497126306 -0.0070878528707315411 0.0010858687212786232 -0.053839236885190961 -0.014929604459589777 0.06011050151927131 -0.032951785219662195 0.083054917648031912 -0.0038986934792427791 -0.0011955510320891182 0.046983522381633523
leaf_weight=55 190 680 178 57 687 328 36 100 21 57 314 27 278 42 215 128 38 44 9661 223 89 195 63 52 21 196 37 21 619 20
leaf_count=55 190 680 178 57 687 328 36 100 21 57 314 27 278 42 215 128 38 44 9661 223 89 195 63 52 21 196 37 21 619 20
internal_value=-2.43292e-05 -0.000271149 -0.00831951 -0.0129131 0.000271657 0.00465441 0.0219851 0.0416269 0.0818105 0.00073421 0.00877142 0.010864 -0.000980084 -0.0107596 -0.0202877 -0.0330019 -9.80762e-05 0.0257208 -0.000137609 -0.00478758 0.0177296 -0.00729521 -0.00942624 -0.0213668 0.00665728 -0.00280884 0.0126597 0.0515717 -0.00749572 -0.0255504
internal_weight=14672 14482 915 737 13567 3014 556 201 57 2458 1001 355 10553 837 559 343 216 144 9716 1457 146 1311 178 136 73 1088 253 58 835 216
internal_count=14672 14482 915 737 13567 3014 556 201 57 2458 1001 355 10553 837 559 343 216 144 9716 1457 146 1311 178 136 73 1088 253 58 835 216
is_linear=0
shrinkage=0.05


Tree=139
num_leaves=31
num_cat=0
split_feature=14 14 6 3 14 4 17 16 17 12 16 14 19 17 13 3 6 3 14 0 18 14 14 0 17 6 6 12 14 4
split_gain=24.906 134.251 76.12 50.309 69.9786 49.7922 40.7315 75.2976 71.5025 124.49 54.6985 54.2338 59.0604 71.5252 60.167 89.7168 57.3421 57.4448 50.3422 63.4231 47.6283 65.5114 100.752 116.498 62.4304 56.5296 44.9907 50.8459 57.4939 46.7611
threshold=40.040000000000006 41.33250000000001 22.481872500000005 10.803207500000001 55.695000000000007 222619.02500000005 20.205000000000002 25.945000000000004 21.737500000000001 18.760000000000002 49.837500000000006 34.777500000000011 5.5475000000000039 24.632500000000004 11.975000000000003 14.717514000000001 15.596039000000003 17.075195000000004 23.730000000000004 41.500000000000007 4.3550000000000013 34.292500000000011 38.120000000000012 12.500000000000002 18.080000000000002 23.942749000000003 29.371887500000003 18.685000000000006 23.305000000000003 215239.83000000005
decision_type=2 2 2 2 2 2 2 2 2 2 2 2 2 2 2 2 2 2 2 2 2 2 2 2 2 2 2 2 2 2
left_child=6 2 5 4 -3 -2 7 18 9 -8 11 12 14 -14 -10 -16 17 -13 19 26 21 24 -23 -24 -9 -26 27 28 -1 -30
right_child=1 3 -4 -5 -6 -7 8 20 10 -11 -12 16 13 -15 15 -17 -18 -19 -20 -21 -22 22 23 -25 25 -27 -28 -29 29 -31
leaf_value=0.0040301782498779514 0.0092804969710289925 0.0092783581192138701 0.13095488285734541 -0.0018966048971243634 0.080784810860253256 0.057866580398210014 -0.020603974291834127 0.0026475510498023464 -0.00029127567282744037 0.074260283075273034 0.017269521623410517 -0.0081736236452961391 0.0042531369629109075 -0.04424836729849857 0.058494036032685215 -0.00099421189970349622 -0.032048338385802115 0.077732081013964505 -0.010929411242750649 -0.025147882851400561 0.035122034741621067 -0.034120932100617361 -0.068406994342803951 0.073217261690681559 0.014108041890229803 0.047486010409228827 0.039724398681855934 -0.043419585542155886 0.019000219042983751 0.11563279720998945
leaf_weight=950 117 690 21 2894 36 96 879 1088 3129 36 354 721 144 161 112 146 291 20 1241 173 160 202 20 53 572 163 98 53 31 21
leaf_count=950 117 690 21 2894 36 96 879 1088 3129 36 354 721 144 161 112 146 291 20 1241 173 160 202 20 53 572 163 98 53 31 21
internal_value=-2.31127e-05 0.00342828 0.0401327 0.00105568 0.0128241 0.0311785 -0.0012527 0.00216658 -0.00400559 -0.0168716 -0.00168727 -0.00310783 -0.000275395 -0.0213493 0.00162231 0.0248301 -0.0132409 -0.00585498 -0.00369157 0.0030823 0.00882641 0.00682102 -0.0159275 0.0344161 0.0102526 0.0215102 0.00731806 0.0043078 0.0068323 0.0580249
internal_weight=14672 3854 234 3620 726 213 10818 4825 5993 915 5078 4724 3692 305 3387 258 1032 741 2567 1326 2258 2098 275 73 1823 735 1153 1055 1002 52
internal_count=14672 3854 234 3620 726 213 10818 4825 5993 915 5078 4724 3692 305 3387 258 1032 741 2567 1326 2258 2098 275 73 1823 735 1153 1055 1002 52
is_linear=0
shrinkage=0.05


Tree=140
num_leaves=31
num_cat=0
split_feature=3 12 19 0 19 1 0 0 17 14 8 18 17 9 3 8 3 15 3 12 12 4 6 4 18 15 3 18 6 18
split_gain=21.4715 44.4166 36.232 32.591 45.5041 36.0417 44.4418 37.3556 35.5571 30.3613 29.3295 27.1573 26.038 25.8202 48.996 68.6596 60.2602 245.903 58.889 83.6241 48.3961 57.6926 42.0841 41.5425 43.8039 49.7549 40.5873 36.1472 35.4299 32.5286
threshold=5.9712830000000006 17.965000000000003 9.8574999999999999 11.500000000000002 2.1975000000000011 4.5000000000000009 18.500000000000004 20.500000000000004 16.432500000000005 16.995000000000005 -0.25735500000000039 3.9450000000000007 15.172500000000001 -398855.35999999981 10.871643000000002 0.032211500000000733 24.478088000000003 17.037500000000005 14.539444000000001 8.2350000000000012 17.965000000000003 398349.75000000006 10.717056500000002 1918450.9500000002 1.5299999999999996 32.957500000000003 14.202057000000002 -3.8724999999999983 14.234802000000002 -1.5950000000000004
decision_type=2 2 2 2 2 2 2 2 2 2 2 2 2 2 2 2 2 2 2 2 2 2 2 2 2 2 2 2 2 2
left_child=1 2 3 4 8 6 12 11 -1 -8 -6 -7 -5 14 22 16 17 -16 19 28 21 -17 -2 24 27 -26 -23 -20 -19 -18
right_child=13 -3 -4 5 10 7 9 -9 -10 -11 -12 -13 -14 -15 15 20 29 18 23 -21 -22 26 -24 -25 25 -27 -28 -29 -30 -31
leaf_value=-0.052737117898568775 -0.00081321649332442934 0.05883744633511493 0.055228061018073385 0.08180927989631892 -0.0045521409216723067 -0.040368911770162406 -0.042250378667376937 0.0066813139561017866 -0.0098933973511238435 0.0095194177570009225 0.039180889260023832 0.023854861509753394 0.027353464104493876 -0.0013510658500992701 0.17980954148448433 0.049580809207899229 0.025720029714561644 0.061884223013792351 0.0029655567910854838 -0.012891273074985846 -0.077446979318152781 -0.048653679288361437 -0.054397762701514044 0.064176529852880373 0.0010102745702328243 -0.076184072125599619 -0.0012721124566266321 0.045788053066644352 0.15171140063376654 -0.018584544245396118
leaf_weight=57 106 38 34 25 82 93 30 209 322 506 72 20 180 11700 26 49 63 23 112 23 22 53 56 36 92 27 307 88 21 121
leaf_count=57 106 38 34 25 82 93 30 209 322 506 72 20 180 11700 26 49 63 23 112 23 22 53 56 36 92 27 307 88 21 121
internal_value=6.10405e-05 0.00539987 0.00415409 0.00306605 -0.00702428 0.00812545 0.0141946 -0.00584105 -0.0163369 0.00662185 0.0158945 -0.0290019 0.0339944 -0.000627948 0.00627857 0.0101822 0.0206761 0.0305706 0.0213758 0.0643698 -0.00520547 -0.00131962 -0.0193363 0.0132615 0.00751557 -0.0165044 -0.00824773 0.0218075 0.104756 -0.00341504
internal_weight=14593 1668 1630 1596 533 1063 741 322 379 536 154 113 205 12925 1225 1063 632 448 422 67 431 409 162 355 319 119 360 200 44 184
internal_count=14593 1668 1630 1596 533 1063 741 322 379 536 154 113 205 12925 1225 1063 632 448 422 67 431 409 162 355 319 119 360 200 44 184
is_linear=0
shrinkage=0.05


Tree=141
num_leaves=31
num_cat=0
split_feature=0 18 0 4 0 13 1 6 0 5 17 17 15 17 16 16 12 3 5 7 16 12 9 8 8 16 15 15 0 6
split_gain=20.1422 41.9326 39.0357 67.6881 65.4288 123.165 85.3345 81.7167 63.7591 49.8981 49.5135 119.166 93.2632 54.3047 52.4617 49.3096 46.8704 69.5473 45.7516 45.6403 43.8499 40.3011 37.9445 37.4531 37.0107 36.7627 34.8187 33.778 57.3878 72.0333
threshold=42.500000000000007 4.5674999999999999 25.500000000000004 231426.37000000002 13.500000000000002 3.2500000000000004 1.0000000180025095e-35 15.171890500000002 15.500000000000002 14.635000000000003 22.660000000000004 20.707500000000003 14.195000000000002 21.080000000000005 30.375000000000004 43.300000000000004 5.995000000000001 17.383011000000003 11.855000000000002 64455.586500000005 22.220000000000002 13.005000000000001 -15570.488499999998 -6.2854004999999988 -0.49079899999999904 55.695000000000007 29.960000000000004 30.297500000000003 18.500000000000004 8.3370210000000018
decision_type=2 2 2 2 2 2 2 2 2 2 2 2 2 2 2 2 2 2 2 2 2 2 2 2 2 2 2 2 2 2
left_child=2 -2 3 4 6 7 -1 9 -5 20 11 14 -12 -13 -10 27 -17 -18 -7 26 -6 -16 -22 -8 -24 -15 -20 28 29 -14
right_child=1 -3 -4 8 5 18 23 -9 10 -11 12 13 15 25 21 16 17 -19 19 -21 22 -23 24 -25 -26 -27 -28 -29 -30 -31
leaf_value=-0.017709550061893727 -0.0096768782951218938 0.010745923880358818 0.0040576668696104354 -0.034029491619166866 0.11636996501684189 0.005795942599687613 -0.029417764606081288 -0.011618694573912928 0.0035905784426947997 0.0038569340807577922 0.099135952582582842 -0.092594768283398535 0.11321847391913512 -0.024790290923981322 -0.015311405327210717 0.001555742629739286 0.06680996365300039 0.00041655661219632938 0.021492399629538084 -0.092528374541190367 0.075796714263617421 -0.080368217367392331 0.056543096443194718 0.0035997305584544504 0.009174199227565601 -0.085582724199802784 -0.063677459981824669 -0.01975912575406083 -0.0094959345651796558 0.012838762570560601
leaf_weight=588 1199 318 5191 209 25 99 88 83 775 63 24 38 21 315 282 318 82 76 28 31 77 26 84 3581 81 27 21 338 385 120
leaf_count=588 1199 318 5191 209 25 99 88 83 775 63 24 38 21 315 282 318 82 76 28 31 77 26 84 3581 81 27 21 338 385 120
internal_value=5.79884e-05 -0.00539576 0.0006907 -0.0015259 0.00213974 0.0177144 -2.61554e-05 0.0327287 -0.00738055 0.0438828 -0.00541039 -0.0117997 0.00144266 -0.0358902 -0.0033469 -0.000307073 0.0126151 0.0348739 -0.0169275 -0.0450477 0.0533271 -0.0208032 0.0468144 0.00280781 0.0332893 -0.0295897 -0.015009 -0.00742625 0.000498678 0.0277889
internal_weight=14593 1517 13076 7885 4849 592 4257 413 3036 330 2827 1463 1364 380 1083 1340 476 158 179 80 267 308 242 3669 165 342 49 864 526 141
internal_count=14593 1517 13076 7885 4849 592 4257 413 3036 330 2827 1463 1364 380 1083 1340 476 158 179 80 267 308 242 3669 165 342 49 864 526 141
is_linear=0
shrinkage=0.05


Tree=142
num_leaves=31
num_cat=0
split_feature=18 18 18 19 13 0 8 12 17 17 12 6 14 12 17 12 19 19 19 8 6 15 9 4 19 19 19 8 14 12
split_gain=19.6649 62.8581 43.1698 42.722 50.5856 43.3526 59.8769 51.2928 42.9455 36.3591 35.9863 55.9036 52.5508 33.7869 33.5358 49.6325 32.6533 34.2064 87.7981 41.5441 36.6784 36.2428 40.2748 52.5045 33.5005 60.0698 53.7087 48.0425 43.7423 80.4914
threshold=8.5875000000000004 5.7575000000000012 9.2675000000000036 4.020000000000004 0.025000000000000005 32.500000000000007 -0.19255100000000167 4.0050000000000008 31.802500000000002 37.310000000000009 11.655000000000003 15.346588000000002 42.185000000000009 11.495000000000003 35.247500000000009 11.885000000000003 10.945000000000006 8.3475000000000037 6.2775000000000025 -0.58702064999999892 5.3152465000000007 36.862500000000004 -25939.219999999976 1902767.6500000001 2.3525000000000014 2.4450000000000043 2.0624999999999987 -0.034316999999999702 22.790000000000003 18.965000000000003
decision_type=2 2 2 2 2 2 2 2 2 2 2 2 2 2 2 2 2 2 2 2 2 2 2 2 2 2 2 2 2 2
left_child=1 16 -2 5 -5 7 8 -3 -7 14 11 12 -9 -8 -4 -16 17 18 21 -20 -19 24 23 -23 26 -26 -1 -28 -27 -30
right_child=2 3 9 4 -6 6 13 10 -10 -11 -12 -13 -14 -15 15 -17 -18 20 19 -21 -22 22 -24 -25 25 28 27 -29 29 -31
leaf_value=0.00036341229332582015 -0.039767478284057842 0.08394814211389294 -0.0036703033463093542 -0.056062176642895103 0.0095236399496088225 0.031726748896938453 0.10157685059269793 0.028595723078663773 -0.047773460805416113 0.023923763905577693 -0.016982973564986712 0.0025727153784683467 0.12218241848982872 0.04395916621116075 -0.00058063708245754248 -0.082748042950954503 -0.033987645726178732 0.079536019638180744 -0.0047705724944826222 -0.042249846696411131 0.01032669128765721 -0.079310710895030445 -0.0065129160714591924 0.00056894473317596649 0.050619719987986866 0.023587162594040891 0.0050669434318052868 -0.0271434553487673 0.0036233792196736325 -0.065613501224406942
leaf_weight=8404 86 23 1223 42 98 53 38 60 25 113 111 201 20 77 40 34 71 20 125 181 447 48 349 36 74 269 175 342 1765 43
leaf_count=8404 86 23 1223 42 98 53 38 60 25 113 111 201 20 77 40 34 71 20 125 181 447 48 349 36 74 269 175 342 1765 43
internal_value=5.50891e-05 0.00067542 -0.00537571 0.0147498 -0.0101521 0.0204838 0.040062 0.0113788 0.00624591 -0.00327805 0.00712091 0.0166424 0.0519924 0.0629981 -0.00564799 -0.0383332 -0.000177091 1.84255e-05 -0.000506352 -0.0269397 0.0132907 0.000196699 -0.0139941 -0.0450766 0.000751667 0.00635271 -0.000598838 -0.0162405 0.00477556 0.00197671
internal_weight=14593 13097 1496 748 140 608 193 415 78 1410 392 281 80 115 1297 74 12349 12278 11811 306 467 11505 433 84 11072 2151 8921 517 2077 1808
internal_count=14593 13097 1496 748 140 608 193 415 78 1410 392 281 80 115 1297 74 12349 12278 11811 306 467 11505 433 84 11072 2151 8921 517 2077 1808
is_linear=0
shrinkage=0.05


Tree=143
num_leaves=31
num_cat=0
split_feature=0 18 0 4 0 13 1 6 0 19 19 5 14 5 14 5 5 15 6 17 8 19 19 16 12 6 19 5 13 17
split_gain=18.6787 36.7231 35.1988 60.8833 58.8047 111.367 76.8194 73.6816 57.2624 46.4134 109.604 44.7495 53.8244 41.695 41.6965 37.4183 35.287 89.5732 33.8459 43.0276 62.1743 35.5906 34.8099 50.2804 69.2569 36.3134 41.6476 41.1604 37.2948 78.2384
threshold=42.500000000000007 4.5674999999999999 25.500000000000004 231426.37000000002 13.500000000000002 3.2500000000000004 1.0000000180025095e-35 15.171890500000002 15.500000000000002 -12.1075 -12.809999999999999 12.965000000000002 37.822500000000005 11.855000000000002 29.957500000000007 7.9250000000000007 15.005000000000001 22.647500000000004 18.098648000000004 32.065000000000012 -0.034316999999999702 -1.3849999999999996 -1.3075000000000008 43.912500000000009 5.0050000000000008 6.9621428500000002 8.3475000000000037 11.365 1.0000000180025095e-35 22.682500000000005
decision_type=2 2 2 2 2 2 2 2 2 2 2 2 2 2 2 2 2 2 2 2 2 2 2 2 2 2 2 2 2 2
left_child=2 -2 3 4 6 7 -1 11 -5 10 15 12 -6 -7 -15 -10 -8 -18 22 21 -21 -20 23 -11 -25 27 28 -24 29 -27
right_child=1 -3 -4 8 5 13 16 -9 9 18 -12 -13 -14 14 -16 -17 17 -19 19 20 -22 -23 25 24 -26 26 -28 -29 -30 -31
leaf_value=-0.016797995978319338 -0.0092059272441339587 0.0099062055565340684 0.0038588441534573854 -0.032250561256019585 0.068824457460228944 0.0055502843586822054 0.001529271582656241 -0.011035090587831226 0.018863492400851101 -0.0067082279917294848 0.10642419664129135 0.014714298749431261 0.01322497786180574 -0.0095027607020943677 -0.081901253192257648 -0.058699835739705879 -0.024845860960582892 0.048270195184648035 -0.020129232257297992 0.072363229685773453 -0.00090001902753512756 0.0015895541323169907 0.013152720984280782 -0.016207322801152866 0.085418407449890918 -0.029845260311573175 0.014145721117965877 -0.039454102147608361 -0.03850043831613436 0.010066337680860245
leaf_weight=588 1199 318 5191 209 166 99 3481 83 48 324 31 105 59 43 37 23 63 125 243 48 73 843 178 30 38 354 80 47 279 188
leaf_count=588 1199 318 5191 209 166 99 3481 83 48 324 31 105 59 43 37 23 63 125 243 48 73 843 178 30 38 354 80 47 279 188
internal_value=5.23346e-05 -0.00519956 0.000661628 -0.00144322 0.00203328 0.0167985 -2.00475e-05 0.0310756 -0.00699578 -0.0051287 0.0279853 0.0416671 0.054245 -0.0161424 -0.0429871 -0.00626266 0.00266881 0.0237685 -0.0063682 -0.000119035 0.0281631 -0.00327017 -0.0113371 0.00149544 0.0405835 -0.0158045 -0.0202916 0.00216374 -0.0236472 -0.0160014
internal_weight=14593 1517 13076 7885 4849 592 4257 413 3036 2827 102 330 225 179 80 71 3669 188 2725 1207 121 1086 1518 392 68 1126 901 225 821 542
internal_count=14593 1517 13076 7885 4849 592 4257 413 3036 2827 102 330 225 179 80 71 3669 188 2725 1207 121 1086 1518 392 68 1126 901 225 821 542
is_linear=0
shrinkage=0.05


Tree=144
num_leaves=31
num_cat=0
split_feature=18 18 18 17 14 17 12 8 8 3 18 15 15 15 15 9 9 3 3 15 18 3 6 12 13 9 3 16 17 16
split_gain=17.8547 56.2004 38.665 32.7847 31.5164 29.7389 45.1238 29.5031 59.9406 54.2584 43.509 25.7149 56.9569 55.5773 32.8517 42.5897 28.2671 46.0163 47.6105 138.901 34.8207 31.3684 30.3849 30.3465 29.5953 52.7815 40.728 64.8044 74.0269 51.2269
threshold=8.5875000000000004 5.7575000000000012 9.2675000000000036 37.310000000000009 57.855000000000004 35.247500000000009 11.885000000000003 1.9152214999999997 0.72735599999999956 11.512786500000002 6.907499999999998 35.247500000000009 34.932500000000012 34.750000000000007 47.215000000000011 -65506.364999999998 -398855.35999999981 10.871643000000002 24.478088000000003 17.037500000000005 2.6325000000000007 28.477432000000004 29.371887500000003 12.825000000000001 8.3950000000000014 -52725.36250000001 13.519653500000002 29.522500000000004 39.192500000000003 30.557500000000001
decision_type=2 2 2 2 2 2 2 2 2 2 2 2 2 2 2 2 2 2 2 2 2 2 2 2 2 2 2 2 2 2
left_child=1 11 -2 5 7 -4 -7 8 10 -10 -3 12 13 16 15 -13 17 -1 19 -19 22 -22 23 -20 -18 -26 27 -27 29 -29
right_child=2 4 3 -5 -6 6 -8 -9 9 -11 -12 14 -14 -15 -16 -17 24 18 20 -21 21 -23 -24 -25 25 26 -28 28 -30 -31
leaf_value=-0.014438739607370464 -0.03767302075487583 0.04227695990457303 -0.0035279624306220636 0.02269026296517121 -0.035409995093340835 -0.0001726658071856946 -0.078519136431243489 0.00088847312092258518 0.11458766221724176 0.035414510531513309 0.0021341734003120414 -0.035931181957972805 0.04273111535401284 -0.057979584109356136 0.021275340708671139 -0.0059269646465504025 -0.0017007964660567477 0.12188611237797886 -0.021229480111717502 0.014865134365572569 -0.069907003130231585 0.0052609054290730026 0.047086179837146226 0.037746748893425386 -0.020053592980083853 0.0018830507421782449 0.0008481596560744655 0.095241870667253231 -0.030937807613306424 0.031568221659144462
leaf_weight=181 86 90 1223 113 31 40 34 221 27 109 270 152 79 41 80 533 8516 32 88 577 35 23 34 29 188 401 957 35 44 324
leaf_count=181 86 90 1223 113 31 40 34 221 27 109 270 152 79 41 80 533 8516 32 88 577 35 23 34 29 188 401 957 35 44 324
internal_value=4.97179e-05 0.000640808 -0.00512509 -0.0031399 0.013949 -0.00539033 -0.0361697 0.0160831 0.0228532 0.0511327 0.0121699 -0.000165291 0.000421047 0.000130522 -0.0090439 -0.0125848 0.000338347 0.00837415 0.013422 0.0204886 -0.00716915 -0.040099 0.00547941 -0.00661144 -0.000428759 0.00512931 0.00781777 0.0161137 0.0302737 0.037776
internal_weight=14593 13097 1496 1410 748 1297 74 717 496 136 360 12349 11584 11505 765 685 11464 999 818 609 209 58 151 117 10465 1949 1761 804 403 359
internal_count=14593 13097 1496 1410 748 1297 74 717 496 136 360 12349 11584 11505 765 685 11464 999 818 609 209 58 151 117 10465 1949 1761 804 403 359
is_linear=0
shrinkage=0.05


Tree=145
num_leaves=31
num_cat=0
split_feature=0 0 16 15 4 12 0 1 8 18 18 5 17 4 9 16 16 12 15 12 1 15 16 16 18 9 8 8 3 12
split_gain=25.3089 34.5671 68.1955 76.7402 52.3204 59.5984 49.3871 99.4031 35.8579 33.0742 48.6826 32.9109 42.5504 54.7103 75.2941 74.397 63.4269 47.6147 82.3402 45.8522 42.9179 39.4607 36.0722 72.1084 37.9306 35.2531 34.8067 32.4063 36.6187 31.1022
threshold=44.500000000000007 34.500000000000007 58.470000000000006 24.405000000000005 526088.07000000007 10.915000000000001 36.500000000000007 1.5000000000000002 4.8152463500000016 5.0874999999999995 8.9400000000000066 12.865 39.192500000000003 485300.39000000007 440344.74999999994 42.962500000000006 32.197500000000012 18.400000000000002 20.375000000000004 19.065000000000001 5.5000000000000009 23.250000000000004 36.982500000000009 42.677500000000002 2.0325000000000029 691901.35000000021 3.4271845000000014 1.6275635000000002 11.418777500000003 20.075000000000003
decision_type=2 2 2 2 2 2 2 2 2 2 2 2 2 2 2 2 2 2 2 2 2 2 2 2 2 2 2 2 2 2
left_child=1 11 4 -4 5 8 -6 -8 9 -3 -11 -1 13 17 15 16 19 22 -19 20 -15 25 24 -24 -13 -16 -25 28 -2 -7
right_child=27 2 3 -5 6 29 7 -9 -10 10 -12 12 -14 14 21 -17 -18 18 -20 -21 -22 -23 23 26 -26 -27 -28 -29 -30 -31
leaf_value=0.00062053819974186033 0.013336053282049305 0.0087379046485611157 0.13191839567470282 0.018379216519710813 0.012387610608923504 -0.0025130253195634906 0.14257920798845589 0.020625077359039679 -0.033064714503578015 0.06395904192726852 0.0099245442783064911 0.0057312837697286664 -0.069785447204830472 -0.014121835098022551 0.079439477905117239 -0.072689900267869242 0.03058073558590629 0.11814875590304535 0.0004401407371728848 -0.079888760499857575 -0.078326478703268643 -0.0070824596126164707 0.054978908358239813 0.0046434824663623602 -0.026333003056972483 0.0090477507156522374 -0.066138279177248488 -0.0245305607505765 -0.010403494249069493 -0.030504564487453659
leaf_weight=9270 243 924 22 46 253 1368 24 55 45 72 99 187 27 254 29 78 55 24 39 37 29 175 76 132 182 46 20 217 490 107
leaf_count=9270 243 924 22 46 253 1368 24 55 45 72 99 187 27 254 29 78 55 24 39 37 29 175 76 132 182 46 20 217 490 107
internal_value=0.000333434 0.000881657 0.00560852 0.0551125 0.00446625 0.00209242 0.0231637 0.0576744 0.0106785 0.0124762 0.0326759 -0.000455256 -0.0076298 -0.00639854 -0.0161048 -0.0282609 -0.0190196 0.00394008 0.0452815 -0.0275447 -0.0207011 0.00592204 -0.000422589 0.015213 -0.0100836 0.0362659 -0.00466991 -0.00755809 -0.00253349 -0.0045436
internal_weight=14625 13675 3015 68 2947 2615 332 79 1140 1095 171 10660 1390 1363 703 453 375 660 63 320 283 250 597 228 369 75 152 950 733 1475
internal_count=14625 13675 3015 68 2947 2615 332 79 1140 1095 171 10660 1390 1363 703 453 375 660 63 320 283 250 597 228 369 75 152 950 733 1475
is_linear=0
shrinkage=0.05


Tree=146
num_leaves=31
num_cat=0
split_feature=9 19 12 16 16 9 17 7 8 5 9 5 8 8 18 9 18 18 14 0 4 14 4 6 0 1 0 19 12 2
split_gain=23.4456 32.3151 34.5973 25.7708 40.0371 39.1859 67.9207 43.7119 43.672 69.4259 33.273 74.9719 32.8456 30.2626 40.1631 30.5509 22.3806 51.1628 46.9612 42.5989 70.2476 38.6597 59.2086 44.2785 39.5341 48.8465 60.2873 53.9093 69.5912 57.4911
threshold=1556975.3800000001 -4.3424999999999967 11.425000000000002 58.470000000000006 57.307500000000012 -1.0000000180025095e-35 26.100000000000005 1560407.9500000002 -1.8095091999999997 10.085000000000003 272227.25000000006 14.795000000000002 -0.52038600000000013 5.5595095000000017 1.0000000180025095e-35 79054.750000000015 8.5875000000000004 5.6250000000000009 57.855000000000004 35.500000000000007 292383.2900000001 57.015000000000008 23472.830500000004 13.862503000000002 40.500000000000007 3.5000000000000004 34.500000000000007 1.1900000000000006 18.760000000000002 1.0000000180025095e-35
decision_type=2 2 2 2 2 2 2 2 2 2 2 2 2 2 2 2 2 2 2 2 2 2 2 2 2 2 2 2 2 2
left_child=3 -2 -3 4 13 6 7 -5 9 -7 11 -6 -10 16 -15 -16 17 21 19 -19 -21 24 -23 -24 25 27 -27 -1 29 -29
right_child=1 2 -4 5 10 8 -8 -9 12 -11 -12 -13 -14 14 15 -17 -18 18 -20 20 -22 22 23 -25 -26 26 -28 28 -30 -31
leaf_value=0.0021192136125483233 -0.070995123021304604 0.01044109357587461 -0.042425214110075368 0.13653640755536883 -0.018045959370634097 -0.0079230350131789858 0.011032334392747055 0.034402898652479051 -0.063782125667893083 0.11234225241467358 0.034666361808776858 -0.12114365242776418 -0.0025016748581243599 -0.059355477061536578 -0.018287758804846233 0.025138720035277031 -0.005197328590286928 0.0091738868457943452 -0.046458728683571662 0.025425556735635482 0.11831157068195551 0.084010835454932278 -0.050889838450466809 0.050833724252879624 -0.0066810449088743123 -0.0048399847701313609 0.012034746694814125 0.01907997566334195 -0.04138515721252016 -0.035740960377268496
leaf_weight=4319 25 84 49 22 110 30 91 20 27 20 20 21 115 45 162 54 1396 552 31 177 23 35 23 20 1680 3652 619 1099 54 50
leaf_count=4319 25 84 49 22 110 30 91 20 27 20 20 21 115 45 162 54 1396 552 31 177 23 35 23 20 1680 3652 619 1099 54 50
internal_value=0.000316762 -0.0188396 -0.00903597 0.000525977 0.000206064 0.0144466 0.0353068 0.0879014 -3.41669e-06 0.0401831 -0.0254023 -0.0345731 -0.0141536 0.000482446 -0.0163836 -0.00743114 0.000803061 0.0014822 0.0138509 0.0163371 0.0361074 0.000643775 0.0357255 -0.00357655 0.00040527 0.00162093 -0.00239431 0.00472654 0.0140873 0.0166944
internal_weight=14625 158 133 14467 14142 325 133 42 192 50 151 131 142 13991 261 216 13730 12334 783 752 200 11551 78 43 11473 9793 4271 5522 1203 1149
internal_count=14625 158 133 14467 14142 325 133 42 192 50 151 131 142 13991 261 216 13730 12334 783 752 200 11551 78 43 11473 9793 4271 5522 1203 1149
is_linear=0
shrinkage=0.05


Tree=147
num_leaves=31
num_cat=0
split_feature=0 0 4 0 18 6 3 18 3 9 5 12 3 16 5 19 17 15 1 15 6 18 16 7 18 8 17 1 6 9
split_gain=21.2014 30.0003 58.7054 55.8921 47.4059 44.5857 95.5979 56.3209 43.6728 80.7363 38.3835 37.3605 41.93 49.4646 40.4153 40.297 46.5561 34.2485 42.3373 53.9752 58.3579 40.0251 38.2923 35.4791 35.2342 32.8012 40.6819 45.7902 31.9927 30.5665
threshold=44.500000000000007 34.500000000000007 790599.13000000012 36.500000000000007 -16.329999999999991 23.942749000000003 26.373886000000002 3.1850000000000009 22.330551000000003 3484.2021500000146 20.015000000000004 10.915000000000001 15.987457000000001 53.307500000000012 16.215000000000003 1.0325000000000026 17.875000000000004 14.407500000000001 3.5000000000000004 18.645000000000003 13.296570000000001 10.94 40.542500000000004 21416.059500000003 -0.53999999999999904 0.86338799999999971 34.577500000000008 5.5000000000000009 14.413192500000003 561513.30000000016
decision_type=2 2 2 2 2 2 2 2 2 2 2 2 2 2 2 2 2 2 2 2 2 2 2 2 2 2 2 2 2 2
left_child=1 -1 4 29 28 8 7 -7 11 -10 -8 15 13 17 -14 16 -6 -13 21 -20 22 -19 24 -23 -21 26 27 -18 -3 -4
right_child=-2 2 3 -5 5 6 10 -9 9 -11 -12 12 14 -15 -16 -17 25 18 19 20 -22 23 -24 -25 -26 -27 -28 -29 -30 -31
leaf_value=-0.00044278213880717774 -0.006921885328293827 0.08321780747175217 0.012545847690756052 0.10168319131433963 0.098204666040837774 -0.05216345788857199 0.011602292547279722 0.0069855149473167129 0.013657560078577408 0.10204979689611543 -0.038311923921785576 0.034788436386438588 -0.012559522224325395 0.053204763433378599 -0.068721636642064696 0.0017742514119088223 0.032603779000540574 -0.013653462168121057 0.081477345294993508 -0.090838555712252855 0.073572980873286717 -0.00021269276448701685 0.02857613629764981 0.079968098872764556 -0.0095586616452783355 -0.0030459758346882936 -0.006318679777058688 0.10880566239356995 0.020660723116660458 0.072502416342496864
leaf_weight=10660 950 25 142 25 20 158 309 54 155 31 44 63 204 45 38 484 138 549 29 20 25 37 36 22 40 107 55 23 112 25
leaf_count=10660 950 25 142 25 20 158 309 54 155 31 44 63 204 45 38 484 138 549 29 20 25 37 36 22 40 107 55 23 112 25
internal_value=0.000300924 0.000802691 0.00520626 0.0319591 0.00338672 0.00192341 -0.0105579 -0.0370972 0.00524823 0.0283896 0.00538069 0.00302379 -0.00297853 0.00216323 -0.0213784 0.0110656 0.0241764 -0.000634421 -0.00357854 0.0202119 0.00552849 -0.0094479 -0.0121914 0.0296852 -0.036652 0.0195926 0.0308071 0.0434898 0.0320762 0.0215214
internal_weight=14625 13675 3015 192 2823 2686 565 212 2121 186 353 1935 1108 866 242 827 343 821 758 150 121 608 96 59 60 323 216 161 137 167
internal_count=14625 13675 3015 192 2823 2686 565 212 2121 186 353 1935 1108 866 242 827 343 821 758 150 121 608 96 59 60 323 216 161 137 167
is_linear=0
shrinkage=0.05


Tree=148
num_leaves=31
num_cat=0
split_feature=0 8 3 0 4 0 18 6 8 18 3 14 1 2 6 3 17 14 15 15 14 17 17 5 3 14 18 4 5 5
split_gain=19.1343 28.9681 32.8772 27.0753 52.9816 50.4426 42.7838 40.3391 90.2568 42.5127 39.0775 65.5482 109.301 44.7062 36.2072 32.5924 41.0214 73.4508 34.4497 32.3801 34.6386 31.3197 30.7151 68.1046 63.0761 41.6547 73.0958 51.9164 43.7561 41.221
threshold=44.500000000000007 1.6275635000000002 11.418777500000003 34.500000000000007 790599.13000000012 36.500000000000007 -16.329999999999991 23.798157000000003 -0.14167850000000023 2.6325000000000007 22.330551000000003 33.742500000000007 2.5000000000000004 1.0000000180025095e-35 27.363098500000003 6.3628235000000002 18.925000000000004 26.782500000000002 14.497500000000002 22.760000000000002 25.945000000000004 22.660000000000004 24.632500000000004 14.325000000000001 14.126541000000001 49.31750000000001 5.7575000000000012 23472.830500000004 20.505000000000006 18.085000000000004
decision_type=2 2 2 2 2 2 2 2 2 2 2 2 2 2 2 2 2 2 2 2 2 2 2 2 2 2 2 2 2 2
left_child=3 2 -2 -1 6 -6 -5 10 9 14 13 -12 -13 15 -9 16 17 -8 -17 20 -10 -18 25 -24 -25 28 27 -27 -20 -26
right_child=1 -3 -4 4 5 -7 7 8 19 -11 11 12 -14 -15 -16 18 21 -19 22 -21 -22 -23 23 24 29 26 -28 -29 -30 -31
leaf_value=-0.00042064306970876725 0.013211750934655498 -0.022622662937174198 -0.0092823246206401623 0.030472436931364946 0.02044531306095734 0.096599033813923596 0.01496070191856021 -0.059610735608158251 -0.0048801594349141752 0.0010168024857741703 0.0043444488977131971 0.14438436661881429 0.012811923683866076 0.037793217824814339 -0.017892477087556355 0.048059252474237896 -0.02821107386462245 0.097525157613886734 -0.011900376146764067 -0.021773961438767375 0.035285558665339327 0.015929850891094516 -0.0034562376037802107 0.061135173858970077 -0.027422308184358542 0.10673309695665484 -0.050699806071463085 0.00044754754751920702 -0.085282453965573088 0.056305650976442162
leaf_weight=10660 243 217 490 137 167 25 107 118 90 83 112 27 38 88 93 34 64 36 622 62 133 108 623 89 49 27 21 20 21 21
leaf_count=10660 243 217 490 137 167 25 107 118 90 83 112 27 38 88 93 34 64 36 622 62 133 108 623 89 49 27 21 20 21 21
internal_value=0.000285878 -0.00657579 -0.00182522 0.000762557 0.00494594 0.0303612 0.00321738 0.00182723 -0.00986165 -0.0292982 0.00503932 0.0275243 0.0674651 0.00297722 -0.0412231 0.00131392 0.0159575 0.0357462 -0.00170686 0.0101887 0.0190752 -0.000494679 -0.00284019 0.00399811 0.033206 -0.0103613 0.0268537 0.0615052 -0.014297 -0.00230392
internal_weight=14625 950 733 13675 3015 192 2823 2686 579 294 2107 177 65 1930 211 1842 315 143 1527 285 223 172 1493 782 159 711 68 47 643 70
internal_count=14625 950 733 13675 3015 192 2823 2686 579 294 2107 177 65 1930 211 1842 315 143 1527 285 223 172 1493 782 159 711 68 47 643 70
is_linear=0
shrinkage=0.05


Tree=149
num_leaves=31
num_cat=0
split_feature=9 19 12 16 15 9 6 7 16 9 5 8 3 7 3 6 18 18 14 0 8 18 16 7 3 5 14 7 0 1
split_gain=20.9914 29.2152 31.8164 21.6802 46.4821 50.4752 65.1928 43.1761 35.184 29.4852 64.4261 26.2622 41.6939 26.9122 24.497 21.8195 20.8656 44.1154 41.8218 35.2329 46.7723 34.7113 75.2007 33.5341 36.1318 37.6959 33.126 45.9791 34.1767 45.1884
threshold=1556975.3800000001 -3.3074999999999988 11.425000000000002 58.470000000000006 24.405000000000005 -2768.8231499999993 15.095520000000002 1560407.9500000002 57.307500000000012 272227.25000000006 14.795000000000002 5.5595095000000017 17.487136500000002 1041240.8750000001 20.401168500000001 11.788665500000002 8.5875000000000004 5.6250000000000009 57.855000000000004 35.500000000000007 -1.1974180999999999 10.522500000000003 48.540000000000006 2724334.2500000005 20.250152500000002 9.9250000000000025 57.015000000000008 88935.822000000015 40.500000000000007 3.5000000000000004
decision_type=2 2 2 2 2 2 2 2 2 2 2 2 2 2 2 2 2 2 2 2 2 2 2 2 2 2 2 2 2 2
left_child=3 -2 -3 8 5 7 15 -5 11 10 -10 16 13 -13 -6 -7 17 26 19 -19 -21 23 -23 24 25 -18 28 -28 29 -1
right_child=1 2 -4 4 14 6 -8 -9 9 -11 -12 12 -14 -15 -16 -17 21 18 -20 20 -22 22 -24 -25 -26 -27 27 -29 -30 -31
leaf_value=0.0045076640534207789 -0.066299182764039594 0.010548789352066367 -0.040260781898942527 0.1366202468983829 -0.0080767001314772727 0.016336333277550612 0.086689947776141627 0.032725927643477919 -0.017142386164897206 0.032716232631355528 -0.11271436498278664 -0.019479275965551459 -0.079561736791030235 0.018078238816198074 0.03481524578954389 -0.05260096765123308 -0.0088543122809868861 0.0087066233222224364 -0.044039014198126336 -0.016723570815826715 0.044911837304746849 -0.0028269725245925977 0.070757644871870681 -0.070562624279409653 0.005581871324946204 -0.051648386735259823 0.071473761671819749 -0.0053035487826818073 -0.0061983900067118505 -0.00234135860188525
leaf_weight=5522 26 83 49 20 177 22 21 20 110 20 21 172 23 66 41 24 122 552 31 38 162 977 36 28 144 89 39 39 1680 4271
leaf_count=5522 26 83 49 20 177 22 21 20 110 20 21 172 23 66 41 24 122 552 31 38 162 977 36 28 144 89 39 39 1680 4271
internal_value=0.000271584 -0.0178545 -0.00831234 0.000469546 0.0132377 0.0402279 0.0136935 0.0846731 0.00017612 -0.0238301 -0.0324631 0.00043521 -0.0152766 -0.00906417 -9.86627e-06 -0.019631 0.000733883 0.00138964 0.0128749 0.0152211 0.0332011 -0.00505987 -0.000211922 -0.0178822 -0.0137272 -0.0269049 0.000611092 0.0330851 0.000390315 0.00152061
internal_weight=14625 158 132 14467 325 107 67 40 14142 151 131 13991 261 238 218 46 13730 12334 783 752 200 1396 1013 383 355 211 11551 78 11473 9793
internal_count=14625 158 132 14467 325 107 67 40 14142 151 131 13991 261 238 218 46 13730 12334 783 752 200 1396 1013 383 355 211 11551 78 11473 9793
is_linear=0
shrinkage=0.05


Tree=150
num_leaves=31
num_cat=0
split_feature=14 3 8 12 14 5 0 7 7 6 6 8 14 8 16 5 6 4 8 5 15 7 3 1 15 4 13 13 19 19
split_gain=23.3408 96.8117 58.213 26.63 25.6394 23.3777 20.6477 56.4404 36.4847 31.0394 28.3871 20.2212 62.2543 34.7102 17.6705 38.1506 42.5181 41.333 58.3156 36.1534 33.519 63.5728 81.3815 53.6336 33.2161 31.5437 45.5429 28.0238 26.2562 59.9738
threshold=58.470000000000006 11.338623000000002 2.9637297500000011 20.450000000000006 57.855000000000004 10.405000000000003 26.500000000000004 2175059.0000000005 1987631.6000000003 14.573577750000002 16.348907500000003 5.5595095000000017 45.427500000000009 7.2601008650000001 24.330000000000002 7.9250000000000007 29.152939000000003 1918450.9500000002 -0.7766415000000001 19.995000000000001 13.050000000000002 700752.59500000009 29.152939000000003 1.0000000180025095e-35 21.080000000000005 193632.23500000002 9.5750000000000011 9.7850000000000019 2.8175000000000012 1.8949999999999998
decision_type=2 2 2 2 2 2 2 2 2 2 2 2 2 2 2 2 2 2 2 2 2 2 2 2 2 2 2 2 2 2
left_child=4 -2 3 6 11 -6 7 9 -8 -3 -11 14 13 -13 15 -1 19 18 -18 24 21 23 -23 -16 27 -26 -27 -17 29 -22
right_child=1 2 -4 -5 5 -7 8 -9 -10 10 -12 12 -14 -15 20 16 17 -19 -20 -21 28 22 -24 -25 25 26 -28 -29 -30 -31
leaf_value=-0.019025875885638276 0.092900584912037149 -0.013156499655296406 0.07563253402012414 -0.052926754641036189 -0.0087655676066508304 -0.065433270537427493 -0.00062052890792335961 -0.066437578354688262 0.062731413904464614 0.083769794330000882 0.0038505262732505801 -0.011170356578194781 -0.068149425353939572 0.044217527446083052 -0.064193385777374115 -0.00037460120541518016 0.11119177402169617 -7.9292950353452142e-05 0.013390993332889465 -0.050080858231522141 0.00082180996377016606 0.12447208193098676 -0.0047715514720905391 0.029107594377426216 -0.0041664234547201416 -0.017084787274152042 -0.079591626879808156 0.027754111155283024 0.0047387118885119 -0.011890452465855956
leaf_weight=350 34 75 26 24 52 28 73 34 33 20 25 198 44 33 24 1526 27 70 35 40 7295 29 21 43 290 125 38 94 2883 1063
leaf_count=350 34 75 26 24 52 28 73 34 33 20 25 198 44 33 24 1526 27 70 35 40 7295 29 21 43 290 125 38 94 2883 1063
internal_value=-6.30431e-05 0.0128073 0.00402286 -0.00253296 -0.000372478 -0.0285993 0.00211878 -0.00957114 0.0191022 0.00654101 0.0393702 -0.000213767 -0.0136405 -0.0032578 5.08604e-05 -0.00367171 -0.00127796 0.0262524 0.0559817 -0.00299779 0.000901368 0.0275254 0.0701898 -0.00431365 -0.00208929 -0.0140582 -0.0316569 0.00125756 0.000624256 -0.000794981
internal_weight=14652 344 310 284 14308 80 260 154 106 120 45 14228 275 231 13953 2595 2245 132 62 2113 11358 117 50 67 2073 453 163 1620 11241 8358
internal_count=14652 344 310 284 14308 80 260 154 106 120 45 14228 275 231 13953 2595 2245 132 62 2113 11358 117 50 67 2073 453 163 1620 11241 8358
is_linear=0
shrinkage=0.05


Tree=151
num_leaves=31
num_cat=0
split_feature=14 3 8 14 6 5 6 12 8 4 16 5 14 16 5 15 6 8 4 18 5 5 15 7 3 1 17 3 17 15
split_gain=21.0651 87.8486 53.2459 24.2146 43.601 50.5201 24.6654 23.525 20.3768 40.8121 24.8464 21.6668 20.5404 19.0328 35.7219 34.8264 31.8322 40.3009 51.8396 34.6817 30.6755 30.4304 29.489 57.3744 73.4468 48.4044 25.8361 48.092 33.9263 47.0089
threshold=58.470000000000006 11.512786500000002 2.9637297500000011 56.177500000000002 16.156143500000002 8.9450000000000021 17.635391000000002 20.450000000000006 4.9874575000000005 2457619.0000000005 58.470000000000006 10.005000000000001 34.07500000000001 24.330000000000002 8.1250000000000018 26.255000000000003 29.152939000000003 -0.97035199999999999 1918450.9500000002 -2.5899999999999994 10.585000000000003 19.995000000000001 13.050000000000002 700752.59500000009 29.152939000000003 1.0000000180025095e-35 18.355000000000004 26.373886000000002 15.740000000000002 16.515000000000004
decision_type=2 2 2 2 2 2 2 2 2 2 2 2 2 2 2 2 2 2 2 2 2 2 2 2 2 2 2 2 2 2
left_child=3 -2 7 8 -5 -6 -7 -3 13 10 11 -10 -13 14 15 -1 19 18 -18 20 -16 26 23 25 -25 -15 28 -28 -21 -30
right_child=1 2 -4 4 5 6 -8 -9 9 -11 -12 12 -14 22 16 -17 17 -19 -20 21 -22 -23 -24 24 -26 -27 27 -29 29 -31
leaf_value=-0.013143342499604188 0.0849493413084388 0.0014821050035430242 0.071850906971555495 0.0042998907133962403 -0.0044641058595068219 -0.091214289943663748 -0.031462615235678608 -0.050280417315661907 0.0039939628773995864 -0.077138986167582607 0.039125309001516416 -0.005353865496797768 -0.035568493290338669 -0.060983716603368522 0.0017458518950895657 -0.07392130333185197 0.10731082450455198 0.0018881156851973714 0.00023824580013751982 -0.0038660130519040086 0.045186261080465667 -0.047576815341599292 0.00091293408243371286 0.11824847713498206 -0.0045329747810250237 0.027652214631048402 -0.016542008407604638 0.022741355504064514 0.061224269509936369 0.0069047498361393608
leaf_weight=412 37 257 26 146 69 39 31 24 153 22 27 113 112 24 101 25 26 79 20 849 68 40 10907 29 21 43 580 90 48 234
leaf_count=412 37 257 26 146 69 39 31 24 153 22 27 113 112 24 101 25 26 79 20 849 68 40 10907 29 21 43 580 90 48 234
internal_value=-5.98909e-05 0.0121669 0.0033951 -0.000353854 -0.0147822 -0.0348253 -0.0647528 -0.00293889 -6.0615e-05 -0.0108156 -0.00721284 -0.0105227 -0.020394 0.000277159 -0.00359587 -0.0166203 -0.000929967 0.0235521 0.0607575 -0.00245248 0.0192248 -0.00444241 0.00118077 0.0261491 0.0666803 -0.00409797 -0.0034844 -0.0112651 0.00112487 0.0161506
internal_weight=14652 344 307 14308 285 139 70 281 14023 427 405 378 225 13596 2572 437 2135 125 46 2010 169 1841 11024 117 50 67 1801 670 1131 282
internal_count=14652 344 307 14308 285 139 70 281 14023 427 405 378 225 13596 2572 437 2135 125 46 2010 169 1841 11024 117 50 67 1801 670 1131 282
is_linear=0
shrinkage=0.05


Tree=152
num_leaves=31
num_cat=0
split_feature=14 3 8 0 7 7 6 6 16 14 6 5 6 7 8 4 14 13 3 19 6 16 18 5 5 14 0 6 6 0
split_gain=19.0112 79.2834 48.0544 23.4313 54.1615 51.9702 30.9558 22.7624 22.648 21.8537 39.3499 45.5944 22.2605 18.521 18.3901 36.8329 23.0699 30.0371 49.2704 19.2136 17.3443 17.1771 33.1919 43.1791 37.96 61.4359 26.2662 30.2278 56.7596 46.3894
threshold=58.470000000000006 11.512786500000002 2.9637297500000011 26.500000000000004 2175059.0000000005 1987631.6000000003 15.010773000000002 16.626907500000005 57.855000000000004 56.177500000000002 16.156143500000002 8.9450000000000021 17.635391000000002 959549.40000000014 4.9874575000000005 2457619.0000000005 45.427500000000009 7.8850000000000007 12.367767500000001 4.8049999999999971 12.843750000000002 24.330000000000002 1.0749999999999977 8.1150000000000002 17.425000000000004 29.860000000000003 12.500000000000002 24.809814500000005 22.583572500000002 18.500000000000004
decision_type=2 2 2 2 2 2 2 2 2 2 2 2 2 2 2 2 2 2 2 2 2 2 2 2 2 2 2 2 2 2
left_child=9 -2 3 4 6 8 -3 -8 -5 14 13 -12 -13 20 21 16 17 18 19 -16 -11 22 26 -24 -25 -26 -1 28 29 -28
right_child=1 2 -4 5 -6 -7 7 -9 -10 10 11 12 -14 -15 15 -17 -18 -19 -20 -21 -22 -23 23 24 25 -27 27 -29 -30 -31
leaf_value=-0.0092395984332131996 0.080701876149789714 -0.016787414421560242 0.068258361661663422 -0.045303936633798815 -0.064755512310600866 0.064287716295156214 0.07482765085995198 0.0018929608206710092 0.010781278922783074 0.030764668178744615 -0.0042409005264441172 -0.086653574508352163 -0.029889484242566173 0.038384904928745765 -0.021790998579934242 -0.073282036727125008 -0.03901785743631879 -0.021344463169490072 0.036049889771169734 0.024433310909582111 -0.015656388393378282 0.0011217326080871454 -0.028242681038534362 -0.0016841992888831079 -0.058986868077174653 0.02158760825438159 0.037467895141314898 -0.0063358455299389093 0.054809209297423903 0.00030211445504270477
leaf_weight=340 37 80 26 27 41 36 20 23 54 26 69 39 31 31 100 22 49 132 95 29 89 11024 236 1008 73 35 105 283 73 419
leaf_count=340 37 80 26 27 41 36 20 23 54 26 69 39 31 31 100 22 49 132 95 29 89 11024 236 1008 73 35 105 283 73 419
internal_value=-5.68964e-05 0.0115586 0.00322534 -0.00279195 -0.0149871 0.0143021 0.00160242 0.0358161 -0.00791379 -0.000336161 -0.0140431 -0.0330841 -0.0615152 0.0040849 -5.75843e-05 -0.0102748 -0.00685219 -0.0024249 0.00872413 -0.0113995 -0.00516119 0.000263301 -0.00341607 -0.0088117 -0.00470264 -0.0328748 0.00256334 0.00712357 0.0135038 0.00774946
internal_weight=14652 344 307 281 164 117 123 43 81 14308 285 139 70 146 14023 427 405 356 224 129 115 13596 2572 1352 1116 108 1220 880 597 524
internal_count=14652 344 307 281 164 117 123 43 81 14308 285 139 70 146 14023 427 405 356 224 129 115 13596 2572 1352 1116 108 1220 880 597 524
is_linear=0
shrinkage=0.05


Tree=153
num_leaves=31
num_cat=0
split_feature=0 12 14 3 8 12 14 1 5 3 15 19 0 0 13 0 5 17 9 3 17 13 15 18 6 16 3 16 19 19
split_gain=17.3973 35.5353 23.2093 72.2008 39.7056 23.1331 22.5646 21.5701 21.4583 27.0001 34.825 21.8811 20.1273 37.4483 43.5809 97.94 55.0978 46.2604 47.4362 46.608 44.6 45.3518 42.6954 40.9579 51.3505 44.7725 40.7073 40.4995 44.1051 60.5722
threshold=5.5000000000000009 11.765000000000002 58.470000000000006 11.338623000000002 3.0308533500000023 20.450000000000006 57.855000000000004 1.0000000180025095e-35 9.5750000000000011 23.328384500000002 29.332500000000003 5.0200000000000014 40.500000000000007 35.500000000000007 1.0000000180025095e-35 10.500000000000002 10.975000000000003 19.897500000000004 -872257.61999999988 15.390274000000002 21.797500000000003 5.0050000000000008 24.632500000000004 1.3999999999999952 7.9526976500000011 29.332500000000003 4.6411133500000004 59.847500000000004 1.1900000000000006 1.639999999999999
decision_type=2 2 2 2 2 2 2 2 2 2 2 2 2 2 2 2 2 2 2 2 2 2 2 2 2 2 2 2 2 2
left_child=1 8 6 -4 5 -5 12 -3 9 10 11 -1 13 14 27 -16 17 22 19 -19 21 -20 -17 -22 25 -25 -18 28 -2 -30
right_child=2 7 3 4 -6 -7 -8 -9 -10 -11 -12 -13 -14 -15 15 16 26 18 20 -21 23 -23 -24 24 -26 -27 -28 -29 29 -31
leaf_value=-0.01849513931867755 0.00012778537919580643 -0.073914988589240241 0.087889315548042468 0.0053595485592400453 0.0690628001547378 -0.046258935642739141 -0.028042250443915173 -0.020439121363134208 0.0049188856251547106 0.0087024377062334679 0.0058593144622321597 0.023252511689100752 -0.0040476425256002653 0.0087569733505138535 0.015457020548447505 8.2033329016091883e-05 -0.054860179500128906 0.068457440514531398 -0.099916250320772337 0.0037736973717687576 0.00089018353370949642 -0.024235983230008751 0.043660248537703963 0.066252352396647146 -0.027090473326232007 -0.019431542456450485 -0.016016887923346018 -0.057454509926693778 0.028668426992295454 0.0049438174405540512
leaf_weight=642 4292 24 30 227 23 24 70 88 588 224 236 33 2092 1458 489 147 74 36 24 123 625 113 91 30 342 31 762 28 336 1350
leaf_count=642 4292 24 30 227 23 24 70 88 588 224 236 33 2092 1458 489 147 74 36 24 123 625 113 91 30 342 31 762 28 336 1350
internal_value=-5.40515e-05 -0.00460747 0.000597857 0.0142484 0.00618557 0.000423917 0.00026622 -0.0318982 -0.00283349 -0.00684969 -0.0106737 -0.0164541 0.000425474 0.00132952 0.000111792 -0.00493672 -0.00909541 -0.00355075 -0.00719895 0.0184191 -0.0106953 -0.0374938 0.0167443 -0.00712391 -0.0195527 0.0227081 -0.0194552 0.00253854 0.00281954 0.00967185
internal_weight=14652 1835 12817 304 274 251 12513 112 1723 1135 911 675 12443 10351 8893 2887 2398 1562 1324 159 1165 137 238 1028 403 61 836 6006 5978 1686
internal_count=14652 1835 12817 304 274 251 12513 112 1723 1135 911 675 12443 10351 8893 2887 2398 1562 1324 159 1165 137 238 1028 403 61 836 6006 5978 1686
is_linear=0
shrinkage=0.05


Tree=154
num_leaves=31
num_cat=0
split_feature=0 12 14 3 8 1 12 4 18 7 14 1 0 3 4 0 4 0 7 13 0 0 6 6 5 0 0 12 16 16
split_gain=15.701 32.0706 20.9463 65.1612 35.8839 20.7564 20.5428 22.8741 39.4414 27.6175 20.3645 19.467 19.6183 21.8355 19.1636 18.1649 36.8027 63.057 53.7149 52.8818 89.2226 60.9023 79.2304 52.4213 88.039 52.3986 56.4513 74.9075 67.9272 66.2433
threshold=5.5000000000000009 11.765000000000002 58.470000000000006 11.338623000000002 2.9637297500000011 1.5000000000000002 20.450000000000006 526088.07000000007 10.255000000000001 757217.42500000016 57.855000000000004 1.0000000180025095e-35 1.5000000000000002 10.166488500000002 1981601.9500000002 40.500000000000007 54354.016000000011 15.500000000000002 40302.933500000006 1.0000000180025095e-35 17.500000000000004 18.500000000000004 12.955902000000002 10.500824000000001 7.8150000000000004 25.500000000000004 23.500000000000004 4.9150000000000009 46.055000000000007 47.717500000000001
decision_type=2 2 2 2 2 2 2 2 2 2 2 2 2 2 2 2 2 2 2 2 2 2 2 2 2 2 2 2 2 2
left_child=1 5 10 -4 6 -1 7 9 14 -5 15 -3 -13 -14 -9 16 18 -18 -2 21 -21 23 -23 24 -19 26 27 28 -24 -29
right_child=2 11 3 4 -6 -7 -8 8 -10 -11 -12 12 13 -15 -16 -17 17 19 -20 20 -22 22 25 -25 -26 -27 -28 29 -30 -31
leaf_value=-0.011587187225783342 0.0042662005779689925 -0.070219239064802735 0.083494848151070389 0.0081176326500580608 0.061759821554789179 0.00069384723087167902 -0.043945988391836485 -0.068959999110860135 0.020281118925343802 0.069885362430729653 -0.026640137827156914 0.0082996676701146202 -0.0019629811931570823 -0.068021125885946998 -0.0082972058135530238 -0.0038452604105616455 -0.018684989538088181 0.10817208893989261 0.036684907572361453 -0.038863393557676804 -0.0028430169603339208 -0.0090886983448173857 0.091531451224264773 0.0082682862862323726 0.023083627219066809 0.011548022173736369 -0.022759348966829386 -0.0075356362856873098 -0.0050992906416556048 0.047216004568843117
leaf_weight=475 3252 24 30 102 26 1248 24 30 47 22 70 37 22 29 23 2092 461 38 133 189 1902 1250 44 405 152 1659 266 507 31 62
leaf_count=475 3252 24 30 102 26 1248 24 30 47 22 70 37 22 29 23 2092 461 38 133 189 1902 1250 44 405 152 1659 266 507 31 62
internal_value=-5.1349e-05 -0.00437709 0.000567964 0.013536 0.0058763 -0.00269181 1.7539e-05 0.00472792 -0.0130642 0.0190764 0.000252909 -0.0303033 -0.0194172 -0.0395255 -0.0426346 0.0004042 0.00126304 -0.00081525 0.00553996 0.000451152 -0.0060988 0.003554 0.00123578 0.0184335 0.0401013 0.00625937 -0.00338226 0.00462132 0.0515907 -0.00156973
internal_weight=14652 1835 12817 304 274 1723 248 224 100 124 12513 112 88 51 53 12443 10351 6966 3385 6505 2091 4414 3819 595 190 2569 910 644 75 569
internal_count=14652 1835 12817 304 274 1723 248 224 100 124 12513 112 88 51 53 12443 10351 6966 3385 6505 2091 4414 3819 595 190 2569 910 644 75 569
is_linear=0
shrinkage=0.05


Tree=155
num_leaves=31
num_cat=0
split_feature=6 15 15 3 12 6 6 8 14 0 1 15 8 17 6 1 3 18 17 3 4 4 0 18 18 15 12 16 6 8
split_gain=16.6763 16.1026 49.1265 62.2069 44.0646 144.961 198.933 52.3821 39.3268 41.2763 43.9322 29.4832 38.5885 36.4562 57.1759 55.8262 55.7174 55.4771 52.0438 59.2747 38.1819 29.9428 40.3924 44.4397 29.4809 49.995 27.5297 25.6567 29.7301 23.9755
threshold=-1.0000000180025095e-35 15.840000000000002 15.172500000000001 27.692535500000002 18.400000000000002 23.942749000000003 29.524887500000002 -1.8095091999999997 22.915000000000003 42.500000000000007 1.0000000180025095e-35 18.577500000000004 0.45219400000000004 18.812500000000004 25.006180000000004 2.5000000000000004 23.941864000000006 -0.31749999999999895 19.202500000000004 27.007660000000005 998925.27500000014 1060703.3500000003 11.500000000000002 4.3550000000000013 -4.5075000000000012 14.497500000000002 17.260000000000002 26.847500000000004 26.663833500000006 -6.2854004999999988
decision_type=2 2 2 2 2 2 2 2 2 2 2 2 2 2 2 2 2 2 2 2 2 2 2 2 2 2 2 2 2 2
left_child=-1 2 4 -4 7 -6 -7 8 -2 10 -10 12 13 14 16 17 21 -16 19 20 29 22 -3 -24 25 -9 -14 -26 -29 -15
right_child=1 11 3 -5 5 6 -8 24 9 -11 -12 -13 26 18 15 -17 -18 -19 -20 -21 -22 -23 23 -25 27 -27 -28 28 -30 -31
leaf_value=0.041646910368581307 -0.0025304129438977825 -0.0031454192457966053 -0.023903916090473497 0.064398479390712013 0.14841962222542082 -0.042818009164748774 0.12279798945784569 0.041291237010847075 0.11331309202127159 -0.030387321150019055 0.032638023223518289 -0.0004140709970764346 0.00013049468086687716 0.010901920780263565 0.074996747878881595 -0.034100330234540517 0.094629411140213837 -0.0018175227139430234 0.011446501306783209 0.11833546608686447 -0.028209112547338013 -0.014092217835069105 0.026462419132109394 0.10317330507317646 -0.0068498348699472904 -0.030548115128961703 -0.035016398224216261 -0.015693630716657338 -0.072820560622494673 0.068976146240647018
leaf_weight=24 137 111 397 21 21 66 25 74 20 21 108 10675 643 27 26 132 23 245 243 26 20 74 187 21 1020 36 61 79 32 52
leaf_count=24 137 111 397 21 21 66 25 74 20 21 108 10675 643 27 26 132 23 245 243 26 20 74 187 21 1020 36 61 79 32 52
internal_value=2.31897e-06 -6.60302e-05 -0.00416695 -0.0194677 -0.00026475 0.0300069 0.00268089 -0.00248507 0.0168055 0.0345841 0.0452435 0.000605272 0.00635963 0.0118603 0.00598657 -0.00743578 0.0189895 0.00555211 0.0249325 0.0511492 0.0335043 0.0145627 0.0212099 0.0342073 -0.00693075 0.0177802 -0.0029149 -0.00933412 -0.0321627 0.049128
internal_weight=14647 14623 2057 418 1639 112 91 1527 286 149 128 12566 1891 1187 819 403 416 271 368 125 99 393 319 208 1241 110 704 1131 111 79
internal_count=14647 14623 2057 418 1639 112 91 1527 286 149 128 12566 1891 1187 819 403 416 271 368 125 99 393 319 208 1241 110 704 1131 111 79
is_linear=0
shrinkage=0.05


Tree=156
num_leaves=31
num_cat=0
split_feature=19 19 14 19 14 19 15 15 13 1 19 19 17 19 8 7 13 3 16 18 9 4 15 3 16 16 15 16 16 9
split_gain=16.0216 58.02 45.3607 42.3569 49.246 39.8098 39.6709 105.706 46.8068 37.2499 82.0655 54.5482 47.6219 39.6824 84.2198 38.6662 36.8081 35.2204 33.729 60.2408 34.9879 63.784 44.3178 32.9802 32.9777 52.6861 41.5753 116.022 83.734 58.9694
threshold=5.4800000000000031 2.8175000000000012 57.307500000000012 7.9300000000000042 44.232500000000009 2.9149999999999996 34.750000000000007 33.812500000000007 2.0050000000000003 3.5000000000000004 1.8949999999999998 -0.70250000000000046 32.88750000000001 2.2799999999999998 -2.0376585000000005 474605.75000000006 7.6950000000000012 11.606857000000002 24.785000000000004 3.7874999999999983 -381510.13999999996 1205150.4000000001 22.375000000000004 11.693634000000001 30.852500000000003 30.297500000000003 21.320000000000004 47.717500000000001 39.632500000000007 16993.170000000016
decision_type=2 2 2 2 2 2 2 2 2 2 2 2 2 2 2 2 2 2 2 2 2 2 2 2 2 2 2 2 2 2
left_child=1 9 5 4 23 -3 7 18 -8 13 11 -11 15 24 -15 16 -12 -9 19 -7 21 -20 -22 -2 25 -1 27 28 -26 -29
right_child=3 2 -4 -5 -6 6 8 17 -10 10 12 -13 -14 14 -16 -17 -18 -19 20 -21 22 -23 -24 -25 26 -27 -28 29 -30 -31
leaf_value=-0.0011992544886741164 -0.0073902912931685912 0.045094128818946741 -0.015263590746142558 0.0028302696990449364 0.010935297351036419 -0.016212131471411508 0.012973848213851986 0.089552936396960714 -0.029832896705605644 -0.012253893715145145 -0.02698179625226961 0.0034450639650083974 0.037223922885023061 -0.046077793189102698 0.030577238300551857 -0.037431413043252579 0.0015740691005370359 0.01606387990987455 0.088656910181772422 0.033736307777834533 -0.010311680028892378 0.0024430959630343651 0.015222689904627565 -0.032583875051852673 0.01577879309139988 -0.022468684536361253 0.00077095006793521015 0.09546615219364564 -0.025410492309789746 -0.0036713083833456043
leaf_weight=3230 234 79 190 805 152 267 122 56 134 780 240 1904 35 42 244 271 213 23 41 78 209 45 909 292 605 320 2892 60 155 20
leaf_count=3230 234 79 190 805 152 267 122 56 134 780 240 1904 35 42 244 271 213 23 41 78 209 45 909 292 605 320 2892 60 155 20
internal_value=2.20302e-06 0.000557244 0.00806407 -0.00492467 -0.0141322 0.010322 0.0088639 0.011741 -0.00943281 -0.000910579 -0.00522221 -0.00111723 -0.0197384 0.00105096 0.0193202 -0.0224921 -0.0135549 0.0681574 0.00886375 -0.00491944 0.0128133 0.043545 0.0104493 -0.0213761 0.000333439 -0.0031165 0.00361513 0.0134072 0.00737835 0.0706818
internal_weight=14647 13164 2153 1483 678 1963 1884 1628 256 11011 3443 2684 759 7568 286 724 453 79 1549 345 1204 86 1118 526 7282 3550 3732 840 760 80
internal_count=14647 13164 2153 1483 678 1963 1884 1628 256 11011 3443 2684 759 7568 286 724 453 79 1549 345 1204 86 1118 526 7282 3550 3732 840 760 80
is_linear=0
shrinkage=0.05


Tree=157
num_leaves=31
num_cat=0
split_feature=5 14 4 15 12 6 6 3 9 14 2 9 16 14 12 16 5 0 19 19 7 3 13 19 0 6 15 15 6 19
split_gain=15.7201 36.6002 30.9699 50.5269 39.6453 29.4731 34.0987 30.2368 31.9285 28.5944 31.2418 27.6812 21.6402 20.7299 20.196 19.9027 25.325 16.8465 16.7731 60.8356 56.4792 45.1052 41.1318 39.0298 42.2965 36.2648 37.2335 53.1328 48.007 33.948
threshold=1.0050000000000001 48.497500000000009 2121661.9000000004 32.442500000000003 8.4650000000000016 10.334381000000002 16.156143500000002 18.247574000000004 -516651.85999999993 46.055000000000007 1.0000000180025095e-35 130763.14999999998 16.995000000000005 18.625000000000004 17.005000000000006 22.475000000000005 10.845000000000001 21.500000000000004 5.4800000000000031 2.8175000000000012 2493538.3500000006 15.714111500000001 17.030000000000005 2.9149999999999996 15.500000000000002 26.753143500000004 34.340000000000011 33.812500000000007 5.6181487000000017 7.9300000000000042
decision_type=2 2 2 2 2 2 2 2 2 2 2 2 2 2 2 2 2 2 2 2 2 2 2 2 2 2 2 2 2 2
left_child=1 5 3 4 -3 -1 9 8 -8 10 17 -10 -2 14 15 -14 -17 -7 19 -15 23 -22 29 24 -21 26 27 -25 -29 -20
right_child=12 2 -4 -5 -6 6 7 -9 11 -11 -12 -13 13 18 -16 16 -18 -19 22 20 21 -23 -24 25 -26 -27 -28 28 -30 -31
leaf_value=0.026591435220325366 -0.026278215062216316 0.020071317714770876 -0.023570721524377024 0.079112716937171562 -0.041509530945297551 0.021296185454619782 0.062136035971343519 -0.031463737858404575 -0.041946866797349817 -0.09348769716241144 -0.078286785046969148 0.028360126433627949 -0.0034060769423376771 -0.00078420359166436705 0.062561264671385286 0.0096956317224318085 0.059343115643069558 -0.029226128294967214 -0.014322662559765068 -0.0083479757778919667 0.11468324027955533 0.02815737688120027 0.062984502383253801 0.0055145738767598115 0.071130194318817661 0.040649256367288847 -0.011279614088562085 0.10977234445188358 0.019907371567872666 0.0011162501945972711
leaf_weight=32 76 113 62 28 34 21 24 68 28 22 28 28 128 10194 20 84 37 77 653 26 20 61 22 1475 47 71 320 23 42 783
leaf_count=32 76 113 62 28 34 21 24 68 28 22 28 28 128 10194 20 84 37 77 653 26 20 61 22 1475 47 71 320 23 42 783
internal_value=2.09288e-06 -0.00817561 0.00679538 0.0175537 0.00582813 -0.0189931 -0.0239211 -0.00695066 0.0138855 -0.0408916 -0.0317081 -0.00679337 0.0003302 0.000474583 0.0142207 0.010338 0.0248771 -0.0183999 0.000205404 0.000807448 0.00858937 0.0495218 -0.00486489 0.00693491 0.0428229 0.00557819 0.00423946 0.0074642 0.0517057 -0.00590437
internal_weight=14647 565 237 175 147 328 296 148 80 148 126 56 14082 14006 269 249 121 98 13737 12279 2085 81 1458 2004 73 1931 1860 1540 65 1436
internal_count=14647 565 237 175 147 328 296 148 80 148 126 56 14082 14006 269 249 121 98 13737 12279 2085 81 1458 2004 73 1931 1860 1540 65 1436
is_linear=0
shrinkage=0.05


Tree=158
num_leaves=31
num_cat=0
split_feature=0 3 13 19 13 19 19 15 15 15 17 8 16 8 13 8 1 19 19 8 18 18 13 18 9 16 16 17 0 16
split_gain=14.7327 33.3862 40.5879 23.6655 46.4464 46.2908 48.4709 41.9949 85.3386 39.0502 35.6548 46.2485 41.2918 39.2487 36.0318 32.129 31.6167 74.8289 48.7989 40.1649 38.2069 41.0264 52.7471 43.9449 43.8785 41.3214 40.6295 35.9101 33.0078 31.5688
threshold=4.5000000000000009 24.809814500000005 4.9600000000000009 5.4800000000000031 17.030000000000005 2.8175000000000012 2.9149999999999996 34.340000000000011 33.812500000000007 35.125000000000007 24.632500000000004 -0.58702064999999892 39.110000000000007 0.095321500000000739 10.995000000000003 2.8917230000000003 3.5000000000000004 1.8949999999999998 -0.70250000000000046 4.6823267000000008 6.1525000000000043 1.5174999999999985 8.1050000000000022 3.0674999999999994 548030.10000000021 33.437500000000007 37.822500000000005 32.88750000000001 25.500000000000004 59.847500000000004
decision_type=2 2 2 2 2 2 2 2 2 2 2 2 2 2 2 2 2 2 2 2 2 2 2 2 2 2 2 2 2 2
left_child=1 2 -1 5 10 16 -7 8 29 -9 12 14 -5 -14 -12 -15 -2 18 -18 20 21 22 28 -23 25 -24 -27 -19 -20 -8
right_child=3 -3 -4 4 -6 6 7 9 -10 -11 11 -13 13 15 -16 -17 17 27 19 -21 -22 23 24 -25 -26 26 -28 -29 -30 -31
leaf_value=-0.014511381815907798 0.0017740346963352246 0.010125033946835674 0.0051184399156833631 -0.0052006438773310217 0.067947167867705938 0.048876370757188599 0.0088246885895133971 -0.043289739828940264 0.063756188377737999 -0.00062801271714141781 0.015667176759268483 -0.030205242334789301 -0.03247171055880331 0.076208707559853803 -0.056954370737075814 0.013594835539836259 -0.011332162614423304 -0.021433830299074377 -0.0088425832548816238 0.064878510559598604 0.053651463502162211 -0.029853605270676459 0.03467187149641926 0.010930457025264892 0.08183084138269936 -0.033716298432199886 0.016434831517466365 0.033644927545420582 0.0096611572030027484 -0.037349797832460972
leaf_weight=838 6788 306 384 766 21 71 1430 68 71 254 117 289 21 40 20 42 696 652 523 27 37 181 170 104 28 59 128 31 447 38
leaf_count=838 6788 306 384 766 21 71 1430 68 71 254 117 289 21 40 20 42 696 652 523 27 37 181 170 104 28 59 128 31 447 38
internal_value=1.98821e-06 -0.0046445 -0.00834293 0.000543175 -0.00581666 0.00125228 0.00833008 0.00678317 0.0102188 -0.00963732 -0.00701283 -0.0188623 -0.00120399 0.0285187 0.00506549 0.0441382 -0.000133023 -0.00433189 -0.000176396 0.00438018 0.00340615 0.00227257 0.00589944 -0.014971 0.0215581 0.0168309 0.000611748 -0.0189339 -0.000315602 0.00762944
internal_weight=14647 1528 1222 13119 1316 11803 1932 1861 1539 322 1295 426 869 103 137 82 9871 3083 2400 1704 1677 1640 1355 285 385 357 187 683 970 1468
internal_count=14647 1528 1222 13119 1316 11803 1932 1861 1539 322 1295 426 869 103 137 82 9871 3083 2400 1704 1677 1640 1355 285 385 357 187 683 970 1468
is_linear=0
shrinkage=0.05


Tree=159
num_leaves=31
num_cat=0
split_feature=15 15 3 12 6 6 8 6 0 6 19 15 19 18 15 16 17 19 19 12 9 6 12 19 4 0 14 1 0 16
split_gain=14.7056 42.2332 55.6082 39.1855 129.988 178.707 46.0053 36.0475 48.3942 36.3857 44.6452 38.6667 27.3543 56.5097 27.0294 34.8527 45.3047 78.2316 38.4692 37.4279 35.2325 45.0909 54.8273 58.3878 30.185 39.6677 40.4541 51.6049 27.2365 26.4939
threshold=15.840000000000002 15.172500000000001 27.692535500000002 18.400000000000002 23.942749000000003 29.524887500000002 -1.8095091999999997 11.961365000000002 42.500000000000007 13.934448000000001 0.115000000000002 13.050000000000002 -9.3874999999999975 -4.5075000000000012 18.577500000000004 44.490000000000009 18.415000000000003 -0.24750000000000047 -0.19250000000000075 16.375000000000004 218331.97 26.373886000000002 7.5250000000000012 -1.3849999999999996 1060703.3500000003 12.500000000000002 31.920000000000005 1.5000000000000002 36.500000000000007 30.375000000000004
decision_type=2 2 2 2 2 2 2 2 2 2 2 2 2 2 2 2 2 2 2 2 2 2 2 2 2 2 2 2 2 2
left_child=1 3 -3 6 -5 -6 7 -1 9 -9 11 -11 -8 -14 15 16 17 28 -19 24 21 29 -23 -24 25 -20 -27 -28 -2 -18
right_child=14 2 -4 4 5 -7 12 8 -10 10 -12 -13 13 -15 -16 -17 20 18 19 -21 -22 22 23 -25 -26 26 27 -29 -30 -31
leaf_value=-0.0074467629594025461 -0.016078224746817239 -0.022298689787592786 0.061189028230451407 0.14037762447482063 -0.040753236853263597 0.11621786850690841 -0.025320032547738049 0.098638600652868114 -0.040171070705929943 0.10210475615010813 -0.0082402853693347416 0.029104304360225798 0.038537474996032745 -0.0067452699383357753 -0.00033382489862647871 -0.041911167807474337 0.0054496344887052317 0.056644578831956574 -0.0013861250416784855 -0.028043411133278698 -0.021020554413137559 0.0042400978617715065 0.043910669639174428 0.13292787388712168 -0.0072898007579030354 0.016188260155901423 0.10699542921877676 0.022770798968320544 -0.057656033333007464 0.030203555764446544
leaf_weight=106 173 397 21 21 66 25 168 22 22 26 50 60 74 999 10692 37 347 38 239 77 56 54 70 25 222 277 31 44 51 157
leaf_count=106 173 397 21 21 66 25 168 22 22 26 50 60 74 999 10692 37 347 38 239 77 56 54 70 25 222 277 31 44 51 157
internal_value=1.88881e-06 -0.00391763 -0.0181043 -0.000299547 0.028247 0.00237069 -0.00239333 0.015685 0.029307 0.0389811 0.0293306 0.0511742 -0.00655964 -0.00362232 0.000642274 0.00614093 0.00709629 0.000976096 0.00737764 0.00527411 0.0170405 0.0203046 0.0444692 0.0673362 0.00842965 0.0143344 0.0250083 0.0575836 -0.0255446 0.0131607
internal_weight=14647 2057 418 1639 112 91 1527 286 180 158 136 86 1241 1073 12590 1898 1861 1152 928 890 709 653 149 95 813 591 352 75 224 504
internal_count=14647 2057 418 1639 112 91 1527 286 180 158 136 86 1241 1073 12590 1898 1861 1152 928 890 709 653 149 95 813 591 352 75 224 504
is_linear=0
shrinkage=0.05


Tree=160
num_leaves=31
num_cat=0
split_feature=13 9 4 9 8 2 17 9 13 9 17 3 15 6 14 14 13 5 5 15 3 17 19 9 19 19 8 16 13 8
split_gain=22.7223 41.1355 28.7134 39.5649 27.9634 23.4822 56.5361 40.8359 33.9285 30.8714 22.3282 29.3926 53.0813 43.6547 28.2735 96.7611 25.4077 42.8014 22.4461 22.2904 21.7991 21.6415 21.0105 20.9628 19.3181 23.3192 18.2689 26.2262 22.2313 24.324
threshold=9.0050000000000008 -1.0000000180025095e-35 1812995.3000000003 361878.50000000012 0.42855835000000081 1.0000000180025095e-35 33.642500000000005 -141.74922499999965 6.2250000000000005 -308457.59999999992 39.192500000000003 13.912460000000001 22.682500000000005 10.414291000000002 34.777500000000011 33.827500000000008 11.045000000000002 10.685 12.325000000000001 34.577500000000008 1.0000000180025095e-35 32.237500000000011 1.327499999999999 15861.33699999991 0.0099999999999997886 3.142499999999997 -0.72300650000000199 37.330000000000005 11.855000000000002 -4.2402644999999994
decision_type=2 2 2 2 2 2 2 2 2 2 2 2 2 2 2 2 2 2 2 2 2 2 2 2 2 2 2 2 2 2
left_child=5 -2 3 10 -4 20 7 8 -7 -8 11 13 23 14 15 26 24 -18 -16 21 -1 22 -14 -13 -15 -26 28 -28 -3 -30
right_child=1 2 4 -5 -6 6 9 -9 -10 -11 -12 12 19 16 18 -17 17 -19 -20 -21 -22 -23 -24 -25 25 -27 27 -29 29 -31
leaf_value=0.049504101234064866 -0.0079724063283758886 -0.036747794856524303 0.0090391139830312429 0.052616038749802786 -0.058119125375824587 -0.095860566230756894 0.068299249054398395 -0.01295249801560128 -0.028451396992895752 0.0011205111891208848 -0.014933803971817204 0.0183787641184242 0.023223460201794902 0.05872621602999667 0.0056085250425067824 0.11340242210046754 0.11190509546710098 0.036328850905549263 -0.047230610639058257 0.028720054634743267 -0.00031175476524891547 -0.037007710886629006 -0.008691419371910019 0.062422140484506443 -0.022113046148105674 0.027480494254268708 0.0078765072445902556 0.054402886128851351 0.053740413654595615 -0.022447513874662532
leaf_weight=22 470 45 31 53 31 35 20 121 40 118 94 149 60 24 44 23 23 101 37 45 12240 57 367 33 38 63 225 35 20 22
leaf_count=22 470 45 31 53 31 35 20 121 40 118 94 149 60 24 44 23 23 101 37 45 12240 57 367 33 38 63 225 35 20 22
internal_value=0.00022245 0.00505067 0.00882898 0.0101569 -0.02454 -0.000578677 -0.0136593 -0.0309206 -0.059909 0.0108566 0.00866164 0.0102336 0.00307312 0.0175065 0.00822866 0.0140862 0.034311 0.050347 -0.0185279 -0.00494023 -0.000222377 -0.0080698 -0.00420689 0.0263647 0.0184032 0.00882154 0.00750325 0.0141397 -0.0123297 0.0138325
internal_weight=14686 2090 1620 1558 62 12596 334 196 75 138 1505 1411 711 700 451 370 249 124 81 529 12262 484 427 182 125 101 347 260 87 42
internal_count=14686 2090 1620 1558 62 12596 334 196 75 138 1505 1411 711 700 451 370 249 124 81 529 12262 484 427 182 125 101 347 260 87 42
is_linear=0
shrinkage=0.05


Tree=161
num_leaves=31
num_cat=0
split_feature=0 0 7 12 19 18 4 17 3 14 7 14 12 16 17 19 16 5 5 0 19 12 6 18 17 9 15 8 12 3
split_gain=18.1171 56.499 108.913 39.8696 33.0807 39.2337 28.9258 28.893 57.6882 27.9312 40.153 36.4888 27.5442 26.8645 25.9995 24.9725 24.8884 23.5714 23.533 61.1124 52.4717 52.1611 50.7034 47.065 46.7558 38.3408 35.919 34.6453 49.3035 39.1896
threshold=40.500000000000007 36.500000000000007 650250.20000000007 10.215000000000002 5.892500000000001 -0.35499999999999504 231426.37000000002 12.017500000000002 28.356354000000007 26.847500000000004 174459.49000000002 41.062500000000007 18.400000000000002 31.117500000000003 12.017500000000002 4.0000000000000036 20.002500000000001 13.165000000000001 16.435000000000006 13.500000000000002 0.44000000000000133 18.685000000000006 15.346588000000002 3.6250000000000004 26.697500000000002 263744.45000000001 22.375000000000004 -0.53968827999999969 18.400000000000002 23.641525500000004
decision_type=2 2 2 2 2 2 2 2 2 2 2 2 2 2 2 2 2 2 2 2 2 2 2 2 2 2 2 2 2 2
left_child=1 7 6 4 15 -6 -3 8 -1 -8 -11 13 -4 -12 -5 -2 -16 -17 -9 26 22 24 -21 -23 25 -22 -20 -24 -29 -30
right_child=3 2 12 14 5 -7 9 18 -10 10 11 -13 -14 -15 16 17 -18 -19 19 20 21 23 27 -25 -26 -27 -28 28 29 -31
leaf_value=0.0070936886948328448 0.0028898862845990973 0.0048211995838894784 0.053099403739155782 -0.062707387120462962 -0.041281579481437805 0.0046340821146732191 -0.014110360767297221 0.00014863898423260003 0.087803206116788921 -0.02467666051604531 0.036971927964791228 0.018755033527026482 0.12836116153746843 0.10406895664121424 0.026287975733478866 0.012046550910331702 -0.011780873951823532 0.056664183991686212 -0.015729974662052823 -0.03114107243324581 -0.022188677041012111 -0.096317999081119252 -0.019413282366638834 -0.017357026657555254 -0.074091101787758601 0.021384583635474831 0.037438508295168989 -0.00010362186565481384 0.12171837324276567 0.035632103605148117
leaf_weight=123 787 1020 31 24 87 100 33 10423 27 22 26 53 20 35 45 95 935 43 47 76 196 46 44 32 33 68 98 58 20 39
leaf_count=123 787 1020 31 24 87 100 33 10423 27 22 26 53 20 35 45 95 935 43 47 76 196 46 44 32 33 68 98 58 20 39
internal_value=0.000211327 0.000931858 0.0110646 -0.00406895 0.00245255 -0.0167277 0.00799562 -0.000177109 0.0216214 0.0271549 0.0371677 0.0491026 0.0826138 0.0754702 -0.011292 0.00633008 -0.0100328 0.0259491 -0.000469576 -0.00898166 -0.0158967 -0.0275357 0.00251942 -0.0639238 -0.0179792 -0.0109653 0.0202046 0.0184089 0.0326326 0.0648139
internal_weight=14686 12570 1240 2116 1112 187 1189 11330 150 169 136 114 51 61 1004 925 980 138 11180 757 612 375 237 78 297 264 145 161 117 59
internal_count=14686 12570 1240 2116 1112 187 1189 11330 150 169 136 114 51 61 1004 925 980 138 11180 757 612 375 237 78 297 264 145 161 117 59
is_linear=0
shrinkage=0.05


Tree=162
num_leaves=31
num_cat=0
split_feature=13 9 4 9 8 0 0 4 18 14 12 19 19 18 6 15 4 12 3 1 14 1 17 3 3 3 16 3 17 16
split_gain=19.6821 36.3821 25.9207 35.4513 25.4005 23.3937 33.2901 72.5883 60.1808 29.9401 29.5547 37.6671 29.9696 29.0411 35.7831 24.9177 24.9049 23.4187 23.0151 28.5686 35.4159 29.5117 22.5289 37.5982 22.4291 26.7745 50.5754 46.6954 44.6798 42.0066
threshold=9.0050000000000008 -1.0000000180025095e-35 1812995.3000000003 361878.50000000012 0.42855835000000081 40.500000000000007 35.500000000000007 790599.13000000012 2.0500000000000012 27.700000000000006 10.845000000000001 4.3150000000000022 -12.809999999999999 10.94 16.156143500000002 14.075000000000001 247422.57000000004 19.910000000000004 5.8467865000000012 1.5000000000000002 24.445000000000004 3.5000000000000004 12.017500000000002 28.356354000000007 26.440262000000001 14.987533500000003 55.695000000000007 17.786850000000005 30.460000000000004 31.117500000000003
decision_type=2 2 2 2 2 2 2 2 2 2 2 2 2 2 2 2 2 2 2 2 2 2 2 2 2 2 2 2 2 2
left_child=5 -2 3 -3 -4 6 22 10 -9 18 16 12 -12 15 -15 17 -8 -14 -7 20 -20 -21 23 -1 25 26 -11 28 -27 -29
right_child=1 2 4 -5 -6 9 7 8 -10 24 11 -13 13 14 -16 -17 -18 -19 19 21 -22 -23 -24 -25 -26 27 -28 29 -30 -31
leaf_value=0.0070473307640956289 -0.0075531548596522282 0.008093996984950667 0.0085462884556862621 0.049700716035967735 -0.05546036091663184 0.0025149891651638852 0.017679278563152542 0.012798933652432069 0.12717893262110327 0.00056594189211446296 0.049664126502660416 0.051373272460248122 0.040325804944482763 0.083476237055252908 -0.00047724785904089607 -0.0063423085065958118 0.073718730670710414 -0.022704481258988381 0.022174279600253879 -0.043567565130611323 -0.031520442167571411 -0.0093010448723692789 -0.00093032463042640233 0.073368609895428219 0.027005698430136994 -0.049171934222492081 0.069426984100469533 -0.024020933814747028 0.01433861380080796 0.013670230255535754
leaf_weight=120 470 1505 31 53 31 127 114 23 23 559 30 38 56 22 30 731 24 20 68 172 56 99 9698 26 65 120 28 121 36 190
leaf_count=120 470 1505 31 53 31 127 114 23 23 559 30 38 56 22 30 731 24 20 68 172 56 99 9698 26 65 120 28 121 36 190
internal_value=0.000200761 0.00469439 0.0082477 0.00950937 -0.023457 -0.000544848 0.000289124 0.00849359 0.0699889 -0.00611228 0.00583745 0.00262373 0.000539945 -0.00117568 0.0350415 -0.00350938 0.0274253 0.0237389 -0.0160006 -0.0219537 -0.00207495 -0.0310495 -0.000636837 0.018858 -0.0014995 -0.00325741 0.00385063 -0.0121919 -0.0345157 -0.000994178
internal_weight=14686 2090 1620 1558 62 12596 10955 1111 46 1641 1065 927 889 859 52 807 138 76 522 395 124 271 9844 146 1119 1054 587 467 156 311
internal_count=14686 2090 1620 1558 62 12596 10955 1111 46 1641 1065 927 889 859 52 807 138 76 522 395 124 271 9844 146 1119 1054 587 467 156 311
is_linear=0
shrinkage=0.05


Tree=163
num_leaves=31
num_cat=0
split_feature=13 9 4 9 8 2 17 9 13 9 0 0 4 1 19 16 14 18 17 3 3 3 15 18 3 3 16 3 16 14
split_gain=17.7631 32.8348 23.3935 31.9948 22.9239 21.173 50.9719 36.876 30.7958 27.8748 23.2861 27.6998 87.6262 109.341 29.1355 38.4052 26.934 25.3558 23.6715 47.8621 21.0521 27.968 22.0218 22.1229 20.2034 24.4664 43.7345 34.3049 57.334 29.2373
threshold=9.0050000000000008 -1.0000000180025095e-35 1812995.3000000003 361878.50000000012 0.42855835000000081 1.0000000180025095e-35 33.642500000000005 -1.0000000180025095e-35 6.2250000000000005 -308457.59999999992 40.500000000000007 36.500000000000007 537996.82000000007 1.5000000000000002 4.3150000000000022 33.957500000000003 27.700000000000006 -9.4174999999999986 12.017500000000002 28.356354000000007 5.8467865000000012 26.753143500000004 22.375000000000004 3.1850000000000009 26.440262000000001 14.461013500000002 55.695000000000007 19.886810500000003 31.117500000000003 33.040000000000006
decision_type=2 2 2 2 2 2 2 2 2 2 2 2 2 2 2 2 2 2 2 2 2 2 2 2 2 2 2 2 2 2
left_child=5 -2 3 -3 -4 10 7 8 -7 -8 11 18 14 -14 17 -16 20 -13 19 -1 -12 22 23 -22 25 26 -18 -27 -29 -30
right_child=1 2 4 -5 -6 6 9 -9 -10 -11 16 12 13 -15 15 -17 24 -19 -20 -21 21 -23 -24 -25 -26 27 -28 28 29 -31
leaf_value=0.0063770727554006831 -0.0071754972620537765 0.0076892971200478097 0.0081189741050043413 0.047215680327301605 -0.052687343423284828 -0.091028452965297879 0.06492337150499225 -0.012068690639377261 -0.027173226324290541 0.0010883292937019871 0.0023892398127978009 0.057853216584771876 0.15282129548166112 0.016004720702767372 0.089232270460089913 0.0045275681150087621 0.0012868523486633963 0.00081337443735099717 -0.00040751549396910109 0.079892229178437482 -0.041500507780308393 0.00020266628824174406 -3.2312346293645751e-06 0.012420492827714909 0.025655413320861183 -0.023906483601997881 0.071731190804554076 -0.022618003192474135 0.079429424855680705 0.014902294595142671
leaf_weight=123 470 1505 31 53 31 35 20 120 41 118 127 20 23 40 23 32 524 754 9594 27 202 110 51 21 65 255 23 120 21 107
leaf_count=123 470 1505 31 53 31 35 20 120 41 118 127 20 23 40 23 32 524 754 9594 27 202 110 51 21 65 255 23 120 21 107
internal_value=0.000190723 0.00445967 0.00783531 0.0090339 -0.0222842 -0.000517606 -0.0129385 -0.0293283 -0.0565802 0.0103398 -0.000179278 0.000672661 0.00910611 0.0659536 0.00478597 0.0399495 -0.00575199 0.00228727 -9.93672e-05 0.0196098 -0.0152578 -0.0210941 -0.0296439 -0.0364227 -0.00139553 -0.00307012 0.00424886 -0.0110293 0.0022113 0.0254888
internal_weight=14686 2090 1620 1558 62 12596 334 196 76 138 12262 10636 892 63 829 55 1626 774 9744 150 511 384 274 223 1115 1050 547 503 248 128
internal_count=14686 2090 1620 1558 62 12596 334 196 76 138 12262 10636 892 63 829 55 1626 774 9744 150 511 384 274 223 1115 1050 547 503 248 128
is_linear=0
shrinkage=0.05


Tree=164
num_leaves=31
num_cat=0
split_feature=18 18 9 7 0 0 4 1 7 15 12 12 19 15 12 15 9 19 19 16 9 8 6 19 4 17 16 18 17 9
split_gain=16.7219 23.7539 23.6875 17.7469 17.1965 40.89 61.4743 66.2247 40.0586 31.9177 62.1113 29.7808 38.469 25.9881 25.5408 40.2287 36.5076 30.5998 26.4092 25.6985 23.4813 34.9882 23.1929 22.5678 21.6144 20.7906 21.1041 19.8165 29.0334 19.6384
threshold=21.712500000000002 19.737500000000004 453097.95000000013 485300.39000000007 40.500000000000007 35.500000000000007 386441.48500000004 1.5000000000000002 675137.18000000017 19.980000000000004 18.005000000000006 10.215000000000002 5.892500000000001 31.907500000000006 11.685 20.892500000000005 -127455.08100000011 4.3150000000000022 3.3949999999999982 29.332500000000003 43651.060000000005 0.3519745000000008 13.771011500000002 4.0000000000000036 284173.28000000009 12.017500000000002 20.002500000000001 -28.792499999999993 22.302500000000006 355.55555750000002
decision_type=2 2 2 2 2 2 2 2 2 2 2 2 2 2 2 2 2 2 2 2 2 2 2 2 2 2 2 2 2 2
left_child=1 4 -3 -2 5 27 14 8 -8 -9 -11 12 23 -14 15 19 -17 18 20 -7 24 -22 -15 -6 -16 -13 -27 28 -1 -18
right_child=3 2 -4 -5 11 6 7 9 -10 10 -12 25 13 22 17 16 29 -19 -20 -21 21 -23 -24 -25 -26 26 -28 -29 -30 -31
leaf_value=-0.035759164064246063 0.026289706010185182 -0.011930892165338207 -0.070128640467301009 -0.0015221071984170814 0.0025451548433250808 0.028778905188664796 0.046012412028339431 -0.027874239105166811 0.12921126089666202 0.0095582355880855629 0.097850919261574743 -0.056252742700356378 0.00063632129292402956 -0.013131028244835001 -0.0016288839776973818 0.068825391258882443 -0.0011570953856963329 0.049441644895705399 -0.060494314357638357 0.095470883417874575 -0.084247578999825892 0.0032971435934305189 -0.064766339517452504 0.024991988409834895 0.044104531748841214 0.024293305708302394 -0.010772510865921552 3.373341240295703e-05 0.021454243635137878 0.023275397822506868
leaf_weight=85 125 139 20 106 771 52 39 33 23 98 25 24 77 43 599 23 367 28 20 20 21 25 44 131 27 45 923 10617 30 106
leaf_count=85 125 139 20 106 771 52 39 33 23 98 25 24 77 43 599 23 367 28 20 20 21 25 44 131 27 45 923 10617 30 106
internal_value=0.000181187 -3.20969e-05 -0.0192514 0.0135276 0.00018166 0.000892792 0.00860807 0.0331627 0.0768765 0.0157893 0.0275039 -0.00404713 0.00175507 -0.0205205 0.00445208 0.0123793 0.00730952 -0.00180162 -0.00387505 0.0473045 -0.00218995 -0.0366689 -0.0392454 0.00580517 0.000343644 -0.0102822 -0.00914239 -0.000189876 -0.0208339 0.00431826
internal_weight=14686 14455 159 231 14296 12238 1506 218 62 156 123 2058 1066 164 1288 568 496 720 692 72 672 46 87 902 626 992 968 10732 115 473
internal_count=14686 14455 159 231 14296 12238 1506 218 62 156 123 2058 1066 164 1288 568 496 720 692 72 672 46 87 902 626 992 968 10732 115 473
is_linear=0
shrinkage=0.05


Tree=165
num_leaves=31
num_cat=0
split_feature=6 12 14 3 19 19 18 8 4 16 8 14 8 8 4 0 18 1 0 6 3 8 3 4 19 14 13 15 12 6
split_gain=14.1749 23.4841 20.1712 13.6691 17.788 43.3253 36.8784 45.8921 36.8563 47.2068 30.0227 31.3067 28.7921 40.2898 21.8048 21.1313 34.0377 19.9375 19.1473 18.7774 18.7503 18.0684 17.648 47.3165 33.8297 32.8207 55.2992 52.1631 52.0581 43.2907
threshold=30.466721000000003 12.455000000000002 22.612500000000001 27.692535500000002 7.9300000000000042 6.2775000000000025 -7.2749999999999941 0.21453849999999977 842625.90000000014 27.575000000000003 -0.63522350000000116 39.235000000000007 3.4271845000000014 1.2883605500000008 268.32593000000003 12.500000000000002 -0.084999999999999062 5.5000000000000009 22.500000000000004 12.955902000000002 16.645233500000003 -0.97035199999999999 25.341217000000004 1993937.3000000003 2.1025000000000005 25.945000000000004 11.045000000000002 29.755000000000003 13.495000000000003 27.275879000000007
decision_type=2 2 2 2 2 2 2 2 2 2 2 2 2 2 2 2 2 2 2 2 2 2 2 2 2 2 2 2 2 2
left_child=3 2 -2 4 5 22 7 18 15 20 17 14 13 -9 19 16 -8 -7 -6 -12 -10 -17 -1 25 -25 28 -27 -28 -24 -30
right_child=1 -3 -4 -5 6 10 8 12 9 -11 11 -13 -14 -15 -16 21 -18 -19 -20 -21 -22 -23 23 24 -26 26 27 -29 29 -31
leaf_value=0.00025235411956037954 0.034306329083831417 -0.060784180134534842 -0.020766287359098592 0.0052823137624358509 0.015347755378972967 -0.0074803736817119718 0.04080344705531995 0.029509965767647375 0.080000457891987439 0.0020438475407321345 -0.001831731078429864 0.0031672674827119811 0.0104733731282214 0.10885277898050845 -0.056011551277261679 0.0062662185641465251 -0.0060681240841742937 0.043904312757182533 -0.046652042418718342 -0.048431148274323432 0.022945555651676844 -0.022160260705277324 -0.0044738598125336751 -0.057608452281901534 -0.0032655290638407075 0.0090437672897243342 0.0023491054532989381 -0.09271206215575889 -0.080327003847721012 -0.017982340940050311
leaf_weight=10734 23 25 60 1084 33 133 54 32 36 110 52 59 31 32 91 77 137 22 20 37 24 204 677 71 48 652 31 27 43 79
leaf_count=10734 23 25 60 1084 33 133 54 32 36 110 52 59 31 32 91 77 137 22 20 37 24 204 677 71 48 652 31 27 43 79
internal_value=-0.000253582 -0.0183013 -0.0055052 -0.000120352 -0.000552693 -0.0010036 0.00672799 0.0292278 0.00154111 0.0215031 -0.0173258 -0.0284409 0.050024 0.0691814 -0.0388014 -0.0056486 0.00718352 -0.000187063 -0.00804839 -0.0212045 0.0571785 -0.0143708 -0.000483378 -0.00533433 -0.0356886 -0.00294058 0.00488188 -0.0419035 -0.0098917 -0.0399563
internal_weight=14738 108 83 14630 13546 12756 790 148 642 170 394 239 95 64 180 472 191 155 53 89 60 281 12362 1628 119 1509 710 58 799 122
internal_count=14738 108 83 14630 13546 12756 790 148 642 170 394 239 95 64 180 472 191 155 53 89 60 281 12362 1628 119 1509 710 58 799 122
is_linear=0
shrinkage=0.05


Tree=166
num_leaves=31
num_cat=0
split_feature=5 6 3 0 13 9 3 6 3 13 8 4 3 15 18 14 0 16 9 9 16 16 3 16 16 1 4 16 15 16
split_gain=14.6429 31.0886 24.3024 39.921 22.8775 47.2135 23.9778 35.0531 34.6458 33.7438 31.6038 29.597 23.8644 21.7316 36.9037 54.2322 42.3296 34.5862 23.8502 24.9559 53.4256 32.3833 40.2113 27.116 67.452 66.6534 65.0651 47.2036 76.8556 36.3819
threshold=11.675000000000002 30.285476500000005 3.5532379000000005 12.500000000000002 8.3350000000000026 408989.85000000015 13.976288000000002 10.851791000000002 25.887588500000003 11.555000000000001 1.3473049999999993 1410778.7500000002 15.4643405 33.642500000000005 1.6099999999999979 33.957500000000003 13.500000000000002 30.767500000000002 -929876.90799999994 515117.71500000014 59.222500000000004 47.717500000000001 17.786850000000005 43.300000000000004 39.110000000000007 4.5000000000000009 735528.07500000007 44.57500000000001 20.375000000000004 40.542500000000004
decision_type=2 2 2 2 2 2 2 2 2 2 2 2 2 2 2 2 2 2 2 2 2 2 2 2 2 2 2 2 2 2
left_child=2 13 3 -1 -4 6 7 -6 10 -9 11 -8 -12 18 16 -16 -15 -17 -2 23 21 -21 -23 24 -20 29 27 -25 -29 -26
right_child=1 -3 4 -5 5 -7 8 9 -10 -11 12 -13 -14 14 15 17 -18 -19 19 20 -22 22 -24 26 25 -27 -28 28 -30 -31
leaf_value=-0.0022760535210218967 0.045668893117733582 -0.044027118881543481 -0.00071673450625884909 0.026664227379742129 0.0037482561845005955 0.059754248845856645 -0.0094807920554144821 0.022032237342910141 0.020640893074330587 0.086630607193902795 -0.021656388421920508 -0.057346115580626904 0.024558324799995479 0.029439206150445069 0.065036790845570736 -0.04904684702555339 -0.046156172745693953 0.0007457304502566976 -0.0028293341634230071 0.0094339863552401482 -0.067328043882735084 0.096921948859324827 0.010569388166602169 -0.035447940471564035 -0.047795203896239404 0.10778558543798598 -0.044610017260200668 0.095335288665124363 -0.0023707014984789901 0.022949350903269335
leaf_weight=245 27 45 8555 232 398 40 418 167 145 23 37 35 114 22 27 45 117 155 2597 249 20 26 28 103 20 22 122 21 484 199
leaf_count=245 27 45 8555 232 398 40 418 167 145 23 37 35 114 22 27 45 117 155 2597 249 20 26 28 103 20 22 122 21 484 199
internal_value=-0.000240903 -0.00268475 0.000775471 0.0117997 0.000246014 0.00622736 0.00462595 0.0121832 -0.0013068 0.029852 -0.0065757 -0.013179 0.0132342 -0.00225049 -0.013902 -0.00147809 -0.0341914 -0.0104576 -0.00116206 -0.00148702 0.0118217 0.0170461 0.0521465 -0.00269182 -0.000481142 0.0248228 -0.0112862 -0.00459953 0.00169232 0.0164887
internal_weight=14738 4329 10409 477 9932 1377 1337 588 749 190 604 453 151 4284 366 227 139 200 3918 3891 323 303 54 3568 2838 241 730 608 505 219
internal_count=14738 4329 10409 477 9932 1377 1337 588 749 190 604 453 151 4284 366 227 139 200 3918 3891 323 303 54 3568 2838 241 730 608 505 219
is_linear=0
shrinkage=0.05


Tree=167
num_leaves=31
num_cat=0
split_feature=5 19 19 13 9 16 8 7 3 12 3 3 15 12 18 4 18 5 3 19 18 4 9 18 15 12 17 3 15 17
split_gain=13.2152 24.4174 32.945 32.1392 29.5217 30.1933 24.195 34.5766 27.3833 22.8745 36.5551 22.0362 29.3442 24.0459 42.8693 33.1066 21.2329 30.7646 26.203 34.6039 38.5486 36.8537 34.8981 77.8153 43.7041 38.1067 41.247 30.8741 30.6645 65.4024
threshold=11.675000000000002 8.3475000000000037 6.2775000000000025 12.465000000000002 55253.1000000001 27.575000000000003 -0.63522350000000116 213805.035 16.862671000000002 16.065000000000001 12.949707000000002 3.5532379000000005 14.075000000000001 11.885000000000003 4.1674999999999978 1060703.3500000003 -27.542499999999993 6.995000000000001 20.831863000000002 1.2349999999999979 4.5674999999999999 2277095.1500000004 51748.042499999989 2.4800000000000026 21.522500000000004 11.395000000000001 30.297500000000003 26.753143500000004 19.127500000000005 18.355000000000004
decision_type=2 2 2 2 2 2 2 2 2 2 2 2 2 2 2 2 2 2 2 2 2 2 2 2 2 2 2 2 2 2
left_child=1 2 3 9 -3 -6 -4 -8 -9 11 -11 12 -1 16 -15 -16 17 -13 28 20 22 -22 -20 24 25 26 -24 -23 -18 -30
right_child=-2 4 6 -5 5 -7 7 8 -10 10 -12 13 -14 14 15 -17 18 -19 19 -21 21 27 23 -25 -26 -27 -28 -29 29 -31
leaf_value=-0.032862451800278254 -0.0025505164447934617 0.0062547550219680566 0.0030816691058222208 0.058538395601014294 0.083685006086642921 0.017901885973395044 -0.0091073049056134992 -0.094340156282608723 -0.031845156461573564 0.049774842538305969 0.0014366935233696611 -0.07204627614954244 0.014820276554696461 0.00059070389293364991 -0.011948504709889965 -0.052472478479501754 -0.0089864092063675488 -0.0084099134383295929 -1.0898157770412003e-05 0.012405240018897232 -0.0069776765802182644 -0.099779660786901203 0.0014460574709257838 0.10908926434137606 0.041533496957907284 0.065646447681938308 -0.069729473437789999 -0.024582562238300364 0.028451292665558871 -0.00082481945416644584
leaf_weight=35 4329 423 125 24 26 53 145 24 65 61 109 23 413 339 126 84 1053 109 1268 947 234 21 177 22 88 20 23 39 200 4133
leaf_count=35 4329 423 125 24 26 53 145 24 65 61 109 23 413 339 126 84 1053 109 1268 947 234 21 177 22 88 20 23 39 200 4133
internal_value=-0.000228858 0.000736697 0.000191573 0.000750666 0.0114948 0.039552 -0.0146781 -0.0241652 -0.0486977 0.000605044 0.0187816 0.000274703 0.0110951 -0.000269595 -0.0104061 -0.0281581 0.000396307 -0.0194981 0.000715584 0.00460271 0.000697319 -0.0159417 0.00375857 0.0182425 0.0117534 -0.000158622 -0.00673913 -0.0509015 -0.00133335 0.00052649
internal_weight=14738 10409 9907 9548 502 79 359 234 89 9524 170 9354 448 8906 549 210 8357 132 8225 2839 1892 294 1598 330 308 220 200 60 5386 4333
internal_count=14738 10409 9907 9548 502 79 359 234 89 9524 170 9354 448 8906 549 210 8357 132 8225 2839 1892 294 1598 330 308 220 200 60 5386 4333
is_linear=0
shrinkage=0.05


Tree=168
num_leaves=31
num_cat=0
split_feature=6 12 8 3 17 16 12 7 3 14 9 8 4 12 12 4 16 9 8 8 9 4 0 12 14 3 4 14 12 13
split_gain=11.849 20.1194 18.5075 12.9795 18.2329 21.5771 37.4792 48.1694 48.8135 42.8692 26.8008 23.8532 39.9774 28.6669 29.9847 22.7503 36.2731 22.3807 20.801 18.4947 54.8465 17.522 22.0717 15.972 15.2153 14.8919 40.5474 28.672 46.2311 40.4066
threshold=30.466721000000003 12.455000000000002 -0.7448119999999977 27.692535500000002 12.502500000000003 25.245000000000001 7.5650000000000004 2572839.4000000004 28.869583000000002 22.915000000000003 46279.799999999937 0.3519745000000008 774919.60000000009 7.6250000000000009 12.545000000000002 1967656.3000000003 22.612500000000001 20832.155000000002 0.045073999999997845 -0.27249100000000043 -44429.280000000021 2121661.9000000004 28.500000000000004 17.435000000000006 25.510000000000002 25.341217000000004 1918450.9500000002 25.945000000000004 13.495000000000003 13.470000000000002
decision_type=2 2 2 2 2 2 2 2 2 2 2 2 2 2 2 2 2 2 2 2 2 2 2 2 2 2 2 2 2 2
left_child=3 2 -2 25 -5 10 17 9 -9 -8 11 12 23 -13 -15 16 -14 -7 -12 -11 -21 -22 -23 -6 -17 -1 27 28 -27 -29
right_child=1 -3 -4 4 5 6 7 8 -10 19 18 13 15 14 -16 24 -18 -19 -20 20 21 22 -24 -25 -26 26 -28 29 -30 -31
leaf_value=0.0001247824639884761 0.035694524619196144 -0.056039965689182285 -0.018615128481460196 0.041205174673129535 -0.01777602945952568 -0.013042729883843829 0.067264570832026735 0.12392134205861526 0.019744535365506358 -0.030395157498617972 -0.06926082975485108 -0.022332687574354085 0.069414845139028569 0.090687060233374889 0.016595109014047517 -0.034315933561366467 0.00030682596273492188 0.011985465812861746 -0.01514063693896827 0.084093212514467872 -0.012746812058177745 0.00014615811496263459 0.061968051032586541 -0.066842220613250028 0.015879997983574867 -0.0042734107997090777 -0.031028304712655132 0.0066227704967293912 -0.037733929526808929 -0.039732901772949851
leaf_weight=11781 21 25 62 34 43 187 33 22 23 30 22 22 31 22 36 36 49 171 92 23 91 42 22 27 26 671 136 786 122 50
leaf_count=11781 21 25 62 34 43 187 33 22 23 30 22 22 31 22 36 36 49 171 92 23 91 42 22 27 26 671 136 786 122 50
internal_value=-0.000217415 -0.0167181 -0.00487413 -9.56055e-05 0.00516903 0.00400214 0.00969319 0.0231884 0.0706754 0.0143216 -0.00502504 0.00300175 -0.00577693 0.0262653 0.044699 0.00946761 0.0270862 -0.00108792 -0.0255849 0.00592195 0.0120428 0.00135146 0.0213974 -0.0367016 -0.013266 -0.0005169 -0.0048 -0.00261028 -0.00942118 0.0038503
internal_weight=14738 108 83 14630 1084 1050 644 286 45 241 406 292 212 80 58 142 80 358 114 208 178 155 64 70 62 13546 1765 1629 793 836
internal_count=14738 108 83 14630 1084 1050 644 286 45 241 406 292 212 80 58 142 80 358 114 208 178 155 64 70 62 13546 1765 1629 793 836
is_linear=0
shrinkage=0.05


Tree=169
num_leaves=31
num_cat=0
split_feature=13 7 6 6 15 6 9 5 19 19 6 6 19 7 12 19 6 19 16 12 8 13 12 12 8 9 16 15 17 7
split_gain=11.5249 24.3339 16.1013 23.8874 40.682 25.8107 16.6615 15.6467 36.4883 36.8391 53.2266 26.0273 22.9034 60.8723 75.7684 76.5942 68.4552 63.9044 47.6647 42.1928 65.9344 54.7792 63.7376 62.5912 43.4619 41.5237 37.1509 38.0809 37.0113 36.2101
threshold=14.870000000000003 898493.40000000014 6.575470000000001 14.234802000000002 29.397500000000001 10.500824000000001 7183.1796000000168 11.675000000000002 10.132500000000004 9.7325000000000035 9.9799955000000029 30.285476500000005 0.44000000000000133 301945.36000000004 18.965000000000003 -1.2425000000000004 24.245422500000004 -0.24750000000000047 43.765000000000008 17.665000000000003 3.3640592999999996 0.015000000000000001 11.685 10.585000000000003 2.07623325 -483145.70000000013 45.427500000000009 25.185000000000006 34.997500000000009 244484.26500000004
decision_type=2 2 2 2 2 2 2 2 2 2 2 2 2 2 2 2 2 2 2 2 2 2 2 2 2 2 2 2 2 2
left_child=7 2 -2 5 6 -4 -5 -1 9 11 -11 12 13 -9 18 16 -16 -17 28 21 24 22 23 -14 -21 -24 27 -27 -15 -22
right_child=1 -3 3 4 -6 -7 -8 8 -10 10 -12 -13 19 14 15 17 -18 -19 -20 20 29 -23 25 -25 -26 26 -28 -29 -30 -31
leaf_value=0.00063610690547691144 -0.021379342214721774 -0.040025154077871279 0.0073674842188863653 0.0077306725679793303 -0.042430092766880992 0.056631996213561964 0.061667283695368537 -0.0045898576226745969 -0.031693049372363558 0.10328822315670549 -0.010684694416288819 -0.040537222309245002 0.020615756297308319 0.0097017495313438066 0.075665898081414149 0.1631008525689443 -0.025754818755412114 0.050850285403430465 -0.028239754429974021 -0.026044330212215968 0.082933421302586796 -0.012468694833195196 0.06915865973569453 0.12261455303856306 -0.091382643529053398 0.0015066123023584461 -0.017571286939421733 0.040290292189784457 0.079573189727962013 -0.012211311347782612
leaf_weight=10401 27 22 46 45 34 63 21 1201 108 20 21 45 53 362 28 21 41 32 84 208 20 837 22 21 29 583 232 71 20 20
leaf_count=10401 27 22 46 45 34 63 21 1201 108 20 21 45 53 362 28 21 41 32 84 208 20 837 22 21 29 583 232 71 20 20
internal_value=-0.000206544 0.0102682 0.0149566 0.0196507 0.0020027 0.0358415 0.0248923 -0.00039318 -0.00301775 -0.00223786 0.0449119 -0.00272975 -0.00229183 0.00186359 0.0150449 0.0501232 0.0154014 0.0953269 0.00586128 -0.0058386 -0.0240176 -0.00307028 0.00494039 0.0495614 -0.0340393 0.00130387 -0.000381008 0.00571707 0.0133599 0.0353611
internal_weight=14738 258 236 209 100 109 66 14480 4079 3971 41 3930 3885 1789 588 122 69 53 466 2096 277 1819 982 74 237 908 886 654 382 40
internal_count=14738 258 236 209 100 109 66 14480 4079 3971 41 3930 3885 1789 588 122 69 53 466 2096 277 1819 982 74 237 908 886 654 382 40
is_linear=0
shrinkage=0.05


Tree=170
num_leaves=31
num_cat=0
split_feature=6 12 3 8 3 0 14 19 5 17 14 6 7 15 12 17 16 1 12 4 1 16 16 17 3 16 0 15 0 15
split_gain=15.6837 18.1265 16.7898 35.7755 37.8047 49.389 71.6376 88.2321 55.9102 63.0039 35.1016 50.3092 34.9171 52.6398 42.8671 34.4435 50.1198 35.0833 53.6177 49.442 33.5518 30.0486 28.5769 35.9436 28.1862 27.2596 26.8988 43.9342 41.4859 45.1227
threshold=30.466721000000003 7.455000000000001 20.831863000000002 -0.65479999999999972 25.006180000000004 20.500000000000004 49.837500000000006 -0.39499999999999597 18.415000000000003 34.997500000000009 35.500000000000007 24.358871000000004 1013170.0000000001 13.502500000000003 19.315000000000001 22.610000000000003 24.9175 1.5000000000000002 7.8150000000000004 537996.82000000007 3.5000000000000004 24.9175 33.040000000000006 14.075000000000001 29.524887500000002 23.130000000000003 4.5000000000000009 25.082500000000007 18.500000000000004 32.442500000000003
decision_type=2 2 2 2 2 2 2 2 2 2 2 2 2 2 2 2 2 2 2 2 2 2 2 2 2 2 2 2 2 2
left_child=2 -2 26 12 5 -5 7 8 9 -7 11 20 14 -14 21 16 -6 18 -18 -20 -9 -4 23 -15 -17 -25 27 -1 29 -28
right_child=1 -3 3 4 15 6 -8 10 -10 -11 -12 -13 13 22 -16 24 17 -19 19 -21 -22 -23 -24 25 -26 -27 28 -29 -30 -31
leaf_value=-0.018301497337325345 0.0069468598942770523 -0.034299228115539468 0.0048589775147615004 0.0021078762659315197 -0.0059729663244784854 0.03171750087058172 -0.01174938180910734 -0.021790648400111454 0.13637174452128617 0.1228932058128218 0.043933194996789104 0.08102566471484135 0.067066447865782364 0.040044009796268237 -0.065740819996488939 -0.012125134697897545 -0.024037376686464995 0.008219335288882957 0.029726847423802296 0.10771495359018446 0.018057032596472459 -0.016760986902647549 0.027864091291646416 0.028320632885609355 0.019004023808941065 -0.019171269622903185 0.0077021147861874601 0.002178627660314581 -0.0026302260106325832 -0.008264940510596867
leaf_weight=556 43 70 250 588 672 90 120 97 23 24 90 21 33 37 35 587 28 1072 63 30 116 450 79 35 83 221 2352 495 5792 545
leaf_count=556 43 70 250 588 672 90 120 97 23 24 90 21 33 37 35 587 28 1072 63 30 116 450 79 35 83 221 2352 495 5792 545
internal_value=-4.80383e-05 -0.0186038 9.57359e-05 0.00250139 0.00488523 0.0123238 0.0226628 0.0316204 0.0652596 0.0509124 0.0173964 0.00719001 -0.00524401 0.00654434 -0.0117396 0.00145498 0.00494825 0.0111 0.0366214 0.0548843 -8.95639e-05 -0.00903957 0.00117544 -0.00602048 -0.00826884 -0.0126782 -0.00110067 -0.00865577 -0.000186821 0.0046983
internal_weight=14697 113 14584 4844 3704 1169 581 461 137 114 324 234 1140 405 735 2535 1865 1193 121 93 213 700 372 293 670 256 9740 1051 8689 2897
internal_count=14697 113 14584 4844 3704 1169 581 461 137 114 324 234 1140 405 735 2535 1865 1193 121 93 213 700 372 293 670 256 9740 1051 8689 2897
is_linear=0
shrinkage=0.05


Tree=171
num_leaves=31
num_cat=0
split_feature=18 18 9 6 7 3 8 3 17 9 6 16 19 15 6 7 19 12 9 19 5 15 12 14 16 18 9 16 4 3
split_gain=17.4514 18.4054 21.9595 17.193 17.0417 16.0636 28.2228 34.906 41.8012 121.74 33.2861 34.6939 33.137 33.2638 36.722 32.7057 49.3405 39.1809 32.5159 33.6107 40.4281 32.3565 31.2522 52.0335 28.1003 27.7993 33.269 25.0089 22.639 35.9918
threshold=21.712500000000002 19.737500000000004 408989.85000000015 30.466721000000003 485300.39000000007 20.831863000000002 -0.65479999999999972 25.006180000000004 16.802500000000006 -271008.23699999985 26.582504000000004 24.9175 -3.3074999999999988 20.707500000000003 25.176239000000006 1013170.0000000001 -9.2874999999999996 19.910000000000004 194.13332999999997 0.050000000000000717 9.6650000000000009 23.047500000000003 15.115 27.700000000000006 24.9175 4.222500000000001 -27430.409999999985 40.752500000000005 1967656.3000000003 27.781753500000004
decision_type=2 2 2 2 2 2 2 2 2 2 2 2 2 2 2 2 2 2 2 2 2 2 2 2 2 2 2 2 2 2
left_child=1 3 -3 5 -2 -1 15 8 9 -8 12 -12 13 -9 -15 17 -17 24 -10 20 27 -13 -14 -24 -7 26 -11 -20 29 -18
right_child=4 2 -4 -5 -6 6 7 10 18 25 11 21 22 14 -16 16 28 -19 19 -21 -22 -23 23 -25 -26 -27 -28 -29 -30 -31
leaf_value=-0.001096711024792177 0.026099952929466964 -0.010189139347838404 -0.066496376395225529 -0.020639207470000233 -0.00095000186114819769 0.005519093298185538 0.14895454160869123 -0.0082763742588457725 0.0016545459183184537 0.079612565642366045 -0.002980902404568133 0.020977362463157623 0.0031197968273329745 -0.081257501891814188 -0.0139204734868211 0.081691375818280954 0.001781326210172847 -0.065002762759104368 -0.023532471892934656 -0.00057546013094326293 0.06216525189118767 -0.0047347144841397605 -0.097819569592829794 -0.0094734780937433261 -0.015909119121805263 -0.023931262421331579 0.018191492033977835 0.036299854894168676 -0.022243728105806646 0.051303675138326579
leaf_weight=9628 125 129 20 101 109 236 20 171 696 26 479 500 821 40 41 21 250 32 31 94 79 162 20 100 435 31 145 40 72 43
leaf_count=9628 125 129 20 101 109 236 20 171 696 26 479 500 821 40 41 21 250 32 31 94 79 162 20 100 435 31 145 40 72 43
internal_value=-4.56364e-05 -0.00026479 -0.0177472 -8.28095e-05 0.0134998 6.32678e-05 0.0024991 0.00468851 0.0117693 0.0312834 0.00116329 0.00726889 -0.00467618 -0.020779 -0.0471733 -0.00452956 0.00716415 -0.0109503 0.00716065 0.0228666 0.0375569 0.0146853 -0.000363853 -0.0241978 -0.00837252 0.0196328 0.0275304 0.0101759 0.00287628 0.00904911
internal_weight=14697 14463 149 14314 234 14213 4585 3496 1162 222 2334 1141 1193 252 81 1089 386 703 940 244 150 662 941 120 671 202 171 71 365 293
internal_count=14697 14463 149 14314 234 14213 4585 3496 1162 222 2334 1141 1193 252 81 1089 386 703 940 244 150 662 941 120 671 202 171 71 365 293
is_linear=0
shrinkage=0.05


Tree=172
num_leaves=31
num_cat=0
split_feature=18 18 9 7 8 0 8 18 5 5 5 0 12 0 3 15 3 3 3 15 0 3 5 17 4 9 7 15 17 3
split_gain=15.7499 16.6108 19.8184 15.3802 14.978 14.7524 18.0635 24.7811 29.7945 19.3386 17.5336 14.6499 37.5992 35.264 33.047 26.6835 34.7449 15.162 46.0141 40.3578 36.391 29.2185 28.8682 52.2625 27.5809 43.4475 59.6451 25.3633 23.4129 23.0534
threshold=21.712500000000002 19.737500000000004 408989.85000000015 485300.39000000007 0.81809999999999994 44.500000000000007 1.0736539999999997 3.9450000000000007 12.095000000000001 14.025 14.975000000000003 4.5000000000000009 11.805000000000001 1.0000000180025095e-35 24.809814500000005 23.490000000000006 13.519653500000002 25.341217000000004 26.827667500000004 14.285000000000002 12.500000000000002 29.152939000000003 19.995000000000001 17.457500000000003 1824822.7500000002 27517.1350000001 745490.4800000001 22.820000000000004 25.272500000000004 20.831863000000002
decision_type=2 2 2 2 2 2 2 2 2 2 2 2 2 2 2 2 2 2 2 2 2 2 2 2 2 2 2 2 2 2
left_child=1 5 -3 4 -2 11 10 9 -9 -8 -7 12 14 -14 15 -1 -17 19 24 20 -13 22 27 -24 25 -19 -27 -20 -26 -21
right_child=3 2 -4 -5 -6 6 7 8 -10 -11 -12 17 13 -15 -16 16 -18 18 21 29 -22 -23 23 -25 28 26 -28 -29 -30 -31
leaf_value=-0.01370059323681028 0.015282230290661877 -0.009679682325398507 -0.063171557188034064 -0.00090250170900734198 0.056285354657227109 0.00045522593588797017 -0.019866252561492215 -0.011641581686368835 0.060995303485542544 -0.069292837990955869 -0.041530753270937852 -0.012618498401838894 0.012158537600879316 -0.0561390061751895 0.013978154771760398 0.013797285224467338 -0.010313637094902506 -0.012697942943556147 0.013703982597327545 4.1627880732782264e-05 0.026292517071692046 -0.0074715756564440895 -0.064663022156390887 0.025529699130304929 -0.024333321938498156 -0.0094485537514236648 0.075310783173356738 -0.0093905047469372786 -0.084141145432367934 0.006762575066681719
leaf_weight=564 96 129 20 109 29 570 197 48 20 22 26 76 27 63 255 292 306 672 758 7733 287 468 36 29 90 51 35 141 20 1528
leaf_count=564 96 129 20 109 29 570 197 48 20 22 26 76 27 63 255 292 306 672 758 7733 287 468 36 29 90 51 35 141 20 1528
internal_value=-4.33546e-05 -0.000251551 -0.0168598 0.0128248 0.024795 -7.8669e-05 -0.00633896 -0.0166445 0.00972221 -0.0248315 -0.00137638 0.000332904 -0.00431211 -0.0356497 -0.00232172 -0.00589871 0.00145959 0.000919958 -0.00272717 0.00179157 0.0181459 0.00277888 0.00775524 -0.0244232 -0.0118109 -0.00841559 0.0250465 0.0100818 -0.0352075 0.00115054
internal_weight=14697 14463 149 234 125 14314 883 287 68 219 596 13431 1507 90 1417 1162 598 11924 2300 9624 363 1432 964 65 868 758 86 899 110 9261
internal_count=14697 14463 149 234 125 14314 883 287 68 219 596 13431 1507 90 1417 1162 598 11924 2300 9624 363 1432 964 65 868 758 86 899 110 9261
is_linear=0
shrinkage=0.05


Tree=173
num_leaves=31
num_cat=0
split_feature=18 18 9 7 0 17 3 1 0 0 1 9 0 17 19 12 15 15 0 15 15 1 16 3 4 16 1 17 5 14
split_gain=14.2143 14.9913 17.8861 13.8806 13.7003 23.8927 20.6604 16.6131 16.4319 50.7806 65.1038 39.0221 29.5391 54.4503 79.3965 85.9093 53.1355 52.9721 52.8268 62.2008 46.5624 44.2428 57.9596 42.9375 64.5157 40.4432 39.3828 37.0832 36.7075 35.8735
threshold=21.712500000000002 19.737500000000004 408989.85000000015 485300.39000000007 42.500000000000007 16.432500000000005 25.790603500000007 3.5000000000000004 25.500000000000004 23.500000000000004 4.5000000000000009 -1191579.7499999998 29.500000000000004 19.127500000000005 -0.020000000000002235 19.910000000000004 21.450000000000003 21.360000000000003 34.500000000000007 16.802500000000006 23.207500000000003 4.5000000000000009 48.562500000000007 14.391754000000002 1967656.3000000003 58.470000000000006 2.5000000000000004 18.475000000000005 13.735000000000001 33.742500000000007
decision_type=2 2 2 2 2 2 2 2 2 2 2 2 2 2 2 2 2 2 2 2 2 2 2 2 2 2 2 2 2 2
left_child=1 4 -3 -2 8 7 -7 -6 9 -1 11 -11 16 14 27 -16 17 -10 19 -15 23 22 -22 24 26 -20 -21 -14 -29 -18
right_child=3 2 -4 -5 5 6 -8 -9 12 10 -12 -13 13 18 15 -17 29 -19 25 20 21 -23 -24 -25 -26 -27 -28 28 -30 -31
leaf_value=0.0001729911538431629 0.023555207554996016 -0.0091956982663435535 -0.060012980140745645 -0.00085737681221387816 -0.027980117716931381 -0.0042474174840395904 0.015407079795534774 0.0011158122285269201 0.0012971804993662864 -0.070461818142415047 0.011670030475114331 -0.020254173368523597 0.019376478557097513 0.03220619387312295 0.005940906487733686 -0.048184433683934741 0.0047914353788524391 -0.06938222427519837 0.00067284344726315773 -0.017276887991733252 0.017082203545883645 -0.021947647359998823 -0.031188304610101577 -0.014273656162254034 -0.13364859382621944 0.043898487018928532 -0.073321675091069571 0.031206061738428843 0.096849497330977641 0.028117840443148578
leaf_weight=7149 125 129 20 109 164 1111 152 70 498 43 165 387 306 73 692 82 277 28 1606 87 248 283 83 187 20 56 49 57 34 407
leaf_count=7149 125 129 20 109 164 1111 152 70 498 43 165 387 306 73 692 82 277 28 1606 87 248 283 83 187 20 56 49 57 34 407
internal_value=-4.11868e-05 -0.000238973 -0.0160168 0.0121835 -7.47356e-05 -0.00460096 -0.00188203 -0.0192762 0.000453918 -0.000995087 -0.0150297 -0.0252749 0.00266584 0.000530506 0.00953101 0.000206697 0.00948304 -0.00246522 -0.00338465 -0.0122819 -0.0156755 -0.00743229 0.00497812 -0.0304315 -0.0498001 0.0021293 -0.0374695 0.0277099 0.0557322 0.0186713
internal_weight=14697 14463 149 234 14314 1497 1263 234 12817 7744 595 430 5073 3863 1171 774 1210 526 2692 1030 957 614 331 343 156 1662 136 397 91 684
internal_count=14697 14463 149 234 14314 1497 1263 234 12817 7744 595 430 5073 3863 1171 774 1210 526 2692 1030 957 614 331 343 156 1662 136 397 91 684
is_linear=0
shrinkage=0.05


Tree=174
num_leaves=31
num_cat=0
split_feature=18 18 18 9 17 17 12 9 18 0 6 9 12 19 0 12 18 7 9 9 19 15 15 4 8 12 19 8 8 18
split_gain=12.8284 14.3636 56.364 60.7206 30.5502 45.8648 29.8352 25.8932 23.1612 21.4524 20.9345 19.9479 19.5612 39.643 30.6247 28.0364 17.6213 26.7153 33.9108 36.7971 26.3026 20.6632 28.2149 25.6335 22.9189 26.3141 59.6703 69.4741 46.0875 26.0033
threshold=21.712500000000002 8.5875000000000004 8.0449999999999964 171709.87000000002 37.310000000000009 33.957500000000003 11.885000000000003 2667.1250000000005 8.9400000000000066 11.500000000000002 10.500824000000001 1042586.9500000001 17.965000000000003 -0.56500000000000117 34.500000000000007 20.835000000000004 5.7575000000000012 2797180.0000000005 -194954.14999999999 -697813.54999999981 10.945000000000006 36.862500000000004 47.215000000000011 157200.83000000005 0.58635000000000137 19.580000000000002 0.050000000000000717 -0.33262650000000166 0.3519745000000008 4.0874999999999995
decision_type=2 2 2 2 2 2 2 2 2 2 2 2 2 2 2 2 2 2 2 2 2 2 2 2 2 2 2 2 2 2
left_child=1 2 16 9 5 8 -7 -8 -3 -4 -11 12 -10 14 -14 -15 20 18 19 -18 21 24 23 -23 25 -1 27 -27 -28 -26
right_child=-2 4 3 -5 -6 6 7 -9 11 10 -12 -13 13 15 -16 -17 17 -19 -20 -21 -22 22 -24 -25 29 26 28 -29 -30 -31
leaf_value=0.0023973313649276341 0.011574356807754017 -0.04328593445589414 -0.021042984308054052 0.09463786214830415 0.018818615646826197 -0.0092359894743332498 -0.084996885608416062 -0.020130502611398697 -0.0062315734270603808 0.059192461207989724 -0.00045160383202268607 0.045215877464839391 0.013336912720747615 0.022438986980072833 0.097935073990374807 -0.058505356311798096 0.0065776565438136455 -0.042716815352439881 0.0069515682261241697 0.10249044079333545 -0.029795611580208825 -0.0030098301691167811 0.019704861840647129 -0.025657643541642818 -0.001299360628903131 -0.01906422936288571 -0.064599919074348047 0.079165994907142948 0.021463503800332545 -0.013497427218866959
leaf_weight=7010 234 37 30 31 119 52 40 25 892 31 28 21 23 23 20 20 20 25 586 20 76 263 72 238 4101 54 70 27 20 489
leaf_count=7010 234 37 30 31 119 52 40 25 892 31 28 21 23 23 20 20 20 25 586 20 76 263 72 238 4101 54 70 27 20 489
internal_value=-3.91275e-05 -0.000227025 0.000262278 0.0343734 -0.00530123 -0.00779061 -0.037465 -0.0600483 -0.00443935 0.0133824 0.0308868 -0.00300059 -0.00403591 0.0187377 0.0526849 -0.0152095 -5.08835e-05 0.00796783 0.00999198 0.054534 -0.000471188 -0.000290643 -0.00956257 -0.0137687 0.000160705 0.0019246 -0.0174544 0.0136792 -0.0454747 -0.00259889
internal_weight=14697 14463 13191 120 1272 1153 117 65 1036 89 59 999 978 86 43 43 13071 651 626 40 12420 12344 573 501 11771 7181 171 81 90 4590
internal_count=14697 14463 13191 120 1272 1153 117 65 1036 89 59 999 978 86 43 43 13071 651 626 40 12420 12344 573 501 11771 7181 171 81 90 4590
is_linear=0
shrinkage=0.05


Tree=175
num_leaves=31
num_cat=0
split_feature=0 1 12 3 15 3 1 6 19 14 14 14 6 1 19 19 19 15 7 8 8 3 6 12 0 3 9 14 14 12
split_gain=15.1321 34.8037 34.4064 22.4593 28.9081 35.5161 28.347 22.4877 21.062 19.4054 18.2572 49.1793 40.2165 69.6405 47.6735 84.6024 71.4769 77.3751 60.7057 59.6549 53.9099 46.0175 66.4366 58.7637 51.1566 34.4412 33.9375 31.4758 77.8314 46.0056
threshold=5.5000000000000009 1.0000000180025095e-35 11.765000000000002 24.809814500000005 23.827500000000004 13.519653500000002 2.5000000000000004 10.071457000000002 4.8474999999999975 25.672500000000003 37.330000000000005 38.160000000000004 13.862503000000002 1.5000000000000002 1.0400000000000011 1.639999999999999 -0.12000000000000098 21.235000000000003 352495.1650000001 3.0308533500000023 1.0736539999999997 11.043502500000001 15.010773000000002 11.285000000000002 26.500000000000004 15.390274000000002 15861.33699999991 40.040000000000006 41.33250000000001 10.765000000000002
decision_type=2 2 2 2 2 2 2 2 2 2 2 2 2 2 2 2 2 2 2 2 2 2 2 2 2 2 2 2 2 2
left_child=1 2 -1 4 8 7 -5 -6 -3 -7 -2 25 13 26 16 19 17 -15 -18 20 -16 23 -23 -14 -25 -12 -13 -24 29 -29
right_child=10 3 -4 6 5 9 -8 -9 -10 -11 11 12 21 14 15 -17 18 -19 -20 -21 -22 22 27 24 -26 -27 -28 28 -30 -31
leaf_value=-0.014517309028054624 -0.00038161323030414039 -0.013005559384629314 -0.07313872050227864 0.033680530194154318 0.0044355122471584924 0.039325780812650923 0.00043306832215049031 0.031543586740104206 0.037898546998344718 -0.01158967185477467 0.0068139417299433892 0.017743514412896143 0.11207507991231978 0.084115408758322407 0.053315363997636846 0.00145276022894719 -0.009367493334479773 0.00018116142370818575 -0.061376642384405794 0.12014703125409459 -0.021056055562461123 -0.025706259195968459 -0.015103748060276055 -0.049437037603929646 0.063652107929810894 0.065944188083565947 0.049533143716094935 0.02821820307912868 0.0005047672918478788 0.11076656959596134
leaf_weight=236 8697 628 28 96 188 20 193 129 21 291 46 311 20 30 86 392 158 324 87 23 34 268 275 20 20 53 115 86 1769 21
leaf_count=236 8697 628 28 96 188 20 193 129 21 291 46 311 20 30 86 392 158 324 87 23 34 268 275 20 20 53 115 86 1769 21
internal_value=0.000312689 -0.00394085 -0.0207347 -0.0011097 -0.00395826 0.00368936 0.0114772 0.0154669 -0.0113584 -0.00831537 0.000919153 0.00365303 0.00279964 0.00908907 0.00261411 0.0134618 -0.00707458 0.00729423 -0.027836 0.0463818 0.0322435 -0.00115821 -0.00223109 0.0420967 0.00710754 0.0384695 0.0263252 0.000693755 0.00300949 0.0444193
internal_weight=14665 1830 264 1566 1277 628 289 317 649 311 12835 4138 4039 1560 1134 535 599 354 245 143 120 2479 2419 60 40 99 426 2151 1876 107
internal_count=14665 1830 264 1566 1277 628 289 317 649 311 12835 4138 4039 1560 1134 535 599 354 245 143 120 2479 2419 60 40 99 426 2151 1876 107
is_linear=0
shrinkage=0.05


Tree=176
num_leaves=31
num_cat=0
split_feature=15 15 7 12 17 18 6 5 8 5 4 5 17 8 18 15 1 6 6 5 15 1 17 4 16 4 8 0 7 17
split_gain=14.0498 39.8138 34.6421 29.4705 36.9257 30.8493 24.7661 21.337 19.7416 31.1508 22.3243 43.4222 91.7131 81.7379 53.8294 24.0985 20.1805 18.1633 21.6095 18.0472 16.8526 29.3404 41.3135 37.269 41.6796 41.8678 40.6981 35.7131 32.0195 31.0697
threshold=15.840000000000002 15.172500000000001 2619960.9000000004 6.535000000000001 24.827500000000004 -4.5075000000000012 21.166290500000006 13.375000000000002 -3.5253752999999994 9.3150000000000031 465480.78000000009 8.8750000000000018 15.840000000000002 -0.49079899999999904 -2.364999999999998 13.787500000000001 2.5000000000000004 25.593414500000005 26.753143500000004 14.635000000000003 16.802500000000006 2.5000000000000004 18.415000000000003 398349.75000000006 27.575000000000003 1824822.7500000002 0.13192799999999852 36.500000000000007 887981.25000000012 13.787500000000001
decision_type=2 2 2 2 2 2 2 2 2 2 2 2 2 2 2 2 2 2 2 2 2 2 2 2 2 2 2 2 2 2
left_child=1 2 3 -1 5 -5 -3 -8 9 -7 16 15 14 -14 -13 -12 19 -18 -19 -10 21 23 27 29 25 -25 -26 28 -23 -2
right_child=20 6 -4 4 -6 8 7 -9 10 -11 11 12 13 -15 -16 -17 17 18 -20 -21 -22 22 -24 24 26 -27 -28 -29 -30 -31
leaf_value=0.062267286106944091 -0.048614352032542232 -0.027692149974278768 -0.027469758741627232 0.028653426695086033 -0.023967553492236351 0.00035163241719721622 0.0047602825996079512 -0.041510226242244243 0.006343377951897617 0.061669485616114211 -0.033552512008746919 0.059120723757988373 0.0061415163715454668 0.13215802874896795 -0.006047492817639423 0.0084429638718183219 -0.0034146091567216381 -0.049752230302340564 -0.012252381591628869 -0.024013955591311843 0.00051713605227316699 0.015012368996988754 0.020967489503348223 0.041652443794300782 0.1031035149736064 -0.024387152101844552 0.022228487527796201 -0.078010578568165123 -0.048138448102947547 0.010474522771903931
leaf_weight=20 25 242 107 113 133 53 147 30 347 34 72 39 22 31 169 65 178 62 101 57 12067 49 77 60 35 40 28 26 34 202
leaf_count=20 25 242 107 113 133 53 147 30 347 34 72 39 22 31 169 65 178 62 101 57 12067 49 77 60 35 40 28 26 34 202
internal_value=0.000297054 -0.00357284 1.42025e-05 0.00197997 0.00116307 0.0036518 -0.0172961 -0.00308218 0.0013549 0.0243149 -0.000392709 0.0091676 0.0211329 0.0798493 0.00617155 -0.0136277 -0.0055001 -0.0144573 -0.0265161 0.00206029 0.000915968 0.00927135 -0.00706924 0.0170646 0.0353048 0.0152366 0.0671591 -0.026875 -0.0108566 0.00396694
internal_weight=14665 2022 1603 1496 1476 1343 419 177 1230 87 1143 398 261 53 208 137 745 341 163 404 12643 576 186 390 163 100 63 109 83 227
internal_count=14665 2022 1603 1496 1476 1343 419 177 1230 87 1143 398 261 53 208 137 745 341 163 404 12643 576 186 390 163 100 63 109 83 227
is_linear=0
shrinkage=0.05


Tree=177
num_leaves=31
num_cat=0
split_feature=0 1 12 3 15 3 1 6 19 14 14 1 8 8 15 17 17 12 8 19 14 18 19 9 17 7 19 14 12 15
split_gain=13.5008 31.4158 31.2193 20.3774 26.117 37.4974 24.8579 17.7926 17.0566 16.3795 44.3843 36.6882 60.781 54.4065 68.4671 47.454 43.364 41.8355 48.7498 45.7442 35.9114 32.1493 42.5566 34.878 63.7185 45.8805 40.686 34.6421 34.4743 46.7614
threshold=5.5000000000000009 1.0000000180025095e-35 11.765000000000002 24.809814500000005 24.405000000000005 13.519653500000002 2.5000000000000004 10.071457000000002 5.0200000000000014 37.330000000000005 38.160000000000004 1.5000000000000002 -3.6543578500000002 -3.9861605 21.360000000000003 27.282500000000002 30.817500000000006 6.6800000000000006 0.76405350000000116 -7.0900000000000007 50.957500000000003 1.8399999999999948 -4.3424999999999967 677.68888500000014 22.500000000000004 489275.97000000003 0.61749999999999983 42.775000000000006 13.735000000000001 21.432500000000005
decision_type=2 2 2 2 2 2 2 2 2 2 2 2 2 2 2 2 2 2 2 2 2 2 2 2 2 2 2 2 2 2
left_child=1 2 -1 4 8 7 -5 -6 -3 -2 -11 12 20 14 -13 -14 -17 19 -19 -18 -12 22 -15 26 25 -25 28 -23 -24 -30
right_child=9 3 -4 6 5 -7 -8 -9 -10 10 11 13 15 21 -16 16 17 18 -20 -21 -22 27 23 24 -26 -27 -28 -29 29 -31
leaf_value=-0.013768637289165598 -0.00037701726689414914 -0.012152155150298639 -0.069609074367742454 0.031735652855422812 0.0060525720857483693 -0.0087271417830577219 0.00060149163793087241 0.030693201378546656 0.027706518722698095 0.036520195498385213 -0.03988585121552931 0.098847302634801182 0.027874376812745821 0.036265265700571675 0.012766751402170595 -0.023359305511672646 0.013093844178365545 -0.0064455040677358624 0.026008096747617754 0.080248544028117541 0.025038087121876225 0.017547712737183658 -0.0074373988191819207 -0.0032667976319789883 -0.011458769784346391 -0.083504403163228311 0.0078310780506774553 -0.001222836325339747 0.0064220276721302545 -0.069880104809999469
leaf_weight=236 8697 648 28 96 177 299 193 125 28 99 89 28 379 51 132 107 64 324 180 42 28 310 302 25 280 62 361 1187 31 57
leaf_count=236 8697 648 28 96 177 299 193 125 28 99 89 28 379 51 132 107 64 324 180 42 28 310 302 25 280 62 361 1187 31 57
internal_value=0.000282201 -0.00373553 -0.0196911 -0.0010457 -0.00375902 0.00382453 0.0109436 0.0162515 -0.0105012 0.000855045 0.00344452 0.0026338 0.00990744 -0.000488255 0.0278308 0.0135643 0.00600016 0.0111501 0.00514507 0.0397023 -0.0243485 -0.00218783 -0.00840122 -0.0104388 -0.0230719 -0.0604476 -0.00426519 0.00266418 -0.015462 -0.0430009
internal_weight=14665 1830 264 1566 1277 601 289 302 676 12835 4138 4039 1213 2826 160 1096 717 610 504 106 117 2666 1169 1118 367 87 751 1497 390 88
internal_count=14665 1830 264 1566 1277 601 289 302 676 12835 4138 4039 1213 2826 160 1096 717 610 504 106 117 2666 1169 1118 367 87 751 1497 390 88
is_linear=0
shrinkage=0.05


Tree=178
num_leaves=31
num_cat=0
split_feature=0 3 16 16 0 1 12 3 1 13 8 16 3 17 19 4 7 17 3 0 19 14 18 3 4 6 4 4 4 0
split_gain=12.7259 18.7066 17.622 14.9789 13.5747 28.3528 28.1755 18.3906 22.4343 21.1048 17.748 45.9369 64.7389 41.3058 53.3304 35.9309 37.8048 35.2532 28.9623 28.8232 25.9695 25.075 22.6734 22.2807 31.2861 25.0498 34.5339 22.4967 19.1165 97.5558
threshold=46.500000000000007 11.116699250000002 36.982500000000009 37.330000000000005 5.5000000000000009 1.0000000180025095e-35 11.765000000000002 24.809814500000005 2.5000000000000004 6.0850000000000009 2.7327725000000007 49.570000000000007 16.645233500000003 23.735000000000003 4.3550000000000013 2903178.7000000007 2195926.2500000005 26.545000000000005 15.714111500000001 31.500000000000004 4.8775000000000022 58.470000000000006 4.222500000000001 10.166488500000002 1600644.5000000002 12.153564500000002 711240.07000000007 2121661.9000000004 222619.02500000005 17.500000000000004
decision_type=2 2 2 2 2 2 2 2 2 2 2 2 2 2 2 2 2 2 2 2 2 2 2 2 2 2 2 2 2 2
left_child=4 2 -2 -3 5 6 -1 9 -9 -7 28 13 18 14 23 16 17 -15 21 -16 -19 -13 -21 24 -12 26 -25 -27 -6 -30
right_child=1 3 -4 -5 10 7 -8 8 -10 -11 11 12 -14 15 19 -17 -18 20 -20 22 -22 -23 -24 25 -26 27 -28 -29 29 -31
leaf_value=-0.013080205611482074 -0.0036777576489083761 -0.0092307587510246474 0.047994287848649994 -0.039183608843450207 0.002489120901258593 -0.0082315383827914774 -0.066128619996431687 0.030148870107950643 0.00057141692646045647 0.0052944029993060131 -0.005498146864600306 0.014757486667346071 0.0072298688405170678 0.040928083410835828 0.030503716279095941 -0.03832730899955477 0.077075912103056921 0.01425388526818566 0.11844403676688671 0.022295825599237932 -0.017146324809250792 0.086668505011634395 -0.026168882402337414 -0.014073060547302247 0.05795588710091331 -0.009301135526567866 -0.050406845448538663 0.049445708449929959 -0.020576079731366687 0.00061401991757972438
leaf_weight=236 77 120 21 64 5387 837 28 96 193 440 166 27 123 96 139 31 25 281 20 43 86 22 55 189 22 88 100 20 609 5024
leaf_count=236 77 120 21 64 5387 837 28 96 193 440 166 27 123 96 139 31 25 281 20 43 86 22 55 189 22 88 100 20 609 5024
internal_value=0.000268091 -0.0102509 0.00739482 -0.0196491 0.000474331 -0.00354875 -0.0187066 -0.000993413 0.0103965 -0.00357107 0.00106082 0.00610152 0.0289756 0.00282648 -0.00414634 0.0138701 0.017186 0.0139522 0.0677397 0.0158627 0.0068958 0.0470441 -0.00490376 -0.0122525 0.00192733 -0.0189675 -0.0266453 0.00157791 0.00035961 -0.0016769
internal_weight=14665 282 98 184 14383 1830 264 1566 289 1277 12553 1533 192 1341 822 519 488 463 69 237 367 49 98 585 188 397 289 108 11020 5633
internal_count=14665 282 98 184 14383 1830 264 1566 289 1277 12553 1533 192 1341 822 519 488 463 69 237 367 49 98 585 188 397 289 108 11020 5633
is_linear=0
shrinkage=0.05


Tree=179
num_leaves=31
num_cat=0
split_feature=12 0 18 19 14 3 16 0 18 9 4 1 4 8 16 14 3 17 3 15 3 16 3 0 18 0 1 17 0 1
split_gain=12.5789 30.0678 42.1868 35.3486 34.0181 46.192 38.461 43.0438 54.5453 41.0188 105.731 67.3384 56.0577 35.858 35.4496 37.7054 37.421 33.7399 28.0675 27.8438 27.1956 26.2035 27.6103 46.7122 26.0932 25.7239 29.4475 33.7182 23.9729 23.047
threshold=11.685 4.5000000000000009 -13.907499999999997 -12.809999999999999 58.470000000000006 11.868362500000002 43.525000000000006 38.500000000000007 11.312500000000005 515117.71500000014 1477631.7500000002 3.5000000000000004 204461.75000000003 -1.3680419999999998 20.002500000000001 25.945000000000004 26.827667500000004 21.320000000000004 16.645233500000003 18.577500000000004 13.185486000000003 40.910000000000004 6.9681548000000006 12.500000000000002 11.212499999999997 18.500000000000004 1.0000000180025095e-35 14.497500000000002 34.500000000000007 1.0000000180025095e-35
decision_type=2 2 2 2 2 2 2 2 2 2 2 2 2 2 2 2 2 2 2 2 2 2 2 2 2 2 2 2 2 2
left_child=-1 29 -3 -4 6 -6 7 8 21 12 -11 -12 17 18 -15 16 -16 -8 19 -9 -10 22 23 -5 -24 26 -25 -28 -14 -2
right_child=1 2 3 4 5 -7 9 13 20 10 11 -13 28 14 15 -17 -18 -19 -20 -21 -22 -23 24 25 -26 -27 27 -29 -30 -31
leaf_value=0.0010599521542396845 -0.073792656539412957 0.070781596004962921 0.033094501372958933 -0.037332567313892971 0.091634907647967334 0.0095597695235240601 0.032005816157907249 0.017774558229706226 -0.07583845684097873 0.10147793447226286 -0.08813862554405047 0.020256701008857868 -0.072972862713695436 0.03985021851025522 -0.041267479322799346 0.00168417753642744 -0.00036946100673001066 -0.017522221214841215 -0.057469074097103806 -0.035982046237895415 -0.017213497203900606 0.027768420168142929 -0.0010099978963389348 0.093351134285330775 0.056560279047116635 0.0064764948902393373 0.085115297858878461 0.017553362928776316 -0.03023400005792648 -0.016202484520519495
leaf_weight=11260 23 20 70 36 20 120 40 39 27 25 23 38 61 40 136 343 95 245 65 63 74 117 1238 20 20 128 22 115 71 71
leaf_count=11260 23 20 70 36 20 120 40 39 27 25 23 38 61 40 136 343 95 245 65 63 74 117 1238 20 20 128 22 115 71 71
internal_value=0.000254687 -0.00240825 -0.00161657 -0.00205655 -0.00282047 0.0212848 -0.0039158 -0.00144819 0.00281108 -0.0165629 0.0148781 -0.0206137 -0.0230472 -0.0112483 -0.0056609 -0.00883241 -0.0244479 -0.0105709 -0.0317913 -0.0154281 -0.0328855 0.00493688 0.00324512 0.016334 -9.47312e-05 0.0231129 0.0366764 0.0284027 -0.0499845 -0.0302937
internal_weight=14665 3405 3311 3291 3221 140 3081 2578 1797 503 86 61 417 781 614 574 231 285 167 102 101 1696 1579 321 1258 285 157 137 132 94
internal_count=14665 3405 3311 3291 3221 140 3081 2578 1797 503 86 61 417 781 614 574 231 285 167 102 101 1696 1579 321 1258 285 157 137 132 94
is_linear=0
shrinkage=0.05


Tree=180
num_leaves=31
num_cat=0
split_feature=12 15 16 16 16 3 3 4 12 3 16 7 7 4 15 3 16 9 17 4 4 18 18 0 13 0 19 15 17 17
split_gain=15.858 13.0126 17.6422 87.7008 49.4286 52.7993 88.2973 42.659 36.3869 30.2957 37.8374 55.7131 58.2703 53.805 71.1217 31.102 29.3821 28.3181 24.852 24.2369 23.0128 22.7682 31.3442 42.0344 20.8723 20.0509 20.8057 19.8438 55.1272 74.7294
threshold=29.255000000000003 47.215000000000011 48.562500000000007 49.217500000000008 47.247500000000002 12.834381000000002 9.9985960000000009 756713.25000000012 15.665000000000001 16.535476500000005 56.177500000000002 1344026.55 2267438.8500000006 1454936.8500000003 22.557500000000005 14.286712500000002 49.947500000000005 72479.945000000109 26.145000000000007 44036.504000000008 425723.96000000002 -18.029999999999998 -16.329999999999991 28.500000000000004 7.6250000000000009 29.500000000000004 7.017500000000001 23.207500000000003 20.707500000000003 22.472500000000004
decision_type=2 2 2 2 2 2 2 2 2 2 2 2 2 2 2 2 2 2 2 2 2 2 2 2 2 2 2 2 2 2
left_child=1 2 4 8 21 6 -6 -8 25 10 11 -5 -13 14 15 -12 17 -11 -16 -17 -20 -1 23 -23 -18 26 -4 28 -24 -30
right_child=-2 -3 3 9 5 -7 7 -9 -10 16 13 12 -14 -15 18 19 24 -19 20 -21 -22 22 27 -25 -26 -27 -28 -29 29 -31
leaf_value=-0.021550816383736196 -0.036361047675212227 0.016708506119903179 -0.0067903839348329477 0.010831964366968207 0.0035633401792557516 0.0044213005856267714 0.12842746862443163 0.043919595557131937 -0.094453760805878459 0.0038694932334842761 0.094667859677047966 0.10714949686080218 -0.0004068293422460556 -0.059318342461789908 -0.041898244872408091 -0.0037099749781191352 -0.015183295571933993 0.061066912901070386 0.0065077170374665851 0.057000727398741638 -0.050159699718157452 0.0010501742320643231 0.0016961683386259863 0.077064605411742967 0.0031336552231714201 -0.048606718241066584 -0.055562804798009229 0.0025675481523606287 -0.019820469263222472 -0.0017748962363820177
leaf_weight=121 30 116 115 228 61 209 32 28 22 109 21 34 20 38 53 35 549 27 122 31 21 44 4728 31 217 71 27 4762 823 1894
leaf_count=121 30 116 115 228 61 209 32 28 22 109 21 34 20 38 53 35 549 27 122 31 21 44 4728 31 217 71 27 4762 823 1894
internal_value=-4.59313e-05 2.87451e-05 -0.000104942 -0.00482729 0.00054038 0.0196389 0.0459239 0.0889905 -0.0332347 -0.00039158 0.00828477 0.0216476 0.0673138 -0.00345457 0.00404657 0.0416689 -0.00619185 0.0152249 -0.0126532 0.0248057 -0.00181407 3.2235e-05 0.000244867 0.0324695 -0.00999429 -0.0269116 -0.016064 4.68787e-05 -0.0015654 -0.00724104
internal_weight=14619 14589 14473 1740 12733 330 121 60 235 1505 603 282 54 321 283 87 902 136 196 66 143 12403 12282 75 766 213 142 12207 7445 2717
internal_count=14619 14589 14473 1740 12733 330 121 60 235 1505 603 282 54 321 283 87 902 136 196 66 143 12403 12282 75 766 213 142 12207 7445 2717
is_linear=0
shrinkage=0.05


Tree=181
num_leaves=31
num_cat=0
split_feature=12 5 7 9 19 7 8 19 15 0 1 17 17 15 9 13 7 17 15 17 6 0 8 1 14 14 14 7 7 19
split_gain=14.3118 12.7222 38.9164 29.289 51.3038 45.0428 61.8605 32.3065 39.729 29.294 27.838 26.8864 65.5796 51.8281 41.0726 39.8986 38.6628 37.7338 34.3956 32.3773 27.5597 41.722 63.2982 27.8586 28.6975 47.3176 34.6258 28.356 26.9165 32.0219
threshold=29.255000000000003 11.675000000000002 1163771.5000000002 453097.95000000013 -0.19250000000000075 439035.97500000003 1.7178495000000018 4.4874999999999998 23.250000000000004 23.500000000000004 5.5000000000000009 20.205000000000002 21.442500000000006 19.127500000000005 526968.50000000023 12.235000000000001 60171.378500000013 20.707500000000003 19.202500000000004 21.235000000000003 12.051055750000002 11.500000000000002 -3.9861605 3.5000000000000004 23.730000000000004 25.582500000000003 23.305000000000003 6447.8815000000004 1523946.7000000004 0.97999999999999876
decision_type=2 2 2 2 2 2 2 2 2 2 2 2 2 2 2 2 2 2 2 2 2 2 2 2 2 2 2 2 2 2
left_child=1 11 3 -3 5 -5 -7 8 -6 -10 -4 13 16 14 20 -14 19 -18 -15 -13 21 -1 -23 24 26 -26 -22 -28 29 -24
right_child=-2 2 10 4 7 6 -8 -9 9 -11 -12 12 15 18 -16 -17 17 -19 -20 -21 23 22 28 -25 25 -27 27 -29 -30 -31
leaf_value=-0.021993996267817728 -0.034542994797229769 -0.0018105004151422394 -0.010080107021746889 -0.0034378667187411338 0.024465284568981994 0.11974555561619421 0.020641581621021032 0.029134335076579684 -0.069665826780392848 -0.010627548876430163 -0.041708329194281475 -0.01461394787547419 0.00039593512750596372 0.042545128758270094 -0.036766926046103647 0.058195068265000982 -0.0099690973296435222 -0.045568411923556429 0.010561310868550659 0.021154533002732529 0.014767813961629551 0.085696817433927208 -0.0096686609105431833 -0.0096938295056600791 -0.021414047406944567 0.0087840260914829257 0.02329946460113639 0.10648730339482426 -0.030043139218148152 0.022454621518429904
leaf_weight=276 30 3396 430 32 45 31 32 65 34 55 83 213 6289 91 73 30 137 163 1102 90 288 22 174 263 156 770 21 20 68 140
leaf_count=276 30 3396 430 32 45 31 32 65 34 55 83 213 6289 91 73 30 137 163 1102 90 288 22 174 263 156 770 21 20 68 140
internal_value=-4.36347e-05 2.73079e-05 -0.00229373 -0.000499814 0.01464 0.0448698 0.069407 0.000208625 -0.0138225 -0.0331815 -0.0151973 0.000966584 -0.000833053 0.00456274 0.000129971 0.000670342 -0.0165875 -0.0293114 0.013001 -0.00398965 0.00135539 -0.00700977 0.00322697 0.00510263 0.00820341 0.00369666 0.020888 0.0638789 -0.0015226 0.00465382
internal_weight=14619 14589 4203 3690 294 95 63 199 134 89 513 10386 6922 3464 2271 6319 603 300 1193 303 2198 680 404 1518 1255 926 329 41 382 314
internal_count=14619 14589 4203 3690 294 95 63 199 134 89 513 10386 6922 3464 2271 6319 603 300 1193 303 2198 680 404 1518 1255 926 329 41 382 314
is_linear=0
shrinkage=0.05


Tree=182
num_leaves=31
num_cat=0
split_feature=3 0 0 13 15 17 17 5 19 13 14 19 15 16 17 0 3 17 17 8 14 5 16 15 17 17 8 15 13 15
split_gain=12.996 31.44 50.7914 51.6437 34.7648 25.1515 37.1323 39.5912 25.812 24.6627 21.6324 20.5353 25.9732 20.5315 28.2248 55.4672 31.6384 29.376 20.3673 16.9168 16.6246 15.9951 15.9585 15.0507 21.695 16.3858 14.9181 14.7843 14.5395 15.673
threshold=7.086120600000001 12.500000000000002 16.500000000000004 10.435 29.755000000000003 21.080000000000005 19.492500000000003 12.645000000000001 -8.5149999999999988 9.3050000000000015 42.677500000000002 2.1975000000000011 22.885000000000002 22.475000000000005 18.870000000000001 30.500000000000004 5.3544770000000002 18.025000000000002 18.415000000000003 -1.8473054999999998 18.350000000000005 9.9750000000000032 35.392500000000005 21.672500000000003 16.432500000000005 14.682500000000003 0.7814180000000005 23.207500000000003 8.3050000000000015 29.755000000000003
decision_type=2 2 2 2 2 2 2 2 2 2 2 2 2 2 2 2 2 2 2 2 2 2 2 2 2 2 2 2 2 2
left_child=1 4 3 5 10 6 7 -3 -7 -6 11 22 -13 18 15 -15 20 -17 -4 -19 -16 -10 23 24 25 -1 -11 -12 29 -18
right_child=-2 2 13 -5 9 8 -8 -9 21 26 27 12 -14 14 16 17 28 19 -20 -21 -22 -23 -24 -25 -26 -27 -28 -29 -30 -31
leaf_value=-0.010679379804059863 -0.00067878436893936299 0.076178791019178571 0.0019817254949121743 -0.024633794464170935 0.004078733820300412 0.063498268052935611 0.11136291076175192 0.011959765992027575 0.031298361389952546 0.069324759393930444 0.044137962511740625 0.018812512504783545 -0.023323238525411179 -0.0066679163038674176 0.052157631248235706 0.10268575665743457 -0.0094772070808255161 0.064383316219880665 -0.021950488066925244 0.01203905421901833 0.009881465262299903 -0.013927886777800387 -0.047116076467292656 -0.034611211382094532 -0.0031046589628495134 -0.058061335867063871 0.012785040508024396 -0.01056183453294493 0.012178677215047604 -0.044360542253014591
leaf_weight=37 12360 42 286 40 136 25 22 56 34 28 30 99 58 66 25 23 138 29 129 33 333 46 42 77 253 36 20 21 53 42
leaf_count=37 12360 42 286 40 136 25 22 56 34 28 30 99 58 66 25 23 138 29 129 33 333 46 42 77 253 36 20 21 53 42
internal_value=-4.1453e-05 0.00344567 0.00797117 0.0277163 -0.00424281 0.0370229 0.0526603 0.0394822 0.0191516 0.0149538 -0.00965196 -0.0123008 0.00324644 0.00344874 0.00842997 0.0277225 0.00350075 0.0544256 -0.00545744 0.0365227 0.0128337 0.00529327 -0.017786 -0.0147292 -0.0100332 -0.0340458 0.0457665 0.0216145 -0.0108392 -0.0176167
internal_weight=14619 2259 1422 265 837 225 120 98 105 184 653 602 157 1157 742 151 591 85 415 62 358 80 445 403 326 73 48 51 233 180
internal_count=14619 2259 1422 265 837 225 120 98 105 184 653 602 157 1157 742 151 591 85 415 62 358 80 445 403 326 73 48 51 233 180
is_linear=0
shrinkage=0.05


Tree=183
num_leaves=31
num_cat=0
split_feature=12 19 4 14 9 3 15 18 19 17 3 1 15 17 0 0 9 6 18 3 14 3 0 17 0 1 18 18 15 18
split_gain=12.9439 44.8788 44.7101 70.3465 60.5851 52.2218 51.3353 45.3028 37.4749 34.446 33.3087 29.2258 27.4889 25.1486 27.3356 24.8854 24.2763 26.0793 56.2097 47.4797 41.3903 49.5317 49.9395 47.1751 33.9584 32.9835 29.418 66.4286 37.5878 29.1789
threshold=11.765000000000002 4.3150000000000022 1391494.4000000001 46.312500000000007 408989.85000000015 14.461013500000002 20.457500000000003 0.46750000000000119 0.16249999999999967 12.922500000000001 24.909805500000004 3.5000000000000004 14.407500000000001 23.047500000000003 41.500000000000007 31.500000000000004 -529899.64999999979 13.664138500000002 -12.15 15.390274000000002 39.632500000000007 6.8698273000000007 11.500000000000002 21.080000000000005 38.500000000000007 3.5000000000000004 1.0749999999999977 -2.7449999999999934 30.460000000000004 -8.1525000000000016
decision_type=2 2 2 2 2 2 2 2 2 2 2 2 2 2 2 2 2 2 2 2 2 2 2 2 2 2 2 2 2 2
left_child=-1 2 4 6 12 -5 9 11 -8 -4 -3 -6 13 14 15 -2 -14 19 -19 20 21 22 -18 25 -23 -24 27 -22 -28 -20
right_child=1 10 3 5 7 -7 8 -9 -10 -11 -12 -13 16 -15 -16 -17 17 18 29 -21 26 24 23 -25 -26 -27 28 -29 -30 -31
leaf_value=0.00076002411222596603 -0.0035466047506483773 0.046131350163700457 -0.074328053787188694 -0.10965432380807812 0.11051836432889105 -0.032706623014224612 0.0038504753882686298 0.0055754337647701043 0.08555591361516196 -0.010319763636712718 -0.010342031115522753 0.032488237755994007 0.023611271720276113 -0.03222221857192175 -0.013753817114047707 0.033362667877241091 -0.057515786696345578 -0.088955677657023724 0.04343794602900744 0.046404894470584157 0.053831511328462513 -0.014055415817257395 0.0086337742343864463 -0.018745960167143496 -0.048840394832802066 0.051024120823358714 0.025337512449960371 -0.028018831581893295 -0.026270273231323412 -0.011257310897581377
leaf_weight=11344 63 79 23 29 24 92 36 57 23 244 39 24 72 31 64 166 31 23 25 51 32 247 137 102 98 69 253 110 41 990
leaf_count=11344 63 79 23 29 24 92 36 57 23 244 39 24 72 31 64 166 31 23 25 51 32 247 137 102 98 69 253 110 41 990
internal_value=-3.93803e-05 -0.00280837 -0.00393996 -0.0185909 -0.00152336 -0.0511486 -0.00650664 0.0357139 0.0357017 -0.0158336 0.0274664 0.0715033 -0.00302428 0.0106038 0.0151349 0.0232086 -0.00496006 -0.00589131 -0.0116616 -0.000776376 -0.00292481 -0.0105989 0.00297467 0.009063 -0.0239364 0.0228325 0.00911433 -0.00957368 0.0181405 -0.00991014
internal_weight=14619 3275 3157 447 2710 121 326 105 59 267 118 48 2605 324 293 229 2281 2209 1038 1171 1120 684 339 308 345 206 436 142 294 1015
internal_count=14619 3275 3157 447 2710 121 326 105 59 267 118 48 2605 324 293 229 2281 2209 1038 1171 1120 684 339 308 345 206 436 142 294 1015
is_linear=0
shrinkage=0.05


Tree=184
num_leaves=31
num_cat=0
split_feature=12 5 9 4 4 8 8 16 16 17 17 1 9 6 6 6 19 14 14 18 19 19 18 3 14 0 18 14 6 13
split_gain=12.8603 11.5689 28.4285 41.5973 34.438 31.6269 25.5187 25.495 44.737 34.9062 32.3246 32.7721 45.6469 30.9497 66.2643 28.7439 42.9049 42.9428 50.4777 59.9124 44.719 65.9154 40.7959 40.4532 39.2918 54.0722 35.4279 45.0341 38.454 37.7473
threshold=29.255000000000003 11.675000000000002 453097.95000000013 896557.25000000012 2703314.0000000005 -2.0927729999999989 -0.44552599999999914 27.700000000000006 28.095000000000002 26.255000000000003 24.172500000000003 1.5000000000000002 -348492.49999999983 3.6885986500000003 4.3547060000000011 13.664138500000002 5.892500000000001 33.742500000000007 34.597500000000004 -9.0374999999999979 -1.1174999999999995 0.88249999999999951 -4.5874999999999977 15.390274000000002 38.160000000000004 35.500000000000007 3.6250000000000004 34.002500000000005 7.9526976500000011 8.2650000000000023
decision_type=2 2 2 2 2 2 2 2 2 2 2 2 2 2 2 2 2 2 2 2 2 2 2 2 2 2 2 2 2 2
left_child=1 -1 3 7 5 -4 -7 9 -9 10 11 -3 -13 -10 -15 23 17 20 -19 -20 22 -22 -17 26 25 -21 28 -28 -16 -29
right_child=-2 2 4 -5 -6 6 -8 8 13 -11 -12 12 -14 14 15 16 -18 18 19 24 21 -23 -24 -25 -26 -27 27 29 -30 -31
leaf_value=0.00092553041128840474 -0.032740492125352225 0.0094598448519111009 0.077375530433796705 -0.017143320377478167 -0.019226158129704463 -0.024952470143703193 0.019504234842264018 0.061584755522198976 -0.047721470275428148 -0.03817074384895109 0.021671064014136349 0.047779161747424831 -0.014005807021026821 0.09019241456740669 -0.020727982411062842 0.02037280372460373 -0.039603375445725959 -0.055316680299729339 -0.084507893714243956 -0.022244262807494541 0.047276538597690244 0.00065026965183325304 -0.04419208346526065 0.047037442536014371 -0.0079593269660925645 0.079583850991912189 0.089948934387593049 0.020927990659689019 0.0058284717631288509 -0.038892499965926017
leaf_weight=10386 30 229 21 487 77 37 253 31 32 84 105 31 838 21 192 40 83 60 23 22 124 195 63 59 325 32 21 218 470 30
leaf_count=10386 30 229 21 487 77 37 253 31 32 84 105 31 838 21 192 40 83 60 23 22 124 195 63 59 325 32 21 218 470 30
internal_value=-3.74113e-05 2.98375e-05 -0.0021835 -0.0034949 0.0107108 0.0181229 0.0138322 -0.00149768 0.00197747 -0.00700877 -0.00483287 -0.0073674 -0.0118017 0.00105816 0.00184731 0.000899306 -0.00523199 -0.00200481 -0.0125371 -0.00615212 0.00952584 0.0187746 -0.0191183 0.00688815 -0.00139702 0.0380983 0.00434378 0.0196448 -0.0018737 0.0136916
internal_weight=14619 14589 4203 3815 388 311 290 3328 2041 1287 1203 1098 869 2010 1978 1957 967 884 462 402 422 319 103 990 379 54 931 269 662 248
internal_count=14619 14589 4203 3815 388 311 290 3328 2041 1287 1203 1098 869 2010 1978 1957 967 884 462 402 422 319 103 990 379 54 931 269 662 248
is_linear=0
shrinkage=0.05


Tree=185
num_leaves=31
num_cat=0
split_feature=15 0 15 6 8 13 9 0 3 19 15 8 15 3 9 6 3 6 9 0 5 0 16 1 19 18 15 19 16 7
split_gain=15.5349 19.4705 26.4402 24.0344 23.9201 40.6329 35.6228 24.7334 21.7632 19.3441 19.0342 38.1915 29.5986 17.2489 40.8898 51.8378 29.3351 26.3783 30.9695 25.3236 49.479 57.0774 62.1592 48.1321 45.6508 40.7429 39.7649 59.8439 53.3806 30.825
threshold=35.247500000000009 12.500000000000002 47.215000000000011 21.759094000000001 2.3192748500000002 6.8850000000000007 -113436.60000000008 21.500000000000004 15.557846000000003 1.5749999999999995 34.932500000000012 3.7669680000000003 34.750000000000007 10.166488500000002 -173710.04999999973 10.773727500000001 8.969848500000003 11.409454500000001 -141.74922499999965 12.500000000000002 11.995000000000003 18.500000000000004 23.027500000000003 3.5000000000000004 -11.947500000000002 5.6250000000000009 18.187500000000004 1.1900000000000006 28.095000000000002 2083331.3500000003
decision_type=2 2 2 2 2 2 2 2 2 2 2 2 2 2 2 2 2 2 2 2 2 2 2 2 2 2 2 2 2 2
left_child=10 -2 3 4 5 7 -6 8 -3 -7 12 -12 13 14 -1 19 17 -17 -19 -16 21 22 -21 29 -24 26 -22 -28 -29 -23
right_child=1 2 -4 -5 6 9 -8 -9 -10 -11 11 -13 -14 -15 15 16 -18 18 -20 20 25 23 24 -25 -26 -27 27 28 -30 -31
leaf_value=-0.014914999462324824 0.0054077245540089802 -0.090314968625033229 0.017377893182565458 0.0067990144611232818 0.06021719867629665 0.018044409688669615 -0.010005080275410831 -0.028382903811338192 -0.027517033673145553 -0.016829111158693507 0.0075875976305226538 0.081393794041304368 -0.046248710303403003 -0.00062759457589817429 -0.0038899522337772167 0.034653885709121826 0.035425756944614674 0.057909821401434872 -0.0045304441573463528 0.088035168193958027 0.010016593980217136 0.00022532242500909272 0.088067106813516316 0.021939126295210037 0.01290356248269329 0.050770807010121648 -0.04189662217443222 -0.018524962371725798 0.025084047074859041 -0.05660396948456764
leaf_weight=281 286 37 80 126 21 52 129 142 22 169 106 21 34 9815 1036 82 188 22 204 44 229 524 23 324 166 32 146 197 109 25
leaf_count=281 286 37 80 126 21 52 129 142 22 169 106 21 34 9815 1036 82 188 22 204 44 229 524 23 324 166 32 146 197 109 25
internal_value=7.05058e-05 -0.00574792 -0.00984884 -0.0129694 -0.017324 -0.0234199 -0.000173961 -0.0396886 -0.0668988 -0.00862358 0.000525445 0.0197918 0.000343943 0.00046175 0.00340556 0.00494184 0.0198618 0.0103618 0.00154781 0.00234979 0.00590359 0.0125247 0.0345111 0.00665664 0.0220504 -0.00436704 -0.00695795 -0.0155579 -0.00299103 -0.00236253
internal_weight=14672 1064 778 698 572 422 150 201 59 221 13608 127 13481 13447 3632 3351 496 308 226 2855 1819 1106 233 873 189 713 681 452 306 549
internal_count=14672 1064 778 698 572 422 150 201 59 221 13608 127 13481 13447 3632 3351 496 308 226 2855 1819 1106 233 873 189 713 681 452 306 549
is_linear=0
shrinkage=0.05


Tree=186
num_leaves=31
num_cat=0
split_feature=15 14 9 17 6 13 5 6 15 13 15 18 18 16 3 3 7 7 12 5 19 5 19 19 7 3 18 3 9 1
split_gain=14.0202 17.8351 21.5664 29.8375 20.5296 19.6562 55.1362 17.5644 17.1783 26.8733 26.7127 16.8382 23.6899 63.8342 39.4248 30.5951 30.4517 27.3007 26.0063 23.2615 22.4366 20.7301 18.4404 62.8448 34.7348 24.7223 22.3088 34.7795 31.442 30.5028
threshold=35.247500000000009 47.947500000000005 -409.54259000009307 39.452500000000008 11.497986000000003 5.2100000000000009 7.8550000000000013 15.596039000000003 34.932500000000012 7.455000000000001 34.750000000000007 8.5875000000000004 10.94 38.160000000000004 12.157974500000002 20.992844000000002 2292093.6500000004 398194.50000000006 7.8150000000000004 19.665000000000003 10.945000000000006 8.9450000000000021 8.3475000000000037 6.2775000000000025 1101472.7500000002 15.130157500000001 5.7575000000000012 27.085602000000005 1452874.4150000003 3.5000000000000004
decision_type=2 2 2 2 2 2 2 2 2 2 2 2 2 2 2 2 2 2 2 2 2 2 2 2 2 2 2 2 2 2
left_child=8 2 3 5 -5 6 -2 -7 10 -10 11 20 15 14 -14 21 -17 -15 -19 -16 22 -13 23 26 -24 -25 -1 28 29 -28
right_child=1 -3 -4 4 -6 7 -8 -9 9 -11 -12 12 13 17 19 16 -18 18 -20 -21 -22 -23 24 25 -26 -27 27 -29 -30 -31
leaf_value=0.00089125484407099091 0.00015543001966598707 0.0048460860892919908 -0.0048385753593554797 -0.094861739873886117 -0.024868126828223466 0.02507341483696586 -0.10033437753362316 -0.022173595443569324 0.0085648789952447596 0.070476194808170911 -0.043936274967649402 -0.012013754959128077 -0.052476459932188663 0.012994489146639471 -0.0048542464720282025 0.010590738437498328 -0.044477599175767074 0.023982167616486551 0.096159705290427583 0.045195514142202839 -0.025385544328310063 -0.044503490119957578 0.0038113802670994845 -0.0093639936999749124 0.041208140066692628 -0.039787583717930113 0.010662745028837689 -0.048130170193811259 -0.037411298949656814 0.042259245027747493
leaf_weight=10899 39 301 582 22 20 42 21 37 106 21 34 93 43 69 710 132 31 24 26 24 80 104 266 149 81 121 450 24 29 92
leaf_count=10899 39 301 582 22 20 42 21 37 106 21 34 93 43 69 710 132 31 24 26 24 80 104 266 149 81 121 450 24 29 92
internal_value=6.69806e-05 -0.00546053 -0.00952644 -0.0246001 -0.0615314 -0.013441 -0.035016 0.00294507 0.000499172 0.0188022 0.000326746 0.000438662 -0.0050736 -0.000720945 -0.00594377 -0.0159069 0.000117619 0.033381 0.0615145 -0.00321774 0.00100657 -0.0291657 0.00118091 0.000845825 0.0125409 -0.0229983 0.00140594 0.0108337 0.013312 0.016026
internal_weight=14672 1064 763 181 42 139 60 79 13608 127 13481 13447 1256 896 777 360 163 119 50 734 12191 197 12111 11764 347 270 11494 595 571 542
internal_count=14672 1064 763 181 42 139 60 79 13608 127 13481 13447 1256 896 777 360 163 119 50 734 12191 197 12111 11764 347 270 11494 595 571 542
is_linear=0
shrinkage=0.05


Tree=187
num_leaves=31
num_cat=0
split_feature=6 12 5 9 0 0 6 0 15 0 1 19 0 9 7 17 17 13 6 1 7 18 12 17 14 7 6 6 6 17
split_gain=13.0317 20.1273 13.5287 29.196 34.0235 32.3616 41.4192 29.9919 28.6912 29.4578 39.4293 28.4824 14.5472 13.8479 29.2964 24.1921 50.1155 45.7486 31.2708 28.8617 21.6151 20.3035 28.8558 27.682 40.6219 27.0299 18.5891 16.6897 17.8648 40.328
threshold=2.7368622000000005 16.525000000000002 0.99500000000000011 -181137.9899999999 19.500000000000004 20.500000000000004 13.862503000000002 28.500000000000004 29.065000000000005 25.500000000000004 2.5000000000000004 -2.6024999999999969 23.500000000000004 440344.74999999994 167420.21500000003 22.472500000000004 25.890000000000004 7.5750000000000011 17.059402500000004 1.5000000000000002 1605802.2000000002 -0.80500000000000493 2.5700000000000007 31.802500000000002 56.577500000000008 1594186.4500000004 9.8841555000000003 10.717056500000002 17.635391000000002 22.942500000000003
decision_type=2 2 2 2 2 2 2 2 2 2 2 2 2 2 2 2 2 2 2 2 2 2 2 2 2 2 2 2 2 2
left_child=1 -1 3 5 -5 6 -2 11 12 -10 -11 -6 -7 -4 -15 18 27 21 20 -20 -16 25 26 -24 -25 -18 -23 -17 -29 -30
right_child=2 -3 13 4 7 8 -8 -9 9 10 -12 -13 -14 14 15 16 17 -19 19 -21 -22 22 23 24 -26 -27 -28 28 29 -31
leaf_value=0.0055324804010465599 0.091280421931296596 0.048471915020189923 -0.00042982496840606994 -0.087289629202513472 0.036153911914804888 0.00067533738261391953 0.0023852655222933545 -0.069476878101175477 -0.011953577161343262 0.094466348150745047 -0.0025350409136577091 -0.025279054540657889 -0.034433945196066448 -0.051915321558375249 -0.011046463727657482 0.0011536077186465265 -0.04405746538192034 0.039617337726733905 -0.040425672885855121 0.018147941336364434 -0.060596318721771236 0.021053006322610947 -0.0093970388810657255 0.044396998300805859 -0.034628514945507054 0.0085951421218804832 -0.032092741835176158 0.046694692968546107 -0.037128076728433372 0.033598357320834812
leaf_weight=463 20 29 12585 21 29 43 38 22 55 20 22 54 94 22 184 50 65 66 24 170 25 21 79 87 20 39 76 120 25 104
leaf_count=463 20 29 12585 21 29 43 38 22 55 20 22 54 94 22 184 50 65 66 24 170 25 21 79 87 20 39 76 120 25 104
internal_value=6.36315e-05 0.00806346 -0.000213937 -0.00907553 -0.0291919 -0.000395183 0.0330388 -0.0175724 -0.00868223 0.0121248 0.0436561 -0.00381452 -0.0234142 5.52209e-05 0.00524154 0.00633025 0.0116276 0.00114103 -0.00355465 0.0109017 -0.0169735 -0.00542082 0.00152179 0.0130516 0.0296259 -0.0243127 -0.020587 0.0275153 0.0328088 0.0198917
internal_weight=14672 492 14180 418 126 292 58 105 234 97 42 83 137 13762 1177 1155 752 453 403 194 209 387 283 186 107 104 97 299 249 129
internal_count=14672 492 14180 418 126 292 58 105 234 97 42 83 137 13762 1177 1155 752 453 403 194 209 387 283 186 107 104 97 299 249 129
is_linear=0
shrinkage=0.05


Tree=188
num_leaves=31
num_cat=0
split_feature=15 0 0 1 15 3 19 18 5 13 3 9 9 15 8 15 6 18 18 16 0 3 3 15 4 0 0 12 19 5
split_gain=12.657 17.0643 23.6665 28.5221 21.69 18.983 21.1243 28.6196 31.9087 19.5259 18.7311 17.0572 16.6651 15.6973 32.4591 24.0788 16.7327 15.1296 21.3593 55.7798 36.3404 40.4139 27.3936 22.9161 20.8899 20.5425 29.6904 37.4176 20.2057 18.4397
threshold=35.247500000000009 12.500000000000002 17.500000000000004 5.5000000000000009 47.215000000000011 7.196350100000001 1.5749999999999995 4.4000000000000012 17.505000000000006 6.5150000000000006 10.437713500000003 -1.0000000180025095e-35 -646912.65000000002 34.932500000000012 3.7669680000000003 34.750000000000007 21.166290500000006 8.5875000000000004 10.94 38.160000000000004 34.500000000000007 12.157974500000002 20.992844000000002 17.765000000000004 2476747.9000000004 16.500000000000004 29.500000000000004 13.995000000000003 10.945000000000006 8.9450000000000021
decision_type=2 2 2 2 2 2 2 2 2 2 2 2 2 2 2 2 2 2 2 2 2 2 2 2 2 2 2 2 2 2
left_child=13 -2 3 -3 5 -4 9 8 12 -7 -11 -5 -8 15 16 17 -15 28 22 20 21 -20 29 -22 -24 -21 -27 -28 -1 -19
right_child=1 2 4 11 -6 6 7 -9 -10 10 -12 -13 -14 14 -16 -17 -18 18 19 25 23 -23 24 -25 -26 26 27 -29 -30 -31
leaf_value=0.0011162910374139089 0.0052521319664653289 -0.010125112349928266 -0.043609565164014291 -0.088539541482925421 0.021590502774203893 -0.010535866195439465 -0.0027286571514030748 0.0018132673975690885 0.034814520694670226 -0.0063269339909311391 0.048162996283043991 -0.026589072830975058 -0.037521912705129654 -0.003741159852796111 0.07475828954151699 -0.041717969442662955 0.044453913167766902 -0.011468490950577963 -0.064075095142636984 0.0020035262079909446 0.053727247598099298 -0.0086268876475731233 0.0078615102951370697 0.0057387257441046781 -0.041024510641224116 0.083128891745582231 -0.019406009608736407 0.070328739533821738 -0.024094775648263751 -0.042110826927987198
leaf_weight=12111 286 71 36 25 67 54 44 212 21 24 46 20 158 83 21 34 23 93 35 40 29 538 137 175 26 32 26 21 80 104
leaf_count=12111 286 71 36 25 67 54 44 212 21 24 46 20 158 83 21 34 23 93 35 40 29 538 137 175 26 32 26 21 80 104
internal_value=6.04499e-05 -0.00519146 -0.00903062 -0.0298634 -0.00538017 -0.0084172 -0.00615079 -0.0113402 -0.0238449 0.0120542 0.0294807 -0.061006 -0.0299432 0.000471093 0.0179673 0.000306267 0.00671626 0.000412523 -0.0048126 -0.000679591 -0.00556181 -0.0120138 -0.0150992 0.0125606 6.37401e-05 0.0311984 0.0459807 0.0206882 0.000950851 -0.0276452
internal_weight=14672 1064 778 116 662 595 559 435 223 124 70 45 202 13608 127 13481 106 13447 1256 896 777 573 360 204 163 119 79 47 12191 197
internal_count=14672 1064 778 116 662 595 559 435 223 124 70 45 202 13608 127 13481 106 13447 1256 896 777 573 360 204 163 119 79 47 12191 197
is_linear=0
shrinkage=0.05


Tree=189
num_leaves=31
num_cat=0
split_feature=8 3 16 17 6 7 6 8 19 17 6 8 13 16 7 0 9 7 6 13 16 18 3 19 18 1 1 18 19 17
split_gain=12.5208 25.8348 70.4879 91.7937 61.3129 61.1884 57.698 47.7258 37.4425 33.8376 31.8707 51.4829 30.1769 29.3976 28.6826 62.6278 38.0576 52.918 34.5574 59.8512 74.4103 46.0913 58.1432 46.0549 44.5817 37.3544 68.6395 61.239 34.8689 63.77
threshold=0.37844899999999987 12.157974500000002 46.312500000000007 21.360000000000003 15.095520000000002 711816.06000000017 16.043320000000005 -3.6543578500000002 1.4200000000000002 34.750000000000007 9.0233005000000031 -3.0030209999999999 6.2250000000000005 35.392500000000005 675137.18000000017 36.500000000000007 145663.2000000001 174459.49000000002 28.613800000000005 2.3250000000000006 27.700000000000006 1.5299999999999996 18.091354500000005 3.0400000000000014 -1.5950000000000004 2.5000000000000004 3.5000000000000004 0.44000000000000133 0.94749999999999812 22.500000000000004
decision_type=2 2 2 2 2 2 2 2 2 2 2 2 2 2 2 2 2 2 2 2 2 2 2 2 2 2 2 2 2 2
left_child=1 2 5 -4 -5 9 -6 -3 12 -1 13 -12 -7 -10 16 18 -9 -18 19 20 23 -21 -23 25 -20 -16 27 -27 29 -22
right_child=-2 7 3 4 6 8 -8 14 10 -11 11 -13 -14 -15 15 -17 17 -19 24 21 28 22 -24 -25 -26 26 -28 -29 -30 -31
leaf_value=0.0082422420880912447 -0.0015964867043543063 -0.023153050264799115 0.11713164409995079 0.011037790877291257 0.13369502709912404 -0.024505358855253692 0.019063715053641281 -0.0014061704355260794 0.010233450517421817 -0.011764434814558779 0.030948408332693841 -0.039108242167037781 0.018772326562967567 0.080858724224178696 0.015951188180606656 0.080425212435700277 -0.073806972054409836 -0.010866450050708616 0.018300099710375071 0.0037525757085212549 -0.030114169217132288 -0.072764353925045933 -0.0072741883608730545 0.09273434944334441 -0.016156679012538467 0.045036043837666517 -0.0014370053749659965 0.16241909406147897 0.018934157089374605 0.0098764236192773677
leaf_weight=1887 6429 229 25 339 21 384 23 2669 41 238 46 61 45 23 169 27 42 163 125 277 145 53 94 32 377 25 29 20 315 319
leaf_count=1887 6429 229 25 339 21 384 23 2669 41 238 46 61 45 23 169 27 42 163 125 277 145 53 94 32 377 25 29 20 315 319
internal_value=5.74274e-05 0.00134737 0.00492224 0.0243043 0.0182451 0.00202026 0.0737741 -0.000844421 -0.0120799 0.00600149 0.00770378 -0.00899043 -0.0199657 0.0356144 0.000202224 0.00478886 -0.00300076 -0.0237616 0.00375746 0.00760712 0.0139888 -0.00825665 -0.0308863 0.0363486 -0.0075768 0.0289233 0.0585488 0.0972063 0.00609536 -0.00262064
internal_weight=14672 8243 3133 408 383 2725 44 5110 600 2125 171 107 429 64 4881 2007 2874 205 1980 1478 1054 424 147 275 502 243 74 45 779 464
internal_count=14672 8243 3133 408 383 2725 44 5110 600 2125 171 107 429 64 4881 2007 2874 205 1980 1478 1054 424 147 275 502 243 74 45 779 464
is_linear=0
shrinkage=0.05


Tree=190
num_leaves=31
num_cat=0
split_feature=0 0 12 1 16 5 3 14 14 14 0 8 12 4 0 0 13 0 12 6 7 13 3 5 1 13 16 1 19 16
split_gain=12.2507 14.9127 28.244 16.9762 19.7456 20.3927 13.6359 13.7003 13.5125 13.3034 11.6187 25.2201 28.8571 25.1535 61.181 37.5199 63.1209 41.5019 40.9284 35.794 45.4319 35.6411 32.9003 60.4856 32.3484 44.723 33.8362 50.7966 31.1063 30.6507
threshold=1.0000000180025095e-35 4.5000000000000009 13.170000000000002 1.5000000000000002 42.962500000000006 12.645000000000001 12.157974500000002 51.145000000000003 21.835000000000004 51.830000000000005 40.500000000000007 2.0383300650000007 17.815000000000001 292383.2900000001 17.500000000000004 18.500000000000004 1.0000000180025095e-35 35.500000000000007 20.615000000000006 23.330093500000004 254679.93500000003 14.870000000000003 16.262436500000003 7.5650000000000004 5.5000000000000009 5.7150000000000007 48.562500000000007 3.5000000000000004 1.1900000000000006 31.490000000000006
decision_type=2 2 2 2 2 2 2 2 2 2 2 2 2 2 2 2 2 2 2 2 2 2 2 2 2 2 2 2 2 2
left_child=6 2 3 8 5 9 -1 -8 -2 -5 13 12 -12 19 24 16 22 21 -19 20 -3 -17 23 -16 26 -26 -15 -28 -25 -22
right_child=1 10 -4 4 -6 -7 7 -9 -10 -11 11 -13 -14 14 15 17 -18 18 -20 -21 29 -23 -24 28 25 -27 27 -29 -30 -31
leaf_value=-0.0029988221341744068 0.0167857197289722 0.0044022019073999413 -0.046783099549356853 0.0010937985922720916 -0.013580038126246162 0.053706702888011937 0.013023475546138419 0.052774612843990321 -0.016906465228800484 0.042540306138107553 0.00049574924416515324 -0.015372824728126001 -0.034774073348380626 -0.0054664085852562869 0.11385419946806184 -0.00124511060289311 -0.016359470716567452 0.010707947330008287 0.067096679597287573 -0.0050336755966713725 0.058671071495186411 -0.052612292865181681 0.011489801819846837 0.0065655798895302448 -0.10838592613027209 -0.024455692301002835 -0.073823338412508682 0.0011117525487428621 0.071195899605237201 0.016730397040889199
leaf_weight=125 33 3672 40 606 212 20 163 25 303 20 1735 349 60 401 29 4973 93 247 37 956 58 34 93 52 21 65 49 42 29 175
leaf_count=125 33 3672 40 606 212 20 163 25 303 20 1735 349 60 401 29 4973 93 247 37 956 58 34 93 52 21 65 49 42 29 175
internal_value=1.36824e-05 -0.000198971 -0.00545481 -0.00407028 -0.000339378 0.00400585 0.00979981 0.0183095 -0.0135974 0.00241797 0.00029349 -0.00307436 -0.000683186 0.000948367 -0.00117222 0.000429868 0.0177533 -0.000539277 0.0180544 0.00363782 0.00576072 -0.00159392 0.0333814 0.0518897 -0.0166581 -0.0449503 -0.0117128 -0.0392379 0.0297048 0.0271706
internal_weight=14717 14404 1234 1194 858 646 313 188 336 626 13170 2144 1795 11026 6165 5587 296 5291 284 4861 3905 5007 203 110 578 86 492 91 81 233
internal_count=14717 14404 1234 1194 858 646 313 188 336 626 13170 2144 1795 11026 6165 5587 296 5291 284 4861 3905 5007 203 110 578 86 492 91 81 233
is_linear=0
shrinkage=0.05


Tree=191
num_leaves=31
num_cat=0
split_feature=0 0 12 1 16 5 3 14 14 14 16 3 9 6 16 16 16 5 18 6 15 17 16 0 14 0 5 14 3 6
split_gain=11.0563 13.4587 25.4902 15.321 17.8204 18.4045 12.3064 12.3645 12.195 12.0064 11.8164 48.5149 47.8913 53.363 47.5817 41.5289 52.8654 55.948 37.6785 36.3616 87.3066 63.5873 34.7117 57.9223 31.6813 49.4609 44.0994 30.0219 50.2251 34.2329
threshold=1.0000000180025095e-35 4.5000000000000009 13.170000000000002 1.5000000000000002 42.962500000000006 12.645000000000001 12.157974500000002 51.145000000000003 21.835000000000004 51.830000000000005 39.682500000000012 13.642242500000002 -140516.49999999997 15.863769500000002 41.33250000000001 39.295000000000009 39.110000000000007 12.965000000000002 -14.909999999999998 11.170791500000002 21.432500000000005 21.432500000000005 38.985000000000007 19.500000000000004 41.802500000000002 25.500000000000004 8.3150000000000031 58.470000000000006 11.338623000000002 12.051055750000002
decision_type=2 2 2 2 2 2 2 2 2 2 2 2 2 2 2 2 2 2 2 2 2 2 2 2 2 2 2 2 2 2
left_child=6 2 3 8 5 9 -1 -8 -2 -5 15 19 13 24 -14 16 18 -18 -3 21 -21 -12 -20 -24 -13 -26 -27 29 -29 -22
right_child=1 10 -4 4 -6 -7 7 -9 -10 -11 11 12 14 -15 -16 -17 17 -19 22 20 27 -23 23 -25 25 26 -28 28 -30 -31
leaf_value=-0.0028488809909671545 0.015946434230444898 -0.050097274165110374 -0.044443943434162067 0.0010391086863051093 -0.012901036163878776 0.051021368205547341 0.012372301696611146 0.050135881900787355 -0.016061141880739347 0.040413290690630682 -0.044155622033342244 0.056697980056415846 0.019966828578206548 0.0015717978286341316 -0.0078188533745996245 -0.02077637508429258 0.014751688607645278 0.11398870399221779 4.7889356446355113e-05 0.072590077923585294 0.027885182079626248 0.0091631786446158547 0.027163091516527144 -0.071546884151619111 -0.018777779984634882 0.10811773143708706 0.0043760162733850029 0.08855138699704361 -0.010230279461988671 -0.0060569714819296051
leaf_weight=125 33 38 40 606 212 20 163 25 303 20 62 83 170 432 1645 249 49 20 9254 73 120 570 23 42 51 20 21 31 22 195
leaf_count=125 33 38 40 606 212 20 163 25 303 20 62 83 170 432 1645 249 49 20 9254 73 120 570 23 42 51 20 21 31 22 195
internal_value=1.29983e-05 -0.000189022 -0.00518207 -0.00386677 -0.000322409 0.00380556 0.00930982 0.0173941 -0.0129175 0.00229707 0.000278816 0.00277066 -0.00115034 0.0110075 -0.00521634 -0.000621339 -8.89178e-05 0.043516 -0.000410468 0.0116212 0.0226399 0.00393254 -0.00020786 -0.0366187 0.0343001 0.0140933 0.0549817 0.0127314 0.0475477 0.00687337
internal_weight=14717 14404 1234 1194 858 646 313 188 336 626 13170 3495 2422 607 1815 9675 9426 69 9357 1073 441 632 9319 65 175 92 41 368 53 315
internal_count=14717 14404 1234 1194 858 646 313 188 336 626 13170 3495 2422 607 1815 9675 9426 69 9357 1073 441 632 9319 65 175 92 41 368 53 315
is_linear=0
shrinkage=0.05


Tree=192
num_leaves=31
num_cat=0
split_feature=5 16 17 12 9 4 18 8 15 7 19 6 14 18 18 9 0 0 14 17 6 19 4 6 0 6 7 7 9 18
split_gain=10.7927 29.851 23.8404 29.11 22.3026 18.6825 20.3282 24.3448 21.8752 21.5683 18.1305 16.8115 30.5192 35.6586 62.4876 52.8062 24.7869 32.6379 35.7227 27.2521 28.9821 25.2743 40.7912 40.5123 25.6142 24.5811 24.2454 23.7358 23.482 22.8593
threshold=8.5050000000000008 24.785000000000004 39.192500000000003 15.335000000000003 -1614618.5499999998 2373372.2500000005 2.0725000000000002 3.4271845000000014 26.255000000000003 1975774.05 10.132500000000004 25.831634500000003 37.330000000000005 3.7874999999999983 2.9849999999999999 -447240.79999999987 25.500000000000004 23.500000000000004 38.422500000000007 25.135000000000002 14.495407000000002 -1.8849999999999996 1627999.55 18.258392500000003 27.500000000000004 7.5240172500000009 745490.4800000001 2292093.6500000004 -1.0000000180025095e-35 1.5174999999999985
decision_type=2 2 2 2 2 2 2 2 2 2 2 2 2 2 2 2 2 2 2 2 2 2 2 2 2 2 2 2 2 2
left_child=1 5 4 -4 -2 6 9 8 -8 -1 11 12 13 14 29 -16 17 18 -14 20 -19 22 23 28 -24 26 -20 -15 -18 -3
right_child=2 10 3 -5 -6 -7 7 -9 -10 -11 -12 -13 16 27 15 -17 21 19 25 -21 -22 -23 24 -25 -26 -27 -28 -29 -30 -31
leaf_value=-0.0039010280938058788 0.052845404474508195 -0.0038255122273330926 -0.017982694768173577 0.044633735418319706 0.001261665869122611 -0.031505061937030406 -0.01796265152665685 0.020025766625379526 -0.061871059182466881 0.039948556692369526 0.023723234817712241 0.0071580007952193412 0.047327765804238441 -0.019760772594303005 0.10645395613042639 0.01605265794399505 0.083499983977526435 -0.096592154692519805 0.0066029345390335144 -0.0073813517350407145 -0.020487758157582123 0.018637765864351473 0.01120073153552684 -0.025334218158386646 -0.053741928999673352 -0.0023495103324077922 0.074205202848783555 -0.072441247586781776 0.019575606834362536 -0.020472877217834466
leaf_weight=294 21 1200 258 20 9599 100 202 36 33 31 77 574 41 196 20 84 20 22 36 88 29 380 22 40 49 900 21 24 51 249
leaf_count=294 21 1200 258 20 9599 100 202 36 33 31 77 574 41 196 20 84 20 22 36 88 29 380 22 40 49 900 21 24 51 249
internal_value=1.23484e-05 -0.00192818 0.000957125 -0.0134779 0.00137427 -0.0115061 -0.00815062 -0.018263 -0.0241285 0.000281548 -0.000311331 -0.000768736 -0.0020792 -0.00666811 -0.00399927 0.0334375 0.00270957 -0.00153636 0.00162514 -0.0242355 -0.0533171 0.0112996 -0.00402171 0.0149098 -0.0336189 -0.000332857 0.031509 -0.0255077 0.0375825 -0.00668624
internal_weight=14717 4819 9898 278 9620 696 596 271 235 325 4123 4046 3472 1773 1553 104 1699 1137 998 139 51 562 182 111 71 957 57 220 71 1449
internal_count=14717 4819 9898 278 9620 696 596 271 235 325 4123 4046 3472 1773 1553 104 1699 1137 998 139 51 562 182 111 71 957 57 220 71 1449
is_linear=0
shrinkage=0.05


Tree=193
num_leaves=31
num_cat=0
split_feature=0 5 0 0 13 15 9 4 1 4 3 8 18 0 13 9 1 16 1 4 7 5 16 14 14 19 3 5 14 5
split_gain=10.5796 14.8196 10.6776 41.4701 64.6654 29.3177 24.7487 32.021 41.8527 39.7935 40.0246 36.0641 35.1618 34.2732 72.78 43.1127 41.7458 29.2426 49.6222 52.7099 27.7234 36.8025 27.9988 25.5207 29.3989 30.1424 24.2746 37.4148 25.081 23.7114
threshold=46.500000000000007 7.2750000000000012 25.500000000000004 23.500000000000004 1.0050000000000001 29.065000000000005 -472071.14999999997 161104.59500000003 5.5000000000000009 921872.60000000021 16.372756500000005 1.7475434999999993 1.6099999999999979 13.500000000000002 6.6850000000000014 355.55555750000002 1.5000000000000002 54.960000000000008 3.5000000000000004 2121661.9000000004 229095.58500000005 9.5750000000000011 49.472500000000004 24.045000000000005 23.730000000000004 -1.4249999999999996 26.301391500000005 10.375000000000002 58.607500000000009 17.005000000000006
decision_type=2 2 2 2 2 2 2 2 2 2 2 2 2 2 2 2 2 2 2 2 2 2 2 2 2 2 2 2 2 2
left_child=2 -2 3 6 5 -5 26 13 17 10 11 12 -10 16 15 -15 -8 20 19 -19 21 -9 29 24 25 -18 27 28 -1 -22
right_child=1 -3 -4 4 -6 -7 7 8 9 -11 -12 -13 -14 14 -16 -17 23 18 -20 -21 22 -23 -24 -25 -26 -27 -28 -29 -30 -31
leaf_value=0.014841895150384516 -0.04206541408934901 -0.0055214440611466263 0.0017155500121261123 -0.028767798695044672 0.016168105507136456 0.0030183020430720516 -0.0075812585403721103 0.0082907942806681005 -0.045972843188792467 -0.0090473053874579965 -0.01045968140192006 -0.016737048993153231 -0.134155411258913 0.039470371505495684 -0.014302602317031033 -1.8458764981290307e-05 -0.032517566764727238 -0.10280641509640603 0.021186747135860579 -0.00021119906256596247 0.00012913917616993369 -0.042152197740202554 0.03501980743603781 0.0053869558677752255 -0.066288811564445493 0.0010345388875305994 -0.031908338812404666 0.073428703038595042 -0.039214947750872892 -0.035192496542419703
leaf_weight=320 31 264 6452 374 140 90 1227 60 20 194 46 21 26 229 152 99 80 31 28 21 1566 91 56 2542 20 410 29 26 23 49
leaf_count=320 31 264 6452 374 140 90 1227 60 20 194 46 21 26 229 152 99 80 31 28 21 1566 91 56 2542 20 410 29 26 23 49
internal_value=1.17309e-05 -0.00936166 0.000203462 -0.00102063 -0.0136159 -0.0226024 1.21612e-05 -0.000680495 -0.0056555 -0.022786 -0.0463728 -0.0710295 -0.0958152 0.00162877 0.0142977 0.0275515 0.000207623 -0.00289048 -0.0324776 -0.0613737 -0.00159138 -0.0221086 0.000262662 0.003339 -0.00686867 -0.00444336 0.0121389 0.0156006 0.0112171 -0.000942539
internal_weight=14717 295 14422 7970 604 464 7366 6968 2209 307 113 67 46 4759 480 328 4279 1902 80 52 1822 151 1671 3052 510 490 398 369 343 1615
internal_count=14717 295 14422 7970 604 464 7366 6968 2209 307 113 67 46 4759 480 328 4279 1902 80 52 1822 151 1671 3052 510 490 398 369 343 1615
is_linear=0
shrinkage=0.05


Tree=194
num_leaves=31
num_cat=0
split_feature=0 19 0 16 5 1 3 5 3 18 3 1 3 15 16 1 14 0 8 3 3 18 12 16 15 18 18 17 8 4
split_gain=9.99594 12.9562 11.8969 23.3148 29.2415 20.525 18.3195 17.9625 11.7618 11.7106 11.0239 17.3621 10.9577 16.8434 13.405 11.7507 11.6536 10.5212 22.7301 27.2457 37.8565 24.5214 28.4024 21.86 21.8053 28.2263 56.3627 27.464 21.4089 20.7701
threshold=1.0000000180025095e-35 -5.8024999999999975 4.5000000000000009 42.775000000000006 13.235000000000001 1.5000000000000002 13.282593 12.645000000000001 3.9436645500000007 7.5050000000000034 20.831863000000002 2.5000000000000004 24.809814500000005 23.490000000000006 26.782500000000002 3.5000000000000004 30.767500000000002 40.500000000000007 2.0383300650000007 13.834640500000001 25.887588500000003 4.5674999999999999 14.005000000000001 53.307500000000012 26.255000000000003 -0.41249999999999426 0.75750000000000217 18.925000000000004 0.10977145000000067 292383.2900000001
decision_type=2 2 2 2 2 2 2 2 2 2 2 2 2 2 2 2 2 2 2 2 2 2 2 2 2 2 2 2 2 2
left_child=1 -1 3 5 6 8 -5 12 -2 10 -3 -12 13 16 -14 -15 -7 29 19 23 21 22 24 -19 27 -26 -27 -21 -22 -4
right_child=2 9 17 4 -6 7 -8 -9 -10 -11 11 -13 14 15 -16 -17 -18 18 -20 20 28 -23 -24 -25 25 26 -28 -29 -30 -31
leaf_value=-0.016301862611858686 0.025051654940471055 0.0020511660095664211 0.0033259929759590877 0.0063279668069170687 -0.070354005818565699 -0.0025990222648639857 -0.022101088692297172 0.044526163101769413 -0.014637602921409002 0.044197828088093694 0.051775869184776273 0.0044347037064532439 0.00069469847873627371 0.033319682393891686 0.032073287973485763 0.0032801886728174657 -0.025144299290988638 0.0049763993966580608 -0.014621481202532108 -0.022622302955512062 -0.0069726802180584127 0.0051551872664085275 -0.048043115232000826 0.050804226638542282 -0.041517310569820519 0.061395079611490169 -0.026360639159918417 0.010311139336191981 0.018007353179093435 -0.0010448880105278402
leaf_weight=44 20 163 4861 85 24 168 170 26 280 27 34 45 77 39 61 197 87 718 349 109 148 152 67 27 118 24 77 151 204 6165
leaf_count=44 20 163 4861 85 24 168 170 26 280 27 34 45 77 39 61 197 87 718 349 109 148 152 67 27 118 24 77 151 204 6165
internal_value=1.11444e-05 0.00885093 -0.000180945 -0.00487535 -0.0175907 -0.00116061 -0.0126247 0.00380018 -0.0119917 0.0129651 0.0094805 0.0248094 0.00211675 -0.00138192 0.0145649 0.00824434 -0.0102909 0.000258911 -0.00294593 -0.000675859 -0.0058647 -0.0126067 -0.0175514 0.00663727 -0.0132864 -0.0249102 -0.0055078 -0.00349557 0.00750438 0.000882089
internal_weight=14717 313 14404 1234 279 955 255 655 300 269 242 79 629 491 138 236 255 13170 2144 1795 1050 698 546 745 479 219 101 260 352 11026
internal_count=14717 313 14404 1234 279 955 255 655 300 269 242 79 629 491 138 236 255 13170 2144 1795 1050 698 546 745 479 219 101 260 352 11026
is_linear=0
shrinkage=0.05


Tree=195
num_leaves=31
num_cat=0
split_feature=12 0 18 18 18 18 16 16 5 15 7 9 15 15 9 15 14 15 14 15 7 18 6 12 12 4 0 14 0 19
split_gain=13.5687 29.2952 33.3755 27.2384 28.2246 26.1084 26.1252 29.0509 46.5613 42.8471 41.472 34.6481 28.9248 90.6857 50.4243 37.6007 41.2293 34.7927 44.4915 42.7589 40.5879 38.3575 33.0078 61.4514 30.7888 28.509 28.4104 26.9731 25.5494 36.5115
threshold=11.935 4.5000000000000009 -13.907499999999997 -12.15 11.312500000000005 -9.4174999999999986 51.830000000000005 48.562500000000007 14.005000000000001 23.207500000000003 1536489.0000000002 1342395.0000000002 20.892500000000005 20.402500000000003 361878.50000000012 18.577500000000004 44.57500000000001 16.132500000000004 30.687500000000004 14.407500000000001 1846259.2000000004 -1.2024999999999986 29.524887500000002 18.005000000000006 16.935000000000006 816843.85000000009 38.500000000000007 35.500000000000007 27.500000000000004 4.3150000000000022
decision_type=2 2 2 2 2 2 2 2 2 2 2 2 2 2 2 2 2 2 2 2 2 2 2 2 2 2 2 2 2 2
left_child=-1 -2 -3 -4 5 -5 7 9 -9 12 11 -11 13 15 25 17 28 19 21 20 22 -19 -7 -24 -20 27 -21 -14 -17 -30
right_child=1 2 3 4 -6 6 -8 8 -10 10 -12 -13 14 -15 -16 16 -18 18 24 26 -22 -23 23 -25 -26 -27 -28 -29 29 -31
leaf_value=0.00060960565139119558 -0.031370877667220333 0.062107700295746332 -0.047873892567374489 0.049799830418080095 -0.022912146222407524 0.0055107318375362049 0.017604413952878012 -0.00070402480063161681 -0.064253078021907384 0.011643357484926732 0.073486160214703819 -0.05417457614980993 -0.040976763827765883 0.055005632452110743 0.035662338806268498 -0.00026313188441452528 0.046188227646052842 0.046359779124091172 -0.0037788424333040083 -0.0087710514915038326 -0.040955229194425957 0.0093689646588911001 -0.0018758549392223359 0.11414476377623423 -0.071014045054713884 -0.067872013863833514 -0.036994654251750379 -0.0078677617230588637 -0.034575598577503114 0.029878689170194168
leaf_weight=11409 89 20 33 25 156 291 168 70 49 418 26 21 94 67 39 105 24 98 90 305 41 246 25 21 21 34 126 178 260 24
leaf_count=11409 89 20 33 25 156 291 168 70 49 418 26 21 94 67 39 105 24 98 90 305 41 246 25 21 21 34 126 178 260 24
internal_value=-0.000193845 -0.00309099 -0.00227248 -0.00269396 -0.0022006 -0.00107324 -0.00152091 -0.00272295 -0.0268713 -0.00159779 0.0121288 0.00849489 -0.00465326 -0.00203645 -0.0178814 -0.00431541 -0.0174133 -3.58086e-05 0.0110256 -0.00625698 0.00601747 0.019907 0.0117322 0.0510901 -0.016499 -0.0247056 -0.017022 -0.0193098 -0.0213373 -0.0291288
internal_weight=14573 3164 3075 3055 3022 2866 2841 2673 119 2554 465 439 2089 1744 345 1677 413 1264 455 809 378 344 337 46 111 306 431 272 389 284
internal_count=14573 3164 3075 3055 3022 2866 2841 2673 119 2554 465 439 2089 1744 345 1677 413 1264 455 809 378 344 337 46 111 306 431 272 389 284
is_linear=0
shrinkage=0.05


Tree=196
num_leaves=31
num_cat=0
split_feature=13 19 5 9 14 14 17 17 6 14 17 6 1 14 14 1 8 14 16 7 16 4 6 18 14 14 19 5 8 6
split_gain=13.0843 17.048 11.0358 27.1761 32.5061 36.6015 27.7116 28.3888 37.475 51.7974 28.7934 37.3767 34.8357 32.0329 59.2837 28.6798 34.2693 33.2455 28.4121 31.2922 25.0774 24.3653 23.1607 21.0887 54.8641 40.6069 36.0696 35.2575 34.6914 30.6452
threshold=17.030000000000005 4.4874999999999998 11.675000000000002 515117.71500000014 57.307500000000012 54.345000000000006 34.750000000000007 32.150000000000013 16.156143500000002 33.742500000000007 26.255000000000003 19.550643500000003 3.5000000000000004 34.777500000000011 32.875000000000007 1.5000000000000002 -1.7295076999999999 58.470000000000006 46.700000000000003 1447520.4000000001 30.557500000000001 11949.274500000001 20.252426000000003 0.75750000000000217 45.237500000000004 24.330000000000002 9.8574999999999999 14.155000000000003 -1.4365999999999992 18.805374500000003
decision_type=2 2 2 2 2 2 2 2 2 2 2 2 2 2 2 2 2 2 2 2 2 2 2 2 2 2 2 2 2 2
left_child=2 -2 -1 6 5 -5 7 10 9 -9 15 13 -13 14 -12 16 22 23 19 -18 -16 -19 -4 24 26 -25 -17 -26 29 -27
right_child=1 -3 3 4 -6 -7 -8 8 -10 -11 11 12 -14 -15 20 17 18 21 -20 -21 -22 -23 -24 25 27 28 -28 -29 -30 -31
leaf_value=0.00057471170244503128 -0.0070696751605002928 0.035987178250746057 -0.0011271630143446308 0.010657549168818116 -0.043270924843847758 0.072762481553050193 -0.026148299185672044 0.089326386570930491 -0.03218348001236767 0.012647180176289703 -0.020665970055612728 -0.026036942246086572 -0.10253433273597197 -0.03104869745535041 0.069927704221371442 4.7309553259658699e-05 0.022257886115245588 0.062274662178242582 -0.032890012760742986 -0.04214060034602881 0.011682433277989429 -0.0028893493402462741 -0.06913469421366851 -0.030309359240458134 0.017687882394308137 0.042274857828250301 0.055479685714235533 -0.056303793191909791 -0.0097894166120788568 -0.0049285016714735591
leaf_weight=10293 39 56 31 271 25 26 132 25 38 185 107 46 22 109 33 1347 332 32 29 20 42 26 21 207 21 65 30 69 821 73
leaf_count=10293 39 56 31 271 25 26 132 25 38 185 107 46 22 109 33 1347 332 32 29 20 42 26 21 207 21 65 30 69 821 73
internal_value=-0.000184153 0.0183112 -0.000305513 -0.00247043 0.0114852 0.0160943 -0.0036337 -0.00283715 0.0135077 0.0217757 -0.00400095 -0.0174115 -0.0507861 -0.00961268 0.00322537 -0.00245985 0.0094832 -0.00438157 0.0146798 0.0185989 0.0373104 0.0330632 -0.0285917 -0.0052064 -0.00121704 -0.0102256 0.00125499 -0.0390391 -0.00589054 0.017305
internal_weight=14573 95 14478 4185 322 297 3863 3731 248 210 3483 359 68 291 182 3124 433 2691 381 352 75 58 52 2633 1467 1166 1377 90 959 138
internal_count=14573 95 14478 4185 322 297 3863 3731 248 210 3483 359 68 291 182 3124 433 2691 381 352 75 58 52 2633 1467 1166 1377 90 959 138
is_linear=0
shrinkage=0.05


Tree=197
num_leaves=31
num_cat=0
split_feature=19 12 19 17 14 18 6 8 6 0 8 4 7 7 4 16 15 16 13 0 8 18 6 12 4 6 16 0 0 13
split_gain=12.8307 25.4308 36.1062 42.2347 38.4461 34.8956 38.4858 31.8016 31.7514 39.9977 32.1687 29.7208 29.4402 36.8047 29.3738 26.0296 25.7484 34.7754 35.3531 42.4927 22.5641 22.1282 21.5069 21.3506 20.2404 20.2101 26.5535 43.1578 27.9441 24.8319
threshold=2.8175000000000012 18.760000000000002 4.8775000000000022 24.280000000000005 38.852500000000006 -5.5974999999999993 4.3547060000000011 -0.97035199999999999 22.695358000000002 17.500000000000004 0.5357820000000012 537996.82000000007 1511254.2500000002 1115258.3 875647.75000000012 48.870000000000012 27.825000000000003 39.452500000000008 5.7150000000000007 17.500000000000004 3.0308533500000023 4.6925000000000034 13.2032775 10.125000000000002 425723.96000000002 11.106460500000003 29.825000000000003 26.500000000000004 30.500000000000004 12.100000000000001
decision_type=2 2 2 2 2 2 2 2 2 2 2 2 2 2 2 2 2 2 2 2 2 2 2 2 2 2 2 2 2 2
left_child=-1 2 8 5 7 6 -4 11 10 -10 16 -5 13 -11 23 -9 22 18 -18 -20 -16 -3 -2 -7 -23 26 28 -28 -12 -30
right_child=1 21 3 4 -6 14 -8 15 9 12 25 -13 -14 -15 20 -17 17 -19 19 -21 -22 24 -24 -25 -26 -27 27 -29 29 -31
leaf_value=-0.0010396196728277183 0.017873640607853056 -0.066476437384667617 0.087444219880160837 0.014767648671986537 0.00067808241625232795 -0.0063657853415928283 0.015674079812032629 -0.043562871268378545 -0.0075097153612384299 0.039721481153741481 0.010777097206479454 -0.050853503601286904 0.014366626310838413 0.11326858875426381 0.0069432448018094499 -0.0092972181902108032 0.079465413697891771 0.012064490931332801 0.064728842988948931 -0.012362239746233593 0.041327724528723749 -0.045303340566654998 -0.01053543666277227 0.037342765185468162 0.01305619691235897 -0.010926630255393539 -0.0074032850867119058 0.054921168119448131 -0.032098143515077997 0.029256587000563741
leaf_weight=10878 118 23 21 80 334 764 169 171 66 75 167 22 73 22 269 82 45 270 33 39 58 24 153 29 39 323 51 61 94 20
leaf_count=10878 118 23 21 80 334 764 169 171 66 75 167 22 73 22 269 82 45 270 33 39 58 24 153 29 39 323 51 61 94 20
internal_value=-0.000174945 0.00237064 0.00301096 -0.00147726 -0.0114986 0.00379349 0.0236066 -0.0229549 0.0085836 0.025526 0.00567355 0.000614067 0.0383517 0.0564023 0.00043234 -0.032457 0.0136542 0.021931 0.0446997 0.0229712 0.013042 -0.0245005 0.00183457 -0.00476736 -0.00917601 -0.00166061 0.00595498 0.0265413 -0.00225024 -0.0213342
internal_weight=14573 3695 3609 1999 689 1310 190 355 1610 236 1374 102 170 97 1120 253 658 387 117 72 327 86 271 793 63 716 393 112 281 114
internal_count=14573 3695 3609 1999 689 1310 190 355 1610 236 1374 102 170 97 1120 253 658 387 117 72 327 86 271 793 63 716 393 112 281 114
is_linear=0
shrinkage=0.05


Tree=198
num_leaves=31
num_cat=0
split_feature=13 9 4 0 13 17 16 4 5 18 16 2 17 9 13 19 12 19 3 14 8 9 6 4 9 6 0 8 14 6
split_gain=12.1086 22.8423 25.7086 36.2567 27.8796 25.0363 32.3616 24.7948 27.9704 23.7531 22.3318 21.4348 33.9895 21.1491 20.6315 19.9866 26.7918 30.3737 40.4172 38.4314 34.9639 67.6933 35.3876 28.9745 32.119 28.6049 27.4147 21.5736 20.5526 21.945
threshold=8.3350000000000026 408989.85000000015 24.177777500000001 34.500000000000007 10.355000000000002 20.205000000000002 25.245000000000001 2023319.2500000002 10.435 1.0275000000000019 49.837500000000006 1.0000000180025095e-35 29.397500000000001 -1.0000000180025095e-35 6.0050000000000008 2.8175000000000012 17.965000000000003 4.020000000000004 23.505066000000003 43.652500000000011 -0.90667729999999869 -461863.37500000006 7.1869050000000003 1615449.6000000003 194.13332999999997 6.6715851000000006 27.500000000000004 3.2092593500000013 29.522500000000004 14.850250500000001
decision_type=2 2 2 2 2 2 2 2 2 2 2 2 2 2 2 2 2 2 2 2 2 2 2 2 2 2 2 2 2 2
left_child=11 2 -2 4 5 6 -4 8 -3 -10 -5 15 13 14 -13 -1 17 18 20 -20 21 -17 25 24 -18 -22 -23 28 -19 -30
right_child=1 7 3 10 -6 -7 -8 -9 9 -11 -12 12 -14 -15 -16 16 23 27 19 -21 22 26 -24 -25 -26 -27 -28 -29 29 -31
leaf_value=-0.0015134088407259682 0.0056632047717822855 0.088288707782824841 -0.017731742980249692 0.0014750200878374158 -0.027593062444890532 -0.012466997278090988 0.040525043171719982 -0.014048846072006611 0.046994830624988451 -0.014013347222849174 0.032510971743613483 -0.081334283882204234 0.00064699892148685956 -0.0081385051144752651 -0.025398122132173739 0.10481223569562037 -0.028545791591938225 0.012107869617772313 0.096992255919254755 0.023001995624724294 0.0035647188583689351 0.0024304715422658776 -0.0051735606331129612 -0.071014535494826059 0.032514668661028603 0.073284599372917522 0.042721039018342427 0.014959520918241334 -0.017819671126198956 -0.000302776983754822
leaf_weight=9530 1650 21 40 337 203 266 59 31 39 27 70 34 141 40 32 24 62 195 26 54 31 128 354 22 33 28 63 215 264 554
leaf_count=9530 1650 21 40 337 203 266 59 31 39 27 70 34 141 40 32 24 62 195 26 54 31 128 354 22 33 28 63 215 264 554
internal_value=-0.000166198 0.00282691 0.00185952 -0.00457749 -0.0127393 -0.00447812 0.0169869 0.0243473 0.0380287 0.0220369 0.0068129 -0.000860205 -0.0154349 -0.0368268 -0.0542137 -0.000549409 0.00392547 0.00532963 0.0135776 0.0470488 0.00931378 0.0256652 0.000801537 -0.0193092 -0.00733532 0.0366521 0.01572 0.000574267 -0.00247887 -0.00595615
internal_weight=14573 2743 2625 975 568 365 99 118 87 66 407 11830 247 106 66 11583 2053 1936 708 80 628 215 413 117 95 59 191 1228 1013 818
internal_count=14573 2743 2625 975 568 365 99 118 87 66 407 11830 247 106 66 11583 2053 1936 708 80 628 215 413 117 95 59 191 1228 1013 818
is_linear=0
shrinkage=0.05


Tree=199
num_leaves=31
num_cat=0
split_feature=13 9 4 0 1 13 4 5 4 2 17 9 9 5 13 19 1 19 19 19 14 9 19 12 7 4 19 17 14 0
split_gain=10.928 20.6152 23.202 32.7216 28.7911 22.4518 22.3773 25.2433 21.3189 19.3449 30.6755 19.8778 19.0871 18.8079 18.6199 18.0379 36.1003 70.7852 34.1819 26.8714 59.011 25.5646 32.7883 26.4574 28.6557 48.9699 23.4305 26.9455 33.1805 23.4045
threshold=8.3350000000000026 408989.85000000015 24.177777500000001 34.500000000000007 5.5000000000000009 9.8550000000000022 2023319.2500000002 10.435 648.29630000000009 1.0000000180025095e-35 29.397500000000001 -413645.96999999997 -1.0000000180025095e-35 11.365 6.0050000000000008 2.8175000000000012 3.5000000000000004 1.8949999999999998 2.0025000000000017 2.3525000000000014 41.33250000000001 -929876.90799999994 3.635000000000002 18.760000000000002 766645.57000000007 398349.75000000006 5.4800000000000031 24.632500000000004 33.437500000000007 26.500000000000004
decision_type=2 2 2 2 2 2 2 2 2 2 2 2 2 2 2 2 2 2 2 2 2 2 2 2 2 2 2 2 2 2
left_child=9 2 -2 4 13 -6 7 -3 -5 15 12 -12 14 -4 -11 16 19 -18 -19 -1 -21 22 -17 26 25 -25 29 -28 -29 -23
right_child=1 6 3 8 5 -7 -8 -9 -10 10 11 -13 -14 -15 -16 21 17 18 -20 20 -22 23 -24 24 -26 -27 27 28 -30 -31
leaf_value=-0.00018034978418057584 0.0053800445253770956 0.083874271916491661 0.0062068238737715761 -0.036458125569926642 -0.011318120439005853 -0.043692525293180115 -0.013346403455662152 0.020935093298215759 0.0095225700376996483 -0.077267569588387722 0.046791274882853034 -0.0070178510520829962 -0.0077315797982737428 -0.017303020941008898 -0.024128215853124857 0.068474922438754762 -0.0022231410151896196 -0.048980075737811851 -0.016656428984133526 0.027758622691599712 -0.041833559496121275 0.0021581985128928329 0.0066349044891780831 -0.044505003194014237 -0.066467285262686873 0.055046886791075979 0.0046321553543905644 -0.048965516132152373 -0.0065536720502293771 0.015901343742833904
leaf_weight=6806 1650 21 210 27 114 101 31 66 380 34 20 121 40 143 32 34 1959 101 430 198 36 817 58 30 28 21 324 62 180 499
leaf_count=6806 1650 21 210 27 114 101 31 66 380 34 20 121 40 143 32 34 1959 101 430 198 36 817 58 30 28 21 324 62 180 499
internal_value=-0.000157888 0.00268557 0.00176654 -0.00434862 -0.0121023 -0.0265266 0.02313 0.0361273 0.00647225 -0.000817194 -0.0146631 0.000614649 -0.0349855 -0.00331699 -0.051503 -0.000521938 -0.00143774 -0.0066122 -0.0228046 0.000392434 0.0170521 0.00372919 0.0294888 0.00252069 -0.0258259 -0.00351305 0.00371058 -0.0047963 -0.0174195 0.00736932
internal_weight=14573 2743 2625 975 568 215 118 87 407 11830 247 141 106 353 66 11583 9530 2490 531 7040 234 2053 92 1961 79 51 1882 566 242 1316
internal_count=14573 2743 2625 975 568 215 118 87 407 11830 247 141 106 353 66 11583 9530 2490 531 7040 234 2053 92 1961 79 51 1882 566 242 1316
is_linear=0
shrinkage=0.05


Tree=200
num_leaves=31
num_cat=0
split_feature=12 14 3 8 3 8 18 7 3 3 7 8 18 7 9 0 9 17 12 12 17 0 3 14 4 16 0 0 16 17
split_gain=10.6258 11.6009 74.1668 54.7253 46.82 19.369 17.6246 23.5576 22.7806 25.8289 22.7598 20.327 20.2229 16.4263 30.3005 35.2764 16.0589 13.4152 20.2237 16.5606 14.7784 14.5384 23.5336 15.8676 14.3768 14.0302 13.1872 13.1106 25.0599 18.9799
threshold=29.255000000000003 49.570000000000007 11.116699250000002 -1.4714055000000006 9.907760500000002 4.1817930000000016 4.4550000000000063 830919.35000000021 14.808349500000002 16.457153000000002 565805.28000000014 -1.0000000180025095e-35 -4.0599999999999978 3011088.5000000005 -296238.69999999995 25.500000000000004 -879.88160000000005 25.272500000000004 18.685000000000006 14.870000000000003 30.817500000000006 28.500000000000004 20.072204500000002 58.182500000000012 2845158.9000000004 38.267500000000005 36.500000000000007 41.500000000000007 57.307500000000012 16.432500000000005
decision_type=2 2 2 2 2 2 2 2 2 2 2 2 2 2 2 2 2 2 2 2 2 2 2 2 2 2 2 2 2 2
left_child=1 27 3 4 -3 6 7 10 -9 -10 11 -4 -11 14 15 -8 -16 18 19 -18 21 23 -23 -19 25 26 -22 -1 29 -29
right_child=-2 2 5 -5 -6 -7 13 8 9 12 -12 -13 -14 -15 16 -17 17 20 -20 -21 24 22 -24 -25 -26 -27 -28 28 -30 -31
leaf_value=-2.7765729590663007e-05 -0.026293936944924868 0.039854010849677289 -0.024455089375518171 0.010286529787423972 0.13658380496569655 0.03428332534219538 0.0010780056183836582 -0.071567497423596013 0.018759074736688589 -0.0077708521684473194 0.05035966508800075 0.0071459347610133925 -0.054666250989668902 -0.026488619986691428 -0.013360684185079123 0.07906604517122795 0.016656064495955612 -0.0089446377436009552 -0.027382619729716048 0.063051002341407272 -0.019855174047111627 -0.049683168141002008 0.0061736768534915018 0.028404391451905937 0.045573011994361881 0.017326508037867592 0.019683119080339873 -0.015661385464304768 -0.055497130937874319 -0.0015428106010184383
leaf_weight=11593 39 29 79 57 22 42 29 22 37 47 21 143 45 43 131 29 153 105 23 22 71 44 33 39 25 117 30 289 24 1350
leaf_count=11593 39 29 79 57 22 42 29 22 37 47 21 143 45 43 131 29 153 105 23 22 71 44 33 39 25 117 30 289 24 1350
internal_value=-0.000229779 -0.000160601 0.00410492 0.0439532 0.0815806 0.000869124 -0.00022047 -0.00903081 -0.0245405 -0.0165204 0.000606871 -0.00409947 -0.0307088 0.00366239 0.00518588 0.040072 0.00263431 0.00579948 0.0166955 0.0224886 0.00114991 -0.00820699 -0.0257445 0.00117072 0.00965968 0.00554118 -0.00811113 -0.000623322 -0.00477502 -0.0040323
internal_weight=14733 14694 1438 108 51 1330 1288 394 151 129 243 222 92 894 851 58 793 662 198 175 464 221 77 144 243 218 101 13256 1663 1639
internal_count=14733 14694 1438 108 51 1330 1288 394 151 129 243 222 92 894 851 58 793 662 198 175 464 221 77 144 243 218 101 13256 1663 1639
is_linear=0
shrinkage=0.05


Tree=201
num_leaves=31
num_cat=0
split_feature=9 17 17 18 7 9 9 15 7 5 4 3 3 7 1 7 17 17 16 6 1 0 3 19 19 5 1 6 19 9
split_gain=10.0894 31.9452 26.0108 20.4551 26.4213 19.1162 36.7722 17.7484 15.1923 21.0125 14.5912 14.3138 21.2214 14.1393 13.7738 35.5385 43.1451 34.1261 33.3833 40.5981 29.7341 40.6339 31.4616 23.8319 23.9308 30.5382 38.3687 31.1173 22.7869 22.6195
threshold=728660.43000000017 27.282500000000002 22.660000000000004 -0.80500000000000493 999482.77000000014 1342395.0000000002 1101868.6200000003 19.160000000000004 439035.97500000003 16.075000000000003 2703314.0000000005 16.262436500000003 17.183716000000004 1594186.4500000004 2.5000000000000004 1832560.6000000003 31.150000000000002 14.465000000000002 59.222500000000004 15.010773000000002 1.0000000180025095e-35 25.500000000000004 12.610092500000002 -1.6174999999999986 -1.3249999999999991 17.745000000000001 3.5000000000000004 6.575470000000001 -1.9199999999999997 -52725.36250000001
decision_type=2 2 2 2 2 2 2 2 2 2 2 2 2 2 2 2 2 2 2 2 2 2 2 2 2 2 2 2 2 2
left_child=14 2 5 4 -3 6 7 -2 -4 13 -7 -5 -13 -10 15 17 -17 29 -19 -20 22 -22 -18 28 25 26 -25 -28 -16 -1
right_child=1 3 8 11 -6 10 -8 -9 9 -11 -12 12 -14 -15 23 16 20 18 19 -21 21 -23 -24 24 -26 -27 27 -29 -30 -31
leaf_value=0.034261808851894379 -0.020595567376056518 -0.066066542221233246 -0.011554385390659066 -0.021464627942380809 -0.0079175970783191066 0.052882671301011687 -0.054268256337805236 0.018768612854182722 0.046009879508358616 -0.015527133608148211 0.0059852662036022136 0.051848664909601216 0.00023949187316062235 0.011788621852174401 -0.0054578853234862404 -0.015368029435749275 -0.044667383973137478 0.00096260005362191396 0.0031598544349112825 0.090834689484504252 0.0031085861903248414 0.085000872352559653 0.012157426789795579 0.08521726783365012 -0.0013918823746673853 -0.038136244919151074 0.059544467526887149 -0.0025746610144981082 -0.025762635455419375 0.0093321039881535169
leaf_weight=116 44 30 23 48 56 27 33 82 123 21 43 25 98 40 584 590 32 4661 31 23 33 28 102 24 7093 20 28 72 181 422
leaf_count=116 44 30 23 48 56 27 33 82 123 21 43 25 98 40 584 590 32 4661 31 23 33 28 102 24 7093 20 28 72 181 422
internal_value=-0.00021829 0.00567115 0.0139131 -0.00831127 -0.0282021 0.00230204 -0.00728321 0.00502239 0.0267582 0.0315472 0.0240743 0.00169231 0.0107292 0.037612 -0.000508987 0.00129389 -0.00862908 0.00277677 0.00141545 0.0405028 0.0117606 0.0406985 -0.00141268 -0.00186937 -0.000982211 0.0191969 0.0284442 0.0148187 -0.010262 0.0147073
internal_weight=14733 693 436 257 86 229 159 126 207 184 70 171 123 163 14040 6038 785 5253 4715 54 195 61 134 8002 7237 144 124 100 765 538
internal_count=14733 693 436 257 86 229 159 126 207 184 70 171 123 163 14040 6038 785 5253 4715 54 195 61 134 8002 7237 144 124 100 765 538
is_linear=0
shrinkage=0.05


Tree=202
num_leaves=31
num_cat=0
split_feature=12 12 0 1 18 18 17 14 9 3 0 8 4 6 17 18 6 16 16 5 16 7 4 17 17 0 9 18 9 14
split_gain=9.49578 11.0109 61.0267 41.5928 52.9622 69.1774 51.975 69.3035 11.9047 26.9603 29.8964 26.2108 51.3896 40.996 24.6623 27.9345 23.6528 23.5847 48.2845 23.2652 22.8421 22.037 20.8436 24.2585 61.6529 20.7344 20.5553 19.8304 19.6387 19.0633
threshold=29.255000000000003 20.225000000000005 38.500000000000007 2.5000000000000004 0.047500000000001215 8.1499999999999968 19.897500000000004 40.542500000000004 -398855.35999999981 10.871643000000002 16.500000000000004 0.032211500000000733 398349.75000000006 15.095520000000002 13.255000000000001 1.5299999999999996 11.603500000000002 41.802500000000002 48.497500000000009 8.7750000000000004 26.717500000000005 1961333.1000000003 1528419.5000000002 37.045000000000009 32.065000000000012 26.500000000000004 -1437318.7999999998 -3.7774999999999994 -1141517.6049999997 53.030000000000008
decision_type=2 2 2 2 2 2 2 2 2 2 2 2 2 2 2 2 2 2 2 2 2 2 2 2 2 2 2 2 2 2
left_child=1 8 3 4 -3 -6 -5 -8 9 16 -11 13 -13 21 -15 22 -1 19 -19 20 -14 -12 23 24 -16 28 -17 -27 -20 -28
right_child=-2 2 -4 6 5 -7 7 -9 -10 10 11 12 17 14 15 26 -18 18 25 -21 -22 -23 -24 -25 -26 27 29 -29 -30 -31
leaf_value=-0.0045867021087436909 -0.024846626321474712 0.10942210659671288 -0.037882246404886244 -0.05684424423509174 -0.034968847878001356 0.074503256783129718 0.097767218541015277 -0.011780055417191416 -0.0007523345468393298 -0.038628903195700226 0.028550528696117301 0.05025964200843213 0.036013364531099795 0.053103919360129273 0.0073680562135185817 -0.042438070799107663 -0.050094785030399047 0.047121226760957924 -0.069219389912627993 -0.065820266723632823 -0.02173735057512502 0.098685908574788345 0.042100884669593407 -0.041449040356092155 0.085822299282465667 -0.01172849525782195 -0.005252361451339436 0.050425051046269279 -0.012235667901458564 0.044674695875834336
leaf_weight=155 39 26 50 27 27 31 22 42 13226 34 24 43 20 34 237 32 35 49 21 25 119 21 70 20 28 33 146 21 54 22
leaf_count=155 39 26 50 27 27 31 22 42 13226 34 24 43 20 34 237 32 35 49 21 25 119 21 70 20 28 33 146 21 54 22
internal_value=-0.000207376 -0.00014198 0.0108339 0.0247528 0.050124 0.0235421 0.00133321 0.0258768 -0.00031266 0.00436565 0.00749359 0.00903252 -0.00125799 0.0152815 0.0117671 0.0092348 -0.0129698 -0.00773536 0.00486794 -0.0214145 -0.0134279 0.0612804 0.0176545 0.0116501 0.0156576 -0.0111818 -0.0057101 0.0124423 -0.0281911 0.00128571
internal_weight=14733 14694 225 175 84 58 91 64 14469 1243 1053 1019 385 634 589 555 190 342 178 164 139 45 355 285 265 129 200 54 75 168
internal_count=14733 14694 225 175 84 58 91 64 14469 1243 1053 1019 385 634 589 555 190 342 178 164 139 45 355 285 265 129 200 54 75 168
is_linear=0
shrinkage=0.05


Tree=203
num_leaves=31
num_cat=0
split_feature=9 5 8 15 15 16 8 17 6 6 8 19 8 3 6 3 5 4 6 5 6 5 3 17 17 5 9 17 5 3
split_gain=9.43523 27.4437 26.2674 23.1806 42.8464 38.0396 37.0022 42.3756 29.8662 28.6321 26.0978 23.6489 22.1487 20.7643 25.0832 21.2389 31.0026 22.8755 17.858 20.4657 17.6171 18.9835 16.9354 19.074 41.461 68.1367 33.8043 32.2078 48.603 22.8468
threshold=408989.85000000015 0.99500000000000011 5.3082126000000009 21.432500000000005 28.087500000000002 30.297500000000003 2.4501494000000013 30.460000000000004 8.4421540000000004 13.664138500000002 1.6275635000000002 -4.1224999999999996 -1.3321232500000002 13.976288000000002 18.098648000000004 13.057632500000002 7.7650000000000006 1776294.9000000001 12.153564500000002 11.965000000000002 23.798157000000003 9.6650000000000009 30.655456500000003 20.642500000000002 21.235000000000003 19.995000000000001 18711.464999999971 20.457500000000003 10.975000000000003 22.809326500000005
decision_type=2 2 2 2 2 2 2 2 2 2 2 2 2 2 2 2 2 2 2 2 2 2 2 2 2 2 2 2 2 2
left_child=22 -2 3 5 6 11 10 18 -6 -10 13 -3 -11 15 -15 16 -5 -18 -8 -20 21 -16 23 27 25 26 29 -1 -29 -25
right_child=1 2 -4 4 8 -7 7 -9 9 12 -12 -13 -14 14 20 -17 17 -19 19 -21 -22 -23 -24 24 -26 -27 -28 28 -30 -31
leaf_value=0.0013599233214425747 -0.039136755797598101 0.042368617148783344 -0.044584274005431399 -0.023631669479337605 0.05764315340667963 -0.028607983188935454 -0.024976129056169437 -0.069242038239636247 -0.030567548949928847 -0.038183784422775112 0.057292765336892294 -0.00049477401467890524 0.0072164229810390088 -0.012295913948690979 0.025597344707459849 0.082918749478730291 0.015703688779224952 0.071687762701028099 0.0030873759731184693 0.063127047635233885 0.0068334529224290137 0.08375825274735689 -0.029928819253584562 -0.033261590872465045 -0.0013011243131319907 0.062575694837647938 -0.061311251294325325 0.0039670468299245502 0.083609036430716516 -0.0011989045218520223
leaf_weight=5218 36 39 26 22 20 113 26 21 85 30 62 184 257 69 47 22 36 37 40 22 68 20 49 118 7798 23 57 53 30 105
leaf_count=5218 36 39 26 22 20 113 26 21 85 30 62 184 257 69 47 22 36 37 40 22 68 20 49 118 7798 23 57 53 30 105
internal_value=-0.000197007 0.00390158 0.00514506 0.00620487 0.010454 -0.0049743 0.0202796 -0.0054236 -0.00187824 -0.00507832 0.0275946 0.00700151 0.00247076 0.0218585 0.0122279 0.0386504 0.0283988 0.0440792 0.0098058 0.0243918 0.0247623 0.0429588 -0.000587639 -0.000480362 -0.00200622 -0.0201527 -0.0269482 0.00185146 0.0327533 -0.0181648
internal_weight=14733 1282 1246 1220 884 336 492 109 392 372 383 223 287 321 204 117 95 73 88 62 135 67 13451 13402 8101 303 280 5301 83 223
internal_count=14733 1282 1246 1220 884 336 492 109 392 372 383 223 287 321 204 117 95 73 88 62 135 67 13451 13402 8101 303 280 5301 83 223
is_linear=0
shrinkage=0.05


Tree=204
num_leaves=31
num_cat=0
split_feature=12 14 3 8 3 8 18 6 5 12 3 3 7 9 0 4 5 17 18 6 0 3 6 6 8 3 6 3 6 19
split_gain=8.82817 9.9755 65.9322 49.0552 41.3234 17.4928 15.0707 20.8389 19.1594 19.3047 34.9164 37.7025 14.3797 26.3449 26.3279 21.965 19.7042 13.9492 13.9028 11.8176 11.6925 20.7828 36.1185 33.6797 24.6497 20.7905 22.6726 20.2429 17.4094 18.5597
threshold=29.255000000000003 49.570000000000007 11.116699250000002 -1.4714055000000006 9.907760500000002 4.1817930000000016 4.4550000000000063 20.252426000000003 17.125000000000004 15.335000000000003 14.717514000000001 13.358978500000001 2724334.2500000005 -246416.84999999995 25.500000000000004 2801672.4000000004 4.9250000000000007 32.315000000000005 10.067500000000001 12.843750000000002 41.500000000000007 25.721038500000002 25.501053500000001 27.692535500000002 0.30862449999999969 8.1160735000000006 5.3975067500000007 22.809326500000005 15.596039000000003 -11.714999999999998
decision_type=2 2 2 2 2 2 2 2 2 2 2 2 2 2 2 2 2 2 2 2 2 2 2 2 2 2 2 2 2 2
left_child=1 20 3 4 -3 6 7 8 9 10 11 -4 13 14 -8 16 -15 -14 -17 -12 -1 22 24 -23 27 26 -26 28 29 -22
right_child=-2 2 5 -5 -6 -7 12 -9 -10 -11 19 -13 17 15 -16 18 -18 -19 -20 -21 21 23 -24 -25 25 -27 -28 -29 -30 -31
leaf_value=9.2428083716268567e-06 -0.023944476648018912 0.037826372612396193 -0.0093075245929261051 0.0095275129992188068 0.12870108114809475 0.03253507651388645 0.0027213641597578927 -0.035268909553997217 -0.049708601765866792 0.036420827711117452 0.040933224335312851 -0.09492899233475327 -0.034386769935805743 -0.04199409318658022 0.075343775519957912 0.004202889363196763 0.0023505088176539934 0.0080246794291517955 0.056532825678586966 0.00065878958763171207 -0.037395671157476801 0.015194893191017363 -0.046394202838252699 -0.029834597135894005 -0.0057509222429017633 -0.017139667124772679 0.045265989125307118 0.042792670747439844 -0.011747654858103742 0.0078577558841717281
leaf_weight=11593 39 29 36 57 22 42 24 61 21 32 20 20 47 26 26 22 686 33 30 204 24 245 56 50 98 500 28 28 229 405
leaf_count=11593 39 29 36 57 22 42 24 61 21 32 20 20 47 26 26 22 686 33 30 204 24 245 56 50 98 500 28 28 229 405
internal_value=-0.000187157 -0.000124101 0.00383133 0.0414024 0.0770272 0.000780452 -0.000255025 -0.00840206 -0.0034805 -0.000368996 -0.00457355 -0.0398866 0.0033355 0.00532347 0.040485 0.00302232 0.000731183 -0.016892 0.0343932 0.00425472 -0.000553184 -0.00447394 -0.00706957 0.00756278 -0.00539108 -0.0125655 0.00558617 0.0011558 -0.000615985 0.0053261
internal_weight=14733 14694 1438 108 51 1330 1288 394 333 312 280 56 894 814 50 764 712 80 52 224 13256 1663 1368 295 1312 626 126 686 658 429
internal_count=14733 14694 1438 108 51 1330 1288 394 333 312 280 56 894 814 50 764 712 80 52 224 13256 1663 1368 295 1312 626 126 686 658 429
is_linear=0
shrinkage=0.05


Tree=205
num_leaves=31
num_cat=0
split_feature=3 3 17 15 7 16 5 15 5 6 5 6 5 19 16 5 4 9 19 7 5 13 1 6 4 14 14 8 15 5
split_gain=11.9086 11.6074 25.2523 25.3292 25.2773 17.3144 20.1598 18.5367 24.4089 22.3092 41.0571 28.3078 29.5882 19.146 19.4372 28.5355 16.0601 14.3631 13.6633 12.6018 11.5255 10.216 10.083 9.84194 9.82429 9.66741 22.7687 9.54284 14.2098 21.5093
threshold=30.655456500000003 27.692535500000002 12.017500000000002 12.922500000000001 1731960.1500000001 25.582500000000003 20.015000000000004 21.235000000000003 15.005000000000001 28.723282000000005 7.6150000000000011 29.524887500000002 10.305000000000001 1.3899999999999972 26.847500000000004 12.795000000000002 2236153.3500000006 -1.0000000180025095e-35 7.9300000000000042 2572839.4000000004 9.6650000000000009 10.405000000000003 2.5000000000000004 29.928634500000005 1615449.6000000003 30.687500000000004 43.300000000000004 0.66419950000000061 15.665000000000001 16.335000000000004
decision_type=2 2 2 2 2 2 2 2 2 2 2 2 2 2 2 2 2 2 2 2 2 2 2 2 2 2 2 2 2 2
left_child=1 -1 -3 4 -4 6 16 9 18 10 -7 12 -11 14 -12 -16 25 -17 21 -18 -2 24 -13 -21 -9 27 -27 28 29 -5
right_child=20 2 3 5 -6 7 -8 8 -10 11 13 22 -14 -15 15 17 19 -19 -20 23 -22 -23 -24 -25 -26 26 -28 -29 -30 -31
leaf_value=-8.3155964877120435e-05 -0.0031723754801626864 0.045248013125781555 0.0056845554421024944 0.0073611439426063702 -0.057191783672367984 -0.0080677349458211194 -0.04617485255002976 -0.010066453664472737 -0.025774913835489462 0.012865980452782401 0.081268830746412279 0.053684392884373669 -0.052254967133260589 0.087155040620233534 0.0033247409354556692 0.026705757901072505 -0.035970928827517255 0.084641803865847381 -0.021636611775591456 -0.026666376192989796 -0.051164953969419003 0.047282713736322798 0.0099972250572006628 0.0090080499938078994 0.018645381014964997 -0.047421135429292917 0.012584154624058758 0.039888696013777342 0.025435834450574665 -0.046716237999498846
leaf_weight=13418 29 38 31 112 33 51 24 41 62 37 20 25 33 22 55 20 43 23 29 29 22 22 28 58 109 25 43 27 77 22
leaf_count=13418 29 38 31 112 33 51 24 41 62 37 20 25 33 22 55 20 43 23 29 29 22 22 28 58 109 25 43 27 77 22
internal_value=0.000243702 0.000328201 0.0051742 0.00379109 -0.0267361 0.00567512 -0.0015608 0.0114438 0.00165146 0.0196456 0.0303407 0.00303788 -0.0178339 0.0443323 0.0363484 0.027181 0.000895017 0.0576948 0.0101113 -0.0138278 -0.0238751 0.0154642 0.0306044 -0.00288343 0.0107975 0.00714979 -0.00947661 0.0119002 0.00831872 -0.00151723
internal_weight=14608 14557 1139 1101 64 1037 460 577 263 314 191 123 70 140 118 98 436 43 201 130 51 172 53 87 150 306 68 238 211 134
internal_count=14608 14557 1139 1101 64 1037 460 577 263 314 191 123 70 140 118 98 436 43 201 130 51 172 53 87 150 306 68 238 211 134
is_linear=0
shrinkage=0.05


Tree=206
num_leaves=31
num_cat=0
split_feature=18 19 0 18 0 12 14 8 8 8 17 8 18 18 19 7 15 9 12 12 3 19 9 4 8 5 7 14 19 7
split_gain=11.6685 39.4478 58.11 26.4583 26.0772 45.7982 44.1842 29.0333 23.5905 27.4213 19.8418 18.7066 18.1668 60.7992 37.8485 43.603 48.2283 32.4514 32.2529 30.1584 29.1045 27.5967 39.0157 32.5005 28.822 22.9154 39.1142 35.8524 24.669 68.1342
threshold=5.8875000000000002 -11.419999999999996 20.500000000000004 6.4525000000000015 34.500000000000007 11.565000000000003 29.957500000000007 2.7327725000000007 1.6595917499999999 1.1616211000000003 33.547500000000007 -0.90667729999999869 4.0874999999999995 3.6250000000000004 1.5824999999999998 515396.98000000004 33.812500000000007 159076.74000000002 8.2350000000000012 7.2650000000000006 9.5359802500000015 -0.72499999999999953 46279.799999999937 983522.15000000014 -0.15670799999999915 14.155000000000003 1163771.5000000002 32.647500000000008 -0.020000000000002235 417299.67500000005
decision_type=2 2 2 2 2 2 2 2 2 2 2 2 2 2 2 2 2 2 2 2 2 2 2 2 2 2 2 2 2 2
left_child=12 2 -2 -3 5 7 -6 -5 9 -8 -7 -12 13 25 -15 16 20 21 -17 -19 -16 23 24 -14 -23 -1 28 -28 29 -27
right_child=1 3 -4 4 6 10 8 -9 -10 -11 11 -13 17 14 15 18 -18 19 -20 -21 -22 22 -24 -25 -26 26 27 -29 -30 -31
leaf_value=0.00055283134286876359 0.090224038937594744 0.03110096280571896 0.0012389913547870726 -0.0012828516329408805 0.067487395460193514 -0.014412879847878885 0.0080061559077876151 0.020924921721932208 -0.015446345468808432 0.05193813319485157 -0.07390058956319287 -0.013615112470208921 -0.024549066452891566 0.0052916985711201842 -0.015954968887867769 0.040634175150522166 0.084233257860283961 -0.050399570339295555 0.11149354020420175 -0.0093777582876320032 0.044003375153988604 0.012099014664931121 0.038785138236942573 0.01803781257809273 -0.0092731800381825498 -0.0045077977095845439 -0.011252369883362777 -0.056058336732744733 -0.0079772746961237432 0.035627088665974992
leaf_weight=9026 32 77 43 1096 32 197 398 170 96 39 31 22 224 223 67 42 22 73 26 116 29 253 67 56 419 442 130 68 953 139
leaf_count=9026 32 77 43 1096 32 197 398 170 96 39 31 22 224 223 67 42 22 73 26 116 29 253 67 56 419 442 130 68 953 139
internal_value=0.000231517 0.00355819 0.0392059 0.00231928 0.00125431 -0.00216264 0.0104226 0.00169923 0.0069966 0.0119269 -0.0217192 -0.0488764 -0.000368764 0.000261325 0.0191828 0.0358372 0.0174597 -0.00619343 0.0677275 -0.0252222 0.00215745 -0.00266406 0.0024008 -0.0160317 -0.0012268 -0.000458035 -0.00572598 -0.0266403 -0.00302648 0.00509418
internal_weight=14608 2233 75 2158 2081 1516 565 1266 533 437 250 53 12375 11167 409 186 118 1208 68 189 96 1019 739 280 672 10758 1732 198 1534 581
internal_count=14608 2233 75 2158 2081 1516 565 1266 533 437 250 53 12375 11167 409 186 118 1208 68 189 96 1019 739 280 672 10758 1732 198 1534 581
is_linear=0
shrinkage=0.05


Tree=207
num_leaves=31
num_cat=0
split_feature=3 3 17 15 7 16 12 7 18 6 6 8 6 5 9 18 19 0 18 15 12 0 3 8 3 15 5 5 15 3
split_gain=10.7432 10.4562 22.7674 22.7658 22.9943 15.7885 31.3785 37.0245 71.1938 20.9511 31.9342 22.4517 20.9169 18.1146 16.8914 15.5673 34.4554 52.4443 24.1451 22.81 18.1534 26.0823 25.6623 21.5575 19.7608 18.9697 17.3657 20.9782 17.0502 16.5233
threshold=30.655456500000003 27.692535500000002 12.017500000000002 12.922500000000001 1536489.0000000002 25.582500000000003 7.5650000000000004 2038169.8000000003 1.3999999999999952 28.223526000000003 29.015777500000002 0.7814180000000005 28.869583000000002 20.015000000000004 -35055.906999999999 5.8875000000000002 -11.419999999999996 20.500000000000004 7.1299999999999999 34.340000000000011 10.615 28.500000000000004 10.803207500000001 -0.94464099999999973 14.539444000000001 25.135000000000002 0.12000000000000002 8.8050000000000015 26.875000000000004 20.591644000000006
decision_type=2 2 2 2 2 2 2 2 2 2 2 2 2 2 2 2 2 2 2 2 2 2 2 2 2 2 2 2 2 2
left_child=1 15 -3 4 -4 13 14 9 12 11 -11 -8 -9 -5 -7 -1 17 -17 19 -18 25 23 -23 -22 -25 26 -20 -28 -27 -26
right_child=-2 2 3 5 -6 6 7 8 -10 10 -12 -13 -14 -15 -16 16 18 -19 20 -21 21 22 -24 24 29 28 27 -29 -30 -31
leaf_value=-0.000798600810705501 -0.022688284366592475 0.042950697919647951 0.010877323981661064 0.00079068359942923079 -0.0501453835615202 -0.017364963921167518 0.050155408644960042 0.053868140201225427 0.12528060266505117 -0.059159225365146999 0.020108319722391941 0.0028085520040364038 9.1520130226854248e-05 -0.043827729175488161 0.007840382676599587 0.085712837196479097 0.02652389549475629 0.0011770422895287359 0.036416641737406073 -0.0060898138584697774 -0.049505429188994803 0.049549238226161557 -0.0026740711169159007 0.0053608944527569072 -0.051097093124380558 0.027900062583032112 -0.01739165042051152 0.0035505891463759802 0.0059219534362838517 -0.0025123913958668711
leaf_weight=11439 51 38 26 436 38 93 42 33 23 24 27 62 40 24 233 32 182 43 26 76 51 26 247 79 42 105 211 276 553 30
leaf_count=11439 51 38 26 436 38 93 42 33 23 24 27 62 40 24 233 32 182 43 26 76 51 26 247 79 42 105 211 276 553 30
internal_value=0.000219941 0.000300199 0.00489963 0.00358633 -0.0253549 0.00537248 0.0108811 0.0241694 0.0485705 0.00905652 -0.0171941 0.0219294 0.0244015 -0.00153723 0.0006499 -9.02277e-05 0.0040043 0.0372456 0.0026949 0.0169168 0.000465718 -0.0077788 0.00229958 -0.0213996 -0.0119069 0.00380999 -0.00339735 -0.00552295 0.0094291 -0.0308535
internal_weight=14608 14557 1139 1101 64 1037 577 251 96 155 51 104 73 460 326 13418 1979 75 1904 258 1646 475 273 202 151 1171 513 487 658 72
internal_count=14608 14557 1139 1101 64 1037 577 251 96 155 51 104 73 460 326 13418 1979 75 1904 258 1646 475 273 202 151 1171 513 487 658 72
is_linear=0
shrinkage=0.05


Tree=208
num_leaves=31
num_cat=0
split_feature=3 5 3 17 15 4 19 18 19 0 18 15 5 12 7 0 12 12 19 3 17 7 17 5 14 6 15 5 6 19
split_gain=9.6957 10.3807 9.43676 20.5476 20.5461 20.974 14.3785 14.0495 31.096 47.331 21.791 20.586 16.504 21.6466 24.6758 16.4281 20.4967 20.3697 15.2331 13.6567 29.4167 40.0611 41.3287 54.489 40.0722 37.7532 30.3834 26.5576 25.7678 20.7787
threshold=30.655456500000003 9.6650000000000009 27.692535500000002 12.017500000000002 12.922500000000001 1658772.3500000003 -14.819999999999997 5.8875000000000002 -11.419999999999996 20.500000000000004 7.1299999999999999 34.340000000000011 7.4150000000000009 12.135000000000003 291838.11000000004 16.500000000000004 11.425000000000002 17.260000000000002 10.945000000000006 25.341217000000004 22.660000000000004 1879013.4500000004 18.080000000000002 14.155000000000003 30.120000000000005 27.363098500000003 19.145000000000007 12.325000000000001 25.412323000000004 1.2349999999999979
decision_type=2 2 2 2 2 2 2 2 2 2 2 2 2 2 2 2 2 2 2 2 2 2 2 2 2 2 2 2 2 2
left_child=2 -2 7 -4 5 -5 -6 18 9 -9 11 12 -10 14 -14 16 -12 -18 19 -1 21 22 23 26 -24 -25 -21 28 -22 -27
right_child=1 -3 3 4 6 -7 -8 8 10 -11 15 -13 13 -15 -16 -17 17 -19 -20 20 27 -23 24 25 -26 29 -28 -29 -30 -31
leaf_value=2.8899147395215522e-05 -0.0019062533268126949 -0.047453001581809741 0.040803163422051036 0.0054450882779013728 0.047087713759392504 -0.051829581775448545 0.00427821689740883 0.081427195071592004 -0.0018732027437667863 0.0011181902573552244 -0.0019129927525446161 -0.0057853229475624268 0.034418806181259691 0.0095505205490293774 0.098165764566510924 0.0045447503965832855 -0.038570888362412986 0.014973275760269683 -0.023846459067361037 0.00052374144246376765 -0.040815037545851536 -0.03288313094728991 0.0092357285556868771 -0.052008155342032715 0.059383837012003886 0.01104247344941911 0.055922042438760401 -0.073131141385861811 -0.0062957993772928076 -0.043348045200109486
leaf_weight=9991 29 22 38 31 20 33 1017 32 43 43 562 76 63 56 20 983 78 23 71 515 72 92 213 88 49 59 26 21 217 25
leaf_count=9991 29 22 38 31 20 33 1017 32 43 43 562 76 63 56 20 983 78 23 71 515 72 92 213 88 49 59 26 21 217 25
internal_value=0.000208944 -0.0215539 0.000285189 0.00465465 0.00340701 -0.0240872 0.00510386 -8.57163e-05 0.00380409 0.0353834 0.00256016 0.0160709 0.0251977 0.0335722 0.0497795 0.000442432 -0.00563989 -0.0263777 -0.000758671 -0.000614474 -0.00528255 -0.00134343 0.00163262 -0.00460759 0.0186146 -0.0291216 0.00318614 -0.0188407 -0.0148957 -0.00514518
internal_weight=14608 51 14557 1139 1101 64 1037 13418 1979 75 1904 258 182 139 83 1646 663 101 11439 11368 1377 1067 975 713 262 172 541 310 289 84
internal_count=14608 51 14557 1139 1101 64 1037 13418 1979 75 1904 258 182 139 83 1646 663 101 11439 11368 1377 1067 975 713 262 172 541 310 289 84
is_linear=0
shrinkage=0.05


Tree=209
num_leaves=31
num_cat=0
split_feature=5 17 17 15 15 9 4 14 14 4 14 3 3 16 9 19 16 0 3 8 17 8 0 5 15 15 15 16 8 3
split_gain=9.61165 20.2454 39.5878 34.0006 36.2898 30.4342 29.3286 28.7437 33.9299 26.2005 42.8186 36.9589 27.1993 43.986 23.6549 26.2753 21.9043 21.0086 40.6432 37.5089 39.3736 40.7985 32.6057 22.4317 21.5168 31.1651 25.8223 25.5295 37.0827 44.3249
threshold=11.675000000000002 19.897500000000004 21.737500000000001 19.127500000000005 19.202500000000004 515117.71500000014 1267562.7000000002 41.802500000000002 29.957500000000007 585723.7300000001 44.57500000000001 14.903457500000002 14.808349500000002 44.437500000000007 -646912.65000000002 -3.1125000000000003 29.742500000000003 11.500000000000002 19.422210000000003 0.27728300000000067 18.812500000000004 -6.2854004999999988 1.5000000000000002 10.735000000000001 13.887500000000001 16.802500000000006 17.457500000000003 25.582500000000003 -0.63522350000000116 9.8012695000000019
decision_type=2 2 2 2 2 2 2 2 2 2 2 2 2 2 2 2 2 2 2 2 2 2 2 2 2 2 2 2 2 2
left_child=1 3 9 5 -5 14 -6 8 -8 10 -3 -12 13 -11 -1 -16 -14 18 -17 20 24 -22 -20 -21 -19 27 -27 -26 29 -29
right_child=-2 2 -4 4 6 -7 7 -9 -10 12 11 -13 16 -15 15 17 -18 19 22 23 21 -23 -24 -25 25 26 -28 28 -30 -31
leaf_value=-0.033977450935635721 -0.001806741421501761 -0.0076238506628079324 0.0010013798604936082 0.042451439218579752 0.003819599219244916 -0.030107296608515424 0.018666147329430612 0.0022652742723303456 0.067967776052261661 -0.025149989978156307 0.068654609378427267 -0.016118305381387473 -0.047677087696159588 -0.10118139802437763 0.038471742174238904 -0.01857889984366573 -0.0045284614859815312 -0.0088360617999774481 0.035968612380978378 -0.010706665750357679 -0.0020691334701108711 0.075052712524824955 -0.00097567589186934494 0.018717316738688029 0.012710061029870115 -0.033201967257385452 0.0073245855745717823 0.067018337096228744 0.082278106028312134 -0.0082580357498954985
leaf_weight=45 4241 523 6150 88 715 77 90 93 57 110 36 20 34 23 50 314 218 142 71 382 27 47 376 78 217 48 217 33 38 48
leaf_count=45 4241 523 6150 88 715 77 90 93 57 110 36 20 34 23 50 314 218 142 71 382 27 47 376 78 217 48 217 33 38 48
internal_value=0.000198497 0.00101881 -0.000475328 0.00428636 0.0117273 0.000774655 0.00889613 0.0240199 0.0377831 -0.00989624 -0.00317457 0.0383786 -0.0200049 -0.0382983 0.00188948 0.00266247 -0.0103501 0.00178393 -0.00479219 0.00570282 0.0121328 0.0469137 0.00489243 -0.00571738 0.00866876 0.0128047 -1.60731e-05 0.0229163 0.0415276 0.0224101
internal_weight=14608 10367 7114 3253 1043 2210 955 240 147 964 579 56 385 133 2133 2088 252 2038 761 1277 817 74 447 460 743 601 265 336 119 81
internal_count=14608 10367 7114 3253 1043 2210 955 240 147 964 579 56 385 133 2133 2088 252 2038 761 1277 817 74 447 460 743 601 265 336 119 81
is_linear=0
shrinkage=0.05


Tree=210
num_leaves=31
num_cat=0
split_feature=0 14 0 12 8 15 17 3 4 0 0 13 15 16 3 3 16 12 17 9 3 19 7 17 12 19 14 13 7 3
split_gain=11.9996 12.6604 12.5647 29.4951 14.6631 18.0495 15.3113 13.7619 11.1285 41.6819 36.5655 38.3724 34.9662 44.6289 35.1925 31.2109 54.2378 49.2638 65.1999 56.6198 40.4813 38.2083 31.6981 80.7079 41.106 56.4528 33.5309 37.5072 30.9539 34.4732
threshold=1.0000000180025095e-35 49.570000000000007 4.5000000000000009 11.935 -0.79960550000000097 30.067500000000006 18.187500000000004 10.803207500000001 485300.39000000007 17.500000000000004 18.500000000000004 1.0000000180025095e-35 29.522500000000004 49.947500000000005 16.372756500000005 16.262436500000003 46.055000000000007 14.635000000000003 30.460000000000004 282632.98999999999 10.683365000000002 8.3475000000000037 1487014.8500000003 14.075000000000001 17.355000000000004 0.44000000000000133 44.232500000000009 10.855000000000002 2748294.3000000003 16.093612500000003
decision_type=2 2 2 2 2 2 2 2 2 2 2 2 2 2 2 2 2 2 2 2 2 2 2 2 2 2 2 2 2 2
left_child=1 -1 3 4 5 -2 -6 -5 -4 12 11 -11 13 -10 -14 16 21 18 -18 -19 -20 28 23 -17 26 -26 27 -25 29 -12
right_child=2 -3 8 7 6 -7 -8 -9 9 10 15 -13 14 -15 -16 22 17 19 20 -21 -22 -23 -24 24 25 -27 -28 -29 -30 -31
leaf_value=0.0061371369458044812 -0.016752413313138117 0.039335477119311693 0.0013356785502667695 -0.010059356531322313 0.012420482784043998 0.010428934272663594 -0.0035982826178418666 -0.05893899279957017 -0.0014854585821491755 0.031306221129522582 -0.011395535265115364 -0.010532346095715184 -0.070987851860431536 -0.057327485032288773 -0.012237786430865526 0.067390988407922653 -0.007977283176387082 0.0091541045303033166 0.018089390279532509 0.12539325401186943 0.1092429926885026 0.020140658102574802 -0.0019510315899547875 0.02211496775564159 0.0062376300010198197 -0.051001179428172429 -0.0061402752468447119 -0.012789590675179119 0.018843141249212696 -0.062279371802202048
leaf_weight=280 311 32 7554 24 200 76 587 36 281 174 1585 80 52 41 50 56 185 22 29 20 21 105 1796 499 112 70 220 91 83 34
leaf_count=280 311 32 7554 24 200 76 587 36 281 174 1585 80 52 41 50 56 185 22 29 20 21 105 1796 499 112 70 220 91 83 34
internal_value=-0.000158967 0.00954209 -0.000369244 -0.00519346 -0.00344591 -0.0114145 0.00047256 -0.0393871 8.31173e-05 -0.00160469 -0.000371438 0.0181287 -0.0166771 -0.00859578 -0.0421888 -0.00132498 -0.00597338 0.0146287 0.00571446 0.0645061 0.0563739 -0.00913153 0.00208123 0.00899149 0.00569475 -0.0157773 0.0105193 0.0167314 -0.0109374 -0.0124641
internal_weight=14706 312 14394 1234 1174 387 787 60 13160 5606 5182 254 424 322 102 4928 2084 277 235 42 50 1807 2844 1048 992 182 810 590 1702 1619
internal_count=14706 312 14394 1234 1174 387 787 60 13160 5606 5182 254 424 322 102 4928 2084 277 235 42 50 1807 2844 1048 992 182 810 590 1702 1619
is_linear=0
shrinkage=0.05


Tree=211
num_leaves=31
num_cat=0
split_feature=0 14 0 12 3 16 6 19 17 15 16 14 4 0 6 6 3 16 13 7 17 1 6 6 19 1 19 14 0 17
split_gain=10.8296 11.426 11.3397 26.6193 12.4201 10.3653 14.6065 12.9916 11.9925 11.1249 10.7049 10.5263 10.0435 37.618 50.3557 36.4025 35.9518 44.6509 28.1625 34.6826 80.7157 44.1938 26.7218 33.6537 44.5248 45.2866 38.997 34.5853 30.4675 26.9395
threshold=1.0000000180025095e-35 49.570000000000007 4.5000000000000009 11.935 10.803207500000001 30.465000000000003 12.153564500000002 0.050000000000000717 18.812500000000004 34.932500000000012 28.422500000000003 28.287500000000005 485300.39000000007 17.500000000000004 8.4421540000000004 14.495407000000002 14.987533500000003 33.957500000000003 15.055000000000001 1487014.8500000003 13.887500000000001 2.5000000000000004 15.596039000000003 10.851791000000002 -1.2799999999999991 3.5000000000000004 -1.0325000000000013 57.620000000000005 38.500000000000007 20.892500000000005
decision_type=2 2 2 2 2 2 2 2 2 2 2 2 2 2 2 2 2 2 2 2 2 2 2 2 2 2 2 2 2 2
left_child=1 -1 3 5 -5 7 8 -2 -7 -8 -9 -10 22 14 -14 -15 17 -16 19 20 21 -17 23 27 25 -25 -26 -4 29 -28
right_child=2 -3 12 4 -6 6 9 10 11 -11 -12 -13 13 15 16 18 -18 -19 -20 -21 -22 -23 -24 24 26 -27 28 -29 -30 -31
leaf_value=0.005830280113566135 -0.0066888041713374247 0.037368702201001726 3.5322769420075844e-06 -0.0095563886973347219 -0.05599204301834107 -0.030200706311949977 -0.016836851606561908 0.0046891408469322019 -0.028910714005386192 0.010164600143447347 0.030157669762149453 0.0081253419431484408 0.052994670987129212 -0.0061167802209703432 -0.10247456144828063 0.093347666863092163 -0.011476644096283996 -0.026304797463219717 -0.04129419300136053 -0.00085851903225908546 0.0067599367951846684 0.0033830467052757742 -0.0021952422254788943 3.2896701261418229e-05 0.074352265965124523 -0.073487733473831959 0.034751809726662516 0.064414727333046137 0.0026540110425064753 0.013351063985222331
leaf_weight=280 237 32 2744 24 36 27 338 236 21 43 50 222 25 1792 26 43 299 74 36 2062 1229 20 3205 437 27 22 212 21 406 480
leaf_count=280 237 32 2744 24 36 27 338 236 21 43 50 222 25 1792 26 43 299 74 36 2062 1229 20 3205 437 27 22 212 21 406 480
internal_value=-0.000151019 0.00906499 -0.000350782 -0.00493378 -0.0374178 -0.00327361 -0.00748463 0.00196802 0.00141215 -0.0137894 0.00914168 0.0049247 7.89614e-05 -0.00152446 -0.0158433 -0.000352867 -0.0201564 -0.0461089 0.00269402 0.00316616 0.00958945 0.0647875 0.00126889 0.00382179 0.00963294 -0.00349097 0.0149875 0.000492731 0.0135277 0.0199074
internal_weight=14706 312 14394 1234 60 1174 651 523 270 381 286 243 13160 5606 424 5182 399 100 3390 3354 1292 63 7554 4349 1584 459 1125 2765 1098 692
internal_count=14706 312 14394 1234 60 1174 651 523 270 381 286 243 13160 5606 424 5182 399 100 3390 3354 1292 63 7554 4349 1584 459 1125 2765 1098 692
is_linear=0
shrinkage=0.05


Tree=212
num_leaves=31
num_cat=0
split_feature=12 12 17 9 3 16 8 3 7 5 9 15 6 8 5 9 0 19 7 17 17 9 3 12 15 3 6 16 15 15
split_gain=9.93803 27.648 19.8555 23.9222 16.5942 12.3204 9.72137 12.5635 17.3141 10.5242 25.6397 19.8325 19.6761 34.9502 26.2536 20.8463 36.4721 26.4401 18.3341 24.3587 16.9694 16.898 16.1293 22.6064 23.7392 18.5755 17.5344 47.3101 16.0497 32.9947
threshold=22.910000000000004 21.805000000000003 16.515000000000004 -99219.919999999969 25.655502500000001 48.540000000000006 5.5595095000000017 17.183716000000004 999482.77000000014 7.535000000000001 -1250202.6299999997 26.992500000000003 14.850250500000001 3.2092593500000013 0.99500000000000011 -398855.35999999981 23.500000000000004 -0.10250000000000091 1879013.4500000004 33.527500000000011 30.720000000000002 -83352.20999999989 14.717514000000001 6.8850000000000007 23.047500000000003 25.412323000000004 28.613800000000005 29.682500000000001 32.957500000000003 32.315000000000005
decision_type=2 2 2 2 2 2 2 2 2 2 2 2 2 2 2 2 2 2 2 2 2 2 2 2 2 2 2 2 2 2
left_child=1 6 -2 -4 5 -5 9 8 -8 11 -11 18 13 14 -13 16 -16 -17 19 -1 -18 -19 23 -20 -25 -24 -27 -28 29 -14
right_child=2 -3 3 4 -6 -7 7 -9 -10 10 -12 12 28 -15 15 17 20 21 22 -21 -22 -23 25 24 -26 26 27 -29 -30 -31
leaf_value=0.00035593573471896995 -0.055961518605118214 0.054758232961530276 -0.044981654048232095 -0.018829775694757703 0.048138066451065248 0.028499542679637668 -0.013856639195069232 -0.038970796695502942 0.016830229398513596 0.026721566177389407 0.00050239843764721896 -0.050154956351034341 0.0093516693125807928 0.041773371040030864 0.068595568317434061 0.0084526418344093822 -0.04298926290124655 -0.054478656662450664 -0.006243441799389465 -0.035206663654204093 0.022144085748586805 -0.015712307042387477 0.00070867917588296936 -0.079073379550016296 -0.017066069705219105 -0.03013405637537582 -0.017784893240626733 0.057139510177075858 -0.0013947609991528799 0.057828990833308447
leaf_weight=862 23 23 28 44 20 20 170 32 63 94 11574 40 351 33 23 78 20 42 56 51 20 85 265 33 29 143 134 25 286 39
leaf_count=862 23 23 28 44 20 20 170 32 63 94 11574 40 351 33 23 78 20 42 56 51 20 85 265 33 29 143 134 25 286 39
internal_value=-0.000143468 -1.83568e-05 -0.0136471 -0.00495754 0.00838383 -0.00403936 -0.000104957 -0.00959392 -0.00555933 7.10967e-05 0.000713626 -0.00279584 0.00266238 -0.0071297 -0.0123693 -0.00672966 0.0184253 -0.0144602 -0.00626956 -0.00163058 -0.0104226 -0.0285327 -0.0124526 -0.0292709 -0.05007 -0.00895248 -0.01743 -0.00600433 0.00760187 0.0141994
internal_weight=14706 14571 135 112 84 64 14548 265 233 14283 11668 2615 1017 341 308 268 63 205 1598 913 40 127 685 118 62 567 302 159 676 390
internal_count=14706 14571 135 112 84 64 14548 265 233 14283 11668 2615 1017 341 308 268 63 205 1598 913 40 127 685 118 62 567 302 159 676 390
is_linear=0
shrinkage=0.05


Tree=213
num_leaves=31
num_cat=0
split_feature=0 0 12 3 5 8 15 16 3 17 19 8 5 15 15 14 16 14 6 14 18 0 8 12 5 19 12 19 3 19
split_gain=9.73418 10.33 24.0156 15.5134 13.1154 13.1096 15.6081 14.4943 12.5314 12.701 12.0019 10.8132 10.6819 17.3079 13.7754 10.3145 9.77685 18.9099 21.3466 18.5834 31.6888 26.4184 27.4903 20.8645 19.7126 24.4561 68.8035 50.8695 34.6737 33.0122
threshold=1.0000000180025095e-35 4.5000000000000009 11.765000000000002 10.086609000000001 13.495000000000003 -0.79960550000000097 30.067500000000006 43.170000000000009 13.834640500000001 26.002500000000005 -11.419999999999996 -1.6148225000000005 9.5750000000000011 33.957500000000003 15.665000000000001 49.570000000000007 33.260000000000012 21.752500000000001 25.721038500000002 23.730000000000004 -3.9674999999999989 12.500000000000002 -4.2402644999999994 15.335000000000003 8.6550000000000029 0.33999999999999814 17.575000000000003 -0.39499999999999597 26.373886000000002 -0.57750000000000223
decision_type=2 2 2 2 2 2 2 2 2 2 2 2 2 2 2 2 2 2 2 2 2 2 2 2 2 2 2 2 2 2
left_child=15 2 5 -4 -5 6 -2 10 -9 -10 -7 -8 -12 14 -14 -1 19 18 -18 21 23 -3 -23 -21 -22 27 -27 28 -26 -30
right_child=1 16 3 4 -6 7 11 8 9 -11 12 -13 13 -15 -16 -17 17 -19 -20 20 24 22 -24 -25 25 26 -28 -29 29 -31
leaf_value=0.0055278231855273984 -0.01554564845694343 -0.0092115355504920095 0.0010769783796387769 -0.025071635712747987 -0.079724528197021721 -0.025966550415802387 0.025814444350544363 0.012248199881713202 -0.034092516727479441 -0.0033987534261093692 0.00088014186548919678 -0.012384636828210206 -0.0047255907960167924 -0.022223668428206889 0.028282215031862692 0.035493043088354173 -0.047701280910476318 0.0019923143112799747 0.00015157187072974113 -0.015446700706732892 -0.0062288304128106644 0.038295011857287987 0.0045740381099665583 -0.065454123590303503 -0.0058546253528892643 -0.00084835771625561504 -0.040587842679562294 0.021214473239437676 0.025418278436319761 -0.017838363139992253
leaf_weight=280 311 353 21 23 21 31 44 41 70 65 369 32 41 27 138 32 41 5691 54 224 1684 63 1487 23 736 2060 115 377 195 57
leaf_count=280 311 353 21 23 21 31 44 41 70 65 369 32 41 27 138 32 41 5691 54 224 1684 63 1487 23 736 2060 115 377 195 57
internal_value=-0.000136294 -0.000325685 -0.00469989 -0.0342807 -0.051156 -0.00305511 -0.0105818 0.000669754 -0.0119615 -0.019314 0.00433823 0.00973062 0.00597205 0.015093 0.0207218 0.00860118 8.448e-05 0.001623 -0.0205007 -0.00112272 -0.00260308 0.00313322 0.00594463 -0.0201033 -0.00177564 0.000342771 -0.00294953 0.00558874 -0.000373711 0.015634
internal_weight=14706 14394 1234 65 44 1169 387 782 176 135 606 76 575 206 179 312 13160 5786 95 7374 5471 1903 1550 247 5224 3540 2175 1365 988 252
internal_count=14706 14394 1234 65 44 1169 387 782 176 135 606 76 575 206 179 312 13160 5786 95 7374 5471 1903 1550 247 5224 3540 2175 1365 988 252
is_linear=0
shrinkage=0.05


Tree=214
num_leaves=31
num_cat=0
split_feature=12 12 14 3 17 0 0 12 3 5 8 17 3 19 14 18 16 16 5 17 7 0 0 0 16 19 17 5 6 17
split_gain=8.91389 25.1003 17.9981 17.1423 15.8376 8.71116 9.48934 21.6741 14.0009 11.8366 11.8315 13.5077 10.4708 9.54471 9.30884 9.10177 9.07162 27.3845 57.4986 23.3517 29.4083 36.0641 26.3004 36.5877 56.1372 33.756 25.0478 33.0155 33.6774 25.4063
threshold=22.910000000000004 21.805000000000003 28.210000000000004 25.790603500000007 21.522500000000004 1.0000000180025095e-35 4.5000000000000009 11.765000000000002 10.086609000000001 13.495000000000003 -0.79960550000000097 18.415000000000003 5.8467865000000012 2.3525000000000014 49.570000000000007 11.212499999999997 33.742500000000007 33.782500000000006 8.7450000000000028 20.642500000000002 2083331.3500000003 41.500000000000007 11.500000000000002 14.500000000000002 39.632500000000007 3.142499999999997 20.375000000000004 8.5550000000000015 13.544097500000001 18.187500000000004
decision_type=2 2 2 2 2 2 2 2 2 2 2 2 2 2 2 2 2 2 2 2 2 2 2 2 2 2 2 2 2 2
left_child=1 5 -2 4 -4 14 7 10 -9 -10 -7 13 -13 -12 -1 -14 -8 18 -18 20 21 22 25 24 -24 -19 27 28 -25 -29
right_child=2 -3 3 -5 -6 6 16 8 9 -11 11 12 15 -15 -16 -17 17 19 -20 -21 -22 -23 23 26 -26 -27 -28 29 -30 -31
leaf_value=0.0052514321145385378 -0.052180423183987537 0.052180791095547054 -0.040397412180900573 0.035091579180549497 0.0027822226009987022 -0.010052741735223657 -0.00099783254828472376 0.0010231297141650604 -0.023818054212176282 -0.075738300525006796 0.0043446887883052615 0.021663380547975883 -0.0066846518716342359 0.027402624507398849 0.033718390957801603 0.02311006766502504 -0.0029645081542964496 -0.018269669769231129 0.091646489579803675 0.00012666909031594365 -0.020485306218433294 -0.014266721633734809 0.13159773759543897 0.082932214413566754 0.018174738332163543 0.05494165472686291 0.059286397333080713 0.035066294279742116 0.015506588636249628 -0.0077423562239291093
leaf_weight=280 24 23 35 22 54 387 7558 21 23 21 145 39 506 65 32 27 42 74 26 4789 67 89 20 31 24 20 37 47 46 132
leaf_count=280 24 23 35 22 54 387 7558 21 23 21 145 39 506 65 32 27 42 74 26 4789 67 89 20 31 24 20 37 47 46 132
internal_value=-0.00012948 -1.09905e-05 -0.0129184 -0.00442932 -0.0141985 -9.35043e-05 -0.000274634 -0.0044649 -0.0325667 -0.0485982 -0.00290235 0.000636266 -0.00334544 0.0114817 0.00817112 -0.00517535 0.000123058 0.00167921 0.0332103 0.00128038 0.0106928 0.01471 0.0206936 0.0272168 0.0697306 -0.00269279 0.0208325 0.0152747 0.042652 0.0034979
internal_weight=14706 14571 135 111 89 14548 14236 1234 65 44 1169 782 572 210 312 533 13002 5444 68 5376 587 520 431 337 44 94 293 256 77 179
internal_count=14706 14571 135 111 89 14548 14236 1234 65 44 1169 782 572 210 312 533 13002 5444 68 5376 587 520 431 337 44 94 293 256 77 179
is_linear=0
shrinkage=0.05


Tree=215
num_leaves=31
num_cat=0
split_feature=16 0 0 0 0 1 9 17 17 4 8 8 15 3 16 16 16 17 0 12 18 12 3 1 18 6 12 15 16 19
split_gain=13.3552 11.4924 27.445 8.15712 26.6728 63.4169 19.8082 29.5945 44.7514 29.8209 40.7203 27.2215 21.0901 29.3045 35.8227 24.5452 18.4929 18.0171 35.6256 37.921 37.6154 35.4637 34.5428 31.8666 31.3134 35.0159 29.2058 28.2229 25.4048 27.3692
threshold=16.995000000000005 13.500000000000002 22.500000000000004 25.500000000000004 23.500000000000004 4.5000000000000009 408989.85000000015 25.370000000000001 24.9025 2548279.3500000006 -0.073394749999999384 1.7842098 21.432500000000005 13.976288000000002 42.185000000000009 45.900000000000006 34.292500000000011 19.127500000000005 38.500000000000007 16.315000000000001 0.75750000000000217 19.910000000000004 29.152939000000003 1.5000000000000002 -0.27000000000000129 29.371887500000003 18.400000000000002 17.875000000000004 30.120000000000005 1.5824999999999998
decision_type=2 2 2 2 2 2 2 2 2 2 2 2 2 2 2 2 2 2 2 2 2 2 2 2 2 2 2 2 2 2
left_child=1 -1 -3 4 -2 -6 17 8 12 10 -9 -12 16 14 -14 -15 -8 18 20 -20 22 26 24 -23 25 -5 27 -22 -29 -30
right_child=3 2 -4 6 5 -7 7 9 -10 -11 11 -13 13 15 -16 -17 -18 -19 19 -21 21 23 -24 -25 -26 -27 -28 28 29 -31
leaf_value=-0.041196118826594429 3.0815350266477934e-05 0.044308688323944807 -0.023050623603405491 0.012450010103106229 -0.020920153749154111 0.015136589149575261 0.0067447601960828676 -0.029153733976185321 0.071111754901908547 -0.026700391147328036 0.050990490898214003 0.0038867624030566555 0.018168442751522417 0.025787050543691625 0.10308418325755908 -0.02104496199351091 -0.041894007794073096 -0.0011906090301488296 0.00099491583986331114 -0.031273494044748634 -0.011773466959067766 0.0076679665211651649 -0.0054107498222341144 -0.072133802365640112 0.050701852782333502 0.066544990740059054 0.065226586945354936 0.005437543415899266 0.0071394029539078481 0.071565043619450402
leaf_weight=34 7233 20 62 249 438 169 130 50 37 88 54 71 27 99 23 39 23 4097 731 104 187 22 99 29 107 34 20 249 32 34
leaf_count=34 7233 20 62 249 438 169 130 50 37 88 54 71 27 99 23 39 23 4097 731 104 187 22 99 29 107 34 20 249 32 34
internal_value=0.000142467 -0.0167555 -0.00662152 0.000277884 -0.000814038 -0.0108813 0.00156811 0.00992226 0.0188837 -0.0029577 0.00898149 0.0242356 0.0132167 0.0244343 0.0572297 0.0125519 -0.00056695 0.000674718 0.00470331 -0.00302414 0.010779 0.00208609 0.0209653 -0.0377095 0.0276607 0.0189491 0.00597416 0.00361351 0.012748 0.0403284
internal_weight=14591 116 82 14475 7840 607 6635 641 378 263 175 125 341 188 50 138 153 5994 1897 835 1062 573 489 51 390 283 522 502 315 66
internal_count=14591 116 82 14475 7840 607 6635 641 378 263 175 125 341 188 50 138 153 5994 1897 835 1062 573 489 51 390 283 522 502 315 66
is_linear=0
shrinkage=0.05


Tree=216
num_leaves=31
num_cat=0
split_feature=16 0 0 14 3 8 8 9 3 3 4 9 8 12 3 4 4 8 8 7 12 18 18 15 8 17 12 16 18 6
split_gain=12.0531 10.3718 24.7691 8.81633 28.4385 13.8986 10.4629 35.2179 11.9911 12.9383 16.7768 9.83066 37.0737 56.4219 27.4052 24.5098 28.384 24.3737 40.3497 42.7997 36.2344 21.4783 66.628 45.3507 34.5824 29.2482 25.3259 21.2595 20.1588 16.7628
threshold=16.995000000000005 13.500000000000002 22.500000000000004 58.470000000000006 11.338623000000002 2.782852150000001 0.74253849999999855 -194954.14999999999 13.750045500000002 15.056839000000002 765140.17000000004 -135825.745 1.9508060000000003 14.785000000000002 11.116699250000002 585723.7300000001 1737239.4500000002 0.018432499999999855 -0.14167850000000023 1568724.55 19.910000000000004 -1.5950000000000004 -1.8749999999999998 34.545000000000009 -3.8509674999999999 13.502500000000003 19.580000000000002 22.612500000000001 -8.6650000000000009 15.095520000000002
decision_type=2 2 2 2 2 2 2 2 2 2 2 2 2 2 2 2 2 2 2 2 2 2 2 2 2 2 2 2 2 2
left_child=1 -1 -3 11 -5 6 8 -8 -6 -10 -11 12 14 15 -2 28 -17 18 21 -20 -19 22 24 25 -16 27 29 -23 -14 -27
right_child=3 2 -4 4 5 -7 7 -9 9 10 -12 -13 13 -15 17 16 -18 20 19 -21 -22 23 -24 -25 -26 26 -28 -29 -30 -31
leaf_value=-0.039136312812950241 -0.011571391248350556 0.042093253736384215 -0.021898092259652915 0.05094622726951327 -0.019520919292699546 0.031532440729145156 -0.059856900540662228 0.0045675733772141836 0.045390056201291308 -0.013543628931976857 0.029321913993252176 -0.00048168357883243934 0.073090056655928493 0.096044282073324383 0.063774250596761714 -0.0081376642963830251 0.034767546490407912 -0.0027353330174669224 0.10578556891530753 0.020773012553782843 -0.069915306308705891 0.003026572708040476 0.081633797309854456 -0.055875422645892417 0.0022154283558171945 0.045390411519578532 -0.054396993205660875 0.072188558548688886 0.020765896188095212 -0.00033033195681810988
leaf_weight=34 378 20 62 35 32 38 29 79 27 50 42 12003 24 22 25 149 52 454 20 57 21 20 34 35 261 21 21 25 79 442
leaf_count=34 378 20 62 35 32 38 29 79 27 50 42 12003 24 22 25 149 52 454 20 57 21 20 34 35 261 21 21 25 79 442
internal_value=0.000135344 -0.0159177 -0.00629045 0.00026399 0.00831789 0.00329435 -0.00084869 -0.0127316 0.00765034 0.0149569 0.00602542 7.49283e-05 0.0031969 0.018721 0.000407011 0.0131252 0.00296219 0.0035601 0.00813982 0.0428542 -0.00570539 0.00511606 0.0154629 -0.000754502 0.00759644 0.00289244 -0.000692448 0.0414499 0.0329579 0.0017434
internal_weight=14591 116 82 14475 332 297 259 108 151 119 92 14143 2140 326 1814 304 201 1436 961 77 475 884 320 564 286 529 484 45 103 463
internal_count=14591 116 82 14475 332 297 259 108 151 119 92 14143 2140 326 1814 304 201 1436 961 77 475 884 320 564 286 529 484 45 103 463
is_linear=0
shrinkage=0.05


Tree=217
num_leaves=31
num_cat=0
split_feature=16 4 5 15 18 14 14 9 4 15 12 18 1 9 4 16 16 16 16 14 0 14 9 18 13 15 17 17 1 3
split_gain=10.8779 9.77138 8.62957 19.2183 25.2753 20.3847 19.9914 18.4506 26.259 28.552 25.8946 51.7718 49.2197 29.4531 25.4599 24.209 33.5479 24.7604 23.8364 40.7793 23.6408 20.8769 18.4365 26.3763 26.363 21.2385 17.529 42.3264 35.0254 31.8755
threshold=16.995000000000005 1357154.8500000003 11.675000000000002 33.642500000000005 1.6099999999999979 33.957500000000003 34.155000000000008 440344.74999999994 968876.07500000007 11.7475 20.835000000000004 4.5674999999999999 2.5000000000000004 -431891.63499999989 496412.67500000005 37.822500000000005 32.197500000000012 31.550000000000004 59.847500000000004 54.562500000000007 33.500000000000007 28.325000000000006 18711.464999999971 5.8875000000000002 10.175000000000002 17.765000000000004 33.642500000000005 32.197500000000012 5.5000000000000009 10.803207500000001
decision_type=2 2 2 2 2 2 2 2 2 2 2 2 2 2 2 2 2 2 2 2 2 2 2 2 2 2 2 2 2 2
left_child=1 -1 -2 7 6 -6 -5 8 9 -4 13 12 -12 14 20 16 17 -10 19 21 -11 -9 26 24 25 -24 27 -15 -29 -28
right_child=2 -3 3 4 5 -7 -8 18 15 10 11 -13 -14 22 -16 -17 -18 -19 -20 -21 -22 -23 23 -25 -26 -27 29 28 -30 -31
leaf_value=-0.021745463994254047 0.0010397043307120539 0.016671789940446616 -0.059641689509153363 -0.051875104193101852 0.041516200390954813 -0.0072376953465725065 -0.013865175162473778 0.028194522929434824 -0.0076255501357729146 0.091723130537535669 0.047545591558122803 0.082838471845856743 -0.030892038204603723 -0.00037566072699852843 -0.00028605722129727021 -0.035711322043170318 0.04440064595948006 -0.059551724046468739 -0.041385537793948539 0.074952966153621667 0.017555439064190503 -7.4259615525011435e-05 0.0032494792989878497 0.018007178276272143 0.0077956446459782978 -0.035822163132146978 0.012621898876233517 0.015485447438965953 0.088770789491093682 -0.0481304335705936
leaf_weight=96 10211 20 20 57 24 201 88 94 281 22 36 28 45 2394 39 94 29 25 21 25 21 214 44 59 70 166 38 56 23 50
leaf_count=96 10211 20 20 57 24 201 88 94 281 22 36 28 45 2394 39 94 29 25 21 25 21 214 44 59 70 166 38 56 23 50
internal_value=0.000128576 -0.0151218 0.00025079 -0.00163842 -0.0125281 -0.00203728 -0.028807 -0.000603705 -0.00169208 -9.29385e-05 0.000292366 0.0242291 0.00396913 -0.000582587 0.0289685 -0.0132886 -0.00699688 -0.0118679 0.01028 0.0135382 0.0555017 0.00855323 -0.00141817 -0.0123758 -0.0187779 -0.0276357 3.22889e-05 0.000812609 0.0368217 -0.0218965
internal_weight=14591 116 14475 4264 370 225 145 3894 3540 3111 3091 109 81 2982 82 429 335 306 354 333 43 308 2900 339 280 210 2561 2473 79 88
internal_count=14591 116 14475 4264 370 225 145 3894 3540 3111 3091 109 81 2982 82 429 335 306 354 333 43 308 2900 339 280 210 2561 2473 79 88
is_linear=0
shrinkage=0.05


Tree=218
num_leaves=31
num_cat=0
split_feature=16 5 14 3 8 5 7 15 14 15 19 3 19 4 6 9 8 8 14 6 6 1 5 15 15 18 17 18 19 15
split_gain=9.81732 9.38959 7.80673 25.4331 13.302 9.53312 18.7548 24.5857 19.9377 16.4062 20.3671 25.6466 19.6849 32.018 26.8338 18.2384 29.7136 20.2121 20.7426 20.3859 24.6741 17.5406 17.449 15.8127 33.4466 28.6926 36.533 36.4539 22.8759 25.4288
threshold=16.995000000000005 11.995000000000003 58.470000000000006 11.338623000000002 2.782852150000001 11.765000000000002 2246794.4000000004 11.7475 18.002500000000001 33.452500000000008 1.5374999999999963 16.262436500000003 4.8775000000000022 942537.9800000001 6.3811798500000005 440344.74999999994 -1.9596103500000002 -0.44552599999999914 28.325000000000006 12.153564500000002 15.428512500000002 5.5000000000000009 26.660000000000004 30.557500000000001 29.872500000000002 0.26500000000000418 32.197500000000012 1.1200000000000012 9.8574999999999999 28.920000000000005
decision_type=2 2 2 2 2 2 2 2 2 2 2 2 2 2 2 2 2 2 2 2 2 2 2 2 2 2 2 2 2 2
left_child=1 -1 5 -4 -5 -2 7 -7 -9 15 11 -11 13 14 -12 22 -17 -18 -19 -20 -21 -14 23 24 28 26 -25 -27 29 -10
right_child=2 -3 3 4 -6 6 -8 8 9 10 12 -13 21 -15 -16 16 17 18 19 20 -22 -23 -24 25 -26 27 -28 -29 -30 -31
leaf_value=-0.0053959210627678653 0.00088364666797767499 -0.036926085699462534 0.048129991521792759 -0.00098684201925870719 0.030691650352979962 -0.048210564920944832 -0.026927415031083937 0.045224483572731164 -0.0022835676581805845 -0.050911961916577202 0.069652847378026878 0.014748386032879353 -0.0082090015208908934 -0.044949930238847934 0.0075344105712184225 0.068335040286183354 -0.028344358886695571 0.034122313330629588 -0.030367588561430976 0.045430859273824939 -0.00016664416649408878 -0.046691665511864884 0.032131723005716741 0.012311351884347507 -0.043165485999163464 -0.060394410540660227 0.078890615941158371 0.0062319386779973417 0.034764642570531225 -0.042436067805538186
leaf_weight=83 10086 33 35 259 38 28 74 23 2773 58 21 20 123 24 101 21 36 74 37 39 124 39 38 78 51 24 28 142 41 40
leaf_count=83 10086 33 35 259 38 28 74 23 2773 58 21 20 123 24 101 21 36 74 37 39 124 39 38 78 51 24 28 142 41 40
internal_value=0.000122148 -0.0143657 0.000238251 0.00781699 0.0030663 6.03436e-05 -0.00198645 -0.00152307 -0.00119254 -0.00146405 -0.0112532 -0.034076 -0.00547336 0.00784169 0.0182269 -0.00039846 0.0107771 0.00687804 0.0115058 0.00313769 0.0107432 -0.0174733 -0.00154904 -0.0019519 -0.00303128 0.00957607 0.0298983 -0.00340079 -0.00231409 -0.00285452
internal_weight=14591 116 14475 332 297 14143 4057 3983 3955 3932 386 78 308 146 122 3546 331 310 274 200 163 162 3215 3177 2905 272 106 166 2854 2813
internal_count=14591 116 14475 332 297 14143 4057 3983 3955 3932 386 78 308 146 122 3546 331 310 274 200 163 162 3215 3177 2905 272 106 166 2854 2813
is_linear=0
shrinkage=0.05


Tree=219
num_leaves=31
num_cat=0
split_feature=16 0 0 0 4 0 17 16 16 17 4 13 19 7 8 4 9 7 6 9 7 3 16 12 16 16 8 16 6 17
split_gain=8.86013 9.26364 22.2792 8.06478 24.9048 45.5929 38.8047 48.6563 44.776 36.9945 62.8999 41.4763 34.3476 33.4563 32.2473 28.3124 26.8577 26.5999 30.6741 26.5046 25.9732 25.6885 26.4134 20.9171 20.6973 31.3307 35.4203 20.7892 19.8447 19.5786
threshold=16.995000000000005 13.500000000000002 22.500000000000004 25.500000000000004 161104.59500000003 15.500000000000002 22.660000000000004 36.277500000000011 35.392500000000005 25.755000000000006 2682979.0000000005 8.0050000000000008 -2.8874999999999971 323925.09000000008 -0.90667729999999869 743929.60000000021 -109116.90999999996 2899966.0000000005 7.9526976500000011 408989.85000000015 385917.62500000006 15.130157500000001 43.765000000000008 14.485000000000001 38.120000000000012 44.437500000000007 0.3519745000000008 40.910000000000004 16.2450565 32.065000000000012
decision_type=2 2 2 2 2 2 2 2 2 2 2 2 2 2 2 2 2 2 2 2 2 2 2 2 2 2 2 2 2 2
left_child=1 -1 -3 4 16 -6 7 8 12 10 11 17 -7 15 19 -11 -2 18 -8 -9 -15 22 -20 -14 -16 27 -27 -26 -12 -22
right_child=3 2 -4 -5 5 6 9 14 -10 13 28 -13 23 20 24 -17 -18 -19 21 -21 29 -23 -24 -25 25 26 -28 -29 -30 -31
leaf_value=-0.035590588400030841 0.037165393195867251 0.041338397376239303 -0.019351437029939508 0.0015092429637218253 -0.02335384925518029 -0.035146744586741448 -0.015475468605291099 -0.085097261958730394 0.061400861022635728 -0.0091103298017489072 -0.074946125277451106 -0.026798462270735169 -0.0010997906097620137 0.050684648901224143 -0.061991612799465662 -0.078777779214084159 0.0010321408386926524 -0.025712828067216004 0.036607543040851231 -0.015795438635078343 -0.0083670977500944661 0.024241363270986048 0.086014915548176293 -0.03988977497857478 -0.0095627853414043795 0.00309136610908004 -0.05046270519470502 0.040717451230568052 -0.010139201264138576 0.006771775931845761
leaf_weight=34 52 20 62 6635 286 87 32 37 26 35 21 39 1004 25 24 25 4671 22 76 22 440 182 42 36 52 52 76 34 27 415
leaf_count=34 52 20 62 6635 286 87 32 37 26 35 21 39 1004 25 24 25 4671 22 76 22 440 182 42 36 52 52 76 34 27 415
internal_value=0.00011604 -0.0136474 -0.00454904 0.000226338 -0.000859385 -0.0043283 -0.00240626 -0.00811914 -0.00347057 0.00359206 0.0155398 0.0221392 -0.00496716 -0.00201322 -0.0261656 -0.0381384 0.00142997 0.0275306 0.0310588 -0.0592559 0.000449864 0.0360224 0.0541932 -0.00244252 -0.0179625 -0.0130247 -0.0287064 0.0103154 -0.0384922 -0.00101899
internal_weight=14591 116 82 14475 7840 3117 2831 1450 1153 1381 441 393 1127 940 297 60 4723 354 332 59 880 300 118 1040 238 214 128 86 48 855
internal_count=14591 116 82 14475 7840 3117 2831 1450 1153 1381 441 393 1127 940 297 60 4723 354 332 59 880 300 118 1040 238 214 128 86 48 855
is_linear=0
shrinkage=0.05


Tree=220
num_leaves=31
num_cat=0
split_feature=14 13 13 5 0 0 16 9 4 5 8 8 5 5 14 14 14 15 16 17 6 9 14 8 6 12 6 12 15 5
split_gain=9.24039 15.0667 19.3981 15.7856 19.6805 24.1997 19.1454 16.3809 14.949 14.5486 13.4943 12.4922 11.2857 9.84499 9.33169 10.7671 9.24697 9.0829 8.93204 20.7253 28.2064 25.859 25.4982 28.4285 18.4575 26.6817 17.8017 14.725 14.7018 24.607
threshold=20.775000000000006 9.2350000000000012 1.0050000000000001 18.715000000000003 12.500000000000002 19.500000000000004 21.252500000000001 -1.0000000180025095e-35 8.7703705000000021 10.935 -0.087753000000000178 2.4501494000000013 15.115 11.805000000000001 18.002500000000001 16.995000000000005 18.980000000000004 17.875000000000004 24.330000000000002 14.407500000000001 28.723282000000005 -181137.9899999999 22.352500000000003 -0.94464099999999973 7.316345150000001 10.765000000000002 30.079010000000004 19.065000000000001 15.100000000000003 9.0050000000000008
decision_type=2 2 2 2 2 2 2 2 2 2 2 2 2 2 2 2 2 2 2 2 2 2 2 2 2 2 2 2 2 2
left_child=1 2 3 4 6 7 -1 -6 -4 -10 12 14 -3 -9 15 -7 -12 -16 19 20 24 -22 23 -21 25 -2 -23 28 29 -24
right_child=18 10 8 -5 5 11 -8 13 9 -11 16 -13 -14 -15 17 -17 -18 -19 -20 22 21 26 27 -25 -26 -27 -28 -29 -30 -31
leaf_value=-0.019030689611758616 0.0048768270565607754 0.020850171662867071 0.0048876256960543943 -0.035120119594714859 0.0054097039382094928 0.0023737850344993853 0.018252555600495317 0.082438476800563792 -0.016190200680131585 -0.065754995308816441 0.030114847390602037 -0.023135876181487252 0.071241429219953717 0.037150063824706842 0.0015959461461297116 0.047265067036941597 -0.0057223124024070177 0.024593672390827645 0.00029627713413776818 -0.073008264006616974 0.08286902859807016 0.038703750739946509 -0.013531396518870493 -0.01580749498502745 -0.0054954081487045879 0.068224736997349697 -0.021077746264636515 -0.041980789572000507 -0.0062827102657839924 0.015835181768618038
leaf_weight=106 68 25 56 22 23 22 51 21 57 20 30 29 20 28 184 34 45 56 11832 26 20 33 107 132 296 22 20 25 980 214
leaf_count=106 68 25 56 22 23 22 51 21 57 20 30 29 20 28 184 34 45 56 11832 26 20 33 107 132 296 22 20 25 980 214
internal_value=8.88674e-05 0.00521568 0.00244256 0.00641669 0.00806616 0.0139925 -0.00691957 0.0402199 -0.0147687 -0.0290642 0.0216002 0.00818214 0.0432463 0.0565594 0.0112505 0.0296292 0.00861255 0.00696208 -0.000219672 -0.00336157 0.0059237 0.0344253 -0.0062335 -0.0252203 0.000533491 0.0203619 0.0161447 -0.00397112 -0.00324073 0.00604632
internal_weight=14604 829 709 576 554 397 157 72 133 77 120 325 45 49 296 56 75 240 13775 1943 459 73 1484 158 386 90 53 1326 1301 321
internal_count=14604 829 709 576 554 397 157 72 133 77 120 325 45 49 296 56 75 240 13775 1943 459 73 1484 158 386 90 53 1326 1301 321
is_linear=0
shrinkage=0.05


Tree=221
num_leaves=31
num_cat=0
split_feature=3 8 3 6 12 6 18 19 9 9 12 12 18 8 14 9 7 3 9 8 3 13 17 14 4 18 8 14 18 3
split_gain=10.8491 34.4116 31.124 22.0114 18.6341 17.5407 14.6155 13.1694 11.764 14.5273 11.7434 29.6507 26.0314 21.6539 23.0603 21.3723 21.7682 39.8964 21.2247 18.6443 17.3968 16.9598 17.6002 13.7874 13.0868 14.318 12.9389 11.6803 11.3232 10.536
threshold=27.692535500000002 -1.4045409999999989 28.356354000000007 30.466721000000003 7.3650000000000011 30.655456500000003 22.764999999999997 6.6475000000000009 -11971.794 -246416.84999999995 7.8150000000000004 8.2750000000000004 -3.2424999999999993 -0.016205000000001132 28.210000000000004 159076.74000000002 1821098.1500000001 29.152939000000003 27517.1350000001 1.8492280000000003 28.223526000000003 14.075000000000001 23.047500000000003 24.9175 842625.90000000014 4.6300000000000017 0.10977145000000067 45.087500000000006 19.192499999999999 3.5532379000000005
decision_type=2 2 2 2 2 2 2 2 2 2 2 2 2 2 2 2 2 2 2 2 2 2 2 2 2 2 2 2 2 2
left_child=6 2 -2 7 -5 -6 28 10 9 -8 18 -12 -13 14 23 16 24 -18 21 -17 -20 22 26 -14 25 -15 -3 -28 29 -1
right_child=1 3 -4 4 5 -7 8 -9 -10 -11 11 12 13 15 -16 19 17 -19 20 -21 -22 -23 -24 -25 -26 -27 27 -29 -30 -31
leaf_value=0.0057996711815474916 0.0049861875362694269 -0.0046823638273363419 0.084701159745454793 0.0056983212474733596 -0.076223950265418922 -0.015773001845393861 0.021881890394117521 -0.016160572430651103 0.025702231845475345 -0.035637667846112026 0.054615569326120453 0.053298506019636996 -0.0045022946523054488 0.011224326661259339 0.037450532115657222 -0.028746078341888887 0.087904079056655371 0.0082350709560242569 0.052213322247068088 0.018133056788754306 0.0071619594504591074 0.03306945272594352 0.019989812501839233 -0.037283656870325407 -0.0085464592093895033 0.055667197471484547 -0.038048939542646071 0.0019222296327706832 -0.014439542326080199 -0.00066912429668602189
leaf_weight=663 24 94 25 36 21 28 23 70 95 21 37 30 79 74 22 48 30 33 24 38 200 22 35 54 54 24 89 23 144 12444
leaf_count=663 24 94 25 36 21 28 23 70 95 21 37 30 79 74 22 48 30 33 24 38 200 22 35 54 54 24 89 23 144 12444
internal_value=8.4424e-05 0.00461039 0.0456571 0.00288397 -0.0216142 -0.0416806 -0.000325922 0.00481206 0.0158029 -0.00557063 0.00626561 0.0114682 0.00818333 0.00521522 -0.0099683 0.013034 0.0214604 0.0461727 0.000678432 -0.00803204 0.0119889 -0.00895481 -0.0127911 -0.017812 0.0112178 0.0221083 -0.0183606 -0.0298406 -0.000495109 -0.000341909
internal_weight=14604 1214 49 1165 85 49 13390 1080 139 44 1010 523 486 456 155 301 215 63 487 86 224 263 241 133 152 98 206 112 13251 13107
internal_count=14604 1214 49 1165 85 49 13390 1080 139 44 1010 523 486 456 155 301 215 63 487 86 224 263 241 133 152 98 206 112 13251 13107
is_linear=0
shrinkage=0.05


Tree=222
num_leaves=31
num_cat=0
split_feature=3 8 3 6 12 6 18 15 5 0 16 16 5 8 9 18 18 1 18 3 3 19 18 4 4 6 9 9 18 0
split_gain=9.7913 31.0565 28.0894 19.8653 16.8173 15.8305 13.1905 12.9702 24.8966 18.8847 23.2456 26.6151 21.7261 16.7241 20.6484 14.1221 36.1059 27.6669 13.4627 11.8555 16.2548 13.3082 19.0186 11.4921 13.6005 10.6659 10.617 13.1109 10.2192 10.3057
threshold=27.692535500000002 -1.4045409999999989 28.356354000000007 30.466721000000003 7.3650000000000011 30.655456500000003 22.764999999999997 23.250000000000004 12.645000000000001 29.500000000000004 29.860000000000003 44.232500000000009 17.425000000000004 -0.016205000000001132 -135825.745 4.8900000000000032 1.5174999999999985 2.5000000000000004 -0.31749999999999895 28.613800000000005 28.356354000000007 0.65250000000000263 -1.7249999999999976 1205150.4000000001 1658772.3500000003 29.152939000000003 -11971.794 -246416.84999999995 19.192499999999999 37.500000000000007
decision_type=2 2 2 2 2 2 2 2 2 2 2 2 2 2 2 2 2 2 2 2 2 2 2 2 2 2 2 2 2 2
left_child=6 2 -2 7 -5 -6 28 9 -9 15 12 18 13 14 -11 16 19 -18 -12 20 21 22 -3 -15 -25 -14 27 -8 -1 -30
right_child=1 3 -4 4 5 -7 26 8 -10 10 11 -13 25 23 -16 -17 17 -19 -20 -21 -22 -23 -24 24 -26 -27 -28 -29 29 -31
leaf_value=-0.00032481348910085202 0.0047368780554582681 0.014414733068810571 0.080466100051999098 0.0054134054911426375 -0.072412754107444063 -0.014984351236905372 0.020787795697865281 0.0010029190853238106 -0.049718340138594309 0.0396734142942088 0.08011688961936482 0.0029325157590210441 -0.021348524795895496 0.036012761772560353 -0.018189924369277112 -0.016272021008993588 0.0099424346890901374 0.080638141654431825 0.034049547450018251 -0.0087306307924391573 0.047922299817825365 0.028049590974917701 -0.046757794264703993 -0.024210712925664016 0.024879395337991939 0.015879147958296997 0.024417120292782785 -0.033855783868403662 -0.0214402061852592 0.009450358257001629
leaf_weight=13107 24 27 25 36 21 28 23 125 30 21 29 40 74 98 58 105 31 25 35 215 24 29 24 21 43 26 95 21 108 36
leaf_count=13107 24 27 25 36 21 28 23 125 30 21 29 40 74 98 58 105 31 25 35 215 24 29 24 21 43 26 95 21 108 36
internal_value=8.02028e-05 0.00437987 0.0433742 0.00273977 -0.0205335 -0.0395965 -0.000309626 0.00457146 -0.0088141 0.00681445 0.0142343 0.0349272 0.00792326 0.016053 -0.00280853 -6.43641e-05 0.00447378 0.041503 0.0549238 -0.00202665 0.0118325 0.00100561 -0.0143723 0.0252509 0.0087717 -0.0116693 0.0150128 -0.00529209 -0.000470354 -0.0137176
internal_weight=14604 1214 49 1165 85 49 13390 1080 155 925 445 104 341 241 79 480 375 56 64 319 104 80 51 162 64 100 139 44 13251 144
internal_count=14604 1214 49 1165 85 49 13390 1080 155 925 445 104 341 241 79 480 375 56 64 319 104 80 51 162 64 100 139 44 13251 144
is_linear=0
shrinkage=0.05


Tree=223
num_leaves=31
num_cat=0
split_feature=3 8 3 6 12 6 0 15 16 12 7 5 7 5 5 8 9 18 14 9 5 6 3 0 7 4 15 5 0 5
split_gain=8.83665 28.0285 25.3507 17.9285 15.1776 14.287 11.9729 18.1512 22.2357 45.5053 35.0927 21.982 20.8065 18.5963 16.9012 19.2217 13.9808 11.9044 11.8704 23.223 10.8482 10.7246 9.95901 28.1263 18.4161 36.5256 28.468 29.0918 17.8218 12.5739
threshold=27.692535500000002 -1.4045409999999989 28.356354000000007 30.466721000000003 7.3650000000000011 30.655456500000003 25.500000000000004 23.250000000000004 29.860000000000003 7.2650000000000006 1879013.4500000004 12.645000000000001 1547748.5000000002 17.425000000000004 9.1050000000000022 -0.016205000000001132 96415.79499999994 22.764999999999997 24.837500000000002 -135825.745 9.7450000000000028 29.152939000000003 3.5532379000000005 12.500000000000002 474605.75000000006 842625.90000000014 23.130000000000003 11.765000000000002 43.500000000000007 10.005000000000001
decision_type=2 2 2 2 2 2 2 2 2 2 2 2 2 2 2 2 2 2 2 2 2 2 2 2 2 2 2 2 2 2
left_child=17 2 -2 6 -5 -6 -3 8 13 12 -11 -9 -10 14 16 18 -8 22 19 -16 -14 -15 23 29 26 -26 27 28 -25 -1
right_child=1 3 -4 4 5 -7 7 11 9 10 -12 -13 20 21 15 -17 -18 -19 -20 -21 -22 -23 -24 24 25 -27 -28 -29 -30 -31
leaf_value=0.0027379559513164703 0.004500033985823393 -0.0028023165403130022 0.076442796578630803 0.0051427351750640412 -0.068792116699651601 -0.014235133624502593 0.01267903469639217 0.0037096454503221647 0.028848144479412981 0.01880146633384043 0.092708326762335175 -0.047232423201203348 0.0063388763562492708 -0.021995139508866349 0.056628018645569683 0.027863081787847521 -0.028365731526476642 0.014262126435600257 -0.020722886267481602 -0.015657289467751981 -0.041714888539475699 0.01508519031967108 -0.00076141701418622589 0.068675197425641515 -0.057295179933309563 0.013670323731617607 -0.0033114682682739791 0.015719705221277698 0.015695369647503617 -0.019158747480368291
leaf_weight=146 24 380 25 36 21 28 41 72 47 29 36 30 23 78 20 166 42 139 41 25 24 26 12588 57 25 66 93 135 22 119
leaf_count=146 24 380 25 36 21 28 41 72 47 29 36 30 23 78 20 166 42 139 41 25 24 26 12588 57 25 66 93 135 22 119
internal_value=7.61927e-05 0.00416088 0.0412055 0.00260278 -0.0195068 -0.0376167 0.00434289 0.00822171 0.011547 0.0275676 0.0597345 -0.0112733 0.00532446 0.0057445 0.0114783 0.0179237 -0.00809061 -0.000294144 -0.00126175 0.0164695 -0.0181992 -0.0127251 -0.000446836 0.00552593 0.0139292 -0.00582569 0.0197849 0.0298222 0.0539213 -0.0070949
internal_weight=14604 1214 49 1165 85 49 1080 700 598 159 65 102 94 439 335 252 83 13390 86 45 47 104 13251 663 398 91 307 214 79 265
internal_count=14604 1214 49 1165 85 49 1080 700 598 159 65 102 94 439 335 252 83 13390 86 45 47 104 13251 663 398 91 307 214 79 265
is_linear=0
shrinkage=0.05


Tree=224
num_leaves=31
num_cat=0
split_feature=13 15 6 15 18 7 17 9 3 17 17 3 17 17 6 6 1 17 17 0 3 18 14 3 13 3 5 1 17 7
split_gain=8.81173 17.3234 23.6337 33.3158 23.5312 19.5193 18.2373 17.7574 27.7632 17.4955 17.4857 32.5389 17.2751 24.5944 25.6467 25.5693 19.5984 15.1212 45.6329 35.0077 31.05 30.7058 22.5582 16.023 18.3212 14.9135 14.7484 34.0965 46.4949 37.7512
threshold=8.5050000000000008 18.925000000000004 23.508041000000002 23.047500000000003 0.75750000000000217 1594186.4500000004 21.392500000000002 15861.33699999991 28.613800000000005 18.415000000000003 27.707500000000003 26.220214500000004 39.192500000000003 32.197500000000012 6.6715851000000006 13.862503000000002 5.5000000000000009 29.960000000000004 29.755000000000003 12.500000000000002 16.262436500000003 4.5674999999999999 33.742500000000007 15.634292500000003 10.965000000000002 4.6411133500000004 16.815000000000001 2.5000000000000004 12.922500000000001 971438.47500000009
decision_type=2 2 2 2 2 2 2 2 2 2 2 2 2 2 2 2 2 2 2 2 2 2 2 2 2 2 2 2 2 2
left_child=26 -2 4 7 12 6 9 -4 -9 -6 -5 -12 13 14 -3 -15 -17 18 19 -8 -19 23 -22 24 -21 -16 -1 28 -28 -30
right_child=1 2 3 10 5 -7 17 8 -10 -11 11 -13 -14 15 25 16 -18 20 -20 21 22 -23 -24 -25 -26 -27 27 -29 29 -31
leaf_value=-3.3525447027313449e-05 0.027640094276627197 0.044547395610614965 0.00073669845434990756 -0.0098593332466940208 0.016345796473324299 -0.037423535429905834 0.030883900245176989 0.079385369010269657 0.0010276499275977795 -0.018434733997602724 -0.055097762019588395 0.0078552067745476968 -0.013357967746929385 0.0096503119816382724 -0.033608135572918085 0.031257223856768442 0.083116933896109982 -0.0084867424151484003 0.080369470900167606 -0.0097967460346505206 0.0075609816788611093 0.014595066063165997 0.074856886751949792 -0.0023638916125572808 -0.067985909792684748 0.007357910395976823 0.077594299749894582 -0.014284641789132116 0.01069845177160616 -0.04399196383004126
leaf_weight=11276 68 46 206 239 45 35 104 20 26 184 65 30 71 75 23 49 29 307 23 24 33 101 20 45 31 652 22 531 186 38
leaf_count=11276 68 46 206 239 45 35 104 20 26 184 65 30 71 75 23 49 29 307 23 24 33 101 20 45 31 652 22 531 186 38
internal_value=7.23831e-05 0.00274205 0.00206019 -0.00671654 0.00477139 -0.000776858 0.00062187 0.00700868 0.0350962 -0.0116001 -0.0170721 -0.0352179 0.0103607 0.0122876 0.00842379 0.0304952 0.0505384 0.00468995 0.0124557 0.00733432 -0.0023855 -0.00485054 0.0329557 -0.0244906 -0.0425943 0.00596203 -0.000492648 -0.00715554 0.00823289 0.00142061
internal_weight=14604 2551 2483 586 1897 952 917 252 46 229 334 95 945 874 721 153 78 688 328 305 360 201 53 100 55 675 12053 777 246 224
internal_count=14604 2551 2483 586 1897 952 917 252 46 229 334 95 945 874 721 153 78 688 328 305 360 201 53 100 55 675 12053 777 246 224
is_linear=0
shrinkage=0.05


Tree=225
num_leaves=31
num_cat=0
split_feature=5 9 19 9 0 4 3 9 17 17 8 14 5 6 14 9 1 1 12 12 19 19 7 12 1 18 18 1 8 14
split_gain=8.0431 20.1836 47.9114 32.0538 29.7181 25.9098 25.7316 22.6734 20.462 19.7016 26.1951 32.8763 27.0875 21.4783 20.6458 19.1195 49.9034 29.7852 19.8598 18.7858 16.6177 19.7911 39.2119 66.0196 35.5997 25.8923 46.2482 44.5645 37.9902 26.8346
threshold=11.675000000000002 440344.74999999994 -0.13749999999999926 661989.37499999988 30.500000000000004 983522.15000000014 11.418777500000003 -1281.6575000000009 34.750000000000007 25.185000000000006 -1.4045409999999989 22.612500000000001 18.085000000000004 30.285476500000005 33.040000000000006 27517.1350000001 1.5000000000000002 1.0000000180025095e-35 20.835000000000004 17.355000000000004 -8.5149999999999988 0.44000000000000133 776090.55000000016 18.085000000000004 5.5000000000000009 -3.7249999999999992 -3.9674999999999989 1.5000000000000002 3.0308533500000023 20.317500000000003
decision_type=2 2 2 2 2 2 2 2 2 2 2 2 2 2 2 2 2 2 2 2 2 2 2 2 2 2 2 2 2 2
left_child=-1 5 3 -3 -5 8 -7 9 15 10 -8 -12 13 14 -13 20 17 -17 19 -18 -2 22 24 -24 25 26 27 -22 -29 -27
right_child=1 2 -4 4 -6 6 7 -9 -10 -11 11 12 -14 -15 -16 16 18 -19 -20 -21 21 -23 23 -25 -26 29 -28 28 -30 -31
leaf_value=0.00078285206255688947 -0.013060035970171587 0.078848201496293777 -0.0021312731631408384 0.037083765676580983 -0.03314958093687892 -0.049123804096845872 0.034849642013961617 0.0021524733126276944 -0.021761694078591944 -0.068635017722845082 -0.083349435590207577 0.023250441888698424 -0.05850497572843371 -0.049388931065120482 -0.023700801074798956 0.001361369004007429 -0.01755320704243073 0.075956937524935486 0.027895503650818554 -0.055237145751322575 0.040280447924160405 -0.0015556079915755511 0.0071908382160796071 0.10853042972087862 0.041209766121521114 -0.022363876912277193 -0.086251837909221654 -0.034232550339006323 0.031517821926224446 0.0098954171994863564
leaf_weight=10448 204 32 278 61 20 47 22 197 119 20 20 61 29 22 38 32 255 23 21 38 40 1700 45 25 62 72 20 102 28 616
leaf_count=10448 204 32 278 61 20 47 22 197 119 20 20 61 29 22 38 32 255 23 21 38 40 1700 45 25 62 72 20 102 28 616
internal_value=3.69287e-05 -0.00179725 0.00902754 0.0364802 0.0197422 -0.00289431 -0.0140863 -0.0100599 -0.00139416 -0.0214083 -0.0164888 -0.0231326 -0.0151037 -0.00470174 0.00522875 -0.000655891 -0.0113786 0.0325559 -0.0190741 -0.0224405 0.000701926 0.00173788 0.00728138 0.0433835 0.00459292 0.00200722 -0.0143318 -0.00587061 -0.0200709 0.00651944
internal_weight=14697 4249 391 113 81 3858 456 409 3402 212 192 170 150 121 99 3283 369 55 314 293 2914 2710 1010 70 940 878 190 170 130 688
internal_count=14697 4249 391 113 81 3858 456 409 3402 212 192 170 150 121 99 3283 369 55 314 293 2914 2710 1010 70 940 878 190 170 130 688
is_linear=0
shrinkage=0.05


Tree=226
num_leaves=31
num_cat=0
split_feature=9 3 6 18 9 19 4 18 5 7 6 4 19 18 4 5 12 0 15 14 14 9 12 0 6 0 9 18 6 0
split_gain=7.9094 28.1184 36.381 25.3288 29.2012 24.8111 31.6636 21.8979 23.8591 27.7469 31.2476 60.8385 24.1098 21.7703 30.8166 21.3957 21.1381 28.9518 22.0403 23.034 23.523 19.912 47.9144 40.1589 37.8482 32.0909 29.2493 26.348 25.8862 20.1908
threshold=-135825.745 10.871643000000002 8.4421540000000004 -5.7575000000000029 -181137.9899999999 3.3949999999999982 1600644.5000000002 -5.4424999999999963 10.735000000000001 1473185.2000000004 23.942749000000003 721207.94000000006 2.5500000000000003 -4.0599999999999978 515396.98000000004 0.12000000000000002 7.6450000000000005 30.500000000000004 34.750000000000007 36.002500000000012 42.775000000000006 -1628.9190000000001 1.0000000180025095e-35 34.500000000000007 5.8900147500000015 20.500000000000004 -127455.08100000011 -9.0374999999999979 6.575470000000001 38.500000000000007
decision_type=2 2 2 2 2 2 2 2 2 2 2 2 2 2 2 2 2 2 2 2 2 2 2 2 2 2 2 2 2 2
left_child=1 3 -3 -1 5 6 -5 -4 9 10 15 -12 -10 -11 -15 -9 18 -18 -16 -20 -21 22 23 26 25 -24 -2 -26 -29 -30
right_child=21 2 7 4 -6 -7 -8 8 12 13 11 -13 -14 14 16 -17 17 -19 19 20 -22 -23 24 -25 27 -27 -28 28 29 -31
leaf_value=-0.039295629038804632 -0.083303076875480747 0.070892491191625592 0.015644944397191253 -0.011808035471908875 0.032214226018713446 0.013725253715954219 -0.077321042092517028 0.055869886254810763 -0.00015590977658268431 -0.027689386540723428 0.0022787207679357381 0.1013891418837011 -0.028896010561367952 0.061426160366020423 0.013351287450063927 0.0049865225595513846 -0.015710505682043734 0.028272527274252342 -0.055890368623659016 0.034486252777278424 -0.0234829848410473 0.00029989679264603314 0.070657916673842608 0.0035141194269935777 0.048476042307913303 0.0029219613746843407 -0.023793317714617367 -0.057129362902858041 -9.7379301508356426e-05 -0.026646007429390481
leaf_weight=58 22 21 366 237 49 89 20 23 213 62 32 30 111 22 379 203 250 44 24 30 42 10816 34 148 25 36 336 22 875 78
leaf_count=58 22 21 366 237 49 89 20 23 213 62 32 30 111 22 379 203 250 44 24 30 42 10816 34 148 25 36 336 22 875 78
internal_value=3.50822e-05 0.00272453 0.00545576 -0.00844156 -0.00391109 -0.0090271 -0.0169063 0.00470525 0.0019722 0.00537242 0.0187912 0.0502354 -0.0100021 0.000841817 0.00307814 0.0101649 0.00140889 -0.00912801 0.00793068 -0.0134694 0.000670864 -0.000465173 -0.00571581 -0.0183935 0.000279457 0.0358223 -0.0274503 -0.00220854 -0.00350815 -0.0022703
internal_weight=14697 2305 1852 453 395 346 257 1831 1465 1141 288 62 324 853 791 226 769 294 475 96 72 12392 1576 506 1070 70 358 1000 975 953
internal_count=14697 2305 1852 453 395 346 257 1831 1465 1141 288 62 324 853 791 226 769 294 475 96 72 12392 1576 506 1070 70 358 1000 975 953
is_linear=0
shrinkage=0.05


Tree=227
num_leaves=31
num_cat=0
split_feature=9 3 6 18 9 19 4 18 8 5 8 4 15 8 6 14 8 9 1 0 6 9 8 4 6 12 8 9 8 14
split_gain=7.13823 25.3768 32.8339 22.8592 26.3541 22.392 28.5764 19.7628 23.3395 38.2478 29.5527 35.0794 79.5679 22.3951 26.5541 21.6766 24.5332 22.7689 30.8132 21.1434 20.8605 71.393 39.9035 20.8406 21.2996 19.4094 19.2368 20.6767 24.0106 19.143
threshold=-135825.745 10.871643000000002 8.4421540000000004 -5.7575000000000029 -181137.9899999999 3.3949999999999982 1600644.5000000002 -5.4424999999999963 0.018432499999999855 15.970000000000002 -0.52038600000000013 1426600.8500000003 17.037500000000005 -0.7766415000000001 30.079010000000004 22.432500000000001 -1.4365999999999992 -271008.23699999985 1.5000000000000002 31.500000000000004 17.176544500000002 -516651.85999999993 -2.5274049999999995 526088.07000000007 20.839432000000006 1.0000000180025095e-35 2.9637297500000011 -793984.24999999988 1.5624695000000008 36.805000000000007
decision_type=2 2 2 2 2 2 2 2 2 2 2 2 2 2 2 2 2 2 2 2 2 2 2 2 2 2 2 2 2 2
left_child=1 3 -3 -1 5 6 -5 -4 10 23 13 12 -12 14 15 -9 17 20 -19 25 21 -17 -22 24 -10 -14 27 28 -25 -24
right_child=-2 2 7 4 -6 -7 -8 8 9 -11 11 -13 19 -15 -16 16 -18 18 -20 -21 22 -23 29 26 -26 -27 -28 -29 -30 -31
leaf_value=-0.037330847827653439 -0.0004419147888886127 0.06734786689991043 0.014862697463625117 -0.011217633762862535 0.030603515004979126 0.013038990834107875 -0.073454991150647395 -0.043513969921817386 0.026064393826939092 -0.05702731345287141 0.11662104641673741 0.0010256550689735034 0.014140686003698244 -0.022672173248535796 0.054674711667646016 0.085427452752302444 0.021895969745437831 -0.00051067834296687081 -0.075900346720996117 -0.019038040272873612 0.022205773351920977 -0.026505276906703203 -0.0095327000970203326 -0.018741801237830751 -0.026438723877072336 0.069088239155709746 0.016252270509323027 -0.0044565199413030242 -0.078054832028491172 -0.052668962680867737
leaf_weight=58 12392 21 366 237 49 89 20 24 99 34 27 101 45 82 26 29 151 33 23 26 90 28 97 91 24 25 73 281 21 35
leaf_count=58 12392 21 366 237 49 89 20 24 99 34 27 101 45 82 26 29 151 33 23 26 90 28 97 91 24 25 73 281 21 35
internal_value=3.33281e-05 0.0025883 0.00518297 -0.00801948 -0.00371554 -0.00857575 -0.016061 0.00446999 0.00187359 -0.00546325 0.00730215 0.0228612 0.0407912 0.00166263 0.00538549 0.0028727 0.0051634 -0.00237874 -0.0314743 0.019464 0.00346123 0.030443 -0.00346651 -0.00248672 0.0158199 0.0337648 -0.00731872 -0.011697 -0.029863 -0.0209703
internal_weight=14697 2305 1852 453 395 346 257 1831 1465 623 842 224 123 618 536 510 486 335 56 96 279 57 222 589 123 70 466 393 112 132
internal_count=14697 2305 1852 453 395 346 257 1831 1465 623 842 224 123 618 536 510 486 335 56 96 279 57 222 589 123 70 466 393 112 132
is_linear=0
shrinkage=0.05


Tree=228
num_leaves=31
num_cat=0
split_feature=17 17 17 12 6 3 17 16 15 0 8 8 6 4 0 12 5 17 17 0 9 17 3 17 8 0 16 16 18 3
split_gain=6.8608 33.5484 28.3791 27.8653 27.4064 40.7446 26.8089 47.7521 38.1708 33.2901 39.274 27.2645 29.6617 32.9828 41.1031 31.3078 23.6204 23.2383 23.1941 27.3654 25.8024 32.6661 24.2216 21.2881 20.6885 20.6336 32.9353 35.093 34.1407 29.8321
threshold=26.255000000000003 26.992500000000003 27.282500000000002 8.7550000000000008 23.508041000000002 25.721038500000002 23.735000000000003 43.652500000000011 31.377500000000005 40.500000000000007 -4.0957182499999991 -6.8116302949999996 22.481872500000005 2218700.5000000005 25.500000000000004 10.265000000000002 7.455000000000001 23.932500000000005 24.280000000000005 16.500000000000004 349384.50000000006 24.847500000000004 17.284149000000003 23.250000000000004 -1.7295076999999999 25.500000000000004 46.700000000000003 43.300000000000004 -15.572499999999996 16.457153000000002
decision_type=2 2 2 2 2 2 2 2 2 2 2 2 2 2 2 2 2 2 2 2 2 2 2 2 2 2 2 2 2 2
left_child=6 3 -3 -2 -4 -6 23 8 11 10 -9 -8 13 15 -15 17 24 -13 19 -12 21 -20 -23 25 -14 -1 27 28 -27 -30
right_child=1 2 4 -5 5 -7 7 9 -10 -11 18 12 16 14 -16 -17 -18 -19 20 -21 -22 22 -24 -25 -26 26 -28 -29 29 -31
leaf_value=-0.0023718073215481961 -0.0073117353796907196 0.023472533385890226 0.00017792631243062219 -0.041386002740926214 -0.033749582656423333 -0.0016689040061819373 -0.029718010937757489 0.057446750312422717 -0.031363060651611624 -0.02793093619714325 -0.010009845579320211 0.06205412575910832 0.073719508200883868 -0.054901937295549687 0.028672489313588991 0.044834845263571177 -0.0032059227338996372 0.015216297174643604 -0.042641903793044167 0.042795846320815012 0.019734223495605729 0.0056506670633225207 -0.020410421453512032 -0.019066478427499534 0.011690764601637678 0.050823420462095072 0.018073869126111457 -0.020515154072489335 -0.0030005859187057539 0.0065439073994344151
leaf_weight=4449 180 120 3770 90 154 277 31 30 44 112 42 29 20 28 31 187 216 305 66 59 86 229 146 150 41 36 317 176 1606 1670
leaf_count=4449 180 120 3770 90 154 277 31 30 44 112 42 29 20 28 31 187 216 305 66 59 86 229 146 150 41 36 317 176 1606 1670
internal_value=3.16617e-05 -0.00157114 -0.000502716 -0.0186698 -0.00118756 -0.0131316 0.000759788 0.00648225 0.0140947 -0.00273177 0.00155745 0.0163471 0.0180134 0.0244418 -0.01099 0.0284542 0.00455318 0.0192831 -0.00111242 0.020837 -0.00531905 -0.0102047 -0.00449578 -0.000399139 0.0320281 -5.98975e-05 0.00264331 0.00124093 0.00239705 0.00186489
internal_weight=14697 4591 4321 270 4201 431 10106 1702 932 770 658 888 857 580 59 521 277 334 628 101 527 441 375 8404 61 8254 3805 3488 3312 3276
internal_count=14697 4591 4321 270 4201 431 10106 1702 932 770 658 888 857 580 59 521 277 334 628 101 527 441 375 8404 61 8254 3805 3488 3312 3276
is_linear=0
shrinkage=0.05


Tree=229
num_leaves=31
num_cat=0
split_feature=5 9 19 9 0 4 15 18 0 0 9 15 7 9 17 9 12 13 1 17 18 18 16 17 5 15 14 12 12 17
split_gain=7.4808 17.3789 43.3739 28.8062 26.6529 23.1233 22.3069 39.807 25.4857 33.6222 19.1415 17.1162 43.2088 23.7476 19.0161 21.7775 72.1721 23.8691 32.4956 32.4628 18.2116 27.1675 19.4438 23.0444 21.6328 21.333 17.5745 35.0321 18.5413 17.0873
threshold=11.675000000000002 440344.74999999994 -0.13749999999999926 661989.37499999988 30.500000000000004 983522.15000000014 14.075000000000001 -3.8299999999999961 42.500000000000007 36.500000000000007 -1281.6575000000009 16.132500000000004 907978.65000000002 30.814815435000011 34.750000000000007 5.2148153000000015 20.835000000000004 10.175000000000002 1.5000000000000002 21.450000000000003 10.067500000000001 11.260000000000003 27.700000000000006 26.697500000000002 11.995000000000003 17.340000000000003 29.860000000000003 12.545000000000002 15.585000000000003 23.130000000000003
decision_type=2 2 2 2 2 2 2 2 2 2 2 2 2 2 2 2 2 2 2 2 2 2 2 2 2 2 2 2 2 2
left_child=-1 5 3 -3 -5 6 7 -2 9 -9 -7 12 13 -8 15 20 17 18 19 -17 22 -22 23 29 -24 -26 27 -20 -28 -13
right_child=1 2 -4 4 -6 10 11 8 -10 -11 -12 14 -14 -15 -16 16 -18 -19 26 -21 21 -23 24 -25 25 -27 28 -29 -30 -31
leaf_value=0.00074945530599821114 0.075380764715373527 0.074590510025882392 -0.0023115276144616468 0.034981576557897152 -0.031531187631189825 -0.023484499101709251 -0.02222484556694675 -0.012247790566692918 -0.032130863124449904 0.037775247861655092 -0.0029954184819243651 -0.0074739389379392387 0.04954327615694358 0.018813173444941642 -0.020597772029333185 0.057564031193032862 0.074646400142461072 0.0039077018752290181 -0.040198070420311732 -0.016654476687750396 -0.059813293442130093 -0.0046956102725548244 -0.013825641944600923 -0.057238646689802414 0.044394004333298653 0.0073066569154351868 -0.022750656289080608 0.01109765623754356 -0.053648107222836361 0.014178186058366704
leaf_weight=10448 24 32 278 61 20 230 297 59 34 78 226 400 26 40 119 26 25 166 57 34 27 130 119 20 40 1265 145 80 73 118
leaf_count=10448 24 32 278 61 20 230 297 59 34 78 226 400 26 40 119 26 25 166 57 34 27 130 119 20 40 1265 145 80 73 118
internal_value=3.00787e-05 -0.00173882 0.00830574 0.0344261 0.0185587 -0.00275681 -0.00133962 0.0150797 0.00661638 0.0162325 -0.0133298 -0.00233799 -0.0125623 -0.0173539 -0.00103298 -0.000178592 -0.00853694 -0.0121163 -0.0185258 0.0155069 0.00221176 -0.0141744 0.00352299 -0.00457495 0.00658246 0.00844343 -0.0242778 -0.0102444 -0.0330971 -0.0025416
internal_weight=14697 4249 391 113 81 3858 3402 195 171 137 456 3207 363 337 2844 2725 606 581 415 60 2119 157 1962 538 1424 1305 355 137 218 518
internal_count=14697 4249 391 113 81 3858 3402 195 171 137 456 3207 363 337 2844 2725 606 581 415 60 2119 157 1962 538 1424 1305 355 137 218 518
is_linear=0
shrinkage=0.05


Tree=230
num_leaves=31
num_cat=0
split_feature=5 9 15 6 5 9 18 14 4 14 8 6 3 9 9 6 14 8 18 18 17 15 12 15 8 17 12 4 16 8
split_gain=10.7767 27.4113 13.8965 17.3575 22.3866 17.3801 14.0649 13.3123 13.023 36.4904 21.6398 22.3271 21.5704 17.1045 19.9569 16.6143 19.8025 22.6612 15.354 14.7988 18.7678 14.7141 14.594 14.5714 14.524 15.3758 18.8448 15.9867 16.1573 14.0683
threshold=7.455000000000001 -1614618.5499999998 26.992500000000003 14.850250500000001 1.0050000000000001 101337.45000000008 2.4800000000000026 35.265000000000008 1812995.3000000003 52.890000000000008 1.6275635000000002 18.258392500000003 10.595123500000001 440344.74999999994 200641.4500000001 12.243026500000001 32.037500000000009 0.68756049999999835 -4.5075000000000012 -0.062500000000001762 22.722500000000004 19.897500000000004 4.9150000000000009 12.922500000000001 -2.4813840000000016 20.375000000000004 6.995000000000001 1528419.5000000002 34.597500000000004 0.36218269999999958
decision_type=2 2 2 2 2 2 2 2 2 2 2 2 2 2 2 2 2 2 2 2 2 2 2 2 2 2 2 2 2 2
left_child=2 -2 8 4 7 -5 -7 -4 15 10 11 12 21 14 23 16 -1 -18 -12 -20 -21 -10 -14 -13 -17 26 -26 -27 -29 -16
right_child=1 -3 3 5 -6 6 -8 -9 9 -11 18 13 22 -15 29 24 17 -19 19 20 -22 -23 -24 -25 25 27 -28 28 -30 -31
leaf_value=-0.0081594287636404753 0.045718447943076945 8.7148984056219377e-05 -0.06730157794511836 0.0020035591859969694 -0.0026158909584710916 0.01200420806931635 0.049227822618559007 -0.014592696882784369 -0.036491674040444198 -0.067844833646501818 -0.027584611182101072 -0.047098533734679225 -0.070787042828742416 0.021786772805016216 -0.018216129973530771 0.0086190504142941212 0.0080014730684776266 0.05293497772887349 0.039536357974927681 0.02998446320401088 -0.015222652484502259 0.022764797762713649 -0.026231381222811146 -0.0022190998995765335 0.032494584599939674 -0.020645908817465679 -0.0067157947728605748 -0.014840647774690297 0.039430356972540423 -0.074477670105989088
leaf_weight=98 33 12228 23 516 254 86 36 25 20 28 28 20 40 41 25 127 94 40 38 38 58 22 34 189 39 305 143 32 24 20
leaf_count=98 33 12228 23 516 254 86 36 25 20 28 28 20 40 41 25 127 94 40 38 38 58 22 34 189 39 305 143 32 24 20
internal_value=-0.000394254 0.000209964 -0.00342672 0.00134171 -0.00853374 0.0060163 0.0229882 -0.039849 -0.00640898 -0.0121108 -0.00938731 -0.0154877 -0.034072 -0.00817993 -0.0130171 -0.00260988 0.00892204 0.0214145 0.00608956 0.013126 0.00267183 -0.00545257 -0.0503155 -0.00651378 -0.00660302 -0.0101632 0.00168643 -0.0161373 0.00841835 -0.0432213
internal_weight=14704 12261 2443 940 302 638 122 48 1503 601 573 411 116 295 254 902 232 134 162 134 96 42 74 209 670 543 182 361 56 45
internal_count=14704 12261 2443 940 302 638 122 48 1503 601 573 411 116 295 254 902 232 134 162 134 96 42 74 209 670 543 182 361 56 45
is_linear=0
shrinkage=0.05


Tree=231
num_leaves=31
num_cat=0
split_feature=3 0 13 0 0 1 0 4 16 15 15 16 16 17 4 1 8 12 13 8 8 6 12 12 16 13 3 15 6 18
split_gain=9.82934 14.635 11.5599 9.09397 39.0357 40.1232 27.2316 50.7848 43.2309 22.104 25.9565 21.9297 22.5828 20.2612 19.2524 18.4014 33.8394 42.9697 36.5018 38.1946 31.2297 26.8328 34.1218 25.8503 25.7523 25.3525 25.1058 25.9135 23.5465 22.9271
threshold=1.8685913000000003 12.500000000000002 8.3050000000000015 25.500000000000004 23.500000000000004 4.5000000000000009 29.500000000000004 2548279.3500000006 38.267500000000005 13.787500000000001 13.050000000000002 23.730000000000004 23.130000000000003 35.125000000000007 2218700.5000000005 1.5000000000000002 -0.65479999999999972 7.7250000000000005 11.445000000000002 0.29519599999999985 -2.1445463499999993 15.668212500000001 17.665000000000003 19.910000000000004 48.552500000000009 12.585000000000003 18.398636000000003 26.002500000000005 10.414291000000002 -2.7449999999999934
decision_type=2 2 2 2 2 2 2 2 2 2 2 2 2 2 2 2 2 2 2 2 2 2 2 2 2 2 2 2 2 2
left_child=1 2 -1 4 9 -6 11 15 -9 10 -2 12 -5 -11 -15 16 17 29 19 23 24 -21 26 -18 25 28 -23 -28 -17 -8
right_child=3 -3 -4 6 5 -7 7 8 -10 13 -12 -13 -14 14 -16 20 18 -19 -20 21 -22 22 -24 -25 -26 -27 27 -29 -30 -31
leaf_value=0.0048681882745955918 -0.0013982471349755551 0.021616062949496237 -0.038763338429853328 -0.0016712320843038876 -0.021382182655260686 0.0076027665120538008 0.011604182766129574 -0.0072902151000582508 -0.08080114724321498 0.00075347586630945861 -0.029411002379697817 0.010711151283452564 -0.056462457421280088 -0.011112053250914418 0.037703233778787155 0.02461810616244163 0.031895704075619098 -0.010857102706076455 -0.028515982327231189 -0.0031395303871885934 -0.0037204319472667093 0.076547135285694498 -0.033738867107226893 -0.012043569942838268 0.042358651257085579 0.046590861714711149 0.029454263067716549 -0.019278156921705782 -0.0042774646489407882 0.067751130741089585
leaf_weight=63 198 121 20 180 454 162 75 45 36 6382 142 995 21 529 21 91 281 497 57 366 3283 22 27 38 54 35 138 34 313 24
leaf_count=63 198 121 20 180 454 162 75 45 36 6382 142 995 21 529 21 91 281 497 57 366 3283 22 27 38 54 35 138 34 313 24
internal_value=-0.000374542 0.0105244 -0.00564543 -0.000527878 -0.0016743 -0.0137595 0.000839787 -0.000668093 -0.0399617 -0.000650583 -0.0130977 0.00766811 -0.00739569 -4.00787e-05 -0.0092482 -7.15074e-05 0.00449855 -0.00486517 0.0102937 0.0127354 -0.00195835 0.00516738 0.0189245 0.0266616 0.00977576 0.00576784 0.026254 0.0198211 0.00223119 0.0252156
internal_weight=14704 204 83 14500 7888 616 6612 5416 81 7272 340 1196 201 6932 550 5335 1559 596 963 906 3776 587 221 319 493 439 194 172 404 99
internal_count=14704 204 83 14500 7888 616 6612 5416 81 7272 340 1196 201 6932 550 5335 1559 596 963 906 3776 587 221 319 493 439 194 172 404 99
is_linear=0
shrinkage=0.05


Tree=232
num_leaves=31
num_cat=0
split_feature=5 9 18 17 18 8 18 4 1 8 9 6 18 18 8 1 18 18 9 0 18 18 19 8 12 12 19 15 4 0
split_gain=9.65202 15.8152 13.4326 19.0554 18.1941 26.4794 14.6855 14.0542 13.4768 24.4687 13.2068 21.7267 16.0915 12.9782 13.0187 28.7572 12.917 51.1934 38.7073 44.5251 24.8738 22.631 19.849 67.5598 18.4535 31.1207 46.7781 26.2884 19.664 17.8093
threshold=7.2750000000000012 -1614618.5499999998 -0.74000000000000543 28.162500000000001 -4.5075000000000012 0.89195250000000137 -1.4000000000000019 1627999.55 1.0000000180025095e-35 -0.23631300000000086 -146641.20000000004 25.593414500000005 -5.4424999999999963 -1.0000000180025095e-35 -3.6543578500000002 1.5000000000000002 3.6250000000000004 4.0874999999999995 -13427.199500000008 19.500000000000004 4.222500000000001 3.9450000000000007 -11.419999999999996 0.86338799999999971 10.915000000000001 19.315000000000001 3.142499999999997 23.827500000000004 425723.96000000002 17.500000000000004
decision_type=2 2 2 2 2 2 2 2 2 2 2 2 2 2 2 2 2 2 2 2 2 2 2 2 2 2 2 2 2 2
left_child=2 -2 3 4 10 7 -7 -6 -5 -10 12 -12 -1 14 -4 -16 -3 18 19 -18 -19 -20 23 -22 29 27 -27 -26 -28 -24
right_child=1 16 13 8 5 6 -8 -9 9 -11 11 -13 -14 -15 15 -17 17 20 21 -21 22 -23 24 -25 25 26 28 -29 -30 -31
leaf_value=0.0051030355531347365 0.032807754710115287 -0.00086640477395838749 0.0050449815494093032 -0.0023451464828103783 0.0043805876553058625 0.017555788950205355 0.066243992728136844 -0.027448182677229246 0.054990271059796217 0.010310856103612723 -0.030368445628802435 0.015554210217669607 -0.031227052290188642 -0.0055898464242852232 -0.010235013259995368 -0.086014985009318312 0.10853796039397519 -0.023216443507984845 0.0052797533905477355 0.026205379706628337 -0.0016551574441235001 0.040937919968908484 -0.0018105787185045625 0.10301048173790886 -0.019006510602674141 0.073184710475616158 -0.039714728781710507 0.00025931844440711248 0.021303219384243413 0.0080038840917328932
leaf_weight=154 37 9371 22 100 125 59 21 48 40 131 132 32 38 1141 31 21 24 106 233 52 58 55 861 21 343 30 23 366 31 998
leaf_count=154 37 9371 22 100 125 59 21 48 40 131 132 32 38 1141 31 21 24 106 233 52 58 55 861 21 343 30 23 366 31 998
internal_value=-0.000355815 0.000166357 -0.00349856 0.00120583 -0.00370227 0.00654931 0.0303364 -0.00445052 0.0122355 0.0207622 -0.0109878 -0.0214079 -0.00208729 -0.00690586 -0.0271974 -0.0408385 7.02916e-05 0.00281249 0.0204653 0.0522051 0.000547559 0.0120895 0.00146993 0.0261674 0.000734219 -0.00565173 0.023125 -0.0090611 -0.00468591 0.00345829
internal_weight=14704 12609 2095 880 609 253 80 173 271 171 356 164 192 1215 74 52 12572 3201 364 76 2837 288 2731 79 2652 793 84 709 54 1859
internal_count=14704 12609 2095 880 609 253 80 173 271 171 356 164 192 1215 74 52 12572 3201 364 76 2837 288 2731 79 2652 793 84 709 54 1859
is_linear=0
shrinkage=0.05


Tree=233
num_leaves=31
num_cat=0
split_feature=5 9 4 17 3 6 9 9 17 4 3 15 4 16 15 9 18 9 6 14 6 14 1 9 3 3 14 16 19 18
split_gain=8.91525 21.9286 16.0441 16.6346 10.6834 10.2294 10.0951 29.2941 18.2327 10.6406 14.5932 19.7968 12.7042 9.84618 9.77606 21.2672 14.5167 23.5021 19.1142 10.9072 39.0589 46.9463 34.512 45.371 54.1153 35.5373 41.7536 27.446 27.4449 47.9606
threshold=1.0050000000000001 526968.50000000023 489275.97000000003 34.507500000000007 10.086609000000001 18.098648000000004 46279.799999999937 -173710.04999999973 25.082500000000007 1902767.6500000001 15.800033500000001 28.732500000000005 2218700.5000000005 46.055000000000007 36.447500000000012 -431891.63499999989 4.7950000000000061 -141.74922499999965 11.497986000000003 36.805000000000007 13.862503000000002 38.160000000000004 1.5000000000000002 12191.485300000188 8.8811187500000006 12.834381000000002 43.912500000000009 46.055000000000007 1.0400000000000011 -1.9024999999999996
decision_type=2 2 2 2 2 2 2 2 2 2 2 2 2 2 2 2 2 2 2 2 2 2 2 2 2 2 2 2 2 2
left_child=1 2 13 4 -4 -5 7 9 -9 10 -6 -12 -11 -1 19 -16 17 18 -17 -2 22 -22 23 27 -25 26 -26 -21 29 -24
right_child=14 -3 3 5 6 -7 -8 8 -10 12 11 -13 -14 -15 15 16 -18 -19 -20 20 21 -23 28 24 25 -27 -28 -29 -30 -31
leaf_value=-0.0006413590318212907 -0.00065972683684706627 -0.047347997837970335 0.015471117555974953 -0.0033083292943510145 -0.0049571261859109889 0.029687339110617956 0.0062672428922366076 -0.030053932410057473 -0.086280855217150287 0.031469077670148442 -0.012105836869487839 -0.07259284130608043 -0.0095419031567871571 0.034020847426727417 -0.055168713558287855 -0.070037500049780918 0.0038273366102948786 -0.0052584401670351926 -0.015016141330431165 0.021199824663101517 0.053570701025034251 -0.0024732367603322635 0.020462961492012256 0.12148116736539774 -0.047460680490448361 0.075623771855607633 0.04220969989238417 -0.01312417218876185 0.015736504226020017 -0.009276852171418248
leaf_weight=42 9635 31 31 55 79 41 47 46 21 28 31 24 58 40 21 27 325 368 38 201 38 2242 184 21 21 30 34 82 348 515
leaf_count=42 9635 31 31 55 79 41 47 46 21 28 31 24 58 40 21 27 325 368 38 201 38 2242 184 21 21 30 34 82 348 515
internal_value=-0.000338024 -0.00644652 -0.00411144 -0.00773625 -0.0126072 0.0107836 -0.0152133 -0.018731 -0.0476773 -0.00991554 -0.0187248 -0.0385002 0.00381051 0.016267 -8.98799e-05 -0.00553452 -0.00415943 -0.0101541 -0.0378712 0.000227802 0.00252902 -0.00153917 0.00898828 0.021705 0.0496064 0.031849 0.00797192 0.0112544 0.00426352 -0.00144835
internal_weight=14704 574 543 461 365 96 334 287 67 220 134 55 86 82 14130 779 758 433 65 13351 3716 2280 1436 389 106 85 55 283 1047 699
internal_count=14704 574 543 461 365 96 334 287 67 220 134 55 86 82 14130 779 758 433 65 13351 3716 2280 1436 389 106 85 55 283 1047 699
is_linear=0
shrinkage=0.05


Tree=234
num_leaves=31
num_cat=0
split_feature=3 12 0 5 12 6 5 4 8 0 14 16 4 6 14 19 17 15 15 18 13 15 15 8 12 4 19 17 15 8
split_gain=8.95935 14.0823 12.2625 11.1835 9.65277 8.09897 11.2328 17.6697 15.2675 36.0793 19.2463 25.8419 14.2602 13.7589 31.7435 35.5738 33.401 31.9673 30.5348 28.5412 27.6842 26.9203 31.9597 32.1298 31.5245 27.3486 32.3833 25.531 24.017 19.5987
threshold=1.8685913000000003 10.615 34.500000000000007 8.5050000000000008 14.025 2.7368622000000005 0.99500000000000011 359912.07000000007 0.14906350000000049 28.500000000000004 48.195000000000007 48.497500000000009 1888733.7000000004 10.773727500000001 28.325000000000006 -1.4474999999999978 18.167500000000004 27.282500000000002 19.492500000000003 2.0500000000000012 8.2650000000000023 22.375000000000004 30.475000000000001 1.1911468000000005 11.655000000000003 2457619.0000000005 1.7525000000000015 22.302500000000006 19.897500000000004 4.0357211500000014
decision_type=2 2 2 2 2 2 2 2 2 2 2 2 2 2 2 2 2 2 2 2 2 2 2 2 2 2 2 2 2 2
left_child=1 2 3 -1 -3 -2 7 -7 9 10 12 -12 -9 14 16 20 18 19 -8 -18 -16 24 23 -23 25 26 27 28 -17 -15
right_child=5 4 -4 -5 -6 6 13 8 -10 -11 11 -13 -14 29 15 21 17 -19 -20 -21 -22 22 -24 -25 -26 -27 -28 -29 -30 -31
leaf_value=0.018141219912629042 0.0060389858774910488 0.056005506683140999 0.02724997586521663 -0.015681687910770886 0.012032243254809427 0.037103165984153745 -0.0047795469036819261 -0.017722910063016708 -0.020658087202753837 -0.047869309793938608 -0.0027863809764385227 0.06776115564560449 0.019280384845901714 0.00027667543095372045 0.015436223387097787 0.013194225373381115 -0.012837478835940486 0.02517836378057204 0.025737400882944617 -0.036334205872916324 -0.021643129812686571 -0.00092147350341039618 -0.0051471095546031182 0.024627183433459446 -0.028946630644829986 -0.051373245681707681 -0.031158934392234577 -0.010483737086327986 0.064151642976268644 0.018430318825242931
leaf_weight=35 463 24 38 81 26 20 529 66 203 34 25 27 43 9658 498 91 624 46 97 163 56 266 832 229 188 26 56 78 31 151
leaf_count=35 463 24 38 81 26 20 529 66 203 34 25 27 43 9658 498 91 624 46 97 163 56 266 832 229 188 26 56 78 31 151
internal_value=-0.000321123 0.0100843 0.00259886 -0.0054765 0.0331394 -0.000467516 -0.000682128 -0.00875562 -0.0110601 -0.00106831 0.00881513 0.0338441 -0.00312528 -0.000434333 -0.00298433 0.00061098 -0.00877773 -0.015336 -5.08825e-05 -0.017704 0.0116881 -0.00280401 0.000838069 0.010898 -0.0130871 -0.00251405 0.00244822 0.0118582 0.0261424 0.000556133
internal_weight=14704 204 154 116 50 14500 14037 418 398 195 161 52 109 13619 3810 2351 1459 833 626 787 554 1797 1327 495 470 282 256 200 122 9809
internal_count=14704 204 154 116 50 14500 14037 418 398 195 161 52 109 13619 3810 2351 1459 833 626 787 554 1797 1327 495 470 282 256 200 122 9809
is_linear=0
shrinkage=0.05


Tree=235
num_leaves=31
num_cat=0
split_feature=14 14 5 19 14 7 9 1 0 6 3 16 7 5 14 16 6 9 0 8 8 3 5 5 16 0 5 8 7 18
split_gain=10.1408 57.5164 42.3051 33.4818 54.5048 40.5322 64.9141 41.1986 35.258 40.888 34.5808 43.5956 29.3007 27.0133 26.7903 29.4999 26.0116 22.6419 20.5408 19.9477 26.7072 32.8415 18.455 17.7558 17.2567 17.2349 16.9847 15.9697 15.2137 14.5628
threshold=40.040000000000006 41.33250000000001 11.895000000000001 -0.75249999999999939 44.927500000000009 1242506.7000000004 171709.87000000002 2.5000000000000004 17.500000000000004 11.788665500000002 13.976288000000002 38.267500000000005 2038169.8000000003 15.335000000000003 43.525000000000006 49.472500000000004 14.654693750000002 -1.0000000180025095e-35 12.500000000000002 5.3082126000000009 4.0357211500000014 16.372756500000005 19.380000000000006 14.525 48.540000000000006 24.500000000000004 8.0650000000000031 7.2601008650000001 8.7703705000000021 4.4550000000000063
decision_type=2 2 2 2 2 2 2 2 2 2 2 2 2 2 2 2 2 2 2 2 2 2 2 2 2 2 2 2 2 2
left_child=27 2 17 4 5 6 7 -3 9 18 11 -10 -7 -4 15 -5 24 25 -6 20 22 -22 -16 26 -13 -2 -18 -1 -21 -11
right_child=1 3 13 14 8 12 -8 -9 10 29 -12 16 -14 -15 19 -17 23 -19 -20 28 21 -23 -24 -25 -26 -27 -28 -29 -30 -31
leaf_value=-0.00083313670202875701 0.067552383268872904 0.017184148587258613 0.10104971417674312 -0.022955328984354505 0.028766796699545179 -0.036401429509415349 0.11650325302779674 0.091762757978656073 -0.012843152461573483 -0.032894573134318407 0.0034259817241144674 0.057558628544211392 0.029736383437094366 0.027310530679381412 -0.00042889294833551439 0.023121794178150596 0.055006965510547158 0.003597472722671457 -0.017489711548004185 -4.7631952911615377e-05 0.067415030964184552 -0.0047947184017468848 -0.032851553900788227 0.031664679574102843 -0.00066250700935987497 0.011340859860181809 0.12016955751925706 0.03299575175025634 -0.057583668030781188 -0.01045923202556928
leaf_weight=10784 30 117 27 264 88 34 25 22 44 108 587 20 33 23 1778 40 20 127 33 20 32 31 45 22 35 25 20 35 27 219
leaf_count=10784 30 117 27 264 88 34 25 22 44 108 587 20 33 23 1778 40 20 127 33 20 32 31 45 22 35 25 20 35 27 219
internal_value=6.39654e-05 0.00225127 0.0263942 0.000722568 0.00670693 0.0289418 0.0423287 0.028988 0.00241239 -0.00868051 0.00905627 0.0295841 -0.00382609 0.0671297 -0.0030949 -0.0168925 0.0455396 0.0152031 0.0161514 -0.000924966 -0.000123143 0.0318832 -0.00122923 0.0677444 0.0205088 0.0420017 0.0875883 -0.000723699 -0.0331002 -0.0178691
internal_weight=14715 3896 232 3664 1427 231 164 139 1196 448 748 161 67 50 2237 304 117 182 121 1933 1886 63 1823 62 55 55 40 10819 47 327
internal_count=14715 3896 232 3664 1427 231 164 139 1196 448 748 161 67 50 2237 304 117 182 121 1933 1886 63 1823 62 55 55 40 10819 47 327
is_linear=0
shrinkage=0.05


Tree=236
num_leaves=31
num_cat=0
split_feature=14 14 5 19 14 7 4 14 0 6 3 16 4 4 12 14 16 9 7 4 8 8 3 12 4 12 9 12 3 12
split_gain=9.15203 51.9086 38.1803 30.2173 49.1906 37.249 80.1471 37.7185 31.8204 36.9014 31.2092 39.345 36.1558 67.4886 25.571 24.1783 26.6237 20.4343 20.2046 18.6336 18.0028 24.1033 29.6394 21.8737 45.5379 27.9096 19.1939 17.3103 15.5868 26.208
threshold=40.040000000000006 41.33250000000001 11.895000000000001 -0.75249999999999939 44.927500000000009 943287.72000000009 465480.78000000009 44.57500000000001 17.500000000000004 11.788665500000002 13.976288000000002 38.267500000000005 1835829.8000000003 555931.97000000009 14.945000000000002 43.525000000000006 49.472500000000004 -1.0000000180025095e-35 2038169.8000000003 2498.1332500000003 5.3082126000000009 4.0357211500000014 16.372756500000005 15.405000000000003 204461.75000000003 14.635000000000003 -199734.02499999997 12.995000000000003 14.461013500000002 16.065000000000001
decision_type=2 2 2 2 2 2 2 2 2 2 2 2 2 2 2 2 2 2 2 2 2 2 2 2 2 2 2 2 2 2
left_child=-1 2 17 4 5 6 7 -3 9 19 11 -10 13 27 -4 16 -5 -2 -7 -6 21 23 -23 25 28 -17 -26 -13 29 -25
right_child=1 3 14 15 8 18 -8 -9 10 -11 -12 12 -14 -15 -16 20 -18 -19 -20 -21 -22 22 -24 24 26 -27 -28 -29 -30 -31
leaf_value=-0.00068751360800450205 0.039901606721634217 0.015563677109561727 0.10099010566870373 -0.021807562477117633 0.027609899992942166 -0.023763302659215189 0.13237592393443698 0.087174619429490785 -0.012200994501737032 -0.016975615789689445 0.0032546827884143447 0.064117216564905419 -0.0030324091233553427 0.12369906369796289 0.029419144497324641 -0.00046142184840802455 0.021965704346075657 0.003417599306663674 0.02824956476970604 -0.016042929771356285 -0.031445236127585811 0.064044279919471592 -0.0045549828469032246 -0.023237519736655735 -0.0038529908061027528 0.036768706429463165 -0.054796434679186684 0.007821761798630986 -0.020630836923716263 0.043858756378379674
leaf_weight=10819 55 112 24 264 87 43 21 22 44 327 587 22 31 28 26 1576 40 127 33 34 47 32 31 22 25 52 71 36 34 43
leaf_count=10819 55 112 24 264 87 43 21 22 44 327 587 22 31 28 26 1576 40 127 33 34 47 32 31 22 25 52 71 36 34 43
internal_value=6.07671e-05 0.00213871 0.0250745 0.000686439 0.00637158 0.0274947 0.041554 0.0273207 0.00229177 -0.00824648 0.00860346 0.0281049 0.0432627 0.0599504 0.0637732 -0.00294016 -0.0160479 0.014443 -0.00117877 0.0153438 -0.000878717 -0.000116985 0.0302891 -0.00116777 -0.0169929 0.000727747 -0.0415299 0.0291752 0.00680053 0.0211492
internal_weight=14715 3896 232 3664 1427 231 155 134 1196 448 748 161 117 86 50 2237 304 182 76 121 1933 1886 63 1823 195 1628 96 58 99 65
internal_count=14715 3896 232 3664 1427 231 155 134 1196 448 748 161 117 86 50 2237 304 182 76 121 1933 1886 63 1823 195 1628 96 58 99 65
is_linear=0
shrinkage=0.05


Tree=237
num_leaves=31
num_cat=0
split_feature=9 19 9 5 4 8 19 19 5 19 4 15 8 14 4 18 0 19 6 4 19 19 4 5 12 14 13 19 8 8
split_gain=8.42055 20.7537 17.723 23.6639 24.1252 20.7524 18.385 47.0316 25.108 21.9823 26.94 21.728 27.6801 17.1947 15.0843 17.9092 15.6245 13.6503 13.6455 13.4569 15.7764 15.4561 17.2984 12.1257 13.0136 13.093 12.0449 10.9807 11.1838 9.53155
threshold=-398855.35999999981 -1.8575000000000015 -447240.79999999987 16.505000000000006 359912.07000000007 0.032211500000000733 2.8175000000000012 4.3550000000000013 7.2250000000000005 1.5749999999999995 921872.60000000021 23.735000000000003 -0.67521699999999985 32.037500000000009 906037.55000000016 -4.5874999999999977 31.500000000000004 -2.7475000000000018 15.095520000000002 906037.55000000016 0.33999999999999814 3.0149999999999975 1718367.3000000003 3.0050000000000003 8.1450000000000014 45.310000000000009 0.025000000000000005 0.94749999999999812 -1.3321232500000002 -0.44552599999999914
decision_type=2 2 2 2 2 2 2 2 2 2 2 2 2 2 2 2 2 2 2 2 2 2 2 2 2 2 2 2 2 2
left_child=1 14 3 4 18 6 9 8 -8 11 -11 12 27 -4 29 -16 17 -17 -3 23 -21 22 -22 -7 25 -25 -23 28 -6 -1
right_child=-2 2 13 -5 5 19 7 -9 -10 10 -12 -13 -14 -15 15 16 -18 -19 -20 20 21 26 -24 24 -26 -27 -28 -29 -30 -31
leaf_value=-0.037941872668178646 -0.00030829024980433387 0.056356057607303639 0.057387482369428172 -0.029152463716657268 -0.010862780962139369 0.03664025573124146 0.1022330902516842 0.0046767969785088846 0.031946324805418654 -0.063894933680801291 0.001700402065465341 0.029616122650406741 0.051628170562908055 0.0087403643183792245 0.03956726330260818 -0.0043268867552939327 0.034971425400792878 -0.046556250649419706 0.015633774465338018 -0.042916776146739721 -0.011470227323374466 -0.0067286732527664156 0.038424569757262363 0.0062476954364683486 0.030354443710783253 -0.043209697338549985 -0.04522201629625934 0.013545650183888419 -0.05510256156325341 -0.0080629798681392077
leaf_weight=51 13455 36 34 46 50 29 24 88 27 23 49 101 20 39 26 147 22 22 48 36 38 59 32 32 23 23 31 28 20 56
leaf_count=51 13455 36 34 46 50 29 24 88 27 23 49 101 20 39 26 147 22 22 48 36 38 59 32 32 23 23 31 28 20 56
internal_value=5.77287e-05 0.00396629 0.00774173 0.00574068 0.00770529 0.0047967 0.0118589 0.026818 0.0650224 0.00471346 -0.0192537 0.0125931 -0.00197753 0.0313979 -0.00694053 0.000635163 -0.00466449 -0.0098242 0.0330862 -0.00522554 -0.013011 -0.00628223 0.0113388 0.00903573 -0.00122749 -0.0144345 -0.0199875 -0.0129175 -0.0235027 -0.0223043
internal_weight=14715 1260 936 863 817 733 430 139 51 291 72 219 118 73 324 217 191 169 84 303 196 160 70 107 78 55 90 98 70 107
internal_count=14715 1260 936 863 817 733 430 139 51 291 72 219 118 73 324 217 191 169 84 303 196 160 70 107 78 55 90 98 70 107
is_linear=0
shrinkage=0.05


Tree=238
num_leaves=31
num_cat=0
split_feature=14 14 5 19 14 4 9 14 0 3 16 4 4 7 12 14 16 4 3 8 9 17 8 3 8 8 3 12 4 12
split_gain=8.20336 46.485 34.6633 27.2491 44.1432 34.1711 56.9756 33.849 28.5277 28.2086 35.4099 32.5758 60.295 26.2789 23.0779 21.7415 23.3304 21.5835 19.1836 21.9483 17.9537 16.4582 17.0105 16.4315 16.1212 21.5715 26.8964 19.8757 41.4123 25.1266
threshold=40.040000000000006 41.33250000000001 11.895000000000001 -0.75249999999999939 44.927500000000009 1794397.1000000003 171709.87000000002 44.57500000000001 17.500000000000004 13.976288000000002 38.267500000000005 1835829.8000000003 555931.97000000009 2038169.8000000003 14.945000000000002 43.525000000000006 49.472500000000004 161104.59500000003 10.595123500000001 0.42855835000000081 -1.0000000180025095e-35 33.812500000000007 -0.034316999999999702 11.418777500000003 5.3082126000000009 4.0357211500000014 16.372756500000005 15.405000000000003 204461.75000000003 14.635000000000003
decision_type=2 2 2 2 2 2 2 2 2 2 2 2 2 2 2 2 2 2 2 2 2 2 2 2 2 2 2 2 2 2
left_child=-1 2 20 4 5 6 7 21 17 10 -10 12 23 -7 -4 16 -5 18 -6 -20 -2 22 -3 -12 25 27 -27 29 -29 -17
right_child=1 3 14 15 8 13 -8 -9 9 -11 11 -13 -14 -15 -16 24 -18 -19 19 -21 -22 -23 -24 -25 -26 26 -28 28 -30 -31
leaf_value=-0.00065359542274454334 0.037460028140551667 0.068581793941557417 0.095956014810750889 -0.020617407368439616 0.020410604844171856 -0.042370891374801954 0.10830414621159434 0.082831304588101132 -0.01153899788941172 0.0030727624823007095 0.047878700099583421 -0.0028653746651064967 0.11717349421232939 0.027437008738231201 0.027963602027067769 -0.00043592804929550011 0.020359156439080834 -0.029533733933099677 -0.018555354550135433 0.010509445451748659 0.0032621339779332517 -0.0099931084417871074 0.016211544442921878 -0.0074961300761926739 -0.029766280743035868 0.060799748421413828 -0.0045480751823033056 0.0064904876629530333 -0.039598680504908168 0.034889269233323063
leaf_weight=10819 55 20 24 264 74 28 24 22 44 587 37 31 28 26 26 1576 40 91 182 101 127 42 69 21 47 32 31 99 96 52
leaf_count=10819 55 20 24 264 74 28 24 22 44 587 37 31 28 26 26 1576 40 91 182 101 127 42 69 21 47 32 31 99 96 52
internal_value=5.48423e-05 0.00202214 0.0237267 0.000647834 0.00604653 0.0260567 0.0366786 0.0254432 0.0021817 0.00815791 0.0266982 0.041078 0.056918 -0.00875968 0.0606 -0.00279604 -0.0152258 -0.00779644 -0.00225556 -0.0081824 0.0135967 0.0158055 0.0279801 0.0278292 -0.000841236 -0.00012041 0.0286445 -0.00111448 -0.0161996 0.000692395
internal_weight=14715 3896 232 3664 1427 231 177 153 1196 748 161 117 86 54 50 2237 304 448 357 283 182 131 89 58 1933 1886 63 1823 195 1628
internal_count=14715 3896 232 3664 1427 231 177 153 1196 748 161 117 86 54 50 2237 304 448 357 283 182 131 89 58 1933 1886 63 1823 195 1628
is_linear=0
shrinkage=0.05


Tree=239
num_leaves=31
num_cat=0
split_feature=5 19 19 14 14 19 9 18 8 13 5 5 12 8 17 16 6 0 8 13 12 12 13 18 17 3 9 9 0 0
split_gain=7.98837 18.5591 31.0921 40.6188 63.2153 53.1447 28.5329 37.5871 35.0185 26.1381 32.4163 28.3351 25.3725 27.5309 35.113 28.3211 37.5051 23.7892 25.2374 23.6602 51.0658 41.4995 39.7772 22.1118 21.8159 23.3856 20.9639 19.2547 18.5236 23.6369
threshold=11.675000000000002 -0.027499999999999854 -0.39499999999999597 40.040000000000006 34.975000000000009 -1.2799999999999991 159076.74000000002 -8.1525000000000016 1.7842098 8.6050000000000022 20.720000000000002 18.715000000000003 16.805000000000003 0.16862499999999961 14.075000000000001 30.120000000000005 25.176239000000006 36.500000000000007 1.1911468000000005 0.015000000000000001 11.655000000000003 10.555000000000001 6.0850000000000009 3.6250000000000004 30.297500000000003 16.457153000000002 -494360.9499999999 171709.87000000002 36.500000000000007 10.500000000000002
decision_type=2 2 2 2 2 2 2 2 2 2 2 2 2 2 2 2 2 2 2 2 2 2 2 2 2 2 2 2 2 2
left_child=-1 2 3 4 24 6 7 -5 -8 10 11 -4 19 14 -14 -15 17 23 -19 20 21 -3 -21 -17 -2 -26 -22 -16 29 -24
right_child=1 12 9 5 -6 -7 8 -9 -10 -11 -12 -13 13 15 27 16 -18 18 -20 22 26 -23 28 -25 25 -27 -28 -29 -30 -31
leaf_value=0.00079917924415549466 0.00044234214890867665 0.02090582056636257 0.010075442646427648 -0.065884146504104138 -0.050843069117723239 0.066412919276349611 0.065109684250158506 0.0051270192762795878 -0.0099710613526403924 0.058386286848077652 -0.047287427275441586 0.067872584324616653 0.016685536459964866 -0.034865236126075859 -0.032682295247871911 -0.034409916061250601 0.067770900836746611 -0.016355140022157381 0.05021491255078997 -0.05703149746956402 0.04980586401763417 0.10481110449880363 0.011618760992833242 0.0089029577883103714 -0.0077800857807126117 -0.066046493041973853 -0.00070958518513910347 -0.085176601745188249 0.0024870409171615128 -0.013660702450870078
leaf_weight=10427 780 56 115 20 72 42 41 273 25 38 20 26 34 59 138 68 21 24 35 38 21 20 108 52 51 26 934 20 488 643
leaf_count=10427 780 56 115 20 72 42 41 273 25 38 20 26 34 59 138 68 21 24 35 38 21 20 108 52 51 26 934 20 488 643
internal_value=5.21002e-05 -0.00176455 0.00265414 -0.000103843 -0.00584464 0.0131959 0.00696996 0.000279841 0.03667 0.0210869 0.0122833 0.0207331 -0.00421333 -0.0150602 -0.0294082 -0.00442387 0.00455634 -0.0028599 0.0231356 -0.00209376 0.00354037 0.0429862 -0.00664254 -0.015641 -0.00206414 -0.0274545 0.000401226 -0.0393271 -0.00509712 -0.0100253
internal_weight=14715 4288 1529 1330 929 401 359 293 66 199 161 141 2759 451 192 259 200 179 59 2308 1031 76 1277 120 857 77 955 158 1239 751
internal_count=14715 4288 1529 1330 929 401 359 293 66 199 161 141 2759 451 192 259 200 179 59 2308 1031 76 1277 120 857 77 955 158 1239 751
is_linear=0
shrinkage=0.05


Tree=240
num_leaves=31
num_cat=0
split_feature=0 15 17 0 9 17 0 13 9 9 3 3 7 12 13 5 15 8 6 8 18 15 15 6 9 8 7 4 9 0
split_gain=13.1518 15.7489 10.7091 21.7377 35.5613 29.6599 26.0384 35.3423 23.0673 20.3702 19.5567 33.9826 20.3855 19.1617 18.1227 24.2993 20.2822 34.2264 26.9346 30.6106 24.5159 20.021 53.4182 29.3988 18.9144 27.3604 21.6736 18.2367 21.9726 23.6722
threshold=46.500000000000007 24.847500000000004 25.890000000000004 25.500000000000004 1389563.7500000002 25.595000000000002 23.500000000000004 6.2950000000000008 -1250202.6299999997 -750855.12999999989 20.250152500000002 10.166488500000002 1605802.2000000002 8.6050000000000022 8.3350000000000026 10.685 33.452500000000008 0.045073999999997845 19.262359500000002 -0.85310349999999857 -6.8575000000000026 33.812500000000007 33.890000000000008 9.8841555000000003 526968.50000000023 3.0905765000000014 585723.7300000001 2054542.2500000002 -10391.937500000024 20.500000000000004
decision_type=2 2 2 2 2 2 2 2 2 2 2 2 2 2 2 2 2 2 2 2 2 2 2 2 2 2 2 2 2 2
left_child=2 -2 3 5 8 6 -1 9 13 -8 11 -11 -13 -5 15 24 17 18 20 -20 -16 -18 -23 -24 25 -4 -26 28 29 -27
right_child=1 -3 14 4 -6 -7 7 -9 -10 10 -12 12 -14 -15 16 -17 21 -19 19 -21 -22 22 23 -25 26 27 -28 -29 -30 -31
leaf_value=-6.1012783838679732e-05 -0.0011291826993149797 -0.024567893690944309 -0.0011209894312962921 0.014083470468784668 0.037875665563412687 0.025746771942247594 -0.053356845762867193 0.021948022722862053 0.0030450966600660389 0.0010429850357274214 0.00058350002423661655 -0.064580010122585074 -0.022234209397186837 0.064654869586229333 0.010419804587137777 -0.01067634824476978 -0.018719009171816247 -0.0018602530788226917 -0.044938633066636549 0.023298949600818256 0.046124138275627051 0.077215977077898776 -0.01839502936600888 0.0088702289086950766 -0.039393197870000257 0.055037933033197484 -0.0053670479685764064 0.058704321443413698 -0.0020917830604273795 -0.0012488975159583554
leaf_weight=4809 193 114 2356 67 77 105 39 61 4187 75 122 54 60 26 77 809 139 254 27 42 128 23 155 273 63 47 182 24 109 31
leaf_count=4809 193 114 2356 67 77 105 39 61 4187 75 122 54 60 26 77 809 139 254 27 42 128 23 155 273 63 47 182 24 109 31
internal_value=0.000407632 -0.00983281 0.000625635 0.00157889 0.00419804 -0.000564141 -0.00109338 -0.0131729 0.00359216 -0.0192939 -0.0150224 -0.025096 -0.0422927 0.0282217 -0.00132191 -0.00304 0.00424266 0.0113616 0.0236183 -0.00340271 0.0327132 -0.00212819 0.00298517 -0.00100387 -0.000843051 0.000423808 -0.0141166 0.0176728 0.0124068 0.0326675
internal_weight=14728 307 14421 9682 4357 5325 5220 411 4280 350 311 189 114 93 4739 3621 1118 528 274 69 205 590 451 428 2812 2567 245 211 187 78
internal_count=14728 307 14421 9682 4357 5325 5220 411 4280 350 311 189 114 93 4739 3621 1118 528 274 69 205 590 451 428 2812 2567 245 211 187 78
is_linear=0
shrinkage=0.05


Tree=241
num_leaves=31
num_cat=0
split_feature=0 15 14 1 17 0 9 17 9 17 16 4 12 8 8 16 7 4 6 16 4 9 8 7 7 8 17 14 6 13
split_gain=11.8695 14.2134 9.85669 11.9445 9.66495 19.6183 32.0941 27.6271 26.6477 25.0041 22.0792 42.588 27.0669 25.0659 24.2791 20.5251 29.2808 19.7314 31.5384 23.9083 27.7356 40.9961 24.6471 24.2006 20.8818 20.8655 41.5833 17.8376 20.1758 16.3557
threshold=46.500000000000007 24.847500000000004 44.57500000000001 3.5000000000000004 25.890000000000004 25.500000000000004 1389563.7500000002 25.135000000000002 -1370537.0999999999 22.070000000000004 52.737500000000004 1565540.0000000002 20.075000000000003 2.2023005000000011 -2.1445463499999993 48.540000000000006 301945.36000000004 2330832.1000000006 9.2076110000000018 44.437500000000007 204461.75000000003 599846.15000000014 -1.3680419999999998 167420.21500000003 1234092.0500000003 -1.4365999999999992 22.500000000000004 43.300000000000004 17.059402500000004 8.3350000000000026
decision_type=2 2 2 2 2 2 2 2 2 2 2 2 2 2 2 2 2 2 2 2 2 2 2 2 2 2 2 2 2 2
left_child=4 2 3 -2 5 7 10 8 9 -1 -7 12 13 14 -12 -9 -17 19 -19 -10 23 22 -22 25 -24 26 -21 28 -20 -6
right_child=1 -3 -4 -5 29 6 -8 15 17 -11 11 -13 -14 -15 -16 16 -18 18 27 20 21 -23 24 -25 -26 -27 -28 -29 -30 -31
leaf_value=-0.074168359891821953 -0.014394539200255406 -0.023339499460467907 0.029647003713509312 0.013935550380159509 -0.0028879960137918534 0.0027497209361597697 0.035981881949905453 0.0074791635309035586 0.001288201411960666 -0.0070949860368714193 0.076750162098070854 -0.033594725067140882 -0.0064551133130277914 0.099180972781032328 0.013105804776383002 0.014180696555055106 0.085312030172866329 -0.072052363909426195 -0.061246162805367599 0.064922320117863516 -0.077234790531488573 0.030884758648850649 -0.041700006499030128 0.050803946756890844 -0.0060721942080328101 -0.010516385409737389 -0.0078038786194826433 0.011948564853996804 -0.010918330124335454 0.0040305247789382817
leaf_weight=24 115 114 23 55 3621 4139 77 192 4052 33 23 27 28 20 43 39 23 21 22 30 26 30 87 21 78 302 57 78 210 1118
leaf_count=24 115 114 23 55 3621 4139 77 192 4052 33 23 27 28 20 43 39 23 21 22 30 26 30 87 21 78 302 57 78 210 1118
internal_value=0.000387251 -0.00934117 -0.00107272 -0.00522892 0.000594353 0.00149995 0.00398814 -0.000535934 -0.00134196 -0.0353364 0.00341255 0.0228697 0.0362428 0.0501445 0.0352849 0.015556 0.0405681 -0.000955504 -0.0127534 -0.000121614 -0.00917482 -0.0234529 -0.0319876 -0.00147858 -0.0248578 -0.00430103 0.0172741 -0.00873638 -0.0156908 -0.00125581
internal_weight=14728 307 193 170 14421 9682 4357 5325 5071 57 4280 141 114 86 66 254 62 5014 331 4683 631 221 191 410 165 389 87 310 232 4739
internal_count=14728 307 193 170 14421 9682 4357 5325 5071 57 4280 141 114 86 66 254 62 5014 331 4683 631 221 191 410 165 389 87 310 232 4739
is_linear=0
shrinkage=0.05


Tree=242
num_leaves=31
num_cat=0
split_feature=0 5 5 17 0 17 0 14 18 14 12 3 17 17 3 3 0 14 16 4 3 18 16 16 6 0 3 4 4 17
split_gain=10.7122 13.1225 12.1633 8.72261 17.7055 25.2929 22.1636 29.7049 24.9684 19.4519 29.0268 32.0749 22.1799 33.9619 33.7389 32.1709 28.196 29.3872 25.9135 28.027 25.9846 22.1199 46.0605 29.2082 26.5611 67.5357 29.7638 24.8429 30.9282 35.0997
threshold=46.500000000000007 12.325000000000001 7.2750000000000012 25.890000000000004 25.500000000000004 25.595000000000002 23.500000000000004 31.490000000000006 9.2675000000000036 35.500000000000007 16.525000000000002 28.223526000000003 23.735000000000003 19.202500000000004 18.799850500000002 28.223526000000003 42.500000000000007 26.717500000000005 39.110000000000007 2023319.2500000002 5.8467865000000012 7.6300000000000052 38.422500000000007 41.525000000000006 13.083053750000001 34.500000000000007 23.941864000000006 2779239.4000000004 2087670.5000000002 22.722500000000004
decision_type=2 2 2 2 2 2 2 2 2 2 2 2 2 2 2 2 2 2 2 2 2 2 2 2 2 2 2 2 2 2
left_child=3 2 -2 4 5 6 -1 -8 -9 10 12 -12 13 16 18 -16 -6 -18 19 20 -15 22 24 -24 -11 -26 -27 28 -25 -30
right_child=1 -3 -4 -5 9 -7 7 8 -10 21 11 -13 -14 14 15 -17 17 -19 -20 -21 -22 -23 23 27 25 26 -28 -29 29 -31
leaf_value=-4.5404314590505401e-05 -0.038528016295570594 -0.045198990782702592 -0.002647466825090291 -0.0011930241291880051 0.011233239395605847 0.023787737919815949 -0.0014650717927401679 -0.038026012612901859 0.014744970602569758 0.017840860991897741 -0.016072788956733874 0.013005324251763524 0.01616073467540944 0.002682981440990136 0.016936845274496022 -0.014027973060682417 -0.01828955393113 0.012220797301097602 0.019799839527133788 0.035026853467122865 -0.024172336742855217 -0.0013497909715349985 -0.012606395682469554 0.014518819932479325 0.011646272254009278 0.060983069725334654 0.14724397279322149 0.05172874747226254 -0.064055453613400468 0.021457361962114063
leaf_weight=4809 26 23 258 4739 1052 105 252 132 27 82 393 125 323 116 255 125 190 135 57 26 403 341 137 430 39 20 20 39 28 21
leaf_count=4809 26 23 258 4739 1052 105 252 132 27 82 393 125 323 116 255 125 190 135 57 26 403 341 137 430 39 20 20 39 28 21
internal_value=0.000367888 -0.00887411 -0.00593231 0.000564636 0.00142495 -0.000509137 -0.000997867 -0.0121424 -0.0290649 0.00378873 0.00177987 -0.00905587 0.00387268 0.00219017 -0.00491399 0.00675105 0.00725647 -0.00561602 -0.0122773 -0.0156322 -0.01817 0.00934478 0.013814 0.00792441 0.0377745 0.0584651 0.104114 0.0133544 0.0102299 -0.0274071
internal_weight=14728 307 284 14421 9682 5325 5220 411 159 4357 3200 518 2682 2359 982 380 1377 325 602 545 519 1157 816 655 161 79 40 518 479 49
internal_count=14728 307 284 14421 9682 5325 5220 411 159 4357 3200 518 2682 2359 982 380 1377 325 602 545 519 1157 816 655 161 79 40 518 479 49
is_linear=0
shrinkage=0.05


Tree=243
num_leaves=31
num_cat=0
split_feature=0 15 3 14 1 13 9 0 13 0 3 0 14 0 6 5 7 17 7 6 14 9 14 5 12 18 4 17 17 16
split_gain=9.66776 12.6193 9.39227 9.07532 10.7487 8.61447 23.9902 18.574 25.4827 36.0975 34.7108 30.1368 41.1682 47.0068 86.0822 47.8491 45.4357 33.78 33.6845 30.6392 29.3709 34.7692 26.6724 25.3815 25.2554 27.7439 24.8386 26.8666 24.7009 27.4107
threshold=46.500000000000007 24.847500000000004 10.952988000000001 44.57500000000001 3.5000000000000004 8.0850000000000026 -52725.36250000001 9.5000000000000018 1.0000000180025095e-35 19.500000000000004 15.634292500000003 18.500000000000004 42.962500000000006 12.500000000000002 15.508514500000002 12.325000000000001 1096.5333500000004 14.497500000000002 1041240.8750000001 6.3811798500000005 22.220000000000002 -109116.90999999996 32.037500000000009 11.125000000000002 11.655000000000003 -0.29250000000000392 215239.83000000005 33.782500000000006 35.697500000000012 27.350000000000005
decision_type=2 2 2 2 2 2 2 2 2 2 2 2 2 2 2 2 2 2 2 2 2 2 2 2 2 2 2 2 2 2
left_child=5 3 -3 4 -2 7 -7 -1 11 10 -10 12 13 19 15 17 24 -15 23 -9 -19 22 -22 -16 -14 -26 27 -23 29 -11
right_child=1 2 -4 -5 -6 6 -8 8 9 28 -12 -13 16 14 18 -17 -18 20 -20 -21 21 26 -24 -25 25 -27 -28 -29 -30 -31
leaf_value=-0.0040940255949619758 -0.013322233100745665 0.0018630089448584666 -0.030391299218522856 0.028837544884046787 0.01355243296870454 -0.0087409567328457279 0.0047804814168629466 -0.025504901975160466 -0.033848899421256386 0.0119763602058517 -0.0054430822350682237 0.00032121343913138261 0.036786864054983999 0.10135204252260535 -0.00039506693528439118 0.0086155852810319133 -0.014542093641027265 0.097359694543411035 0.029443785669596007 0.0057801266922292097 0.029793243007734418 0.047233363571932488 0.10539432581114982 -0.044818229505067898 -0.053875806406140328 0.018248997400514784 0.0056093497819072295 -0.0062945345065859989 0.018443137724252958 -0.0082843970710934842
leaf_weight=2299 115 31 83 23 55 378 2482 100 181 223 265 5902 83 23 301 145 349 20 89 360 20 144 28 36 20 40 86 28 155 664
leaf_count=2299 115 31 83 23 55 378 2482 100 181 223 265 5902 83 23 301 145 349 20 89 360 20 144 28 36 20 40 86 28 155 664
internal_value=0.000349494 -0.0084304 -0.0216204 -0.000639427 -0.00462749 0.000536404 0.00299338 -7.1412e-05 0.000927075 -0.00506754 -0.016971 0.00207449 0.00760217 0.0120295 0.0185547 0.0327575 -0.00481593 0.0427878 0.0020848 -0.00102097 0.038656 0.0348192 0.0738939 -0.00514057 0.0189214 -0.0057926 0.0275495 0.0385195 2.74232e-05 -0.00319066
internal_weight=14728 307 114 193 170 14421 2860 11561 9262 1488 446 7774 1872 1380 920 494 492 349 426 460 326 306 48 337 143 60 258 172 1042 887
internal_count=14728 307 114 193 170 14421 2860 11561 9262 1488 446 7774 1872 1380 920 494 492 349 426 460 326 306 48 337 143 60 258 172 1042 887
is_linear=0
shrinkage=0.05


Tree=244
num_leaves=31
num_cat=0
split_feature=0 5 5 13 9 15 3 5 3 16 0 0 5 8 5 8 0 13 0 3 8 0 14 0 6 5 7 7 16 9
split_gain=8.72515 12.0259 10.6245 7.77456 21.6511 17.7337 22.4645 29.7719 22.6658 37.0855 22.0015 26.398 20.8865 19.39 17.1163 29.1329 16.7631 22.9981 32.578 31.3265 31.6715 27.1985 37.1543 42.4236 77.6892 43.7039 41.0058 30.4002 29.005 37.8735
threshold=46.500000000000007 12.325000000000001 7.2750000000000012 8.0850000000000026 -52725.36250000001 20.205000000000002 4.6411133500000004 13.925000000000002 5.3544770000000002 29.522500000000004 12.500000000000002 17.500000000000004 12.385000000000003 -0.42977899999999986 13.495000000000003 1.1911468000000005 9.5000000000000018 1.0000000180025095e-35 19.500000000000004 15.634292500000003 2.5662834999999995 18.500000000000004 42.962500000000006 12.500000000000002 15.508514500000002 11.715000000000002 1096.5333500000004 1041240.8750000001 23.027500000000003 -15570.488499999998
decision_type=2 2 2 2 2 2 2 2 2 2 2 2 2 2 2 2 2 2 2 2 2 2 2 2 2 2 2 2 2 2
left_child=3 2 -2 16 -5 13 7 -7 9 -8 14 12 -12 -6 -10 -16 -1 21 19 20 -19 22 23 -18 25 28 -24 -26 -25 -30
right_child=1 -3 -4 4 5 6 8 -9 10 -11 11 -13 -14 -15 15 -17 17 18 -20 -21 -22 -23 26 24 27 -27 -28 -29 29 -31
leaf_value=-0.0038893243082355408 -0.035656770032185779 -0.042782850859119842 -0.0021226578062470613 -0.0083039088750001856 0.057026956667160171 -0.0052018179664280201 0.0055636396311186864 -0.062542844850283413 0.0081179425832663566 0.074898910286525885 -0.0024026522283545799 0.0022983479558844971 -0.041499351980881054 0.012458767025586364 0.063832066727704126 0.00012361797647934188 -0.00096991824683082873 -0.041103877803444669 2.6052080649183621e-05 -0.0051709282118607459 0.016734824905038945 0.00030515277477912307 0.017975285450498073 0.08297382210332313 -0.0048835395559846794 0.010680166320951536 -0.013814989089789698 0.027971595950330493 0.06204415530276796 0.023479125393608774
leaf_weight=2299 26 23 258 378 29 175 54 26 684 30 72 1121 65 154 38 34 460 153 1042 265 28 5902 143 38 337 171 349 89 96 189
leaf_count=2299 26 23 258 378 29 175 54 26 684 30 72 1121 65 154 38 34 460 153 1042 265 28 5902 143 38 337 171 349 89 96 189
internal_value=0.000332019 -0.00800888 -0.00519268 0.000509584 0.00284371 0.00454146 0.00334905 -0.0126191 0.00487888 0.0303262 0.00381752 -0.000233705 -0.0209522 0.0195215 0.0105589 0.0337475 -6.78414e-05 0.000880721 -0.00481416 -0.0161225 -0.0321565 0.00197076 0.00722206 0.011428 0.017627 0.0311197 -0.00457513 0.00198056 0.0419406 0.0364695
internal_weight=14728 307 284 14421 2860 2482 2299 201 2098 84 2014 1258 137 183 756 72 11561 9262 1488 446 181 7774 1872 1380 920 494 492 426 323 285
internal_count=14728 307 284 14421 2860 2482 2299 201 2098 84 2014 1258 137 183 756 72 11561 9262 1488 446 181 7774 1872 1380 920 494 492 426 323 285
is_linear=0
shrinkage=0.05


Tree=245
num_leaves=31
num_cat=0
split_feature=12 4 7 0 8 5 5 9 8 9 16 0 9 8 4 4 17 18 18 15 18 12 18 17 16 0 3 7 8 4
split_gain=9.84234 18.6085 35.2711 36.6313 32.0561 36.0577 33.4693 31.9636 24.4676 29.3515 24.4185 24.0659 21.3958 44.9988 23.387 21.8436 21.0271 19.9741 26.4855 19.9027 22.6527 15.9637 22.5679 18.8944 32.4902 25.9398 23.7638 19.2988 21.9907 17.653
threshold=11.765000000000002 1465777.5500000003 1624735.3500000003 26.500000000000004 -0.85310349999999857 16.005000000000006 12.185 370052.52500000002 -1.9596103500000002 324760.70000000001 54.345000000000006 28.500000000000004 -17.540740500000002 3.3640592999999996 885247.52000000014 842625.90000000014 21.522500000000004 -1.2624999999999991 0.26500000000000418 14.075000000000001 2.6325000000000007 20.450000000000006 0.23999999999999846 21.925000000000004 31.117500000000003 17.500000000000004 14.623703000000001 907978.65000000002 2.1751250000000009 453162.20000000001
decision_type=2 2 2 2 2 2 2 2 2 2 2 2 2 2 2 2 2 2 2 2 2 2 2 2 2 2 2 2 2 2
left_child=-1 2 7 -4 8 6 11 12 -3 -10 -9 -6 13 14 15 21 -15 -7 -19 20 -14 23 -23 24 27 -25 -26 28 -2 -28
right_child=1 4 3 -5 5 17 -8 10 9 -11 -12 -13 19 16 -16 -17 -18 18 -20 -21 -22 22 -24 25 26 -27 29 -29 -30 -31
leaf_value=0.00052421930746371305 -0.0090384716904936702 -0.0044461573795254892 -0.016665475684302777 0.06297796319725292 -0.030715530282921261 -0.074265999160707002 0.027671145546078985 0.012259300626849511 -0.094774744428437335 -0.017156927110183805 0.069093204224887114 0.0096238494850695144 0.001741401873829697 0.011755799704595754 -0.023812477519129252 0.054113973127234552 0.07485328595484457 0.026148721769057678 -0.03450220522419032 -0.0073096852810648682 0.049686850114695487 0.014549276246024029 -0.043401736783839406 0.032640435038642453 0.0064982187623778987 -0.016153430704696058 0.068467303430091372 0.045980657061392614 0.039975018039918868 0.012724219486117364
leaf_weight=11387 191 29 22 42 72 20 98 106 29 21 23 76 120 23 86 21 31 24 72 1811 31 28 42 33 48 156 49 22 26 20
leaf_count=11387 191 29 22 42 72 20 98 106 29 21 23 76 120 23 86 21 31 24 72 1811 31 28 42 33 48 156 49 22 26 20
internal_value=-0.000178416 -0.00255116 -0.0011104 0.0356005 -0.0121269 -0.0058294 0.00500677 -0.0019299 -0.0409836 -0.0621753 0.0223925 -0.0100007 -0.00307584 0.00395224 0.000659418 0.00396851 0.0479784 -0.0288096 -0.0193395 -0.00585555 0.0115845 0.00225623 -0.0202213 0.00514325 0.0119266 -0.00763387 0.0335154 0.00135806 -0.00316589 0.0523099
internal_weight=14759 3372 2931 64 441 362 246 2867 79 50 129 148 2738 776 722 636 54 116 96 1962 151 615 70 545 356 189 117 239 217 69
internal_count=14759 3372 2931 64 441 362 246 2867 79 50 129 148 2738 776 722 636 54 116 96 1962 151 615 70 545 356 189 117 239 217 69
is_linear=0
shrinkage=0.05


Tree=246
num_leaves=31
num_cat=0
split_feature=12 4 8 5 5 9 9 3 5 19 12 14 0 8 8 9 16 0 4 18 18 4 9 4 19 12 9 8 18 17
split_gain=8.88271 16.7942 28.9306 32.542 30.2061 27.5145 32.3655 25.8775 37.9393 33.0135 24.6392 30.7713 30.8144 22.4521 22.082 26.4897 22.0377 21.7195 20.2189 18.0266 23.9031 16.2529 15.9887 18.9221 17.3223 21.786 18.5253 17.917 15.1066 15.0295
threshold=11.765000000000002 1465777.5500000003 -0.85310349999999857 16.005000000000006 12.185 -59121.500000000109 370052.52500000002 14.717514000000001 18.715000000000003 0.77999999999999858 20.835000000000004 28.287500000000005 31.500000000000004 2.1751250000000009 -1.9596103500000002 324760.70000000001 54.345000000000006 28.500000000000004 816843.85000000009 -1.2624999999999991 0.26500000000000418 574735.65000000014 171709.87000000002 425723.96000000002 3.1875000000000004 18.085000000000004 -4.9777773499999993 -1.4365999999999992 0.51499999999999713 33.957500000000003
decision_type=2 2 2 2 2 2 2 2 2 2 2 2 2 2 2 2 2 2 2 2 2 2 2 2 2 2 2 2 2 2
left_child=-1 5 14 4 17 7 22 13 10 -10 11 21 -13 18 -3 -16 -8 -4 -2 -5 -21 -9 24 -24 29 26 -26 -28 -23 -7
right_child=1 2 3 19 -6 6 16 8 9 -11 -12 12 -14 -15 15 -17 -18 -19 -20 20 -22 28 23 -25 25 -27 27 -29 -30 -31
leaf_value=0.00049800831908945265 -0.0073528615445504477 -0.0042238499487525427 -0.029179753171693947 -0.070552698571700601 0.026287588318429735 -0.0037360653134346535 0.011646335798025764 -0.037854531161159416 0.10282095094089923 0.018991769291460514 -0.037096702460742863 0.078644282676811728 0.019428275875272415 0.029473575520696061 -0.090036007607805321 -0.016299080258856218 0.065638542152009913 0.0091426573865311719 -0.061671663820743565 0.024841286439914258 -0.032777094545761228 0.024975167822254743 -0.067051856257021425 -0.013284982912397634 0.064130658614449207 -0.031980369053781037 0.048084236005390135 0.0018727795698957397 -0.022139210961069224 -0.022183121071778177
leaf_weight=11387 93 29 72 20 98 1962 106 27 23 24 24 28 102 33 29 21 23 76 21 24 72 46 20 90 20 24 27 94 27 117
leaf_count=11387 93 29 72 20 98 1962 106 27 23 24 24 28 102 33 29 21 23 76 21 24 72 46 20 90 20 24 27 94 27 117
internal_value=-0.000169495 -0.00242361 -0.0115205 -0.00553793 0.00475644 -0.00105488 -0.00311264 0.01035 0.0187479 0.0600146 0.0111119 0.0161424 0.0321825 -0.00684553 -0.0389344 -0.0590665 0.0212729 -0.00950068 -0.017359 -0.0273691 -0.0183725 -0.00470973 -0.00444897 -0.0230608 -0.00353662 0.012057 0.0195527 0.0121844 0.0075493 -0.00477421
internal_weight=14759 3372 441 362 246 2931 2483 448 301 47 254 230 130 147 79 50 129 148 114 116 96 100 2354 110 2244 165 141 121 73 2079
internal_count=14759 3372 441 362 246 2931 2483 448 301 47 254 230 130 147 79 50 129 148 114 116 96 100 2354 110 2244 165 141 121 73 2079
is_linear=0
shrinkage=0.05


Tree=247
num_leaves=31
num_cat=0
split_feature=5 9 0 9 3 4 0 16 0 9 14 6 12 18 12 12 4 1 1 16 12 19 5 16 19 19 18 14 18 0
split_gain=8.20452 14.7982 13.7499 30.5756 20.9685 25.9544 29.0735 29.2737 41.2814 26.1263 23.8987 21.9869 21.8319 19.9804 69.6892 35.6262 31.5876 35.8629 19.9236 18.4506 18.3646 37.1924 39.9926 23.5713 28.6122 23.4693 28.5036 38.9532 25.6466 22.6638
threshold=11.675000000000002 -1084649.4299999997 34.500000000000007 453097.95000000013 4.6411133500000004 139702.75500000003 17.500000000000004 44.232500000000009 29.500000000000004 -6430.3410000000003 19.207500000000007 12.153564500000002 14.325000000000001 0.70999999999999919 18.400000000000002 16.525000000000002 1579050.4000000001 3.5000000000000004 4.5000000000000009 32.437500000000007 11.685 4.6400000000000015 15.585000000000003 20.317500000000003 -1.4474999999999978 4.8775000000000022 3.9450000000000007 48.552500000000009 3.0674999999999994 39.500000000000007
decision_type=2 2 2 2 2 2 2 2 2 2 2 2 2 2 2 2 2 2 2 2 2 2 2 2 2 2 2 2 2 2
left_child=-1 -2 4 20 10 9 -7 13 11 19 -3 -9 -10 14 -8 16 -15 -18 -12 -6 25 23 -23 24 -22 26 28 29 -4 -28
right_child=1 2 3 -5 5 6 7 8 12 -11 18 -13 -14 15 -16 -17 17 -19 -20 -21 21 22 -24 -25 -26 -27 27 -29 -30 -31
leaf_value=0.00059350334216486176 0.034896653876812372 0.011683875926443049 0.010751580838650845 0.054280598074770897 0.012238805941664257 -0.032721396784537136 -0.00044243089514175657 -0.047211096575483683 -0.028054534721498686 0.0010544398602085679 -0.020074441872367805 0.011709333554149215 -0.077790317253675315 -0.012716884924791373 0.071967196243034826 -0.034134448352181969 0.060876841624141545 0.00085292546397173086 -0.064718159747536516 0.076116910390555861 0.050753859814722094 -0.00023715404363778924 0.093808199297636757 -0.0069629689661901487 -0.0012588283906762418 -0.0057453687562990718 0.10132268257439137 0.0025447062272578478 -0.026418828345694634 0.03742977210453579
leaf_weight=10470 27 37 373 26 26 113 326 20 57 668 77 76 36 195 37 106 37 76 37 20 40 26 20 1305 78 289 23 50 53 35
leaf_count=10470 27 37 373 26 26 113 326 20 57 668 77 76 36 195 37 106 37 76 37 20 40 26 20 1305 78 289 23 50 53 35
internal_value=-0.00016102 -0.00200291 -0.00223667 0.000364113 -0.00533781 -0.00383084 -0.00872439 -0.00591728 -0.0235655 0.0035643 -0.0232318 -0.000565756 -0.0473071 -0.00162448 0.00693816 -0.00913232 -0.000527685 0.0205068 -0.0345641 0.0400119 -0.000247505 -0.00359749 0.0406521 -0.0050279 0.0163726 0.00573199 0.0119435 0.0348861 0.00612709 0.0627666
internal_weight=14759 4289 4262 2318 1944 1793 1079 966 189 714 151 96 93 777 363 414 308 113 114 46 2292 1469 46 1423 118 823 534 108 426 58
internal_count=14759 4289 4262 2318 1944 1793 1079 966 189 714 151 96 93 777 363 414 308 113 114 46 2292 1469 46 1423 118 823 534 108 426 58
is_linear=0
shrinkage=0.05


Tree=248
num_leaves=31
num_cat=0
split_feature=3 0 18 18 16 3 4 12 16 3 9 14 18 0 15 12 8 12 16 0 1 4 6 15 1 15 4 12 3 18
split_gain=7.48829 18.7615 30.829 23.436 22.5601 40.5405 61.6293 25.904 29.4409 38.9859 24.2369 24.7635 44.5119 26.9997 23.0104 24.2525 27.1743 22.6856 22.4075 20.0676 19.1118 22.5844 18.968 18.9661 18.2909 31.1693 26.4678 29.8988 20.9363 19.5467
threshold=20.591644000000006 16.500000000000004 -5.4424999999999963 -16.947499999999994 23.027500000000003 24.355483500000002 465480.78000000009 16.525000000000002 31.117500000000003 26.146469500000006 59783.375 30.375000000000004 2.4800000000000026 35.500000000000007 21.830000000000002 7.4150000000000009 0.5357820000000012 20.450000000000006 53.892500000000005 34.500000000000007 1.0000000180025095e-35 5604.5037500000008 29.152939000000003 25.632500000000004 1.5000000000000002 17.765000000000004 1338771.6500000001 7.535000000000001 25.721038500000002 -1.6499999999999984
decision_type=2 2 2 2 2 2 2 2 2 2 2 2 2 2 2 2 2 2 2 2 2 2 2 2 2 2 2 2 2 2
left_child=-1 20 3 18 5 6 -4 10 -9 19 23 12 22 14 15 16 -13 -7 -3 -10 -2 -22 -12 24 26 28 27 -6 -26 -29
right_child=1 2 4 -5 7 17 -8 8 9 -11 11 13 -14 -15 -16 -17 -18 -19 -20 -21 21 -23 -24 -25 25 -27 -28 29 -30 -31
leaf_value=-0.00095960604673713088 -0.015677134074643256 -0.0030986274438073286 0.0092019855815531886 0.026133726989943148 0.064622123071125567 0.0025114708419948337 0.093984051871880456 -0.02116709233977257 -0.035432996810413897 0.066655534431144289 0.024569276007430012 -0.01076830840514352 0.091535569812086492 0.054476810327690584 0.0086801580978896134 -0.00069240610439168368 -0.087701097909699793 0.056800851523876199 0.028448807375848685 0.025049662745247288 0.0029828467568759785 -0.011693606656818602 -0.015714396657170476 -0.013126137662115261 -0.036710217978850185 0.0056865859484598741 -0.009346724856489649 0.055713174686483714 -0.0072394796857472759 0.0056190753060917364
leaf_weight=9755 250 217 58 241 35 508 34 272 32 24 139 24 22 23 198 69 22 20 76 24 1053 349 37 304 83 424 96 23 220 127
leaf_count=9755 250 217 58 241 35 508 34 272 32 24 139 24 22 23 198 69 22 20 76 24 1053 349 37 304 83 424 96 23 220 127
internal_value=-0.000152969 0.00141952 0.00356882 0.0145841 0.00148146 0.00990487 0.0405345 -0.000894566 -0.0133249 0.0133384 0.00147569 0.010456 0.0244822 0.00219047 -0.00165166 -0.0194403 -0.0475623 0.00456789 0.00508432 -0.00951186 -0.00294153 -0.000670564 0.0161005 -0.00217938 0.00112202 -0.00306537 0.0119556 0.0230097 -0.0153123 0.0133002
internal_weight=14759 5004 3352 534 2818 620 92 2198 352 80 1846 534 198 336 313 115 46 528 293 56 1652 1402 176 1312 1008 727 281 185 303 150
internal_count=14759 5004 3352 534 2818 620 92 2198 352 80 1846 534 198 336 313 115 46 528 293 56 1652 1402 176 1312 1008 727 281 185 303 150
is_linear=0
shrinkage=0.05


Tree=249
num_leaves=31
num_cat=0
split_feature=5 9 7 16 16 8 8 6 8 3 6 4 17 1 12 15 4 19 9 16 4 19 4 9 12 12 6 13 8 5
split_gain=7.50603 13.7357 13.4076 18.8998 23.6322 20.1365 23.1755 17.3245 15.2424 24.52 35.9491 28.4316 29.5407 24.7801 22.2671 17.1811 20.2628 20.1376 16.9626 16.2402 19.9581 14.4633 14.6387 16.3021 34.7397 18.1029 16.4076 15.2844 18.9049 29.7615
threshold=11.675000000000002 -929876.90799999994 1163771.5000000002 23.027500000000003 22.432500000000001 -0.97035199999999999 -1.7295076999999999 8.3370210000000018 -0.25735500000000039 15.4643405 27.363098500000003 1098002.9500000004 17.675000000000004 1.5000000000000002 16.315000000000001 25.890000000000004 231426.37000000002 0.3275000000000024 -271008.23699999985 29.742500000000003 14116.267000000002 10.945000000000006 2703314.0000000005 1295634.7000000002 7.6250000000000009 20.835000000000004 28.723282000000005 15.190000000000001 3.6425784999999995 15.970000000000002
decision_type=2 2 2 2 2 2 2 2 2 2 2 2 2 2 2 2 2 2 2 2 2 2 2 2 2 2 2 2 2 2
left_child=-1 -2 7 4 -4 6 -5 -3 9 11 14 12 -9 -12 -11 -14 17 -17 -10 20 -16 22 23 25 -25 26 27 28 -20 -30
right_child=1 2 3 5 -6 -7 -8 8 18 10 13 -13 15 -15 19 16 -18 -19 21 -21 -22 -23 -24 24 -26 -27 -28 -29 29 -31
leaf_value=0.00057637039761691388 0.028847762963010205 -0.0068157753547251083 -0.0055341338148407106 -0.0090673660626634962 0.053767569402892457 -0.0094426293564655386 -0.068351965956389912 0.041930587496608496 0.044838028709404176 -0.012152429122962148 0.047159994683940623 0.062329633154440671 -0.008822148710428494 -0.0010237064332731308 -0.053780526641100924 0.057923452298228567 -0.025371233983473348 0.0097200468587330911 0.00058628822937926582 -0.063465539191099929 0.0050199846166276169 -0.033655951114801262 -0.026717519426510034 0.076263281842693695 -0.0064129482437339097 0.029762687504990028 -0.025851059560568969 0.025089983048681649 0.0068645828636363154 0.0692750136439617
leaf_weight=10470 36 995 56 32 24 342 34 42 25 311 34 20 317 124 27 26 33 130 1205 41 31 26 38 24 27 64 49 78 72 26
leaf_count=10470 36 995 56 32 24 342 34 42 25 311 34 20 317 124 27 26 33 130 1205 41 31 26 38 24 27 64 49 78 72 26
internal_value=-0.000145321 -0.00190706 -0.00216739 -0.00996515 0.0122564 -0.0143223 -0.0396079 -0.00115668 0.000876094 -0.00357221 -0.010918 0.00377363 0.00163655 0.00934494 -0.0187267 -0.00170802 0.0102242 0.0177539 0.00396867 -0.0393792 -0.0223527 0.00333366 0.00394119 0.00469526 0.0324935 0.00374632 0.00258195 0.0035908 0.00230382 0.0234225
internal_weight=14759 4289 4253 488 80 408 66 3765 2770 1136 568 568 548 158 410 506 189 156 1634 99 58 1609 1583 1545 51 1494 1430 1381 1303 98
internal_count=14759 4289 4253 488 80 408 66 3765 2770 1136 568 568 548 158 410 506 189 156 1634 99 58 1609 1583 1545 51 1494 1430 1381 1303 98
is_linear=0
shrinkage=0.05


Tree=250
num_leaves=31
num_cat=0
split_feature=18 18 18 12 8 9 12 7 5 3 1 7 5 17 4 4 15 9 9 18 13 13 19 8 5 18 15 4 7 7
split_gain=9.76745 29.7765 23.9579 26.0825 57.9428 23.4339 21.0669 18.7091 22.6206 20.5625 17.4982 15.8613 26.2053 22.1249 21.9963 15.506 15.4464 14.6921 32.3349 17.9986 24.3098 15.0838 19.0879 25.7839 14.0137 13.3285 33.0463 39.5169 34.333 49.1784
threshold=3.6250000000000004 4.0874999999999995 4.222500000000001 19.315000000000001 0.14906350000000049 -83352.20999999989 10.945000000000002 1605802.2000000002 7.8550000000000013 25.176239000000006 3.5000000000000004 2267438.8500000006 0.015000000000000001 31.150000000000002 1528419.5000000002 1368776.0500000003 21.235000000000003 -65506.364999999998 -278466.87999999995 3.9450000000000007 8.0650000000000031 9.2750000000000004 1.6224999999999972 -0.72300650000000199 7.7650000000000006 1.337499999999997 35.247500000000009 1776294.9000000001 700752.59500000009 2267438.8500000006
decision_type=2 2 2 2 2 2 2 2 2 2 2 2 2 2 2 2 2 2 2 2 2 2 2 2 2 2 2 2 2 2
left_child=25 17 -3 6 5 -5 11 8 -8 10 -10 12 -4 14 -13 -6 -16 18 -2 21 -21 22 23 -19 -9 -1 27 -27 -28 -30
right_child=1 2 3 4 15 -7 7 24 9 -11 -12 13 -14 -15 16 -17 -18 19 -20 20 -22 -23 -24 -25 -26 26 28 -29 29 -31
leaf_value=0.00017126042110426876 0.0085875864098356527 -0.021227909180971657 0.05008324655073304 0.023538997992873192 0.016151413796469571 0.093410819982333734 0.033226178031439374 -0.016491688732445862 -0.0135273557076005 0.014731776267651795 0.0085523423154584399 -0.066445830240845688 0.0037678378941665503 0.01447963158871177 -0.026948182412618121 -0.030544805344834461 0.0017560871941030695 0.015332363295138081 0.077320787743000052 0.01024889317016269 0.071492954916678939 -0.029337587227627377 0.032284279829764277 -0.023284878701420635 -0.063143220416862864 -0.0046527762744452148 -0.0080121657180856794 0.016978999024446488 -0.10200363822795194 -0.01554587899560207
leaf_weight=8336 44 121 31 20 40 30 39 60 487 103 110 20 2061 79 86 32 103 113 28 43 26 29 64 70 22 2003 116 236 29 38
leaf_count=8336 44 121 31 20 40 30 39 60 487 103 110 20 2061 79 86 32 103 113 28 43 26 29 64 70 22 2003 116 236 29 38
internal_value=-3.12581e-06 0.00215421 0.000626315 0.00142209 0.0241125 0.0654621 0.000557288 -0.00634899 -0.00383474 -0.00589956 -0.00945907 0.00293966 0.00445416 -0.00806143 -0.0165817 -0.00460246 -0.0113051 0.0147731 0.0353172 0.0104856 0.0333264 0.00477543 0.00878061 0.000560741 -0.029008 -0.000777384 -0.00404241 -0.0023727 -0.0244714 -0.0529679
internal_weight=14619 3861 3444 3323 122 50 3201 821 739 700 597 2380 2092 288 209 72 189 417 72 345 69 276 247 183 82 10758 2422 2239 183 67
internal_count=14619 3861 3444 3323 122 50 3201 821 739 700 597 2380 2092 288 209 72 189 417 72 345 69 276 247 183 82 10758 2422 2239 183 67
is_linear=0
shrinkage=0.05


Tree=251
num_leaves=31
num_cat=0
split_feature=14 14 15 9 12 15 17 17 14 5 4 6 17 17 3 13 18 7 3 15 5 5 3 12 5 3 6 3 4 7
split_gain=8.99019 43.8476 40.7057 37.0762 61.8526 35.5175 22.8676 39.0527 31.2551 29.7672 29.6912 25.3481 39.8973 41.5838 38.2345 34.7212 29.9482 31.1839 31.8692 28.5894 23.936 23.3677 22.4951 21.0711 24.263 20.2866 64.7008 29.8349 29.648 36.7975
threshold=39.682500000000012 42.775000000000006 20.457500000000003 55253.1000000001 8.2350000000000012 25.370000000000001 20.205000000000002 21.737500000000001 38.612500000000004 20.015000000000004 1506296.4500000002 12.051055750000002 18.080000000000002 17.875000000000004 8.8811187500000006 5.8250000000000011 3.5699999999999972 266032.36000000004 26.014633500000006 15.880000000000001 11.365 9.1850000000000005 9.8012695000000019 15.505000000000001 14.795000000000002 10.803207500000001 14.573577750000002 10.871643000000002 1849552.9000000001 24.177777500000001
decision_type=2 2 2 2 2 2 2 2 2 2 2 2 2 2 2 2 2 2 2 2 2 2 2 2 2 2 2 2 2 2
left_child=6 2 -2 -4 -5 -6 11 9 -9 10 -8 14 13 22 19 -16 -14 18 -18 23 -17 -19 -13 -1 -25 26 28 -27 29 -3
right_child=1 25 3 4 5 -7 7 8 -10 -11 -12 12 16 -15 15 20 17 21 -20 -21 -22 -23 -24 24 -26 27 -28 -29 -30 -31
leaf_value=-0.018641004348852432 -0.019202013099627376 0.010895641265520751 0.012217368154831713 0.014053071706762744 0.12693850898112244 0.043470598928630352 -0.010115795853854142 -6.433838490495904e-05 -0.016008235199360489 0.034933886144426655 -0.035258599819748535 0.035729606729000808 0.021570155529125529 -0.036043294424113512 -0.022398393833306159 0.030016721146661908 -0.029460163041784143 -0.0019638742294369473 0.032613839538624657 0.0055943451674352329 -0.020380668474459337 0.046252305439594105 0.0017982821978136732 0.052945896657183772 -0.0071421020431444056 -0.061343635157460268 0.085232825220849073 -0.0015180168180700935 0.046232875054702166 -0.01625952332270721
leaf_weight=247 76 367 371 72 26 25 728 4677 329 32 140 50 505 72 364 62 101 54 26 1009 38 47 2116 24 56 21 26 2729 40 189
leaf_count=247 76 367 371 72 26 25 728 4677 329 32 140 50 505 72 364 62 101 54 26 1009 38 47 2116 24 56 21 26 2729 40 189
internal_value=-2.9695e-06 0.00203765 0.0148636 0.0201045 0.0438942 0.0860229 -0.000756376 -0.00283614 -0.00111219 -0.0124251 -0.0141711 0.00181815 0.00465491 0.00133893 -0.00286407 -0.0152294 0.0147793 -0.000261875 -0.0167521 0.00143047 0.0108657 0.0204734 0.00258155 -0.0114177 0.0108843 -0.000130446 0.00802415 -0.00197487 0.00465598 0.00166484
internal_weight=14619 3942 570 494 123 51 10677 5906 5006 900 868 4771 2971 2238 1800 464 733 228 127 1336 100 101 2166 327 80 3372 622 2750 596 556
internal_count=14619 3942 570 494 123 51 10677 5906 5006 900 868 4771 2971 2238 1800 464 733 228 127 1336 100 101 2166 327 80 3372 622 2750 596 556
is_linear=0
shrinkage=0.05


Tree=252
num_leaves=31
num_cat=0
split_feature=0 12 14 14 6 5 18 6 5 0 0 3 15 12 5 12 15 6 5 15 16 6 19 14 4 15 19 0 9 3
split_gain=8.56407 15.1736 13.0047 44.927 46.5364 89.5809 34.2864 20.2689 25.2263 16.2497 26.474 20.7936 24.7701 22.5772 21.7538 20.7823 20.5924 26.6953 19.4362 17.009 19.9991 16.4671 15.8218 35.5784 42.981 57.6472 30.2876 42.7033 25.4149 26.2167
threshold=4.5000000000000009 13.170000000000002 39.682500000000012 42.775000000000006 8.0891420000000007 15.505000000000001 8.3749999999999947 20.403366500000004 8.2350000000000012 12.500000000000002 17.500000000000004 10.521331500000001 22.722500000000004 13.245000000000003 14.975000000000003 17.965000000000003 21.432500000000005 15.346588000000002 8.7750000000000004 26.390000000000004 48.562500000000007 12.492370500000002 -0.40499999999999575 33.040000000000006 1658772.3500000003 21.522500000000004 -12.1075 34.500000000000007 200641.4500000001 25.790603500000007
decision_type=2 2 2 2 2 2 2 2 2 2 2 2 2 2 2 2 2 2 2 2 2 2 2 2 2 2 2 2 2 2
left_child=1 -1 22 4 5 -4 7 -6 -9 11 16 12 -5 21 -14 -15 17 -11 -12 20 -18 -13 23 -2 26 28 27 -25 -26 -30
right_child=2 -3 3 9 6 -7 -8 8 -10 10 18 13 14 15 -16 -17 19 -19 -20 -21 -22 -23 -24 24 25 -27 -28 -29 29 -31
leaf_value=-0.002564196480942691 -0.00065313837147878886 -0.029076836757095798 0.14134642027673269 0.049308237772616482 0.012851667976310755 0.0075979239457557276 -0.017588891568820833 0.014757500665591046 0.078236248267108011 0.053936012632523983 0.0065626889354102247 0.040747935456388135 -0.0032971226036790074 -0.042105028041017553 0.052769235352223567 0.014879437966737897 -0.016444669666306415 -0.01792686914892069 -0.0031391644442651297 -0.006422358712220526 -0.053558995086571276 0.0040069631158887106 0.0010388109155485849 -0.0084297524594668573 -0.030148212039084351 0.010069530723350388 -0.012558465954313085 0.061973619657967771 -0.12864903425392898 -0.051378862950063886
leaf_weight=1486 2873 56 21 59 308 31 82 34 29 24 910 34 81 48 22 24 97 28 1193 143 58 296 5951 56 27 35 534 35 23 21
leaf_count=1486 2873 56 21 59 308 31 82 34 29 24 910 34 81 48 22 24 97 28 1193 143 58 296 5951 56 27 35 534 35 23 21
internal_value=-2.82102e-06 -0.00352704 0.000412744 0.00300983 0.0168128 0.0616117 0.0116703 0.0181373 0.0439779 0.000699431 -0.0010601 0.00835212 0.0234756 0.0022576 0.00867822 -0.0231102 -0.0137927 0.0152406 0.00105897 -0.0188589 -0.0303326 0.0077924 -0.000544549 -0.00315903 -0.0130077 -0.0424477 -0.00801474 0.0186485 -0.0683364 -0.0917701
internal_weight=14619 1542 13077 3522 505 52 453 371 63 3017 2453 564 162 402 103 72 350 52 2103 298 155 330 9555 3604 731 106 625 91 71 44
internal_count=14619 1542 13077 3522 505 52 453 371 63 3017 2453 564 162 402 103 72 350 52 2103 298 155 330 9555 3604 731 106 625 91 71 44
is_linear=0
shrinkage=0.05


Tree=253
num_leaves=31
num_cat=0
split_feature=18 18 18 12 8 9 12 0 9 16 16 5 13 2 17 19 9 13 9 19 9 17 0 8 7 0 8 19 9 14
split_gain=8.56799 26.4832 21.1423 22.5107 51.8027 20.8259 19.4835 17.6757 40.7057 15.8061 27.4925 65.3079 19.7896 36.5708 26.5752 21.7774 34.1396 20.6866 23.4641 19.6652 18.9269 17.2817 16.1947 15.4258 15.233 20.1866 14.9192 18.7489 14.736 14.2509
threshold=3.6250000000000004 4.0874999999999995 4.222500000000001 19.315000000000001 0.14906350000000049 -83352.20999999989 11.425000000000002 20.500000000000004 -27430.409999999985 33.742500000000007 33.957500000000003 7.5050000000000008 7.535000000000001 1.0000000180025095e-35 29.332500000000003 0.77999999999999858 408989.85000000015 0.80500000000000016 -140516.49999999997 2.1975000000000011 361878.50000000012 20.707500000000003 17.500000000000004 2.3192748500000002 1605802.2000000002 15.500000000000002 -3.6543578500000002 -11.227499999999999 337128.26000000018 33.827500000000008
decision_type=2 2 2 2 2 2 2 2 2 2 2 2 2 2 2 2 2 2 2 2 2 2 2 2 2 2 2 2 2 2
left_child=-1 7 -3 6 5 -5 9 8 -2 12 11 -11 13 15 21 20 17 18 -17 -20 -4 -14 -21 -24 25 -8 -27 -28 29 -9
right_child=1 2 3 4 -6 -7 24 28 -10 10 -12 -13 14 -15 -16 16 -18 -19 19 22 -22 -23 23 -25 -26 26 27 -29 -30 -31
leaf_value=-0.00072784163909986614 0.087531621171080543 -0.01995297208657365 -0.013467322152754709 0.021979994028806689 -0.0047468729873394802 0.087849052970608077 -0.01991157206724499 -0.017186569688220819 0.016581684082166519 -0.01250289835780859 0.0056272656486627314 0.10296868672594428 0.0025503119785688223 -0.06283287615687759 -0.022450542430814409 0.062178565934300427 -0.044165493896411313 -0.0059557720613344738 0.035403832328574934 -0.015841735600279499 0.021628970768125283 0.020203598745562056 -0.0039658900512301405 0.056075363401323554 -0.028776465446858759 -0.02698975584935397 0.047496427449843164 0.0011070929365708446 0.041550616807459549 0.010260957134232741
leaf_weight=10758 23 121 450 20 72 30 157 75 167 25 929 24 349 27 73 29 31 116 64 63 42 230 23 20 71 44 23 411 24 128
leaf_count=10758 23 121 450 20 72 30 157 75 167 25 929 24 349 27 73 29 31 116 64 63 42 230 23 20 71 44 23 411 24 128
internal_value=-2.68001e-06 0.00201786 0.00057693 0.00132448 0.0224041 0.0615014 0.000521075 0.0139184 0.0251704 0.00259612 0.00755256 0.0440546 -0.000599263 -0.00555732 0.00597852 -0.00371192 0.00589967 0.0108267 0.0206095 0.0135183 -0.0104713 0.00956284 0.000304363 0.0239603 -0.00681213 -0.00435627 0.000752895 0.00356551 0.00450055 0.000120245
internal_weight=14619 3861 3444 3323 122 50 3201 417 190 2495 978 49 1517 865 652 838 346 315 199 170 492 579 106 43 706 635 478 434 227 203
internal_count=14619 3861 3444 3323 122 50 3201 417 190 2495 978 49 1517 865 652 838 346 315 199 170 492 579 106 43 706 635 478 434 227 203
is_linear=0
shrinkage=0.05


Tree=254
num_leaves=31
num_cat=0
split_feature=5 13 3 19 6 8 6 3 5 4 19 19 15 16 8 19 1 19 6 16 9 16 12 16 18 12 7 19 0 8
split_gain=7.80879 13.4117 28.8899 30.4559 12.502 19.7428 33.5228 20.0797 45.3855 16.3339 13.2539 28.3461 22.6234 22.5776 19.2383 16.4235 14.2345 13.6967 13.4704 13.1874 12.9263 12.5116 41.4076 65.3776 47.4201 16.1478 16.7865 47.1778 20.7303 30.5482
threshold=11.765000000000002 11.555000000000001 12.490020500000002 4.6625000000000041 7.8438568500000008 3.5808250000000004 12.153564500000002 14.623703000000001 15.970000000000002 803673.83000000019 3.9025000000000021 4.4874999999999998 30.067500000000006 39.110000000000007 -0.19255100000000167 5.4275000000000011 5.5000000000000009 0.97999999999999876 3.3015136500000004 45.900000000000006 233678.53000000003 23.027500000000003 18.400000000000002 22.790000000000003 3.0674999999999994 15.225000000000003 1163771.5000000002 4.6400000000000015 38.500000000000007 -3.8509674999999999
decision_type=2 2 2 2 2 2 2 2 2 2 2 2 2 2 2 2 2 2 2 2 2 2 2 2 2 2 2 2 2 2
left_child=1 -1 3 -3 9 21 7 8 -7 10 12 -12 14 15 17 -13 -16 18 -2 -9 -11 22 -6 24 -24 -23 27 28 29 -27
right_child=4 2 -4 -5 5 6 -8 19 -10 20 11 13 -14 -15 16 -17 -18 -19 -20 -21 -22 25 23 -25 -26 26 -28 -29 -30 -31
leaf_value=0.00052073771796943712 0.036829483390531763 0.07830875515937806 -0.0023755658031782002 0.0027410301690300306 -0.0002752124139713863 -0.0075990866011125041 0.065344155644034521 0.0034910940415492017 0.086998936108180464 -0.053917125641601164 0.058068672486621398 0.0055266735294447625 -0.040126158457407551 0.035858628099359684 -0.0089951494983770836 -0.02812427391083195 -0.045803679525852209 0.037716197109583655 -0.0063849976304918531 -0.040808083023875952 -0.002676029828726314 0.00015130572651336476 -0.037885256173710032 0.11877419449854643 0.064997395602542737 0.053654306568205357 -0.026117494973082064 0.065062451816123468 -0.018950085492240479 -0.0043087332656195519
leaf_weight=10323 22 30 82 24 315 32 29 56 21 32 23 82 53 34 424 65 28 33 100 24 20 1852 24 20 21 24 113 23 260 430
leaf_count=10323 22 30 82 24 315 32 29 56 21 32 23 82 53 34 424 65 28 33 100 24 20 1852 24 20 21 24 113 23 260 430
internal_value=-2.54601e-06 0.000726248 0.0163254 0.0447231 -0.00183487 -0.000378333 0.0166352 0.00601439 0.0298831 -0.00699316 -0.00535517 0.00578374 -0.00879811 -0.000860206 -0.00606271 -0.009353 -0.0112753 0.00913796 0.00140778 -0.00979866 -0.034209 -0.00127262 0.00722235 0.0435567 0.0101266 -0.00246732 -0.00817284 -0.00542149 -0.00769198 -0.00124461
internal_weight=14619 10459 136 54 4160 3244 162 133 53 916 864 204 660 181 607 147 452 155 122 80 52 3082 380 65 45 2702 850 737 714 454
internal_count=14619 10459 136 54 4160 3244 162 133 53 916 864 204 660 181 607 147 452 155 122 80 52 3082 380 65 45 2702 850 737 714 454
is_linear=0
shrinkage=0.05


Tree=255
num_leaves=31
num_cat=0
split_feature=12 17 4 0 17 5 9 16 0 9 0 17 8 18 8 0 9 19 17 4 17 17 17 7 16 8 15 0 19 5
split_gain=10.0306 18.8211 14.1952 14.9953 8.45482 7.39954 18.4043 15.2511 15.5606 13.9891 12.6367 9.83766 23.6095 19.7134 14.5899 15.0448 12.7213 12.1893 9.9709 8.96433 26.062 8.7968 36.4666 55.0494 34.3885 36.2035 28.7117 45.1492 41.5004 33.3703
threshold=22.910000000000004 20.005000000000003 555931.97000000009 30.500000000000004 48.927500000000002 1.0050000000000001 574770.95000000007 34.155000000000008 22.500000000000004 -1.0000000180025095e-35 17.500000000000004 31.150000000000002 -0.10778849999999894 3.1850000000000009 -0.17605589999999924 26.500000000000004 -621609.96999999986 -1.8575000000000015 26.390000000000004 1278011.3000000003 25.185000000000006 22.302500000000006 20.707500000000003 388.74073000000004 37.822500000000005 -2.1445463499999993 21.830000000000002 19.500000000000004 -0.83000000000000085 16.625000000000004
decision_type=2 2 2 2 2 2 2 2 2 2 2 2 2 2 2 2 2 2 2 2 2 2 2 2 2 2 2 2 2 2
left_child=4 -2 -3 -4 5 6 7 8 10 -10 -1 14 17 -14 15 18 -15 -13 -9 -16 -21 22 -7 24 -24 -26 28 -28 29 -25
right_child=1 2 3 -5 -6 21 -8 11 9 -11 -12 12 13 16 19 -17 -18 -19 -20 20 -22 -23 23 26 25 -27 27 -29 -30 -31
leaf_value=-0.028719273182796313 -0.034189290863772231 -0.021804017152997755 -0.0064766332152343927 0.054017662853002552 -0.022063161534745069 0.0011924032727673841 -0.041983015695586802 0.016232698605112408 -0.033155622394755488 0.00041370725621365845 0.017691700474613093 0.018396213142058023 -0.032807853253325449 -0.0023644622843209152 0.023339159837147842 -0.058905245289206515 0.044988395638116033 0.068365923428665029 -0.030850737367820166 -0.030605046016474565 0.028281537043478563 0.0018817617970017038 -0.0069777312372150124 -0.022453088934344126 0.054732956321910026 0.0076964437965717589 -0.034940896310921142 0.0010374499030183521 -0.054994543254523 0.045412911605089902
leaf_weight=20 60 31 21 20 42 5563 32 23 100 45 55 26 32 37 48 20 23 23 22 42 34 7020 379 192 50 225 120 319 101 20
leaf_count=20 60 31 21 20 42 5563 32 23 100 45 55 26 32 37 48 20 23 23 22 42 34 7020 379 192 50 225 120 319 101 20
internal_value=0.000214154 -0.0135071 0.00372805 0.0230328 0.000338099 0.000402669 -0.00512141 -0.00297673 -0.013174 -0.0227376 0.00531544 0.00382147 0.0138164 -0.00111525 -0.00363507 -0.0228226 0.0157875 0.0418514 -0.00678587 0.0064229 -0.00426105 0.000632493 -0.000625917 -0.00782031 0.00278867 0.0162485 -0.0170467 -0.00879718 -0.0286172 -0.0160506
internal_weight=14745 132 72 41 14613 14571 582 550 220 145 75 330 141 92 189 65 60 49 45 124 76 13989 6969 1406 654 275 752 439 313 212
internal_count=14745 132 72 41 14613 14571 582 550 220 145 75 330 141 92 189 65 60 49 45 124 76 13989 6969 1406 654 275 752 439 313 212
is_linear=0
shrinkage=0.05


Tree=256
num_leaves=31
num_cat=0
split_feature=12 17 4 0 17 14 12 14 0 18 12 12 13 12 14 4 7 9 8 6 4 16 16 12 4 16 9 14 14 8
split_gain=9.05262 16.9861 12.8112 13.5332 7.63047 7.26819 7.39955 7.21919 12.737 8.99282 7.32375 12.2537 14.6386 8.55478 14.4307 16.2159 6.98101 7.89547 14.6723 22.4621 27.0878 24.5348 90.7724 22.6196 21.2839 38.6276 20.2478 17.3641 32.4269 23.8839
threshold=22.910000000000004 20.005000000000003 555931.97000000009 30.500000000000004 48.927500000000002 16.995000000000005 13.495000000000003 18.980000000000004 12.500000000000002 -30.574999999999999 15.665000000000001 8.8750000000000018 9.2350000000000012 12.235000000000001 18.002500000000001 1051292.5000000002 3389328.1500000004 -130659.08 2.7327725000000007 13.544097500000001 292383.2900000001 23.027500000000003 22.710000000000004 10.915000000000001 830146.85000000021 46.055000000000007 -447240.79999999987 41.57 36.002500000000012 -0.034316999999999702
decision_type=2 2 2 2 2 2 2 2 2 2 2 2 2 2 2 2 2 2 2 2 2 2 2 2 2 2 2 2 2 2
left_child=4 -2 -3 -4 5 6 -1 8 -7 -9 11 12 -10 14 -13 -16 17 18 19 20 23 22 -21 -11 25 -20 -26 28 -22 -29
right_child=1 2 3 -5 -6 7 -8 9 10 16 -12 13 -14 -15 15 -17 -18 -19 24 21 27 -23 -24 -25 26 -27 -28 29 -30 -31
leaf_value=-0.030618117965365711 -0.032479826118797066 -0.020713815573723086 -0.0061528014107829054 0.05131678014993668 -0.020960003405898101 -0.007744280695397821 0.0017452093546814992 0.02458779732941797 -0.010621835071802269 0.05330408872555821 -0.012026286530105965 0.071465168873934698 0.031939904904368543 0.011337695636320859 0.054258561320602895 -0.0094123670458793642 -0.024275045835509382 -0.00022829214523693511 0.01158841700242782 0.0043021615819065825 -0.014549037099601821 0.0025425130096117061 0.10504491704383068 -0.011351659608772026 -0.021197195994880118 0.077336216242110831 0.017601953394052277 -0.0017961569130420685 0.026347391233490461 -0.062399216197632459
leaf_weight=38 60 31 21 20 42 90 33 38 58 31 23 24 31 40 20 20 29 11908 74 111 295 1361 28 24 57 32 82 29 58 37
leaf_count=38 60 31 21 20 42 90 33 38 58 31 23 24 31 40 20 20 29 11908 74 111 295 1361 28 24 57 32 82 29 58 37
internal_value=0.000203446 -0.0128318 0.00354165 0.0218811 0.000321194 0.000382536 -0.015576 0.000460677 0.00805907 0.000296868 0.0146438 0.0178221 0.00420304 0.0294769 0.0408139 0.0224231 0.000231662 0.00028197 0.00302023 0.00158788 -0.00790019 0.00458611 0.0245957 0.0250907 0.0145609 0.0314368 0.00169151 -0.0122307 -0.00782951 -0.0357706
internal_weight=14745 132 72 41 14613 14571 71 14500 306 14194 216 193 89 104 64 40 14156 14127 2219 1974 474 1500 139 55 245 106 139 419 353 66
internal_count=14745 132 72 41 14613 14571 71 14500 306 14194 216 193 89 104 64 40 14156 14127 2219 1974 474 1500 139 55 245 106 139 419 353 66
is_linear=0
shrinkage=0.05


Tree=257
num_leaves=31
num_cat=0
split_feature=12 17 6 18 13 9 19 19 9 19 18 19 0 7 6 14 5 9 14 18 2 18 2 17 4 13 9 9 12 17
split_gain=8.16999 15.5255 15.1162 11.0537 7.10896 18.8149 20.7231 25.9186 21.3716 17.7791 23.923 15.6942 17.2304 14.6305 19.9335 13.8844 13.3371 22.146 16.6082 19.3528 14.7473 14.3886 12.8398 27.9028 20.2749 25.9856 14.4726 22.592 18.4007 17.7434
threshold=22.910000000000004 18.645000000000003 12.955902000000002 4.5674999999999999 8.0650000000000031 -1.0000000180025095e-35 1.0199999999999998 -3.4825000000000013 72479.945000000109 7.4449999999999994 -1.8350000000000024 5.8100000000000023 34.500000000000007 1624735.3500000003 25.655502500000001 29.825000000000003 11.465000000000002 465330.99999999983 31.920000000000005 4.6300000000000017 1.0000000180025095e-35 1.6099999999999979 1.0000000180025095e-35 29.397500000000001 1949083.0000000002 6.2250000000000005 -18156.699999999892 -21931.800000000101 11.195000000000002 32.480000000000004
decision_type=2 2 2 2 2 2 2 2 2 2 2 2 2 2 2 2 2 2 2 2 2 2 2 2 2 2 2 2 2 2
left_child=4 -2 -3 -4 22 9 7 15 -9 11 -11 12 -6 16 -15 -7 17 18 19 -8 -18 -20 26 24 25 -24 27 29 -29 -1
right_child=1 2 3 -5 5 6 13 8 -10 10 -12 -13 -14 14 -16 -17 20 -19 21 -21 -22 -23 23 -25 -26 -27 -28 28 -30 -31
leaf_value=0.0042366869911845051 -0.035636535246411097 -0.036528893968179113 -0.0035094895013948768 0.039215621833379073 -0.012307366469406096 0.012771369568514128 0.010273839927840721 0.017216649392335408 0.055412647387545026 0.059476605548777366 0.002086763144493139 -0.02743819392942173 0.0078285912748210004 -0.0574596334627131 0.0092445798839132006 -0.0095018863443926752 -0.0043347025663326294 0.056493577801368461 -0.014127540308982134 0.058521713113242939 0.01817274871799681 0.005456237734960164 -0.082096093220095478 0.0034859404816026136 0.0033232861012220381 -0.016249678947422283 -0.0010428405636508829 0.0068411423072878581 0.069425675013790961 -0.006821691733229971
leaf_weight=2319 46 21 41 24 289 137 376 286 42 22 104 93 168 24 21 143 717 22 144 22 81 269 31 112 25 29 8660 24 23 430
leaf_count=2319 46 21 41 24 289 137 376 286 42 22 104 93 168 24 21 143 717 22 144 22 81 269 31 112 25 29 8660 24 23 430
internal_value=0.000193274 -0.0121902 0.00035092 0.0122659 0.000305134 0.00249328 0.00466199 0.0125694 0.0221076 -0.00483413 0.0121072 -0.00871523 -0.00490509 0.00179342 -0.026331 0.0013961 0.00256939 0.00699479 0.00565204 0.0129408 -0.00205011 -0.001372 -0.000250681 -0.0129072 -0.0345075 -0.0502703 -3.3037e-05 0.00309461 0.0374676 0.00250693
internal_weight=14745 132 86 65 14613 2960 2284 608 328 676 126 550 457 1676 45 280 1631 833 811 398 798 413 11653 197 85 60 11456 2796 47 2749
internal_count=14745 132 86 65 14613 2960 2284 608 328 676 126 550 457 1676 45 280 1631 833 811 398 798 413 11653 197 85 60 11456 2796 47 2749
is_linear=0
shrinkage=0.05


Tree=258
num_leaves=31
num_cat=0
split_feature=5 4 4 15 4 16 9 16 17 7 19 16 6 6 12 18 17 3 8 3 8 7 6 6 9 3 17 4 15 8
split_gain=8.00386 11.7901 13.5117 15.8906 14.3994 22.8405 19.5786 17.742 26.2791 31.1963 42.9765 22.5843 16.0318 31.8041 29.2889 45.486 23.4464 25.6333 24.2788 32.8978 37.0185 47.8687 29.5396 22.2641 21.6892 19.7775 19.6874 19.848 29.2433 21.9491
threshold=11.675000000000002 2703314.0000000005 2476747.9000000004 11.7475 1935653.7000000004 40.542500000000004 106024.65000000004 55.280000000000008 24.405000000000005 51273.956000000013 1.0400000000000011 58.470000000000006 10.152816750000001 15.252243000000002 20.615000000000006 10.522500000000003 14.075000000000001 28.869583000000002 -0.15670799999999915 19.422210000000003 -0.087753000000000178 452559.66000000003 25.501053500000001 26.753143500000004 -3607.2304999999992 24.243515000000006 17.875000000000004 68538.310000000012 18.025000000000002 2.8917230000000003
decision_type=2 2 2 2 2 2 2 2 2 2 2 2 2 2 2 2 2 2 2 2 2 2 2 2 2 2 2 2 2 2
left_child=-1 2 3 -2 7 6 -6 12 9 11 -11 -9 26 14 15 -14 17 -15 22 -20 21 -21 25 -24 -22 -18 -5 -28 -29 -30
right_child=1 -3 -4 4 5 -7 -8 8 -10 10 -12 -13 13 16 -16 -17 18 -19 19 20 24 -23 23 -25 -26 -27 27 28 29 -31
leaf_value=0.00092602443873970181 -0.036673281900584699 -0.02042016371936969 0.025673250316480257 0.006619039275457231 -0.025722087966278197 -0.042062525187026377 0.016101243226758898 0.052858804618673663 -0.011797803975198241 0.11100274485281923 0.013252745099864273 -0.0079428642805266601 0.010546855574397468 0.0062499053433145348 0.068941362164914616 -0.043586187637070332 -0.0053819328524924099 0.059684787221528868 -0.023841458789806452 0.0038596959157775231 -0.012234643437168612 0.10674969621002675 -0.046198451620396937 -0.015327057376271115 0.008005289535377021 0.045523146027699114 -0.005015911651470889 0.023682982032187286 -0.037861807960628845 -0.0043267096248520934
leaf_weight=10486 32 82 46 247 51 55 62 21 63 22 23 56 725 133 20 41 415 27 113 26 186 20 79 224 459 20 752 32 156 71
leaf_count=10486 32 82 46 247 51 55 62 21 63 22 23 56 725 133 20 41 415 27 113 26 186 20 79 224 459 20 752 32 156 71
internal_value=0.00018361 -0.00164427 -0.00127568 -0.00157576 -0.00130176 -0.0156368 -0.00277477 -0.000689123 0.0144262 0.0279681 0.0610416 0.00863941 -0.00143561 0.000890297 0.00920899 0.0076494 -0.00295135 0.015267 -0.00484172 0.00116921 0.00525923 0.0485945 -0.0113902 -0.023376 0.00216866 -0.00304147 -0.00603565 -0.00912735 -0.0210648 -0.0273729
internal_weight=14745 4259 4177 4131 4099 168 113 3931 185 122 45 77 3746 2488 786 766 1702 160 1542 804 691 46 738 303 645 435 1258 1011 259 227
internal_count=14745 4259 4177 4131 4099 168 113 3931 185 122 45 77 3746 2488 786 766 1702 160 1542 804 691 46 738 303 645 435 1258 1011 259 227
is_linear=0
shrinkage=0.05


Tree=259
num_leaves=31
num_cat=0
split_feature=12 17 6 18 17 14 12 5 9 14 8 12 14 14 6 8 5 19 4 4 8 12 8 3 9 7 16 6 19 17
split_gain=7.31252 13.7272 13.4913 10.0968 6.75838 6.61851 6.67541 6.5056 16.7486 21.1179 11.6645 16.9164 9.22155 18.0221 16.5758 8.80173 8.03774 13.0752 15.462 47.3118 28.0917 38.4708 35.9758 37.9132 18.6104 17.8446 23.9865 48.3912 18.5379 17.892
threshold=22.910000000000004 18.645000000000003 13.296570000000001 4.5674999999999999 48.927500000000002 16.995000000000005 13.495000000000003 1.0050000000000001 526968.50000000023 30.687500000000004 3.2092593500000013 9.3550000000000022 60.497500000000002 49.947500000000005 16.043320000000005 -1.1637269999999995 11.675000000000002 -1.8849999999999996 485300.39000000007 465480.78000000009 -1.9596103500000002 15.585000000000003 -1.6148225000000005 11.116699250000002 23090.700000000073 16413.630000000001 49.570000000000007 15.095520000000002 -0.8724999999999995 27.825000000000003
decision_type=2 2 2 2 2 2 2 2 2 2 2 2 2 2 2 2 2 2 2 2 2 2 2 2 2 2 2 2 2 2
left_child=4 -2 -3 -4 5 6 -1 8 9 -7 11 12 13 -11 -15 -13 -9 -18 19 24 21 -20 -22 -24 25 29 28 -28 -27 -19
right_child=1 2 3 -5 -6 7 -8 16 -10 10 -12 15 -14 14 -16 -17 17 18 20 -21 22 -23 23 -25 -26 26 27 -29 -30 -31
leaf_value=-0.029177754460588887 -0.033587902549492281 -0.033526104857975789 -0.0030123175008267894 0.038377840914156129 -0.019747932047937955 -0.030804617077869884 0.0015612161478422808 0.001408559157561545 -0.037319875176291206 0.0013532848981099009 0.037323079550904886 -0.050838553949835753 -0.01995167669434196 0.06488487477535787 0.0048562360765493431 -0.011772191445545657 -0.0075311022474913586 -0.0018692816031115383 0.0043490176134730217 0.069314404390752316 -0.070876111039383849 0.082506112959235919 -0.034000405666625336 -0.0024602681277083793 -0.015194819878804715 0.035241811102829305 0.10388272047042846 0.0063870392367243768 0.0036655898444746837 0.013548205163398828
leaf_weight=38 46 22 41 23 42 59 33 9796 37 313 21 21 39 23 23 46 685 1461 74 26 22 20 108 809 156 52 20 35 438 216
leaf_count=38 46 22 41 23 42 59 33 9796 37 313 21 21 39 23 23 46 685 1461 74 26 22 20 108 809 156 52 20 35 438 216
internal_value=0.00017443 -0.0115412 0.000251291 0.0118623 0.000280257 0.000337987 -0.0148906 0.000412555 -0.00476657 -0.00255653 0.000872762 -0.000773381 0.00313947 0.00564798 0.0348706 -0.0240169 0.000629127 -0.00122321 3.39692e-05 0.00223231 -0.00508202 0.0209782 -0.00769081 -0.00617492 0.00149887 0.00267088 0.0105308 0.04184 0.00701654 0.000116513
internal_weight=14745 132 86 64 14613 14571 71 14500 582 545 486 465 398 359 46 67 13918 4122 3437 2404 1033 94 939 917 2378 2222 545 55 490 1677
internal_count=14745 132 86 64 14613 14571 71 14500 582 545 486 465 398 359 46 67 13918 4122 3437 2404 1033 94 939 917 2378 2222 545 55 490 1677
is_linear=0
shrinkage=0.05


Tree=260
num_leaves=31
num_cat=0
split_feature=15 14 5 5 14 9 9 6 15 16 1 16 0 13 13 14 4 8 15 16 6 19 5 4 19 19 16 13 4 9
split_gain=9.57717 20.2527 19.7254 17.7559 14.1114 37.9419 15.8516 16.8052 17.5224 14.1596 20.356 18.9573 11.7506 10.5775 13.5488 10.7866 11.4837 9.77562 10.2488 9.93327 13.0492 9.60777 14.3503 10.2182 27.9901 13.9697 9.51629 9.50267 9.34441 9.15762
threshold=33.527500000000011 33.782500000000006 13.525 7.8550000000000013 34.492500000000007 -146641.20000000004 1406.1034999999999 4.3547060000000011 33.890000000000008 32.875000000000007 5.5000000000000009 32.957500000000003 42.500000000000007 6.2950000000000008 1.0050000000000001 48.797500000000007 1579050.4000000001 -4.4912414999999992 43.037500000000001 46.51250000000001 17.379318000000001 10.820000000000006 10.975000000000003 89267.200000000026 1.5749999999999995 4.6450000000000022 34.597500000000004 8.4950000000000028 929740.33000000019 -140516.49999999997
decision_type=2 2 2 2 2 2 2 2 2 2 2 2 2 2 2 2 2 2 2 2 2 2 2 2 2 2 2 2 2 2
left_child=-1 2 3 -2 5 -3 7 -7 -9 10 28 -11 13 14 17 16 -16 -13 19 29 -21 22 23 -15 -25 -26 -10 -12 -6 -19
right_child=1 4 -4 -5 9 6 -8 8 26 11 27 12 -14 21 15 -17 -18 18 -20 20 -22 -23 -24 24 25 -27 -28 -29 -30 -31
leaf_value=0.00056398487728186706 -0.055738336439244453 0.073692854830906512 -0.060560213459225798 -0.0042558047418636315 -0.0095313596557004068 -0.0096941040432149614 -0.016483611033122608 0.057624579214587295 -0.011810307188338981 0.033575276992711671 -0.06158359589753673 -0.029711920158156463 -0.017462539392786833 0.0013129697685941983 -0.058216113854071196 0.0050533114297484812 -0.013323963840412035 0.025068610005483435 0.019790984443130179 -0.047124017827212816 -0.0071715567549940065 0.037785753252960387 -0.013531932675966411 0.04939035897453626 -0.028277764593561489 0.016678681870689615 0.027012496344794176 -0.024174240639369036 0.027029548077420758 -0.0014799445604072199
leaf_weight=12917 20 21 26 103 85 54 69 29 27 37 24 31 122 203 29 22 28 37 54 25 112 21 99 48 27 48 38 58 22 266
leaf_count=12917 20 21 26 103 85 54 69 29 27 37 24 31 122 203 29 22 28 37 54 25 112 21 99 48 27 48 38 58 22 266
internal_value=8.95914e-05 -0.00334332 -0.0209911 -0.0126269 -0.00173603 0.00951852 0.0033081 0.0125353 0.0253054 -0.00365204 -0.016379 -0.00166247 -0.00277492 -0.00106836 -0.00538073 -0.0246856 -0.0361638 -0.00247581 -0.000766657 -0.00328964 -0.0144622 0.00477172 0.00314044 0.00820352 0.0195757 0.000494361 0.0108861 -0.0351233 -0.00201416 0.00176196
internal_weight=14702 1785 149 123 1636 238 217 148 94 1398 189 1209 1172 1050 604 79 57 525 494 440 137 446 425 326 123 75 65 82 107 303
internal_count=14702 1785 149 123 1636 238 217 148 94 1398 189 1209 1172 1050 604 79 57 525 494 440 137 446 425 326 123 75 65 82 107 303
is_linear=0
shrinkage=0.05


Tree=261
num_leaves=31
num_cat=0
split_feature=17 17 7 14 14 3 12 0 16 15 8 12 3 8 3 9 17 8 17 14 16 16 5 0 8 16 19 1 5 8
split_gain=9.17521 19.232 30.8059 39.0852 35.5187 18.7837 27.268 18.6221 18.0882 24.2604 30.7633 19.0505 16.5189 14.2555 20.6074 21.0165 20.2894 26.4927 32.6932 70.5029 23.5496 32.5033 30.5889 28.7681 24.1759 23.345 31.8838 20.1276 19.7947 19.5907
threshold=20.205000000000002 21.432500000000005 821471.02000000014 44.57500000000001 55.280000000000008 15.219528000000002 5.995000000000001 12.500000000000002 32.300000000000004 21.392500000000002 -0.35082999999999837 10.975000000000003 22.809326500000005 0.95581099999999986 30.655456500000003 515117.71500000014 15.740000000000002 -0.63522350000000116 15.880000000000001 25.245000000000001 30.375000000000004 26.510000000000002 19.380000000000006 30.500000000000004 -0.10778849999999894 30.852500000000003 -0.91249999999999953 3.5000000000000004 14.155000000000003 -1.5164185000000001
decision_type=2 2 2 2 2 2 2 2 2 2 2 2 2 2 2 2 2 2 2 2 2 2 2 2 2 2 2 2 2 2
left_child=13 2 3 8 -5 6 -4 -6 -2 10 -10 -12 -11 14 15 16 28 29 19 -19 21 23 -23 -20 -25 -22 -27 -17 -1 -18
right_child=1 -3 5 4 7 -7 -8 -9 9 12 11 -13 -14 -15 -16 27 17 18 20 -21 25 22 -24 24 -26 26 -28 -29 -30 -31
leaf_value=0.0027543927837222239 -0.016347178609203549 -0.00010584269924422121 -0.090852185264229779 0.076513699690500897 -0.020819736062549055 -0.012374360548459333 -0.025144988935363169 0.030758390276570846 -0.029912469758313489 -0.027928304772965776 0.018108108400338097 0.07000371185131371 0.003941069891314126 -0.0025859529858617051 -0.043909247786454532 -0.041043908561707712 0.006535357506321302 0.10194302219276628 -0.004123167527712226 -0.0083753787396874807 -0.037922731890446613 0.028299048859168709 -0.028744594598188997 0.068711279346965831 0.012855488467826755 0.042741870753308563 -0.0013002382773643971 0.0053980863187462098 -0.010760035989589471 -0.0082990868297191638
leaf_weight=1276 250 8428 20 27 30 220 75 42 22 69 48 28 99 1405 23 51 591 30 267 28 36 392 25 26 76 47 327 43 344 357
leaf_count=1276 250 8428 20 27 30 220 75 42 22 69 48 28 99 1405 23 51 591 30 267 28 36 392 25 26 76 47 327 43 344 357
internal_value=8.51118e-05 -0.0008588 -0.00768238 -0.00116965 0.0276074 -0.0203977 -0.0389781 0.0092675 -0.00669082 0.00238471 0.0221553 0.0372275 -0.00914814 0.00173802 0.00328033 0.00355749 0.00413194 0.00725664 0.0120251 0.0486859 0.0102472 0.0153146 0.0248792 0.00450576 0.0270932 0.000532858 0.00423447 -0.0197992 -0.000115338 0.000948969
internal_weight=14702 9358 930 615 99 315 95 72 516 266 98 76 168 5344 3939 3916 3822 2202 1254 58 1196 786 417 369 102 410 374 94 1620 948
internal_count=14702 9358 930 615 99 315 95 72 516 266 98 76 168 5344 3939 3916 3822 2202 1254 58 1196 786 417 369 102 410 374 94 1620 948
is_linear=0
shrinkage=0.05


Tree=262
num_leaves=31
num_cat=0
split_feature=17 15 14 5 5 7 3 7 8 8 0 0 0 5 13 6 7 19 8 6 4 18 19 13 13 8 5 8 2 7
split_gain=8.6086 8.90872 18.2899 17.8022 16.0247 15.0139 27.58 14.2837 29.8512 24.0049 11.6145 8.39982 14.3945 12.7585 14.1469 16.7027 25.7847 12.6879 24.8914 21.9671 14.3103 12.2753 11.8682 11.375 18.6478 17.0406 11.1466 10.8016 10.4505 9.33335
threshold=48.927500000000002 33.527500000000011 33.782500000000006 13.525 7.8550000000000013 2797180.0000000005 16.262436500000003 1821098.1500000001 2.7327725000000007 0.95581099999999986 29.500000000000004 10.500000000000002 17.500000000000004 10.405000000000003 6.6350000000000007 17.480148500000002 315394.37500000006 4.8775000000000022 -2.0376585000000005 16.940185500000002 24.177777500000001 -0.12249999999999871 6.8399999999999981 14.295000000000002 9.6450000000000014 -0.90667729999999869 8.1250000000000018 1.04965215 1.0000000180025095e-35 99903.527500000011
decision_type=2 2 2 2 2 2 2 2 2 2 2 2 2 2 2 2 2 2 2 2 2 2 2 2 2 2 2 2 2 2
left_child=1 -1 3 4 -3 7 -7 11 9 10 -9 -4 13 14 15 16 -13 18 19 21 22 -14 -19 24 26 -26 -20 -15 -27 -16
right_child=-2 2 5 -5 -6 6 -8 8 -10 -11 -12 12 17 27 29 -17 -18 20 23 -21 -22 -23 -24 -25 25 28 -28 -29 -30 -31
leaf_value=0.00060374499474416933 -0.022798186440656829 -0.052946127429604528 0.005374364796544736 -0.057526911637530875 -0.0040377224655369828 0.067452222879298709 -0.0016546033588903293 -0.0023142075328075368 0.036690743290819228 -0.060350776433541968 -0.042695549945347015 -0.0096691870622129909 0.0099141154335484327 -0.05084425389456252 -0.0029654474590312353 0.0083347106881036959 -0.080476637557148942 -0.050617876350879665 0.025860656327789739 -0.059498966214331719 -0.00066059026709572516 -0.021702991774053142 -0.012689321320927281 -0.025990462545305494 -0.0042334426147863273 0.06666441930129248 0.0021982923839712824 -0.01391411840661683 0.021115097720175984 0.038526319631415867
leaf_weight=12876 41 20 375 26 103 22 42 69 22 37 24 36 64 36 33 37 20 30 63 22 181 59 66 20 20 34 237 44 20 23
leaf_count=12876 41 20 375 26 103 22 42 69 22 37 24 36 64 36 33 37 20 30 63 22 181 59 66 20 20 34 237 44 20 23
internal_value=8.08562e-05 0.000144838 -0.00316546 -0.0199363 -0.0119903 -0.00163804 0.0221009 -0.00260451 -0.0171721 -0.0262873 -0.0127352 -0.00104517 -0.00334883 -0.0144262 -0.00577848 -0.0177338 -0.0349576 -0.000240096 0.00422946 -0.0134824 -0.00893718 -0.00525181 -0.024542 0.0107478 0.0127124 0.0351922 0.00716739 -0.0305327 0.0497943 0.0140758
internal_weight=14702 14661 1785 149 123 1636 64 1572 152 130 93 1420 1045 229 149 93 56 816 539 145 277 123 96 394 374 74 300 80 54 56
internal_count=14702 14661 1785 149 123 1636 64 1572 152 130 93 1420 1045 229 149 93 56 816 539 145 277 123 96 394 374 74 300 80 54 56
is_linear=0
shrinkage=0.05


Tree=263
num_leaves=31
num_cat=0
split_feature=17 6 3 0 7 17 0 4 6 8 4 5 8 12 16 13 5 5 8 17 17 12 13 17 17 14 8 17 8 17
split_gain=8.03735 20.2618 51.8517 36.7369 43.0995 39.1812 46.6306 31.7636 31.7459 29.6147 24.2643 23.2265 20.681 20.6275 19.9589 21.6513 19.8305 19.0956 18.3394 30.5245 78.5901 25.0696 18.2648 17.7518 29.7722 27.2526 27.0823 26.7541 17.6636 17.5686
threshold=20.205000000000002 12.051055750000002 7.8815155000000008 11.500000000000002 439035.97500000003 19.897500000000004 37.500000000000007 2330832.1000000006 14.320526000000003 0.018432499999999855 1506296.4500000002 7.9750000000000005 1.5376440000000013 14.325000000000001 20.502500000000005 5.8250000000000011 11.395000000000001 11.765000000000002 -0.63522350000000116 15.840000000000002 16.015000000000004 16.465000000000003 9.6150000000000002 18.080000000000002 18.167500000000004 32.037500000000009 -0.41175849999999942 16.737500000000004 1.6595917499999999 21.432500000000005
decision_type=2 2 2 2 2 2 2 2 2 2 2 2 2 2 2 2 2 2 2 2 2 2 2 2 2 2 2 2 2 2
left_child=1 2 3 17 5 9 -7 14 11 -5 13 -3 -11 16 -4 -16 -6 -1 -10 21 -21 -20 -17 27 -25 26 -26 -22 -27 -2
right_child=29 8 7 4 10 6 -8 -9 18 12 -12 -13 -14 -15 15 22 -18 -19 19 20 23 -23 -24 24 25 28 -28 -29 -30 -31
leaf_value=-0.0065615819603631583 -0.0073284447876178233 -0.0080431978030699406 0.025697562125894954 0.026051029241050357 -0.0097873198409833342 0.11956829987466336 0.011597724428866059 -0.069029100716114053 -0.0026501295283727069 -0.015491885796483772 0.015643546566145843 0.028950918885771032 0.014064365227092455 0.033627967004265104 -0.018336369875739455 0.030548326433118847 -0.045511738028304251 -0.055557439146962553 0.0010529636235497449 0.083142553492345742 0.018670425025558126 -0.0263699204601506 -0.0097447718717157839 0.057574544713283195 -0.029105088055133822 -0.016997568572040499 0.025326174720981743 -0.0027158202978748523 0.023331285511517922 -8.6973588503633855e-05
leaf_weight=375 930 54 34 255 163 20 20 25 1094 102 101 198 141 21 489 45 51 21 735 36 203 94 75 39 25 102 266 523 37 8428
leaf_count=375 930 54 34 255 163 20 20 25 1094 102 101 198 141 21 489 45 51 21 735 36 203 94 75 39 25 102 266 523 37 8428
internal_value=7.68134e-05 0.00162384 -0.00245768 0.00347377 0.00919793 0.0179726 0.065583 -0.0137345 0.0039462 0.0141484 -0.00485192 0.0210236 0.00165804 -0.0136606 -0.0115847 -0.0136661 -0.0183011 -0.00915985 0.00258174 0.00536022 0.0103549 -0.00205651 0.00536514 0.00816215 0.0157442 0.0119503 0.0206499 0.00326408 -0.00626255 -0.000806633
internal_weight=14702 5344 1938 1270 874 538 40 668 3406 498 336 252 243 235 643 609 214 396 3154 2060 1231 829 120 1195 469 430 291 726 139 9358
internal_count=14702 5344 1938 1270 874 538 40 668 3406 498 336 252 243 235 643 609 214 396 3154 2060 1231 829 120 1195 469 430 291 726 139 9358
is_linear=0
shrinkage=0.05


Tree=264
num_leaves=31
num_cat=0
split_feature=17 15 14 5 5 7 3 7 0 4 4 5 13 7 19 14 12 7 17 4 19 15 6 6 13 3 13 18 7 6
split_gain=7.76341 8.01717 16.4989 16.0665 14.4623 13.5549 24.8909 12.8832 19.4993 8.29014 8.1851 7.77823 13.9305 20.1974 22.8461 17.1106 17.3882 15.4801 14.9768 29.276 14.745 11.7684 12.7184 24.7126 22.3682 18.8461 15.1068 11.1209 10.4402 10.3364
threshold=48.927500000000002 33.527500000000011 33.782500000000006 13.525 7.8550000000000013 2797180.0000000005 16.262436500000003 1821098.1500000001 30.500000000000004 176227.79000000001 1686703.6000000003 10.815000000000003 6.2950000000000008 99903.527500000011 1.5749999999999995 47.947500000000005 7.7250000000000005 1189321.0000000002 32.660000000000004 1440542.0500000003 4.6450000000000022 33.890000000000008 10.500824000000001 15.944320750000001 9.6950000000000021 19.886810500000003 6.5850000000000009 3.1249999999999969 612729.83000000019 9.5085905000000022
decision_type=2 2 2 2 2 2 2 2 2 2 2 2 2 2 2 2 2 2 2 2 2 2 2 2 2 2 2 2 2 2
left_child=1 -1 3 4 -3 7 -7 11 10 -6 -9 12 15 -14 -15 16 18 28 -4 -20 -16 -13 26 24 -24 -25 -23 -26 -18 -28
right_child=-2 2 5 -5 9 6 -8 8 -10 -11 -12 21 13 14 20 -17 17 -19 19 -21 -22 22 23 25 27 -27 29 -29 -30 -31
leaf_value=0.00056907149359217092 -0.021653928875741437 -0.050294473052490511 0.005140431398259742 -0.054646216311420387 -0.01292499799794862 0.064083960711617358 -0.0015675245030295282 -0.03075419874240955 -0.054841964816053718 0.018296053682764372 -0.00079608539879125976 0.021062178336271449 0.00069252455336021564 0.049689090110433216 -0.015670013515964934 0.0085745583013004563 -0.0027251204752871778 -0.044289490664377811 -0.060697880541332641 -0.0015485880217914073 0.024400249592446049 0.012242883967701346 -0.022160066257823598 -0.041795928903608302 0.036621353802654674 -0.00030549247260956518 -0.020389536511714733 7.5565863711138566e-05 0.031392117432103704 -0.059082393785938631
leaf_weight=12876 41 20 28 26 73 22 42 30 27 30 95 36 323 52 38 169 163 20 52 35 58 32 33 49 68 62 126 30 26 20
leaf_count=12876 41 20 28 26 73 22 42 30 27 30 95 36 323 52 38 169 163 20 52 35 58 32 33 49 68 62 126 30 26 20
internal_value=7.29727e-05 0.000133733 -0.00300656 -0.0189351 -0.0113864 -0.00155585 0.0210002 -0.00247416 -0.0163091 -0.00383149 -0.00798603 -0.000993238 0.00155189 0.00770121 0.0229972 -0.00432302 -0.0110505 -0.00245832 -0.0266657 -0.0369022 0.0085391 -0.00637373 -0.00872538 -0.00126324 0.0134446 -0.0186211 -0.0188705 0.0254339 0.00196826 -0.0256899
internal_weight=14702 14661 1785 149 123 1636 64 1572 152 103 125 1420 964 471 148 493 324 209 115 87 96 456 420 242 131 111 178 98 189 146
internal_count=14702 14661 1785 149 123 1636 64 1572 152 103 125 1420 964 471 148 493 324 209 115 87 96 456 420 242 131 111 178 98 189 146
is_linear=0
shrinkage=0.05


Tree=265
num_leaves=31
num_cat=0
split_feature=0 17 14 14 18 16 18 0 0 1 14 17 19 19 19 6 5 5 0 4 6 17 4 6 19 14 15 18 9 12
split_gain=9.18017 13.7793 17.5599 15.6401 15.8762 22.235 15.6554 12.8662 20.3253 39.165 14.6902 15.5166 23.1894 31.0346 18.5734 17.8577 17.7989 33.8599 27.3658 29.7924 18.4016 17.4988 17.7684 16.6107 21.0581 16.7594 15.0044 14.515 14.2467 16.879
threshold=40.500000000000007 16.432500000000005 26.782500000000002 22.790000000000003 -3.7249999999999992 54.345000000000006 -4.5874999999999977 25.500000000000004 23.500000000000004 4.5000000000000009 68.787500000000009 19.127500000000005 1.0000000180025095e-35 1.4200000000000002 -0.24750000000000047 27.692535500000002 19.665000000000003 15.395000000000001 34.500000000000007 612729.83000000019 11.027267500000002 16.515000000000004 1993937.3000000003 13.934448000000001 2.7175000000000016 30.557500000000001 28.920000000000005 1.2674999999999985 125742.00000000007 16.935000000000006
decision_type=2 2 2 2 2 2 2 2 2 2 2 2 2 2 2 2 2 2 2 2 2 2 2 2 2 2 2 2 2 2
left_child=7 2 -2 -3 6 -6 -5 8 -1 -10 11 12 14 -14 -9 -16 17 -13 20 23 -19 28 27 24 -20 -26 -25 -23 29 -15
right_child=1 3 -4 4 5 -7 -8 10 9 -11 -12 16 13 21 15 -17 -18 18 19 -21 -22 22 -24 26 25 -27 -28 -29 -30 -31
leaf_value=0.00034079343600068362 -0.020419528252783828 0.013670462429809597 0.0026481283870948991 -0.0065840361795433738 -0.00087312844575935145 0.037024187985807658 -0.032793119593111771 0.011564701636741182 -0.01692437361246751 0.010978031939161676 0.041166435554623605 0.0019350233124413808 -0.010133274314001075 0.012672623826298291 0.017856398933993965 0.06482061435069357 0.017100253905526282 -0.073697229457849817 -0.019218479186220438 0.035537070946884346 -0.023854625938683111 0.044365895190276207 0.063674697121181942 -0.014857042431124026 -0.0016874256968984138 0.059354786642573099 -0.059300981477834282 0.0087942139516379823 -0.015982781505833068 -0.016909278413794679
leaf_weight=7316 220 166 132 327 1195 40 69 382 447 175 25 2557 318 286 48 35 158 22 49 40 117 36 22 79 23 22 25 141 78 58
leaf_count=7316 220 166 132 327 1195 40 69 382 447 175 25 2557 318 286 48 35 158 22 49 40 117 36 22 79 23 22 25 141 78 58
internal_value=0.000295101 -0.00272293 -0.0117692 -0.000950934 -0.00243907 0.000354315 -0.0111508 0.000815668 -0.000396926 -0.00907402 0.00294475 0.00273222 0.00709127 0.00256932 0.0162227 0.0376606 0.00075288 -0.000127449 -0.0141162 -0.00382126 -0.0317434 0.00907403 0.0212965 -0.0117724 0.00346052 0.0281554 -0.0255407 0.0160291 0.00331037 0.00768498
internal_weight=14608 2149 352 1797 1631 1235 396 12459 7938 622 4521 4496 1404 939 465 83 3092 2934 377 238 139 621 199 198 94 45 104 177 422 344
internal_count=14608 2149 352 1797 1631 1235 396 12459 7938 622 4521 4496 1404 939 465 83 3092 2934 377 238 139 621 199 198 94 45 104 177 422 344
is_linear=0
shrinkage=0.05


Tree=266
num_leaves=31
num_cat=0
split_feature=0 12 8 3 1 8 14 17 19 18 1 0 0 1 14 17 1 18 14 17 3 17 6 16 8 6 16 6 19 19
split_gain=8.28511 12.6502 18.6173 23.1966 17.3449 12.5565 12.9091 13.5537 12.1702 15.7424 11.624 11.6117 18.3436 35.3464 13.6846 21.6268 21.1096 15.4121 13.2579 14.0038 22.291 46.0599 22.9125 77.4465 46.2021 22.2983 24.844 31.8784 20.9285 28.0087
threshold=40.500000000000007 10.215000000000002 -1.3321232500000002 16.186691500000006 1.5000000000000002 0.95581099999999986 23.277500000000003 34.340000000000011 1.0199999999999998 3.5699999999999972 4.5000000000000009 25.500000000000004 23.500000000000004 4.5000000000000009 31.117500000000003 25.135000000000002 3.5000000000000004 -1.9549999999999981 68.787500000000009 19.127500000000005 12.052413750000001 22.472500000000004 13.862503000000002 38.267500000000005 4.8152463500000016 15.771469500000002 46.312500000000007 11.247711000000002 1.0000000180025095e-35 1.4200000000000002
decision_type=2 2 2 2 2 2 2 2 2 2 2 2 2 2 2 2 2 2 2 2 2 2 2 2 2 2 2 2 2 2
left_child=11 5 3 4 -3 8 -7 -8 -2 -10 -9 12 -1 14 -14 16 17 -16 19 28 21 -21 23 -22 -25 26 -23 -28 -13 -30
right_child=1 2 -4 -5 -6 6 7 10 9 -11 -12 18 13 -15 15 -17 -18 -19 -20 20 22 25 -24 24 -26 -27 27 -29 29 -31
leaf_value=0.00032375378191738498 0.011995247868211149 -0.024454181739461744 -0.0029319655168188732 -0.042879324661187407 0.0081818333897692493 0.017992252554744483 -0.012636759609772036 0.042625253986228601 -0.0073231490662241053 0.0151707223582047 -0.0082115749140148579 0.015411542829436561 -0.0071116687827145492 0.010429130471644127 0.011064267749898136 -0.0086321260949427433 -0.07735161733414446 -0.038626727259809701 0.039108114033937456 -0.024434112390047131 -0.0074592724561064628 -0.00048879402926901275 0.0011324723911789447 0.048121777427713237 -0.030906335477318081 -0.038290857863338558 0.0063039010080198458 0.075046667746769699 -0.0096266107257922725 0.0086203321572333198
leaf_weight=7316 335 84 774 71 79 50 325 22 278 108 23 465 218 175 20 110 28 71 25 245 188 525 1850 155 21 34 48 26 318 621
leaf_count=7316 335 84 774 71 79 50 325 22 278 108 23 465 218 175 20 110 28 71 25 245 188 525 1850 155 21 34 48 26 318 621
internal_value=0.000280346 -0.00258678 -0.00666821 -0.0190266 -0.00863673 0.0010189 -0.00585344 -0.00907583 0.00502221 -0.00102953 0.016642 0.000774885 -0.000377079 -0.00862032 -0.0160782 -0.0246139 -0.039387 -0.0277056 0.00279751 0.00259561 0.000715236 -0.00602627 0.0033887 0.0148558 0.0386923 0.00109841 0.0033342 0.0304568 0.0067367 0.00244086
internal_weight=14608 2149 1008 234 163 1141 420 370 721 386 45 12459 7938 622 447 229 119 91 4521 4496 3092 878 2214 364 176 633 599 74 1404 939
internal_count=14608 2149 1008 234 163 1141 420 370 721 386 45 12459 7938 622 447 229 119 91 4521 4496 3092 878 2214 364 176 633 599 74 1404 939
is_linear=0
shrinkage=0.05


Tree=267
num_leaves=31
num_cat=0
split_feature=0 12 8 3 1 3 8 15 18 8 3 15 8 14 5 3 12 18 0 8 14 15 3 15 5 14 0 4 12 8
split_gain=7.47731 11.4168 16.8021 20.9349 15.6538 11.3404 16.4609 18.0348 15.9648 15.7114 15.2595 19.6946 22.1244 16.1174 15.065 17.9778 13.4407 12.0125 11.5425 11.3323 11.6505 11.4525 16.7909 17.2581 13.0983 12.6707 10.9094 24.7233 46.9041 15.7903
threshold=40.500000000000007 10.215000000000002 -1.3321232500000002 16.186691500000006 1.5000000000000002 25.721038500000002 0.29519599999999985 19.980000000000004 -2.7449999999999934 0.10977145000000067 7.9985048500000007 22.647500000000004 3.0905765000000014 45.427500000000009 13.495000000000003 27.007660000000005 12.545000000000002 3.5699999999999972 44.500000000000007 0.95581099999999986 23.277500000000003 24.827500000000004 15.306076000000003 33.547500000000007 11.855000000000002 44.57500000000001 35.500000000000007 398349.75000000006 20.225000000000005 -2.7691957499999997
decision_type=2 2 2 2 2 2 2 2 2 2 2 2 2 2 2 2 2 2 2 2 2 2 2 2 2 2 2 2 2 2
left_child=26 19 3 4 -3 6 7 16 -9 14 -8 13 -13 17 15 -7 -4 18 -12 21 -21 24 23 -23 25 -2 -1 29 -29 -28
right_child=1 2 5 -5 -6 9 10 8 -10 -11 11 12 -14 -15 -16 -17 -18 -19 -20 20 -22 22 -24 -25 -26 -27 27 28 -30 -31
leaf_value=0.00018379488064756104 0.012389206461351625 -0.023231472370735858 0.0073291689485943477 -0.040735358101296124 0.0077727419218119181 0.044510482308333335 0.0085880986651318391 0.055377722853470757 0.0086471296009722736 0.020296389365637112 -0.033458754607786738 -0.016453994199530118 0.031406794465852504 0.011363493845565245 -0.027346236117106557 -0.014683432775902852 -0.027160514277975861 -0.0062947709471560453 -0.069326610816642639 0.017092639707028869 -0.0086220394645037286 0.021619523669175002 -0.013753996303032159 -0.0065842941875850231 -0.0076718111305833893 0.045859456312609841 0.01602034392064125 0.010280841218865487 0.072976858605231551 -0.00021603349294324433
leaf_weight=10935 243 84 56 71 79 23 64 23 89 109 75 90 33 20 48 29 57 26 32 50 370 110 157 107 72 32 173 202 35 1114
leaf_count=10935 243 84 56 71 79 23 64 23 89 109 75 90 33 20 48 29 57 26 32 50 370 110 157 107 72 32 173 202 35 1114
internal_value=0.000266329 -0.00245744 -0.0063348 -0.0180752 -0.00820489 -0.00278537 -0.00646634 0.00402474 0.0182436 0.00716559 -0.013409 -0.0185097 -0.00361329 -0.0304853 -0.00714698 0.0114985 -0.0100683 -0.0367784 -0.0441856 0.000967956 -0.00556077 0.0047711 -0.00129879 0.00771257 0.0113133 0.0162839 0.000736141 0.00469933 0.0195397 0.00196648
internal_weight=14608 2149 1008 234 163 774 565 225 112 209 340 276 123 153 100 52 113 133 107 1141 420 721 374 217 347 275 12459 1524 237 1287
internal_count=14608 2149 1008 234 163 774 565 225 112 209 340 276 123 153 100 52 113 133 107 1141 420 721 374 217 347 275 12459 1524 237 1287
is_linear=0
shrinkage=0.05


Tree=268
num_leaves=31
num_cat=0
split_feature=0 5 19 3 5 8 17 17 19 14 1 8 3 1 0 1 5 0 3 1 17 14 3 8 1 4 7 0 7 3
split_gain=7.18841 13.5045 20.2429 14.6935 9.47253 10.0117 10.8503 10.0095 21.0531 14.4667 11.4225 13.8307 11.0205 10.3225 8.81041 17.1794 20.8365 14.1477 19.3433 16.1217 13.3124 18.5678 14.8184 14.7487 12.3357 10.7582 36.7186 32.3418 28.6272 24.6551
threshold=44.500000000000007 14.025 -0.037499999999999638 14.202057000000002 7.1250000000000009 1.5376440000000013 32.88750000000001 24.632500000000004 -3.3074999999999988 44.57500000000001 3.5000000000000004 -0.14167850000000023 15.306076000000003 4.5000000000000009 6.5000000000000009 1.0000000180025095e-35 11.675000000000002 1.5000000000000002 25.006180000000004 2.5000000000000004 25.755000000000006 30.992500000000003 13.519653500000002 1.1911468000000005 5.5000000000000009 54354.016000000011 51273.956000000013 15.500000000000002 71477.80750000001 14.461013500000002
decision_type=2 2 2 2 2 2 2 2 2 2 2 2 2 2 2 2 2 2 2 2 2 2 2 2 2 2 2 2 2 2
left_child=14 4 -3 -4 -2 7 -7 8 -6 10 11 -10 -9 -12 15 16 -1 18 -17 -20 21 -19 23 24 -22 26 -16 -27 29 -28
right_child=1 2 3 -5 5 6 -8 12 9 -11 13 -13 -14 -15 25 17 -18 20 19 -21 22 -23 -24 -25 -26 27 28 -29 -30 -31
leaf_value=-0.0083836581551690534 -0.026052669335622343 -0.067695913910865782 -0.031715471936123715 0.023612085516963685 0.046762154167217601 -0.015243894619851421 0.018252883299386926 0.0032857463010017283 -0.019651298393842345 0.038756169553811629 0.028279380114241082 0.0087431015685905476 -0.018479435299799663 -0.00032022887891208806 0.0023152424058410577 0.0014573343366152778 -0.047499414562032771 -0.00054921125707831596 0.05136331029138283 0.011011116932028197 0.015072251089108007 -0.014695389197933457 -0.0056866605518735014 -0.0045435378719712533 0.050829663202988318 -0.01256200644819889 0.10108374133706094 0.00079785933120878798 0.0080131825125008306 0.0294145549580987
leaf_weight=268 40 20 28 21 31 177 28 139 102 27 55 74 100 74 4286 423 39 558 38 71 83 397 168 63 34 486 21 6672 57 28
leaf_count=268 40 20 28 21 31 177 28 139 102 27 55 74 100 74 4286 423 39 558 38 71 83 397 168 63 34 486 21 6672 57 28
internal_value=0.000253012 -0.00403521 -0.0253058 -0.00800366 -0.00230242 -0.00112521 -0.0106687 0.00212466 0.00735611 0.00367663 0.000571233 -0.00771274 -0.00582102 0.0118734 0.000539896 -0.00240531 -0.0133528 -0.000573776 0.00629708 0.0250789 -0.00337907 -0.00642987 0.00499311 0.0149609 0.0254633 0.0010861 0.00303421 -0.000109223 0.0321049 0.0601299
internal_weight=14608 916 69 49 847 807 205 602 363 332 305 176 239 129 13692 2142 307 1835 532 109 1303 955 348 180 117 11550 4392 7158 106 49
internal_count=14608 916 69 49 847 807 205 602 363 332 305 176 239 129 13692 2142 307 1835 532 109 1303 955 348 180 117 11550 4392 7158 106 49
is_linear=0
shrinkage=0.05


Tree=269
num_leaves=31
num_cat=0
split_feature=0 17 14 19 3 17 16 19 3 17 5 14 5 19 19 19 3 5 12 3 6 6 19 18 19 16 14 3 19 0
split_gain=6.58121 11.627 14.6225 12.6518 15.2717 12.3965 17.5567 18.6473 14.7482 26.8614 21.792 17.8106 14.5378 13.8974 11.1059 14.8427 12.9916 12.7116 10.3068 14.139 15.5882 12.3909 10.2557 10.1646 12.5989 10.1546 10.1244 16.2932 9.77354 9.45841
threshold=40.500000000000007 16.432500000000005 26.782500000000002 2.1975000000000011 24.243515000000006 24.405000000000005 50.957500000000003 -1.3849999999999996 15.306076000000003 35.125000000000007 8.8350000000000026 24.837500000000002 13.235000000000001 -1.2799999999999991 -1.1174999999999995 -0.28000000000000108 22.692978000000004 10.175000000000002 9.9450000000000021 26.373886000000002 23.211899000000006 8.5404970000000002 -0.50750000000000017 6.6674999999999978 -0.40499999999999575 43.300000000000004 25.417500000000004 14.043380500000003 5.892500000000001 25.500000000000004
decision_type=2 2 2 2 2 2 2 2 2 2 2 2 2 2 2 2 2 2 2 2 2 2 2 2 2 2 2 2 2 2
left_child=29 2 -2 -4 -5 6 7 18 -7 11 -11 -10 -8 -9 -15 22 17 26 -3 20 21 -20 -16 24 -13 -18 -17 -28 -26 -1
right_child=1 5 3 4 -6 8 12 13 9 10 -12 23 -14 14 15 16 25 -19 19 -21 -22 -23 -24 -25 28 -27 27 -29 -30 -31
leaf_value=-0.00035855547747741301 -0.018518517894924365 0.037860614906043505 0.02267805343607859 -0.03643818038108293 0.0076266528399405523 0.00070553004507424111 0.064740567347034816 -0.032165137885345356 0.02192529587936588 0.050076498277485372 -0.008388401910259918 -0.041862160305160732 0.011302398485796793 0.03551035505675134 -0.010042662943352855 -0.019684964381158354 0.020704945640935869 -0.007984518064259892 -0.0035825253845277157 0.03779206965118647 -0.036395696955530542 0.043098661667179496 -0.048537257781329876 -0.0037890689059471095 -0.010349747210862899 -0.012290944332449601 0.037941908274777239 -0.0073238814052081465 -0.041844368816236967 0.0025065984986318967
leaf_weight=7938 220 43 49 32 51 494 20 36 25 28 37 87 35 21 62 20 119 315 44 32 23 21 24 60 107 29 50 33 32 4521
leaf_count=7938 220 43 49 32 51 494 20 36 25 28 37 87 35 21 62 20 119 315 44 32 23 21 24 60 107 29 50 33 32 4521
internal_value=0.000240362 -0.00231499 -0.0106247 0.00253153 -0.0093622 -0.000687258 0.00333588 0.00160775 -0.00497398 -0.0124359 0.0167965 -0.0185455 0.0307345 -0.00189807 -0.000279028 -0.00143175 0.0015089 -0.0029986 0.016857 0.00933072 -0.00101887 0.0114991 -0.0207853 -0.0220832 -0.02694 0.0142395 0.0122496 0.0199447 -0.0176003 0.000681124
internal_weight=14608 2149 352 132 83 1797 927 872 870 376 65 311 55 709 673 652 566 418 163 120 88 65 86 286 226 148 103 83 139 12459
internal_count=14608 2149 352 132 83 1797 927 872 870 376 65 311 55 709 673 652 566 418 163 120 88 65 86 286 226 148 103 83 139 12459
is_linear=0
shrinkage=0.05


Tree=270
num_leaves=31
num_cat=0
split_feature=14 0 16 5 17 14 8 6 8 14 16 0 1 5 0 18 17 16 0 14 18 14 1 8 8 6 6 14 5 12
split_gain=9.38931 7.20786 9.70508 14.6733 8.39167 7.61801 10.5974 14.8465 16.0444 13.3054 10.5774 7.40293 15.3103 12.7442 12.2699 14.8233 13.0486 15.511 15.5502 13.8058 12.5738 11.9758 11.6677 27.651 25.8065 23.648 26.3756 22.944 36.7188 33.1652
threshold=16.995000000000005 44.500000000000007 23.027500000000003 12.465000000000002 24.632500000000004 48.870000000000012 1.7475434999999993 12.243026500000001 -0.25735500000000039 32.957500000000003 24.9175 6.5000000000000009 1.0000000180025095e-35 11.675000000000002 1.5000000000000002 4.8374999999999995 25.755000000000006 40.752500000000005 4.5000000000000009 42.962500000000006 -4.405000000000002 50.215000000000011 1.5000000000000002 -3.9861605 -4.4912414999999992 6.4766387500000011 13.2032775 40.752500000000005 17.005000000000006 20.005000000000006
decision_type=2 2 2 2 2 2 2 2 2 2 2 2 2 2 2 2 2 2 2 2 2 2 2 2 2 2 2 2 2 2
left_child=-1 11 3 -3 5 6 7 -4 10 -8 -9 12 13 -2 15 -14 17 20 21 -20 -16 -19 24 25 -13 -24 -27 28 29 -26
right_child=1 2 4 -5 -6 -7 9 8 -10 -11 -12 22 14 -15 16 -17 -18 18 19 -21 -22 -23 23 -25 27 26 -28 -29 -30 -31
leaf_value=-0.017447536591101775 -0.0093033625436047176 -0.0084635198847067983 0.022298620520053769 -0.050583594378370504 -0.0077188252787188071 0.026983941718935967 0.0034420957377112311 0.016804783911793492 0.011311580510704187 -0.038530360614614831 -0.023564209681827316 -0.012289999482517014 0.0020796115922403508 -0.04271483477787115 0.016736168029475831 0.024784630261968043 0.0050358769599278923 -0.021079188019458978 -0.021442663846980958 0.019098003798474872 -0.004981086337037143 -0.058379563378791015 0.059809136802020171 -0.00087481961426205505 0.0019742464614406871 -0.00016887815603223525 0.024634722973214541 0.011327070904828864 0.066050306614488366 -0.045168585663563326
leaf_weight=77 264 101 88 26 362 30 41 20 110 35 86 243 438 32 74 86 349 106 42 42 671 27 24 7786 2046 293 169 901 22 38
leaf_count=77 264 101 88 26 362 30 41 20 110 35 86 243 438 32 74 86 349 106 42 42 671 27 24 7786 2046 293 169 901 22 38
internal_value=-3.36598e-05 5.84834e-05 -0.00427808 -0.0170865 -0.00217099 0.00272734 0.000812341 0.00498726 -0.00206552 -0.0158873 -0.0159474 0.00034403 -0.00236323 -0.0129154 -0.00066108 0.00580601 -0.00324594 -0.00625047 -0.0180144 -0.00117233 -0.00282394 -0.0286514 0.00084474 -0.00015258 0.00338315 0.0114181 0.0089043 0.00464972 0.00179298 0.00111464
internal_weight=14629 14552 899 127 772 410 380 304 216 76 106 13653 2131 296 1835 524 1311 962 217 84 745 133 11522 8272 3250 486 462 3007 2106 2084
internal_count=14629 14552 899 127 772 410 380 304 216 76 106 13653 2131 296 1835 524 1311 962 217 84 745 133 11522 8272 3250 486 462 3007 2106 2084
is_linear=0
shrinkage=0.05


Tree=271
num_leaves=31
num_cat=0
split_feature=14 4 0 0 16 5 3 14 3 19 15 16 8 16 6 8 3 5 0 0 14 6 4 14 1 8 4 0 9 6
split_gain=8.47385 6.90597 6.80492 6.50509 8.75883 13.2427 13.0756 21.3348 15.1151 14.0715 11.1489 10.1718 14.1999 8.87116 8.60737 8.22277 7.63554 7.48601 6.92345 14.5362 22.4095 21.6107 19.7259 34.5866 24.0206 27.2696 26.3166 59.5997 24.0137 20.1866
threshold=16.995000000000005 315675.50000000006 35.500000000000007 44.500000000000007 23.027500000000003 12.465000000000002 11.116699250000002 39.632500000000007 19.886810500000003 4.0000000000000036 26.100000000000005 24.045000000000005 -0.25735500000000039 27.700000000000006 19.080902000000005 0.26383949999999784 5.3544770000000002 13.735000000000001 25.500000000000004 29.500000000000004 33.827500000000008 24.245422500000004 2548279.3500000006 34.597500000000004 1.5000000000000002 -2.4813840000000016 526088.07000000007 36.500000000000007 -15570.488499999998 25.941711500000004
decision_type=2 2 2 2 2 2 2 2 2 2 2 2 2 2 2 2 2 2 2 2 2 2 2 2 2 2 2 2 2 2
left_child=1 2 -1 18 5 -5 7 9 14 16 -9 -10 -13 -14 17 -15 -6 -8 -2 20 -20 -22 24 -24 26 -26 28 -28 -21 -30
right_child=3 -3 -4 4 6 -7 8 10 11 -11 -12 12 13 15 -16 -17 -18 -19 19 22 21 -23 23 -25 25 -27 27 -29 29 -31
leaf_value=0.0093971219658851631 -0.00063429906079196289 -0.037546946004462928 -0.027713348219792051 -0.0080403439495435897 0.01085200337803967 -0.048054414672347223 -0.0083827529545474969 0.048561517625348646 0.036524929609149694 0.028649770304786437 0.0035719175890248848 -0.018882286640470976 -0.015727533742028756 0.032481471193023026 -0.043952215015483298 0.0050414121470841863 -0.014146642660489307 -0.032748215061587253 0.00090305026539855152 -0.01698502189198766 0.019388198635647926 -0.0096458294931309006 0.011605177111923696 -0.056066147537856575 0.011114682949446241 -0.0031795685664298651 0.012639284646486924 0.10107869990170003 0.0017871400903209139 0.025584534102873438
leaf_weight=30 7898 26 21 101 42 26 213 40 20 33 21 73 32 40 23 86 112 37 712 145 409 76 35 41 378 2844 401 20 589 105
leaf_count=30 7898 26 21 101 42 26 213 40 20 33 21 73 32 40 23 86 112 37 712 145 409 76 35 41 378 2844 401 20 589 105
internal_value=-3.19768e-05 -0.0165752 -0.00588366 5.55593e-05 -0.00406418 -0.0162322 -0.00206244 0.00739626 -0.00653908 -0.000979665 0.0330733 0.00231725 -0.000644449 0.00778189 -0.0146817 0.0137525 -0.00732883 -0.0119888 0.000326829 0.00164585 0.00654943 0.0148385 0.000358102 -0.0249017 0.000786425 -0.00150259 0.00663976 0.0168407 0.00152106 0.00538761
internal_weight=14629 77 51 14552 899 127 772 248 524 187 61 251 231 158 273 126 154 250 13653 5755 1197 485 4558 76 4482 3222 1260 421 839 694
internal_count=14629 77 51 14552 899 127 772 248 524 187 61 251 231 158 273 126 154 250 13653 5755 1197 485 4558 76 4482 3222 1260 421 839 694
is_linear=0
shrinkage=0.05


Tree=272
num_leaves=31
num_cat=0
split_feature=14 12 0 0 1 0 16 17 18 5 5 19 15 6 14 6 1 1 15 6 5 14 16 16 4 9 18 18 1 15
split_gain=7.64765 6.93342 5.96444 5.97412 10.9506 15.2429 14.913 17.4191 13.378 12.8069 9.52006 12.544 9.31045 10.2431 9.23375 8.85143 12.7767 9.12528 8.55609 11.9003 10.6586 8.32808 8.093 23.2414 30.5907 31.1948 19.1166 31.8595 15.2906 32.2563
threshold=16.995000000000005 13.495000000000003 46.500000000000007 4.5000000000000009 1.0000000180025095e-35 1.5000000000000002 42.502500000000005 26.002500000000005 4.8374999999999995 12.005000000000001 8.9850000000000012 4.020000000000004 25.135000000000002 24.113052500000006 50.215000000000011 20.403366500000004 2.5000000000000004 1.5000000000000002 32.957500000000003 22.046814000000001 10.215000000000002 30.767500000000002 40.542500000000004 43.170000000000009 2218700.5000000005 809489.52500000014 -15.572499999999996 -14.909999999999998 2.5000000000000004 23.047500000000003
decision_type=2 2 2 2 2 2 2 2 2 2 2 2 2 2 2 2 2 2 2 2 2 2 2 2 2 2 2 2 2 2
left_child=1 -1 3 4 9 8 12 14 15 -2 -10 -12 13 21 -8 -6 17 -17 19 20 -14 -7 26 24 25 -24 -5 -28 29 -25
right_child=2 -3 -4 22 5 6 7 -9 10 -11 11 -13 18 -15 -16 16 -18 -19 -20 -21 -22 -23 23 28 -26 -27 27 -29 -30 -31
leaf_value=-0.027408506018885722 -0.0093551248514804203 0.003556392290468874 -0.0069481179439519376 0.039665116467513147 -0.0027625155773228546 -0.0044389542063182023 -0.022046968694567012 -0.00022024850832062893 0.0065499467983110146 -0.051419013245031245 0.066527241039809518 0.013133396784012969 0.015266298149131902 0.005984374399390072 -0.055428870184416029 0.0080899826186941939 0.0014623417328059507 0.052649970042208831 -0.0052536425216553303 -0.016041060367032237 0.056465181624516851 -0.022592254924843565 0.015323221649515391 0.0190623639547194 -0.018918896744412092 0.079479174241423617 -0.048624535104917259 -0.00013674313301648884 -0.0014414621237768984 -0.00088503080327534595
leaf_weight=48 190 29 298 30 302 166 89 87 42 20 22 22 73 125 27 20 89 27 78 23 20 102 360 323 63 20 34 9417 1939 544
leaf_count=48 190 29 298 30 302 166 89 87 42 20 22 22 73 125 27 20 89 27 78 23 20 102 360 323 63 20 34 9417 1939 544
internal_value=-3.03779e-05 -0.0157464 5.27813e-05 0.000199145 -0.00275928 -0.00106491 -0.00545081 -0.0171326 0.00554742 -0.0133612 0.0235771 0.0398303 -0.00141093 -0.00583519 -0.0298169 0.00200735 0.0125992 0.0336883 0.00755162 0.0161621 0.0241263 -0.011348 0.000553319 0.00270691 0.01335 0.0186999 -0.000184684 -0.000311178 0.00102662 0.00654635
internal_weight=14629 77 14552 14254 1524 1314 790 203 524 210 86 44 587 393 116 438 136 47 194 116 93 268 12730 3249 443 380 9481 9451 2806 867
internal_count=14629 77 14552 14254 1524 1314 790 203 524 210 86 44 587 393 116 438 136 47 194 116 93 268 12730 3249 443 380 9481 9451 2806 867
is_linear=0
shrinkage=0.05


Tree=273
num_leaves=31
num_cat=0
split_feature=14 12 0 12 15 16 16 3 14 3 14 14 15 16 16 12 19 16 0 0 12 19 12 8 15 18 0 4 3 3
split_gain=6.902 6.25742 5.5904 8.62391 10.8556 10.0309 11.2461 10.7983 21.4187 10.7002 23.0289 9.68742 9.01943 8.3674 7.60076 6.61463 6.55537 6.42547 6.06934 18.113 25.678 47.8909 18.1579 19.1722 17.9085 17.1154 16.6405 22.865 17.0701 31.5088
threshold=16.995000000000005 13.495000000000003 44.500000000000007 9.9450000000000021 35.125000000000007 23.027500000000003 24.837500000000002 11.338623000000002 39.542500000000011 17.945510500000005 49.217500000000008 39.682500000000012 17.340000000000003 22.432500000000001 30.465000000000003 11.685 0.3275000000000024 52.890000000000008 35.500000000000007 38.500000000000007 20.835000000000004 0.26750000000000101 18.400000000000002 -0.29267899999999786 13.255000000000001 4.8900000000000032 37.500000000000007 133676.09500000003 25.501053500000001 23.795440500000002
decision_type=2 2 2 2 2 2 2 2 2 2 2 2 2 2 2 2 2 2 2 2 2 2 2 2 2 2 2 2 2 2
left_child=1 -1 18 4 17 13 -7 8 14 10 15 -6 -11 -5 -8 -9 -10 -4 -2 20 24 -22 -21 -24 -20 -25 28 -28 29 -26
right_child=2 -3 3 5 11 6 7 9 16 12 -12 -13 -14 -15 -16 -17 -18 -19 19 22 21 -23 23 25 26 -27 27 -29 -30 -31
leaf_value=-0.026038080830282223 -0.00022842863206912466 0.0033785734197189069 0.000982656041383821 -0.012882904443316735 -0.038319477473388285 0.024683780109302868 0.0040340453945100314 -0.036197759692246721 0.051585920006036762 -0.027448345003304661 0.004762983356636984 -0.00029045573764425867 0.0088130510709387207 -0.049092458492075962 -0.037320162337273359 -0.075131717108888552 0.011103298700181768 0.024836195941704015 0.049662136237906378 0.00085396857316927992 0.1028362912684679 0.0022634812213223558 -0.046434901141384176 0.010671885587674167 0.0013980905394621206 -0.038417806372476312 0.0080530452925449952 0.044339619975818222 -0.017644652101706276 0.06559267096221448
leaf_weight=48 10898 29 479 39 33 27 20 24 20 27 27 34 47 27 25 20 20 30 23 1703 20 29 42 56 432 26 240 53 111 20
leaf_count=48 10898 29 479 39 33 27 20 24 20 27 27 34 47 27 25 20 20 30 23 1703 20 29 42 56 432 26 240 53 111 20
internal_value=-2.8859e-05 -0.0149591 5.01423e-05 -0.00376899 -0.000101806 -0.0103086 -0.00584338 -0.009427 0.00472307 -0.0177219 -0.0315885 -0.0190212 -0.00441746 -0.0276959 -0.0189405 -0.053895 0.0313446 0.00238856 0.000301618 0.00239833 0.00808685 0.0433136 -0.000491075 -0.0189637 0.00612313 -0.00489314 0.00495327 0.0146168 -7.58932e-05 0.00423856
internal_weight=14629 77 14552 899 576 323 257 230 85 145 71 67 74 66 45 44 40 509 13653 2755 928 49 1827 124 879 82 856 293 563 452
internal_count=14629 77 14552 899 576 323 257 230 85 145 71 67 74 66 45 44 40 509 13653 2755 928 49 1827 124 879 82 856 293 563 452
is_linear=0
shrinkage=0.05


Tree=274
num_leaves=31
num_cat=0
split_feature=14 12 5 9 19 3 19 14 0 3 0 6 15 15 15 14 12 0 3 3 17 8 17 16 16 3 15 15 5 1
split_gain=6.22906 5.64732 5.39692 14.6995 19.7232 19.6588 17.4381 17.1222 15.1665 18.3409 22.3937 32.1764 23.2026 30.1561 22.1911 21.0252 18.3649 16.8854 27.0729 24.3798 16.7385 20.9597 18.028 19.071 16.7123 16.4198 15.5195 46.6887 30.3329 26.7159
threshold=16.995000000000005 13.495000000000003 11.765000000000002 453097.95000000013 -0.19250000000000075 17.487136500000002 4.4874999999999998 58.470000000000006 35.500000000000007 5.1546936500000013 14.500000000000002 4.063492000000001 18.577500000000004 13.255000000000001 19.897500000000004 34.492500000000007 18.085000000000004 26.500000000000004 23.795440500000002 13.976288000000002 25.695000000000004 -2.1955109350000002 23.130000000000003 44.232500000000009 21.932500000000001 13.912460000000001 19.980000000000004 20.892500000000005 15.060000000000002 1.5000000000000002
decision_type=2 2 2 2 2 2 2 2 2 2 2 2 2 2 2 2 2 2 2 2 2 2 2 2 2 2 2 2 2 2
left_child=1 -1 -2 7 5 -5 -6 8 9 14 11 -11 13 24 -4 17 20 -15 19 -19 21 -14 23 -23 -12 -25 29 28 -28 -10
right_child=2 -3 3 4 6 -7 -8 -9 26 10 12 -13 16 15 -16 -17 -18 18 -20 -21 -22 22 -24 25 -26 -27 27 -29 -30 -31
leaf_value=-0.024736176739679649 0.00065552881986860817 0.003209644639543418 -0.0064037274372262453 0.059071952372676498 -0.007466559375651465 0.010732922027015994 0.019194144979321762 0.017216873669962367 0.0073396927835843104 0.064385935548870329 -0.0063812192482873807 0.0012525823293163885 0.021189295375786191 -0.018983014109425059 -0.039972250233130419 -0.04054102202256521 -0.043391166163142772 0.022420199155002027 0.0066721449259938186 0.090938454717397699 -0.027483562133102508 -0.0096817343094302583 0.016918843597173692 -0.072041445287565384 -0.071019319868646555 -0.021210508266008121 0.0063003046057966295 0.00055455364366260743 0.059732947366890214 -0.011917035642590274
leaf_weight=48 10405 29 117 33 184 58 92 108 275 21 20 518 56 39 85 21 50 37 171 20 135 312 50 24 20 47 49 1025 58 522
leaf_count=48 10405 29 117 33 184 58 92 108 275 21 20 518 56 39 85 21 50 37 171 20 135 312 50 24 20 47 49 1025 58 522
internal_value=-2.74161e-05 -0.0142111 4.76351e-05 -0.0014776 0.00807602 0.0282625 0.00142034 -0.00240516 -0.00298227 -0.00636275 -0.00450578 0.00371232 -0.00892649 0.00198032 -0.0205291 0.0076304 -0.0142343 0.0114192 0.0166195 0.0464617 -0.011898 -0.00759519 -0.0113179 -0.0150042 -0.0387003 -0.0383928 7.22479e-05 0.00383537 0.0352638 -0.00527262
internal_weight=14629 77 14552 4147 367 91 276 3780 3672 1743 1541 539 1002 328 202 288 674 267 228 57 624 489 433 383 40 71 1929 1132 107 797
internal_count=14629 77 14552 4147 367 91 276 3780 3672 1743 1541 539 1002 328 202 288 674 267 228 57 624 489 433 383 40 71 1929 1132 107 797
is_linear=0
shrinkage=0.05


Tree=275
num_leaves=31
num_cat=0
split_feature=5 12 6 14 5 15 5 12 5 6 18 6 16 14 0 14 7 12 12 4 0 17 12 6 17 17 18 0 4 18
split_gain=9.18223 14.1804 16.194 15.9766 13.0831 11.4901 10.618 11.8442 12.8261 25.2164 20.6175 26.4483 26.5259 19.4076 10.385 10.051 9.59195 36.1064 22.8176 22.6829 24.8624 22.6039 19.8996 19.5152 21.9828 16.517 16.2696 21.5594 15.9679 14.2931
threshold=11.675000000000002 16.180000000000003 9.5085905000000022 46.055000000000007 9.0050000000000008 17.037500000000005 1.0050000000000001 10.005000000000001 0.12000000000000002 16.728210500000003 3.3074999999999979 19.427780500000004 40.402500000000003 40.542500000000004 28.500000000000004 16.995000000000005 854119.35000000021 20.075000000000003 21.030000000000005 929740.33000000019 34.500000000000007 32.237500000000011 19.065000000000001 22.825454500000003 25.272500000000004 22.610000000000003 -5.4424999999999963 30.500000000000004 830146.85000000021 -28.792499999999993
decision_type=2 2 2 2 2 2 2 2 2 2 2 2 2 2 2 2 2 2 2 2 2 2 2 2 2 2 2 2 2 2
left_child=1 6 -3 4 -4 -6 7 8 10 13 -1 12 -12 -10 -5 -2 19 22 -19 29 21 26 23 25 -25 28 -21 -28 -18 -17
right_child=15 2 3 14 5 -7 -8 -9 9 -11 11 -13 -14 -15 -16 16 17 18 -20 20 -22 -23 -24 24 -26 -27 27 -29 -30 -31
leaf_value=-0.0079343616858567889 0.028718211424823566 0.044583624591016113 -0.026124004677403719 0.0078014586120843891 0.034667904593084976 -0.011460098793247234 0.00063651265753360351 -0.029188495888732947 -0.014966625350114721 0.017335050756810234 0.0075157965691760188 -0.016911249762264696 0.062531031241927007 -0.067652279247754618 0.058754781186580667 0.029842496055233127 0.005639782962389291 0.071322173286568036 0.0042820354967261663 0.029842700579991711 0.062221804882089296 0.050786737218085271 -0.047846066360087959 0.00078283243317337132 -0.050577555245465859 -0.0088174239053235692 0.0080895595773611047 -0.034493908695066758 -0.043960356083833939 -0.002748046779898605
leaf_weight=269 26 36 40 20 27 27 9671 52 44 32 50 41 39 29 20 34 20 22 30 39 24 27 34 393 22 150 84 46 86 3197
leaf_count=269 26 36 40 20 27 27 9671 52 44 32 50 41 39 29 20 34 20 22 30 39 24 27 34 393 22 150 84 46 86 3197
internal_value=-0.000311043 0.000488292 0.0148105 0.00681176 -0.00445053 0.0116039 0.000250218 -0.00646894 -0.00412486 -0.0196736 -3.3094e-05 0.0163165 0.0316236 -0.0358965 0.0332781 -0.00227389 -0.00246538 -0.00756232 0.0326452 -0.00134733 0.0141874 0.00830567 -0.010528 -0.00863705 -0.00193989 -0.0194938 0.00151875 -0.00697844 -0.0346018 -0.00240509
internal_weight=14631 10397 170 134 94 54 10227 556 504 105 399 130 89 73 40 4234 4208 757 52 3451 220 196 705 671 415 256 169 130 106 3231
internal_count=14631 10397 170 134 94 54 10227 556 504 105 399 130 89 73 40 4234 4208 757 52 3451 220 196 705 671 415 256 169 130 106 3231
is_linear=0
shrinkage=0.05


Tree=276
num_leaves=31
num_cat=0
split_feature=0 16 6 6 3 3 8 4 4 3 16 3 6 6 12 16 16 6 4 8 9 1 18 4 18 0 3 8 6 4
split_gain=7.76578 7.94561 18.3125 16.4682 20.2604 18.8032 18.1402 8.96506 8.8851 8.33084 8.21515 30.782 19.0946 21.1174 18.064 12.7252 18.8486 26.5032 11.6063 13.6624 11.5388 14.2827 10.1828 15.5867 12.6546 21.5223 10.1744 9.3015 13.76 8.96398
threshold=1.0000000180025095e-35 57.307500000000012 12.356399500000002 15.010773000000002 13.976288000000002 14.286712500000002 -1.2638244999999995 14116.267000000002 100209.77800000001 15.390274000000002 53.030000000000008 13.642242500000002 26.663833500000006 20.252426000000003 15.225000000000003 48.562500000000007 49.217500000000008 6.6715851000000006 1600644.5000000002 0.50645475000000062 296964.73000000016 3.5000000000000004 -18.029999999999998 1918450.9500000002 -16.329999999999991 28.500000000000004 26.220214500000004 3.0308533500000023 14.413192500000003 1674973.8500000003
decision_type=2 2 2 2 2 2 2 2 2 2 2 2 2 2 2 2 2 2 2 2 2 2 2 2 2 2 2 2 2 2
left_child=-1 10 9 5 -5 7 -6 -4 -7 -3 15 14 13 20 -12 22 17 -17 -19 -20 27 -22 23 26 25 -24 -2 28 -13 -14
right_child=1 2 3 4 6 8 -8 -9 -10 -11 11 12 29 -15 -16 16 -18 18 19 -21 21 -23 24 -25 -26 -27 -28 -29 -30 -31
leaf_value=0.0076258182393851084 -0.00086473943665623667 -0.0012221402906138323 -0.032112576538282971 0.029797468249662187 -0.044102964768535459 -0.021919819154776633 -0.0038466764903197174 -0.073864295408129693 0.012868280464719082 0.035257141511229904 0.050048885245009195 -0.028315448295325042 0.05544674704782665 -0.027364754706621169 -0.0043285654946452097 0.014614226381915311 -0.0015815619018357428 -0.033164000567872408 0.016744484615822633 -0.031383777062954581 -0.041398942896298002 0.01006541895465209 -0.0012461001310536328 0.020903736585751176 -2.161780999984402e-05 0.05169144498649985 -0.0320188857259621 0.040285997566851701 0.012581402593059466 0.010536887250840664
leaf_weight=303 40 29 36 39 32 50 223 20 29 34 56 25 20 75 21 51 628 147 30 29 28 26 48 27 12314 32 76 22 116 25
leaf_count=303 40 29 36 39 32 50 223 20 29 34 56 25 20 75 21 51 628 147 30 29 28 26 48 27 12314 32 76 22 116 25
internal_value=-0.000295491 -0.000463006 -0.00670701 -0.0104036 -0.00376531 -0.0248604 -0.00889845 -0.0470239 -0.0091495 0.0184651 -0.000240972 0.00669618 0.000179168 -0.00449307 0.0352187 -0.000454948 -0.00624949 -0.0176559 -0.0256452 -0.00691178 0.00341188 -0.0166198 -4.59051e-05 -0.0133121 0.000107158 0.0199289 -0.0212761 0.0100481 0.00533019 0.0304968
internal_weight=14631 14328 492 429 294 135 255 56 79 63 13836 414 337 292 77 13422 885 257 206 59 217 54 12537 143 12394 80 116 163 141 45
internal_count=14631 14328 492 429 294 135 255 56 79 63 13836 414 337 292 77 13422 885 257 206 59 217 54 12537 143 12394 80 116 163 141 45
is_linear=0
shrinkage=0.05


Tree=277
num_leaves=31
num_cat=0
split_feature=14 12 14 14 6 6 15 16 3 17 9 7 6 9 9 6 3 16 4 8 8 9 8 7 8 8 8 3 9 3
split_gain=7.00984 28.3086 25.5634 13.7621 34.834 34.3292 25.5326 19.3444 18.3937 17.4299 14.1645 21.9785 23.5646 12.4488 12.0046 11.106 10.2126 17.163 29.069 12.7422 20.5104 12.6577 18.0169 18.0516 10.8801 13.8171 10.4799 10.28 10.0685 9.90599
threshold=22.612500000000001 20.225000000000005 22.475000000000005 25.417500000000004 24.581161500000004 13.544097500000001 24.827500000000004 37.822500000000005 11.043502500000001 14.497500000000002 -260082.00499999998 1846259.2000000004 14.320526000000003 1.0000000180025095e-35 40158.345000000008 4.2302095000000008 26.582504000000004 36.277500000000011 169330.25000000003 -1.4714055000000006 -0.88479600000000136 -77043.200000000055 1.9949190000000006 1025795.7700000001 4.4198152000000013 3.3640592999999996 -5.1022032999999984 25.412323000000004 -166616.85999999996 26.220214500000004
decision_type=2 2 2 2 2 2 2 2 2 2 2 2 2 2 2 2 2 2 2 2 2 2 2 2 2 2 2 2 2 2
left_child=1 2 16 4 5 6 8 10 9 -2 -7 12 -12 15 -9 -11 17 21 27 -18 -21 22 -1 -24 25 26 -23 -19 -22 -5
right_child=3 -3 -4 29 -6 7 -8 14 -10 13 11 -13 -14 -15 -16 -17 19 18 -20 20 28 24 23 -25 -26 -27 -28 -29 -30 -31
leaf_value=-0.020774195825313809 0.024853229116027553 0.059095784818584275 0.029403249778278906 -0.00052500016000875198 -0.013419144477054282 0.047545398819831108 0.039792375688973286 0.00010462902367901829 -0.026861614236035027 0.0068117119919043042 0.065371964770284563 -0.038621128499507912 0.011971769327432423 0.0064015208784004921 -0.043272693150422793 -0.016938691143707853 0.040932717181190299 -0.024387174669434044 -0.076242634505033491 -0.042620987870863512 0.039531614693502588 0.037895067986100914 0.049427918823701997 -0.012381836427030741 -0.024637835964353552 0.03331496856195814 0.0012790101068203682 0.017848884828388693 0.0058759684256122768 0.0043445488546744321
leaf_weight=142 45 22 81 9940 704 31 28 58 117 60 22 20 339 115 22 274 27 34 20 21 24 20 21 27 36 37 852 25 300 1167
leaf_count=142 45 22 81 9940 704 31 28 58 117 60 22 20 339 115 22 274 27 34 20 21 24 20 21 27 36 37 852 25 300 1167
internal_value=-0.000280716 0.0027488 0.00200517 -0.000676084 -0.00468744 0.000747671 -0.00689601 0.0106751 -0.00903558 -0.00481362 0.0150439 0.0123995 0.0152261 -0.00778691 -0.0118241 -0.0126722 0.000605894 -0.00161511 -0.0241493 0.00785401 0.00526524 -4.66514e-05 -0.0118224 0.0146599 0.00232096 0.00338864 0.00211883 -0.00649054 0.00836898 -1.33621e-05
internal_weight=14631 1689 1667 12942 1835 1131 639 492 611 494 412 381 361 449 80 334 1586 1214 79 372 345 1135 190 48 945 909 872 59 324 11107
internal_count=14631 1689 1667 12942 1835 1131 639 492 611 494 412 381 361 449 80 334 1586 1214 79 372 345 1135 190 48 945 909 872 59 324 11107
is_linear=0
shrinkage=0.05


Tree=278
num_leaves=31
num_cat=0
split_feature=5 12 4 19 5 4 0 4 8 12 6 8 16 7 14 0 7 14 8 4 0 12 15 19 17 16 16 0 6 7
split_gain=8.40659 12.8809 14.8168 12.7329 9.47333 11.176 17.1237 14.1793 13.2099 22.2514 18.284 13.9912 12.8675 12.1915 29.9984 12.6134 9.81069 8.64386 8.74087 20.941 22.473 37.1076 21.9997 20.555 22.6504 19.3124 33.6575 25.9325 33.5746 29.3099
threshold=11.675000000000002 16.180000000000003 1627999.55 -8.2599999999999998 1.0050000000000001 439173.93500000006 17.500000000000004 174.45925500000004 0.76405350000000116 8.9450000000000021 15.346588000000002 -1.1637269999999995 48.540000000000006 3046259.6000000006 48.947500000000005 26.500000000000004 1310211.3000000003 16.995000000000005 0.16862499999999961 2009618.9000000001 29.500000000000004 11.975000000000003 33.642500000000005 -5.8024999999999975 32.197500000000012 28.422500000000003 43.300000000000004 28.500000000000004 6.2657317500000014 159409.30500000002
decision_type=2 2 2 2 2 2 2 2 2 2 2 2 2 2 2 2 2 2 2 2 2 2 2 2 2 2 2 2 2 2
left_child=1 4 3 -3 5 7 -7 -1 9 10 12 -11 -8 14 15 -12 -9 -2 19 22 -21 -22 23 -19 -25 -20 27 -27 -29 -30
right_child=17 2 -4 -5 -6 6 8 16 -10 11 13 -13 -14 -15 -16 -17 -18 18 25 20 21 -23 -24 24 -26 26 -28 28 29 -31
leaf_value=-0.01237944279599822 0.026596061176118943 0.049473149521696957 -0.016505664237047312 0.013081619132170888 0.00063612511908333344 -0.047540360802991524 -0.0035527256141970123 0.055521077649401764 -0.019469581844210895 -0.060771674776206847 0.019714891569844139 -0.0049981417176737028 -0.048252376914024356 -0.0029925820336717626 0.06557954206495667 -0.024544620111753998 0.0065897396113723519 -0.018076778988861557 -0.0065846388451968624 -0.0043299060016870504 -0.0097591691495229806 -0.09965999034995382 -0.025073372465599927 -0.0013531405406717895 0.036304635036645869 -0.0025662766002835314 -0.0071321504644922991 0.060925941179330291 0.0022622823855320438 0.02488113169205345
leaf_weight=33 26 31 32 107 9671 27 69 21 138 23 60 22 21 69 31 22 20 183 774 50 24 22 112 1531 41 332 515 37 339 248
leaf_count=33 26 31 32 107 9671 27 69 21 138 23 60 22 21 69 31 22 20 183 774 50 24 22 112 1531 41 332 515 37 339 248
internal_value=-0.00026668 0.000498149 0.0141484 0.0212565 0.000271246 -0.00607542 -0.008853 0.0120164 -0.00655727 -0.000936139 0.00445203 -0.0335046 -0.0139826 0.0135681 0.0236803 0.00784039 0.0316521 -0.00214479 -0.00232237 -0.00475938 -0.0275337 -0.0527552 -0.00358834 -0.00221722 -0.000370972 -0.000191482 0.00317242 0.00872353 0.0147303 0.0118185
internal_weight=14631 10397 170 138 10227 556 482 74 455 317 272 45 90 182 113 82 41 4234 4208 1963 96 46 1867 1755 1572 2245 1471 956 624 587
internal_count=14631 10397 170 138 10227 556 482 74 455 317 272 45 90 182 113 82 41 4234 4208 1963 96 46 1867 1755 1572 2245 1471 956 624 587
is_linear=0
shrinkage=0.05


Tree=279
num_leaves=31
num_cat=0
split_feature=5 12 4 0 12 15 16 8 0 18 16 8 18 8 5 14 12 8 12 7 12 18 4 4 7 17 12 3 12 13
split_gain=7.58695 11.625 13.3722 9.34224 8.99488 22.6037 19.4189 20.1214 18.078 16.8515 14.2237 20.7006 17.1626 18.1096 15.6505 14.2286 11.2555 11.0598 8.39694 8.02245 31.5687 21.7753 19.8345 25.0868 20.392 20.72 18.4232 17.3522 14.2815 23.1619
threshold=11.675000000000002 16.180000000000003 1627999.55 16.500000000000004 11.975000000000003 24.9025 35.772500000000008 2.1401675000000009 18.500000000000004 -2.5274999999999941 33.782500000000006 0.45219400000000004 1.0000000180025095e-35 -0.90667729999999869 10.905000000000003 29.742500000000003 14.785000000000002 2.1401675000000009 14.185 854119.35000000021 20.075000000000003 0.047500000000001215 1170737.3000000003 2703314.0000000005 688254.34500000009 24.405000000000005 19.065000000000001 14.126541000000001 7.7250000000000005 5.8250000000000011
decision_type=2 2 2 2 2 2 2 2 2 2 2 2 2 2 2 2 2 2 2 2 2 2 2 2 2 2 2 2 2 2
left_child=1 4 3 -3 -1 6 7 10 -9 -8 11 12 13 -6 15 -13 -14 18 -7 22 26 -22 -2 24 25 -24 27 -21 29 -29
right_child=19 2 -4 -5 5 17 9 8 -10 -11 -12 14 16 -15 -16 -17 -18 -19 -20 20 21 -23 23 -25 -26 -27 -28 28 -30 -31
leaf_value=0.00061424256107548911 -0.0018855934301780352 0.051793327629566191 -0.015680380005505867 0.014837832579397107 -0.00054922743700444707 -0.022741425615446322 0.0014207690067234496 0.062195167755708103 0.0029063893941282813 0.065550125986337665 -0.033815103214471898 -0.059690824611222042 -0.011310599878938362 0.065930908563591184 0.012408170718699693 -0.0094079146006455019 0.019383402236896316 -0.048337863594519373 0.010136920505668969 -0.026754574314921654 0.065847843016187346 0.00094418841181322934 -0.0073658670453975606 -0.034400197507982906 0.058900822266455627 0.034187339389075838 -0.045375904824365591 -0.055182652714951291 0.002781592743359975 -0.0076934622193740717
leaf_weight=9668 3303 20 32 118 20 87 21 20 36 20 47 34 110 21 20 24 41 33 25 101 24 28 60 22 31 60 34 29 318 224
leaf_count=9668 3303 20 32 118 20 87 21 20 36 20 47 34 110 21 20 24 41 33 25 101 24 28 60 22 31 60 34 29 318 224
internal_value=-0.000253346 0.000473241 0.0134409 0.0201937 0.000257684 -0.00590906 4.12214e-05 -0.00354899 0.024081 0.0327034 -0.00842999 -0.0040111 0.00481311 0.0335016 -0.0257322 -0.0388841 -0.00297647 -0.0228981 -0.0154025 -0.00203755 -0.00669828 0.0308997 -0.0010212 0.0154821 0.0227498 0.0134107 -0.00946753 -0.00765074 -0.0042716 -0.0131369
internal_weight=14631 10397 170 138 10227 559 414 373 56 41 317 270 192 41 78 58 151 145 112 4234 758 52 3476 173 151 120 706 672 571 253
internal_count=14631 10397 170 138 10227 559 414 373 56 41 317 270 192 41 78 58 151 145 112 4234 758 52 3476 173 151 120 706 672 571 253
is_linear=0
shrinkage=0.05


Tree=280
num_leaves=31
num_cat=0
split_feature=5 9 19 9 7 7 0 8 9 9 14 16 14 19 17 5 1 7 3 0 17 17 0 2 9 15 17 17 8 8
split_gain=8.19002 14.0586 13.1995 57.0437 24.1887 13.4295 18.6289 23.7282 37.2966 22.1519 20.9467 16.3803 11.7625 11.5591 18.0645 20.6671 9.8535 15.5833 12.7487 14.1134 9.33397 49.4859 18.8744 15.1484 13.2388 20.7179 14.7226 21.3564 31.223 33.3447
threshold=17.585000000000004 -483145.70000000013 -0.037499999999999638 -44429.280000000021 757217.42500000016 1523946.7000000004 35.500000000000007 0.27728300000000067 -11971.794 -17.540740500000002 38.490000000000009 44.437500000000007 23.277500000000003 -0.31750000000000073 20.707500000000003 20.720000000000002 5.5000000000000009 282903.95000000007 15.634292500000003 31.500000000000004 20.707500000000003 21.235000000000003 42.500000000000007 1.0000000180025095e-35 526968.50000000023 20.642500000000002 15.840000000000002 16.802500000000006 -0.53968827999999969 -0.35082999999999837
decision_type=2 2 2 2 2 2 2 2 2 2 2 2 2 2 2 2 2 2 2 2 2 2 2 2 2 2 2 2 2 2
left_child=20 -2 3 4 -3 6 9 12 -9 -4 -10 16 -8 14 -5 -16 17 -11 -19 -20 23 22 -22 24 26 -26 -1 28 -28 -30
right_child=1 2 5 13 -6 -7 7 8 10 11 -12 -13 -14 -15 15 -17 -18 18 19 -21 21 -23 -24 -25 25 -27 27 -29 29 -31
leaf_value=-0.0011604676166751223 -0.038677725040664274 0.022206188268249945 -0.045541660274669042 -0.028060811243394948 0.099038374572992333 0.024586890811721485 0.013516242669928553 0.077203799448907373 -0.012586713289842011 0.023077531543990171 0.031186012793765511 -0.041156136029473461 -0.022849955438437906 0.022375341504812241 -0.0089643758585055671 0.04352956647891551 -0.02608947338358987 -0.04348850526528069 0.021366435227066497 -0.028121844023466111 -0.029849677668729174 -0.00042723519935490973 0.018080712093607242 -0.021972398210226545 -0.021092689218545905 0.02574597655570713 -0.003986277857727212 0.0026835639210943743 0.075894873589277267 0.017975431577416694
leaf_weight=1829 30 21 61 77 20 30 28 20 75 52 43 38 108 33 75 25 42 23 34 25 192 8342 23 67 127 29 164 2643 27 312
leaf_count=1829 30 21 61 77 20 30 28 20 75 52 43 38 108 33 75 25 42 23 34 25 192 8342 23 67 127 29 164 2643 27 312
internal_value=-0.000318472 -0.0050521 -0.00383672 0.00573989 0.0596853 -0.00798823 -0.00976829 -0.000541129 0.0140657 -0.0189619 0.00336436 -0.0113854 -0.0153628 -0.00479231 -0.00985747 0.00415911 -0.00495767 0.00166574 -0.0119125 0.000396825 -2.25122e-05 -0.00103766 -0.0247222 0.00164864 0.00195708 -0.0123855 0.00240682 0.00448074 0.0139239 0.0225885
internal_weight=14615 860 830 251 41 579 549 274 138 275 118 214 136 210 177 100 176 134 82 59 13755 8557 215 5198 5131 156 4975 3146 503 339
internal_count=14615 860 830 251 41 579 549 274 138 275 118 214 136 210 177 100 176 134 82 59 13755 8557 215 5198 5131 156 4975 3146 503 339
is_linear=0
shrinkage=0.05


Tree=281
num_leaves=31
num_cat=0
split_feature=5 9 19 9 8 8 15 0 6 17 13 15 13 5 19 17 5 8 4 7 17 3 9 17 17 0 2 16 16 4
split_gain=7.39149 12.8029 10.7613 48.5833 12.2431 33.3331 23.1949 29.6101 21.0056 20.3852 14.259 13.8137 15.679 17.4278 10.4453 16.6455 18.6521 10.2221 8.76385 28.0491 18.8313 8.5089 8.43151 8.42391 44.661 17.0341 13.6714 11.9736 34.2076 58.6833
threshold=17.585000000000004 -447240.79999999987 -0.037499999999999638 -44429.280000000021 0.27728300000000067 0.46955900000000034 22.375000000000004 29.500000000000004 10.671539000000001 12.502500000000003 9.0050000000000008 32.660000000000004 8.9950000000000028 20.125000000000004 -0.47500000000000048 20.707500000000003 20.720000000000002 -0.12542699999999926 1514186.7000000002 711816.06000000017 19.127500000000005 17.284149000000003 -44429.280000000021 20.707500000000003 21.235000000000003 42.500000000000007 1.0000000180025095e-35 26.782500000000002 26.847500000000004 790599.13000000012
decision_type=2 2 2 2 2 2 2 2 2 2 2 2 2 2 2 2 2 2 2 2 2 2 2 2 2 2 2 2 2 2
left_child=23 -2 3 17 9 -6 18 8 -8 -4 -11 12 13 -9 15 -5 21 -3 19 20 -7 -17 -12 26 25 -25 27 -1 29 -29
right_child=1 2 4 14 5 6 7 11 -10 10 22 -13 -14 -15 -16 16 -18 -19 -20 -21 -22 -23 -24 24 -26 -27 -28 28 -30 -31
leaf_value=-0.00047510979585976452 -0.035831931651046034 0.030294711776077749 0.032846206654794513 -0.027092131663505971 0.047525026486255229 0.0035869372733013365 0.0041625120571904609 0.0063544927630573515 -0.056778212787153629 -0.029215639877152078 -0.028746604624514779 0.058264027163386349 -0.011697990069977749 0.06416439161720601 0.020818252598538117 0.0085512261183277993 0.041353088635951281 0.080846824701875458 0.0043475732517739138 -0.079120856218717325 -0.047814878355711701 -0.025134398283338862 0.006157006086469928 -0.028357194192176395 -0.00040587341881869431 0.017176676541566849 -0.020873778162579709 0.0045778978888581434 0.0034018764395414634 0.10436202631048536
leaf_weight=2653 32 20 20 76 32 49 31 32 26 147 24 20 39 22 34 37 25 20 24 22 28 38 62 192 8342 23 67 41 2414 23
leaf_count=2653 32 20 20 76 32 49 31 32 26 147 24 20 39 22 34 37 25 20 24 22 28 38 62 192 8342 23 67 41 2414 23
internal_value=-0.000302548 -0.00479949 -0.00360017 0.00506706 -0.00734898 -0.000928459 -0.00622031 0.00574602 -0.023635 -0.0155967 -0.0197549 0.0205665 0.0124596 0.0299067 -0.0045527 -0.0094539 0.00395115 0.0555708 -0.0227591 -0.0293305 -0.0151046 -0.00851616 -0.00358354 -2.13866e-05 -0.000985779 -0.0234861 0.00156621 0.00185923 0.00435841 0.0404378
internal_weight=14615 860 828 250 578 325 293 170 57 253 233 113 93 54 210 176 100 40 123 99 77 75 86 13755 8557 215 5198 5131 2478 64
internal_count=14615 860 828 250 578 325 293 170 57 253 233 113 93 54 210 176 100 40 123 99 77 75 86 13755 8557 215 5198 5131 2478 64
is_linear=0
shrinkage=0.05


Tree=282
num_leaves=31
num_cat=0
split_feature=14 19 8 17 8 17 4 4 5 8 8 14 6 6 9 5 15 7 13 14 7 16 0 0 6 5 7 6 9 19
split_gain=7.47202 15.9039 14.0253 13.837 24.4773 17.9446 24.8599 12.7004 12.5663 11.4939 14.4515 10.5337 34.2387 43.2634 39.3238 31.3281 29.003 28.9595 22.9593 17.3344 12.9832 11.9349 20.6855 11.9402 11.3237 13.1835 11.1502 10.3201 9.669 9.96399
threshold=22.612500000000001 2.4450000000000043 4.1817930000000016 21.797500000000003 1.2254793000000015 20.892500000000005 1379944.3500000003 1579050.4000000001 12.005000000000001 -3.5253752999999994 -2.696486999999999 25.417500000000004 24.581161500000004 21.933944500000003 -62820.749999999993 9.6650000000000009 24.632500000000004 1624735.3500000003 11.975000000000003 25.672500000000003 943287.72000000009 27.487500000000001 19.500000000000004 26.500000000000004 4.063492000000001 16.075000000000003 1123712.4500000002 14.760147250000001 -238577.22499999995 -0.77749999999999975
decision_type=2 2 2 2 2 2 2 2 2 2 2 2 2 2 2 2 2 2 2 2 2 2 2 2 2 2 2 2 2 2
left_child=1 2 3 5 -5 7 8 9 -7 -1 -11 12 13 16 15 -15 18 27 24 21 -16 -13 -23 -24 -2 -26 -25 -18 -12 -30
right_child=11 -3 -4 4 -6 6 -8 -9 -10 10 28 19 -14 14 20 -17 17 -19 -20 -21 -22 22 23 26 25 -27 -28 -29 29 -31
leaf_value=0.027619381205124017 0.012210265838864686 0.014975816412087404 -0.038720042597163808 0.0054317995734142928 0.047226880537491522 0.0032500650759295121 -0.059265208430588245 0.015967318960038931 -0.028587804235359456 -0.033476154631935061 -0.023589122750211595 0.0020482553612827413 -0.013010361992395659 0.023578444921544622 0.017235876897745951 0.11101728707551957 0.048883195952853058 -0.035045848680394037 0.03052302254125094 -0.00045304363030381829 -0.023590413946658374 0.043213432411721445 -0.028205755213275552 0.00012886539845522948 -0.0092208452491995239 -0.044858395394489721 0.043040093387632324 0.017034353602177171 0.0089930227410142637 -0.0035961651116389829
leaf_weight=34 59 233 22 282 40 91 28 131 47 35 43 159 688 21 127 20 41 21 39 10832 23 64 20 41 668 27 24 67 243 445
leaf_count=34 59 233 22 282 40 91 28 131 47 35 43 159 688 21 127 20 41 21 39 10832 23 64 20 41 668 27 24 67 243 445
internal_value=-0.000287421 0.00285595 0.00089625 0.00151046 0.0106237 -0.00116454 -0.016309 0.00153576 -0.00759327 -0.00082741 -0.00209006 -0.000694035 -0.00424187 0.00117837 0.022837 0.0662315 -0.0033084 0.0186787 -0.00688512 -0.000120458 0.0109758 0.0115762 0.0217436 0.00557801 -0.00882002 -0.0106053 0.015973 0.0291251 -0.000587307 0.000850307
internal_weight=14615 1674 1441 1419 322 1097 166 931 138 800 766 12941 1801 1113 191 41 922 129 793 11140 150 308 149 85 754 695 65 108 731 688
internal_count=14615 1674 1441 1419 322 1097 166 931 138 800 766 12941 1801 1113 191 41 922 129 793 11140 150 308 149 85 754 695 65 108 731 688
is_linear=0
shrinkage=0.05


Tree=283
num_leaves=31
num_cat=0
split_feature=14 15 6 18 8 0 19 14 15 8 3 1 9 9 9 13 9 3 0 15 9 15 8 7 4 13 14 8 4 6
split_gain=7.03849 21.5988 17.1464 17.0936 26.2553 30.2801 28.0713 21.5647 29.1063 19.1705 24.0542 18.4752 16.3466 51.1822 15.9858 15.9658 15.5684 15.4522 14.9633 14.485 14.031 13.6958 12.9395 12.3087 11.9902 11.9597 11.9152 30.6946 32.5992 18.1924
threshold=32.957500000000003 32.315000000000005 15.508514500000002 -5.7575000000000029 -3.6543578500000002 28.500000000000004 -0.65500000000000103 39.682500000000012 35.247500000000009 -2.7691957499999997 21.442383000000003 3.5000000000000004 349384.50000000006 200641.4500000001 574770.95000000007 14.170000000000002 165697.65000000017 25.176239000000006 33.500000000000007 32.237500000000011 -1084649.4299999997 15.532500000000002 -0.15670799999999915 1605802.2000000002 3049889.3000000003 15.055000000000001 33.782500000000006 1.04965215 386441.48500000004 15.010773000000002
decision_type=2 2 2 2 2 2 2 2 2 2 2 2 2 2 2 2 2 2 2 2 2 2 2 2 2 2 2 2 2 2
left_child=1 19 21 9 5 14 -7 8 11 -4 18 12 13 -6 -5 16 -13 -14 -11 -1 -3 -2 -21 -22 25 26 27 28 -23 -28
right_child=2 20 3 4 7 6 -8 -9 -10 10 -12 15 17 -15 -16 -17 -18 -19 -20 22 23 24 -24 -25 -26 -27 29 -29 -30 -31
leaf_value=0.00057571536989110459 0.037009006853287035 0.057252416724250438 0.047841937682376462 -0.017391237620607885 -0.013584262125863087 -0.081233600768096312 -0.021037415116766676 -0.0011383600811062601 -0.052845575194805865 0.0038585294394971369 0.031574383622698363 2.6108147208823969e-05 0.02353659233157622 -0.077349367535540045 0.02356215023225354 -0.037004701409023254 0.035084415450202008 -0.020345690984811104 -0.024111659497495243 0.010963191698961469 0.020772102040839253 -0.012119925226925793 -0.034528021117741309 -0.017583005028203702 0.031057630805298688 0.028986462094407119 -0.00018128697863242893 0.012188332704630909 -0.069224061466979264 0.015199921594750955
leaf_weight=7749 26 21 26 103 312 34 45 1773 40 167 59 190 47 35 31 24 38 35 67 22 107 103 54 26 32 36 3089 86 33 205
leaf_count=7749 26 21 26 103 312 34 45 1773 40 167 59 190 47 35 31 24 38 35 67 22 107 103 54 26 32 36 3089 86 33 205
internal_value=-0.00027305 0.000727617 -0.00147623 -0.00425225 -0.00554229 -0.022392 -0.0469446 -0.00410324 -0.0113941 0.0066949 0.00304362 -0.00895939 -0.0152713 -0.0200159 -0.00791695 0.00178593 0.00586916 0.00480635 -0.00415003 0.00036267 0.0192712 0.000850701 -0.0213595 0.0132741 0.000588392 0.000313894 2.03182e-05 -0.0111917 -0.0259761 0.000775953
internal_weight=14615 7979 6636 3026 2707 213 79 2494 721 319 293 681 429 347 134 252 228 82 234 7825 154 3610 76 133 3584 3552 3516 222 136 3294
internal_count=14615 7979 6636 3026 2707 213 79 2494 721 319 293 681 429 347 134 252 228 82 234 7825 154 3610 76 133 3584 3552 3516 222 136 3294
is_linear=0
shrinkage=0.05


Tree=284
num_leaves=31
num_cat=0
split_feature=5 9 9 1 8 14 8 4 13 15 9 9 15 3 6 17 9 8 14 12 14 3 18 0 4 8 9 14 14 0
split_gain=6.82937 11.6088 10.2221 21.7024 32.2828 62.3435 13.0725 12.4152 10.5956 11.4608 11.1201 12.4198 16.6565 31.9304 14.3671 12.0514 12.9983 11.6005 10.6125 8.48087 38.8737 21.2833 14.6828 8.74704 18.0163 13.0516 12.8392 7.6564 13.1186 18.5913
threshold=17.585000000000004 -447240.79999999987 -27430.409999999985 3.5000000000000004 -0.15670799999999915 34.492500000000007 -0.85310349999999857 485300.39000000007 8.3950000000000014 19.127500000000005 -7641.6006999999981 110369.87999999996 19.897500000000004 23.941864000000006 14.320526000000003 17.765000000000004 30.814815435000011 0.13192799999999852 44.437500000000007 18.005000000000006 22.220000000000002 14.808349500000002 10.255000000000001 33.500000000000007 359912.07000000007 0.045073999999997845 -409.54259000009307 16.995000000000005 18.002500000000001 18.500000000000004
decision_type=2 2 2 2 2 2 2 2 2 2 2 2 2 2 2 2 2 2 2 2 2 2 2 2 2 2 2 2 2 2
left_child=19 -2 3 4 6 -6 -3 -5 10 -10 -4 12 15 14 18 16 -12 -13 -14 27 -21 22 -22 25 26 -23 -25 -1 29 -29
right_child=1 2 8 7 5 -7 -8 -9 9 -11 11 17 13 -15 -16 -17 -18 -19 -20 20 21 23 -24 24 -26 -27 -28 28 -30 -31
leaf_value=-0.017966634042095392 -0.034131804919525166 0.019344858806580309 -0.0415342729124758 0.0097666370948510522 0.11996804613620043 -0.00073573586085568313 -0.030163623834960164 -0.030340928839909478 0.036716272592868492 -0.00093082633548455241 -0.019832106024507801 -0.041302423249516225 -0.0074672954010644131 0.054734305143356324 -0.041433273311704405 -0.042663847014773638 0.021317354292010093 -0.01104499411673468 0.024092611003407215 0.074490866774604439 0.0085240665008313957 0.026797798126935959 0.062329637276984401 0.025638747421781655 -0.055598920024931435 -0.019969855893689853 -0.023025716776310497 -0.010407790131005012 -0.00017446542043861345 0.044175801478708407
leaf_weight=60 32 30 27 35 20 23 24 43 23 167 61 45 70 30 20 32 28 107 43 21 32 35 21 23 23 26 33 26 13416 39
leaf_count=60 32 30 27 35 20 23 24 43 23 167 61 45 70 30 20 32 28 107 43 21 32 35 21 23 23 26 33 26 13416 39
internal_value=-0.000259397 -0.00458197 -0.00343994 0.0072916 0.023081 0.0554056 -0.00265891 -0.0123439 -0.00631593 0.00362645 -0.010396 -0.00846767 -0.00229394 0.00813887 -0.00237138 -0.0163481 -0.00688621 -0.0200028 0.00454223 1.08617e-05 0.0098868 0.00285734 0.0298433 -0.00735876 -0.0183409 0.00686404 -0.00303853 -0.000145216 -6.58983e-05 0.0223424
internal_weight=14615 860 828 175 97 43 54 78 653 190 463 436 284 163 133 121 89 152 113 13755 214 193 53 140 79 61 56 13541 13481 65
internal_count=14615 860 828 175 97 43 54 78 653 190 463 436 284 163 133 121 89 152 113 13755 214 193 53 140 79 61 56 13541 13481 65
is_linear=0
shrinkage=0.05


Tree=285
num_leaves=31
num_cat=0
split_feature=19 19 14 12 5 8 9 13 8 18 19 3 9 8 4 3 0 8 4 3 14 0 19 8 19 19 8 6 13 8
split_gain=9.02013 22.1226 21.0302 20.9854 18.8456 16.0878 15.9147 21.4541 38.9835 24.1421 17.0293 15.9694 15.5408 28.4814 25.2781 35.2716 58.9121 24.2395 23.7435 21.5631 18.3636 14.3662 13.7694 27.4564 21.9059 35.8418 25.1874 20.823 15.8855 19.6944
threshold=2.3525000000000014 2.4450000000000043 22.790000000000003 8.9050000000000029 11.195000000000002 -0.94464099999999973 -357709.10000000003 5.7150000000000007 -0.034316999999999702 2.9849999999999999 4.1700000000000026 16.862671000000002 -47.881479999999975 2.3987735000000012 157200.83000000005 16.372756500000005 18.500000000000004 1.2883605500000008 1579050.4000000001 13.519653500000002 24.045000000000005 24.500000000000004 2.0375000000000019 0.032211500000000733 2.0025000000000017 1.8949999999999998 3.7669680000000003 11.603500000000002 8.4250000000000025 -4.0957182499999991
decision_type=2 2 2 2 2 2 2 2 2 2 2 2 2 2 2 2 2 2 2 2 2 2 2 2 2 2 2 2 2 2
left_child=22 -2 3 -3 -5 -6 7 8 9 21 -10 -12 13 14 17 16 -16 -8 -15 -18 -14 -4 24 27 25 -1 -26 -24 29 -27
right_child=1 2 6 4 5 -7 12 -9 10 -11 11 -13 20 18 15 -17 19 -19 -20 -21 -22 -23 23 -25 26 28 -28 -29 -30 -31
leaf_value=-0.00017254396511158726 0.028273634726912539 0.0054088449658715801 0.055526775717735288 0.063072525337338453 0.047624260695143181 -0.009512229310348631 -0.0034302692367678641 -0.0033152057317101173 -0.01021381295390762 0.073594272109430023 0.059418275934599696 0.0050884598522986241 -0.02269354241404635 0.0034113908933960839 -0.095337527277214187 -0.007993628010771945 -0.0063529035983313073 0.051955416474653328 0.057013300836086279 -0.056415248497699702 0.0019266132300277358 0.0015070588735397906 0.02669358542126914 -0.016771095517094013 0.01012165317574152 -0.0087386522002899179 0.068090464245705376 -0.0044204937130531393 0.00061409410891226596 -0.051924340438210606
leaf_weight=9470 79 178 20 36 22 28 140 179 89 41 21 38 78 119 35 258 76 23 25 30 2612 32 75 364 174 44 21 190 45 66
leaf_count=9470 79 178 20 36 22 28 140 179 89 41 21 38 78 119 35 258 76 23 25 30 2612 32 75 364 174 44 21 190 45 66
internal_value=9.77313e-05 0.00206709 0.00155965 0.0152075 0.0354884 0.0156278 0.000615465 0.00979719 0.0195363 0.0449046 0.00359538 0.0244262 -0.000520084 -0.00712241 -0.0122059 -0.0189836 -0.0390928 0.00438489 0.0127173 -0.0205215 0.00121272 0.0222839 -0.000686128 -0.0078578 -0.000226761 -0.000562895 0.0163644 0.00438538 -0.0244121 -0.0346501
internal_weight=14608 4159 4080 264 86 50 3816 420 241 93 148 59 3396 706 562 399 141 163 144 106 2690 52 10449 629 9820 9625 195 265 155 110
internal_count=14608 4159 4080 264 86 50 3816 420 241 93 148 59 3396 706 562 399 141 163 144 106 2690 52 10449 629 9820 9625 195 265 155 110
is_linear=0
shrinkage=0.05


Tree=286
num_leaves=31
num_cat=0
split_feature=19 19 14 12 5 8 9 13 8 19 14 19 13 13 14 9 8 16 0 3 4 0 3 8 12 8 3 16 0 0
split_gain=8.14067 19.9656 18.9797 18.9393 17.0081 14.5193 14.363 19.3623 35.1827 22.9782 17.7673 15.3689 14.7756 15.8788 23.0834 14.8433 29.8345 24.7838 23.075 23.2839 47.3524 36.0762 27.6511 19.9359 18.2556 16.3777 14.4123 13.7879 12.9176 18.2311
threshold=2.3525000000000014 2.4450000000000043 22.790000000000003 8.9050000000000029 11.195000000000002 -0.94464099999999973 -357709.10000000003 5.7150000000000007 -0.034316999999999702 4.3550000000000013 35.265000000000008 4.1700000000000026 14.640000000000002 13.470000000000002 24.045000000000005 -47.881479999999975 2.3987735000000012 45.427500000000009 34.500000000000007 16.372756500000005 157200.83000000005 18.500000000000004 12.610092500000002 1.04965215 10.975000000000003 2.8518983500000004 16.862671000000002 28.287500000000005 8.5000000000000018 18.500000000000004
decision_type=2 2 2 2 2 2 2 2 2 2 2 2 2 2 2 2 2 2 2 2 2 2 2 2 2 2 2 2 2 2
left_child=28 -2 3 -3 -5 -6 7 8 9 10 -4 -10 13 14 -8 16 18 25 19 20 -16 -22 -23 -20 -21 -18 -13 -15 -1 -30
right_child=1 2 6 4 5 -7 12 -9 11 -11 -12 26 -14 27 15 -17 17 -19 23 24 21 22 -24 -25 -26 -27 -28 -29 29 -31
leaf_value=-0.0042910833074075302 0.026859952918772551 0.0051384026447593581 0.089598789215087904 0.059918898424237144 0.045243047380989249 -0.0090366177094568095 -0.026400814686956653 -0.0031494454770120035 -0.0097031219322182075 0.0140508897183463 0.031187869770371399 0.056447361959587966 0.013053564598024087 -0.003517561602317035 0.03495214990340173 0.0017809681266075053 0.063196751289069653 -0.027600966046492644 -0.0032524848276595541 -0.0042163939895440957 -0.09057065003684589 -0.0097227512349216463 -0.077517229509318164 0.048233695522598596 -0.045913313360263906 0.015244682320137171 0.0048340370045288619 -0.042939719628720063 0.0041501146830159163 -0.001163624381212755
leaf_weight=1977 79 178 30 36 22 28 85 179 89 40 23 21 190 47 20 2418 24 26 103 210 35 53 21 23 30 69 38 42 2170 6302
leaf_count=1977 79 178 30 36 22 28 85 179 89 40 23 21 190 47 20 2418 24 26 103 210 35 53 21 23 30 69 38 42 2170 6302
internal_value=9.28447e-05 0.00196373 0.00148167 0.0144471 0.033714 0.0148464 0.000584692 0.00930733 0.0185595 0.0426594 0.0642507 0.00341561 -0.00049408 -0.00129697 -0.000702367 1.80707e-05 -0.00692441 0.0155545 -0.0123284 -0.0186367 -0.0357682 -0.0487444 -0.0289617 0.00614579 -0.00942851 0.0276194 0.0232049 -0.0221213 -0.000651822 0.000197425
internal_weight=14608 4159 4080 264 86 50 3816 420 241 93 53 148 3396 3206 3117 3032 614 119 495 369 129 109 74 126 240 93 59 89 10449 8472
internal_count=14608 4159 4080 264 86 50 3816 420 241 93 53 148 3396 3206 3117 3032 614 119 495 369 129 109 74 126 240 93 59 89 10449 8472
is_linear=0
shrinkage=0.05


Tree=287
num_leaves=31
num_cat=0
split_feature=19 19 14 12 0 8 9 13 8 19 14 19 15 19 6 0 3 9 4 12 17 6 3 0 17 4 18 8 8 14
split_gain=7.34695 18.019 17.1292 17.0927 15.742 13.4494 12.9626 17.4745 31.7523 20.7378 16.035 13.8705 13.6656 16.4329 15.4823 25.4014 17.756 14.7835 21.5253 14.1168 15.7363 41.7436 14.6188 13.302 14.7969 16.6263 17.1899 16.9495 19.1145 14.2087
threshold=2.3525000000000014 2.4450000000000043 22.790000000000003 8.9050000000000029 36.500000000000007 1.1069187000000005 -357709.10000000003 5.7150000000000007 -0.034316999999999702 4.3550000000000013 35.265000000000008 4.1700000000000026 19.145000000000007 5.4275000000000011 9.2076110000000018 36.500000000000007 8.7856755000000017 -188483.75000000009 942537.9800000001 21.805000000000003 17.160000000000004 22.695358000000002 25.790603500000007 10.500000000000002 24.632500000000004 735528.07500000007 -5.5974999999999993 3.0308533500000023 -2.2429959999999984 38.852500000000006
decision_type=2 2 2 2 2 2 2 2 2 2 2 2 2 2 2 2 2 2 2 2 2 2 2 2 2 2 2 2 2 2
left_child=-1 -2 3 -3 5 -5 7 8 9 10 -4 -10 14 17 15 16 -8 18 -14 20 21 -19 -23 -15 25 26 -25 28 -27 -26
right_child=1 2 6 4 -6 -7 12 -9 11 -11 -12 -13 13 23 -16 -17 -18 19 -20 -21 -22 22 -24 24 29 27 -28 -29 -30 -31
leaf_value=-0.00061923047220344 0.025516955366452473 0.0048814824089052139 0.085118849997719126 0.073394185648514673 0.00040587927732202748 0.025309831915056393 0.0029082225790868204 -0.0029919731997827582 -0.0092179661810272533 0.013348345155827702 0.029628476079391397 0.022044637508422012 0.014268866410622231 0.0046607426584558192 -0.016940242570473201 -0.033632739690633927 0.057759478926658628 -0.030188301689922811 -0.045791595437164823 -0.03684938818216324 0.004389961964153262 0.084469678933205825 0.026769253871836037 0.017235493912535201 -0.028954234110394945 0.043580200881115166 -0.011625323859784117 0.033895770281553265 -0.0037899719430478638 -0.007072375388343247
leaf_weight=10449 79 178 30 26 27 33 36 179 89 40 23 59 26 379 235 26 25 20 35 20 1501 23 21 59 119 24 411 50 189 197
leaf_count=10449 79 178 30 26 27 33 36 179 89 40 23 59 26 379 235 26 25 20 35 20 1501 23 21 59 119 24 411 50 189 197
internal_value=8.82025e-05 0.00186554 0.00140759 0.0137248 0.0320283 0.0464995 0.000555457 0.00884197 0.0176315 0.0405264 0.0610381 0.00324483 -0.000469376 0.000557165 -0.0102693 0.00774979 0.0253882 0.00396222 -0.0201921 0.00489182 0.00542525 0.0297061 0.0569308 -0.00336771 -0.00626837 -0.00236931 -0.00800237 0.00769737 0.00154751 -0.0153127
internal_weight=14608 4159 4080 264 86 59 3816 420 241 93 53 148 3396 3074 322 87 61 1646 61 1585 1565 64 44 1428 1049 733 470 263 213 316
internal_count=14608 4159 4080 264 86 59 3816 420 241 93 53 148 3396 3074 322 87 61 1646 61 1585 1565 64 44 1428 1049 733 470 263 213 316
is_linear=0
shrinkage=0.05


Tree=288
num_leaves=31
num_cat=0
split_feature=19 19 14 12 5 19 8 19 19 8 7 4 5 13 8 3 4 8 19 15 12 8 3 9 15 3 3 18 3 19
split_gain=6.63062 16.2621 15.4591 15.4262 14.9491 12.4357 24.757 19.7567 32.3627 22.7601 19.3974 17.4731 15.9728 14.3247 17.7179 17.1843 14.1029 14.8016 13.5905 40.5308 27.3507 29.5642 18.2636 20.1376 20.56 12.8851 12.7107 21.3214 23.9798 12.272
threshold=2.3525000000000014 2.4450000000000043 22.790000000000003 8.9050000000000029 11.195000000000002 2.0375000000000019 0.032211500000000733 2.0025000000000017 1.8949999999999998 3.7669680000000003 254679.93500000003 1993937.3000000003 8.8350000000000026 8.4250000000000025 -4.0957182499999991 19.070220500000005 1338771.6500000001 0.81809999999999994 1.0400000000000011 33.547500000000007 9.6750000000000025 2.8518983500000004 11.793624750000001 40158.345000000008 22.647500000000004 13.976288000000002 17.075195000000004 3.6250000000000004 14.623703000000001 0.72000000000000253
decision_type=2 2 2 2 2 2 2 2 2 2 2 2 2 2 2 2 2 2 2 2 2 2 2 2 2 2 2 2 2 2
left_child=5 -2 3 -3 -5 7 10 8 18 -9 12 -12 -7 14 -10 -16 17 -8 29 20 21 22 -20 26 -25 -22 27 28 -24 -1
right_child=1 2 -4 4 -6 6 16 9 13 -11 11 -13 -14 -15 15 -17 -18 -19 19 -21 25 -23 23 24 -26 -27 -28 -29 -30 -31
leaf_value=-0.00028472773707787988 0.024241107586724098 0.0046374084367783053 0.00052768456237723164 0.054994411426337646 0.012738231945782899 -0.0076642935050696866 -0.039512567694247186 0.0096702388688597787 -0.0082782743080646141 0.06477508278829712 -0.020521370398394842 0.018811781941913071 0.030120979090729222 0.00063191091745264008 -0.071140041437588244 -0.01951774211400854 0.0103361279452737 -0.013749089392245209 0.048373436006276235 -0.016051222727896566 0.010481373818517414 0.073504792072850725 -0.057495829108215518 0.019223062131045895 -0.044876733062596159 -0.0061719084922189534 0.024013931835624613 0.031409608957668145 0.0047202131979293752 -0.0080580753541931432
leaf_weight=7819 79 178 3816 36 50 41 72 174 44 21 96 40 88 45 38 28 45 247 38 188 205 23 21 22 29 268 210 45 59 543
leaf_count=7819 79 178 3816 36 50 41 72 174 44 21 96 40 88 45 38 28 45 247 38 188 205 23 21 22 29 268 210 45 59 543
internal_value=8.37924e-05 0.00177227 0.00133721 0.0130385 0.0304269 -0.000588269 -0.00740377 -0.000151716 -0.000470935 0.0156046 0.004222 -0.0089528 0.0181117 -0.0231331 -0.0328551 -0.0492397 -0.0158676 -0.019564 -0.000100013 0.00510352 0.00942645 0.0182947 0.0152998 0.0120438 -0.0172258 0.00104569 0.0164998 0.0038761 -0.0116115 -0.000789503
internal_weight=14608 4159 4080 264 86 10449 629 9820 9625 195 265 136 129 155 110 66 364 319 9470 1108 920 447 424 386 51 473 335 125 80 8362
internal_count=14608 4159 4080 264 86 10449 629 9820 9625 195 265 136 129 155 110 66 364 319 9470 1108 920 447 424 386 51 473 335 125 80 8362
is_linear=0
shrinkage=0.05


Tree=289
num_leaves=31
num_cat=0
split_feature=19 19 14 12 5 8 12 9 13 8 12 5 12 15 13 13 14 15 19 9 3 3 7 7 5 4 17 14 7 14
split_gain=5.98414 14.6766 13.9519 13.9221 13.5094 12.8051 11.8828 11.5855 16.6436 32.3334 27.2978 16.3357 18.6281 16.2077 12.7908 14.3869 21.2486 13.5566 15.8491 17.5582 17.8114 23.2058 18.4973 19.6529 18.3328 15.5108 14.9763 14.2834 14.243 22.2802
threshold=2.3525000000000014 2.4450000000000043 22.790000000000003 8.9050000000000029 11.245000000000003 -0.94464099999999973 22.910000000000004 -357709.10000000003 5.7150000000000007 -0.034316999999999702 1.0050000000000001 0.99500000000000011 7.5650000000000004 33.452500000000008 14.640000000000002 13.470000000000002 24.045000000000005 19.145000000000007 5.4800000000000031 -188483.75000000009 24.111328000000004 24.709060500000003 2493538.3500000006 1605802.2000000002 9.0050000000000008 942537.9800000001 24.632500000000004 26.090000000000007 244484.26500000004 33.437500000000007
decision_type=2 2 2 2 2 2 2 2 2 2 2 2 2 2 2 2 2 2 2 2 2 2 2 2 2 2 2 2 2 2
left_child=-1 -2 3 -3 -5 -6 7 8 9 10 -4 -11 13 -13 15 16 -9 -18 19 25 22 -22 23 27 -25 -19 -20 -21 -28 -30
right_child=1 2 6 4 5 -7 -8 14 -10 11 -12 12 -14 -15 -16 -17 17 18 26 20 21 -23 -24 24 -26 -27 28 -29 29 -31
leaf_value=-0.00055885551225765733 0.023029052124276195 0.0044055380337228054 0.025690924971771074 0.051710855653761212 0.040001335536891766 -0.011387264314624999 -0.031382786354114268 -0.025060228472575549 -0.002868758792879695 -0.026082202097451365 0.090582546591758739 0.048681848868727687 -0.015088438971015888 -0.00091752977875460468 0.012377527758577152 -0.020796963611743255 -0.0094729525636758592 0.011409147363156081 0.0011421656496113969 0.029990026969462638 0.068335912137159283 0.013448182201205656 0.040277258501472797 -0.0064432527393449186 -0.064386831931769847 -0.044393315945159308 -0.0038603523366087158 0.0026219821287625719 -0.05624514046909386 -0.011330851592068182
leaf_weight=10449 79 178 71 37 22 27 29 85 179 37 21 40 39 28 190 89 318 20 808 50 21 232 33 43 20 33 266 1025 38 101
leaf_count=10449 79 178 71 37 22 27 29 85 179 37 21 40 39 28 190 89 318 20 808 50 21 232 33 43 20 33 266 1025 38 101
internal_value=7.96027e-05 0.00168365 0.00127035 0.0123866 0.0289055 0.0116852 0.0005013 0.000745462 0.00862861 0.0173491 0.0405031 0.0025562 0.0124592 0.0282586 -0.000224736 -0.000977229 -0.000406923 0.00028973 0.00144383 0.00492188 0.00597361 0.0180041 0.00337437 0.00230425 -0.024838 -0.0233358 -0.00279119 0.00389491 -0.0106385 -0.0236096
internal_weight=14608 4159 4080 264 86 49 3816 3787 415 236 92 144 107 68 3372 3182 3093 3008 2690 1477 1424 253 1171 1138 63 53 1213 1075 405 139
internal_count=14608 4159 4080 264 86 49 3816 3787 415 236 92 144 107 68 3372 3182 3093 3008 2690 1477 1424 253 1171 1138 63 53 1213 1075 405 139
is_linear=0
shrinkage=0.05


Tree=290
num_leaves=31
num_cat=0
split_feature=3 7 7 8 6 0 3 17 15 19 16 7 3 6 17 19 19 19 15 7 13 18 16 3 3 17 0 4 0 6
split_gain=14.661 13.2664 26.6664 23.3139 32.0114 21.831 48.2336 19.0661 18.4432 21.0389 16.8511 17.5368 18.2402 19.8323 16.0932 16.089 30.0018 27.3525 22.0334 15.892 15.4081 15.0661 14.4508 14.024 14.8066 17.2009 15.2477 12.0336 21.3343 19.8147
threshold=26.904694000000003 1773237.3500000003 2020443.0000000002 -0.10778849999999894 24.358871000000004 29.500000000000004 13.912460000000001 34.507500000000007 24.172500000000003 5.892500000000001 38.490000000000009 2326576.9000000004 12.367767500000001 15.596039000000003 21.830000000000002 0.3275000000000024 -0.98499999999999932 -1.8575000000000015 22.722500000000004 2430452.5000000005 2.9600000000000004 17.902500000000003 34.975000000000009 10.871643000000002 20.072204500000002 30.557500000000001 27.500000000000004 1993937.3000000003 29.500000000000004 15.596039000000003
decision_type=2 2 2 2 2 2 2 2 2 2 2 2 2 2 2 2 2 2 2 2 2 2 2 2 2 2 2 2 2 2
left_child=1 -1 5 15 10 7 -7 8 -3 -10 11 12 -5 -14 19 16 17 18 -4 -12 -17 -20 -22 -13 25 -25 -27 -16 29 -29
right_child=-2 2 3 4 -6 6 -8 -9 9 -11 14 23 13 -15 27 20 -18 -19 21 -21 22 -23 -24 24 -26 26 -28 28 -30 -31
leaf_value=-0.00040797825035583261 0.0039894051164682184 -0.004843499159400977 0.026879901399037672 -0.0060193124123745501 -0.044538009415070218 -0.094118832948583142 -0.012013780452170462 0.028111771121621134 -0.043768829661478971 0.0052473612378040949 -0.07231889434158803 0.034046365952928592 0.077184423276533687 0.011461172794753855 -0.01997485230100297 0.024325994773045978 -0.043443597088518901 0.052911488253336691 -0.029186161879950497 -0.013034998152691586 0.013959314099006487 0.016297617897391321 -0.027616700665517288 -0.053957865405111362 0.023926976867020132 0.010784381226532989 -0.039260062409321901 0.035247757894044017 -0.038817219981164851 -0.004588962607302292
leaf_weight=11618 1682 189 42 27 54 27 53 29 81 30 20 21 24 22 105 169 38 26 67 26 57 25 33 26 25 45 23 49 27 86
leaf_count=11618 1682 189 42 27 54 27 53 29 81 30 20 21 24 22 105 169 38 26 67 26 57 25 33 26 25 45 23 49 27 86
internal_value=-0.000404392 -0.000970097 -0.00548648 -0.00122225 -0.00787701 -0.0162982 -0.0397242 -0.0106019 -0.0143443 -0.0305212 -0.00411333 0.00673526 0.0266034 0.0457516 -0.0114959 0.00722361 -0.00350624 0.00597889 -0.00312744 -0.0388106 0.0154263 -0.0168264 -0.00128522 -0.00362458 -0.0102724 -0.019368 -0.00614242 -0.00679002 0.00175571 0.00987029
internal_weight=14746 13064 1446 1037 580 409 80 329 300 111 526 213 73 46 313 457 198 160 134 46 259 92 90 140 119 94 68 267 162 135
internal_count=14746 13064 1446 1037 580 409 80 329 300 111 526 213 73 46 313 457 198 160 134 46 259 92 90 140 119 94 68 267 162 135
is_linear=0
shrinkage=0.05


Tree=291
num_leaves=31
num_cat=0
split_feature=3 7 7 17 17 15 7 16 7 12 7 16 8 15 15 3 15 5 9 3 19 3 16 16 7 14 12 12 6 9
split_gain=13.2316 11.973 24.2002 21.518 40.2439 20.451 38.1235 19.5669 20.0778 19.091 18.2581 18.8291 17.6638 19.575 17.4009 16.7696 18.6939 14.4373 14.3041 17.6089 15.7323 13.7305 11.972 16.7837 14.7951 11.6193 11.754 19.6965 13.7473 20.4166
threshold=26.904694000000003 1773237.3500000003 2005839.2000000004 34.507500000000007 31.377500000000005 22.885000000000002 2700350.8000000003 46.312500000000007 2038169.8000000003 13.995000000000003 2430452.5000000005 33.957500000000003 -2.8390807999999996 15.172500000000001 20.892500000000005 9.4235385000000012 23.932500000000005 7.6850000000000014 -72326.539999999994 12.157974500000002 -0.83000000000000085 17.183716000000004 46.51250000000001 48.497500000000009 2233184.6500000004 22.612500000000001 18.400000000000002 14.185 28.223526000000003 46279.799999999937
decision_type=2 2 2 2 2 2 2 2 2 2 2 2 2 2 2 2 2 2 2 2 2 2 2 2 2 2 2 2 2 2
left_child=1 -1 3 4 9 6 7 8 -4 12 11 -10 -3 -14 -8 -7 -17 -13 -15 -20 -21 -22 -18 -24 -25 26 27 28 29 -2
right_child=25 2 5 -5 -6 15 14 -9 10 -11 -12 17 13 18 -16 16 22 -19 19 20 21 -23 23 24 -26 -27 -28 -29 -30 -31
leaf_value=-0.00038757934631393823 0.011353277175798329 -0.055014838928001977 0.033059249265352267 0.023947474793080362 -0.071209206322536744 -0.039015545404475667 -0.01841843365314039 0.02706404541335676 -0.0063597303614593469 -0.061266625020653012 0.017557951668277384 -0.024590205581968325 0.037800507617860357 -0.00087559428310243206 -0.066284742531103974 0.032110272610693109 0.0074295830923625395 -0.075240481582780683 0.014262499530678211 -0.001180405989289284 -0.082304592765867712 -0.032340115037831393 -0.038953547379659385 -0.023847964001886018 0.0055603445491506538 0.0015257770977300392 0.043229599773055981 -0.025015204458644514 0.0027608863523472913 0.04994212346989662
leaf_weight=11618 109 21 24 31 34 23 37 46 65 20 32 34 22 143 39 56 412 24 23 25 20 44 34 56 181 1297 27 38 161 50
leaf_count=11618 109 21 24 31 34 23 37 46 65 20 32 34 22 143 39 56 412 24 23 25 20 44 34 56 181 1297 27 38 161 50
internal_value=-0.000384172 -0.000921592 -0.00521216 -0.0159883 -0.0195054 -0.0013295 -0.0123641 -0.00202222 -0.0094969 -0.0139773 -0.0160862 -0.0248392 -0.0108035 -0.00745173 -0.0429814 0.00302929 0.00433786 -0.0455489 -0.0113558 -0.0247369 -0.0348154 -0.047954 0.00206077 -0.00610142 -0.00138845 0.00378993 0.0114175 0.00901826 0.0130597 0.0234881
internal_weight=14746 13064 1446 383 352 1063 301 225 179 318 155 123 298 277 76 762 739 58 255 112 89 64 683 271 237 1682 385 358 320 159
internal_count=14746 13064 1446 383 352 1063 301 225 179 318 155 123 298 277 76 762 739 58 255 112 89 64 683 271 237 1682 385 358 320 159
is_linear=0
shrinkage=0.05


Tree=292
num_leaves=31
num_cat=0
split_feature=6 12 1 0 5 3 6 15 12 8 3 15 0 15 3 8 5 8 8 15 6 3 0 4 15 0 4 0 6 15
split_gain=12.1819 28.974 14.7514 12.7949 18.0223 12.3758 10.9283 12.1566 16.3682 12.9661 10.7516 10.7213 19.0984 10.023 10.007 8.83068 8.66713 18.9553 10.7656 10.9178 11.3702 17.4199 9.76054 20.7143 9.52691 15.9264 17.3856 15.2333 8.5732 8.4659
threshold=29.371887500000003 18.005000000000006 2.5000000000000004 29.500000000000004 12.465000000000002 30.079010000000004 28.869583000000002 13.050000000000002 7.7650000000000006 0.14906350000000049 28.613800000000005 13.787500000000001 22.500000000000004 22.760000000000002 6.7875672000000007 0.7814180000000005 1.0050000000000001 -4.4912414999999992 -2.5274049999999995 42.492500000000007 11.857910000000002 13.358978500000001 20.500000000000004 204461.75000000003 29.065000000000005 25.500000000000004 2437751.7500000005 29.500000000000004 28.110657000000003 14.195000000000002
decision_type=2 2 2 2 2 2 2 2 2 2 2 2 2 2 2 2 2 2 2 2 2 2 2 2 2 2 2 2 2 2
left_child=5 2 3 -2 -5 6 7 8 -1 14 -4 12 -9 -8 -10 -11 17 -13 -19 20 22 -22 23 -20 27 -26 -27 -23 -16 -18
right_child=1 -3 10 4 -6 -7 13 11 9 15 -12 16 -14 -15 28 -17 29 18 19 -21 21 24 -24 -25 25 26 -28 -29 -30 -31
leaf_value=0.047698992591064714 -0.016693019544624765 0.052098177349441416 0.039437460782937708 0.030140224899249998 -0.021173724585345815 0.033843868827590572 -0.019003645590010245 -0.023907354735825777 0.027117004188207477 0.042857359852077385 0.0082226162836886944 -0.044547608648727255 0.0048990442748546754 0.014327397149194171 -0.011925343300652935 0.007502627647236775 0.010188777170965058 0.022468551003008284 -0.0075379983588520971 0.03005124069750309 -0.05763596072793007 -0.011551396007874583 -0.0057026027466288249 0.055764687930544225 -0.011921076793426081 0.051380480396059851 -0.0082972574655128563 -0.053986726390818751 0.020765969809144736 -0.0004434394129962642
leaf_weight=26 115 34 32 44 28 26 137 132 26 33 200 31 102 27 122 38 190 35 28 20 20 178 87 24 92 26 23 24 24 12822
leaf_count=26 115 34 32 44 28 26 137 132 26 33 200 31 102 27 122 38 190 35 28 20 20 178 87 24 92 26 23 24 24 12822
internal_value=-0.000364964 0.00770744 0.00410532 -0.00634434 0.0101848 -0.000620809 -0.000683617 -0.00053439 0.00999294 0.00595854 0.0125281 -0.000739092 -0.0113507 -0.0135162 -0.00146201 0.0239351 -0.00055651 -0.00649426 -0.00437638 -0.00617633 -0.00761966 -0.0122761 0.00454073 0.0216786 -0.00963123 0.00034267 0.0233685 -0.0165932 -0.00655143 -0.000288189
internal_weight=14746 453 419 187 72 14293 14267 14103 269 243 232 13834 234 164 172 71 13600 588 557 522 502 363 139 52 343 141 49 202 146 13012
internal_count=14746 453 419 187 72 14293 14267 14103 269 243 232 13834 234 164 172 71 13600 588 557 522 502 363 139 52 343 141 49 202 146 13012
is_linear=0
shrinkage=0.05


Tree=293
num_leaves=31
num_cat=0
split_feature=3 7 7 15 8 8 8 14 12 1 0 19 8 1 12 15 9 9 9 8 8 6 12 19 15 1 8 8 6 6
split_gain=11.282 10.4793 22.5408 16.1741 15.7637 20.4296 25.4511 26.1443 21.9734 17.8948 17.5545 17.1028 21.0396 19.8461 19.7636 16.2436 13.5225 13.4075 16.2555 19.2596 20.8172 16.4196 15.6405 15.5568 14.8642 15.7498 18.6478 12.7158 12.2085 21.2767
threshold=26.904694000000003 1773237.3500000003 1807931.1000000003 43.037500000000001 5.7915344350000009 2.6121675999999998 2.07623325 34.777500000000011 7.1450000000000005 5.5000000000000009 29.500000000000004 -1.8849999999999996 -0.10778849999999894 4.5000000000000009 9.0050000000000008 26.875000000000004 -173710.04999999973 440344.74999999994 -77043.200000000055 -1.7682189999999995 -0.7448119999999977 23.798157000000003 6.8850000000000007 -0.40499999999999575 34.545000000000009 1.5000000000000002 -3.5253752999999994 0.79863000000000117 13.544097500000001 11.788665500000002
decision_type=2 2 2 2 2 2 2 2 2 2 2 2 2 2 2 2 2 2 2 2 2 2 2 2 2 2 2 2 2 2
left_child=1 -1 16 4 5 6 10 -8 -9 -7 17 14 13 15 -12 -13 -3 18 24 -20 -21 -22 -23 -19 25 -4 -27 -26 29 -28
right_child=-2 2 3 -5 -6 9 7 8 -10 -11 11 12 -14 -15 -16 -17 -18 23 19 20 21 22 -24 -25 27 26 28 -29 -30 -31
leaf_value=-0.00034337215433604692 0.0035076260154482141 -0.014437118110307044 -0.010132106793219154 0.041024011593544858 -0.046250020848079165 0.0063787232292121026 0.0096981314861256159 -0.089214074425399303 -0.0228686366803371 0.054117047786712648 -0.066542784603370819 0.0026147165846440099 -0.029965451170855598 -0.026265788831989524 -0.0078539840447214935 0.058072581259614758 -0.064428260611991084 0.037512192146285726 0.014959960244596004 -0.07240459982305765 -0.0034848270320950395 -0.072920700943186173 -0.012594176956388932 -0.00036591381455461185 -0.0077314892727881673 0.050324951484799388 0.004590731164190307 -0.054904182832688102 0.010869441652101179 -0.049460923850536354
leaf_weight=11618 1682 31 158 20 22 134 23 24 26 23 32 31 62 27 26 23 24 46 38 20 77 21 22 66 50 25 67 20 283 25
leaf_count=11618 1682 31 158 20 22 134 23 24 26 23 32 31 62 27 26 23 24 46 38 20 77 21 22 66 50 25 67 20 283 25
internal_value=-0.000346715 -0.000842965 -0.00485698 -0.00361565 -0.00426685 -0.00358217 -0.00581526 -0.0344201 -0.0547144 0.0133722 -0.00394917 -0.0173327 -0.00804412 0.00873518 -0.040234 0.0262357 -0.0362514 -0.00101878 -0.00327128 -0.0166087 -0.0251774 -0.0173062 -0.042056 0.0151912 0.000509078 0.00323362 0.00851308 -0.0212094 0.00572562 -0.0100972
internal_weight=14746 13064 1446 1391 1371 1349 1192 73 50 157 1119 201 143 81 58 54 55 918 806 178 140 120 43 112 628 558 400 70 375 92
internal_count=14746 13064 1446 1391 1371 1349 1192 73 50 157 1119 201 143 81 58 54 55 918 806 178 140 120 43 112 628 558 400 70 375 92
is_linear=0
shrinkage=0.05


Tree=294
num_leaves=31
num_cat=0
split_feature=6 12 9 8 18 17 7 3 16 3 6 15 12 8 15 0 15 3 8 6 13 19 9 19 19 16 0 6 18 19
split_gain=10.3788 26.5034 16.1312 22.268 19.3982 16.0996 11.8369 20.8993 14.2232 11.0334 10.2241 10.7624 14.618 11.6365 9.80027 17.1769 9.09812 9.06187 7.91001 7.70262 7.61362 15.2035 23.0471 17.7749 22.7392 20.1076 15.411 22.4065 25.4664 21.3806
threshold=29.371887500000003 19.315000000000001 -671777.45000000007 -1.4714055000000006 3.0674999999999994 14.285000000000002 2366693.0000000005 29.928634500000005 24.837500000000002 30.079010000000004 28.869583000000002 13.050000000000002 7.7650000000000006 0.14906350000000049 13.787500000000001 22.500000000000004 22.760000000000002 6.7875672000000007 0.7814180000000005 28.110657000000003 8.1050000000000022 2.0624999999999987 68571.400000000067 -0.60000000000000131 -0.027499999999999854 31.490000000000006 14.500000000000002 5.3152465000000007 0.81250000000000189 3.142499999999997
decision_type=2 2 2 2 2 2 2 2 2 2 2 2 2 2 2 2 2 2 2 2 2 2 2 2 2 2 2 2 2 2
left_child=9 2 -2 4 -4 -5 8 -8 -7 10 11 12 -1 17 15 -13 -12 -14 -15 -19 -16 22 23 -22 -25 -26 27 28 -23 -28
right_child=1 -3 3 5 -6 6 7 -9 -10 -11 16 14 13 18 20 -17 -18 19 -20 -21 21 26 -24 24 25 -27 29 -29 -30 -31
leaf_value=0.045057968336802263 -0.033028056417350418 0.060651939785615963 0.070753632641086972 -0.012398115406503459 0.0049512913539296113 0.048998521843126842 -0.035450132269292105 0.011030095642940566 0.009463870101250136 0.031976294230956298 -0.018265208153455198 -0.0227269101141825 0.025778322566587193 0.040550780402554665 -0.0011099743890274516 0.0045919756382228989 0.01349078176405143 -0.011354521231260151 0.0070897752419114115 0.019632520433515311 -0.0042821442452317419 0.070925411958281379 0.02732926633599031 0.035664850496686995 0.018370491792353793 -0.001716646714651558 -0.023618792959565954 0.00074072163726357542 0.01274854956601543 -0.0021974334599828022
leaf_weight=26 27 22 24 118 21 35 31 110 65 26 137 132 26 33 10733 102 27 122 38 24 401 24 117 72 198 336 133 561 87 938
leaf_count=26 27 22 24 118 21 35 31 110 65 26 137 132 26 33 10733 102 27 122 38 24 401 24 117 72 198 336 133 561 87 938
internal_value=-0.00032938 0.0071217 0.00438929 0.00688996 0.0400459 0.00273392 0.010143 0.000811038 0.023301 -0.000565533 -0.000624837 -0.000480498 0.00942476 0.00561215 -0.000673104 -0.0108187 -0.0130371 -0.00141764 0.0226421 -0.00626076 -0.000498541 0.00179044 0.00632457 0.0038841 0.00928784 0.00573139 -0.00113346 0.0048019 0.0253273 -0.0048576
internal_weight=14746 453 431 404 45 359 241 141 100 14293 14267 14103 269 243 13834 234 164 172 71 146 13600 2867 1124 1007 606 534 1743 672 111 1071
internal_count=14746 453 431 404 45 359 241 141 100 14293 14267 14103 269 243 13834 234 164 172 71 146 13600 2867 1124 1007 606 534 1743 672 111 1071
is_linear=0
shrinkage=0.05


Tree=295
num_leaves=31
num_cat=0
split_feature=9 17 15 5 0 9 0 4 3 4 4 5 6 18 15 3 4 7 13 4 6 17 12 15 18 17 8 8 8 14
split_gain=5.96234 15.2688 19.8827 14.3565 5.70211 19.173 17.1566 26.8622 26.5075 15.9024 21.4995 39.6261 41.3588 17.542 15.8619 19.4311 33.3575 16.3707 18.3417 21.0126 21.4651 19.9651 16.4018 15.5753 14.4683 13.4822 27.3311 17.6716 13.2739 51.3558
threshold=1556975.3800000001 25.370000000000001 32.150000000000013 12.135000000000003 25.500000000000004 -1923529.3499999999 29.500000000000004 2548279.3500000006 18.580734000000003 2373372.2500000005 1935653.7000000004 14.325000000000001 28.110657000000003 3.9450000000000007 19.492500000000003 18.398636000000003 1440542.0500000003 984658.25000000012 2.0050000000000003 1579050.4000000001 15.771469500000002 21.737500000000001 8.7350000000000012 24.980000000000004 4.222500000000001 20.375000000000004 0.68756049999999835 1.04965215 -2.696486999999999 55.695000000000007
decision_type=2 2 2 2 2 2 2 2 2 2 2 2 2 2 2 2 2 2 2 2 2 2 2 2 2 2 2 2 2 2
left_child=4 3 -3 -2 5 -1 14 9 -9 10 28 -12 -13 -11 15 -6 -17 -16 19 -19 21 -21 23 -22 -18 -20 -27 -28 29 -8
right_child=1 2 -4 -5 6 -7 7 8 -10 13 11 12 -14 -15 17 16 24 18 25 20 22 -23 -24 -25 -26 26 27 -29 -30 -31
leaf_value=-0.04146345004696271 0.036895240963293385 -0.041955774507739331 0.0086471626255661248 -0.0097740158599077011 -0.014673508292279867 -0.00073294393152582274 0.0044839001355692744 -0.078076614510445369 -0.010280761979115399 0.054643740571503133 -0.004163111066258194 -0.10655809054997833 -0.0084584495850971771 -0.005019057440486821 0.035457151657300852 0.060048391297459605 0.0065198242121509145 -0.0018448693184321052 0.016455930516428748 0.010294854680874519 0.040539786071991019 0.052866050875745724 -0.018512775440624841 0.0071822976577095689 -0.030540777550589655 0.0045436379209649368 -0.074908674834296113 -0.017804929120687856 -0.0002899216039395318 0.076201959212238976
leaf_weight=29 26 55 30 45 164 7825 625 21 46 28 149 22 21 22 62 27 175 134 71 42 53 80 37 103 31 122 20 42 4505 26
leaf_count=29 26 55 30 45 164 7825 625 21 46 28 149 22 21 22 62 27 175 134 71 42 53 80 37 103 31 122 20 42 4505 26
internal_value=-7.66489e-05 -0.0097994 -0.0240959 0.00731613 2.80845e-05 -0.000883337 0.00110809 -6.54228e-05 -0.0315302 0.000325118 6.27118e-05 -0.0163657 -0.058649 0.0283921 0.00662251 -0.00148852 0.0077919 0.0108263 0.00865708 0.0147391 0.0217939 0.0382104 0.0114166 0.0185153 0.000942743 -0.0020521 -0.00919379 -0.0362255 0.000674475 0.00734822
internal_weight=14638 156 85 71 14482 7854 6628 5465 67 5398 5348 192 43 50 1163 397 233 766 704 449 315 122 193 156 206 255 184 62 5156 651
internal_count=14638 156 85 71 14482 7854 6628 5465 67 5398 5348 192 43 50 1163 397 233 766 704 449 315 122 193 156 206 255 184 62 5156 651
is_linear=0
shrinkage=0.05


Tree=296
num_leaves=31
num_cat=0
split_feature=6 12 6 19 18 19 0 13 6 0 9 19 8 5 4 14 6 19 2 13 14 18 6 0 16 14 4 4 0 8
split_gain=5.88141 9.49907 7.72773 7.28852 10.4089 10.4122 7.72394 6.90261 10.8412 16.3006 11.1239 18.8047 16.3785 16.0293 16.4613 14.6314 18.6555 13.8238 11.5812 11.9045 11.5357 15.2781 11.3052 12.2346 11.2625 25.0394 16.4777 13.9274 11.5621 11.2267
threshold=2.7368622000000005 16.525000000000002 3.3015136500000004 -7.9224999999999994 -4.1099999999999968 2.1424999999999987 10.500000000000002 8.1050000000000022 4.063492000000001 14.500000000000002 -4.9777773499999993 1.0199999999999998 -6.2854004999999988 11.465000000000002 2054542.2500000002 30.557500000000001 11.106460500000003 -3.4825000000000013 1.0000000180025095e-35 14.640000000000002 32.172500000000007 1.0000000180025095e-35 16.2450565 34.500000000000007 23.277500000000003 27.350000000000005 315675.50000000006 2163822.0000000005 10.500000000000002 -1.9946139999999992
decision_type=2 2 2 2 2 2 2 2 2 2 2 2 2 2 2 2 2 2 2 2 2 2 2 2 2 2 2 2 2 2
left_child=1 -1 3 -2 -5 6 -6 -4 9 -9 15 12 -12 24 18 -10 -17 -14 19 -15 29 -22 23 -18 25 28 -26 -28 -13 -19
right_child=2 -3 7 4 5 -7 -8 8 10 -11 11 13 17 14 -16 16 22 20 -20 -21 21 -23 -24 -25 26 -27 27 -29 -30 -31
leaf_value=0.0035192883146118823 0.016165369262241505 0.032542242901399732 -0.00067548241531525076 -0.044843074795790021 -0.020146093294024468 -0.022999925613045119 0.017464518864357539 0.049387707089384399 -0.012235804657084924 -0.00020841405903165405 -0.030312263135882939 -0.013394557293504479 0.0040180242510665801 -0.0089863830592976559 -0.049425993785262107 -0.026745876854078639 0.0074365440716451792 0.043158089893835565 0.016856554936384782 0.007628434141182229 0.050286538083655907 0.009211859034581318 0.0015651898138019161 0.047156060916004765 0.0047473602543808141 0.014999353688298947 0.041447029302362354 -0.0012593138829938002 -0.067158168479800232 0.0080805110944701091
leaf_weight=468 22 30 11259 24 20 65 43 30 297 37 22 20 205 506 20 45 47 27 64 137 61 36 199 33 624 42 60 28 20 147
leaf_count=468 22 30 11259 24 20 65 43 30 297 37 22 20 205 506 20 45 47 27 64 137 61 36 199 33 624 42 60 28 20 147
internal_value=-7.28164e-05 0.00526766 -0.000260904 -0.010733 -0.0146262 -0.00896049 0.00552464 -0.000130434 0.00213654 0.0219988 0.00163246 0.00343247 0.0118655 0.000671346 -0.00469287 -0.00421974 0.00312832 0.0138149 -0.00342743 -0.00544637 0.0212259 0.0350423 0.00794674 0.0238208 0.00558291 -0.0119644 0.00760381 0.0278586 -0.0402764 0.0135236
internal_weight=14638 498 14140 174 152 128 63 13966 2707 67 2640 2019 498 1521 727 621 324 476 707 643 271 97 279 80 794 82 712 88 40 174
internal_count=14638 498 14140 174 152 128 63 13966 2707 67 2640 2019 498 1521 727 621 324 476 707 643 271 97 279 80 794 82 712 88 40 174
is_linear=0
shrinkage=0.05


Tree=297
num_leaves=31
num_cat=0
split_feature=5 7 19 17 3 19 7 17 18 19 7 3 16 3 18 16 6 17 0 6 6 7 17 8 19 7 19 0 3 19
split_gain=5.64853 16.9804 13.95 11.023 16.0168 13.1297 26.4794 43.925 31.7669 24.5626 18.6549 18.2593 17.2816 18.4578 17.1861 15.5624 40.4966 15.8292 15.5252 14.6729 21.3293 19.0503 15.7056 14.4098 16.4871 14.2786 13.4348 12.7833 25.3916 12.7007
threshold=14.325000000000001 1163771.5000000002 4.6625000000000041 35.247500000000009 12.949707000000002 -0.020000000000002235 700752.59500000009 22.610000000000003 -0.27000000000000129 1.5824999999999998 508422.41000000009 7.7665710000000008 55.280000000000008 27.085602000000005 -1.9124999999999994 28.422500000000003 5.8900147500000015 17.160000000000004 43.500000000000007 15.668212500000001 13.296570000000001 301945.36000000004 17.765000000000004 -0.70086634999999886 4.7724999999999982 68677.450000000012 1.8450000000000026 30.500000000000004 16.262436500000003 -0.31750000000000073
decision_type=2 2 2 2 2 2 2 2 2 2 2 2 2 2 2 2 2 2 2 2 2 2 2 2 2 2 2 2 2 2
left_child=-1 3 -3 5 -5 6 14 8 -8 11 15 -7 13 27 18 -11 -17 -18 29 20 -16 22 -21 -12 -25 -24 -19 28 -13 -2
right_child=1 2 -4 4 -6 9 7 -9 -10 10 23 12 -14 -15 19 16 17 26 -20 21 -22 -23 25 24 -26 -27 -28 -29 -30 -31
leaf_value=0.00035511407946595911 -0.0082666290670824361 -0.019448452857121455 0.0074966089202656008 -0.045073178331508784 0.0079840930551290518 0.0089935503065489333 0.027386608224894322 -0.026824375504458493 0.10517379462364174 -0.0035920050571259764 0.016785669721888774 -0.034024005149286697 0.0085576543295666427 6.7257952383335903e-06 0.01125306239036817 0.07748294120485133 0.044774578228868822 0.037215231607357666 -0.047225060694567535 0.01358403465584726 0.057031027972698212 0.024416036768911447 -0.011096490405034274 -0.035956664934754377 -0.0016917459269858558 -0.058014343285079428 0.0023227713543937998 -0.037433191471300122 0.032561845658347015 0.030279672797769309
leaf_weight=12336 195 226 61 33 25 77 35 22 21 291 33 41 52 68 142 22 27 30 23 37 31 49 50 75 66 24 343 157 22 24
leaf_count=12336 195 226 61 33 25 77 35 22 21 291 33 41 52 68 142 22 27 30 23 37 31 49 50 75 66 24 343 157 22 24
internal_value=-6.91757e-05 -0.00234287 -0.0137215 -0.000722195 -0.0222037 -8.55446e-05 0.00570185 0.033039 0.0565568 -0.00298368 0.00172148 -0.012992 -0.0179711 -0.022761 0.00199351 0.00530355 0.0114377 0.0078052 -0.00814652 0.00936253 0.0194561 -0.00155109 -0.013014 -0.0129568 -0.0199178 -0.0263131 0.00512914 -0.0297983 -0.0107718 -0.00404238
internal_weight=14638 2302 287 2015 58 1957 653 78 56 1304 887 417 340 288 575 713 422 400 242 333 173 160 111 174 141 74 373 220 63 219
internal_count=14638 2302 287 2015 58 1957 653 78 56 1304 887 417 340 288 575 713 422 400 242 333 173 160 111 174 141 74 373 220 63 219
is_linear=0
shrinkage=0.05


Tree=298
num_leaves=31
num_cat=0
split_feature=6 12 6 0 9 0 4 14 4 4 5 3 5 1 14 15 14 6 6 4 9 3 12 9 17 4 1 4 1 15
split_gain=5.25837 8.61826 6.99994 6.80646 17.0172 13.5517 27.2134 33.3672 14.9021 21.2691 36.9437 48.3933 13.899 12.2002 11.9398 21.7806 20.04 17.311 24.7229 17.0059 18.0782 16.632 14.196 23.7331 14.5346 13.2201 14.0341 18.4552 14.8033 12.3203
threshold=2.7368622000000005 17.260000000000002 3.3015136500000004 25.500000000000004 -1923529.3499999999 29.500000000000004 2548279.3500000006 34.292500000000011 2373372.2500000005 1935653.7000000004 14.325000000000001 28.477432000000004 7.6850000000000014 2.5000000000000004 33.827500000000008 19.897500000000004 34.597500000000004 18.400802500000005 9.3979950000000017 1426600.8500000003 -646912.65000000002 18.247574000000004 9.1050000000000022 -551940.69999999984 25.370000000000001 2498799.5000000005 2.5000000000000004 2757755.2500000005 3.5000000000000004 36.862500000000004
decision_type=2 2 2 2 2 2 2 2 2 2 2 2 2 2 2 2 2 2 2 2 2 2 2 2 2 2 2 2 2 2
left_child=1 -1 -2 4 -4 14 8 -8 9 -7 -11 -12 -10 -9 17 -16 -17 18 -5 20 -19 22 23 -18 -24 -21 27 -27 -28 -25
right_child=2 -3 3 5 -6 6 7 13 12 10 11 -13 -14 -15 15 16 21 19 -20 25 -22 -23 24 29 -26 26 28 -29 -30 -31
leaf_value=0.0036385289007830959 -0.010210321876006309 0.037140124225988988 -0.039374258831657211 0.011391208544835326 -0.00099833323086045132 0.00079315184899463032 0.0045243927970146525 -0.087965774238109584 -0.0033316808064346726 -0.0042054127639667835 -0.11371367925778031 -0.0093657024204730991 0.047625296982005239 -0.034008169254626741 -0.026097323823986308 0.051184355036155982 0.00061764591534076065 0.010978075010990282 -0.016983496823924638 -0.0063820784184107793 0.063418432152657606 5.1776922440954614e-05 0.020502009118596714 0.049349240205261151 -0.030040787376463415 0.037748400103300814 0.055422404805018061 -0.019418929646781182 0.012217159494757653 0.015019500418880805
leaf_weight=478 174 20 29 121 7452 4957 39 20 23 153 20 25 32 22 35 35 58 42 210 153 27 175 33 89 25 20 31 48 55 37
leaf_count=478 174 20 29 121 7452 4957 39 20 23 153 20 25 32 22 35 35 58 42 210 153 27 175 33 89 25 20 31 48 55 37
internal_value=-6.57169e-05 0.00498397 -0.000243563 -0.000119389 -0.0011471 0.00106616 -1.96284e-05 -0.0287783 0.000427484 0.000151272 -0.0159184 -0.0557426 0.026316 -0.0597023 0.00587764 0.011902 0.0148444 0.00172789 -0.00661087 0.00906866 0.0314982 0.0117943 0.0202858 0.0270849 -0.00128368 0.00402749 0.0143695 -0.00260501 0.0277911 0.0392683
internal_weight=14638 498 14140 13966 7481 6485 5291 81 5210 5155 198 45 55 42 1194 487 452 707 331 376 69 417 242 184 58 307 154 68 86 126
internal_count=14638 498 14140 13966 7481 6485 5291 81 5210 5155 198 45 55 42 1194 487 452 707 331 376 69 417 242 184 58 307 154 68 86 126
is_linear=0
shrinkage=0.05


Tree=299
num_leaves=31
num_cat=0
split_feature=5 7 4 3 18 15 8 5 8 18 19 17 8 19 7 17 18 19 4 16 6 6 19 18 7 7 6 15 0 0
split_gain=5.03273 14.9785 13.4892 12.4293 10.9637 13.9395 12.3616 10.9205 10.3368 11.8468 15.1143 9.90895 15.6055 11.7811 23.9156 39.6529 28.6263 22.4597 18.7759 16.4978 35.1469 16.3338 16.0509 15.5745 15.5245 15.0464 14.1956 16.8042 17.8125 16.2422
threshold=14.325000000000001 1163771.5000000002 2373372.2500000005 13.912460000000001 -1.2624999999999991 21.737500000000001 1.2883605500000008 17.870000000000001 0.16862499999999961 0.97000000000000075 1.1599999999999986 35.247500000000009 0.56706300000000109 -0.020000000000002235 700752.59500000009 22.610000000000003 -0.27000000000000129 1.5824999999999998 2054542.2500000002 28.422500000000003 5.8900147500000015 5.7382050000000016 1.2349999999999979 -1.9124999999999994 844324.75000000012 21416.059500000003 26.582504000000004 20.707500000000003 39.500000000000007 30.500000000000004
decision_type=2 2 2 2 2 2 2 2 2 2 2 2 2 2 2 2 2 2 2 2 2 2 2 2 2 2 2 2 2 2
left_child=-1 11 3 -3 5 -5 8 -4 9 -6 -11 13 -13 14 23 16 -16 21 19 -19 -21 -15 26 -2 -22 -24 27 -23 29 -29
right_child=1 2 7 4 6 -7 -8 -9 -10 10 -12 12 -14 17 15 -17 -18 18 -20 20 24 22 25 -25 -26 -27 -28 28 -30 -31
leaf_value=0.00033806352622922143 -0.0077778720964623753 -0.053183023055846046 0.038839483305457091 -0.05251824934567724 0.020204793974757197 -0.0051867195737681226 -0.03583039987832308 -0.012785301614203491 0.02172353667648215 -0.055312689872724675 -0.004290403991422438 -0.04443143424578011 0.0077193480414839899 0.010218948174490414 0.026033530293830806 -0.025498384863815528 0.099875445592971082 -0.004916825681535706 -0.034765952390016001 0.069471759446289236 0.0085521436298260037 -0.0437662298946331 -0.067456896030516536 0.0088900567738579832 -0.028635574169456959 -0.019615439298961843 0.0086624060201444739 -0.003109755914192647 0.016277800188602313 -0.039981984523391086
leaf_weight=12336 242 22 21 35 25 28 30 20 38 21 47 32 26 67 35 22 21 365 34 23 435 48 27 333 30 42 67 64 46 56
leaf_count=12336 242 22 21 35 25 28 30 20 38 21 47 32 26 67 35 22 21 365 34 23 435 48 27 333 30 42 67 64 46 56
internal_value=-6.2431e-05 -0.00220861 -0.0128954 -0.0173208 -0.0137986 -0.031482 -0.00687896 0.0136567 -0.000248864 -0.00922683 -0.0200473 -0.000686468 -0.0210535 -8.28464e-05 0.00539929 0.0313794 0.0537242 -0.00282812 0.00167112 0.00312348 0.00913722 -0.0123984 -0.0167281 0.00187503 0.00615294 -0.038336 -0.0114222 -0.0177104 -0.0101761 -0.0203168
internal_weight=14638 2302 287 246 224 63 161 41 131 93 68 2015 58 1957 653 78 56 1304 887 853 488 417 350 575 465 69 281 214 166 120
internal_count=14638 2302 287 246 224 63 161 41 131 93 68 2015 58 1957 653 78 56 1304 887 853 488 417 350 575 465 69 281 214 166 120
is_linear=0
shrinkage=0.05


Tree=300
num_leaves=31
num_cat=0
split_feature=0 12 1 0 14 12 1 14 19 17 3 15 12 9 7 7 4 12 17 19 14 18 14 14 14 6 3 18 18 0
split_gain=6.8075 11.7098 9.25055 14.9221 10.54 8.94359 11.1469 11.4216 9.21059 10.6735 7.73464 8.20623 7.15726 22.7984 24.8398 22.2084 21.4396 15.6429 14.082 13.4166 12.7794 6.97066 10.9061 14.4515 9.07743 13.7677 7.29896 12.0092 6.74249 6.49727
threshold=6.5000000000000009 11.765000000000002 1.0000000180025095e-35 1.5000000000000002 50.215000000000011 9.3950000000000014 1.5000000000000002 49.31750000000001 1.0000000180025095e-35 34.932500000000012 26.146469500000006 24.9025 20.005000000000006 -205051.74999999997 866455.45000000007 1053902.7000000002 756713.25000000012 20.835000000000004 21.482500000000005 -1.4249999999999996 30.120000000000005 -15.572499999999996 32.437500000000007 32.172500000000007 34.597500000000004 8.2325895000000013 24.809814500000005 -1.2024999999999986 -20.197499999999998 44.500000000000007
decision_type=2 2 2 2 2 2 2 2 2 2 2 2 2 2 2 2 2 2 2 2 2 2 2 2 2 2 2 2 2 2
left_child=1 5 -3 -4 -5 6 7 10 9 -7 11 -1 29 16 17 -16 -14 18 -15 -19 -17 28 23 26 25 -24 -23 -28 -8 -2
right_child=12 2 3 4 -6 8 21 -9 -10 -11 -12 -13 13 14 15 20 -18 19 -20 -21 -22 22 24 -25 -26 -27 27 -29 -30 -31
leaf_value=-0.018311122248665861 0.0010498414755208923 -0.04238706764632038 0.015021157006144918 -0.010025039350406993 -0.051632735100777254 -0.004420198522701012 -0.0026908869170309867 -0.040422869377559234 0.011812071705673326 0.032596238108263134 0.013546588463442666 -0.00047199702411446546 -0.073134242322133933 -0.04905403595613806 0.067036060785705398 -0.023840331919491295 -0.0089701706791917492 0.026872231190403301 -0.0047608992440954729 -0.0091317954544058964 0.03200561910468553 0.0010478951597126223 0.018627863826060836 0.039700911373927679 -0.0014049198529812105 -0.025224609440192582 0.042620176504012841 -0.0037181226709098732 -0.02716653051514489 -0.0033505993382062838
leaf_weight=167 11316 28 38 45 23 268 68 31 222 21 35 105 23 38 22 20 30 36 34 92 21 415 22 29 433 96 29 27 48 906
leaf_count=167 11316 28 38 45 23 268 68 31 222 21 35 105 23 38 22 20 30 36 34 92 21 415 22 29 433 96 29 27 48 906
internal_value=8.58082e-05 -0.00251362 -0.0168262 -0.0100743 -0.0240982 -0.00156228 -0.00350282 -0.0114985 0.00415301 -0.00173042 -0.00857781 -0.0114247 0.000531554 -0.0068979 -0.000868989 0.0265096 -0.036815 -0.00949324 -0.0281378 0.000994337 0.00476369 -0.00118702 9.6783e-05 0.0054436 -0.00475514 -0.0170487 0.00333434 0.0202785 -0.0128187 0.000723643
internal_weight=14688 2150 134 106 68 2016 1505 338 511 289 307 272 12538 316 263 63 53 200 72 128 41 1167 1051 500 551 118 471 56 116 12222
internal_count=14688 2150 134 106 68 2016 1505 338 511 289 307 272 12538 316 263 63 53 200 72 128 41 1167 1051 500 551 118 471 56 116 12222
is_linear=0
shrinkage=0.05


Tree=301
num_leaves=31
num_cat=0
split_feature=12 9 8 8 14 6 12 0 12 5 12 1 14 18 1 0 14 19 15 19 17 19 6 13 0 8 13 19 6 14
split_gain=6.66035 12.1368 9.85674 20.7718 17.7611 10.1848 9.13812 6.41672 10.5681 8.64358 8.57293 8.76674 10.308 8.48904 8.34862 13.4672 9.51231 7.14799 9.52332 6.75301 6.88058 6.58968 9.37212 6.7723 6.735 6.1608 6.15744 11.3844 10.3133 8.68102
threshold=22.910000000000004 -159704.13999999993 0.49034099999999908 -0.21162450000000096 38.490000000000009 25.790603500000007 21.805000000000003 6.5000000000000009 11.765000000000002 14.885000000000003 9.3950000000000014 1.5000000000000002 49.31750000000001 -2.055000000000001 1.0000000180025095e-35 1.5000000000000002 50.215000000000011 2.6325000000000007 24.827500000000004 -3.1125000000000003 24.280000000000005 -2.5049999999999986 4.9537048500000003 9.5450000000000017 5.5000000000000009 0.56706300000000109 14.995000000000003 2.7175000000000016 26.146469500000006 39.452500000000008
decision_type=2 2 2 2 2 2 2 2 2 2 2 2 2 2 2 2 2 2 2 2 2 2 2 2 2 2 2 2 2 2
left_child=6 -2 3 5 -4 -3 7 8 9 10 11 12 -1 -12 -10 -16 -17 18 -15 20 -13 -21 -23 -24 -25 -22 -9 28 -28 -29
right_child=1 2 4 -5 -6 -7 -8 26 14 -11 13 19 -14 17 15 16 -18 -19 -20 21 25 22 23 24 -26 -27 27 29 -30 -31
leaf_value=-0.0081489159355314714 -0.041697606430030787 0.013391818372266634 -0.055015668515781206 0.049673526135406328 0.0085844120051225895 -0.035852098340789479 0.031674634551872381 0.00042234831054735347 -0.040267715117494975 0.022459659800940269 -0.007650498567043894 0.036911971006719842 -0.03840172598438879 0.00054597160722716419 0.014270098837656215 -0.0095237873515321148 -0.049051098849462432 0.025895923855916964 0.021408162420055412 -0.028163537621498109 -0.012162347040139139 0.01534686712679309 -0.0017632742531692889 -0.018669072041369004 0.010970057385123294 0.020759440929180497 -0.024333146438002589 0.010434328186709215 0.015660879009670611 0.040140494002750327
leaf_weight=307 26 21 21 21 23 21 23 12165 28 37 124 21 31 264 38 45 23 46 69 25 30 71 826 115 23 27 40 119 27 31
leaf_count=307 26 21 21 21 23 21 23 12165 28 37 124 21 31 264 38 45 23 46 69 25 30 71 826 115 23 27 40 119 27 31
internal_value=8.15177e-05 -0.0110567 -0.0036113 0.00907108 -0.0217702 -0.0112301 0.000183296 0.000133455 -0.00238794 -0.00148417 -0.00193183 -0.00385294 -0.0109236 0.00370547 -0.0159849 -0.00957058 -0.0228933 0.00742088 0.00486877 -0.00175287 0.012446 -0.0027977 -0.00218499 -0.00347624 -0.0137292 0.00343218 0.000571267 0.00891962 -0.00821615 0.0165736
internal_weight=14688 133 107 63 44 42 14555 14532 2150 2016 1979 1476 338 503 134 106 68 379 333 1138 78 1060 1035 964 138 57 12382 217 67 150
internal_count=14688 133 107 63 44 42 14555 14532 2150 2016 1979 1476 338 503 134 106 68 379 333 1138 78 1060 1035 964 138 57 12382 217 67 150
is_linear=0
shrinkage=0.05


Tree=302
num_leaves=31
num_cat=0
split_feature=12 9 8 8 14 6 12 0 12 3 0 15 16 3 17 17 6 15 14 3 15 14 3 18 8 15 3 1 1 0
split_gain=6.01097 10.9534 8.89571 18.7466 16.0294 9.19182 8.24715 5.79109 9.53772 7.89198 15.0014 10.692 13.5013 11.0748 19.2144 12.5212 12.0866 14.6705 10.7019 15.2286 11.3415 9.83165 8.94592 9.19648 8.82087 8.54425 10.535 8.40897 7.53463 12.1542
threshold=22.910000000000004 -159704.13999999993 0.49034099999999908 -0.21162450000000096 38.490000000000009 25.790603500000007 21.805000000000003 6.5000000000000009 11.765000000000002 24.809814500000005 1.5000000000000002 23.490000000000006 23.730000000000004 13.519653500000002 19.145000000000007 33.522500000000008 10.671539000000001 26.002500000000005 43.912500000000009 11.693634000000001 21.925000000000004 25.672500000000003 5.2864075000000001 -2.5899999999999994 4.0357211500000014 22.472500000000004 25.655502500000001 2.5000000000000004 1.0000000180025095e-35 1.5000000000000002
decision_type=2 2 2 2 2 2 2 2 2 2 2 2 2 2 2 2 2 2 2 2 2 2 2 2 2 2 2 2 2 2
left_child=6 -2 3 5 -4 -3 7 8 9 11 27 12 -1 14 -13 16 -16 -18 22 20 -20 -15 23 -14 -23 26 -12 -11 -10 -30
right_child=1 2 4 -5 -6 -7 -8 -9 28 10 25 13 18 21 15 -17 17 -19 19 -21 -22 24 -24 -25 -26 -27 -28 -29 29 -31
leaf_value=0.0037844505241865813 -0.039612725563347342 0.012722227873191947 -0.052264884717407679 0.047189850333545891 0.0081551907260132873 -0.03405949293325345 0.030090903021071272 0.00054270348011328676 -0.038254329565513348 0.036612428094636884 0.021672081844105077 -0.034781690665449089 0.024673101823178254 0.028594564056644841 0.0069150481741642959 -0.0036217876272008863 0.062236573457717895 0.018483630481471374 0.048388375485639859 -0.020168566621982287 0.0017204601565996805 -0.0088807936440984669 -0.016764633864711338 -0.011524815084363156 0.017080467434910439 -0.016017659729954583 -0.0030034167513311393 0.0086665046266889909 0.013556594413852222 -0.021748652585836897
leaf_weight=209 26 21 21 21 23 21 23 12382 28 47 60 26 28 21 157 122 25 82 23 36 30 359 418 47 36 72 155 63 38 68
leaf_count=209 26 21 21 21 23 21 23 12382 28 47 60 26 28 21 157 122 25 82 23 36 30 359 418 47 36 72 155 63 38 68
internal_value=7.74419e-05 -0.0105039 -0.00343074 0.00861753 -0.0206817 -0.0106686 0.000174132 0.000126782 -0.00226854 -0.00140996 0.00490755 -0.0029591 -0.00711632 0.00101236 0.00682294 0.00962533 0.0157471 0.0287063 -0.0110309 0.00492672 0.0219726 -0.00474236 -0.0139116 0.00198907 -0.0065147 -0.00110967 0.00388277 0.020607 -0.0151857 -0.00909205
internal_weight=14688 133 107 63 44 42 14555 14532 2150 2016 397 1619 791 828 412 386 264 107 582 89 53 416 493 75 395 287 215 110 134 106
internal_count=14688 133 107 63 44 42 14555 14532 2150 2016 397 1619 791 828 412 386 264 107 582 89 53 416 493 75 395 287 215 110 134 106
is_linear=0
shrinkage=0.05


Tree=303
num_leaves=31
num_cat=0
split_feature=12 6 19 15 12 17 15 17 0 6 14 18 15 6 1 0 5 15 18 4 16 0 8 8 7 4 6 0 0 15
split_gain=5.4249 8.12302 9.68938 14.9287 7.44306 5.47595 9.32633 7.29576 30.8184 35.9627 19.0833 14.4781 6.87836 15.0454 30.5094 16.1108 9.67848 7.67536 17.21 14.1256 12.7882 18.2529 35.4312 25.0926 12.1121 11.1621 10.0922 9.80666 9.38303 8.72683
threshold=22.910000000000004 12.736053500000002 0.44000000000000133 20.005000000000003 21.805000000000003 39.192500000000003 47.215000000000011 36.072500000000012 30.500000000000004 21.933944500000003 35.500000000000007 19.737500000000004 35.247500000000009 16.2450565 5.5000000000000009 20.500000000000004 7.705000000000001 33.812500000000007 4.6925000000000034 1718367.3000000003 32.957500000000003 28.500000000000004 0.46955900000000034 1.5376440000000013 94902.757500000022 1935653.7000000004 15.010773000000002 12.500000000000002 29.500000000000004 33.527500000000011
decision_type=2 2 2 2 2 2 2 2 2 2 2 2 2 2 2 2 2 2 2 2 2 2 2 2 2 2 2 2 2 2
left_child=4 -2 3 -3 5 7 -7 12 10 -10 -9 -12 17 16 15 -15 -14 29 20 27 21 22 -19 -23 26 -26 -22 -20 -29 -1
right_child=1 2 -4 -5 -6 6 -8 8 9 -11 11 -13 13 14 -16 -17 -18 18 19 -21 24 23 -24 -25 25 -27 -28 28 -30 -31
leaf_value=0.00030074820710312278 -0.037001821066698304 -0.010333100335179445 -0.026996260057344582 0.036220684977105032 0.028586357937234904 -0.0080143923955932096 0.0076296820397650416 -0.042130347940837969 0.0092505837993367632 0.067242242104541036 0.0073276158882509589 -0.031426909885236193 0.017801950077659317 0.010079275907089862 -0.058302504170153827 -0.019854164389134558 -0.002940812735603406 0.047024326557011317 0.0051532523253241163 0.028873505988158289 0.0055885214539994673 0.0060612853907514369 -0.024236991880713283 0.078860515433138823 0.028336631104401835 -0.011673884269902887 -0.024650913053686288 -0.05164296321141032 -0.013245697033296273 -0.010524911938825557
leaf_weight=12391 23 51 33 26 23 448 121 28 85 39 173 28 70 77 35 108 286 33 33 20 77 20 37 29 72 23 43 26 41 189
leaf_count=12391 23 51 33 26 23 448 121 28 85 39 173 28 70 77 35 108 286 33 33 20 77 20 37 29 72 23 43 26 41 189
internal_value=7.35698e-05 -0.00997871 -0.00432843 0.00538636 0.000165425 0.000120443 -0.00468762 0.000316374 0.00741309 0.0274899 -0.00345819 0.00192898 0.000132308 -0.0052147 -0.0154942 -0.00739538 0.00113782 0.000368604 0.00675554 -0.00948553 0.0125907 0.0257413 0.00935763 0.0491465 0.00531193 0.0186499 -0.00524728 -0.0171573 -0.0281461 0.000138105
internal_weight=14688 133 110 77 14555 14532 569 13963 353 124 229 201 13610 576 220 185 356 13034 454 120 334 119 70 49 215 95 120 100 67 12580
internal_count=14688 133 110 77 14555 14532 569 13963 353 124 229 201 13610 576 220 185 356 13034 454 120 334 119 70 49 215 95 120 100 67 12580
is_linear=0
shrinkage=0.05


Tree=304
num_leaves=31
num_cat=0
split_feature=13 15 6 15 4 8 8 15 6 17 5 0 6 14 1 17 0 17 1 6 4 15 8 4 17 14 4 6 18 14
split_gain=5.34457 10.9979 10.7144 17.4492 14.2653 11.5685 12.3292 8.76426 6.42352 6.08423 12.3592 20.6124 10.2567 13.6305 11.3034 6.89197 28.2521 39.6406 21.1477 16.9472 12.8809 8.20142 11.8894 10.6517 8.57841 28.9184 20.1087 44.0065 37.5124 35.1784
threshold=14.640000000000002 20.892500000000005 15.944320750000001 29.397500000000001 114101.57000000002 1.1911468000000005 0.24646000000000082 22.472500000000004 26.301391500000005 39.192500000000003 9.0650000000000031 19.500000000000004 7.603683450000001 46.192500000000003 1.5000000000000002 36.072500000000012 34.500000000000007 36.447500000000012 1.0000000180025095e-35 14.234802000000002 1579050.4000000001 35.247500000000009 3.5808250000000004 929740.33000000019 32.065000000000012 32.172500000000007 526088.07000000007 8.6567842500000012 -0.41249999999999426 33.742500000000007
decision_type=2 2 2 2 2 2 2 2 2 2 2 2 2 2 2 2 2 2 2 2 2 2 2 2 2 2 2 2 2 2
left_child=9 -2 4 7 5 6 -3 -4 -9 15 12 -12 -11 14 -14 21 18 -18 19 -17 -21 24 -23 -24 -1 -26 29 -28 -29 -27
right_child=1 2 3 -5 -6 -7 -8 8 -10 10 11 -13 13 -15 -16 16 17 -19 -20 20 -22 22 23 -25 25 26 27 28 -30 -31
leaf_value=-0.00019744988370659806 0.040124030071108235 0.0047062368515659782 -0.019655650349644324 -0.043266335685082064 0.049376212543045937 -0.011577287654985082 0.048164986353367571 -0.00042303928851403975 0.038729041311889895 0.013942845524883174 -0.045199955862177454 -0.0054464506118945015 -0.008620157309600876 0.0037726436846488216 -0.042829898507757619 0.018577401639195159 0.091060211802167557 0.013107157981482476 0.0085942706576349337 -0.015000706009174648 -0.059694167332989836 -0.01007114307408917 -0.0013724146905587987 0.031331500405555261 -0.010327201422304784 0.042535105478201135 0.089834663025103512 0.051129871962422684 0.0058819160819698181 -0.00084087057542222155
leaf_weight=11735 23 51 24 27 22 55 24 22 20 94 46 112 90 181 33 20 21 73 173 38 28 421 93 34 268 51 20 55 274 560
leaf_count=11735 23 51 24 27 22 55 24 22 20 94 46 112 90 181 33 20 21 73 173 38 28 421 93 34 268 51 20 55 274 560
internal_value=6.98913e-05 0.00706606 0.00396266 -0.00940487 0.0121415 0.00584021 0.018613 0.00444755 0.0182208 -6.01345e-05 -0.00518871 -0.0170203 -0.000491771 -0.00495511 -0.0177984 0.000145541 0.00704244 0.0305222 -0.00147918 -0.0217432 -0.0339616 -3.46529e-05 -0.00602612 0.00738296 0.000218631 0.00419478 0.00824884 0.0178237 0.0134462 0.00277971
internal_weight=14688 268 245 93 152 130 75 66 42 14420 556 158 398 304 123 13864 353 94 259 86 66 13511 548 127 12963 1228 960 349 329 611
internal_count=14688 268 245 93 152 130 75 66 42 14420 556 158 398 304 123 13864 353 94 259 86 66 13511 548 127 12963 1228 960 349 329 611
is_linear=0
shrinkage=0.05


Tree=305
num_leaves=31
num_cat=0
split_feature=3 6 1 7 4 4 0 12 5 12 15 5 5 0 6 8 5 7 8 5 15 4 1 19 0 8 16 16 1 5
split_gain=6.3366 27.5666 12.4266 7.75984 20.2521 16.2501 6.73933 8.06894 6.65664 6.89204 7.46693 6.76249 5.67897 16.1015 14.5979 12.3432 12.967 14.306 31.8883 18.7524 14.9501 19.7652 16.5805 17.5823 12.7742 14.74 16.8315 12.3176 11.938 12.0867
threshold=29.152939000000003 30.079010000000004 2.5000000000000004 1394141.4500000002 1658772.3500000003 2009618.9000000001 29.500000000000004 11.085000000000003 19.075000000000003 15.985000000000001 18.415000000000003 11.195000000000002 16.435000000000006 10.500000000000002 9.8841555000000003 -0.33262650000000166 16.955000000000002 907978.65000000002 0.58635000000000137 17.005000000000006 18.080000000000002 1935653.7000000004 5.5000000000000009 0.16249999999999967 15.500000000000002 -1.9596103500000002 51.830000000000005 50.215000000000011 2.5000000000000004 19.995000000000001
decision_type=2 2 2 2 2 2 2 2 2 2 2 2 2 2 2 2 2 2 2 2 2 2 2 2 2 2 2 2 2 2
left_child=1 12 3 -2 -5 -6 7 -7 9 10 -4 -12 -1 14 -14 24 -17 19 -19 -18 -21 22 23 28 -15 -26 -27 -25 -22 -30
right_child=2 -3 8 4 5 6 -8 -9 -10 -11 11 -13 13 15 -16 16 17 18 -20 20 21 -23 -24 27 25 26 -28 -29 29 -31
leaf_value=3.6750765134491754e-05 0.0075075193491736152 0.048530127788925993 -0.013392536952982054 -0.063847808759998195 0.026210473348265109 -0.017930300359654688 0.0033461281270892535 -0.051637713170864366 -0.026891301469877362 0.031247166767716408 0.013734438316477044 -0.0060247192434756689 0.0017339294713393256 -0.044964397846367854 0.040198457215887468 -0.019980839217558159 0.041797611927208697 0.053299378183407665 -0.0058072390250692319 -0.024837980865758207 0.012225703731542682 -0.033522537847359972 -0.02226063476971768 0.010763542920224229 0.012026427235299101 -0.019456276969830766 0.02535233120231525 0.05006116081706502 0.0011157194829799911 -0.039537042215829946
leaf_weight=12859 33 29 68 22 23 92 27 22 20 20 111 71 74 29 37 86 23 39 55 76 41 42 58 213 60 236 23 22 33 41
leaf_count=12859 33 29 68 22 23 92 27 22 20 20 111 71 74 29 37 86 23 39 55 76 41 42 58 213 60 236 23 22 33 41
internal_value=-0.000366468 -0.000168286 -0.00584704 -0.0148371 -0.0188015 -0.0127587 -0.0191154 -0.0244352 0.000942043 0.00300377 0.0007443 0.0060262 -0.000268824 -0.00357639 0.0145554 -0.00544513 -0.00174684 0.000691923 0.0187157 -0.00239412 -0.00432646 -0.000862287 0.0024998 0.00660295 -0.0131924 -0.0103041 -0.0154771 0.0144425 -0.00941692 -0.0214081
internal_weight=14585 14076 509 219 186 164 141 114 290 270 250 182 14047 1188 111 1077 729 643 94 549 526 450 408 350 348 319 259 235 115 74
internal_count=14585 14076 509 219 186 164 141 114 290 270 250 182 14047 1188 111 1077 729 643 94 549 526 450 408 350 348 319 259 235 115 74
is_linear=0
shrinkage=0.05


Tree=306
num_leaves=31
num_cat=0
split_feature=14 15 14 17 15 4 14 9 17 4 19 7 17 17 15 8 0 8 13 0 9 0 5 4 4 17 17 7 9 6
split_gain=6.06674 23.7134 20.6918 17.4241 24.6715 34.5818 25.5233 19.328 21.1054 29.9352 22.523 19.9851 16.8398 15.9721 17.0444 18.5219 15.7889 15.1692 14.6835 14.5817 14.2817 18.6167 24.7475 13.9786 14.0571 13.4236 19.8296 16.9612 13.1004 14.9542
threshold=28.210000000000004 27.062500000000004 27.865000000000006 23.735000000000003 24.827500000000004 10215.348000000002 27.210000000000004 -646912.65000000002 23.250000000000004 292383.2900000001 -3.0174999999999996 2038169.8000000003 25.185000000000006 17.260000000000002 19.145000000000007 -0.31099000000000027 11.500000000000002 2.2718509999999994 8.0650000000000031 41.500000000000007 -398855.35999999981 31.500000000000004 11.895000000000001 2437751.7500000005 1776294.9000000001 20.892500000000005 18.167500000000004 2516336.4000000004 616042.00000000012 3.3015136500000004
decision_type=2 2 2 2 2 2 2 2 2 2 2 2 2 2 2 2 2 2 2 2 2 2 2 2 2 2 2 2 2 2
left_child=1 2 3 7 5 12 17 -1 10 -10 11 20 -5 14 19 -16 -6 23 25 -12 -9 -22 -23 24 -7 26 -15 28 29 -27
right_child=-2 -3 -4 4 16 6 -8 8 9 -11 13 -13 -14 18 15 -17 -18 -19 -20 -21 21 22 -24 -25 -26 27 -28 -29 -30 -31
leaf_value=-0.022635710567854284 0.00039016681642115237 0.017625202201276387 -0.023138847297582872 -0.033313056282900481 0.050797793819592929 -0.0017182586039000724 0.047424296600123247 0.051725461076767676 -0.0067733205078790593 -0.079886694181533102 -5.4863085213501321e-05 -0.032852706202754267 -0.0042909360145651073 -0.016120298667877619 -0.0081332875468151673 0.02286477557740485 0.013982734504034339 0.037122967699542646 -0.00047267255756281367 -0.014023356481460681 0.0011803410068316469 0.054051266077136541 0.0090528995612288235 -0.034141133109537453 0.03974844565987587 0.0067563984665627548 0.0014045755017497736 0.020007982534090325 0.01391945003102032 -0.026459165375245314
leaf_weight=122 9569 153 117 74 39 112 45 21 42 21 1426 27 154 279 71 150 115 32 578 215 247 46 91 26 25 38 383 28 26 313
leaf_count=122 9569 153 117 74 39 112 45 21 42 21 1426 27 154 279 71 150 115 32 578 215 247 46 91 26 25 38 383 28 26 313
internal_value=-0.000348145 -0.00175662 -0.00236641 -0.00185432 0.0059466 0.000234305 0.0134818 -0.00303089 -0.00243324 -0.0311444 -0.00197404 0.00879844 -0.0137104 -0.00330102 -0.000129433 0.0129061 0.023306 0.00564888 -0.00689098 -0.00188498 0.0115752 0.00937947 0.0241618 -0.000530081 0.00584866 -0.0103678 -0.00598129 -0.0175379 -0.0203264 -0.0228632
internal_weight=14585 5016 4863 4746 622 468 240 4124 4002 63 3939 432 228 3507 1862 221 154 195 1645 1641 405 384 137 163 137 1067 662 405 377 351
internal_count=14585 5016 4863 4746 622 468 240 4124 4002 63 3939 432 228 3507 1862 221 154 195 1645 1641 405 384 137 163 137 1067 662 405 377 351
is_linear=0
shrinkage=0.05


Tree=307
num_leaves=31
num_cat=0
split_feature=5 5 13 19 19 12 3 14 3 12 18 15 9 6 19 4 4 8 8 16 9 18 18 4 19 0 16 19 3 9
split_gain=6.06585 10.3924 11.814 10.8767 12.5988 10.5524 12.0158 10.1836 16.8767 39.749 14.9378 13.858 18.1359 12.9501 12.0979 15.6192 18.3548 21.9976 13.7468 27.9153 11.8697 14.6293 11.5497 16.7102 11.5746 30.8848 23.2307 15.5371 13.1742 17.528
threshold=11.765000000000002 9.0050000000000008 11.555000000000001 10.132500000000004 10.820000000000006 17.355000000000004 16.093612500000003 40.040000000000006 8.5774380000000026 8.6050000000000022 3.7874999999999983 36.862500000000004 -25939.219999999976 17.275955000000003 0.48750000000000077 496412.67500000005 735528.07500000007 0.68756049999999835 0.74253849999999855 54.960000000000008 218331.97 4.6300000000000017 3.6250000000000004 790599.13000000012 -12.1075 13.500000000000002 30.465000000000003 -9.1749999999999989 26.904694000000003 -551940.69999999984
decision_type=2 2 2 2 2 2 2 2 2 2 2 2 2 2 2 2 2 2 2 2 2 2 2 2 2 2 2 2 2 2
left_child=1 2 3 7 -5 -3 -7 10 9 -9 11 22 -13 -14 -10 -16 17 -17 -18 -20 -12 -22 24 -24 25 -1 -27 -26 -29 -30
right_child=-2 5 -4 4 -6 6 -8 8 14 -11 20 12 13 -15 15 16 18 -19 19 -21 21 -23 23 -25 27 26 -28 28 29 -31
leaf_value=-0.016640064566551396 -0.0019476433556149691 0.0019051829265189031 0.036418312060691065 0.02971070053697121 -0.00181027207890469 0.053713098061936242 0.005331923998892308 0.0058658127754366374 -0.0037924778509582369 0.073909379484561777 -0.006989191556952757 -0.057642531332870332 0.0039163756136924533 -0.04180469073000409 -0.0028588336510765467 0.0086773227738297497 0.015021506469929592 0.08037623718380929 0.0050891282622559141 -0.053602229834844674 -0.06079682648870284 -0.015141895118899443 0.0013325278262177912 0.049815642471528719 -0.01509155724646199 0.055310715280654954 0.010419346717577525 -0.002642470642278755 -0.035328271855478703 0.0096054517358614075
leaf_weight=72 4150 4287 21 61 66 21 33 123 903 26 547 24 59 21 378 23 244 20 130 24 23 74 52 27 218 41 97 2412 23 385
leaf_count=72 4150 4287 21 61 66 21 33 123 903 26 547 24 59 21 378 23 244 20 130 24 23 74 52 27 218 41 97 2412 23 385
internal_value=-0.000330738 0.000312306 -0.00101945 -0.00114891 0.0133297 0.00218186 0.0241468 -0.00145816 0.0015956 0.0177392 -0.00286026 -0.00154872 -0.0195217 -0.0080854 0.000198744 0.00459932 0.010992 0.0420257 0.00763915 -0.00405758 -0.00984769 -0.0259673 -0.000986897 0.0179027 -0.00144634 0.00990634 0.0237566 -0.00223109 -0.00123691 0.00707242
internal_weight=14585 10435 6094 6073 127 4341 54 5946 1871 149 4075 3431 104 80 1722 819 441 43 398 154 644 97 3327 79 3248 210 138 3038 2820 408
internal_count=14585 10435 6094 6073 127 4341 54 5946 1871 149 4075 3431 104 80 1722 819 441 43 398 154 644 97 3327 79 3248 210 138 3038 2820 408
is_linear=0
shrinkage=0.05


Tree=308
num_leaves=31
num_cat=0
split_feature=17 14 15 17 17 15 4 14 9 17 8 19 7 17 18 15 8 14 6 13 6 13 4 8 8 3 9 7 12 6
split_gain=5.98142 6.02016 21.487 18.5527 16.3098 22.5011 30.0545 22.219 16.3677 18.7968 27.875 21.5951 17.6819 16.3063 19.0972 15.5588 16.7253 15.3694 15.2904 14.8193 16.8723 14.1597 13.3924 15.0272 13.3879 18.39 12.8726 14.8212 12.4315 12.9362
threshold=48.927500000000002 28.210000000000004 27.062500000000004 34.750000000000007 23.735000000000003 24.827500000000004 10215.348000000002 27.210000000000004 -646912.65000000002 23.250000000000004 -1.1974180999999999 -3.1125000000000003 2038169.8000000003 17.260000000000002 2.0500000000000012 19.145000000000007 -0.31099000000000027 24.837500000000002 12.615387000000002 7.5050000000000008 3.6885986500000003 10.355000000000002 2703314.0000000005 0.52107224999999968 -1.5164185000000001 7.6368561500000007 -398855.35999999981 1115258.3 2.5700000000000007 16.626907500000005
decision_type=2 2 2 2 2 2 2 2 2 2 2 2 2 2 2 2 2 2 2 2 2 2 2 2 2 2 2 2 2 2
left_child=1 2 3 4 8 6 17 22 -1 11 -11 12 26 15 19 -13 -17 -6 -7 20 -15 -12 23 -8 25 -21 -10 -28 29 -4
right_child=-2 -3 28 -5 5 18 7 -9 9 10 21 13 -14 14 -16 16 -18 -19 -20 24 -22 -23 -24 -25 -26 -27 27 -29 -30 -31
leaf_value=-0.021123519147837874 -0.020669811128431727 0.00047393745243394465 0.023938245150952067 -0.035334042459726336 -0.0036776766761536955 0.061825559288263325 -0.0017501142035514393 0.044161961178243579 0.049178128139603705 0.017398227219070708 -0.024122760941584907 -0.0018207254439182603 -0.030729426222818868 0.013180011329532136 -0.019523927496070518 -0.0076818597148841546 0.021774421181180517 -0.031215983303263785 0.015915869634346404 -0.021624671248719099 -0.010886674007171339 -0.082186104782990044 -0.032533451808350426 0.028532906967060019 -0.0015688565382211261 0.033407187352459587 0.012688248247425128 -0.017013822891749443 0.043447290391058609 -0.0092310802759524423
leaf_weight=122 36 9533 66 42 152 21 108 45 21 21 21 1641 27 80 255 71 150 76 133 20 812 21 21 66 490 63 336 48 34 53
leaf_count=122 36 9533 66 42 152 21 108 45 21 21 21 1641 27 80 255 71 150 76 133 20 812 21 21 66 490 63 336 48 34 53
internal_value=-0.000314201 -0.000263833 -0.00166598 -0.00224644 -0.00195818 0.00559802 0.000142786 0.0124927 -0.00307749 -0.00253748 -0.0296369 -0.00211215 0.00844823 -0.00338577 -0.00689579 -0.000143426 0.0123111 -0.0128571 0.0221763 -0.00469772 -0.00872823 -0.0531544 0.0051844 0.00973655 0.00157665 0.0201465 0.0110601 0.00897549 0.0167836 0.00916535
internal_weight=14585 14549 5016 4863 4821 622 468 240 4199 4077 63 4014 432 3582 1720 1862 221 228 154 1465 892 42 195 174 573 83 405 384 153 119
internal_count=14585 14549 5016 4863 4821 622 468 240 4199 4077 63 4014 432 3582 1720 1862 221 228 154 1465 892 42 195 174 573 83 405 384 153 119
is_linear=0
shrinkage=0.05


Tree=309
num_leaves=31
num_cat=0
split_feature=5 16 0 5 19 19 12 4 7 16 8 9 14 16 18 8 3 7 8 18 9 7 5 19 5 12 5 15 19 6
split_gain=5.65671 9.53747 9.97883 9.30841 10.5197 11.156 9.78319 11.6231 20.5908 9.70905 18.7037 17.0096 15.0672 15.4071 14.9287 12.5392 16.3826 12.5276 11.9174 12.2781 11.6773 21.4499 21.3364 12.5282 11.1217 11.0199 15.5943 11.2902 10.1629 9.97501
threshold=11.765000000000002 18.350000000000005 35.500000000000007 9.0050000000000008 10.132500000000004 10.820000000000006 11.845000000000001 1291287.0000000002 1536489.0000000002 22.790000000000003 6.0822905000000009 515117.71500000014 23.277500000000003 22.915000000000003 -1.4724999999999999 -2.4813840000000016 25.412323000000004 923433.4800000001 -1.0648499999999996 0.70999999999999919 -113436.60000000008 1928586.9000000001 10.975000000000003 2.1550000000000016 10.765000000000002 13.995000000000003 9.6250000000000018 22.942500000000003 2.0275000000000003 6.2657317500000014
decision_type=2 2 2 2 2 2 2 2 2 2 2 2 2 2 2 2 2 2 2 2 2 2 2 2 2 2 2 2 2 2
left_child=3 2 -2 4 6 -6 -1 8 -8 11 12 18 14 -14 15 -11 17 -17 19 -5 22 25 -15 -24 -16 -22 -27 -28 -20 -21
right_child=1 -3 -4 9 5 -7 7 -9 -10 10 -12 -13 13 20 24 16 -18 -19 28 29 21 -23 23 -25 -26 26 27 -29 -30 -31
leaf_value=-0.00075450439392166636 -0.033504155233822532 -0.0015091649496199882 0.00054580248796787017 0.017096361553573865 0.02823783599638513 -0.0010702665309671924 -0.0086156448428701179 -0.021785321894548532 0.037493425421416759 0.020958157752950988 -0.042887739231809975 -0.033518116055832554 0.038176871562997504 0.00027213077635957248 -0.048919127934745385 -0.0120666423238193 0.0070178573955105156 -0.052469397268512033 0.0074807572129114612 -0.04369882166978311 0.0018027759347568209 0.035511142654344442 -0.015191184754508572 -0.061009499106556175 -0.0066413338919768909 0.057026609499007466 0.022850328508545372 -0.0079334404223976342 0.022535020374698178 -0.0049657231347416259
leaf_weight=5634 48 4063 39 47 63 67 179 123 28 45 24 24 30 183 35 150 117 22 300 22 2814 50 37 25 28 20 68 53 179 68
leaf_count=5634 48 4063 39 47 63 67 179 123 28 45 24 24 30 183 35 150 117 22 300 22 2814 50 37 25 28 20 68 53 179 68
internal_value=-0.000298491 -0.00185992 -0.0182404 0.000322488 -0.000937903 0.0131329 -0.00124461 -0.00961206 -0.00237867 0.00209186 0.00110854 0.0077782 0.0013957 0.00250922 -0.00780414 -0.00359316 -0.00741603 -0.0172344 0.00938715 -0.00361689 0.00217998 0.00303576 -0.00831637 -0.0336663 -0.030129 0.00248626 0.0161268 0.00936653 0.0131065 -0.0144338
internal_weight=14585 4150 87 10435 6094 130 5964 330 207 4341 3701 640 3677 3280 397 334 289 172 616 137 3250 3005 245 62 63 2955 141 121 479 90
internal_count=14585 4150 87 10435 6094 130 5964 330 207 4341 3701 640 3677 3280 397 334 289 172 616 137 3250 3005 245 62 63 2955 141 121 479 90
is_linear=0
shrinkage=0.05


Tree=310
num_leaves=31
num_cat=0
split_feature=5 9 5 3 14 1 8 14 9 3 0 6 17 1 7 7 3 8 0 6 7 19 17 0 4 17 8 1 17 19
split_gain=6.95322 30.9228 18.2578 14.0056 14.6816 13.7977 12.4628 11.3693 7.75079 19.7155 22.3333 28.9039 37.1388 24.0798 22.2685 16.3135 19.7192 17.7707 27.6641 19.6668 13.7988 10.9831 12.1922 22.3938 22.7638 27.3309 23.5515 21.3993 18.0092 15.5976
threshold=0.99500000000000011 599846.15000000014 0.12000000000000002 17.945510500000005 36.805000000000007 4.5000000000000009 -2.0927729999999989 54.960000000000008 -59121.500000000109 14.126541000000001 16.500000000000004 11.961365000000002 13.050000000000002 3.5000000000000004 464896.48000000004 2775859.9000000004 13.519653500000002 2.1751250000000009 20.500000000000004 16.857117000000006 574735.65000000014 -12.1075 25.082500000000007 26.500000000000004 417570.14000000007 21.797500000000003 -1.9946139999999992 2.5000000000000004 20.642500000000002 0.44000000000000133
decision_type=2 2 2 2 2 2 2 2 2 2 2 2 2 2 2 2 2 2 2 2 2 2 2 2 2 2 2 2 2 2
left_child=1 2 3 4 -1 7 -6 -5 9 14 20 -12 13 -13 -2 16 17 19 -19 -16 -11 -14 23 24 -23 26 -26 -28 29 -29
right_child=8 -3 -4 5 6 -7 -8 -9 -10 10 11 12 21 -15 15 -17 -18 18 -20 -21 -22 22 -24 -25 25 -27 27 28 -30 -31
leaf_value=-0.008446373746646087 0.021673706880051505 -0.065049990518240342 -0.045447653958884379 -0.014163028217016666 0.051564707914367319 0.0094874149361668641 0.0097153307065969297 -0.053595463471487165 -0.00014439888865326044 0.0015662964494226293 0.050206294254614758 0.074994212505407637 0.032027425667321356 0.0087405888208498556 -0.012159218396359001 0.037166809213314472 -0.048674103152006869 0.046723550089911838 -0.0027777057366070003 0.038389126667752863 -0.027472666603823505 0.037580421598007285 -0.0023999306215490733 0.014364753836306499 -0.054626534135755279 0.01639877977160116 -0.023762126723304394 -0.015967261408631868 -0.033686470383634939 0.022082266673408072
leaf_weight=116 79 21 24 68 20 43 161 25 11557 90 39 32 37 24 508 21 28 37 119 20 75 36 450 545 29 120 115 37 26 99
leaf_count=116 79 21 24 68 20 43 161 25 11557 90 39 32 37 24 508 21 28 37 119 20 75 36 450 545 29 120 115 37 26 99
internal_value=0.000206798 -0.00572411 -0.00299797 -0.000645105 0.00544001 -0.0139339 0.0143396 -0.0247631 0.000407533 0.00289338 0.00587539 0.00769346 0.00662379 0.0465998 -0.00354806 -0.00626637 -0.0075474 -0.00586385 0.00896298 -0.0102445 -0.0116332 0.00512535 0.00444219 0.00749973 -0.00059861 -0.00382501 -0.0117559 -0.00726764 0.0044414 0.0117306
internal_weight=14601 478 457 433 297 136 181 93 14123 2566 1754 1589 1550 56 812 733 712 684 156 528 165 1494 1457 1007 462 426 306 277 162 136
internal_count=14601 478 457 433 297 136 181 93 14123 2566 1754 1589 1550 56 812 733 712 684 156 528 165 1494 1457 1007 462 426 306 277 162 136
is_linear=0
shrinkage=0.05


Tree=311
num_leaves=31
num_cat=0
split_feature=12 7 4 9 0 8 18 16 0 4 0 13 0 0 13 6 12 15 19 15 15 18 1 8 17 19 15 8 18 8
split_gain=5.47157 7.22143 19.4064 6.24715 4.97307 8.75896 11.8103 6.61347 5.22647 16.086 33.8989 37.7051 27.4319 40.9153 26.1178 22.5802 22.2622 26.804 23.1224 22.126 31.3135 51.2637 19.5967 26.8811 19.1065 21.0226 17.7274 17.5553 16.9989 17.711
threshold=22.910000000000004 877162.45000000007 1379944.3500000003 30183.135000000042 46.500000000000007 1.0736539999999997 3.9450000000000007 38.612500000000004 25.500000000000004 161104.59500000003 13.500000000000002 7.3750000000000009 17.500000000000004 18.500000000000004 1.0000000180025095e-35 15.171890500000002 12.505000000000001 17.160000000000004 -7.0900000000000007 21.482500000000005 21.360000000000003 0.18249999999999925 1.5000000000000002 -1.0997624999999995 22.660000000000004 1.0199999999999998 14.497500000000002 -6.2854004999999988 3.6250000000000004 0.49034099999999908
decision_type=2 2 2 2 2 2 2 2 2 2 2 2 2 2 2 2 2 2 2 2 2 2 2 2 2 2 2 2 2 2
left_child=4 3 -3 -2 8 -6 7 -7 9 10 27 15 22 14 28 16 17 -12 -18 20 24 -22 -11 -24 25 -15 -26 -1 29 -14
right_child=1 2 -4 -5 5 6 -8 -9 -10 12 11 -13 13 19 -16 -17 18 -19 -20 -21 21 -23 23 -25 26 -27 -28 -29 -30 -31
leaf_value=-0.023102600763287452 -0.028512474251911047 0.042544718598946929 -0.025507233930032028 -0.00044535398483276368 -0.00055718665850729176 -0.015501630688576322 0.013541059759223746 -0.046905769659206273 0.0014942412398367491 0.0015060131956908243 0.094707443024076174 -0.0086302270433002148 0.030934466483354895 -0.016356878831523199 -0.0046904204749061091 -0.0045463591458974406 0.057473310979980013 0.033358540971819152 0.0067230474537315517 0.0014855705964771067 -0.10444920362735338 -0.0024563527799078399 -0.039264271196332717 -0.011095922234811095 0.051822647949059809 0.0017765666846829801 0.0025119201173884392 0.00040173048675947847 0.050240686700246374 -0.0060361216291785237
leaf_weight=81 55 20 22 31 213 38 21 30 6312 208 21 137 92 467 95 65 27 117 133 1183 22 28 105 438 21 243 138 4131 57 50
leaf_count=81 55 20 22 31 213 38 21 30 6312 208 21 137 92 467 95 65 27 117 133 1183 22 28 105 438 21 243 138 4131 57 50
internal_value=0.000196458 -0.0100958 0.00689846 -0.0183953 0.000287483 -0.00606144 -0.0192345 -0.0293564 0.000422786 -0.000437759 0.00141089 0.0137198 -0.00320575 -0.000592226 0.0168786 0.0221549 0.027979 0.0426942 0.0152872 -0.00303581 -0.00885604 -0.0473332 -0.011544 -0.0165428 -0.00664216 -0.0101506 0.00902466 -5.02759e-05 0.0271753 0.0179167
internal_weight=14601 128 42 86 14473 302 89 68 14171 7859 4712 500 3147 2396 294 363 298 138 160 2102 919 50 751 543 869 710 159 4212 199 142
internal_count=14601 128 42 86 14473 302 89 68 14171 7859 4712 500 3147 2396 294 363 298 138 160 2102 919 50 751 543 869 710 159 4212 199 142
is_linear=0
shrinkage=0.05


Tree=312
num_leaves=31
num_cat=0
split_feature=5 9 5 3 14 1 8 18 14 9 3 17 7 6 6 7 15 6 6 5 4 7 15 3 18 8 6 14 7 18
split_gain=6.41409 27.8977 16.5107 12.5965 13.0147 12.4968 11.2576 27.2378 10.2366 6.97665 17.9806 21.7165 20.8681 19.7075 18.0348 18.8008 15.2287 32.0327 18.5557 19.581 17.6414 14.8277 12.4096 11.8547 24.0473 15.811 17.692 13.3256 11.6469 11.6203
threshold=0.99500000000000011 599846.15000000014 0.12000000000000002 17.945510500000005 36.805000000000007 4.5000000000000009 -1.0000000180025095e-35 14.485000000000001 54.960000000000008 -59121.500000000109 14.286712500000002 13.050000000000002 464896.48000000004 29.524887500000002 11.961365000000002 1373463.9500000002 32.957500000000003 17.059402500000004 23.798157000000003 17.745000000000001 1918450.9500000002 2775859.9000000004 21.320000000000004 13.519653500000002 2.202500000000001 2.1751250000000009 16.857117000000006 33.522500000000008 452559.66000000003 -3.8724999999999983
decision_type=2 2 2 2 2 2 2 2 2 2 2 2 2 2 2 2 2 2 2 2 2 2 2 2 2 2 2 2 2 2
left_child=1 2 3 4 -1 8 7 -6 -5 10 12 13 22 -12 15 -13 18 -18 19 20 28 23 -2 25 -25 26 -14 -27 29 -16
right_child=9 -3 -4 5 6 -7 -8 -9 -10 -11 11 14 21 -15 16 -17 17 -19 -20 -21 -22 -23 -24 24 -26 27 -28 -29 -30 -31
leaf_value=-0.0079863386664234485 0.054978975523263224 -0.06185907282467399 -0.043287957152157719 -0.013533271782730213 0.076640688947268901 0.0090043755014004665 0.0064003970169795371 -0.0021198995127950028 -0.050949936397373677 -0.0001442127266790999 0.013786610489478336 0.0034482407080940903 -0.011511458549745918 0.072703543305397036 5.6248968062193505e-05 0.072006278503686197 -0.05190210857868402 0.00021113386289130874 0.00026957806484863143 0.059187654751752111 0.035702699602993791 0.033611919083025146 0.009594073974227792 0.0039023944769393313 -0.070900163976919089 0.0020381908288815607 0.036431953655555842 0.041873655945062642 0.0050129400740395519 0.045084791929510079
leaf_weight=116 20 21 24 68 21 43 137 23 25 11557 40 20 508 22 23 20 36 163 771 21 61 23 61 22 21 131 20 25 520 38
leaf_count=116 20 21 24 68 21 43 137 23 25 11557 40 20 508 22 23 20 36 163 771 21 61 23 61 22 21 131 20 25 520 38
internal_value=0.000186636 -0.0055097 -0.00292035 -0.00068288 0.005088 -0.0132855 0.0134671 0.0354704 -0.0235915 0.000379431 0.00273787 0.00563451 -0.00330986 0.0346926 0.00455764 0.0377273 0.00374515 -0.00921639 0.00554386 0.0116773 0.0101232 -0.00591375 0.0208002 -0.00716422 -0.0326291 -0.00556336 -0.00969542 0.00842208 0.0074376 0.0281068
internal_weight=14601 478 457 433 297 136 181 44 93 14123 2566 1735 831 62 1673 40 1633 199 1434 663 642 750 81 727 43 684 528 156 581 61
internal_count=14601 478 457 433 297 136 181 44 93 14123 2566 1735 831 62 1673 40 1633 199 1434 663 642 750 81 727 43 684 528 156 581 61
is_linear=0
shrinkage=0.05


Tree=313
num_leaves=31
num_cat=0
split_feature=5 9 5 3 14 14 18 18 9 3 0 6 17 16 7 15 6 6 7 7 4 15 7 3 8 0 6 19 3 8
split_gain=5.78872 25.1777 14.9009 11.3683 11.8571 20.4499 10.9004 11.1529 6.29643 16.2602 19.131 23.9949 30.9417 18.5536 17.5398 17.3583 29.692 16.3997 17.1236 35.0295 18.3042 16.8669 13.2984 16.3445 14.2694 24.2847 15.9671 13.2825 12.069 10.7962
threshold=0.99500000000000011 599846.15000000014 0.12000000000000002 17.945510500000005 53.307500000000012 59.722500000000004 -4.714999999999999 7.9774999999999929 -59121.500000000109 14.126541000000001 16.500000000000004 11.961365000000002 13.050000000000002 22.915000000000003 464896.48000000004 32.957500000000003 17.059402500000004 23.798157000000003 931489.42000000004 821471.02000000014 1918450.9500000002 27.825000000000003 2775859.9000000004 13.519653500000002 2.1751250000000009 20.500000000000004 16.857117000000006 -9.3874999999999975 15.987457000000001 0.89195250000000137
decision_type=2 2 2 2 2 2 2 2 2 2 2 2 2 2 2 2 2 2 2 2 2 2 2 2 2 2 2 2 2 2
left_child=1 2 3 4 -1 -6 -5 -8 9 14 28 -12 13 -13 -2 17 -17 18 19 29 21 -20 23 24 26 -26 -16 -19 -11 -14
right_child=8 -3 -4 6 5 -7 7 -9 -10 10 11 12 15 -15 22 16 -18 27 20 -21 -22 -23 -24 -25 25 -27 -28 -29 -30 -31
leaf_value=0.00017748563808053124 0.019135435789682066 -0.058766118118849901 -0.041123558200585351 0.011425152504816653 0.053463802235201002 -0.0092018047104711117 -0.03614909211342985 -0.0027861274343550855 -0.00013700213848676367 0.019676151450861386 0.045726531422816408 0.018478942958807403 0.0050731374322673063 0.076979092362782234 -0.010935885718827481 -0.055489175487309694 -0.00074359464137749352 0.038090010856588682 -0.0020983043387692809 0.089596137702465065 0.033313849105662298 0.020460858794154022 0.033553304629666464 -0.044260424847847653 0.043380054859192795 -0.0029992421922673072 0.034610355802578853 0.00025924079461733042 -0.016877152989257845 0.03695195828966627
leaf_weight=244 79 21 24 35 30 23 55 46 11557 27 39 33 67 23 508 30 142 24 290 20 63 116 21 28 37 119 20 698 138 44
leaf_count=244 79 21 24 35 30 23 55 46 11557 27 39 33 67 23 508 30 142 24 290 20 63 116 21 28 37 119 20 698 138 44
internal_value=0.000177304 -0.00523422 -0.00277433 -0.000648736 0.0048336 0.0262693 -0.0126212 -0.0209541 0.000360459 0.00260098 0.00530909 0.00699178 0.00601716 0.0425058 -0.00324882 0.00464945 -0.0102922 0.00659345 0.0127024 0.0286848 0.00823822 0.00434717 -0.00566131 -0.00681792 -0.00528519 0.00800098 -0.00921065 0.00151677 -0.0108957 0.0177098
internal_weight=14601 478 457 433 297 53 136 101 14123 2566 1754 1589 1550 56 812 1494 172 1322 600 131 469 406 733 712 684 156 528 722 165 111
internal_count=14601 478 457 433 297 53 136 101 14123 2566 1754 1589 1550 56 812 1494 172 1322 600 131 469 406 733 712 684 156 528 722 165 111
is_linear=0
shrinkage=0.05


Tree=314
num_leaves=31
num_cat=0
split_feature=5 9 5 6 14 14 8 16 14 0 0 0 6 2 2 0 9 8 8 7 19 7 15 7 17 15 8 9 9 19
split_gain=5.22432 22.7229 13.4481 9.16332 13.2592 11.0875 8.42862 23.3768 7.5691 6.60377 13.6221 9.89963 6.23238 11.4966 10.428 10.31 5.85865 17.5501 21.4205 18.6461 43.8644 24.0149 29.2333 21.9725 13.7379 13.7177 20.7629 8.08351 7.40679 26.4787
threshold=0.99500000000000011 599846.15000000014 0.12000000000000002 19.427780500000004 36.805000000000007 54.960000000000008 -1.0000000180025095e-35 35.392500000000005 48.497500000000009 20.500000000000004 17.500000000000004 25.500000000000004 16.156143500000002 1.0000000180025095e-35 1.0000000180025095e-35 22.500000000000004 616042.00000000012 -4.6466979999999998 -3.6543578500000002 537996.82000000007 -2.7475000000000018 723833.12000000011 21.522500000000004 688254.34500000009 30.407500000000002 32.150000000000013 2.1751250000000009 1042586.9500000001 200641.4500000001 -1.704999999999999
decision_type=2 2 2 2 2 2 2 2 2 2 2 2 2 2 2 2 2 2 2 2 2 2 2 2 2 2 2 2 2 2
left_child=1 2 3 4 12 8 7 -6 -5 10 -8 -11 14 -14 15 -1 28 -18 -19 20 27 22 -21 24 -24 -22 -27 -20 -2 -30
right_child=16 -3 -4 5 6 -7 9 -9 -10 11 -12 -13 13 -15 -16 -17 17 18 19 21 25 -23 23 -25 -26 26 -28 -29 29 -31
leaf_value=0.021455895844846966 0.00042665891620737614 -0.055827812442467331 -0.039067380875349049 -0.016430923944288814 0.0015500228251180343 -0.038968497215049164 0.0012194548370089474 0.070884934137575337 0.019622847406814498 -0.022298402811149851 0.050740067430195358 0.010634484539147129 -0.013954027683310513 0.031688475998287856 -0.048553346873571476 -0.023786193469320149 0.048419262555597184 -0.037608479828603811 -0.028519815430045128 -0.009929659037681466 0.017985773193358909 0.0042267378925752172 0.010607395779031019 0.087251950282117602 0.061494455743758447 -0.040336692763958126 0.022762605480172421 -0.071167085826396956 0.011329887321394259 -0.0081510465850835722
leaf_weight=20 12224 21 24 37 31 31 41 20 24 39 21 55 37 22 21 34 22 31 20 33 80 518 36 23 21 32 22 25 222 814
leaf_count=20 12224 21 24 37 31 31 41 20 24 39 21 55 37 22 21 34 22 31 20 33 80 518 36 23 21 32 22 25 222 814
internal_value=0.000168439 -0.00497251 -0.00263561 -0.000616299 0.00316177 -0.0146198 0.0110944 0.0287402 -0.00224583 0.00532563 0.0179926 -0.00302916 -0.00909243 0.00306521 -0.0186564 -0.00702986 0.000342436 0.00433426 0.00318103 0.00474211 -0.00950116 0.00878259 0.029667 0.0460006 0.0293553 0.00484228 -0.0146296 -0.0522127 8.26366e-05 -0.00397656
internal_weight=14601 478 457 433 341 92 207 51 61 156 62 94 134 59 75 54 14123 863 841 810 179 631 113 80 57 134 54 45 13260 1036
internal_count=14601 478 457 433 341 92 207 51 61 156 62 94 134 59 75 54 14123 863 841 810 179 631 113 80 57 134 54 45 13260 1036
is_linear=0
shrinkage=0.05


Tree=315
num_leaves=31
num_cat=0
split_feature=19 9 8 12 19 5 16 15 5 0 5 3 0 13 6 6 15 15 6 7 3 5 8 5 8 19 19 0 3 4
split_gain=7.12288 28.1513 63.0397 33.4836 15.995 12.3193 15.5804 15.535 12.6979 12.5526 11.7615 8.89662 8.51964 6.53256 10.8672 15.3184 23.6818 9.7904 5.9669 5.63721 9.34391 5.82288 5.55641 5.31965 4.8762 10.863 10.1416 9.72839 9.03261 11.5282
threshold=-11.947500000000002 101337.45000000008 1.8492280000000003 7.6450000000000005 -11.714999999999998 7.9250000000000007 30.120000000000005 15.532500000000002 8.9450000000000021 32.500000000000007 7.455000000000001 12.610092500000002 10.500000000000002 14.640000000000002 7.8438568500000008 13.376465000000001 21.235000000000003 29.397500000000001 11.333969000000002 13608.059500000001 11.512786500000002 15.060000000000002 1.2573545000000002 15.335000000000003 4.9874575000000005 0.26750000000000101 2.7525000000000017 27.500000000000004 14.126541000000001 1327321.8000000003
decision_type=2 2 2 2 2 2 2 2 2 2 2 2 2 2 2 2 2 2 2 2 2 2 2 2 2 2 2 2 2 2
left_child=1 5 3 -3 11 6 -1 18 -9 12 -8 -2 -10 24 22 19 -17 -18 -7 20 21 -16 -15 -19 -6 28 27 -27 -26 -30
right_child=4 2 -4 -5 13 7 10 8 9 -11 -12 -13 -14 14 15 16 17 23 -20 -21 -22 -23 -24 -25 25 26 -28 -29 29 -31
leaf_value=0.054068017229437826 -0.033309120511902233 0.031132516533136367 -0.024925898218394391 0.11677424932519596 -7.636530808797598e-05 -0.013924823740061612 -0.0022951445851179929 -0.014155184830374579 0.01053041740954715 -0.0016341339026806517 0.02918838453978034 0.0055399318132549526 0.043675543926656249 0.0011765014550959071 0.011782204783098264 0.049101278026189125 0.0044134483412684253 -0.044778270815454782 -0.042860800951719291 0.048274155746659511 -0.0051587376329116528 0.044990906791027747 -0.031488347944358119 -0.010943431292588894 -0.0057938922023794692 -0.039849791205393115 -0.0043384995345992069 -0.0076502161266075244 0.039852626818944428 -0.0065982015295462174
leaf_weight=20 56 25 28 21 13252 62 101 85 47 114 42 20 33 30 22 21 60 21 25 23 25 33 23 26 65 49 189 45 34 22
leaf_count=20 56 25 28 21 13252 62 101 85 47 114 42 20 33 30 22 21 60 21 25 23 25 33 23 26 65 49 189 45 34 22
internal_value=1.8962e-05 0.00533995 0.034225 0.0702298 -0.000209959 0.00129933 0.0127329 -0.00379267 0.00195964 0.00902026 0.00695177 -0.0230857 0.0242028 -8.5242e-05 0.00742031 0.0121052 0.000555163 -0.00897258 -0.0222398 0.0264587 0.0201867 0.0317074 -0.0129988 -0.0260611 -0.000241333 -0.0056526 -0.0110137 -0.0244351 0.00688616 0.0216041
internal_weight=14619 603 74 46 14016 529 163 366 279 194 143 76 80 13940 284 231 128 107 87 103 80 55 53 47 13656 404 283 94 121 56
internal_count=14619 603 74 46 14016 529 163 366 279 194 143 76 80 13940 284 231 128 107 87 103 80 55 53 47 13656 404 283 94 121 56
is_linear=0
shrinkage=0.05


Tree=316
num_leaves=31
num_cat=0
split_feature=19 9 8 12 19 5 17 15 18 5 4 3 5 0 6 6 3 4 4 15 0 6 8 0 3 8 4 18 18 18
split_gain=6.4284 25.4065 56.8933 30.219 14.4355 11.1182 14.0614 14.0204 12.358 10.6147 9.1772 8.0292 7.73996 6.43695 5.38513 5.17805 18.3412 22.0994 14.9333 13.931 12.7333 9.35135 13.2117 11.5263 8.93253 22.6957 21.4822 27.8148 41.1285 26.6294
threshold=-11.947500000000002 101337.45000000008 1.8492280000000003 7.6450000000000005 -11.714999999999998 7.9250000000000007 30.067500000000006 15.532500000000002 -2.5274999999999941 7.455000000000001 334435.565 12.610092500000002 11.855000000000002 10.500000000000002 11.333969000000002 7.8438568500000008 9.9985960000000009 1565540.0000000002 2009618.9000000001 19.492500000000003 31.500000000000004 6.8698273000000007 0.45219400000000004 31.500000000000004 12.157974500000002 -3.6543578500000002 145339.73500000002 -3.0874999999999946 -3.7249999999999992 -2.0799999999999996
decision_type=2 2 2 2 2 2 2 2 2 2 2 2 2 2 2 2 2 2 2 2 2 2 2 2 2 2 2 2 2 2
left_child=1 5 3 -3 11 6 -1 14 -9 -8 12 -2 13 -10 -7 16 17 21 20 -19 -18 -6 -23 -24 26 -26 27 28 -17 -29
right_child=4 2 -4 -5 15 7 9 8 10 -11 -12 -13 -14 -15 -16 24 18 19 -20 -21 -22 22 23 -25 25 -27 -28 29 -30 -31
leaf_value=0.051364618372172127 -0.031643664537529863 0.029575890660285948 -0.023679603553942538 0.11093553715784635 -0.00021613802973728289 -0.013228582455626421 -0.0021803872650581423 -0.0099034822105398147 0.012474441577756403 0.027728964607896551 -0.013058864211122838 0.0052629349194467066 0.0021598875708878041 0.041978575769615806 -0.040717760413885119 0.012440241799964486 -0.0029111665321013207 0.0060695555314476436 -0.054717437587678434 0.04103999747609606 -0.023459585740933202 -0.0011002049369157338 -0.0073656956366903621 -0.037740606368809451 -0.016532854989933218 2.526059481793162e-05 -0.0027053582729400505 -0.014916333757351373 0.063359462709890471 0.0061448504977439644
leaf_weight=20 56 25 28 21 1763 62 101 124 36 42 31 20 50 38 25 334 212 68 20 49 117 183 64 61 212 8684 993 178 45 957
leaf_count=20 56 25 28 21 1763 62 101 124 36 42 31 20 50 38 25 334 212 68 20 49 117 183 64 61 212 8684 993 178 45 957
internal_value=1.80139e-05 0.00507295 0.0325137 0.0667183 -0.000199461 0.00123436 0.0120963 -0.00360304 0.00186166 0.00660418 0.0112738 -0.0219314 0.0173569 0.0276252 -0.0211278 -8.09799e-05 -0.00212399 -0.000426088 -0.0127687 0.0207153 -0.0102187 -0.00162046 -0.00965883 -0.0221887 0.00037356 -0.000369335 0.0030097 0.00675808 0.0184861 0.00284186
internal_weight=14619 603 74 46 14016 529 163 366 279 143 155 76 124 74 87 13940 2537 2188 349 117 329 2071 308 125 11403 8896 2507 1514 379 1135
internal_count=14619 603 74 46 14016 529 163 366 279 143 155 76 124 74 87 13940 2537 2188 349 117 329 2071 308 125 11403 8896 2507 1514 379 1135
is_linear=0
shrinkage=0.05


Tree=317
num_leaves=31
num_cat=0
split_feature=19 9 8 12 19 5 16 14 18 5 4 5 13 8 5 14 17 0 5 14 17 7 12 4 4 16 6 16 18 5
split_gain=5.80163 22.9294 51.3462 27.2726 13.028 10.0341 12.6904 12.1728 9.91535 9.57979 8.28242 6.98531 5.82329 10.0943 14.5085 12.8471 11.7383 5.80935 5.24304 4.95328 4.80721 12.8921 21.8368 13.6002 21.7501 11.9875 13.2542 11.222 10.9884 9.68945
threshold=-11.947500000000002 101337.45000000008 1.8492280000000003 7.6450000000000005 -11.714999999999998 7.9250000000000007 30.120000000000005 30.297500000000003 -2.5274999999999941 7.455000000000001 334435.565 11.855000000000002 14.640000000000002 -2.6414029999999999 14.975000000000003 39.452500000000008 28.637500000000003 10.500000000000002 17.425000000000004 27.575000000000003 13.502500000000003 1511254.2500000002 13.995000000000003 765140.17000000004 875647.75000000012 22.612500000000001 8.0891420000000007 22.915000000000003 -2.364999999999998 13.625000000000002
decision_type=2 2 2 2 2 2 2 2 2 2 2 2 2 2 2 2 2 2 2 2 2 2 2 2 2 2 2 2 2 2
left_child=1 5 3 -3 -2 6 -1 19 -9 -8 11 17 20 -14 16 -16 -15 -10 -17 -7 21 23 27 25 -25 28 -27 -23 -6 -30
right_child=4 2 -4 -5 12 7 9 8 10 -11 -12 -13 13 14 15 18 -18 -19 -20 -21 -22 22 -24 24 -26 26 -28 -29 29 -31
leaf_value=0.048796386682079175 -0.020834831158189397 0.028097095318138601 -0.022495622284311272 0.10538876042479561 -0.028685896111773735 -0.01144808651924205 -0.002071367941409497 -0.010539687008679133 0.011850719311688511 0.026342516313196118 -0.01240592074370192 0.0020518932789564135 0.039539822301065383 0.0017897164449095727 0.0024523000025914775 0.050132493364314239 -0.04363166984915734 0.039879647309058595 0.019144367496464372 -0.037562096847051925 -1.5093623764669195e-05 0.00087138901587824758 -0.065854792594909672 0.060565424634313039 0.0025740472828877756 0.023483466856520287 -0.017679994998285441 -0.029724496145449253 0.014057045874065486 -0.012688483655537396
leaf_weight=20 76 25 28 21 23 104 101 85 36 42 31 50 22 33 144 21 25 38 39 22 13009 86 20 22 61 22 176 46 147 44
leaf_count=20 76 25 28 21 23 104 101 85 36 42 31 50 22 33 144 21 25 38 39 22 13009 86 20 22 61 22 176 46 147 44
internal_value=1.71132e-05 0.00481931 0.030888 0.0633824 -0.000189488 0.00117264 0.0114914 -0.00342289 0.00318413 0.00627397 0.0107101 0.0164891 -7.69309e-05 0.00700947 0.00427791 0.0105517 -0.0177885 0.026244 0.0299902 -0.0160077 -0.000224305 -0.00443084 -0.0171677 -0.000519737 0.0179453 -0.00423963 -0.0131063 -0.00979081 0.0039641 0.00789577
internal_weight=14619 603 74 46 14016 529 163 366 240 143 155 124 13940 284 262 204 58 74 60 126 13656 647 152 495 83 412 198 132 214 191
internal_count=14619 603 74 46 14016 529 163 366 240 143 155 124 13940 284 262 204 58 74 60 126 13656 647 152 495 83 412 198 132 214 191
is_linear=0
shrinkage=0.05


Tree=318
num_leaves=31
num_cat=0
split_feature=19 9 8 12 19 5 15 16 5 0 5 0 3 13 15 19 17 8 8 5 5 3 0 0 0 19 6 1 5 17
split_gain=5.23597 20.6938 46.34 24.6235 11.7578 9.05582 11.566 11.4531 10.4054 10.6815 8.64576 7.49857 7.24636 5.25552 9.5417 12.4036 8.73025 7.04117 7.32873 8.56921 11.0816 5.50467 4.7602 5.48099 4.56763 9.72545 6.64914 7.19821 11.1448 5.01205
threshold=-11.947500000000002 101337.45000000008 1.8492280000000003 7.5250000000000012 -11.714999999999998 7.9250000000000007 15.532500000000002 30.120000000000005 8.9450000000000021 32.500000000000007 7.455000000000001 10.500000000000002 12.610092500000002 14.640000000000002 20.892500000000005 2.7175000000000016 20.080000000000002 -1.7682189999999995 -0.65479999999999972 14.975000000000003 16.815000000000001 12.490020500000002 23.500000000000004 16.500000000000004 1.0000000180025095e-35 -5.8024999999999975 9.9799955000000029 2.5000000000000004 8.9850000000000012 13.502500000000003
decision_type=2 2 2 2 2 2 2 2 2 2 2 2 2 2 2 2 2 2 2 2 2 2 2 2 2 2 2 2 2 2
left_child=1 5 3 -3 12 7 -7 -1 -8 11 22 -10 -2 24 -15 -16 -17 -18 -19 -20 -21 -22 23 -9 25 -6 -27 28 -28 -26
right_child=4 2 -4 -5 13 6 8 10 9 -11 -12 -13 -14 14 15 16 17 18 19 20 21 -23 -24 -25 29 26 27 -29 -30 -31
leaf_value=0.046356566734611991 -0.029019739628503367 0.02518880330802252 -0.02137084185877549 0.098421841859817505 -0.021981643566063473 -0.019168801400168189 -0.012876145721358413 -0.0081068601521352927 0.0092815684709460188 -0.0017250744662688751 0.025025390605220483 0.040377114939319933 0.0060415303707122801 0.03615774354338646 -0.015901810608204971 -0.016537116543838271 0.039794059206083747 -0.015881321083187409 -0.012026111075344187 0.045531258790288125 -0.0028228657124073882 0.025568570379888817 -0.015099031569595198 0.022117277948806684 -0.004686235880853068 -0.0035258392971009018 0.011167817182936952 0.0071209855712723079 0.054689452269425003 -0.00013128302727677618
leaf_weight=20 56 24 28 22 28 87 85 30 47 114 42 33 20 25 61 27 23 23 24 32 38 31 41 30 634 75 38 123 24 12734
leaf_count=20 56 24 28 22 28 87 85 30 47 114 42 33 20 25 61 27 23 23 24 32 38 31 41 30 634 75 38 123 24 12734
internal_value=1.62576e-05 0.00457834 0.0293436 0.0602133 -0.000180014 0.00111401 -0.00325174 0.0109169 0.00171164 0.0081032 0.00596027 0.0221085 -0.0197931 -7.30844e-05 0.00665899 0.00381162 0.00988496 0.0140569 0.0100572 0.0148298 0.0212115 0.00993271 -0.0019678 0.00700521 -0.00021309 0.00601695 0.00903218 0.0141233 0.0280149 -0.000347309
internal_weight=14619 603 74 46 14016 529 366 163 279 194 143 80 76 13940 284 259 198 171 148 125 101 69 101 60 13656 288 260 185 62 13368
internal_count=14619 603 74 46 14016 529 366 163 279 194 143 80 76 13940 284 259 198 171 148 125 101 69 101 60 13656 288 260 185 62 13368
is_linear=0
shrinkage=0.05


Tree=319
num_leaves=31
num_cat=0
split_feature=0 14 14 16 17 19 12 12 15 18 19 15 8 18 8 18 15 6 15 8 6 1 18 12 18 14 6 0 15 18
split_gain=4.73998 14.0783 15.3184 17.5152 12.3395 13.5851 12.4046 10.5263 12.3032 9.47446 9.2121 12.2783 11.7616 16.38 13.9126 13.4767 12.9185 19.4185 13.8055 18.0392 19.3544 17.9121 11.8625 11.6445 10.1646 8.9906 8.8887 8.88584 25.8262 16.9233
threshold=40.500000000000007 58.607500000000009 54.562500000000007 54.345000000000006 15.880000000000001 5.892500000000001 14.185 17.815000000000001 14.195000000000002 -0.084999999999999062 3.784999999999997 34.750000000000007 1.2254793000000015 7.9099999999999975 -1.1370699999999994 2.8675000000000002 24.827500000000004 18.943649500000003 17.845000000000002 -0.70086634999999886 22.583572500000002 3.5000000000000004 -1.1349999999999996 13.085000000000003 1.8399999999999948 29.742500000000003 16.436478000000005 36.500000000000007 14.075000000000001 -6.5524999999999993
decision_type=2 2 2 2 2 2 2 2 2 2 2 2 2 2 2 2 2 2 2 2 2 2 2 2 2 2 2 2 2 2
left_child=27 2 4 -4 6 7 -2 8 -6 -7 12 -12 14 15 23 24 18 -18 -16 22 -21 -22 -20 26 25 -14 -10 -1 -29 -30
right_child=1 -3 3 -5 5 9 -8 -9 10 -11 11 -13 13 -15 16 -17 17 -19 19 20 21 -23 -24 -25 -26 -27 -28 28 29 -31
leaf_value=-5.1753275208959108e-05 -0.0053043783891962857 -0.028941733595759918 0.0042380177517138094 0.058480796544410463 0.02895338022033684 -0.025104746927640271 -0.027671536025699491 -0.020675965760495851 0.0034683422672573991 -0.001013868402161107 0.020116169209559932 -0.015769839764883119 -0.00078170583965104135 0.030408831245194265 -0.0029055358951154634 -0.032523537427186965 0.0092429673823586737 -0.02551233003152505 0.075966883131435944 -0.0011916511020072821 0.046479543475777707 0.0054080161642520988 0.022161608189344408 -0.030985021216206644 0.014707709831903535 -0.019861690106242898 -0.01416226112684372 0.034621515088895369 0.01720003191087591 0.00015210983122185739
leaf_weight=11284 222 48 46 22 40 91 86 55 239 74 116 30 122 26 96 59 111 63 21 110 61 47 20 38 48 125 102 67 171 979
leaf_count=11284 222 48 46 22 40 91 86 55 239 74 116 30 122 26 96 59 111 63 21 110 61 47 20 38 48 125 102 67 171 979
internal_value=1.54447e-05 -0.00217186 -0.00155111 0.0217872 -0.00234381 -0.000670007 -0.0115498 0.000800894 0.00160227 -0.0143004 0.000839337 0.0127423 -0.000509915 -0.00789571 0.00258105 -0.010709 0.00781975 -0.00334085 0.01329 0.019293 0.0135704 0.0286058 0.0497204 -0.004731 -0.00634613 -0.0104376 -0.00180533 0.000386031 0.00444516 0.00268706
internal_weight=14619 2118 2070 68 2002 1694 308 1529 1474 165 1434 146 1288 380 908 354 529 174 355 259 218 108 41 379 295 247 341 12501 1217 1150
internal_count=14619 2118 2070 68 2002 1694 308 1529 1474 165 1434 146 1288 380 908 354 529 174 355 259 218 108 41 379 295 247 341 12501 1217 1150
is_linear=0
shrinkage=0.05


Tree=320
num_leaves=31
num_cat=0
split_feature=8 15 0 6 0 19 19 9 13 13 9 9 6 19 19 8 16 5 5 6 13 8 8 8 0 15 19 15 5 5
split_gain=4.70941 8.96618 8.00573 7.10527 5.18807 4.53925 12.2055 12.0002 11.9471 11.2855 11.2192 18.5308 14.7014 10.3261 9.41079 9.33752 8.81149 8.09562 8.86682 13.571 28.721 29.5625 18.8917 13.925 11.7399 9.90932 13.0369 10.111 9.59903 9.54904
threshold=-8.133728249999999 21.672500000000003 27.500000000000004 12.243026500000001 15.500000000000002 5.4275000000000011 7.4449999999999994 515117.71500000014 11.355000000000002 10.085000000000003 561513.30000000016 115135.7570000002 17.803131000000004 7.017500000000001 7.2000000000000037 1.6015164999999991 21.835000000000004 20.505000000000006 12.325000000000001 14.234802000000002 11.225000000000003 -0.52038600000000013 -1.5725555499999995 -0.19255100000000167 34.500000000000007 30.557500000000001 1.5374999999999963 29.397500000000001 10.335000000000003 10.305000000000001
decision_type=2 2 2 2 2 2 2 2 2 2 2 2 2 2 2 2 2 2 2 2 2 2 2 2 2 2 2 2 2 2
left_child=1 3 4 -1 -3 9 8 -8 13 -2 11 17 -13 -7 -15 -9 -10 18 19 20 22 28 -11 29 -20 27 -27 -26 -22 -21
right_child=5 2 -4 -5 -6 6 7 15 16 10 -12 12 -14 14 -16 -17 -18 -19 24 23 21 -23 -24 -25 25 26 -28 -29 -30 -31
leaf_value=0.047757111986478168 -0.00012046717455995145 -0.0072535586077719927 -0.027948474068017232 0.010553027201218135 0.027490932183961078 -0.0012505616408479572 0.0026795812562408713 -0.0024409743425037184 0.0095684578316286226 -0.025124992500059309 0.041668355336324098 -0.054075961123833075 -0.00094318109021211672 -0.042570445826277142 -0.0085457916504570429 -0.044942335198478151 -0.026436821285190176 0.03638975784309547 -0.011978048997322523 -0.037639808060171517 0.094479863921349702 0.0085219883444634364 0.018090305409585946 0.014704110616850848 0.0035213865157132924 -0.016369005192592295 0.027783832257250098 -0.032098440529609272 0.047772276884114201 -0.0021544078903804934
leaf_weight=21 11909 22 21 33 21 459 858 28 20 36 21 23 30 30 63 24 113 22 127 26 22 33 85 103 211 21 82 22 22 70
leaf_count=21 11909 22 21 33 21 459 858 28 20 36 21 23 30 30 63 24 113 22 127 26 22 33 85 103 211 21 82 22 22 70
internal_value=6.83698e-05 0.0100166 -0.00264354 0.0250213 0.00971468 -1.28124e-05 -0.00252877 0.00126606 -0.00757007 0.000299115 0.0055259 0.00471414 -0.0240008 -0.00432882 -0.0195215 -0.022057 -0.0210225 0.00643964 0.00567348 0.0111562 0.020424 0.0442957 0.00523286 0.00193507 0.000972267 0.00586718 0.0187818 0.000158141 0.0711261 -0.011765
internal_weight=14578 118 64 54 43 14460 1595 910 685 12865 956 935 53 552 93 52 133 882 860 397 198 77 121 199 463 336 103 233 44 96
internal_count=14578 118 64 54 43 14460 1595 910 685 12865 956 935 53 552 93 52 133 882 860 397 198 77 121 199 463 336 103 233 44 96
is_linear=0
shrinkage=0.05


Tree=321
num_leaves=31
num_cat=0
split_feature=3 7 17 3 6 9 8 8 15 8 0 0 4 16 14 5 8 5 4 7 6 0 15 7 1 15 5 15 0 0
split_gain=4.27736 16.3064 13.7416 11.0923 9.47437 10.5616 8.62402 13.8454 8.51877 8.09912 7.0715 6.82841 6.48604 9.22162 6.74737 6.0037 5.88137 9.02886 6.74209 5.573 4.74485 17.6123 20.1373 32.5918 12.3898 5.63174 15.1235 7.82902 17.2794 11.5758
threshold=29.928634500000005 1487014.8500000003 13.050000000000002 29.152939000000003 29.706481500000006 -166616.85999999996 -0.016205000000001132 0.27728300000000067 14.195000000000002 1.3118595000000008 26.500000000000004 31.500000000000004 2121661.9000000004 29.682500000000001 24.997500000000006 11.195000000000002 0.37844899999999987 7.3850000000000007 2595170.9000000004 2748294.3000000003 28.869583000000002 36.500000000000007 16.802500000000006 2246794.4000000004 3.5000000000000004 13.050000000000002 7.4150000000000009 13.787500000000001 21.500000000000004 42.500000000000007
decision_type=2 2 2 2 2 2 2 2 2 2 2 2 2 2 2 2 2 2 2 2 2 2 2 2 2 2 2 2 2 2
left_child=3 -2 -3 4 20 -6 8 -8 -5 10 -9 -12 14 16 -4 -10 17 -14 -18 -19 25 22 23 -22 -24 26 -1 28 -27 -30
right_child=1 2 12 6 5 -7 7 9 15 -11 11 -13 13 -15 -16 -17 18 19 -20 -21 21 -23 24 -25 -26 27 -28 -29 29 -31
leaf_value=0.046979150277647104 0.043092523834719842 -0.032974529370665549 0.00061869070865213879 -0.046205502941652585 0.035412887433687083 -0.0079138852423056971 0.027837033569812777 0.00089530750798682375 0.0014164166789435383 0.006512893862756235 -0.053668683306092313 -0.015334824461024256 0.0093246786544720333 0.01674544840856497 0.038935491287459933 -0.028310023169174338 0.028335573852417018 -0.046722080329941081 -0.0088644858465754782 -0.012217076063156128 0.04938235459331837 -0.048095516646086862 -0.054935175376012925 -0.021842389027106352 -0.005339417253237437 -0.020951618235972781 0.003758523700498664 0.0001460982459494988 0.018124026395654417 -0.019605194687329491
leaf_weight=22 27 25 20 27 39 22 29 24 35 42 21 26 24 67 27 33 21 22 29 25 36 24 20 29 34 132 253 13346 68 29
leaf_count=22 27 25 20 27 39 22 29 24 35 42 21 26 24 67 27 33 21 22 29 25 36 24 20 29 34 132 253 13346 68 29
internal_value=6.49513e-05 0.0061086 0.00226796 -5.64207e-05 0.000124473 0.0197868 -0.0107833 -0.00298201 -0.0224443 -0.0108913 -0.0211868 -0.0324627 0.00601716 0.00186384 0.0226305 -0.0130096 -0.00637639 -0.015627 0.00675954 -0.0283684 3.87582e-05 -0.00902238 -0.00114209 0.0176052 -0.0237082 0.000132314 0.00721617 -1.11899e-05 -0.00917786 0.00684416
internal_weight=14578 287 260 14291 14054 61 237 142 95 113 71 47 235 188 47 68 121 71 50 47 13993 143 119 65 54 13850 275 13575 229 97
internal_count=14578 287 260 14291 14054 61 237 142 95 113 71 47 235 188 47 68 121 71 50 47 13993 143 119 65 54 13850 275 13575 229 97
is_linear=0
shrinkage=0.05


Tree=322
num_leaves=31
num_cat=0
split_feature=14 8 15 0 6 0 15 15 6 15 7 12 0 0 17 1 9 3 7 15 0 0 6 5 0 5 5 9 6 16
split_gain=4.27145 4.28714 8.09198 7.22517 6.41251 4.6898 4.62959 17.7692 18.6324 17.7996 16.6246 18.5632 16.0273 19.1892 14.1517 24.5901 27.852 22.5652 19.5054 22.3486 18.7894 33.7526 26.6056 17.7748 14.9613 21.006 13.8511 23.2624 26.0548 16.9542
threshold=74.635000000000005 -8.133728249999999 21.672500000000003 27.500000000000004 12.243026500000001 13.500000000000002 17.160000000000004 15.840000000000002 12.843750000000002 14.497500000000002 2366693.0000000005 5.995000000000001 12.500000000000002 17.500000000000004 18.415000000000003 2.5000000000000004 -253545.19999999981 10.952988000000001 1846259.2000000004 16.737500000000004 11.500000000000002 18.500000000000004 11.687088000000001 13.525 32.500000000000007 9.0050000000000008 12.235000000000001 75446.040000000008 29.371887500000003 25.047500000000003
decision_type=2 2 2 2 2 2 2 2 2 2 2 2 2 2 2 2 2 2 2 2 2 2 2 2 2 2 2 2 2 2
left_child=1 2 4 5 -1 -4 7 8 9 12 11 -10 -3 -14 15 16 -9 -17 19 24 -16 22 -22 -23 25 -18 27 28 -13 -29
right_child=-2 6 3 -5 -6 -7 -8 14 10 -11 -12 26 13 -15 20 17 18 -19 -20 -21 21 23 -24 -25 -26 -27 -28 29 -30 -31
leaf_value=0.045361952341738204 0.016378348021535202 -0.017316689915200578 -0.0084860370261594653 -0.026558355171056022 0.010018070764261101 0.024619623419383299 -0.00049439292383606588 0.06841954260598869 0.050994029162185532 -0.01641824018216954 -0.012066974493541889 0.0025239439262097975 0.049442401555223538 0.0029363536473289626 -0.0045688769116398248 0.035438547916710382 0.02122242127613087 -0.021610466732571904 -0.034782151088118551 -0.009897438299709134 0.099684827097437603 0.0059993254877245654 0.028699391019163713 0.042302115740520618 0.0024005040321277366 0.079337134868230519 -0.0041433477331884209 0.0074841167589103615 0.041312157160238082 0.058854779471746756
leaf_weight=21 40 79 20 21 33 23 11684 20 21 309 175 736 26 151 87 20 48 130 25 70 22 171 33 42 42 23 395 29 46 36
leaf_count=21 40 79 20 21 33 23 11684 20 21 309 175 736 26 151 87 20 48 130 25 70 22 171 33 42 42 23 395 29 46 36
internal_value=6.17037e-05 1.681e-05 0.0095085 -0.00251867 0.0237629 0.00922164 -6.08612e-05 0.00179052 -0.000647048 -0.00834047 0.00237575 0.00437692 0.00140966 0.00976775 0.00845144 0.00171873 0.0120626 -0.0140039 0.00664364 0.0123029 0.0156204 0.0221743 0.0570936 0.0131576 0.0260553 0.0400483 0.0035887 0.00719456 0.0048056 0.0359356
internal_weight=14578 14538 118 64 54 43 14420 2736 2003 565 1438 1263 256 177 733 378 228 150 208 183 355 268 55 213 113 71 1242 847 782 65
internal_count=14578 14538 118 64 54 43 14420 2736 2003 565 1438 1263 256 177 733 378 228 150 208 183 355 268 55 213 113 71 1242 847 782 65
is_linear=0
shrinkage=0.05


Tree=323
num_leaves=31
num_cat=0
split_feature=19 19 13 9 19 6 6 4 13 9 9 6 17 6 5 13 8 6 9 18 18 3 5 3 8 13 13 17 19 17
split_gain=4.04398 10.4876 11.045 10.8899 10.0406 11.8366 22.2631 10.4465 9.93318 10.1043 16.7926 13.2078 8.92941 25.172 14.9205 25.0049 20.8034 12.937 11.6404 10.9129 18.4846 11.3217 10.8099 8.62868 8.47147 8.26563 10.2657 8.21135 8.10236 8.03572
threshold=5.4275000000000011 7.4449999999999994 11.355000000000002 515117.71500000014 6.2775000000000025 16.626907500000005 12.736053500000002 1120824.0000000002 10.085000000000003 561513.30000000016 115135.7570000002 17.803131000000004 29.960000000000004 22.961075000000005 11.715000000000002 11.505000000000001 -0.58702064999999892 9.6490475000000018 16993.170000000016 1.0000000180025095e-35 1.5674999999999957 13.282593 10.555000000000001 1.0000000180025095e-35 1.6015164999999991 14.870000000000003 11.555000000000001 14.870000000000003 1.327499999999999 27.825000000000003
decision_type=2 2 2 2 2 2 2 2 2 2 2 2 2 2 2 2 2 2 2 2 2 2 2 2 2 2 2 2 2 2
left_child=8 2 4 -3 7 6 -6 -2 23 10 12 -12 14 17 15 16 -10 25 29 -19 -21 -22 -17 -1 -5 26 -14 -4 -20 -16
right_child=1 3 27 24 5 -7 -8 -9 9 -11 11 -13 13 -15 18 22 -18 19 28 20 21 -23 -24 -25 -26 -27 -28 -29 -30 -31
leaf_value=0.032776059657335287 0.008593658897113594 0.002578797267064982 0.0021944839521893301 -0.0023015108491693226 -0.0059518119673047098 -0.002864560409009381 -0.053600715062557126 -0.015281942882969725 -0.014884425319579184 0.039556875753970377 -0.051354748241441407 -0.00099325098873426524 -0.0062336501126226632 -0.038278821980556814 -0.00089818861210450593 0.080290809390135109 0.026293811963291887 0.03333027604656915 0.051084488648034276 -0.014353081249547275 -7.0271682103767124e-05 0.038345295080745766 0.031169199276094635 -9.3137039434869242e-05 -0.042783916551464546 0.014789185502533136 -0.04979374653526715 -0.026870319680172474 0.0085572937076600891 0.026154340188950298
leaf_weight=20 205 858 32 28 66 197 39 59 49 21 23 30 38 39 323 21 82 45 21 66 34 44 24 11993 24 21 21 101 24 30
leaf_count=20 205 858 32 28 66 197 39 59 49 21 23 30 38 39 323 21 82 45 21 66 34 44 24 11993 24 21 21 101 24 30
internal_value=5.86186e-05 -0.00230567 -0.00691156 0.00123225 -0.00386484 -0.0100913 -0.02365 0.00325782 0.000351945 0.00525715 0.00448679 -0.0228482 0.00612937 -0.00073859 0.00981461 0.0219371 0.0108913 0.00470405 0.00445393 0.0118379 0.00512153 0.0216 0.0540926 -3.84143e-05 -0.0209857 -0.0121497 -0.0217381 -0.0198773 0.0284033 0.00140089
internal_weight=14578 1609 699 910 566 302 105 264 12969 956 935 53 882 308 574 176 131 269 398 189 144 78 45 12013 52 80 59 133 45 353
internal_count=14578 1609 699 910 566 302 105 264 12969 956 935 53 882 308 574 176 131 269 398 189 144 78 45 12013 52 80 59 133 45 353
is_linear=0
shrinkage=0.05


Tree=324
num_leaves=31
num_cat=0
split_feature=12 18 0 0 4 19 19 19 18 0 14 15 15 6 15 9 8 0 15 9 5 3 3 4 4 14 6 0 9 19
split_gain=4.24578 15.5401 17.1985 18.4373 29.0227 13.7063 12.4301 10.487 9.70434 9.49488 14.8509 5.0357 13.7899 21.0215 14.3512 13.9059 19.923 13.0774 12.8529 21.1663 11.8326 10.5568 20.2774 51.5779 15.5954 15.4823 12.9319 10.2751 9.96948 11.3094
threshold=20.005000000000006 10.94 29.500000000000004 36.500000000000007 407042.59000000003 2.4450000000000043 1.3899999999999972 -0.77749999999999975 1.6699999999999984 34.500000000000007 29.860000000000003 17.260000000000002 15.840000000000002 12.843750000000002 14.497500000000002 171709.87000000002 -0.12542699999999926 12.500000000000002 17.457500000000003 3484.2021500000146 17.505000000000006 24.111328000000004 22.954117000000004 215239.83000000005 1010151.1000000002 25.510000000000002 26.301391500000005 23.500000000000004 226797.30000000013 2.3525000000000014
decision_type=2 2 2 2 2 2 2 2 2 2 2 2 2 2 2 2 2 2 2 2 2 2 2 2 2 2 2 2 2 2
left_child=11 2 8 5 6 9 7 -5 -2 -4 -11 12 13 14 17 21 -17 -1 19 -13 28 22 24 -24 -15 26 27 -23 29 -14
right_child=1 -3 3 4 -6 -7 -8 -9 -10 10 -12 18 20 15 -16 16 -18 -19 -20 -21 -22 25 23 -25 -26 -27 -28 -29 -30 -31
leaf_value=-0.016446198572557937 0.034604130798418613 0.029004625744860749 -0.022345357452120101 -0.026414894053469536 0.053026214940473437 -0.0034128535482468025 -0.047444423571938565 0.019529777785970107 -0.0032199930226386982 -0.084997316136065384 -0.026840674593335109 -0.030909890791765232 0.013473767437475866 0.011048784804734169 -0.015674469710201665 0.057540501820455704 0.0038220444818337761 0.0080622410360457648 -7.9358461379451959e-05 0.0063244550009532016 -0.029240731531310651 -0.010881635615525138 -0.011746525989534955 0.091913508530706178 -0.020056650358795503 0.0087422938771137704 -0.00089398282184746073 -0.042989256839838723 -0.013232671840038771 -0.0024518568534404039
leaf_weight=79 28 29 35 23 20 33 21 27 43 23 21 87 563 192 303 28 45 175 11421 68 21 127 24 24 51 316 533 31 48 139
leaf_count=79 28 29 35 23 20 33 21 27 43 23 21 87 563 192 303 28 45 175 11421 68 21 127 24 24 51 316 533 31 48 139
internal_value=5.56876e-05 -0.00580119 -0.00948502 -0.0168934 -0.000176342 -0.0304759 -0.015163 -0.00160477 0.0116966 -0.0417808 -0.0572407 0.000180005 0.00212487 -0.000135204 -0.00832625 0.0031926 0.0244264 0.000439537 -0.000273449 -0.0145748 0.00777652 0.0019984 0.0103865 0.0400835 0.00452048 -0.000425584 -0.00461813 -0.0171812 0.00881301 0.0103204
internal_weight=14578 303 274 203 91 112 71 50 71 79 44 14275 2699 1928 557 1371 73 254 11576 155 771 1298 291 48 243 1007 691 158 750 702
internal_count=14578 303 274 203 91 112 71 50 71 79 44 14275 2699 1928 557 1371 73 254 11576 155 771 1298 291 48 243 1007 691 158 750 702
is_linear=0
shrinkage=0.05


Tree=325
num_leaves=31
num_cat=0
split_feature=18 12 4 12 3 0 0 6 6 18 0 7 12 8 0 18 8 8 12 18 5 9 7 7 3 18 9 0 14 7
split_gain=5.54298 13.2878 13.5295 16.9909 26.3422 15.9931 12.8992 19.2599 17.7257 12.8891 16.4218 26.2641 31.5563 16.4374 12.8717 12.8275 12.8013 11.1529 11.6526 10.6283 20.1623 15.2322 18.1257 16.3408 14.7753 13.1104 15.3015 29.826 15.2869 26.2693
threshold=5.044999999999999 11.685 1615449.6000000003 18.005000000000006 12.834381000000002 38.500000000000007 36.500000000000007 13.296570000000001 17.176544500000002 8.5875000000000004 32.500000000000007 190811.73500000002 10.215000000000002 -2.2429959999999984 41.500000000000007 8.0449999999999964 1.04965215 4.8152463500000016 10.435 4.0874999999999995 17.005000000000006 -135825.745 1832560.6000000003 1547748.5000000002 26.073822000000003 3.6250000000000004 -65506.364999999998 20.500000000000004 40.542500000000004 1744815.4000000001
decision_type=2 2 2 2 2 2 2 2 2 2 2 2 2 2 2 2 2 2 2 2 2 2 2 2 2 2 2 2 2 2
left_child=19 9 3 6 -5 16 -3 -8 14 10 13 17 -13 -2 -9 -15 -6 18 -12 25 21 -21 23 -23 -24 -1 27 -27 29 -28
right_child=1 2 -4 4 5 -7 7 8 -10 -11 11 12 -14 15 -16 -17 -18 -19 -20 20 -22 22 24 -25 -26 26 28 -29 -30 -31
leaf_value=-0.00029797479593074699 -0.02777372919436958 -0.013463415739830146 -0.019844476966006039 0.065345512296665798 0.0024294470690868122 -0.027096902299672366 0.037257039971235729 -0.0076360079895675878 0.013023917228482399 0.00079319881683131109 0.028840822753475305 0.01337329987436533 0.10219373293220997 0.0052681949812161989 -0.056762896832078691 0.038338522270562191 0.049141735685142601 -0.015607378471257358 -0.0039920579307736494 0.010667959784815481 0.043973544454202061 -0.0082062170705449466 -0.052883963772981636 0.036591753594222523 -0.0067080828351511928 0.081766415312886254 0.0025771135462082603 0.0093096362730982346 0.02017081232701938 -0.056087355142725372
leaf_weight=10800 36 226 113 22 44 28 36 40 70 1145 88 20 20 542 20 31 22 29 39 109 20 664 41 21 30 20 209 49 106 21
leaf_count=10800 36 226 113 22 44 28 36 40 70 1145 88 20 20 542 20 31 22 29 39 109 20 664 41 21 30 20 209 49 106 21
internal_value=6.49185e-05 0.00217317 -0.0041965 -0.000715749 0.016094 0.00456703 -0.00569006 0.00489295 -0.00406942 0.00420166 0.00904973 0.0216379 0.0577835 0.00499836 -0.0240116 0.00705734 0.0180002 0.0123698 0.0187583 -0.000383412 -0.00565843 -0.00680599 -0.00932538 -0.00683285 -0.033373 3.32228e-05 0.00886516 0.0303116 0.00446098 -0.00277921
internal_weight=14661 2571 621 508 116 94 392 166 130 1950 805 196 40 609 60 573 66 156 127 12090 885 865 756 685 71 11205 405 69 336 230
internal_count=14661 2571 621 508 116 94 392 166 130 1950 805 196 40 609 60 573 66 156 127 12090 885 865 756 685 71 11205 405 69 336 230
is_linear=0
shrinkage=0.05


end of trees

feature_importances:
slot=769
temp=749
weekly_max_reserve=683
solar_diff_96=671
weekly_min_reserve_prev=668
weekly_min_reserve=654
temp_diff_96=651
temp_prev_96=617
weekly_min_reserve_diff=592
jepx_price_prev_96=581
weekly_max_reserve_diff=578
solar=561
weekly_max_reserve_prev=548
price_prev_weekday_96=495
weekday=360
solar_prev_96=299
price_prev_holiday_96=279
holiday=25

parameters:
[boosting: gbdt]
[objective: regression]
[metric: rmse,l2]
[tree_learner: serial]
[device_type: cpu]
[data_sample_strategy: bagging]
[data: ]
[valid: ]
[num_iterations: 2000]
[learning_rate: 0.05]
[num_leaves: 31]
[num_threads: 10]
[seed: 42]
[deterministic: 0]
[force_col_wise: 0]
[force_row_wise: 0]
[histogram_pool_size: -1]
[max_depth: -1]
[min_data_in_leaf: 20]
[min_sum_hessian_in_leaf: 0.001]
[bagging_fraction: 0.8]
[pos_bagging_fraction: 1]
[neg_bagging_fraction: 1]
[bagging_freq: 5]
[bagging_seed: 400]
[bagging_by_query: 0]
[feature_fraction: 0.9]
[feature_fraction_bynode: 1]
[feature_fraction_seed: 30056]
[extra_trees: 0]
[extra_seed: 12879]
[early_stopping_round: 0]
[early_stopping_min_delta: 0]
[first_metric_only: 0]
[max_delta_step: 0]
[lambda_l1: 0]
[lambda_l2: 0]
[linear_lambda: 0]
[min_gain_to_split: 0]
[drop_rate: 0.1]
[max_drop: 50]
[skip_drop: 0.5]
[xgboost_dart_mode: 0]
[uniform_drop: 0]
[drop_seed: 17869]
[top_rate: 0.2]
[other_rate: 0.1]
[min_data_per_group: 100]
[max_cat_threshold: 32]
[cat_l2: 10]
[cat_smooth: 10]
[max_cat_to_onehot: 4]
[top_k: 20]
[monotone_constraints: ]
[monotone_constraints_method: basic]
[monotone_penalty: 0]
[feature_contri: ]
[forcedsplits_filename: ]
[refit_decay_rate: 0.9]
[cegb_tradeoff: 1]
[cegb_penalty_split: 0]
[cegb_penalty_feature_lazy: ]
[cegb_penalty_feature_coupled: ]
[path_smooth: 0]
[interaction_constraints: ]
[verbosity: 1]
[saved_feature_importance_type: 0]
[use_quantized_grad: 0]
[num_grad_quant_bins: 4]
[quant_train_renew_leaf: 0]
[stochastic_rounding: 1]
[linear_tree: 0]
[max_bin: 255]
[max_bin_by_feature: ]
[min_data_in_bin: 3]
[bin_construct_sample_cnt: 200000]
[data_random_seed: 175]
[is_enable_sparse: 1]
[enable_bundle: 1]
[use_missing: 1]
[zero_as_missing: 0]
[feature_pre_filter: 1]
[pre_partition: 0]
[two_round: 0]
[header: 0]
[label_column: ]
[weight_column: ]
[group_column: ]
[ignore_column: ]
[categorical_feature: ]
[forcedbins_filename: ]
[precise_float_parser: 0]
[parser_config_file: ]
[objective_seed: 16083]
[num_class: 1]
[is_unbalance: 0]
[scale_pos_weight: 1]
[sigmoid: 1]
[boost_from_average: 1]
[reg_sqrt: 0]
[alpha: 0.9]
[fair_c: 1]
[poisson_max_delta_step: 0.7]
[tweedie_variance_power: 1.5]
[lambdarank_truncation_level: 30]
[lambdarank_norm: 1]
[label_gain: ]
[lambdarank_position_bias_regularization: 0]
[eval_at: ]
[multi_error_top_k: 1]
[auc_mu_weights: ]
[num_machines: 1]
[local_listen_port: 12400]
[time_out: 120]
[machine_list_filename: ]
[machines: ]
[gpu_platform_id: -1]
[gpu_device_id: -1]
[gpu_use_dp: 0]
[num_gpu: 1]

end of parameters

pandas_categorical:[]
