tree
version=v4
num_class=1
num_tree_per_iteration=1
label_index=0
max_feature_idx=19
objective=regression
feature_names=slot weekday holiday temp solar jepx_price_prev_96 temp_prev_96 solar_prev_96 temp_diff_96 solar_diff_96 reserve_ratio_prev_96 reserve_ratio_diff_96 price_prev_weekday_96 price_prev_holiday_96 weekly_max_reserve weekly_min_reserve weekly_max_reserve_prev weekly_min_reserve_prev weekly_max_reserve_diff weekly_min_reserve_diff
feature_infos=[0:47] [0:6] [0:1] [-7.5947570000000004:25.669525] [0:3248560] [0:80] [-7.5947570000000004:25.669525] [0:3248560] [-9.6893618000000004:9.9425963999999993] [-2249992.1000000001:2719826.6000000001] [0:88.549999999999997] [-49.22999999999999:76.700000000000003] [0:80] [0:50] [5.4100000000000001:65.284999999999997] [4.5350000000000001:31.960000000000001] [0:65.284999999999997] [0:31.960000000000001] [-39.770000000000003:40.215000000000003] [-12.195:14.664999999999999]
tree_sizes=2679 2789 2804 2797 2804 2791 2792 2814 2799 2804 2777 2787 2776 2806 2760 2810 2805 2794 2814 2776 2786 2807 2827 2758 2801 2785 2833 2828 2832 2811 2809 2812 2807 2800 2826 2789 2807 2808 2777 2820 2802 2827 2790 2770 2815 2813 2802 2812 2804 2794 2836 2785 2809 2828 2837 2806 2803 2813 2824 2819 2827 2806 2813 2818 2774 2825 2808 2837 2821 2838 2811 2768 2823 2788 2787 2848 2763 2781 2795 2802 2842 2820 2813 2829 2848 2817 2806 2812 2870 2849 2798 2842 2836 2795 2812 2800 2817 2820 2832 2871 2824 2815 2830 2795 2815 2839 2846 2819 2850 2830 2829 2827 2825 2845 2817 2800 2829 2816 2831 2790 2819 2814 2825 2831 2815 2828 2818

Tree=0
num_leaves=31
num_cat=0
split_feature=5 12 12 7 11 11 0 17 0 5 7 12 9 0 9 11 1 11 1 5 10 5 10 6 11 14 9 14 19 10
split_gain=99772.1 26067.6 24030.1 18626.8 9745.89 8485.38 4665.37 4100.01 4055.15 3734.82 3035.32 2834.38 2773.53 2617.6 2354.55 1978.02 1856.28 1832.78 1650 1621.58 1617.05 1558.85 1552.96 1468.48 1455.56 1689.23 1447.33 1361.68 1310.08 1248.06
threshold=13.725000000000003 9.9950000000000028 18.415000000000003 257602.20500000005 10.915000000000003 7.9650000000000034 28.500000000000004 16.140000000000004 31.500000000000004 16.085000000000004 44241.075000000004 14.865 366192.85000000015 31.500000000000004 -310639.18999999989 8.6200000000000045 3.5000000000000004 7.7899999999999983 3.5000000000000004 1.0050000000000001 23.975000000000005 7.8950000000000005 16.435000000000006 10.480713000000002 -1.0650000000000011 32.565000000000005 248746.77500000005 27.187500000000004 -1.0499999999999996 9.5050000000000008
decision_type=2 2 2 2 2 2 2 2 2 2 2 2 2 2 2 2 2 2 2 2 2 2 2 2 2 2 2 2 2 2
left_child=1 3 4 19 9 7 15 14 17 18 29 -8 20 23 28 21 -15 -4 -2 -1 -9 -3 -7 27 25 -12 -6 -11 -5 -10
right_child=2 6 8 5 26 22 11 12 10 13 24 -13 -14 16 -16 -17 -18 -19 -20 -21 -22 -23 -24 -25 -26 -27 -28 -29 -30 -31
leaf_value=12.048126407774348 12.0158549545277 11.731582380714803 12.143446290445556 12.041414216050656 11.781413404134504 11.609416826525891 11.909960535850024 11.734354330115352 12.602782009894964 11.984742951610707 12.635812347015403 12.080497086191873 11.488417292097422 12.217469048832735 11.705997908198485 11.654647634858463 12.070553787903519 11.662514698245559 11.903497383341808 11.806020819389975 11.611602729459626 11.858406863136409 11.454095074770585 11.882246611506437 12.356028042164192 12.242472477581844 11.487711403638219 12.144886572401136 11.804022516381083 12.204952303986213
leaf_weight=71 629 273 199 76 81 222 1261 428 21 370 124 302 308 353 1079 146 550 22 680 2672 719 2154 585 191 252 35 87 207 247 322
leaf_count=71 629 273 199 76 81 222 1261 428 21 370 124 302 308 353 1079 146 550 22 680 2672 719 2154 585 191 252 35 87 207 247 322
internal_value=11.8585 11.7769 12.067 11.7138 11.9998 11.64 11.8748 11.6804 12.2839 12.0207 12.3391 11.9429 11.6216 12.0703 11.7414 11.8334 12.128 12.0956 11.9575 11.8123 11.6574 11.8441 11.4968 12.0024 12.4308 12.5492 11.6293 12.0422 11.8599 12.2293
internal_weight=14666 10543 4123 6407 3148 3664 4136 2857 975 2980 754 1563 1455 1671 1402 2573 903 221 1309 2743 1147 2427 807 768 411 159 168 577 323 343
internal_count=14666 10543 4123 6407 3148 3664 4136 2857 975 2980 754 1563 1455 1671 1402 2573 903 221 1309 2743 1147 2427 807 768 411 159 168 577 323 343
is_linear=0
shrinkage=1


Tree=1
num_leaves=31
num_cat=0
split_feature=5 4 12 12 11 3 11 15 0 17 0 4 12 4 15 13 0 6 5 0 4 15 10 11 5 0 12 7 6 16
split_gain=90044.3 27885.8 21687.2 11079 8795.66 7390.03 5152.78 3911.44 3659.77 3214.53 2886.02 2763.78 2703.22 2397.39 2354.41 2303.22 2286.2 2155.55 2212.6 2105.02 1836.09 1691.72 1668.42 1654.08 1594.72 1521.15 1490.68 1441.36 1350.39 1391.82
threshold=13.725000000000003 1546853.7500000002 18.415000000000003 10.365 10.915000000000003 20.779968000000004 6.2550000000000008 15.330000000000002 31.500000000000004 11.317500000000001 31.500000000000004 21001.698500000002 14.785000000000002 2110603.9000000004 6.2475000000000005 1.0000000180025095e-35 30.500000000000004 -4.2765196499999991 17.435000000000006 17.500000000000004 159533.82500000004 13.887500000000001 19.435000000000006 7.7899999999999983 16.605000000000004 31.500000000000004 8.0250000000000004 1216428.4500000002 12.525558500000001 27.187500000000004
decision_type=2 2 2 2 2 2 2 2 2 2 2 2 2 2 2 2 2 2 2 2 2 2 2 2 2 2 2 2 2 2
left_child=1 3 4 6 7 9 16 10 23 -3 28 -10 -5 15 -13 -11 22 19 27 -9 -8 -16 -1 -4 -12 -14 -7 -19 29 -2
right_child=2 5 8 12 -6 26 20 17 11 13 24 14 25 -15 21 -17 -18 18 -20 -21 -22 -23 -24 -25 -26 -27 -28 -29 -30 -31
leaf_value=-0.045534979698141534 0.10305646624144216 -0.10784882263402747 0.27137291167427474 0.014081707088989263 -0.2170492208352135 -0.16844121261894313 -0.10923540302833157 0.078300216645002363 0.34487156634694938 -0.19136813728425048 0.20182459554008139 0.99104986279099083 0.063987260362858109 -0.39208099821839726 0.56593727740841226 -0.38097000035894923 0.0019311888942775809 0.049024493266432892 0.16937039210943178 0.79504688240232924 -0.26585345266108079 0.32779557963415074 -0.11721227691797471 -0.18551209409805863 0.33271151505918667 0.23795517649840225 0.0051322745571266105 -0.18830814476524083 0.029948903292219727 0.26428761498182402
leaf_weight=1554 298 198 199 2901 168 229 315 20 317 449 494 27 293 657 312 249 1048 743 425 21 461 98 1700 22 440 220 269 70 226 243
leaf_count=1554 298 198 199 2901 168 229 315 20 317 449 494 27 293 657 312 249 1048 743 425 21 461 98 1700 22 440 220 269 70 226 243
internal_value=0.00065282 -0.0768231 0.198768 -0.0368602 0.134949 -0.242286 -0.0836877 0.154793 0.404822 -0.296032 0.204465 0.457267 0.0327913 -0.32353 0.538798 -0.259005 -0.0622962 0.0887318 0.0769193 0.445414 -0.202278 0.509016 -0.0829816 0.225891 0.263484 0.138593 -0.0746836 0.0285899 0.132596 0.175476
internal_weight=14666 10543 4123 8492 3148 2051 5078 2980 975 1553 1701 754 3414 1355 437 698 4302 1279 1238 41 776 410 3254 221 934 513 498 813 767 541
internal_count=14666 10543 4123 8492 3148 2051 5078 2980 975 1553 1701 754 3414 1355 437 698 4302 1279 1238 41 776 410 3254 221 934 513 498 813 767 541
is_linear=0
shrinkage=0.05


Tree=2
num_leaves=31
num_cat=0
split_feature=5 4 12 12 4 3 11 0 11 7 17 15 12 0 11 4 8 15 4 8 11 10 0 12 15 9 11 0 15 0
split_gain=81288.6 26323.9 17922.9 10812.5 8466.8 6883.7 4609.36 3436.11 3124.71 2927.45 2904.96 2884.28 2790.04 2268.43 2254.69 2136.94 1813.47 1755.5 1663.1 1592.99 1589.55 1547.61 1535.03 1414.69 1411.15 1419.54 1398.54 1362.31 1189.25 1153.73
threshold=14.505000000000001 1546853.7500000002 18.415000000000003 10.365 897836.45000000007 20.779968000000004 6.7799999999999994 32.500000000000007 11.375000000000004 44241.075000000004 11.317500000000001 14.792500000000002 12.885000000000003 30.500000000000004 4.5700000000000021 2110603.9000000004 -1.7183989999999996 13.887500000000001 190266.25000000003 1.5048218500000001 7.1150000000000011 20.705000000000002 31.500000000000004 8.0250000000000004 14.627500000000003 -765832.82999999984 -1.0650000000000011 29.500000000000004 16.885000000000002 41.500000000000007
decision_type=2 2 2 2 2 2 2 2 2 2 2 2 2 2 2 2 2 2 2 2 2 2 2 2 2 2 2 2 2 2
left_child=1 3 4 6 11 10 13 20 -6 -9 -3 19 28 21 15 -12 -13 26 -8 22 -4 -1 -2 -7 25 -23 -11 -25 -5 -24
right_child=2 5 7 12 8 23 18 9 -10 17 14 16 -14 -15 -16 -17 -18 -19 -20 -21 -22 24 29 27 -26 -27 -28 -29 -30 -31
leaf_value=-0.048957002038244928 0.17593736310803529 -0.10245638308538632 0.27883562446246302 0.022964371234839284 0.0028929205454322838 -0.16068442921194695 -0.10399404541605105 0.34124414019247362 -0.32802445544136893 0.75319200874521186 -0.18085683727716823 -0.056317695704554874 0.099741865143842812 0.001719827228305916 -0.38725432169748775 -0.34246835883902876 0.13751383815342996 0.34397146952005087 -0.25881658858506812 0.11337963730602295 -0.1187543185494308 0.15389319612106808 0.34779287762357858 -0.037169135039468774 -0.15578516821113936 -0.085388756749391004 0.51962176393605997 0.28522169319422624 -0.062631835464123348 0.20976209457598807
leaf_weight=1849 430 198 246 1986 344 230 295 332 90 104 443 140 1145 1162 536 380 874 81 421 269 28 71 416 238 917 488 167 38 510 238
leaf_count=1849 430 198 246 1986 344 230 295 332 90 104 443 140 1145 1162 536 380 874 81 421 269 28 71 416 238 917 488 167 38 510 238
internal_value=0.000620179 -0.0684853 0.201135 -0.0309692 0.137284 -0.229315 -0.0772173 0.38782 -0.0657305 0.447754 -0.281382 0.174508 0.0351193 -0.058418 -0.307451 -0.255477 0.110752 0.548212 -0.195028 0.222289 0.238206 -0.0794345 0.249316 -0.0691013 -0.117614 -0.054997 0.609258 0.00721801 0.00547476 0.297561
internal_weight=14666 10907 3759 8844 2801 2063 5203 958 434 684 1557 2367 3641 4487 1359 823 1014 352 716 1353 274 3325 1084 506 1476 559 271 276 2496 654
internal_count=14666 10907 3759 8844 2801 2063 5203 958 434 684 1557 2367 3641 4487 1359 823 1014 352 716 1353 274 3325 1084 506 1476 559 271 276 2496 654
is_linear=0
shrinkage=0.05


Tree=3
num_leaves=31
num_cat=0
split_feature=5 7 12 12 11 11 12 0 15 9 0 14 7 0 17 6 7 6 0 17 11 15 5 9 10 11 0 5 11 10
split_gain=73407.9 19465.6 17665.9 13657.3 7335.57 4519.38 4371.09 4084.93 3445.93 3042.78 3027.3 2983.93 2850.01 2534.32 2453.74 2001.97 1963.24 1722.65 1898.99 1672.27 1757.79 1638.09 1590.37 1525.11 1475.24 1437.2 1418.67 1291.53 1251.91 1240.1
threshold=13.725000000000003 378931.86500000005 18.415000000000003 8.0250000000000004 14.130000000000003 7.2799999999999994 12.685 28.500000000000004 14.197500000000003 353397.15000000008 32.500000000000007 33.102500000000006 44241.075000000004 31.500000000000004 18.235000000000003 16.443359000000004 1216428.4500000002 -4.2765196499999991 17.500000000000004 22.277500000000003 -27.874999999999996 13.887500000000001 17.435000000000006 1094.6197000000009 18.135000000000002 9.6350000000000033 21.500000000000004 16.605000000000004 -1.0650000000000011 27.565000000000001
decision_type=2 2 2 2 2 2 2 2 2 2 2 2 2 2 2 2 2 2 2 2 2 2 2 2 2 2 2 2 2 2
left_child=1 6 4 5 8 9 14 11 13 19 25 -5 -12 -2 26 -9 17 18 -10 20 -3 28 -19 -8 -7 -4 -1 -15 -14 -11
right_child=2 3 10 7 -6 24 23 15 16 29 12 -13 21 27 -16 -17 -18 22 -20 -21 -22 -23 -24 -25 -26 -27 -28 -29 -30 -31
leaf_value=-0.023422837386178268 0.11803714945738791 0.24139149789698422 0.25712132855551317 -0.047544922070766368 -0.29312715110848253 -0.23241093988357422 0.074173695616229093 0.012779981790219325 0.067975690662860869 -0.21025337365811303 0.31794588895346265 -0.22772777228288957 0.71553241518827582 0.1866877540180992 -0.076361365757710575 0.22274760162088691 -0.11941909199184944 0.047217124612097851 0.74874215296336588 -0.26434072429739586 -0.13347240354347636 0.32538678531187126 0.16251454358394057 0.27480137441475116 -0.37351638455366681 -0.18297481879591942 0.045031840119936696 0.30957642148834058 0.49504772572827771 -0.388848560793915
leaf_weight=2379 719 32 256 1027 103 307 646 385 20 190 343 296 104 448 1604 161 113 855 21 254 1375 83 460 111 467 20 1110 409 169 199
leaf_count=2379 719 32 256 1027 103 307 646 385 20 190 343 296 104 448 1604 161 113 855 21 254 1375 83 460 111 467 20 1110 409 169 199
internal_value=0.000589169 -0.0693644 0.179469 -0.145218 0.12187 -0.214608 -0.00851317 -0.040371 0.135907 -0.175742 0.365441 -0.0878579 0.420803 0.18726 -0.025176 0.0746935 0.0808142 0.0975003 0.416661 -0.146263 -0.124947 0.519903 0.0875493 0.103592 -0.317548 0.22523 -0.00164448 0.245336 0.579042 -0.301617
internal_weight=14666 10543 4123 4693 3148 2824 5850 1869 3045 2050 975 1323 699 1576 5093 546 1469 1356 41 1661 1407 356 1315 757 774 276 3489 857 273 389
internal_count=14666 10543 4123 4693 3148 2824 5850 1869 3045 2050 975 1323 699 1576 5093 546 1469 1356 41 1661 1407 356 1315 757 774 276 3489 857 273 389
is_linear=0
shrinkage=0.05


Tree=4
num_leaves=31
num_cat=0
split_feature=5 4 15 0 0 3 4 7 15 7 15 4 5 13 4 8 11 11 11 4 9 0 3 10 19 3 6 17 6 16
split_gain=66333.4 21971.1 11013.9 8083.13 7342.87 5815.59 5432.73 5387.01 5052.6 3953.94 2851.03 2499.42 2329.72 1921.31 1714.93 1616.36 1591.59 1469.1 1456.34 1448.53 2304.64 1427.95 1719.12 1420.09 1881.69 1715.76 1882.65 1646.73 1383.13 1349.52
threshold=14.505000000000001 1546853.7500000002 14.792500000000002 31.500000000000004 29.500000000000004 20.779968000000004 897836.45000000007 1.0000000180025095e-35 15.170000000000003 85447.955000000016 14.610000000000001 2110603.9000000004 17.915000000000003 1.0000000180025095e-35 347968.06000000011 -1.7960204999999998 -5.4799999999999986 13.580000000000002 8.1850000000000005 413469.91000000003 -376655.14999999985 42.500000000000007 5.1150055000000014 15.135000000000003 -3.2574999999999998 5.2971802000000006 15.774017000000002 12.990000000000002 9.6218107500000034 27.187500000000004
decision_type=2 2 2 2 2 2 2 2 2 2 2 2 2 2 2 2 2 2 2 2 2 2 2 2 2 2 2 2 2 2
left_child=1 4 3 14 8 11 15 29 19 -10 21 13 -9 -3 28 -4 -14 -8 -11 20 -1 22 -6 24 -18 -26 27 -27 -2 -5
right_child=2 5 6 7 10 -7 17 12 9 18 -12 -13 16 -15 -16 -17 23 -19 -20 -21 -22 -23 -24 -25 25 26 -28 -29 -30 -31
leaf_value=0.54257998827844867 0.21649074253980496 -0.14368430163630616 -0.040535753380644746 0.16027173104264725 0.093880694991613556 -0.061538250815020248 -0.070648233467562591 0.28626067931034477 -0.05811498022334697 -0.14995199359998351 -0.0039302227827555719 -0.32443223045933633 0.70614785645157108 -0.30496219720166945 0.04240407955869821 0.13644045149799042 0.94667570704505555 -0.34502058268657754 -0.28546640510068222 -0.060850391034890462 0.0032093461325578805 0.033935159259903001 0.26897927665643317 0.2747034801668165 0.24327241674376032 1.071587187051773 0.45461758212811915 0.46811300277709961 0.0039183555866827025 0.29607067437920803
leaf_weight=20 481 554 149 406 486 506 161 249 1580 891 1683 726 64 277 352 962 21 70 255 1192 2028 512 197 101 72 26 201 20 91 333
leaf_count=20 481 554 149 406 486 506 161 249 1580 891 1683 726 64 277 352 962 21 70 255 1192 2028 512 197 101 72 26 201 20 91 333
internal_value=0.000559711 -0.061866 0.181692 0.245466 -0.0275917 -0.208799 0.0668331 0.317399 -0.0592351 -0.109399 0.0380039 -0.256656 0.411426 -0.197444 0.129237 0.112706 0.473141 -0.153791 -0.180106 -0.0170289 0.00847664 0.0970625 0.144385 0.439325 0.488228 0.458048 0.520654 0.809207 0.182672 0.221464
internal_weight=14666 10907 3759 2417 8844 2063 1342 1493 5966 2726 2878 1557 754 831 924 1111 505 231 1146 3240 2048 1195 683 441 340 319 247 46 572 739
internal_count=14666 10907 3759 2417 8844 2063 1342 1493 5966 2726 2878 1557 754 831 924 1111 505 231 1146 3240 2048 1195 683 441 340 319 247 46 572 739
is_linear=0
shrinkage=0.05


Tree=5
num_leaves=31
num_cat=0
split_feature=5 4 12 12 4 12 11 11 14 0 11 15 12 6 6 17 0 4 17 14 6 0 8 8 17 11 19 8 5 8
split_gain=60879.4 21324.2 13684.2 7831.12 6703.8 5411.86 3664.82 2614.41 2599.57 2497.26 2404.67 2127.7 1786.81 1880.79 1743.92 1818.34 1657.7 1600.07 1547.07 1457.99 1413.08 1394 1310.39 1377.27 1267.67 1289.06 1210.86 1398.39 1775.82 1847.68
threshold=14.505000000000001 1546853.7500000002 18.415000000000003 10.365 811812.4800000001 7.0050000000000008 4.5700000000000021 6.9550000000000001 32.007500000000007 26.500000000000004 11.375000000000004 14.197500000000003 18.145000000000003 23.513290500000004 3.0705871500000002 14.792500000000002 30.500000000000004 590660.84500000009 18.615000000000002 12.475000000000003 -4.2765196499999991 30.500000000000004 1.6573335000000002 -3.2587889664999996 16.022500000000004 -27.874999999999996 -3.2574999999999998 -0.71099850000000042 23.210000000000004 1.08747875
decision_type=2 2 2 2 2 2 2 2 2 2 2 2 2 2 2 2 2 2 2 2 2 2 2 2 2 2 2 2 2 2
left_child=1 3 4 6 11 18 16 14 21 19 -6 22 13 -11 -4 26 24 -8 -3 -5 -13 -7 23 -2 25 -1 -16 -28 -29 -30
right_child=2 5 7 9 10 8 17 -9 -10 12 -12 20 -14 -15 15 -17 -18 -19 -20 -21 -22 -23 -24 -25 -26 -27 27 28 29 -31
leaf_value=0.28799531017580488 0.0049343191582842602 -0.21837071721531653 0.22225376396660282 0.22493123341013088 -0.00096521869124656802 -0.056035656945779923 -0.095433212997008021 0.053031020964446819 -0.21534332163402459 0.056727122149825129 -0.28487610763232957 0.4282569704577327 0.27927259770990576 0.51244733074437021 0.75845636334912536 0.26703185042486854 0.011373395163692289 -0.21521625725168719 -0.33142086345129784 -0.014034595448439914 0.091215426717594639 0.34207512528999995 0.082678255772637863 0.23471927267790249 -0.096113673438773375 -0.037562910788635745 0.30107131357870853 0.41317249126810945 0.86237926438169665 0.39426351649420605
leaf_weight=31 70 634 186 66 347 500 694 76 345 1448 95 32 103 23 29 201 1048 466 579 1941 1104 23 213 953 1416 1586 153 237 53 35
leaf_count=31 70 634 186 66 347 500 694 76 345 1448 95 32 103 23 29 201 1048 466 579 1941 1104 23 213 953 1416 1586 153 237 53 35
internal_value=-0.000180579 -0.0601516 0.172616 -0.0261901 0.116791 -0.204125 -0.0651299 0.334566 -0.108806 0.0308005 -0.0619868 0.150105 0.0779493 0.0638526 0.3585 0.394293 -0.0428387 -0.143553 -0.272333 -0.00617623 0.10071 -0.0385279 0.195504 0.218996 -0.0615707 -0.0313215 0.444746 0.425714 0.484391 0.676197
internal_weight=14687 10903 3784 8822 2814 2081 5241 970 868 3581 442 2372 1574 1471 894 708 4081 1160 1213 2007 1136 523 1236 1023 3033 1617 507 478 325 88
internal_count=14687 10903 3784 8822 2814 2081 5241 970 868 3581 442 2372 1574 1471 894 708 4081 1160 1213 2007 1136 523 1236 1023 3033 1617 507 478 325 88
is_linear=0
shrinkage=0.05


Tree=6
num_leaves=31
num_cat=0
split_feature=12 4 0 5 11 10 4 15 12 11 14 14 15 5 15 8 3 10 6 7 8 0 15 6 15 10 9 8 19 10
split_gain=55395.8 25911.3 9475.24 8537.57 6798.63 3971.63 3555.11 3513.42 3203.93 2445.79 1978.19 1943.46 1826.86 1690.13 1580.14 1533.44 1482.74 1426.17 1383.51 1374.12 1278.35 1160.38 1125.03 1023.75 986.311 984.086 980.754 966.625 979.883 928.899
threshold=15.475000000000003 907015.13000000012 30.500000000000004 12.375000000000002 7.2799999999999994 24.225000000000005 599343.22000000009 15.780000000000003 19.735000000000003 -5.585 34.497500000000009 35.995000000000012 13.155000000000001 17.605000000000004 6.2475000000000005 -1.9255676000000002 -3.6960753999999993 19.565000000000001 7.2880860000000007 66105.609500000006 4.4852447500000006 26.500000000000004 10.8375 21.801559500000007 15.575000000000001 8.9250000000000025 -857967.30000000016 2.0565643500000004 -8.0074999999999985 14.135000000000003
decision_type=2 2 2 2 2 2 2 2 2 2 2 2 2 2 2 2 2 2 2 2 2 2 2 2 2 2 2 2 2 2
left_child=1 3 6 7 5 22 18 16 12 11 -8 26 -4 -5 -10 -15 -1 -6 20 25 -2 -18 -3 -17 -23 -9 -7 28 -16 -24
right_child=2 4 8 13 17 9 10 19 14 -11 -12 -13 -14 15 27 23 21 -19 -20 -21 -22 24 29 -25 -26 -27 -28 -29 -30 -31
leaf_value=0.12451735864552455 0.21899083580594503 0.0021047398088558113 0.28693113427414463 0.059287192621606123 -0.21497846060603576 0.088639906362244281 0.034520473329703913 0.17451535937737447 0.68748996257781991 -0.27582040109318973 -0.23826320193475115 -0.22785447035340747 0.14487356596518525 -0.060312819701265286 0.096544515763719876 0.16282952373201315 -0.021966138064560749 -0.33978043860406615 -0.0053538409199703624 -0.12445943808184255 -0.034054185895781429 0.038779955777802876 0.032316956392092193 0.39151774487712165 0.34089611811297282 -0.052265166546964538 -0.10008314173041229 0.086996840998049718 0.39066658419105088 -0.10743336927984502
leaf_weight=254 459 480 593 1961 509 82 216 49 39 441 96 314 366 71 30 444 2001 416 108 789 56 768 136 55 28 2015 429 31 505 946
leaf_count=254 459 480 593 1961 509 82 216 49 39 441 96 314 366 71 30 444 2001 416 108 789 56 768 136 55 28 2015 429 31 505 946
internal_value=-0.00017155 -0.0441418 0.214278 0.00448719 -0.153437 -0.114949 0.088358 -0.0284486 0.289556 -0.180766 -0.049413 -0.129956 0.232715 0.0813156 0.379656 0.157101 0.00884997 -0.271106 0.157354 -0.0683356 0.191475 -0.00165397 -0.0616047 0.188036 0.0494072 -0.0468813 -0.0697988 0.358445 0.374174 -0.0898677
internal_weight=14687 12188 2499 8435 3753 2828 935 5904 1564 1266 312 825 959 2531 605 570 3051 925 623 2853 515 2797 1562 499 796 2064 511 566 535 1082
internal_count=14687 12188 2499 8435 3753 2828 935 5904 1564 1266 312 825 959 2531 605 570 3051 925 623 2853 515 2797 1562 499 796 2064 511 566 535 1082
is_linear=0
shrinkage=0.05


Tree=7
num_leaves=31
num_cat=0
split_feature=12 4 0 15 0 4 12 0 17 10 6 15 0 14 15 16 6 4 15 6 6 3 6 7 8 9 19 10 6 1
split_gain=49994.7 23385 8551.41 6068.72 5309.29 3208.49 2891.55 2880.63 2851.35 2742 2228.77 2104.24 1864.49 1785.31 1677.46 1502.27 1664.84 1428.34 1426.08 1362.76 1299.84 1293.44 1248.62 1245.78 1153.71 1050.69 1036.16 1646.13 997.898 970.654
threshold=15.475000000000003 907015.13000000012 30.500000000000004 18.282500000000006 26.500000000000004 599343.22000000009 19.735000000000003 28.500000000000004 16.140000000000004 19.275000000000002 19.751877000000004 10.965000000000002 29.500000000000004 34.497500000000009 14.610000000000001 19.785000000000004 6.0892181500000016 2216040.7500000005 6.2475000000000005 3.5157471000000005 13.181228500000001 -3.6960753999999993 7.2880860000000007 85447.955000000016 4.4852447500000006 -857967.30000000016 0.64749999999999741 13.805000000000001 19.751877000000004 3.5000000000000004
decision_type=2 2 2 2 2 2 2 2 2 2 2 2 2 2 2 2 2 2 2 2 2 2 2 2 2 2 2 2 2 2
left_child=1 4 5 7 8 22 14 11 21 10 26 -3 15 -7 19 -5 -17 25 -8 -4 -18 -1 24 -10 -2 -13 27 -6 -19 -21
right_child=2 3 6 12 9 13 18 -9 23 -11 -12 17 -14 -15 -16 16 20 28 -20 29 -22 -23 -24 -25 -26 -27 -28 -29 -30 -31
leaf_value=0.10903375583838942 0.20804129163643312 -0.050335672037908813 0.16051273537525579 -0.41661230481382633 0.29191592013751105 0.032794449217100112 0.653115462187009 0.026307891462491489 -0.050042681217433382 0.014134861737738237 0.26972387380311996 0.031650289504758115 -0.10913660957702537 -0.22635003844043242 0.09694878589740806 -0.100890753135706 -0.32163076498342602 -0.31721625465023173 0.34052273711196213 0.34121665721711197 -0.18814408040336716 -0.0073450007180737454 -0.0050861489545140004 -0.13707994501181708 -0.032351474330893588 -0.14612510949625743 0.038584168284055219 0.086500804496554839 -0.12440388428978622 0.17353900525685367
leaf_weight=263 459 676 248 134 123 216 39 388 1524 2046 178 91 253 96 212 180 470 204 566 388 298 2589 108 563 56 959 678 471 100 111
leaf_count=263 459 676 248 134 123 216 39 388 1524 2046 178 91 253 96 212 180 470 204 566 388 298 2589 108 563 56 959 678 471 100 111
internal_value=-0.000162973 -0.0419347 0.203564 -0.145765 0.00426283 0.0839401 0.275078 -0.0985218 -0.0291114 0.0514126 0.104013 -0.122381 -0.231334 -0.0469423 0.221079 -0.259907 -0.237757 -0.15835 0.360673 0.256308 -0.269835 0.00338698 0.149486 -0.0735223 0.181901 -0.130718 0.0808236 0.129036 -0.253791 0.303918
internal_weight=14687 12188 2499 3753 8435 935 1564 2418 4939 3496 1450 2030 1335 312 959 1082 948 1354 605 747 768 2852 623 2087 515 1050 1272 594 304 499
internal_count=14687 12188 2499 3753 8435 935 1564 2418 4939 3496 1450 2030 1335 312 959 1082 948 1354 605 747 768 2852 623 2087 515 1050 1272 594 304 499
is_linear=0
shrinkage=0.05


Tree=8
num_leaves=31
num_cat=0
split_feature=12 4 0 12 0 12 4 11 11 10 6 10 14 10 15 11 15 17 6 17 11 4 0 6 8 3 17 18 0 18
split_gain=45172.2 19894.3 8148.61 5216.79 4910.42 3618.94 3313.79 2868.94 2440.46 2414.73 2286.32 2067.27 1947.72 1937.43 1914.27 1635.5 1571.76 1509.28 1414.69 1270.74 1346.38 1194.67 1177.03 1151.23 1204.19 1105.93 1100.68 1036.12 1332.81 1129.48
threshold=14.865 1069188.5000000002 30.500000000000004 8.0250000000000004 30.500000000000004 18.415000000000003 599343.22000000009 8.3950000000000049 11.375000000000004 21.665000000000003 19.751877000000004 15.385000000000003 33.102500000000006 21.485000000000003 6.2475000000000005 -2.5800000000000005 14.197500000000003 16.197500000000002 2.9156647000000002 14.792500000000002 6.7799999999999994 252773.57500000004 40.500000000000007 8.117126500000003 4.4852447500000006 21.962722500000002 19.482500000000005 -3.0550000000000028 37.500000000000007 -0.94999999999999918
decision_type=2 2 2 2 2 2 2 2 2 2 2 2 2 2 2 2 2 2 2 2 2 2 2 2 2 2 2 2 2 2
left_child=1 4 6 8 7 16 23 11 13 10 -6 -1 -8 -3 21 26 27 -13 -16 20 22 -7 -20 24 -2 -5 -15 28 -4 -29
right_child=2 3 5 25 9 14 12 -9 -10 -11 -12 17 -14 15 18 -17 -18 -19 19 -21 -22 -23 -24 -25 -26 -27 -28 29 -30 -31
leaf_value=0.020238786081258557 0.18868748718146131 -0.091979651438626436 0.64966955363750456 -0.083079625432005838 0.063986554366961629 0.36838532090187076 0.028273734967936462 -0.14895357708652834 -0.28816442716559987 -0.00080815766832256363 0.23450326824372036 -0.013536725654138219 -0.21467049608783176 -0.10552527365011766 0.12909185363449782 -0.28156367248077924 0.076029580314676715 -0.084062646370513361 0.43354364707359294 0.22290356562039407 0.1319254502326388 0.86226044034957894 0.21976850128326661 -0.0076664562258174866 -0.039503502249717715 0.041175923021991967 -0.23362113097884329 0.047194020555547951 0.22966848712998866 0.2295017816074123
leaf_weight=1886 523 616 30 785 1467 24 264 480 504 1466 227 1630 120 425 107 412 282 1419 369 217 54 25 78 118 65 232 277 106 51 428
leaf_count=1886 523 616 30 785 1467 24 264 480 504 1466 227 1630 120 425 107 412 282 1419 369 217 54 25 78 118 65 232 277 106 51 428
internal_value=-0.000154824 -0.0432848 0.178124 -0.148608 -0.0033541 0.244324 0.0705642 -0.032258 -0.191343 0.0461759 0.0868362 -0.0209077 -0.0476463 -0.163136 0.316732 -0.202483 0.173771 -0.0463594 0.298699 0.323974 0.367752 0.620362 0.396241 0.13486 0.163462 -0.0547342 -0.15607 0.218589 0.385224 0.193313
internal_weight=14687 11826 2861 3251 8575 1771 1090 5415 2234 3160 1694 4935 384 1730 874 1114 897 3049 825 718 501 49 447 706 588 1017 702 615 81 534
internal_count=14687 11826 2861 3251 8575 1771 1090 5415 2234 3160 1694 4935 384 1730 874 1114 897 3049 825 718 501 49 447 706 588 1017 702 615 81 534
is_linear=0
shrinkage=0.05


Tree=9
num_leaves=31
num_cat=0
split_feature=5 4 12 12 4 3 7 17 8 0 15 0 15 4 13 7 6 15 6 8 9 14 12 1 18 6 5 0 0 6
split_gain=42054.5 14633.2 9046.08 5703.27 4849.37 3934.87 2252.94 1861.97 1850.85 1731.24 1717.01 1586.98 1574.83 1568.05 1716.01 1430.29 1402.87 1360.44 1283.8 1246.45 1230.08 1194.89 1189.13 1188.44 2091.14 2845.72 1071.91 1068.08 1030.88 987.754
threshold=14.505000000000001 1546853.7500000002 18.415000000000003 10.365 1656507.4500000002 20.779968000000004 104990.43200000002 11.317500000000001 -2.353607199999999 26.500000000000004 17.172500000000003 31.500000000000004 14.197500000000003 2482083.2500000005 1.0000000180025095e-35 1.0000000180025095e-35 23.677231000000003 6.2475000000000005 -4.2765196499999991 1.6573335000000002 -765832.82999999984 12.475000000000003 18.145000000000003 3.5000000000000004 -2.9525000000000001 8.0099335000000025 17.335000000000004 25.500000000000004 27.500000000000004 19.552368000000005
decision_type=2 2 2 2 2 2 2 2 2 2 2 2 2 2 2 2 2 2 2 2 2 2 2 2 2 2 2 2 2 2
left_child=1 3 4 6 8 7 -1 -3 -2 21 20 -4 19 14 27 -13 22 -17 -14 23 -8 -5 -11 24 25 -10 -20 -9 -7 -6
right_child=2 5 11 9 29 28 10 13 12 16 -12 15 18 -15 -16 17 -18 -19 26 -21 -22 -23 -24 -25 -26 -27 -28 -29 -30 -31
leaf_value=-0.025578222626923552 -0.012024381284845731 -0.062895743874596607 0.15910602842202098 0.20520881709050048 -0.2602355556464509 -0.081435452939119579 0.089277832921255726 -0.20215527432079364 0.87012988842766859 0.04871175784917875 -0.14290240348433145 0.2009333172524479 0.39918804373592143 -0.31856981560566661 -0.28240211190978687 0.68727758177395526 0.43026440063348181 0.33506460340927352 0.036006657153839119 0.059804801626156694 -0.071187980588120023 -0.011123910254748688 0.2313012136715023 0.12108373156723878 0.20154623816252226 0.2229515076047037 0.13588176453344022 -0.074961329180074296 0.09838351394870494 -0.031623255218716062
leaf_weight=2895 256 197 226 66 95 378 132 396 29 1453 960 213 32 351 375 29 26 502 640 217 1254 1941 95 375 572 41 463 283 101 94
leaf_count=2895 256 197 226 66 95 378 132 396 29 1453 960 213 32 351 375 29 26 502 640 217 1254 1941 95 375 572 41 463 283 101 94
internal_value=-0.000147083 -0.049991 0.14347 -0.0218578 0.0980816 -0.169256 -0.0550888 -0.206852 0.115694 0.0267777 -0.0915053 0.275145 0.129495 -0.227037 -0.196554 0.310393 0.0660347 0.3543 0.0869881 0.168593 -0.0559055 -0.00400983 0.0599172 0.191805 0.233114 0.491068 0.0779307 -0.149142 -0.0435196 -0.146534
internal_weight=14687 10903 3784 8822 2814 2081 5241 1602 2625 3581 2346 970 2369 1405 1054 744 1574 531 1135 1234 1386 2007 1548 1017 642 70 1103 679 479 189
internal_count=14687 10903 3784 8822 2814 2081 5241 1602 2625 3581 2346 970 2369 1405 1054 744 1574 531 1135 1234 1386 2007 1548 1017 642 70 1103 679 479 189
is_linear=0
shrinkage=0.05


Tree=10
num_leaves=31
num_cat=0
split_feature=5 4 12 11 11 3 12 0 0 17 11 4 5 11 5 4 5 17 14 16 19 18 18 18 0 12 15 1 11 9
split_gain=38709 11002.4 10849 4668.52 4480.88 2958.13 2929.75 2670.7 1813.84 1930.68 1627.21 1615.13 1611.98 1507.16 1379.47 1073.89 1066.88 999.48 967.001 1053.83 959.711 2179.37 1081.26 1305.37 894.725 940.439 890.661 889.974 865.118 857
threshold=12.655000000000003 1572199.4000000001 16.945000000000004 5.7700000000000014 9.9650000000000034 18.224670500000006 10.365 30.500000000000004 41.500000000000007 14.610000000000001 2.2700000000000009 2337241.0000000005 15.865 -0.27999999999999842 1.0000000180025095e-35 599343.22000000009 9.9950000000000028 15.330000000000002 12.475000000000003 14.350000000000003 -1.78 3.2375000000000012 -4.6599999999999993 -5.737499999999998 28.500000000000004 15.595000000000001 24.985000000000003 3.5000000000000004 22.585000000000004 -857967.30000000016
decision_type=2 2 2 2 2 2 2 2 2 2 2 2 2 2 2 2 2 2 2 2 2 2 2 2 2 2 2 2 2 2
left_child=1 3 4 6 12 11 14 -4 9 13 -7 17 27 20 -1 -5 26 -3 19 -8 21 -9 23 -22 -20 -26 29 -2 -6 -16
right_child=2 5 7 15 28 10 18 8 -10 -11 -12 -13 -14 -15 16 -17 -18 -19 24 -21 22 -23 -24 -25 25 -27 -28 -29 -30 -31
leaf_value=0.19814802125348885 0.084770804924894805 -0.094974611645729165 0.12281360171445542 -0.083782117421065172 -0.10283757897375395 -0.020498727295297069 0.079168969283235219 0.99793907674876137 0.11923086571189537 0.17963968651688111 -0.17831642488796731 -0.29036069501963696 0.12120811768151581 0.27109893751686848 0.060051010788000861 -0.18067169247258 -0.013989335941221707 -0.20889095860703658 -0.0052104325135792096 0.41094892570568675 0.33889028375799007 0.36286089462893356 0.3320370525341903 0.89001533729689464 0.034427641473904473 0.16860617866086497 -0.16971662544528954 0.013092397737473324 -0.34836010946167839 -0.065656769596973238
leaf_weight=59 848 294 450 721 177 431 105 22 173 257 263 410 1339 353 145 474 1622 558 1602 31 22 35 203 21 859 154 192 885 45 2087
leaf_count=59 848 294 450 721 177 431 105 22 173 257 263 410 1339 353 145 474 1622 558 1602 31 22 35 203 21 859 154 192 885 45 2087
internal_value=-0.000749134 -0.0568571 0.115498 -0.0310155 0.0643265 -0.163223 -0.0151196 0.225236 0.267676 0.295805 -0.0803057 -0.208821 0.0800033 0.341314 -0.0418767 -0.122214 -0.0453768 -0.169582 0.0248069 0.154795 0.423116 0.607979 0.380282 0.608044 0.0180465 0.054826 -0.0663795 0.0481664 -0.152606 -0.0574903
internal_weight=14837 10007 4830 8051 3294 1956 6856 1536 1086 913 694 1262 3072 656 4105 1195 4046 852 2751 136 303 57 246 43 2615 1013 2424 1733 222 2232
internal_count=14837 10007 4830 8051 3294 1956 6856 1536 1086 913 694 1262 3072 656 4105 1195 4046 852 2751 136 303 57 246 43 2615 1013 2424 1733 222 2232
is_linear=0
shrinkage=0.05


Tree=11
num_leaves=31
num_cat=0
split_feature=5 4 12 11 11 6 12 0 0 17 17 17 5 8 11 4 3 6 8 19 4 5 15 18 16 11 11 0 17 17
split_gain=34934.9 9929.63 9791.26 4213.34 4046.49 2694.59 2656.45 2429.92 1907.4 1760.19 1622.58 1585.59 1487.12 1522.03 1409.02 1284.4 1131.85 1510.1 1729.15 1318.66 1006.26 988.85 974.757 946.433 926.628 844.985 822.672 801.243 818.656 1795.64
threshold=12.655000000000003 1572199.4000000001 16.945000000000004 5.7700000000000014 8.6200000000000045 18.784881500000001 11.125000000000002 32.500000000000007 40.500000000000007 14.792500000000002 18.235000000000003 18.125000000000004 15.865 -1.7960204999999998 11.375000000000004 2337241.0000000005 4.7798157500000009 8.7780300000000029 0.85829169999999999 -3.2574999999999998 2077842.7000000002 8.0250000000000004 6.4575000000000005 -4.280000000000002 29.310000000000006 -33.949999999999996 11.375000000000004 28.500000000000004 11.445000000000002 11.317500000000001
decision_type=2 2 2 2 2 2 2 2 2 2 2 2 2 2 2 2 2 2 2 2 2 2 2 2 2 2 2 2 2 2
left_child=1 3 4 6 12 15 10 26 9 16 11 25 -2 -14 -7 -3 22 18 -18 -19 -6 -5 -9 24 -21 -1 -4 28 29 -27
right_child=2 5 7 21 20 14 -8 8 -10 -11 -12 -13 13 -15 -16 -17 17 19 -20 23 -22 -23 -24 -25 -26 27 -28 -29 -30 -31
leaf_value=0.30461548984050757 0.046894304484450457 -0.15908788838678448 0.14329084040309581 -0.20256774877575606 -0.074748534142476689 -0.040054823976722533 0.0344254210247497 0.50333815194093268 0.13678675290871542 0.17735633404952461 -0.076542683102745923 0.2319161025923677 -0.037599216343451897 0.13626903792077444 -0.28832182064652445 -0.26172281259185037 0.82294451399491386 0.74287494774907836 0.29025486787781118 0.77915759994870148 -0.31151148038997989 -0.092177326865007334 0.16406999395617994 0.28876386048443814 0.31481767770918934 -0.0076823010461416139 -0.17565243052584786 0.025266023812006322 -0.055002274224363851 0.41429645241453095
leaf_weight=20 1712 896 543 259 211 534 1983 26 232 207 1546 64 141 1173 64 462 39 20 25 21 57 936 114 266 22 830 21 717 1670 26
leaf_count=20 1712 896 543 259 211 534 1983 26 232 207 1546 64 141 1173 64 462 39 20 25 21 57 936 114 266 22 830 21 717 1670 26
internal_value=-0.000711678 -0.0540143 0.109723 -0.0294647 0.0611102 -0.155062 -0.0143636 0.213974 0.261879 0.301097 -0.0342177 -0.01455 0.0776025 0.117612 -0.0666252 -0.194005 0.349154 0.392642 0.614863 0.349413 -0.125105 -0.116103 0.227077 0.323947 0.541588 -0.0193841 0.131415 -0.0213823 -0.0346233 0.00513481
internal_weight=14837 10007 4830 8051 3294 1956 6856 1536 972 740 4873 3327 3026 1314 598 1358 533 393 64 329 268 1195 140 309 43 3263 564 3243 2526 856
internal_count=14837 10007 4830 8051 3294 1956 6856 1536 972 740 4873 3327 3026 1314 598 1358 533 393 64 329 268 1195 140 309 43 3263 564 3243 2526 856
is_linear=0
shrinkage=0.05


Tree=12
num_leaves=31
num_cat=0
split_feature=5 12 11 5 11 9 0 12 10 15 7 0 17 18 5 8 11 8 18 15 10 5 10 8 9 12 14 14 1 11
split_gain=31528.7 8836.61 8484.85 5644.1 3673.3 2820.77 2211.4 2180.5 1663.43 1679.44 1643.97 1510.48 1611.81 1417.13 1314.35 1373.85 1272.45 1619.5 1208.84 1569.52 1145.19 1130 1125.33 1086.58 1026.86 981.086 862.235 860.836 807.006 782.88
threshold=12.655000000000003 16.945000000000004 7.4350000000000005 7.6750000000000007 9.9650000000000034 2817.205000000075 30.500000000000004 10.365 13.805000000000001 18.297500000000003 461990.90000000008 41.500000000000007 14.610000000000001 0.57249999999999812 15.865 -1.7960204999999998 -0.27999999999999842 0.99133300000000013 0.67499999999999905 10.887500000000001 8.9250000000000025 0.23500000000000004 18.135000000000002 -0.59545899999999985 -325201.67500000005 13.715000000000002 35.255000000000003 21.977500000000003 2.5000000000000004 -5.0249999999999995
decision_type=2 2 2 2 2 2 2 2 2 2 2 2 2 2 2 2 2 2 2 2 2 2 2 2 2 2 2 2 2 2
left_child=2 4 3 5 14 8 -3 -5 -1 13 -4 12 16 24 28 -16 17 18 19 27 -18 -7 -12 -21 29 -9 -11 -8 -2 -10
right_child=1 6 10 7 -6 21 11 25 9 26 22 -13 -14 -15 15 -17 20 -19 -20 23 -22 -23 -24 -25 -26 -27 -28 -29 -30 -31
leaf_value=0.16097735260371809 0.095541257786038544 0.11007538893653286 -0.092483282330946215 -0.035202202492642658 -0.13835840174710159 -0.27677766135239618 0.52501485332613818 0.0097182935807605259 0.16692809808266248 -0.21984206947304732 -0.14293797713843376 0.10642998501136254 0.16142345699354832 -0.10728313663432405 -0.037014036401585265 0.126968195559893 0.49654864717274905 0.17341228904468675 0.31281437371502219 0.21673570388839361 0.21243396505234413 -0.14207388651882147 -0.25677044900211971 0.62802146123005798 -0.045924394755219561 0.087675770556126714 -0.087649266541288323 0.88143185269501478 0.021130205093483019 -0.041156460640449373
leaf_weight=81 521 450 477 3686 222 210 32 2333 160 212 382 173 257 305 143 1196 40 70 97 42 313 602 503 26 210 488 295 36 1212 63
leaf_count=81 521 450 477 3686 222 210 32 2333 160 212 382 173 257 305 143 1196 40 70 97 42 313 602 503 26 210 488 295 36 1212 63
internal_value=-0.000676094 0.104237 -0.0513135 -0.033039 0.0580547 -0.10352 0.203276 -0.00988117 -0.0585775 -0.0728618 -0.167307 0.241894 0.267563 -0.0247288 0.0722486 0.109456 0.309145 0.384308 0.447667 0.543849 0.244628 -0.176911 -0.207636 0.373992 0.0334215 0.023204 -0.142925 0.713706 0.0435008 0.108142
internal_weight=14837 4830 10007 8645 3294 2138 1536 6507 1326 1245 1362 1086 913 738 3072 1339 656 303 233 136 353 812 885 68 433 2821 507 68 1733 223
internal_count=14837 4830 10007 8645 3294 2138 1536 6507 1326 1245 1362 1086 913 738 3072 1339 656 303 233 136 353 812 885 68 433 2821 507 68 1733 223
is_linear=0
shrinkage=0.05


Tree=13
num_leaves=31
num_cat=0
split_feature=12 4 0 5 15 0 15 4 4 15 9 15 9 18 17 14 6 5 2 10 7 0 15 0 0 6 8 10 6 18
split_gain=28487.3 13426.6 4934.27 4797.17 3863.7 2780.47 2109.79 1995.57 1778.93 2018.35 1513.42 1200.7 1161.66 1143.83 1761.59 1104.29 1087.52 1781.34 1063.73 1007.06 974.654 932.029 928.067 912.33 1143.79 906.918 926.835 885.166 800.679 745.9
threshold=15.475000000000003 803403.13000000012 30.500000000000004 12.205000000000002 11.762500000000001 26.500000000000004 18.282500000000006 347968.06000000011 2347.1506500000005 14.610000000000001 508668.72500000003 6.2475000000000005 -669458.85999999999 -4.469999999999998 11.170000000000002 32.362500000000004 21.653427500000003 19.195000000000004 1.0000000180025095e-35 8.9250000000000025 1457292.6500000001 26.500000000000004 18.615000000000002 28.500000000000004 42.500000000000007 12.398284500000001 4.7405697000000009 13.805000000000001 3.7579346000000005 -0.72750000000000081
decision_type=2 2 2 2 2 2 2 2 2 2 2 2 2 2 2 2 2 2 2 2 2 2 2 2 2 2 2 2 2 2
left_child=1 3 7 6 18 10 12 25 19 11 27 -10 20 14 -13 -9 -5 -18 21 -4 -1 -3 -7 -14 -25 26 -2 -6 -23 -15
right_child=2 4 8 16 5 22 -8 15 9 -11 -12 13 23 29 -16 -17 17 -19 -20 -21 -22 28 -24 24 -26 -27 -28 -29 -30 -31
leaf_value=0.51146329790353773 0.15704295461193152 -0.041952196247553586 0.49787125974893576 0.050337978275078424 -0.00041303245428328712 -0.024910934639435653 -0.066578825265939556 0.027302023014053701 0.53523962493149602 0.11876791995152403 -0.25524135145349697 0.73914015003247191 -0.019070357723795638 0.14779631039202212 0.20110126137733461 -0.16614042155209696 0.10072781411286158 0.46702244724612685 -0.28174991372384522 0.1380740220132218 0.047191216108890682 -0.027945653932498923 -0.11838485924390091 0.093047543665402979 -0.010571142101993787 -0.058337100912163514 -0.075376650801998513 -0.15714141348813249 0.14638466245673395 0.28681571264850331
leaf_weight=20 491 712 20 2384 96 554 1774 220 49 209 412 32 2739 125 29 111 195 40 38 705 26 120 510 477 603 67 47 1463 146 423
leaf_count=20 491 712 20 2384 96 554 1774 220 49 209 412 32 2739 125 29 111 195 40 38 705 26 120 510 477 603 67 47 1463 146 423
internal_value=-0.000642289 -0.0320401 0.152236 0.00453494 -0.106599 -0.134851 -0.0214363 0.0611343 0.205798 0.254131 -0.170014 0.297126 -0.000716221 0.277967 0.483351 -0.0375684 0.0604538 0.163076 -0.0222025 0.147999 0.249049 -0.0121179 -0.0697152 -0.00372465 0.0351938 0.115135 0.136739 -0.14749 0.0677394 0.255105
internal_weight=14837 12309 2528 8258 4051 3035 5639 936 1592 867 1971 658 3865 609 61 331 2619 235 1016 725 46 978 1064 3819 1080 605 538 1559 266 548
internal_count=14837 12309 2528 8258 4051 3035 5639 936 1592 867 1971 658 3865 609 61 331 2619 235 1016 725 46 978 1064 3819 1080 605 538 1559 266 548
is_linear=0
shrinkage=0.05


Tree=14
num_leaves=31
num_cat=0
split_feature=5 4 11 0 6 15 15 6 0 0 6 15 7 0 6 1 4 0 15 3 17 18 1 6 6 8 5 6 5 15
split_gain=25857.7 9828.16 4802.62 4163.88 2719.19 2702.31 2625.89 2483.02 2012 2122.16 1911.64 1864.54 1854.35 1771.11 1697 1574.44 1534.4 1501.15 1382.03 1147.6 988.313 1501.53 1648.04 1882.99 1129.29 1082.62 1086.99 928.266 913.916 883.465
threshold=15.355000000000002 1378578.4000000001 12.565000000000003 28.500000000000004 18.928054500000005 14.792500000000002 15.170000000000003 3.2280731500000006 32.500000000000007 41.500000000000007 8.7780300000000029 18.557500000000001 85447.955000000016 42.500000000000007 -4.2765196499999991 2.5000000000000004 2110603.9000000004 26.500000000000004 6.0775000000000006 5.1150055000000014 13.06 -2.7299999999999982 3.5000000000000004 11.992599500000003 7.6898650000000011 0.99133300000000013 19.195000000000004 6.8406983000000006 18.600000000000005 10.8375
decision_type=2 2 2 2 2 2 2 2 2 2 2 2 2 2 2 2 2 2 2 2 2 2 2 2 2 2 2 2 2 2
left_child=1 3 5 6 16 7 -1 18 10 20 -9 13 -8 15 -7 19 -3 -6 -2 -5 21 25 23 24 -23 26 -10 -11 -16 -12
right_child=2 4 -4 11 17 14 12 8 9 27 29 -13 -14 -15 28 -17 -18 -19 -20 -21 -22 22 -24 -25 -26 -27 -28 -29 -30 -31
leaf_value=-0.0051757511656472799 0.44869804956294879 -0.11920819566115962 -0.17470953167630798 0.089930245430705213 -0.089755206730789322 0.5059267068451101 -0.03849119865441001 0.26322874958829906 0.45297833124796549 0.30034854150548274 0.1524804559980964 -0.022166485756914805 -0.1222543084559846 0.0042093277348718349 0.023499329285688479 0.034220921779251214 -0.21516921201649886 0.065494829044588823 0.084227248828425319 0.21357350638380598 0.20600990391725188 0.44075395746363538 0.13746907548556309 0.28946833347330742 0.89545298489657332 0.23175114122434307 0.84552670203406244 0.049479215098982489 0.12129006760530553 -0.030635849161096563
leaf_weight=3112 27 1031 128 446 527 22 1639 156 45 49 111 1032 1107 897 607 606 699 221 709 324 206 36 119 199 22 26 29 149 394 162
leaf_count=3112 27 1031 128 446 527 22 1639 156 45 49 111 1032 1107 897 607 606 699 221 709 324 206 36 119 199 22 26 29 149 394 162
internal_value=-0.000610175 -0.0351962 0.125365 -0.0113047 -0.123541 0.137884 -0.0366216 0.171074 0.212386 0.255668 0.123604 0.0335687 -0.0722588 0.0588739 0.0715374 0.0945091 -0.157981 -0.0438859 0.0975978 0.141957 0.297504 0.337101 0.291304 0.362534 0.613226 0.509298 0.606815 0.111563 0.0619904 0.043818
internal_weight=14837 11641 3196 9163 2478 3068 5858 2045 1309 880 429 3305 2746 2273 1023 1376 1730 748 736 770 682 476 376 257 58 100 74 198 1001 273
internal_count=14837 11641 3196 9163 2478 3068 5858 2045 1309 880 429 3305 2746 2273 1023 1376 1730 748 736 770 682 476 376 257 58 100 74 198 1001 273
is_linear=0
shrinkage=0.05


Tree=15
num_leaves=31
num_cat=0
split_feature=12 4 0 11 12 17 10 4 13 14 10 15 7 15 11 16 0 8 0 8 17 11 14 16 6 6 10 8 10 6
split_gain=22651.6 10272.2 4426.71 4010.07 3371.96 2769.52 2202.98 2139.05 1829.19 1800.89 1566.36 1531.3 1374.7 1426.34 1349.6 1274.16 1245.41 1530.88 1626.74 1912.71 2026.14 1163.9 1152.09 1159.83 1033.92 992.069 983.57 892.479 875.576 853.897
threshold=12.885000000000003 856979.70000000007 30.500000000000004 4.3950000000000005 18.495000000000001 11.870000000000003 22.515000000000004 376272.15500000009 11.945000000000002 33.102500000000006 21.665000000000003 14.197500000000003 1.0000000180025095e-35 6.2475000000000005 -6.3449999999999989 32.362500000000004 17.500000000000004 1.7121425000000008 40.500000000000007 -0.035796799999999955 11.377500000000001 7.4350000000000005 35.995000000000012 35.515000000000008 3.7579346000000005 9.5294800000000013 11.965000000000002 4.7405697000000009 32.305000000000007 4.0121155000000011
decision_type=2 2 2 2 2 2 2 2 2 2 2 2 2 2 2 2 2 2 2 2 2 2 2 2 2 2 2 2 2 2
left_child=1 5 7 6 11 16 -3 25 21 15 -5 26 -6 -14 22 -9 -1 18 19 -18 -21 -7 23 -8 -15 27 -4 -2 -16 -28
right_child=2 3 4 10 12 8 14 9 -10 -11 -12 -13 13 24 28 -17 17 -19 -20 20 -22 -23 -24 -25 -26 -27 29 -29 -30 -31
leaf_value=0.019070018995659521 0.12765619567439315 -0.011230667517811663 0.42643523295720426 -0.13624362030648485 0.12418549423792254 -0.022542866385638918 -0.058951872079744054 -0.0069546063041689091 0.048981640256577336 -0.18378439881754194 -0.25562230404386582 0.037974439443359348 0.54536294408662378 0.065198285440387943 -0.13078883184071155 0.34327744756426132 0.11420552667516928 -0.01634308000650312 0.063090029529015504 0.24556338246434165 0.69904347120059862 -0.10291399198387319 -0.14381577781338356 0.12476445405088642 0.27111812159160853 -0.029845967611724825 0.076169894219336801 -0.076792039953429134 -0.27482127686627478 0.17826779915658711
leaf_weight=1227 670 1057 30 821 228 4104 420 358 837 154 413 541 43 69 438 28 143 203 289 78 36 506 302 108 523 150 355 58 139 484
leaf_count=1227 670 1057 30 821 228 4104 420 358 837 154 413 541 43 69 438 28 143 203 289 78 36 506 302 108 523 150 355 58 139 484
internal_value=0.0010806 -0.0345409 0.108408 -0.102624 0.151658 -0.000623412 -0.0657768 0.0390818 -0.0190183 -0.0392237 -0.176198 0.104014 0.2295 0.267313 -0.106754 0.0184508 0.0500836 0.10089 0.144476 0.235996 0.388768 -0.0313645 -0.0659248 -0.0213735 0.247117 0.0872424 0.145127 0.111368 -0.165486 0.135068
internal_weight=14812 11121 3691 3698 2273 7423 2464 1418 5447 540 1234 1410 863 635 1407 386 1976 749 546 257 114 4610 830 528 592 878 869 728 577 839
internal_count=14812 11121 3691 3698 2273 7423 2464 1418 5447 540 1234 1410 863 635 1407 386 1976 749 546 257 114 4610 830 528 592 878 869 728 577 839
is_linear=0
shrinkage=0.05


Tree=16
num_leaves=31
num_cat=0
split_feature=5 11 12 4 4 12 15 11 4 6 16 5 5 4 15 6 6 5 6 6 5 11 6 14 16 9 19 11 5 6
split_gain=21028 6912.93 5554.71 4389.37 3312.24 2276.02 1653.71 1504.01 1502.1 1485.72 1293.52 1229.94 1145.11 1114.57 1383.31 918.112 1323.95 1162.09 911.178 886.624 1000.43 879.898 841.142 828.534 1260.3 811.294 1762.32 775.075 1075.1 752.463
threshold=12.575000000000001 7.4350000000000005 18.495000000000001 2064446.0000000002 1656507.4500000002 10.205000000000002 14.197500000000003 7.580000000000001 590660.84500000009 12.248077000000002 27.317500000000006 1.0000000180025095e-35 7.6150000000000011 2347.1506500000005 6.2475000000000005 4.1189575000000014 11.343170000000002 18.315000000000001 19.249130000000005 4.1189575000000014 35.410000000000004 -19.329999999999995 -4.2765196499999991 12.475000000000003 14.350000000000003 -334645.39999999997 2.1150000000000007 4.5700000000000021 18.600000000000005 23.791489000000002
decision_type=2 2 2 2 2 2 2 2 2 2 2 2 2 2 2 2 2 2 2 2 2 2 2 2 2 2 2 2 2 2
left_child=1 3 4 5 6 11 10 13 -3 -5 29 -1 21 -4 -15 -12 -17 -18 -6 -16 -21 -13 -8 24 -7 26 -25 28 -24 -2
right_child=2 8 7 9 18 23 22 -9 -10 -11 15 12 -14 14 19 16 17 -19 -20 20 -22 -23 27 25 -26 -27 -28 -29 -30 -31
leaf_value=0.18459412086577642 0.066933999352525947 -0.075287694490675405 0.13735310770870782 -0.21319415036916989 -0.22766988406440727 0.055143103318014114 0.28127546785898239 -0.043756815201477228 -0.18553068171248824 -0.074882874565573271 0.087973635208670548 0.032493346068379163 -0.022914560584231962 0.55598203844257765 0.09024640372346926 0.29853590940873997 0.056049071535851591 0.38319630672534311 -0.032821846764396742 0.24027286575516113 0.53470738857023181 -0.095319284455817721 0.034222910352052882 0.058582386324407376 0.39181260656979355 0.0077539656616999993 0.53718485480005096 -0.020477804184452563 0.15752498137644319 0.31670069848337484
leaf_weight=63 1106 481 342 352 108 122 35 63 864 433 251 154 3407 35 92 204 153 33 135 416 31 1072 1147 153 36 2778 22 484 209 31
leaf_count=63 1106 481 342 352 108 122 35 63 864 433 251 154 3407 35 92 204 153 33 135 416 31 1072 1147 153 36 2778 22 484 209 31
internal_value=0.00102657 -0.0407009 0.0860821 -0.0242008 0.0593277 -0.0128685 0.0712182 0.192553 -0.146105 -0.136903 0.105765 -0.0348422 -0.0378261 0.208806 0.251379 0.162564 0.21057 0.114091 -0.119421 0.231599 0.260692 -0.0792645 0.0384586 0.0203004 0.131853 0.0143318 0.11875 0.0338398 0.0532274 0.0737438
internal_weight=14812 9937 4875 8592 3896 7807 3653 979 1345 785 1778 4696 4633 916 574 641 390 186 243 539 447 1226 1875 3111 158 2953 175 1840 1356 1137
internal_count=14812 9937 4875 8592 3896 7807 3653 979 1345 785 1778 4696 4633 916 574 641 390 186 243 539 447 1226 1875 3111 158 2953 175 1840 1356 1137
is_linear=0
shrinkage=0.05


Tree=17
num_leaves=31
num_cat=0
split_feature=5 4 12 0 15 9 15 0 7 14 0 0 6 17 0 19 8 15 4 6 6 17 19 6 14 1 16 6 3 15
split_gain=19084.9 8236.65 3950.92 3486.16 2631 2369.32 2102.35 1930.16 1874.64 1679.73 1489.57 1479.94 1290.21 1246.36 1116.6 1103.67 1476 1079.2 987.126 964.248 1316.49 1966.88 949.631 942.799 1500.61 920.72 919.536 1182.2 866.919 806.645
threshold=15.865 865968.25000000012 7.0050000000000008 31.500000000000004 15.780000000000003 63697.415000000001 14.792500000000002 28.500000000000004 1.0000000180025095e-35 32.805000000000007 21.500000000000004 40.500000000000007 16.443359000000004 11.317500000000001 32.500000000000007 2.9075000000000002 0.18661499999999978 11.840000000000002 2110603.9000000004 3.9347381500000007 12.109299000000002 11.805000000000001 0.79999999999999993 9.011902000000001 20.407500000000002 2.5000000000000004 34.622500000000009 6.0892181500000016 4.8628540000000013 27.855000000000004
decision_type=2 2 2 2 2 2 2 2 2 2 2 2 2 2 2 2 2 2 2 2 2 2 2 2 2 2 2 2 2 2
left_child=1 4 13 5 10 22 8 9 -5 -4 -1 15 -9 -3 28 23 -17 -7 26 -10 21 -21 -2 -12 -25 -22 -15 -28 -6 -29
right_child=3 2 7 6 14 17 -8 12 19 -11 11 -13 -14 18 -16 16 -18 -19 -20 20 25 -23 -24 24 -26 -27 27 29 -30 -31
leaf_value=0.0046707854685653213 0.13063423564592594 -0.022481058145565655 -0.027914050395357593 0.12836313408849367 -0.0037053291743916195 0.067236838960333875 0.081857216092690879 -0.0082369548626093549 0.13796822158551783 -0.14687679703996889 0.069666105512722884 0.020099714858089548 0.16580703265457247 -0.15754370802874765 0.0056167603074230342 0.10220806389473952 0.67354198634624485 -0.15983060962476192 -0.20152116059762315 0.8192831949545788 0.33127886006076424 0.32430773246398364 0.025337138889062274 0.52367684630056222 0.13400125809279936 0.17909154509558628 0.14374676560019625 -0.080263406691939362 -0.071123708016980938 -0.38526813672936483
leaf_weight=2648 516 218 994 513 682 76 556 297 137 423 612 905 166 732 1427 26 20 168 598 26 175 88 366 30 140 230 58 377 1585 23
leaf_count=2648 516 218 994 513 682 76 556 297 137 423 612 905 166 732 1427 26 20 168 598 26 175 88 366 30 140 230 58 377 1585 23
internal_value=0.000975243 -0.0267339 -0.0865449 0.117225 0.00204952 0.0487914 0.161896 -0.0344669 0.199963 -0.0634266 0.0282568 0.0642958 0.0541633 -0.135352 -0.0290317 0.112602 0.350614 -0.0891047 -0.149113 0.255956 0.287101 0.437197 0.0869395 0.0986012 0.202768 0.244851 -0.122777 -0.0672121 -0.0508417 -0.0978012
internal_weight=14812 11961 3886 2851 8075 1126 1725 1880 1169 1417 4381 1733 463 2006 3694 828 46 244 1788 656 519 114 882 782 170 405 1190 458 2267 400
internal_count=14812 11961 3886 2851 8075 1126 1725 1880 1169 1417 4381 1733 463 2006 3694 828 46 244 1788 656 519 114 882 782 170 405 1190 458 2267 400
is_linear=0
shrinkage=0.05


Tree=18
num_leaves=31
num_cat=0
split_feature=0 4 12 11 12 15 6 17 9 15 15 9 0 15 10 4 11 17 16 10 3 6 15 16 14 14 3 6 9 11
split_gain=17310.9 7579.5 7276.64 3990.76 2359.4 2224.14 1740.84 1411.06 2452.17 1280.03 1241.92 1216.63 1194.63 1287.38 1182.16 1113.93 1057.92 1051.02 1047.94 970.341 884.79 866.486 864.671 1020.03 1462.22 3926.55 821.539 790.143 1043 770.671
threshold=30.500000000000004 612781.07500000007 16.005000000000006 5.8700000000000037 12.785000000000002 11.377500000000001 19.413483000000003 11.870000000000003 -535135.54749999987 6.2475000000000005 26.225000000000005 2817.205000000075 41.500000000000007 9.7575000000000021 11.005000000000001 252773.57500000004 -8.8949999999999978 12.327500000000002 34.417500000000004 23.855000000000004 22.360397500000005 12.686859000000002 12.670000000000002 25.460000000000004 29.417500000000004 28.605000000000008 22.155853000000004 4.5524597500000015 -551176.34999999998 6.7799999999999994
decision_type=2 2 2 2 2 2 2 2 2 2 2 2 2 2 2 2 2 2 2 2 2 2 2 2 2 2 2 2 2 2
left_child=1 4 6 5 7 18 12 8 -1 15 11 -7 13 -2 29 -4 -16 -5 20 -8 -3 -6 23 26 25 -25 -18 28 -9 -11
right_child=2 3 9 17 21 10 19 27 -10 14 -12 -13 -14 -15 16 -17 22 -19 -20 -21 -22 -23 -24 24 -26 -27 -28 -29 -30 -31
leaf_value=0.57955544315278529 0.18250953709196122 -0.038371838253531784 0.2213510851955639 -0.069865393179784949 0.090424599746343925 -0.04403931118937101 0.17012753741602588 0.35982187755405903 0.02135876316566045 0.34995765736547568 -0.29153514821082355 -0.12052834862546527 -0.012065733146781632 0.037049467144206136 0.32156171230236436 0.59867932027386084 0.069693296152130574 -0.19184196929237055 0.23515553479974574 0.031228446675798834 0.072970884908206621 -0.052841339340387296 0.074918081878961915 0.2321962935216341 0.12514665480241302 0.95883185397023751 0.21902731227668096 -0.050794904505509914 -0.0046760026357535803 0.066143664618333181
leaf_weight=20 166 636 53 218 826 1096 354 20 1211 118 72 989 1327 1818 77 31 281 930 47 195 248 121 433 97 121 23 137 2067 1050 30
leaf_count=20 166 636 53 218 826 1096 354 20 1211 118 72 989 1327 1818 77 31 281 930 47 195 248 121 433 97 121 23 137 2067 1050 30
internal_value=0.000926481 -0.0391909 0.0737569 -0.0890839 0.000573294 -0.0594934 0.0383306 -0.0149382 0.0304278 0.171363 -0.0873714 -0.0803212 0.0246576 0.04922 0.159293 0.360603 0.142437 -0.168679 0.00509624 0.120792 -0.00713542 0.0721192 0.129807 0.165872 0.247796 0.371468 0.118638 -0.0327403 0.00213704 0.292428
internal_weight=14812 9551 5261 4236 5315 3088 3860 4368 1231 1401 2157 2085 3311 1984 1317 84 1169 1148 931 549 884 947 1092 659 241 120 418 3137 1070 148
internal_count=14812 9551 5261 4236 5315 3088 3860 4368 1231 1401 2157 2085 3311 1984 1317 84 1169 1148 931 549 884 947 1092 659 241 120 418 3137 1070 148
is_linear=0
shrinkage=0.05


Tree=19
num_leaves=31
num_cat=0
split_feature=5 11 12 4 0 11 10 15 9 15 6 5 11 4 15 10 6 15 9 5 6 6 17 18 5 12 1 6 0 17
split_gain=15949.3 5291.55 4918.59 2995.49 1982.95 1659.36 1614.77 1515.61 1483.33 2857.31 2192.22 1396.92 1317.92 1237.79 1360.8 1176.97 1150.79 955.283 932.108 909.224 894.67 1071.56 1913.14 857.499 816.095 795.921 791.794 712.472 672.57 950.187
threshold=11.815000000000003 5.7700000000000014 15.315000000000003 1953772.4000000001 30.500000000000004 4.9799999999999995 17.415000000000003 14.627500000000003 -389335.74999999994 14.352500000000001 4.7787476000000009 17.605000000000004 22.585000000000004 4408.1017000000002 6.2475000000000005 29.595000000000002 12.686859000000002 14.577500000000002 228393.70000000022 0.015000000000000001 4.963638200000001 8.7780300000000029 12.990000000000002 0.76500000000000068 6.785000000000001 18.065000000000001 2.5000000000000004 21.801559500000007 34.500000000000007 13.170000000000002
decision_type=2 2 2 2 2 2 2 2 2 2 2 2 2 2 2 2 2 2 2 2 2 2 2 2 2 2 2 2 2 2
left_child=1 3 5 7 12 11 -3 8 9 23 -11 -2 -4 -6 -15 19 -5 20 -7 -9 -16 22 -22 -1 -8 -10 -23 -13 -29 -30
right_child=2 6 4 16 13 18 24 15 25 10 -12 27 -14 14 17 -17 -18 -19 -20 -21 21 26 -24 -25 -26 -27 -28 28 29 -31
leaf_value=0.12237768268973258 0.031590860903063477 -0.065149414460237851 0.066305512094666313 -0.17755890948268468 0.11113242316756887 -0.0060300403722256674 -0.24690604315958276 0.1496183531334648 -0.0024156948935769034 0.85612655253637415 0.17497910250116278 0.10109382165117453 -0.34553612291812902 0.48558417558670047 0.093615814183006241 -0.091548169392816542 -0.059026304530472154 0.084007882400704878 -0.13788677273974945 -0.024946604065469009 0.83188189722242822 0.28944820934808568 0.24738945810212976 -0.074935386201431017 -0.13862169229548596 0.15276482859516846 0.14181798657190978 0.073973679482936858 0.63791633929525116 0.1563658007979393
leaf_weight=150 2387 701 676 373 752 595 232 77 2963 21 27 401 20 40 113 736 454 174 173 2386 21 190 42 87 696 85 174 25 21 20
leaf_count=150 2387 701 676 373 752 595 232 77 2963 21 27 401 20 40 113 736 454 174 173 2386 21 190 42 87 696 85 174 25 21 20
internal_value=0.000880157 -0.0408849 0.0653349 -0.0228348 0.124266 0.0295076 -0.122426 -0.011484 0.0121115 0.121194 0.472981 0.0470634 0.054471 0.156522 0.201791 -0.036068 -0.112488 0.185893 -0.0357321 -0.0194892 0.218722 0.25183 0.44222 0.0499463 -0.165693 0.00191185 0.218878 0.126149 0.278377 0.403014
internal_weight=14812 8988 5824 7359 2202 3622 1629 6532 3333 285 48 2854 696 1506 754 3199 827 714 768 2463 540 427 63 237 928 3048 364 467 66 41
internal_count=14812 8988 5824 7359 2202 3622 1629 6532 3333 285 48 2854 696 1506 754 3199 827 714 768 2463 540 427 63 237 928 3048 364 467 66 41
is_linear=0
shrinkage=0.05


Tree=20
num_leaves=31
num_cat=0
split_feature=0 12 11 5 6 9 5 6 15 0 0 10 11 11 11 10 10 6 11 16 3 6 10 1 10 19 15 15 15 16
split_gain=15000.4 6321.22 6043.01 4346.06 1594.29 1511.6 1163.24 1036.23 1335.57 1291.14 956.065 924.88 1474.51 866.318 833.729 1265.12 832.373 831.271 830.779 794.06 884.876 774.266 759.475 739.014 1158.49 789.263 720.701 699.693 1104.13 688.704
threshold=30.500000000000004 15.595000000000001 8.3950000000000049 9.9650000000000016 19.552368000000005 540354.30000000028 15.865 3.5856323000000008 14.705000000000002 41.500000000000007 42.500000000000007 26.285000000000004 -5.585 0.29000000000000009 -0.79499999999999982 8.9250000000000025 17.285000000000004 6.8406983000000006 29.490000000000006 27.187500000000004 13.391464000000001 -4.2765196499999991 23.855000000000004 2.5000000000000004 13.805000000000001 0.35999999999999949 6.0775000000000006 12.327500000000002 11.805000000000001 57.280000000000008
decision_type=2 2 2 2 2 2 2 2 2 2 2 2 2 2 2 2 2 2 2 2 2 2 2 2 2 2 2 2 2 2
left_child=2 4 3 5 10 11 21 26 9 14 23 13 29 -1 -9 -16 18 -11 -4 -8 -21 -5 27 24 25 -2 -3 28 -6 -13
right_child=1 7 16 6 22 -7 19 8 -10 17 -12 12 -14 -15 15 -17 -18 -19 -20 20 -22 -23 -24 -25 -26 -27 -28 -29 -30 -31
leaf_value=-0.0047346385151384061 0.50496303656697272 0.3098055746766829 -0.077297253178076591 0.082792641758976299 0.18223154851517012 -0.16388078539614909 0.020899878639810233 0.28559648948536309 0.073120472045801577 0.28067421435632489 -0.018498108499635894 -0.037316849860718745 -0.16326023616285912 -0.069677800041921006 0.45578623000230345 0.14697391180106933 -0.17719773158278751 0.033887891688286084 -0.27469301901568299 0.14648213602441815 -0.06630588158180839 -0.00706281441229876 0.031638553349525145 0.016281488874796274 0.060474128674741105 0.1300130611518398 0.057750616901954099 0.10891871369117266 0.57917691116983239 -0.19034018328413368
leaf_weight=1309 25 31 552 259 86 322 486 377 250 44 1092 909 402 845 37 320 665 152 59 342 57 3224 183 1327 735 32 333 231 22 80
leaf_count=1309 25 31 552 259 86 322 486 377 250 44 1092 909 402 845 37 320 665 152 59 342 57 3224 183 1327 735 32 333 231 22 80
internal_value=0.000270221 0.0678764 -0.0372398 -0.0215515 0.0326821 -0.0601562 0.0126254 0.152967 0.175717 0.203297 0.0195075 -0.0507346 -0.0825153 -0.0302114 0.233741 0.17898 -0.138489 0.0892889 -0.0963584 0.0638133 0.116084 -0.000381056 0.113724 0.0390932 0.0773144 0.294465 0.0792168 0.158035 0.263091 -0.0496949
internal_weight=14788 5277 9511 8235 3733 3867 4368 1544 1180 930 3211 3545 1391 2154 734 357 1276 196 611 885 399 3483 522 2119 792 57 364 339 108 989
internal_count=14788 5277 9511 8235 3733 3867 4368 1544 1180 930 3211 3545 1391 2154 734 357 1276 196 611 885 399 3483 522 2119 792 57 364 339 108 989
is_linear=0
shrinkage=0.05


Tree=21
num_leaves=31
num_cat=0
split_feature=0 12 11 5 6 4 5 6 15 0 0 3 15 10 5 18 9 19 10 11 10 6 11 15 6 10 15 15 15 9
split_gain=13537.9 5704.9 5453.81 3922.32 1438.84 1417.14 1049.82 935.194 1205.35 1165.26 862.849 817.812 795.955 866.185 801.625 768.698 1008.43 768.691 754.976 752.44 1141.77 750.222 719.13 711.282 698.775 685.426 650.432 631.473 996.474 628.211
threshold=30.500000000000004 15.595000000000001 8.3950000000000049 9.9650000000000016 19.552368000000005 2110603.9000000004 15.865 3.5856323000000008 14.705000000000002 41.500000000000007 42.500000000000007 15.774017000000002 14.627500000000003 28.590000000000003 0.015000000000000001 0.40000000000000041 -130613.57999999997 0.79999999999999993 16.245000000000001 -0.79499999999999982 8.9250000000000025 6.8406983000000006 35.080000000000005 16.810000000000002 -4.2765196499999991 23.855000000000004 6.0775000000000006 12.327500000000002 11.805000000000001 -113640.80000000006
decision_type=2 2 2 2 2 2 2 2 2 2 2 2 2 2 2 2 2 2 2 2 2 2 2 2 2 2 2 2 2 2
left_child=2 4 3 5 10 12 24 26 9 19 23 -7 15 14 -14 16 -1 -8 22 -9 -21 -11 -4 -2 29 27 -3 28 -6 -5
right_child=1 7 18 6 25 11 17 8 -10 21 -12 -13 13 -15 -16 -17 -18 -19 -20 20 -22 -23 -24 -25 -26 -27 -28 -29 -30 -31
leaf_value=0.10727085494027849 0.069893345470309898 0.29431529763725495 -0.069432555703873119 0.32232255985339486 0.17311997318553718 -0.17520905539078649 0.10030406880082171 0.2713166645009179 0.069464448286220434 0.26664050367068159 -0.017573202994462116 -0.061918358754395844 0.1352746657949562 -0.11931435700748666 -0.052474657683401295 -0.050291166369462736 -0.020438446487945235 0.0059007233694383984 -0.16299755577186695 0.43299691864364864 0.1396252155090042 0.032193497592877401 -0.3179075292762249 0.011518736160326009 -0.0067096735623173968 0.030056625634655765 0.054863085780382251 0.10347277888689528 0.55021806765686387 0.053767609892690443
leaf_weight=228 930 31 480 24 86 358 513 377 250 44 1092 287 60 543 1084 827 480 372 765 37 320 152 31 1189 3224 183 333 231 22 235
leaf_count=228 930 31 480 24 86 358 513 377 250 44 1092 287 60 543 1084 827 480 372 765 37 320 152 31 1189 3224 183 333 231 22 235
internal_value=0.00025671 0.0644826 -0.0353778 -0.0204739 0.031048 -0.0571483 0.0119941 0.145319 0.166931 0.193132 0.0185321 -0.124799 -0.0436056 -0.0673111 -0.0426277 -0.0175528 0.0206883 0.0606227 -0.131564 0.222054 0.170031 0.0848245 -0.0845064 0.0371386 -0.000362003 0.108038 0.075256 0.150134 0.249936 0.078653
internal_weight=14788 5277 9511 8235 3733 3867 4368 1544 1180 930 3211 645 3222 1687 1144 1535 708 885 1276 734 357 196 511 2119 3483 522 364 339 108 259
internal_count=14788 5277 9511 8235 3733 3867 4368 1544 1180 930 3211 645 3222 1687 1144 1535 708 885 1276 734 357 196 511 2119 3483 522 364 339 108 259
is_linear=0
shrinkage=0.05


Tree=22
num_leaves=31
num_cat=0
split_feature=0 12 4 15 5 14 6 9 12 17 0 11 10 8 5 15 8 14 6 15 10 13 14 10 9 11 9 15 8 10
split_gain=12217.9 5183.13 5079.61 2727.23 1866.15 1504.06 1320.17 1165.11 1176.71 1021.46 1526.02 934.47 1192.36 1198.83 1139.58 1115.51 1040.81 893.637 957.34 1061.71 844.516 807.236 742.287 676.412 648.441 644.475 631.836 620.674 609.959 745.495
threshold=30.500000000000004 16.815000000000001 413469.91000000003 18.282500000000006 13.295000000000002 35.415000000000013 19.249130000000005 -669458.85999999999 8.0250000000000004 13.702500000000002 18.500000000000004 -6.6049999999999995 15.205000000000002 -0.71099850000000042 24.305000000000003 6.0775000000000006 0.85829169999999999 20.232500000000005 6.0892181500000016 21.865000000000006 16.775000000000002 5.9250000000000016 26.665000000000003 23.745000000000001 24965.249999999945 4.4750000000000005 451712.22499999998 17.135000000000005 -1.2357941500000007 12.965000000000002
decision_type=2 2 2 2 2 2 2 2 2 2 2 2 2 2 2 2 2 2 2 2 2 2 2 2 2 2 2 2 2 2
left_child=2 6 4 5 9 7 20 27 -9 10 -1 -3 13 -13 15 -15 -16 21 -19 -20 25 -5 28 -8 -21 -2 -7 -4 -6 -30
right_child=1 11 3 17 22 26 23 8 -10 -11 -12 12 -14 14 16 -17 -18 18 19 24 -22 -23 -24 -25 -26 -27 -28 -29 29 -31
leaf_value=0.0098728514470482406 0.092237314031352574 0.26615388535264617 0.046309224139838442 -0.31024566176584212 -0.067915874511849508 -0.09106775651450448 0.14140879497065414 -0.080949731278941117 -0.010561196991417176 -0.036131982499285044 0.38888469813046633 0.07283778284924422 0.083764139880696836 0.53034670759331104 0.55691369119635292 0.15885330757291449 0.21220194032279457 -0.03036737693608671 -0.07820864484519513 -0.12577348487293272 0.0079019284841806946 -0.10882909874929939 0.11483010744908256 0.031164878177892038 -0.23833579488962431 -0.0028817749224603179 -0.21750886836565858 0.32350725287740884 0.12531293975098909 -0.0018120539918513472
leaf_weight=1622 619 156 246 118 131 445 391 1041 1382 2169 27 153 547 22 47 248 41 276 429 244 2587 86 409 216 269 250 127 22 206 262
leaf_count=1622 619 156 246 118 131 445 391 1041 1382 2169 27 153 547 22 47 248 41 276 429 244 2587 86 409 216 269 250 127 22 206 262
internal_value=0.000243874 0.0612584 -0.0336089 -0.070695 0.00239362 -0.0455114 0.0341716 -0.0298607 -0.0408024 -0.0135821 0.0160786 0.151912 0.135068 0.189986 0.240052 0.189123 0.396309 -0.128483 -0.112261 -0.136255 0.0222271 -0.225335 0.062905 0.102179 -0.184797 0.0648728 -0.119141 0.0690643 0.0274503 0.0541447
internal_weight=14788 5277 9511 4685 4826 3263 4063 2691 2423 3818 1649 1214 1058 511 358 270 88 1422 1218 942 3456 204 1008 607 513 869 572 268 599 468
internal_count=14788 5277 9511 4685 4826 3263 4063 2691 2423 3818 1649 1214 1058 511 358 270 88 1422 1218 942 3456 204 1008 607 513 869 572 268 599 468
is_linear=0
shrinkage=0.05


Tree=23
num_leaves=31
num_cat=0
split_feature=12 11 5 5 9 15 5 9 3 0 9 17 11 11 10 7 9 16 10 11 18 0 19 14 15 11 3 14 19 6
split_gain=11091.8 4557.86 3503.91 2468.41 1164.12 1097.78 1040.54 957.384 2723.86 954.63 950.832 878.653 822.058 779.007 1130.65 1043.99 984.116 1169.74 766.54 1221.29 755.105 816.98 757.324 703.768 988.981 668.857 636.009 634.702 587.725 564.66
threshold=13.295000000000002 10.24 10.365 17.795000000000005 540354.30000000028 5.5875000000000012 17.435000000000006 -551176.34999999998 2.8922576500000003 27.500000000000004 451712.22499999998 18.597500000000004 3.8100000000000018 -5.585 14.905000000000003 728861.35000000021 -41389.520000000011 28.795000000000005 24.855000000000004 -4.4249999999999998 0.82750000000000068 30.500000000000004 -5.1999999999999984 24.16 13.285000000000002 -13.959999999999997 23.373870500000006 13.430000000000001 3.1400000000000001 2.6255187500000008
decision_type=2 2 2 2 2 2 2 2 2 2 2 2 2 2 2 2 2 2 2 2 2 2 2 2 2 2 2 2 2 2
left_child=1 2 4 5 9 -2 7 8 -4 18 20 25 26 -5 15 16 17 -15 -1 -20 22 -22 -7 -24 28 -11 -8 -9 -25 -18
right_child=3 -3 6 13 -6 10 12 27 -10 11 -12 -13 -14 14 -16 -17 29 -19 19 -21 21 -23 23 24 -26 -27 -28 -29 -30 -31
leaf_value=-0.030142683787161135 0.24762656236256381 -0.12217248904770706 0.68355207353830338 0.25746003621478231 -0.12958523719339987 0.31735026069971572 0.10080137440215445 0.066400421935816606 0.018631741537976622 0.21775113710990321 -0.11227346202763527 -0.044106517014563133 -0.011073506322353467 0.60201690802350649 0.057203236974662834 0.039520429219987441 0.081884815124794841 0.17775063063723573 -0.046172996867205059 -0.14604054751506912 -0.019129257959961569 0.061794760099299142 0.019817182311744116 0.1627647647056813 0.054209872126783722 0.029789650135062126 0.3659757924576601 -0.0014751228109774258 0.43375443491068755 0.21609600392672934
leaf_weight=2169 69 1061 20 131 362 34 391 375 67 52 92 494 183 32 354 118 112 33 981 445 552 717 338 221 328 527 24 4223 22 261
leaf_count=2169 69 1061 20 131 362 34 391 375 67 52 92 494 183 32 354 118 112 33 981 445 552 717 338 221 328 527 24 4223 22 261
internal_value=0.000231681 -0.0234925 -0.0133404 0.0792707 -0.0432086 0.0511113 0.0150976 0.00716971 0.171487 -0.0365102 0.0452261 0.00487753 0.0772079 0.143461 0.12705 0.171521 0.207083 0.38662 -0.0488632 -0.0773378 0.0517767 0.0265938 0.0856655 0.0769996 0.110848 0.0466705 0.116137 0.00406062 0.187299 0.175797
internal_weight=14788 11374 10313 3414 5030 2373 5283 4685 87 4668 2304 1073 598 1041 910 556 438 65 3595 1426 2212 1269 943 909 571 579 415 4598 243 373
internal_count=14788 11374 10313 3414 5030 2373 5283 4685 87 4668 2304 1073 598 1041 910 556 438 65 3595 1426 2212 1269 943 909 571 579 415 4598 243 373
is_linear=0
shrinkage=0.05


Tree=24
num_leaves=31
num_cat=0
split_feature=0 4 15 0 3 11 3 9 15 14 15 11 10 16 3 14 14 17 14 19 17 9 8 7 9 18 6 15 17 6
split_gain=10182.6 4314.81 3344.82 2398.59 2613.98 2327.72 1546.04 3933.35 1317.41 999.935 947.525 883.162 1252.16 854.28 811.333 1418.76 869.429 801.48 784.712 823.997 745.747 808.101 795.404 1432.37 743.187 903.664 923.206 730.914 729.189 922.693
threshold=30.500000000000004 612781.07500000007 13.887500000000001 41.500000000000007 4.965621950000001 5.8700000000000037 4.8628540000000013 -514073.85000000003 11.377500000000001 30.392500000000002 26.225000000000005 5.0600000000000023 17.745000000000001 34.417500000000004 8.664443750000002 29.417500000000004 23.032500000000002 12.327500000000002 13.347500000000002 -4.7874999999999988 9.4250000000000025 -10.744101679999998 0.49969500000000006 518824.19 -90649.259999999966 -0.11249999999999981 21.351593000000005 9.7575000000000021 13.522500000000003 10.013763500000001
decision_type=2 2 2 2 2 2 2 2 2 2 2 2 2 2 2 2 2 2 2 2 2 2 2 2 2 2 2 2 2 2
left_child=1 6 3 4 27 8 7 -1 13 18 24 12 -4 -3 15 -6 20 -7 19 -9 -16 -22 23 -23 25 -10 -27 -2 29 -8
right_child=2 5 11 -5 14 17 28 9 10 -11 -12 -13 -14 -15 16 -17 -18 -19 -20 -21 21 22 -24 -25 -26 26 -28 -29 -30 -31
leaf_value=0.61929559707641602 0.12905026373200235 -0.007762978177921937 0.088872884833314056 0.032238506572594659 0.61682146208296562 -0.042828120018600611 0.097301077568727926 0.3397217709157202 0.031694336102511877 0.094284632355449038 -0.24709752273391672 -0.039612707627265785 0.0090943921425572175 0.21079338311039386 0.0665185934636328 0.22547764858149966 0.13306721905431643 -0.14913670089971665 -0.0081318991952423394 0.052492306789653997 0.18135758968070151 0.67389539890899897 0.22057048589499162 0.18091218950955765 -0.085691312794951374 -0.1073660431434918 0.081383903332266819 0.02448414174513017 -0.04366016637277411 -0.015511458668505144
leaf_weight=28 275 918 697 851 29 219 228 27 383 405 71 516 1671 47 45 115 454 931 1513 332 90 41 44 23 1245 360 79 426 1841 884
leaf_count=28 275 918 697 851 29 219 228 27 383 405 71 516 1671 47 45 115 454 931 1513 332 90 41 44 23 1245 360 79 426 1841 884
internal_value=0.000220097 -0.0306847 0.0559213 0.0996221 0.13681 -0.0681302 -0.000396335 0.0302915 -0.0456114 0.0230486 -0.0674991 0.0196605 0.0325765 0.00288174 0.196244 0.30429 0.173922 -0.128892 0.00763695 0.0740945 0.250252 0.29201 0.38422 0.49673 -0.06133 -0.0244325 -0.0733997 0.0655051 -0.0243501 0.00761917
internal_weight=14788 9511 5277 2393 1542 4253 5258 2305 3103 2277 2138 2884 2368 965 841 144 697 1150 1872 359 243 198 108 64 2067 822 439 701 2953 1112
internal_count=14788 9511 5277 2393 1542 4253 5258 2305 3103 2277 2138 2884 2368 965 841 144 697 1150 1872 359 243 198 108 64 2067 822 439 701 2953 1112
is_linear=0
shrinkage=0.05


Tree=25
num_leaves=31
num_cat=0
split_feature=5 5 11 11 4 1 11 10 19 19 19 0 17 15 15 19 18 15 9 0 1 1 7 4 14 17 17 6 13 5
split_gain=8499.17 3104.67 2941.07 2443.51 1510.53 1340.56 1334.94 1113.39 1024.07 1295.25 1268.38 904.859 878.06 850.788 2103.85 1147.67 1978.32 1637.69 843.019 879.96 796.187 787.981 790.192 735.184 719.535 1346.82 858.754 692.567 687.087 679.681
threshold=10.905000000000003 16.605000000000004 4.3950000000000005 12.565000000000003 2110603.9000000004 3.5000000000000004 4.5700000000000021 17.285000000000004 0.79999999999999993 0.46750000000000119 0.55250000000000032 28.500000000000004 22.277500000000003 12.830000000000004 12.597500000000002 -1.78 1.5424999999999971 9.7150000000000016 -669458.85999999999 27.500000000000004 3.5000000000000004 4.5000000000000009 1496174.5000000002 1864184.5500000003 16.072500000000002 15.575000000000001 6.2475000000000005 12.686859000000002 9.1150000000000002 2.9700000000000006
decision_type=2 2 2 2 2 2 2 2 2 2 2 2 2 2 2 2 2 2 2 2 2 2 2 2 2 2 2 2 2 2
left_child=2 6 4 5 12 11 20 -4 9 -7 -11 -3 18 14 15 16 17 -13 21 -20 24 22 -1 -8 25 26 -2 -6 -10 -14
right_child=1 3 7 -5 27 8 23 -9 28 10 -12 13 29 -15 -16 -17 -18 -19 19 -21 -22 -23 -24 -25 -26 -27 -28 -29 -30 -31
leaf_value=0.43117020457983019 0.29561091497903919 0.069464123493150606 -0.044100811425596478 -0.1428224778956676 -0.14908234047718469 0.077958254028187526 -0.020710695361828502 -0.13230080171281475 -0.049992354250026266 0.53674415408661869 0.10759241115301849 0.3175538105349387 -0.18961907506306122 0.096296747257926529 0.70709963031113154 0.13688212247543668 0.13749058599681108 0.88942384932722374 -0.024357469847496323 0.030680970927372264 0.0037831611122860404 -0.0411970505626717 0.099977988835156628 -0.15930030561702432 0.037824717235855961 0.47589955222606656 0.042314448082502315 -0.042871866482202779 0.056219977954923367 -0.045473086180214277
leaf_weight=20 41 372 560 113 310 393 984 991 247 33 36 31 94 287 20 343 67 21 2935 965 1897 96 181 106 2092 25 182 304 397 629
leaf_count=20 41 372 560 113 310 393 984 991 247 33 36 31 94 287 20 343 67 21 2935 965 1897 96 181 106 2092 25 182 304 397 629
internal_value=-0.000100174 0.0363106 -0.0396047 0.0840509 -0.0225502 0.0954602 0.0151604 -0.100456 0.0562339 0.113038 0.312839 0.133483 -0.013322 0.164452 0.205034 0.1833 0.317092 0.548501 -0.00455505 -0.010739 0.0278557 0.0766482 0.132932 -0.0341882 0.047371 0.127898 0.0888847 -0.096496 0.0154833 -0.0642141
internal_weight=14772 7687 7085 2360 5534 2247 5327 1551 1106 462 69 1141 4920 769 482 462 119 52 4197 3900 4237 297 201 1090 2340 248 223 614 644 723
internal_count=14772 7687 7085 2360 5534 2247 5327 1551 1106 462 69 1141 4920 769 482 462 119 52 4197 3900 4237 297 201 1090 2340 248 223 614 644 723
is_linear=0
shrinkage=0.05


Tree=26
num_leaves=31
num_cat=0
split_feature=12 4 5 15 0 17 9 11 16 4 9 19 19 5 10 3 9 17 13 11 10 11 11 18 14 19 18 15 19 1
split_gain=8081.84 3637.28 2133.4 1786.48 1317.3 1295.78 1951.12 1209.65 1194.6 1000.58 893.724 875.23 2163.57 793.293 964.679 792.247 753.26 745.057 735.64 686.048 670.315 658.217 649.499 644.813 626.576 600.368 524.981 567.159 637.293 1209.41
threshold=11.995000000000003 413469.91000000003 16.085000000000004 18.597500000000004 26.500000000000004 11.870000000000003 -366953.14999999997 -5.6849999999999978 30.027500000000003 1041626.9700000001 -623930.79999999981 2.8450000000000002 3.6025 20.005000000000006 13.805000000000001 19.552368000000005 473132.15000000008 13.672500000000001 11.945000000000002 20.565000000000005 20.295000000000005 -21.254999999999999 14.790000000000003 1.0000000180025095e-35 19.710000000000004 0.30500000000000066 -7.3875000000000002 13.155000000000001 -8.0074999999999985 1.0000000180025095e-35
decision_type=2 2 2 2 2 2 2 2 2 2 2 2 2 2 2 2 2 2 2 2 2 2 2 2 2 2 2 2 2 2
left_child=1 5 19 4 10 6 -1 -4 -8 11 -3 13 -13 -9 17 -11 24 -15 -7 26 -12 -6 -22 -19 -5 -20 -2 28 -28 -30
right_child=2 3 7 16 21 18 8 9 -10 15 20 12 -14 14 -16 -17 -18 23 25 -21 22 -23 -24 -25 -26 -27 27 -29 29 -31
leaf_value=0.53239711582660676 0.19549628583093484 0.04606135162411449 0.21284994543704128 -0.18737439956693425 0.25053866557006182 -0.021025832832110233 0.016668737208440452 0.066685696118864199 0.14056888415059279 -0.14660456008461648 -0.030968583698216409 0.58745212948039904 0.044608426822556391 0.17217955636438056 0.061591455732262372 0.062173636113520114 -0.16506437420600392 0.55919787646936514 0.096400955584887205 -0.26228551834821706 -0.083786665490083567 0.0084246073706933603 -0.2889456232637167 0.19747033085335386 -0.069807455412294439 0.0019100804729496948 -0.042888880273658628 0.0022086766582986484 0.19191966370981972 0.043277618225407703
leaf_weight=20 48 195 214 126 29 3595 1293 884 229 76 789 31 45 127 142 113 345 28 251 20 1085 877 40 22 1127 509 163 1126 157 1066
leaf_count=20 48 195 214 126 29 3595 1293 884 229 76 789 31 45 127 142 113 345 28 251 20 1085 877 40 22 1127 509 163 1126 157 1066
internal_value=-9.51652e-05 -0.0236463 0.0579813 -0.0569031 -0.0342503 0.00236932 0.041758 0.101794 0.0353107 0.0856042 -0.0559121 0.101472 0.266032 0.0910763 0.158667 -0.0217795 -0.0996429 0.236546 -0.0115773 0.0294184 -0.0663012 0.0161744 -0.0910812 0.400038 -0.0816298 0.0331169 0.0316974 0.0285674 0.0499816 0.0623592
internal_weight=14772 10510 4262 4613 3015 5897 1542 1682 1522 1468 2109 1279 76 1203 319 189 1598 177 4355 2580 1914 906 1125 50 1253 760 2560 2512 1386 1223
internal_count=14772 10510 4262 4613 3015 5897 1542 1682 1522 1468 2109 1279 76 1203 319 189 1598 177 4355 2580 1914 906 1125 50 1253 760 2560 2512 1386 1223
is_linear=0
shrinkage=0.05


Tree=27
num_leaves=31
num_cat=0
split_feature=12 4 5 15 0 17 9 11 16 8 8 10 5 9 8 8 9 5 4 17 11 1 10 11 9 14 9 8 10 14
split_gain=7293.86 3283.22 1925.39 1613.5 1159.92 1143.88 1537.29 1091.71 1052.74 932.41 930.145 903.082 975.018 899.769 893.26 945.262 1239.01 690.111 660.366 656.677 700.58 629.699 599.425 634.136 592.541 540.032 806.688 511.042 686.935 854.766
threshold=11.995000000000003 395226.95000000007 16.085000000000004 18.597500000000004 26.500000000000004 11.870000000000003 -342275.01499999996 -5.6849999999999978 30.027500000000003 -0.35279824999999859 2.1320040000000007 15.325000000000001 20.525000000000002 -669458.85999999999 -0.71099850000000042 1.0609744999999988 1540.3542000000004 11.005000000000001 1973695.3500000003 20.127500000000001 -7.0549999999999988 3.5000000000000004 20.295000000000005 14.790000000000003 407459.90000000002 27.187500000000004 -1.0000000180025095e-35 -1.572830049999999 15.205000000000002 12.475000000000003
decision_type=2 2 2 2 2 2 2 2 2 2 2 2 2 2 2 2 2 2 2 2 2 2 2 2 2 2 2 2 2 2
left_child=1 5 10 4 13 6 -1 -4 -8 -5 18 12 -9 -3 -14 16 25 -7 19 20 -2 -6 -15 -24 -11 -16 -27 -22 29 -29
right_child=2 3 7 9 21 17 8 11 -10 24 -12 -13 14 22 15 -17 -18 -19 -20 -21 27 -23 23 -25 -26 26 -28 28 -30 -31
leaf_value=0.4750633306929376 0.1468697420089678 0.054354653756826236 0.20220744542638275 -0.14473209820686173 0.05421071486140136 -0.029103597647152358 0.016290100899433193 0.081750150231051866 0.13308278690451256 -0.042795089683883007 -0.043194372186150687 0.03245169560320716 0.058629186128576594 -0.029268261431372594 0.69590148532932461 0.10537943402141857 0.13455960144729992 0.011001275807853336 -0.07601078704080505 -0.0063709006099525144 0.0059816353850838389 -0.028847324775388712 -0.078409108215504716 -0.27635074112386931 -0.12848992387137631 0.17238553363297668 0.61608618974685669 0.37729310803115368 0.04154320443262028 0.10371972068757662
leaf_weight=20 211 180 214 583 480 2338 1286 660 227 757 390 575 75 800 22 57 38 1982 115 450 461 435 1105 42 275 21 20 32 656 265
leaf_count=20 211 180 214 583 480 2338 1286 660 227 757 390 575 75 800 22 57 38 1982 115 450 461 435 1105 42 275 21 20 32 656 265
internal_value=-9.04069e-05 -0.0224639 0.0550822 -0.0537935 -0.0323494 0.00246377 0.0395696 0.0967039 0.0338129 -0.0941854 0.0279475 0.0813239 0.112793 -0.0525997 0.200724 0.268174 0.360049 -0.0107036 0.0406166 0.0470803 0.0618822 0.0147241 -0.0624876 -0.0856572 -0.0656304 0.496058 0.388825 0.0492001 0.0701065 0.133196
internal_weight=14772 10510 4262 4657 3042 5853 1533 1682 1513 1615 2580 1468 893 2127 233 158 101 4320 2190 2075 1625 915 1947 1147 1032 63 41 1414 953 297
internal_count=14772 10510 4262 4657 3042 5853 1533 1682 1513 1615 2580 1468 893 2127 233 158 101 4320 2190 2075 1625 915 1947 1147 1032 63 41 1414 953 297
is_linear=0
shrinkage=0.05


Tree=28
num_leaves=31
num_cat=0
split_feature=0 11 12 10 11 10 11 10 8 5 6 8 15 14 11 11 10 8 10 6 15 6 14 3 3 10 11 8 17 17
split_gain=6845.12 3264.95 2580.68 2368.95 1898.27 1338.03 985.271 1054.4 969.625 947.474 944.237 893.354 881.895 860.791 783.906 782.115 729.635 687.134 680.52 657.201 628.247 603.241 603.133 563.765 554.111 526.251 627.986 516.102 632.816 2023.51
threshold=30.500000000000004 8.3950000000000049 15.005000000000001 15.135000000000003 -0.27999999999999842 27.405000000000005 -8.8949999999999978 15.135000000000003 -0.71099850000000042 22.050000000000004 19.751877000000004 1.2857056250000001 13.102500000000001 25.862500000000001 -18.109999999999996 -5.6849999999999978 38.800000000000004 -1.2357941500000007 20.965000000000003 21.555847000000004 8.6300000000000008 4.5524597500000015 36.285000000000011 7.4298095000000002 21.435455000000001 16.835000000000004 4.0850000000000009 1.9488524 18.685000000000006 19.020000000000003
decision_type=2 2 2 2 2 2 2 2 2 2 2 2 2 2 2 2 2 2 2 2 2 2 2 2 2 2 2 2 2 2
left_child=1 3 10 17 5 15 -4 8 19 12 20 13 -10 -11 22 -5 -16 -1 -6 -8 -2 -3 -7 -23 -15 26 -22 -19 -29 -30
right_child=2 21 6 4 18 14 7 -9 9 11 -12 -13 -14 24 16 -17 -18 27 -20 -21 25 23 -24 -25 -26 -27 -28 28 29 -31
leaf_value=-0.015620894414768653 0.12119864264428615 -0.033788129023741932 0.24595684626211345 0.050068561509724219 -0.052223977762970053 0.069801867819452648 -0.036910983633370725 0.054484931698674438 0.20257465734694932 0.69226701885461805 0.086941108056929825 0.1139459832130294 0.032363907040487375 0.44264790333550552 -0.052689864451994417 -0.0095971754084385984 -0.15767622380138657 0.061376588338109377 -0.11699318293067457 0.15216710335807876 0.077262062577133139 -0.18744314062347014 -0.068317412915216244 -0.097539567843515196 0.10054842797107995 -0.0057245973922777568 -0.017978774428168292 -0.016493316918543843 0.54362561404705045 0.013973249409347775
leaf_weight=721 125 272 104 803 1210 197 108 966 197 20 479 38 124 29 795 1738 209 1204 610 80 479 225 132 775 20 2174 271 545 22 100
leaf_count=721 125 272 104 803 1210 197 108 966 197 20 479 38 124 29 795 1738 209 1204 610 80 479 225 132 775 20 2174 271 545 22 100
internal_value=-8.58866e-05 -0.0252246 0.0459969 -0.0137749 -0.0318127 -0.0120249 0.0968816 0.0870814 0.138199 0.179774 0.0216796 0.308627 0.136823 0.415842 -0.0525954 0.00925823 -0.0745446 0.0258499 -0.0739323 0.0435478 0.011427 -0.0998099 0.0143862 -0.117768 0.303015 0.00673427 0.0428484 0.0418309 0.00654907 0.109484
internal_weight=14772 9558 5214 8286 5694 3874 1686 1582 616 428 3528 107 321 69 1333 2541 1004 2592 1820 188 3049 1272 329 1000 49 2924 750 1871 667 122
internal_count=14772 9558 5214 8286 5694 3874 1686 1582 616 428 3528 107 321 69 1333 2541 1004 2592 1820 188 3049 1272 329 1000 49 2924 750 1871 667 122
is_linear=0
shrinkage=0.05


Tree=29
num_leaves=31
num_cat=0
split_feature=0 9 12 5 15 15 11 11 10 0 15 5 1 18 18 15 3 9 16 6 6 11 5 16 18 11 5 5 16 10
split_gain=6190.73 3289.72 2478.25 1512.74 1320.28 956.244 933.939 926.197 1050.84 822.801 819.849 824.55 755.802 1051.58 2333.06 754.444 715.419 1076.7 1821.94 659.826 651.285 723.539 627.425 581.92 593.707 640.46 588.856 579.119 1075.26 574.582
threshold=29.500000000000004 21131.195000000011 15.005000000000001 10.405000000000003 22.120000000000001 18.557500000000001 4.2950000000000044 -8.0999999999999996 15.205000000000002 42.500000000000007 6.0775000000000006 21.650000000000002 2.5000000000000004 -2.3650000000000033 -3.7124999999999937 10.8375 7.1270447000000008 -325201.67500000005 25.217500000000005 5.8777008000000004 19.552368000000005 -1.3449999999999995 20.100000000000005 57.857500000000009 0.4500000000000029 -7.9199999999999999 2.9700000000000006 15.865 16.885000000000002 19.565000000000001
decision_type=2 2 2 2 2 2 2 2 2 2 2 2 2 2 2 2 2 2 2 2 2 2 2 2 2 2 2 2 2 2
left_child=1 3 5 6 15 9 23 -4 10 12 -9 -12 13 14 -2 -3 17 18 -5 -6 -14 -22 -7 24 25 -1 -25 -19 -29 -8
right_child=2 4 7 16 19 22 29 8 -10 -11 11 -13 20 -15 -16 -17 -18 27 -20 -21 21 -23 -24 26 -26 -27 -28 28 -30 -31
leaf_value=0.062739524186316245 0.10782845229163623 -0.0086961829089965467 0.21031001850762623 0.61963933706283569 -0.047833566103434685 -0.022180386564886342 -0.032647916442472405 0.39894456290812408 0.046528144527937437 -0.00032597622696192507 0.079780292991811191 0.20612828461048394 0.0082642605843584009 0.068564360878663133 0.5855068242944339 -0.077403382765506845 -0.010684200889678204 0.011015360383567509 0.039326619861745522 -0.19803321509259858 0.30960409956782858 0.06612222636942805 0.10418548624751703 -0.28357268900443344 -0.036149974294095839 -0.013522675691485332 -0.053520807804366979 -0.037484807541424574 0.11320538392333818 -0.12969571993636914
leaf_weight=410 103 545 149 21 98 1340 274 27 950 854 433 184 680 460 34 1497 1452 1347 38 288 37 174 106 39 1369 838 97 165 419 344
leaf_count=410 103 545 149 21 98 1340 274 27 950 854 433 184 680 460 34 1497 1452 1347 38 288 37 174 106 39 1369 838 97 165 419 344
internal_value=-8.15923e-05 -0.0251233 0.0417572 -0.00731406 -0.0750962 0.0190541 -0.0311213 0.0910969 0.0799534 0.0387938 0.129261 0.117459 0.0612456 0.104779 0.226376 -0.0590658 0.0160021 0.0354737 0.245879 -0.1599 0.0320767 0.108818 -0.0129171 -0.018652 -0.0134116 0.0115314 -0.119492 0.0290449 0.0706302 -0.0866681
internal_weight=14772 9241 5531 6813 2428 3788 3371 1743 1594 2342 644 617 1488 597 137 2042 3442 1990 59 386 891 211 1446 2753 2617 1248 136 1931 584 618
internal_count=14772 9241 5531 6813 2428 3788 3371 1743 1594 2342 644 617 1488 597 137 2042 3442 1990 59 386 891 211 1446 2753 2617 1248 136 1931 584 618
is_linear=0
shrinkage=0.05


Tree=30
num_leaves=31
num_cat=0
split_feature=5 4 15 11 0 19 1 0 18 18 14 7 3 5 19 16 11 4 16 3 14 8 17 16 3 6 10 11 16 14
split_gain=5617.63 2673.95 2043.12 1729.98 1203.52 1158.3 889.348 902.851 1126.5 1619.68 797.704 746.19 728.208 704.664 861.338 1780.13 843.564 692.059 660.345 629.903 587.991 633.772 578.978 632.072 655.968 569.862 567.372 554.413 484.46 466.265
threshold=15.865 2110603.9000000004 18.282500000000006 12.565000000000003 28.500000000000004 0.79999999999999993 2.5000000000000004 40.500000000000007 -2.3650000000000033 -3.7124999999999937 22.780000000000005 417160.83000000002 15.774017000000002 17.735000000000003 -5.7549999999999972 21.440000000000005 4.0850000000000009 1393800.4500000004 41.660000000000004 -3.6960753999999993 20.232500000000005 0.99133300000000013 11.510000000000002 34.177500000000002 23.177612000000007 2.7302551000000004 9.8450000000000006 22.585000000000004 59.832500000000003 32.362500000000004
decision_type=2 2 2 2 2 2 2 2 2 2 2 2 2 2 2 2 2 2 2 2 2 2 2 2 2 2 2 2 2 2
left_child=1 2 4 5 19 13 7 8 9 -6 -7 26 -3 -2 15 -15 18 22 25 -1 -13 28 23 24 -12 -16 -4 -21 -22 -10
right_child=3 12 11 -5 6 10 -8 -9 29 -11 17 20 -14 14 16 -17 -18 -19 -20 27 21 -23 -24 -25 -26 -27 -28 -29 -30 -31
leaf_value=0.05252120143462774 0.059106531610571535 -0.13142333446392282 0.17104400605768771 -0.12140823324818995 0.12325712804682554 -0.012748202381367769 0.0024932788637147311 0.013620705591745519 0.041875469687331253 0.51437119634615047 0.081131954971821074 -0.15195889763605711 -0.047874325170344116 0.67790895952355301 0.075052508689073288 0.041189300325577674 0.011916387210800954 -0.069356170850686544 -0.063878440454199506 -0.011818810174870176 -0.072746256466244594 -0.0043589613108721732 0.03506473956965464 0.29787995038926601 0.366008025881919 0.18100711811749526 -0.026521882079593689 -0.22396805247952864 -0.21974473833557098 0.13420708969505649
leaf_weight=395 595 550 37 121 100 504 1210 577 469 36 248 195 496 21 172 23 153 78 37 4673 584 364 269 50 22 484 2037 31 62 193
leaf_count=395 595 550 37 121 100 504 1210 577 469 36 248 195 496 21 172 23 153 78 37 4673 584 364 269 50 22 484 2037 31 62 193
internal_value=-0.000602956 -0.0154232 -0.00813544 0.0634865 0.00596489 0.0719098 0.0337565 0.0612682 0.0957201 0.226787 0.0347262 -0.0411781 -0.0918054 0.101231 0.129393 0.345078 0.118175 0.070599 0.141635 -0.00812442 -0.0724702 -0.0571234 0.089133 0.134584 0.104344 0.153226 -0.0229973 -0.0132169 -0.0868545 0.0687939
internal_weight=14786 12009 10963 2777 7684 2656 2585 1375 798 136 1171 3279 1046 1485 890 44 846 667 693 5099 1205 1010 589 320 270 656 2074 4704 646 662
internal_count=14786 12009 10963 2777 7684 2656 2585 1375 798 136 1171 3279 1046 1485 890 44 846 667 693 5099 1205 1010 589 320 270 656 2074 4704 646 662
is_linear=0
shrinkage=0.05


Tree=31
num_leaves=31
num_cat=0
split_feature=12 4 5 13 19 16 15 15 6 8 11 10 11 11 12 18 10 6 18 19 15 9 8 8 18 18 18 1 15 11
split_gain=5322.33 2364.93 1765.26 1108.58 975.891 1729.05 868.144 1528.41 874.443 856.987 782.663 824.934 782.025 663.104 615.969 801.156 590.997 538.719 519.254 1056.03 499.551 496.599 491.704 508.656 747.396 1322.71 706.865 559.433 486.767 476.966
threshold=11.855000000000002 1326957.3500000003 17.735000000000003 12.160000000000002 -5.7549999999999972 21.440000000000005 18.282500000000006 18.222500000000004 -1.0000000180025095e-35 1.5048218500000001 1.2700000000000007 22.305000000000003 1.72 -2.1550000000000007 15.595000000000001 18.075000000000006 21.665000000000003 21.653427500000003 -3.1850000000000009 -4.8649999999999993 14.317500000000001 157064.14999999999 0.72863770000000072 -0.71099850000000042 1.4200000000000019 -0.019999999999997794 3.1425000000000005 3.5000000000000004 7.9950000000000001 -2.5800000000000005
decision_type=2 2 2 2 2 2 2 2 2 2 2 2 2 2 2 2 2 2 2 2 2 2 2 2 2 2 2 2 2 2
left_child=1 3 9 6 5 -4 7 29 -9 13 11 -3 22 14 -2 -16 -12 -5 19 -15 -19 -13 23 27 25 -25 -26 -6 -11 -1
right_child=2 10 4 17 12 -7 -8 8 -10 28 16 21 -14 18 15 -17 -18 20 -20 -21 -22 -23 -24 24 26 -27 -28 -29 -30 -31
leaf_value=0.017434714972605299 0.037259764046214866 0.026147050577423087 0.67479652911424637 0.026727555039036306 0.14769715587734372 0.039129835048768893 -0.039534420183674701 0.3926135393894381 0.07563944580880079 0.12363745318549985 -0.065623395293885917 -0.031671535321190485 0.032820280301384633 0.41656049930531047 0.13514838593974621 -0.089003462852402182 -0.14001908436933524 0.34011599404426912 0.009288322472776462 0.053030243225236376 0.088745333061004739 -0.10725775043850078 0.059543919725144667 0.15848655284535659 -0.042634579678997399 0.48915742905620407 0.20391295406071444 -0.031209629482679791 -0.034077854063848778 -0.017120291335305116
leaf_weight=1478 590 373 20 953 148 23 2279 36 55 53 715 537 365 23 424 44 426 24 1355 152 112 365 206 79 46 49 79 62 636 3079
leaf_count=1478 590 373 20 953 148 23 2279 36 55 53 715 537 365 23 424 44 426 24 1355 152 112 365 206 79 46 49 79 62 636 3079
internal_value=-0.000572808 -0.0199529 0.0458611 -0.00688323 0.101395 0.334789 -0.0142557 -0.00186115 0.201036 0.0276095 -0.0633165 -0.0363952 0.0916893 0.0408026 0.0712382 0.114074 -0.0933995 0.0400125 0.0197563 0.100809 0.133105 -0.062258 0.123808 0.1524 0.200147 0.285071 0.113183 0.0948771 -0.0219459 -0.00591285
internal_weight=14786 10432 4354 8016 1077 43 6927 4648 91 3277 2416 1275 1034 2588 1058 468 1141 1089 1530 175 136 902 669 463 253 128 125 210 689 4557
internal_count=14786 10432 4354 8016 1077 43 6927 4648 91 3277 2416 1275 1034 2588 1058 468 1141 1089 1530 175 136 902 669 463 253 128 125 210 689 4557
is_linear=0
shrinkage=0.05


Tree=32
num_leaves=31
num_cat=0
split_feature=12 4 5 11 10 19 16 17 4 10 16 13 11 11 9 3 9 3 1 6 9 15 14 14 3 11 10 18 17 18
split_gain=4803.4 2158.73 1593.14 1230.56 1059.13 880.742 1560.47 847.291 750.566 672.011 639.637 637.05 593.907 578.695 572.596 567.275 527.333 540.136 548.422 497.847 1791.58 476.444 468.183 677.093 459.758 455.199 570.422 452.786 606.167 552.649
threshold=11.855000000000002 612781.07500000007 17.735000000000003 1.2700000000000007 17.685000000000006 -5.7549999999999972 21.440000000000005 11.870000000000003 1041626.9700000001 22.415000000000003 30.027500000000003 11.405000000000003 18.145000000000007 1.72 407459.90000000002 19.413483000000003 -376655.14999999985 -4.2765196499999991 1.5000000000000002 -4.2765196499999991 -28898.66499999999 27.4025 21.642500000000002 24.457500000000003 23.373870500000006 -2.5199999999999982 16.905000000000005 0.2074999999999996 19.737500000000004 -0.68250000000000266
decision_type=2 2 2 2 2 2 2 2 2 2 2 2 2 2 2 2 2 2 2 2 2 2 2 2 2 2 2 2 2 2
left_child=1 7 12 9 -5 6 -4 10 13 -3 16 19 21 22 27 -10 -1 18 -18 20 -9 25 -7 -24 -19 26 -2 28 29 -11
right_child=2 3 5 4 -6 8 -8 11 15 14 -12 -13 -14 -15 -16 -17 17 24 -20 -21 -22 -23 23 -25 -26 -27 -28 -29 -30 -31
leaf_value=0.24489846079889685 0.13729206814817835 0.014003166863524425 0.64105670555029071 -0.036871158792661049 -0.11194909584720097 0.055502718872088477 0.037173343664440126 0.51160893380641947 -0.16479732356767388 0.016649885763419574 0.10529951022271021 0.024961527120999361 -0.19521874159574509 0.047397865316737148 -0.111568436118681 0.054578845257151731 0.23345800745015849 -0.0047957305094337103 0.042277927710674706 -0.024020624277662297 -0.0076708407331334098 -0.20911204644611905 0.3592151952245714 0.13859292112898491 0.2210217146769814 0.015794199321404443 0.039972135885601355 -0.059206423310886769 -0.072554759231085578 0.20108657673649166
leaf_weight=25 178 820 20 882 1005 151 23 20 47 347 243 959 30 309 250 79 49 1127 160 3617 98 21 38 410 23 2071 977 581 180 46
leaf_count=25 178 820 20 882 1005 151 23 20 47 347 243 959 30 309 250 79 49 1127 160 3617 98 21 38 410 23 2071 977 581 180 46
internal_value=-0.000544168 -0.0189553 0.043568 -0.0471588 -0.076857 0.0963254 0.318049 -0.000612434 0.0871048 -0.0219608 0.0304812 -0.0113899 0.0262291 0.102974 -0.0429654 -0.0272519 0.0173447 0.0131587 0.0871001 -0.0207235 0.0803427 0.0282751 0.131643 0.157306 -0.000279382 0.0298204 0.0549704 -0.0281034 0.00343392 0.0382379
internal_weight=14786 10432 4354 4111 1887 1077 43 6321 1034 2224 1627 4694 3277 908 1404 126 1384 1359 209 3735 118 3247 599 448 1150 3226 1155 1154 573 393
internal_count=14786 10432 4354 4111 1887 1077 43 6321 1034 2224 1627 4694 3277 908 1404 126 1384 1359 209 3735 118 3247 599 448 1150 3226 1155 1154 573 393
is_linear=0
shrinkage=0.05


Tree=33
num_leaves=31
num_cat=0
split_feature=0 4 0 15 15 3 12 0 3 16 16 19 15 16 11 5 9 10 16 3 16 3 3 3 8 5 8 9 14 17
split_gain=4393.9 2436.17 1786.71 1435.98 1325.4 1037.57 993.328 941.098 1702.92 782.818 1171.19 906.141 730.541 712.383 773.64 660.44 643.978 614.563 580.301 630.109 579.284 725.829 569.916 549.356 499.564 489.146 476.114 475.023 451.862 430.327
threshold=30.500000000000004 413469.91000000003 41.500000000000007 10.745000000000003 13.887500000000001 4.965621950000001 12.785000000000002 19.500000000000004 2.8922576500000003 16.072500000000002 14.350000000000003 -5.8674999999999988 6.0775000000000006 57.857500000000009 1.0049999999999992 22.050000000000004 3483.1212499999997 17.285000000000004 34.417500000000004 22.360397500000005 35.515000000000008 8.0099335000000025 5.7969360500000011 8.2252960000000019 4.7405697000000009 0.23500000000000004 1.86509715 -184746.70000000004 38.857500000000009 8.7425000000000015
decision_type=2 2 2 2 2 2 2 2 2 2 2 2 2 2 2 2 2 2 2 2 2 2 2 2 2 2 2 2 2 2
left_child=1 6 4 18 5 9 7 -1 -9 10 12 -12 -2 14 16 -6 20 -16 19 -3 -5 27 -7 24 -8 -18 -15 -22 -23 -24
right_child=2 3 -4 13 15 22 23 8 -10 -11 11 -13 -14 26 17 -17 25 -19 -20 -21 21 28 29 -25 -26 -27 -28 -29 -30 -31
leaf_value=-0.0091146087863078068 0.33070000319377235 -0.02456599795252469 -0.0032392772764047607 -0.032115218197091865 0.022442880738563195 0.36588124662637711 0.079823063602576821 0.56563928052783019 -0.043083286726916276 0.0095900663720828519 0.079891288525541324 0.51736485115413011 0.030961911727541258 -0.18438639612184407 -0.045403646001827232 0.15519004288421134 -0.14701458534259745 -0.10545973765963679 0.21153290868627239 0.068393545351194449 0.24521565346588053 0.067306163594736887 0.034432080064514849 -0.035623163482602187 -0.10410121247554437 -0.046661162340127293 -0.006840992610280712 0.031804560290442575 -0.072863869337577436 0.13864836280984846
leaf_weight=3957 23 659 1838 689 1749 25 692 20 27 460 20 29 175 177 769 99 151 955 34 252 62 116 116 148 39 620 48 45 114 678
leaf_count=3957 23 659 1838 689 1749 25 692 20 27 460 20 29 175 177 769 99 151 955 34 252 62 116 116 148 39 620 48 45 114 678
internal_value=-0.000516959 -0.0206276 0.0364245 -0.0463604 0.0580315 0.0925177 0.00409347 -0.00647277 0.215948 0.0481432 0.119943 0.338804 0.06578 -0.060255 -0.0547431 0.0295543 -0.0317868 -0.0786714 0.00871778 0.00114839 -0.00583994 0.0478801 0.130824 0.0522246 0.0700104 -0.0663153 -0.14651 0.155463 -0.00216942 0.123423
internal_weight=14786 9574 5212 4691 3374 1526 4883 4004 47 707 247 49 198 3746 3521 1848 1797 1724 945 911 1026 337 819 879 731 771 225 107 230 794
internal_count=14786 9574 5212 4691 3374 1526 4883 4004 47 707 247 49 198 3746 3521 1848 1797 1724 945 911 1026 337 819 879 731 771 225 107 230 794
is_linear=0
shrinkage=0.05


Tree=34
num_leaves=31
num_cat=0
split_feature=0 4 5 15 19 17 12 0 6 1 0 16 9 16 6 15 15 18 18 11 14 6 6 16 14 6 6 17 7 17
split_gain=3965.5 2198.65 1629.92 1295.97 1059.16 1294.19 896.479 849.341 1424.86 816.407 862.93 642.926 708.487 837.365 648.677 606.622 584.787 908.174 1111.18 570.876 533.232 529.489 515.375 490.458 496.398 467.71 627.399 944.147 676.185 763.073
threshold=30.500000000000004 413469.91000000003 16.605000000000004 10.745000000000003 -3.6600000000000006 16.507500000000004 12.785000000000002 19.500000000000004 0.64889525000000015 2.5000000000000004 40.500000000000007 57.857500000000009 3483.1212499999997 18.675000000000004 -3.4933318999999998 22.120000000000001 18.597500000000004 -2.3650000000000033 -3.7124999999999937 12.565000000000003 7.3325000000000005 8.117126500000003 6.3174592000000009 34.417500000000004 26.867500000000003 1.5795135500000002 8.7780300000000029 11.870000000000003 1.0000000180025095e-35 9.4250000000000025
decision_type=2 2 2 2 2 2 2 2 2 2 2 2 2 2 2 2 2 2 2 2 2 2 2 2 2 2 2 2 2 2
left_child=1 6 9 20 5 -4 7 -1 -9 10 16 12 13 -5 -15 -14 17 18 -2 25 -3 -8 -13 24 -22 -6 -27 28 -28 -30
right_child=2 3 4 11 19 -7 21 8 -10 -11 -12 22 15 14 -16 -17 -18 -19 -20 -21 23 -23 -24 -25 -26 26 27 -29 29 -31
leaf_value=-0.0086588782429174293 0.13257468043947998 -0.21501527634950787 0.45869808898140224 -0.10318806712399604 -0.0034496388320067075 0.10517276365721187 0.068823216726537462 0.52502011805772786 -0.031790457941867689 -0.0053895188899683527 0.003137457266345357 -0.015105772058128334 -0.062838651222099695 0.26241240528013027 -0.017520268013790013 -0.14868246720274206 0.0081094227917674292 0.070628114809970485 0.47870593993894517 -0.13877596846132567 0.023741693844767139 -0.028780781886018167 -0.18533579058172864 0.20095626135521077 -0.078578377149814194 0.13133486767978156 -0.0059652782646783947 -0.0054832673280655556 0.060818744051028731 0.22416350184641104
leaf_weight=3957 92 26 39 317 179 77 706 20 27 1948 806 61 1521 21 1424 238 256 598 31 33 744 173 164 34 141 429 96 341 135 152
leaf_count=3957 92 26 39 317 179 77 706 20 27 1948 806 61 1521 21 1424 238 256 598 31 33 744 173 164 34 141 429 96 341 135 152
internal_value=-0.000491111 -0.0195962 0.0346033 -0.0440424 0.0789831 0.22403 0.0038888 -0.00614913 0.20515 0.016987 0.0414342 -0.0572422 -0.0520059 -0.0295964 -0.013452 -0.0744537 0.073028 0.0960782 0.219811 0.0666568 0.00828189 0.0496133 -0.139185 0.0145993 0.00743985 0.0717463 0.0834203 0.0550289 0.108905 0.147329
internal_weight=14786 9574 5212 4691 1481 116 4883 4004 47 3731 1783 3746 3521 1762 1445 1759 977 721 123 1365 945 879 225 919 885 1332 1153 724 383 287
internal_count=14786 9574 5212 4691 1481 116 4883 4004 47 3731 1783 3746 3521 1762 1445 1759 977 721 123 1365 945 879 225 919 885 1332 1153 724 383 287
is_linear=0
shrinkage=0.05


Tree=35
num_leaves=31
num_cat=0
split_feature=0 11 0 8 15 15 17 16 5 9 11 11 14 14 11 17 5 14 6 12 19 3 19 0 9 3 5 6 3 0
split_gain=4081.41 1922.86 1787 1568.59 1419.22 2053.31 1273.18 2092.67 1175.79 724.255 724.199 671.262 683.671 1002.76 649.926 816.362 642.289 919.218 628.261 539.301 528.402 918.068 514.792 447.527 499.501 442.126 439.315 435.785 641.001 434.156
threshold=31.500000000000004 7.2799999999999994 42.500000000000007 1.2302551999999995 10.887500000000001 10.745000000000003 9.6200000000000028 24.992500000000003 7.6750000000000007 178183.41500000001 -4.1099999999999977 -10.564999999999996 15.735000000000001 15.575000000000001 -5.0249999999999995 5.4800000000000013 23.210000000000004 30.705000000000005 4.5524597500000015 16.815000000000001 -0.9900000000000001 21.351593000000005 1.6325000000000032 37.500000000000007 -65211.764499999997 7.3145598500000011 17.605000000000004 -1.0655975499999999 -2.8919829999999997 26.500000000000004
decision_type=2 2 2 2 2 2 2 2 2 2 2 2 2 2 2 2 2 2 2 2 2 2 2 2 2 2 2 2 2 2
left_child=1 8 3 4 5 10 7 -6 9 22 23 -8 13 20 -10 -16 -14 -18 -3 -9 -13 -22 29 24 -2 -20 -17 28 -12 -1
right_child=2 18 -4 -5 6 -7 11 19 14 -11 27 12 16 -15 15 26 17 -19 25 -21 21 -23 -24 -25 -26 -27 -28 -29 -30 -31
leaf_value=-0.022365770670489324 0.1349487492442131 -0.012558104470246346 -0.0070019343150134099 0.0021126421780004955 0.020499538166279144 0.51945876607937469 0.20861938506926575 0.29430024929513987 0.037679387467788601 -0.093573478885809899 0.12000072631543797 -0.01578184311510995 0.024306666612760992 0.47372089638374748 0.1654313966334946 -0.01195113133968493 0.061344305758497544 0.39162854624205623 -0.14748264158660285 0.6337325660586357 0.058877686364576222 0.43762316567202408 -0.080470183418748439 0.12662497541826706 0.44509016502950643 -0.071714678960763348 0.042167606580366335 0.066672378590132364 0.4320828690415337 0.06121607427309092
leaf_weight=970 20 370 1560 924 55 35 63 22 1050 512 76 60 1484 20 69 4768 77 29 242 25 48 24 322 46 37 942 407 322 21 185
leaf_count=970 20 370 1560 924 55 35 63 22 1050 512 76 60 1484 20 69 4768 77 29 242 25 48 24 322 46 37 942 407 322 21 185
internal_value=0.000239114 -0.0183924 0.03728 0.0576695 0.0785034 0.148717 0.0579952 0.229857 -0.00881728 -0.0423282 0.123859 0.0482833 0.0424847 0.143793 0.0017727 -0.00541686 0.0327999 0.151705 -0.0694289 0.474849 0.0938044 0.185126 -0.0245641 0.242641 0.336269 -0.087201 -0.00769484 0.0946594 0.187565 -0.0089782
internal_weight=14785 9837 4948 3388 2464 557 1907 102 8283 1989 522 1805 1742 152 6294 5244 1590 106 1554 47 132 72 1477 103 57 1184 5175 419 97 1155
internal_count=14785 9837 4948 3388 2464 557 1907 102 8283 1989 522 1805 1742 152 6294 5244 1590 106 1554 47 132 72 1477 103 57 1184 5175 419 97 1155
is_linear=0
shrinkage=0.05


Tree=36
num_leaves=31
num_cat=0
split_feature=0 9 0 8 15 15 10 11 18 18 10 18 15 9 10 15 11 1 9 8 14 6 9 8 9 8 14 6 3 10
split_gain=3683.48 1736.66 1612.76 1415.66 1280.84 1853.12 1185.84 1684.18 1177.35 1284.4 720.178 704.485 775.363 756.455 582.311 580.436 573.222 549.445 693.07 532.946 518.563 947.244 903.649 990.661 517.678 517.069 500.143 492.197 466.366 463.178
threshold=31.500000000000004 151501.06999999998 42.500000000000007 1.2302551999999995 10.887500000000001 10.745000000000003 14.565000000000003 -0.22999999999999951 -2.6074999999999968 -3.7124999999999937 8.9250000000000025 1.3500000000000016 14.890000000000002 -389335.74999999994 20.885000000000002 22.120000000000001 -10.564999999999996 2.5000000000000004 9651.049999999932 -1.2357941500000007 15.735000000000001 7.581329300000001 -1.0000000180025095e-35 0.27108765000000018 -1.0000000180025095e-35 1.3067933000000005 26.665000000000003 6.3174592000000009 8.3331605000000035 50.330000000000005
decision_type=2 2 2 2 2 2 2 2 2 2 2 2 2 2 2 2 2 2 2 2 2 2 2 2 2 2 2 2 2 2
left_child=1 6 3 4 5 8 19 11 9 24 -6 12 13 25 -9 29 -12 18 -10 -1 21 -18 -23 -24 -2 -8 -15 -17 -20 -3
right_child=2 15 -4 -5 10 -7 7 14 17 -11 16 -13 -14 26 -16 27 20 -19 28 -21 -22 22 23 -25 -26 -27 -28 -29 -30 -31
leaf_value=-0.016953575583504337 0.35408458303321494 -0.042150448464388195 -0.0066518377111508299 0.0020070102278536765 0.2386161163664208 0.49348582808460506 0.09499445089087305 -0.036456034091392628 0.080119145969294162 0.5798392067735012 0.19818841871465484 -0.025608717210247725 -0.012123780305530038 0.0048762531476202724 -0.09165930855461718 -0.018039453193381596 0.0056631578447146197 0.010413827295415104 0.082167602330446246 0.036248172613445991 0.036580465043635872 -0.006281660707748455 0.55242905388436003 0.1193326313858447 0.050750450016214303 0.29084082591262733 0.085460324071228833 -0.15268891074481919 0.35306712022804199 -0.1940740102185653
leaf_weight=643 22 1425 1560 924 52 35 144 1473 204 26 63 1387 958 607 707 91 74 160 24 1757 1641 23 31 23 39 44 282 267 47 52
leaf_count=643 22 1425 1560 924 52 35 144 1473 204 26 63 1387 958 607 707 91 74 160 24 1757 1641 23 31 23 39 44 282 267 47 52
internal_value=0.000227158 -0.0174728 0.035416 0.054786 0.0745782 0.141281 -0.00741239 -0.0200109 0.117666 0.285574 0.0550954 0.00187084 0.0206002 0.0497084 -0.0543591 -0.0613437 0.0499509 0.0840844 0.126947 0.0219945 0.0447394 0.133408 0.256175 0.367962 0.16015 0.140831 0.0304384 -0.118462 0.261495 -0.0474991
internal_weight=14785 9837 4948 3388 2464 557 8002 5602 522 87 1907 3422 2035 1077 2180 1835 1855 435 275 2400 1792 151 77 54 61 188 889 358 71 1477
internal_count=14785 9837 4948 3388 2464 557 8002 5602 522 87 1907 3422 2035 1077 2180 1835 1855 435 275 2400 1792 151 77 54 61 188 889 358 71 1477
is_linear=0
shrinkage=0.05


Tree=37
num_leaves=31
num_cat=0
split_feature=0 11 0 10 8 1 5 19 19 15 6 17 11 11 10 15 9 7 17 15 3 14 6 16 17 18 19 5 10 13
split_gain=3324.34 1628.17 1459.13 1362.17 1305.73 1210.18 1056.08 974.273 1000.13 1723.75 1539.15 1533.32 946.646 836.549 1076.51 704.257 624.761 853.822 686.333 556.238 793.814 1210.7 540.525 488.121 475.154 665.848 525.241 485.788 454.067 449.296
threshold=31.500000000000004 7.2799999999999994 41.500000000000007 25.225000000000005 1.2302551999999995 3.5000000000000004 16.605000000000004 2.8450000000000002 -0.64000000000000001 11.097500000000002 22.706451500000004 12.632500000000002 -5.585 -5.0249999999999995 15.385000000000003 9.8950000000000014 -325201.67500000005 1275840.7000000002 5.4800000000000013 18.597500000000004 4.7185670000000011 18.297500000000003 4.5524597500000015 28.605000000000008 19.737500000000004 0.3475000000000002 -1.1299999999999997 2.9700000000000006 26.435000000000006 11.855000000000002
decision_type=2 2 2 2 2 2 2 2 2 2 2 2 2 2 2 2 2 2 2 2 2 2 2 2 2 2 2 2 2 2
left_child=1 3 4 13 5 6 19 8 9 10 11 -8 24 -1 16 -7 17 -15 -18 20 -2 -22 -3 -20 25 26 -5 -26 -4 -17
right_child=2 22 28 12 -6 15 7 -9 -10 -11 -12 -13 -14 14 -16 29 18 -19 23 -21 21 -23 -24 -25 27 -27 -28 -29 -30 -31
leaf_value=0.050269323801587974 0.041704507455349378 -0.010811729378104713 0.019865617865118507 0.11657503431685914 0.0017952850039478245 0.29145197863876821 0.31909453823374445 0.42508832141757014 0.079254655525722417 0.090528020326809233 0.13632057386130328 0.87954139916793173 -0.094621843017517651 0.31616858852709218 -0.025351545063632259 -0.010949898143497078 0.16392098757866269 0.028075115809190102 -0.0040382431557516541 0.0080548777839779366 0.45425894717375437 0.12141811209122096 -0.080046858499534565 0.045028549321169016 -0.14331245711677573 -0.042598218493224517 0.0022917157483621025 -0.027425035036887421 -0.030150687907955522 0.060906260893852628
leaf_weight=826 327 370 1068 162 847 25 26 34 235 93 32 23 636 41 2816 470 74 69 1844 238 30 306 1184 699 131 428 265 292 789 405
leaf_count=826 327 370 1068 162 847 25 26 34 235 93 32 23 636 41 2816 470 74 69 1844 238 30 306 1184 699 131 428 265 292 789 405
internal_value=0.0002158 -0.0165991 0.0336452 -0.00778823 0.0546906 0.074656 0.104703 0.167912 0.146533 0.237398 0.406027 0.582161 -0.0447759 0.00332724 -0.00366792 0.0297854 0.0187234 0.135455 0.0138168 0.073625 0.097163 0.151136 -0.0635623 0.00944885 -0.01997 0.00147418 0.0456498 -0.0633145 -0.00138525 0.0223092
internal_weight=14785 9837 4948 8283 3091 2244 1344 443 409 174 81 49 1914 6369 5543 900 2727 110 2617 901 663 336 1554 2543 1278 855 427 423 1857 875
internal_count=14785 9837 4948 8283 3091 2244 1344 443 409 174 81 49 1914 6369 5543 900 2727 110 2617 901 663 336 1554 2543 1278 855 427 423 1857 875
is_linear=0
shrinkage=0.05


Tree=38
num_leaves=31
num_cat=0
split_feature=12 11 10 8 1 0 6 16 0 4 10 15 14 16 15 11 19 16 14 14 6 17 6 19 11 10 15 14 10 7
split_gain=3037.76 1365.36 1254.7 1032.02 1059.51 965.409 901.833 916.861 898.135 815.681 743.57 685.566 664.485 837.43 1249.08 645.356 626.672 1257.21 566.028 560.579 711.045 1005.57 749.51 556.819 542.896 705.31 529.322 507.993 507.904 469.808
threshold=11.125000000000002 4.5700000000000021 24.225000000000005 1.5048218500000001 3.5000000000000004 28.500000000000004 -4.2765196499999991 17.020000000000003 34.500000000000007 1370.6570000000004 13.745000000000003 6.910000000000001 29.392500000000005 28.605000000000008 13.177500000000002 -5.9399999999999995 2.8450000000000002 34.177500000000002 36.520000000000003 12.527500000000002 21.124298000000007 9.4250000000000025 22.844757000000005 0.89750000000000008 -23.834999999999997 40.500000000000007 10.535000000000002 12.527500000000002 10.285000000000002 311534.29500000004
decision_type=2 2 2 2 2 2 2 2 2 2 2 2 2 2 2 2 2 2 2 2 2 2 2 2 2 2 2 2 2 2
left_child=1 2 8 4 5 27 7 -3 -1 16 -10 29 13 19 -15 18 -7 -18 -14 -11 -21 26 -23 28 -4 -26 -22 -2 -6 -5
right_child=3 6 24 11 23 9 -8 -9 10 12 -12 -13 15 14 -16 -17 17 -19 -20 20 21 22 -24 -25 25 -27 -28 -29 -30 -31
leaf_value=-0.0011164181627601212 0.18069238500023377 0.0024929133733400167 0.059815574154019995 0.044109453480500223 0.22044819739154159 0.034399478910330468 -0.054276734096383984 0.41888301551342011 0.18601124446032591 0.37467863164334136 0.03899648814533907 -0.02604286854850775 0.26767338878260211 0.57772304835142918 0.087249358236789698 0.033571422864476695 0.068013024938778144 0.50060154443437399 0.042619509789712573 0.034584055288249385 0.022283399767581036 0.46165754821543631 0.18583506008077946 -0.04248259309956226 -0.031220029099136699 -0.11943282831307443 0.27976924705505374 0.016851986508552585 0.019249104643355552 0.29169075828114593
leaf_weight=3742 49 39 141 66 34 958 2352 20 97 22 759 983 65 27 25 342 71 22 49 161 99 38 70 496 1973 256 25 1372 405 27
leaf_count=3742 49 39 141 66 34 958 2352 20 97 22 759 983 65 27 25 342 71 22 49 161 99 38 70 496 1973 256 25 1372 405 27
internal_value=0.00020501 -0.0170016 -0.00577987 0.0300572 0.0409475 0.0539272 -0.0494334 0.143642 0.00945276 0.0765491 0.0556559 -0.013767 0.110846 0.152768 0.341918 0.0679135 0.046429 0.170346 0.17094 0.129067 0.115317 0.171344 0.282884 -0.00618207 -0.0353325 -0.0413512 0.0741959 0.0225017 0.0348317 0.115988
internal_weight=14785 9379 6968 5406 4330 3395 2411 59 4598 1974 856 1076 923 467 52 456 1051 93 114 415 393 232 108 935 2370 2229 124 1421 439 93
internal_count=14785 9379 6968 5406 4330 3395 2411 59 4598 1974 856 1076 923 467 52 456 1051 93 114 415 393 232 108 935 2370 2229 124 1421 439 93
is_linear=0
shrinkage=0.05


Tree=39
num_leaves=31
num_cat=0
split_feature=0 12 4 9 15 14 10 18 18 14 10 3 8 11 8 6 3 11 5 11 3 14 3 11 18 19 8 6 18 6
split_gain=2789.44 1521.71 1437.85 1147.87 930.325 874.611 805.013 678.477 1248.21 776.706 670.623 649.982 577.646 560.878 518.842 555.49 508.171 490.189 451.706 893.123 495.064 453.468 443.789 557.662 593.045 559.526 418.606 417.283 619.633 466.669
threshold=32.500000000000007 7.6550000000000011 2347.1506500000005 4275.3395500000015 13.887500000000001 37.51250000000001 14.905000000000003 -3.1850000000000009 -3.3775000000000008 26.665000000000003 20.705000000000002 4.965621950000001 1.6846008500000005 -1.9699999999999995 2.0960848500000013 -4.2765196499999991 3.1127319500000001 17.085000000000004 7.955000000000001 -5.0249999999999995 1.0646209500000003 32.007500000000007 4.5524597500000015 -0.95999999999999985 0.95250000000000068 0.50999999999999945 0.35314899999999988 12.109299000000002 5.0275000000000025 7.173431400000001
decision_type=2 2 2 2 2 2 2 2 2 2 2 2 2 2 2 2 2 2 2 2 2 2 2 2 2 2 2 2 2 2
left_child=1 3 10 6 11 7 -1 8 9 -3 12 -4 22 -8 15 26 -7 18 -17 21 -21 -20 -2 24 25 -24 -9 28 29 -13
right_child=2 5 4 -5 -6 16 13 14 -10 -11 -12 27 -14 -15 -16 17 -18 -19 19 20 -22 -23 23 -25 -26 -27 -28 -29 -30 -31
leaf_value=0.023840171475187698 0.032273199548480673 0.0037945470201873016 0.045918301008817441 -0.070300039411068771 0.038199406965067337 0.080436205218376772 -0.0090665573321390327 0.044430625156051472 0.42564781457185746 0.12829842270337835 -0.0065803984353231069 0.23604284271854781 -0.014706838991233699 -0.059211108553748039 -0.034642384308698849 -0.040098575471002998 -0.044520195202787161 -0.15366285994648934 0.055189266980468804 -0.02308455988633408 0.025957154254938625 0.17391509528444932 0.47951494763018909 0.067649816129756665 0.073449493402784519 0.14391682102628375 0.22930175563693048 0.13053505342480731 0.058281202837824821 0.54999155521392828
leaf_weight=843 580 341 212 1573 850 88 1144 79 23 198 1823 29 352 1088 649 357 1079 45 279 826 1365 113 27 298 44 23 50 362 25 20
leaf_count=843 580 341 212 1573 850 88 1144 79 23 198 1823 29 352 1088 649 357 1079 45 279 826 1365 113 27 298 44 23 50 362 25 20
internal_value=0.00019476 -0.0145044 0.0322829 -0.0355591 0.0726035 0.00331465 -0.0177875 0.0136793 0.0649234 0.0495307 0.0130899 0.117732 0.0401738 -0.0335098 0.00602606 0.0145019 -0.0350976 0.0101118 0.0126186 0.0199047 0.00746858 0.0894138 0.0600482 0.101144 0.207327 0.32514 0.116086 0.152651 0.260839 0.364185
internal_weight=14785 10140 4645 4648 1498 5492 3075 4325 562 539 3147 648 1324 2232 3763 3114 1167 2985 2940 2583 2191 392 972 392 94 50 129 436 74 49
internal_count=14785 10140 4645 4648 1498 5492 3075 4325 562 539 3147 648 1324 2232 3763 3114 1167 2985 2940 2583 2191 392 972 392 94 50 129 436 74 49
is_linear=0
shrinkage=0.05


Tree=40
num_leaves=31
num_cat=0
split_feature=5 11 10 11 16 11 10 11 1 0 6 17 10 11 5 17 19 19 19 16 5 18 16 17 6 16 6 15 5 16
split_gain=2357.23 1344.77 1167.88 1131.45 728.243 639.297 612.378 682.592 595.816 579.453 630.335 770.042 557.961 515.148 492.88 474.484 620.734 440.374 420.044 402.596 401.156 427.504 771.08 600.228 398.06 547.169 525.959 843.421 352.55 417.566
threshold=16.275000000000002 4.3950000000000005 27.265000000000004 3.8100000000000018 12.640000000000002 22.585000000000004 12.815000000000003 -4.4249999999999998 2.5000000000000004 26.500000000000004 16.443359000000004 5.5875000000000012 27.405000000000005 -15.795 7.0050000000000008 18.597500000000004 0.51749999999999974 -3.6300000000000003 -1.2299999999999993 31.637500000000003 20.290000000000003 0.95250000000000068 22.780000000000005 12.990000000000002 10.480713000000002 17.182500000000005 7.6898650000000011 14.072500000000002 22.050000000000004 20.232500000000005
decision_type=2 2 2 2 2 2 2 2 2 2 2 2 2 2 2 2 2 2 2 2 2 2 2 2 2 2 2 2 2 2
left_child=1 2 9 4 8 28 20 17 -2 -1 11 -11 -3 15 -15 16 -4 -8 -19 -12 -6 22 -22 -24 26 -26 -9 -28 -5 -30
right_child=3 12 13 5 6 -7 7 24 -10 10 19 -13 -14 14 -16 -17 -18 18 -20 -21 21 -23 23 -25 25 -27 27 -29 29 -31
leaf_value=-0.0018897909567074285 0.071282989984194259 -0.032296464069170555 0.11138845978944703 -0.020404149671750412 0.088433449666828243 -0.19505316863457364 0.28304586794815567 0.050022508244799951 -0.10883258764263032 0.25123379212968494 0.097044155555671419 0.011511181391975177 -0.10466928364944171 -0.08090206702453305 -0.025159265834612938 -0.042754430988302027 -0.060774823265603267 -0.016107328551805626 0.13710728959155244 0.0019523492507986574 0.06126198076332609 0.074204544598857558 0.56221009736711325 0.24353507497968774 0.18847843889851829 -0.011650913534096028 0.39728386653908371 -0.003421834002559384 0.26499502581098805 0.031617347740608717
leaf_weight=4467 81 2311 179 469 282 45 38 490 106 34 440 2275 301 602 1162 195 74 59 185 149 36 54 22 45 37 444 29 24 23 115
leaf_count=4467 81 2311 179 469 282 45 38 490 106 34 440 2275 301 602 1162 195 74 59 185 149 36 54 22 45 37 444 29 24 23 115
internal_value=0.000360321 -0.00883568 -0.000162421 0.0437388 0.0629592 -0.0132148 0.0730083 0.0558354 -0.0308146 0.00940645 0.0268186 0.0150411 -0.0406365 -0.0320226 -0.0441826 0.0158573 0.0610324 0.124717 0.100059 0.0729887 0.124097 0.188154 0.247894 0.348175 0.036866 0.00374365 0.0662065 0.215832 0.00026579 0.0705136
internal_weight=14773 12189 9577 2584 1932 652 1745 1306 187 7365 2898 2309 2612 2212 1764 448 253 282 244 589 439 157 103 67 1024 481 543 53 607 138
internal_count=14773 12189 9577 2584 1932 652 1745 1306 187 7365 2898 2309 2612 2212 1764 448 253 282 244 589 439 157 103 67 1024 481 543 53 607 138
is_linear=0
shrinkage=0.05


Tree=41
num_leaves=31
num_cat=0
split_feature=12 13 17 5 15 14 9 18 4 14 10 12 18 16 17 11 11 11 17 6 15 18 18 10 5 17 11 18 6 9
split_gain=2175.34 1059.68 802.453 790.218 739.681 868.209 661.37 587.397 574.246 568.236 559.791 509.983 488.216 479.846 568.75 460.718 429.449 426.957 414.055 405.468 548.446 400.798 581.714 376.664 473.877 428.122 390.349 383.555 373.708 621.902
threshold=10.915000000000001 11.495000000000003 11.445000000000002 16.275000000000002 6.0775000000000006 12.335000000000001 4275.3395500000015 -6.532499999999998 1608196.1500000001 13.347500000000002 9.8450000000000006 6.2950000000000008 6.1950000000000021 14.350000000000003 5.5875000000000012 0.77999999999999858 -4.4249999999999998 -33.949999999999996 11.377500000000001 21.653427500000003 14.317500000000001 2.3974999999999995 2.2625000000000015 15.205000000000002 21.650000000000002 9.4250000000000025 2.975000000000001 -4.6599999999999993 -2.5084075999999995 -135461.08499999993
decision_type=2 2 2 2 2 2 2 2 2 2 2 2 2 2 2 2 2 2 2 2 2 2 2 2 2 2 2 2 2 2
left_child=1 2 12 7 -5 -6 10 -2 16 13 -4 -8 18 14 -9 -11 -7 -12 -1 21 -21 22 -3 24 26 -26 27 -18 29 -19
right_child=3 19 6 4 5 8 11 9 -10 15 17 -13 -14 -15 -16 -17 23 28 -20 20 -22 -23 -24 -25 25 -27 -28 -29 -30 -31
leaf_value=0.018316671717534642 0.1162414792903953 0.021872556425075983 0.14384723380208017 0.26048080667942053 -0.14550011406120444 0.12275453520824715 -0.075923295943048072 0.219702603976901 -0.067811702117323888 0.017448825795323301 0.15268912796463285 -0.023613963497646804 -0.065182786806109824 0.25269939813103215 0.010290841646792908 -0.019356232455848728 0.27833375492217866 0.30551795981824403 0.18823252050457775 0.3074744692931955 0.058222901608718382 -0.036716306136238185 0.22385794472050025 0.015443063565583332 0.041430914412501837 0.19539906085288572 -0.01606779859639795 0.06369460872151296 -0.026310086223547691 0.013847780807541227
leaf_weight=1157 132 974 52 42 56 245 1138 41 90 2370 35 789 178 36 155 1326 22 20 37 26 146 298 37 477 71 124 164 386 3937 212
leaf_count=1157 132 974 52 42 56 245 1138 41 90 2370 35 789 178 36 155 1326 22 20 37 26 146 298 37 477 71 124 164 386 3937 212
internal_value=0.000342305 -0.0149458 -0.0225268 0.0244217 0.053295 0.0479728 -0.0302029 0.0124954 0.0548344 0.00900902 -0.0191994 -0.0545055 0.0120659 0.0849141 0.0540964 0.00424441 0.0622476 -0.0212161 0.0235821 0.0237272 0.0959005 0.0142438 0.0292647 0.050331 0.0720279 0.139339 0.049081 0.0752683 -0.0226761 0.0389918
internal_weight=14773 9036 7555 5737 1677 1635 6183 4060 1579 3928 4256 1927 1372 232 196 3696 1489 4204 1194 1481 172 1309 1011 1244 767 195 572 408 4169 232
internal_count=14773 9036 7555 5737 1677 1635 6183 4060 1579 3928 4256 1927 1372 232 196 3696 1489 4204 1194 1481 172 1309 1011 1244 767 195 572 408 4169 232
is_linear=0
shrinkage=0.05


Tree=42
num_leaves=31
num_cat=0
split_feature=0 4 15 3 4 3 3 15 16 18 19 11 5 16 9 10 11 10 0 18 16 11 10 5 11 14 18 18 15 16
split_gain=2009.3 1519.37 989.313 1153.67 663.401 742.504 1389.61 612.663 555.005 706.943 903.373 778.114 523.126 508.013 605.8 1321.55 459.253 743.265 444.596 428.731 424.705 382.021 678.79 533.481 435.645 434.141 502.473 595.93 469.362 408.569
threshold=28.500000000000004 395226.95000000007 13.887500000000001 4.3826142500000005 2347.1506500000005 7.521957500000001 6.8916015500000016 10.745000000000003 18.412500000000005 -4.3050000000000024 0.35999999999999949 -9.6850000000000005 17.435000000000006 16.072500000000002 -1432.1052999999968 15.585000000000003 5.0600000000000023 13.435 18.500000000000004 13.017500000000002 34.417500000000004 -5.585 21.665000000000003 0.015000000000000001 25.420000000000009 54.872500000000009 -0.11249999999999981 -0.33250000000000307 25.027500000000003 34.877500000000005
decision_type=2 2 2 2 2 2 2 2 2 2 2 2 2 2 2 2 2 2 2 2 2 2 2 2 2 2 2 2 2 2
left_child=1 12 3 13 5 6 -5 20 19 10 -10 -11 18 14 15 -2 17 -4 -1 -6 -3 25 23 -23 -25 26 27 28 29 -9
right_child=2 7 16 4 8 -7 -8 21 9 11 -12 -13 -14 -15 -16 -17 -18 -19 -20 -21 -22 22 -24 24 -26 -27 -28 -29 -30 -31
leaf_value=-0.0017503641236630619 0.51525846648783913 -0.0052844297759543375 0.10016896525676884 0.050715824883648911 0.26330311825352437 0.018197481140942429 0.45680787768857239 -0.030781120784544886 0.040292192012705702 0.28796646264899106 0.33302472227563462 0.047189489216449471 0.060054908813326625 -0.016252116095649718 0.03170990694882711 -0.027870669278005761 -0.033768615989775159 0.0053636218493141631 0.17975531985901078 0.080328883808106197 0.18054509446956218 0.15501084516031877 -0.089244477678901035 -0.032242757428285349 -0.14103767304220285 -0.10497820709521573 -0.043715571716033255 0.30189953893423083 -0.17139339976269624 0.082857158958409352
leaf_weight=4386 21 785 227 77 89 596 29 130 47 36 60 494 390 745 385 24 633 2316 34 50 32 36 965 1304 99 126 406 20 29 202
leaf_count=4386 21 785 227 77 89 596 29 130 47 36 60 494 390 745 385 24 633 2316 34 50 32 36 965 1304 99 126 406 20 29 202
internal_value=0.00032519 -0.0145612 0.0231668 0.0457046 0.075103 0.0398835 0.161816 -0.0367903 0.106964 0.0872113 0.204441 0.0635442 0.00454387 0.00872512 0.0519996 0.22559 0.00434036 0.0138264 -0.000354167 0.197485 0.00199408 -0.0463432 -0.0568003 -0.035043 -0.0399197 -0.018809 -0.00501314 0.0362288 0.0215102 0.0383602
internal_weight=14773 8944 5829 2653 1478 702 106 4134 776 637 107 530 4810 1175 430 45 3176 2543 4420 139 817 3317 2404 1439 1403 913 787 381 361 332
internal_count=14773 8944 5829 2653 1478 702 106 4134 776 637 107 530 4810 1175 430 45 3176 2543 4420 139 817 3317 2404 1439 1403 913 787 381 361 332
is_linear=0
shrinkage=0.05


Tree=43
num_leaves=31
num_cat=0
split_feature=12 10 8 0 17 11 17 1 18 10 3 18 18 19 1 4 0 1 4 3 14 19 5 8 11 17 3 17 17 5
split_gain=1814.59 929.987 889.757 788.516 699.043 694.498 605.211 708.33 1104.57 1262.04 990.321 627.219 754.681 972.407 955.47 586.2 579.143 556.178 621.194 646.708 516.002 502.63 574.884 925.87 498.27 496.88 761.878 472.203 444.849 498.71
threshold=10.915000000000001 21.485000000000003 1.9488524 34.500000000000007 5.5875000000000012 -5.585 20.127500000000001 3.5000000000000004 -2.8775000000000008 13.305000000000001 7.0228881500000009 -1.2324999999999997 0.37000000000000105 -1.78 2.5000000000000004 190266.25000000003 31.500000000000004 2.5000000000000004 11043.310500000001 21.234603500000002 43.397500000000008 0.95750000000000057 20.525000000000002 -0.59545899999999985 0.89499999999999968 8.7425000000000015 22.526962500000003 21.952500000000004 11.510000000000002 0.015000000000000001
decision_type=2 2 2 2 2 2 2 2 2 2 2 2 2 2 2 2 2 2 2 2 2 2 2 2 2 2 2 2 2 2
left_child=1 3 6 28 24 27 7 8 9 10 -2 -10 13 14 -13 -7 -14 18 20 -20 -18 22 -9 -24 -4 -21 -27 -3 -1 -30
right_child=2 5 4 -5 -6 15 -8 21 11 -11 -12 12 16 -15 -16 -17 17 -19 19 25 -22 -23 23 -25 -26 26 -28 -29 29 -31
leaf_value=0.019920913188764558 0.63750746309757234 0.0087607273667541907 0.35280638024210931 0.044030046011086496 -0.034544221100149763 -0.022100454019410479 -0.00979276854414661 0.013738552608680107 -0.022580503329990075 0.094570957959319163 0.18328631722678743 0.095389922059351401 0.010180121534790816 0.077205934825560638 0.4848769779050599 -0.073646074676415235 0.040883450567184711 -0.00020400794564920944 0.08542140194515857 0.079601282193776102 0.30024520225822926 -0.037444188041942779 -0.07372291798889638 0.30731931194155054 0.023534815123787634 0.55585494715234507 0.20465949016048557 -0.057114548894091392 0.15595193435324403 -0.019493104304253047
leaf_weight=1046 20 1164 20 848 833 1002 776 428 359 315 30 31 1035 301 32 1227 466 256 164 31 20 454 25 44 27 23 47 355 41 3353
leaf_count=1046 20 1164 20 848 833 1002 776 428 359 315 30 31 1035 301 32 1227 466 256 164 31 20 454 25 44 27 23 47 355 41 3353
internal_value=0.00030893 -0.0136541 0.0223012 -0.000149697 -0.0239588 -0.0327072 0.0306827 0.0383791 0.0498612 0.131613 0.364975 0.0390694 0.0482682 0.114594 0.293225 -0.0504748 0.0364453 0.0634407 0.0851358 0.146719 0.0515568 0.00058824 0.0353301 0.169261 0.16365 0.24625 0.320052 -0.00663475 -0.00858763 -0.0173737
internal_weight=14773 9036 5737 5288 880 3748 4857 4081 3130 365 50 2765 2406 364 63 2229 2042 1007 751 265 486 951 497 69 47 101 70 1519 4440 3394
internal_count=14773 9036 5737 5288 880 3748 4857 4081 3130 365 50 2765 2406 364 63 2229 2042 1007 751 265 486 951 497 69 47 101 70 1519 4440 3394
is_linear=0
shrinkage=0.05


Tree=44
num_leaves=31
num_cat=0
split_feature=5 11 5 11 10 10 16 16 14 11 10 11 3 14 14 19 9 18 18 14 17 17 6 14 12 1 18 19 16 16
split_gain=1660.5 1091.16 983.145 708.328 737.043 678.989 599.895 552.628 748.756 469.702 460.767 548.92 472.718 540.008 786.989 455.528 433.147 640.493 770.382 499.866 471.816 414.291 401.619 400.236 387.56 384.71 427.362 718.506 566.185 996.24
threshold=10.905000000000003 4.0850000000000009 17.605000000000004 1.0000000180025095e-35 15.515000000000002 31.805000000000003 57.280000000000008 35.515000000000008 36.285000000000011 22.585000000000004 14.905000000000003 -4.4249999999999998 2.6882476500000005 34.057500000000005 32.007500000000007 -3.2574999999999998 -389335.74999999994 1.5424999999999971 -0.68250000000000266 34.057500000000005 11.377500000000001 19.685000000000006 6.9155425000000008 30.705000000000005 6.0050000000000008 3.5000000000000004 1.0924999999999996 -5.1999999999999984 27.855000000000004 28.960000000000004
decision_type=2 2 2 2 2 2 2 2 2 2 2 2 2 2 2 2 2 2 2 2 2 2 2 2 2 2 2 2 2 2
left_child=3 2 25 5 -5 16 7 24 22 -3 12 15 -4 14 -14 -12 17 18 19 21 -20 -1 -9 -17 -7 26 27 -2 -29 -30
right_child=1 9 10 4 -6 6 -8 8 -10 -11 11 -13 13 -15 -16 23 -18 -19 20 -21 -22 -23 -24 -25 -26 -27 -28 28 29 -31
leaf_value=0.063352567168573543 0.18351036506516741 -0.01258607129670624 0.031326851841943164 0.0026829764318004354 -0.051147629144533219 -0.10855749832267908 -0.15206371436898525 0.25633999650415623 -0.031281554485515999 -0.1358663003355621 0.33358018338680268 0.0060543846488160238 0.1385182371249391 0.039572464230435866 0.46262159643694761 0.015287040503517348 0.0021332067309817724 -0.022878695460570645 0.12998181995004418 0.22458504699660758 0.46203820498093312 -0.17442819333594781 0.062805087135715795 0.17452587930124197 -0.024100883205833493 -0.00049433360183944136 0.010299773387463539 0.0086266290301620814 0.35559087636009346 0.06189399216447973
leaf_weight=90 94 1675 203 901 2161 216 104 38 225 81 20 462 295 135 20 96 2647 129 20 38 23 23 91 67 366 2030 1444 627 31 421
leaf_count=90 94 1675 203 901 2161 216 104 38 225 81 20 462 295 135 20 96 2647 129 20 38 23 23 91 67 366 2030 1444 627 31 421
internal_value=0.000293484 0.0163574 0.0265863 -0.0171992 -0.0353079 -0.00337164 -0.0381405 -0.0254824 0.0237792 -0.0182727 0.0650589 0.0350845 0.0946661 0.123239 0.159096 0.108374 0.00880333 0.0634653 0.12088 0.0677094 0.307593 0.0149547 0.119815 0.080741 -0.0554456 0.0158401 0.0285107 0.0509289 0.0393787 0.0820369
internal_weight=14773 7701 5945 7072 3062 4010 1040 936 354 1756 1298 645 653 450 315 183 2970 323 194 151 43 113 129 163 582 4647 2617 1173 1079 452
internal_count=14773 7701 5945 7072 3062 4010 1040 936 354 1756 1298 645 653 450 315 183 2970 323 194 151 43 113 129 163 582 4647 2617 1173 1079 452
is_linear=0
shrinkage=0.05


Tree=45
num_leaves=31
num_cat=0
split_feature=4 5 3 0 1 16 4 8 18 17 8 10 12 17 16 11 8 1 9 13 11 14 16 17 8 10 9 12 3 3
split_gain=1855.37 1279.9 946.127 751.291 799.438 723.759 624.639 604.764 606.072 526.621 688.492 491.633 692.559 486.869 521.113 473.762 455.656 443.989 586.789 630.839 443.771 414.762 499.631 411.927 374.256 390.594 493.626 357.521 340.548 759.09
threshold=673331.67500000016 16.605000000000004 18.087814500000004 26.500000000000004 2.5000000000000004 12.475000000000003 2551366.3500000006 -2.0707854999999991 3.2375000000000012 16.077500000000004 0.83970625000000043 8.9250000000000025 23.005000000000006 11.870000000000003 30.027500000000003 -5.9399999999999995 -2.7337184999999984 2.5000000000000004 -879180.17999999993 7.1550000000000011 -11.315 36.520000000000003 35.607500000000009 10.510000000000003 2.0960848500000013 26.025000000000002 -334645.39999999997 17.335000000000004 8.4228210000000008 7.1270447000000008
decision_type=2 2 2 2 2 2 2 2 2 2 2 2 2 2 2 2 2 2 2 2 2 2 2 2 2 2 2 2 2 2
left_child=1 13 6 -4 -5 -3 9 8 -7 15 17 12 -9 14 24 21 -16 -11 -19 -20 27 22 -2 -18 25 26 -1 -15 29 -13
right_child=2 5 3 4 -6 7 -8 11 -10 10 -12 28 -14 20 16 -17 23 18 19 -21 -22 -23 -24 -25 -26 -27 -28 -29 -30 -31
leaf_value=0.25410537597537042 0.030163374209340905 -0.059541309235208 -0.022973061349557407 0.11341851809477894 0.0010158660940789177 -0.075336356939589413 -0.10835681506713205 0.072565311629597729 0.16269831243112232 -0.04402643244947748 -0.0058159502518021758 0.070714107663668882 0.40244630242769541 0.04417360871594514 -0.048232516387895663 -0.027545247415714083 0.26329842665028286 0.063125730223125884 -0.16163583346440091 -0.034483977357911713 -0.0067986389979009564 -0.11798733055994318 0.2020014360400976 0.087128080471001318 -0.032654367596371303 -0.040751328969374306 0.029937900189555718 0.24968534037470819 0.034344185763222027 0.26777199254586148
leaf_weight=25 248 141 884 271 380 141 307 41 33 509 499 812 26 179 49 1152 41 45 345 136 5539 37 51 174 346 200 1389 24 635 52
leaf_count=25 248 141 884 271 380 141 307 41 33 509 499 812 26 179 49 1152 41 45 345 136 5539 37 51 174 346 200 1389 24 635 52
internal_value=-0.00016499 0.0123148 -0.02543 0.00704512 0.0478071 0.0494113 -0.0404042 0.0582402 -0.0301919 -0.0335011 -0.0540581 0.068066 0.200579 0.00355532 0.0234172 -0.0123085 0.0893641 -0.0773169 -0.109531 -0.125684 -0.00413761 0.0399317 0.0594735 0.120723 0.0145345 0.0246506 0.0339013 0.0684706 0.0621431 0.0825741
internal_weight=14711 9847 4864 1535 651 1881 3329 1740 174 3022 1534 1566 67 7966 2224 1488 264 1035 526 481 5742 336 299 215 1960 1614 1414 203 1499 864
internal_count=14711 9847 4864 1535 651 1881 3329 1740 174 3022 1534 1566 67 7966 2224 1488 264 1035 526 481 5742 336 299 215 1960 1614 1414 203 1499 864
is_linear=0
shrinkage=0.05


Tree=46
num_leaves=31
num_cat=0
split_feature=4 5 17 11 16 8 10 15 1 15 9 8 6 16 3 8 3 15 8 5 1 8 11 14 16 6 15 11 9 6
split_gain=1674.47 1156.96 884.082 684.302 647.837 701.345 676.466 619.614 512.751 486.725 522.871 612.278 483.605 516.404 473.616 459.518 416.816 408.896 408.666 460.198 533.664 651.065 615.32 385.527 378.332 692.435 611.973 357.789 348.059 344.971
threshold=673331.67500000016 14.505000000000001 11.445000000000002 1.179999999999999 9.5150000000000023 -1.0205536499999999 12.965000000000002 25.977500000000003 3.5000000000000004 18.282500000000006 -623930.79999999981 0.82292177500000008 21.435455000000001 23.987500000000001 19.249130000000005 1.4160915499999993 24.399262000000004 13.445000000000002 -0.85284421499999996 21.650000000000002 4.5000000000000009 1.0132294000000002 2.9200000000000013 59.832500000000003 32.362500000000004 6.7736512000000006 14.140000000000002 -4.1099999999999977 -117671.14 4.7185670000000011
decision_type=2 2 2 2 2 2 2 2 2 2 2 2 2 2 2 2 2 2 2 2 2 2 2 2 2 2 2 2 2 2
left_child=1 9 16 7 -3 8 18 14 12 10 11 -1 17 -14 24 -8 -2 -6 -7 28 21 22 -21 29 -4 26 -26 -12 -20 -5
right_child=2 4 3 23 5 6 15 -9 -10 -11 27 -13 13 -15 -16 -17 -18 -19 19 20 -22 -23 -24 -25 25 -27 -28 -29 -30 -31
leaf_value=-0.0060581148380324957 0.0063590235476303301 -0.14670153624734822 -0.045708181045336707 -0.023877544405833378 -0.032240713528847866 0.2889350545351152 0.054188760883460675 -0.17262148671462887 -0.046241707076183247 -0.019691292508914535 0.034247453227129077 0.37575409242085051 0.02301382557130777 0.33814626851907148 0.038973136116405876 -0.0030833077587007398 0.15515030598153876 0.0938422847813105 0.22737946917613347 0.2048688819462603 0.056009697859796384 0.06315131630981341 0.53760154570142438 0.030771080321456132 -0.025207550400128106 -0.028510262274015954 0.16118219945881818 0.00046032521598808824 0.050753548452442968 -0.078334986518533295
leaf_weight=21 1194 47 831 380 174 27 1186 61 351 2105 995 21 26 26 381 497 49 102 30 33 66 32 24 111 73 434 111 3687 397 1239
leaf_count=21 1194 47 831 380 174 27 1186 61 351 2105 995 21 26 26 381 497 49 102 30 33 66 32 24 111 73 434 111 3687 397 1239
internal_value=-0.00015674 0.0116991 -0.0241585 -0.0366479 0.0374799 0.0403935 0.053616 -0.0158578 -0.00423954 0.000305591 0.00921614 0.184848 0.0407079 0.18058 -0.0106323 0.037276 0.0122245 0.0143552 0.0987724 0.0899504 0.163746 0.24364 0.344967 -0.0593728 -0.0236756 0.00595084 0.0872341 0.00764063 0.0631629 -0.0655531
internal_weight=14711 9847 4864 3621 3018 2971 2292 1891 679 6829 4724 42 328 52 1830 1683 1243 276 609 582 155 89 57 1730 1449 618 184 4682 427 1619
internal_count=14711 9847 4864 3621 3018 2971 2292 1891 679 6829 4724 42 328 52 1830 1683 1243 276 609 582 155 89 57 1730 1449 618 184 4682 427 1619
is_linear=0
shrinkage=0.05


Tree=47
num_leaves=31
num_cat=0
split_feature=4 12 8 11 10 11 0 3 18 11 8 10 5 15 8 8 8 14 12 0 14 0 15 18 19 15 5 16 9 8
split_gain=1528.96 1096.38 581.357 540.065 566.037 558.047 539.213 482.14 467.689 615.114 556.914 603.344 562.044 693.798 590.746 467.41 385.435 486.053 381.335 370.602 362.16 340.966 337.608 334.961 406.641 328.687 328.352 302.246 288.34 1430.51
threshold=2064446.0000000002 12.345000000000001 2.0960848500000013 12.565000000000003 19.495000000000001 -2.5800000000000005 34.500000000000007 9.9181975000000016 18.075000000000006 -5.6849999999999978 -1.6471099 15.255000000000001 23.210000000000004 8.7775000000000016 -0.71099850000000042 0.6473697000000006 0.85829169999999999 29.417500000000004 17.705000000000002 34.500000000000007 57.857500000000009 25.500000000000004 11.097500000000002 -4.8799999999999981 1.5700000000000032 25.125000000000004 3.0050000000000003 11.432500000000003 -325201.67500000005 4.3743746000000012
decision_type=2 2 2 2 2 2 2 2 2 2 2 2 2 2 2 2 2 2 2 2 2 2 2 2 2 2 2 2 2 2
left_child=1 3 8 4 6 -6 26 20 9 18 -11 12 27 -14 -15 -8 17 -16 -3 -7 22 -9 -2 24 -13 -5 -1 -12 29 -28
right_child=7 2 -4 25 5 19 15 21 -10 10 11 23 13 14 16 -17 -18 -19 -20 -21 -22 -23 -24 -25 -26 -27 28 -29 -30 -31
leaf_value=0.12710566073656082 0.064145574718713766 0.05527090466489442 -0.025645961622382713 -0.067635132732127415 0.0028938741614425215 -0.051142321740805276 0.08770039842641654 -0.060468837196444782 -0.044835808889142105 -0.013174845135614727 0.1887456588447094 0.041524288320058104 -0.033149581878845182 0.0082221590578556072 0.54235126583472548 0.0069492531769738373 0.15657618939876558 0.23214255380111615 0.14661012085883943 -0.0091957350100418788 0.026669550508571168 0.0044297925587955794 -0.13460201971307148 0.0078391837588840385 0.26523181721568106 0.05232373545949276 0.01760701402410287 0.047892500575744179 -0.0018226382425950455 0.43795580992644489
leaf_weight=53 23 289 453 470 2288 1194 388 478 175 588 40 74 35 25 23 333 35 28 189 942 48 351 301 1005 28 65 253 796 3719 22
leaf_count=53 23 289 453 470 2288 1194 388 478 175 588 40 74 35 25 23 333 35 28 189 942 48 351 301 1005 28 65 253 796 3719 22
internal_value=-0.000148903 0.00465718 0.0274971 -0.00422565 -0.00138332 -0.0142643 0.0105683 -0.0542123 0.0347264 0.0391395 0.0298105 0.0419098 0.0704397 0.160956 0.22216 0.0504048 0.284352 0.372041 0.0913862 -0.0326434 -0.101505 -0.0329906 -0.120493 0.0166013 0.102934 -0.0530607 0.00347117 0.0546319 0.00183055 0.0512349
internal_weight=14711 13510 3783 9727 9192 4424 4768 1201 3330 3155 2677 2089 982 146 111 721 86 51 478 2136 372 829 324 1107 102 535 4047 836 3994 275
internal_count=14711 13510 3783 9727 9192 4424 4768 1201 3330 3155 2677 2089 982 146 111 721 86 51 478 2136 372 829 324 1107 102 535 4047 836 3994 275
is_linear=0
shrinkage=0.05


Tree=48
num_leaves=31
num_cat=0
split_feature=4 0 12 11 6 8 16 19 4 19 4 10 18 18 14 16 17 17 16 3 6 12 9 14 18 8 17 19 16 4
split_gain=1402.48 785.942 726.836 698.626 703.094 566.182 478.208 491.782 462.169 454.899 726.976 684.264 542.344 794.17 1155.25 1315.62 438.558 430.35 720.178 426.702 427.012 401.809 488.262 383.852 379.703 836.163 625.378 447.435 382.376 373.917
threshold=673331.67500000016 26.500000000000004 12.885000000000003 -5.1199999999999974 14.466323500000001 2.1320040000000007 9.5150000000000023 -8.0074999999999985 2317794.3500000006 -5.7549999999999972 1856.6969500000002 16.705000000000002 -0.33250000000000307 0.37000000000000105 28.960000000000004 32.362500000000004 16.197500000000002 11.870000000000003 30.027500000000003 21.234603500000002 11.206710750000001 22.050000000000004 -23097.349999999973 34.177500000000002 -5.0924999999999967 0.33247374999999973 11.840000000000002 -4.0899999999999999 35.607500000000009 4408.1017000000002
decision_type=2 2 2 2 2 2 2 2 2 2 2 2 2 2 2 2 2 2 2 2 2 2 2 2 2 2 2 2 2 2
left_child=2 8 17 4 -3 6 -4 -8 16 10 -9 -12 24 14 -14 -16 -2 18 -1 20 -20 -15 -23 -24 25 -11 28 -26 -27 -25
right_child=1 3 5 -5 -6 -7 7 9 -10 12 11 -13 13 21 15 -17 -18 -19 19 -21 -22 22 23 29 27 26 -28 -29 -30 -31
leaf_value=0.0098141707190896547 -0.01080166293790258 0.0088955262423500072 -0.14026837812529669 -0.013260012925300225 0.14090620508508347 -0.025835503656636994 -0.042880602562349414 0.048683566369471104 -0.078711556317698272 -0.065868437332166754 0.50684768621410636 0.13208327073732326 0.016058425742643653 0.034400975551598163 0.46919609737950707 0.1335881083835285 -0.053796715658906508 -0.0054722215670145319 0.12519899323199166 0.32015695448964837 -0.014296470695738623 0.34042340137741789 0.0098981697059852981 0.072216641051428651 0.20083426340766578 0.43312130173047381 0.056396907863809791 -0.024803638080886117 0.14453412301161073 0.35132106656119944
leaf_weight=1616 1443 262 36 1425 164 368 155 84 563 71 21 29 99 1076 43 91 1007 5117 170 20 81 22 71 28 23 24 68 491 22 21
leaf_count=1616 1443 262 36 1425 164 368 155 84 563 71 21 29 99 1076 43 91 1007 5117 170 20 81 22 71 28 23 24 68 491 22 21
internal_value=-0.000141458 -0.0221075 0.0107088 0.00353524 0.0597165 0.0320305 0.0406344 0.0433046 -0.0378608 0.0491534 0.138535 0.289484 0.0435826 0.0610125 0.145587 0.241283 -0.0284735 0.00205415 0.0224635 0.0978928 0.0801825 0.0448336 0.123887 0.0841882 0.00740142 0.068827 0.152716 -0.014707 0.295101 0.191833
internal_weight=14711 4864 9847 1851 426 2843 2475 2439 3013 2284 134 50 2150 1451 233 134 2450 7004 1887 271 251 1218 142 120 699 185 114 514 46 49
internal_count=14711 4864 9847 1851 426 2843 2475 2439 3013 2284 134 50 2150 1451 233 134 2450 7004 1887 271 251 1218 142 120 699 185 114 514 46 49
is_linear=0
shrinkage=0.05


Tree=49
num_leaves=31
num_cat=0
split_feature=0 9 4 18 12 17 6 6 7 15 6 11 18 16 11 15 4 14 11 6 8 8 8 13 6 14 7 17 16 0
split_gain=1305.49 863.122 837.355 681.766 582.519 547.403 576.836 1520.88 544.055 507.645 529.197 444.217 440.881 460.501 433.626 364.147 362.711 357.231 348.057 452.794 336.333 330.749 1116.13 328.147 462.611 323.654 308.001 303.072 571.299 296.422
threshold=32.500000000000007 24965.249999999945 2347.1506500000005 1.4200000000000019 11.995000000000003 11.987500000000002 -4.2765196499999991 -4.5836943499999991 378931.86500000005 22.120000000000001 6.3174592000000009 -5.585 1.2775000000000027 31.637500000000003 -23.834999999999997 23.872500000000006 339213.82000000007 36.520000000000003 25.420000000000009 9.9181975000000016 2.0960848500000013 -1.0455933999999993 -0.94450349999999983 16.685000000000006 5.8777008000000004 36.520000000000003 1040741.1750000002 11.987500000000002 31.097500000000007 35.500000000000007
decision_type=2 2 2 2 2 2 2 2 2 2 2 2 2 2 2 2 2 2 2 2 2 2 2 2 2 2 2 2 2 2
left_child=1 3 -2 4 5 12 7 -7 16 18 15 17 13 -1 25 -11 -5 26 -3 -20 21 -6 -23 -16 -25 -8 -4 28 -13 -30
right_child=2 9 11 8 20 6 14 -9 -10 10 -12 27 -14 -15 23 -17 -18 -19 19 -21 -22 22 -24 24 -26 -27 -28 -29 29 -31
leaf_value=0.012743178004838011 0.0072570844671099857 -0.02072593201077504 0.13867365843788892 -0.0059094725403873276 0.013589420207711153 -0.00075895514226321029 0.1443764606412028 0.48777597943941758 -0.048228022373497423 -0.14730952326809207 -0.11602044733759552 0.054731546887251709 0.21363164515544975 0.1054479815386003 -0.021015630562094909 0.04859921676060646 0.19832479953765869 0.025825785214622178 -0.20939821956886187 0.044571533469626536 -0.023136425872496865 0.45412634581327443 0.071960475880530533 0.17457981469730538 -0.11163821950554849 -0.071438244956990957 0.35228510394692425 0.026384958665268649 0.13726994289523539 0.37619265505955335
leaf_weight=823 3108 2247 108 1834 215 66 71 21 1072 31 327 338 33 160 2352 101 22 62 54 26 131 20 427 48 20 23 20 896 34 21
leaf_count=823 3108 2247 108 1834 215 66 71 21 1072 31 327 338 33 160 2352 101 22 62 54 26 131 20 427 48 20 23 20 896 34 21
internal_value=-0.000134385 -0.0101603 0.0219939 -0.00116468 0.0112537 0.0027449 -0.00941209 0.117163 -0.0198686 -0.0338538 -0.0819102 0.0529622 0.0338673 0.0278325 -0.0137924 0.00259035 -0.00348859 0.124335 -0.0243747 -0.126858 0.0500637 0.0645489 0.0890596 -0.017885 0.090398 0.0915707 0.17205 0.0424417 0.0790496 0.228495
internal_weight=14711 10124 4587 7338 4410 3617 2601 87 2928 2786 459 1479 1016 983 2514 132 1856 190 2327 80 793 662 447 2420 68 94 128 1289 393 55
internal_count=14711 10124 4587 7338 4410 3617 2601 87 2928 2786 459 1479 1016 983 2514 132 1856 190 2327 80 793 662 447 2420 68 94 128 1289 393 55
is_linear=0
shrinkage=0.05


Tree=50
num_leaves=31
num_cat=0
split_feature=0 4 11 10 3 15 11 10 10 3 11 15 17 6 17 18 18 16 14 18 15 12 18 5 10 12 18 18 19 15
split_gain=1333.82 987.782 857.146 733.892 717.399 654.717 519.227 526.603 501.134 476.948 474.261 429.509 460.543 429.176 389.807 518.925 377.245 343.11 440.891 578.243 464.294 385.319 375.96 329.581 394.486 327.922 312.518 537.068 535.489 393.555
threshold=26.500000000000004 252773.57500000004 1.0049999999999992 15.325000000000001 2.8922576500000003 18.557500000000001 -5.3499999999999979 23.375000000000004 13.805000000000001 8.7780300000000029 -12.644999999999996 20.045000000000005 18.125000000000004 0.26138306500000003 9.5150000000000023 -4.280000000000002 -0.14749999999999994 57.857500000000009 20.232500000000005 0.2074999999999996 18.297500000000003 16.175000000000004 0.37000000000000105 18.085000000000004 26.285000000000004 11.995000000000003 0.57249999999999812 -0.019999999999997794 -5.1999999999999984 15.725000000000003
decision_type=2 2 2 2 2 2 2 2 2 2 2 2 2 2 2 2 2 2 2 2 2 2 2 2 2 2 2 2 2 2
left_child=1 9 3 14 -5 6 7 -6 11 25 -9 12 -4 -3 15 -2 -17 18 20 21 -15 -20 -21 24 -8 -1 27 28 -27 -29
right_child=2 13 8 4 5 -7 23 10 -10 -11 -12 -13 -14 17 -16 16 -18 -19 19 22 -22 -23 -24 -25 -26 26 -28 29 -30 -31
leaf_value=0.0039753096019543742 0.39054938642130721 0.010490824328275332 0.036195706300043977 -0.012915085217693757 0.1546601565660114 0.00097408449752644328 0.070696912362473094 0.13847327959143893 -0.01687325558704279 -0.018428827296191701 0.0062157754003605318 -0.060720467840157527 0.21363141101916347 -0.048763636302259508 0.063244129576024613 -0.077103565409779556 0.16424903410322528 -0.10403864737661039 0.0023104111642383049 -0.173247884903793 -0.15047532008157979 0.22433928243815898 -0.038911537921094586 -0.029813982664376116 -0.010031372777799644 0.28145517327568753 0.01455980313199459 0.26262300271357941 0.024627052645980141 0.0088097919665631793
leaf_weight=2020 21 506 587 943 232 744 578 106 2021 1724 188 108 39 496 415 20 85 191 851 54 145 20 1467 157 205 22 475 56 262 21
leaf_count=2020 21 506 587 943 232 744 578 106 2021 1724 188 108 39 496 415 20 85 191 851 54 145 20 1467 157 205 22 475 56 262 21
internal_value=2.32141e-05 -0.0132182 0.0170858 0.0328279 0.0235963 0.0391757 0.0585631 0.098342 -0.00402184 0.00233863 0.0539005 0.0313633 0.04725 -0.0323202 0.0866302 0.163656 0.118277 -0.0390393 -0.034946 -0.0250776 -0.0717717 0.00740866 -0.0436809 0.0363038 0.0495612 0.0148747 0.0412106 0.0762775 0.0445222 0.193401
internal_weight=14759 8310 6449 3694 3153 2210 1466 526 2755 4580 294 734 626 3730 541 126 105 3224 3033 2392 641 871 1521 940 783 2856 836 361 284 77
internal_count=14759 8310 6449 3694 3153 2210 1466 526 2755 4580 294 734 626 3730 541 126 105 3224 3033 2392 641 871 1521 940 783 2856 836 361 284 77
is_linear=0
shrinkage=0.05


Tree=51
num_leaves=31
num_cat=0
split_feature=10 11 0 10 11 10 11 11 17 16 12 6 16 17 18 0 17 17 11 6 10 0 11 0 8 14 14 12 19 11
split_gain=1231.01 1240.67 800.764 697.495 659.789 590.127 535.761 530.73 428.248 553.906 412.897 412.32 392.073 352.709 357.789 352.698 351.53 618.583 524.363 611.99 337.397 452.893 335.704 307.797 287.496 481.469 1805.63 278.859 474.21 265.708
threshold=26.285000000000004 1.0049999999999992 32.500000000000007 13.805000000000001 -9.4599999999999973 15.205000000000002 22.585000000000004 -8.2949999999999964 9.5150000000000023 24.992500000000003 18.895000000000003 5.6024780500000011 57.280000000000008 8.8400000000000016 -4.280000000000002 24.500000000000004 8.7775000000000016 12.830000000000004 -5.4799999999999986 10.171844250000001 8.9250000000000025 35.500000000000007 -5.6849999999999978 32.500000000000007 -1.1244658699999996 12.475000000000003 12.335000000000001 23.640000000000004 -4.0899999999999999 -1.78
decision_type=2 2 2 2 2 2 2 2 2 2 2 2 2 2 2 2 2 2 2 2 2 2 2 2 2 2 2 2 2 2
left_child=1 2 22 6 12 8 20 10 9 -4 -7 -9 13 -2 -15 -6 -13 18 -18 29 21 -3 -1 -5 -22 26 -26 28 -10 -20
right_child=4 3 5 23 15 7 -8 11 27 -11 -12 16 -14 14 -16 -17 17 -19 19 -21 24 -23 -24 -25 25 -27 -28 -29 -30 -31
leaf_value=0.039476026777644897 -0.10329229415704806 0.028915859486848591 0.1308918091650412 -0.032838865383137787 -0.073278058367033827 0.063024918591448417 -0.14398740535745255 0.0001846453903852491 0.27961339619942011 0.42682796085164665 0.26889057330242022 -0.073202274648367247 -0.10060322312581377 0.08478153918319585 0.0048012013794892184 -0.028969607278325673 0.30008328215856306 0.033016789151598301 0.39656682760571133 0.046841067507941751 -0.021053796152432525 0.25324021028620858 0.0033216615943655855 -0.0019688096191859748 0.018163634464144707 0.016157207723428487 0.49908236980438236 -0.020718952413585227 0.071317082043129573 0.14191922662513598
leaf_weight=786 60 63 64 2490 760 60 52 712 32 21 41 53 82 179 639 1098 38 591 20 142 445 35 3506 1195 89 1214 25 59 187 21
leaf_count=786 60 63 64 2490 760 60 52 712 32 21 41 53 82 179 639 1098 38 591 20 142 445 35 3506 1195 89 1214 25 59 187 21
internal_value=2.20534e-05 0.00703698 0.0222032 -0.0100899 -0.029703 0.0479857 0.01432 0.0354809 0.105791 0.204005 0.146594 0.0283646 0.00395506 0.0137202 0.022303 -0.0470936 0.05156 0.0597034 0.131069 0.0959731 0.0187197 0.109032 0.00994266 -0.0228281 0.0137279 0.0253829 0.123628 0.0757608 0.101753 0.266138
internal_weight=14759 11941 6333 5608 2818 2041 1923 1678 363 85 101 1577 960 878 818 1858 865 812 221 183 1871 98 4292 3685 1773 1328 114 278 219 41
internal_count=14759 11941 6333 5608 2818 2041 1923 1678 363 85 101 1577 960 878 818 1858 865 812 221 183 1871 98 4292 3685 1773 1328 114 278 219 41
is_linear=0
shrinkage=0.05


Tree=52
num_leaves=31
num_cat=0
split_feature=10 11 0 11 10 8 11 11 0 8 8 8 10 11 17 3 14 17 10 12 12 5 10 9 5 10 18 9 4 5
split_gain=1139.47 1172.95 843.795 611.163 517.325 465.409 453.438 416.11 398.526 382.327 405.116 380.408 393.557 754.715 501.112 553.492 360.891 335.796 328.778 537.872 320.374 685.972 316.218 312.55 303.31 297.128 273.313 343.104 923.269 268.341
threshold=23.375000000000004 -5.4799999999999986 32.500000000000007 -6.7349999999999985 14.695000000000002 1.2602843500000007 35.080000000000005 -1.5299999999999983 25.500000000000004 -1.2357941500000007 7.0139007500000012 -3.6763001999999987 15.205000000000002 -0.33500000000000257 10.630000000000003 21.801559500000007 23.295000000000002 11.445000000000002 8.9250000000000025 23.005000000000006 18.065000000000001 18.315000000000001 14.445000000000002 35960.209999999992 1.0050000000000001 28.965000000000003 10.9725 -325201.67500000005 469108.32500000007 11.445000000000002
decision_type=2 2 2 2 2 2 2 2 2 2 2 2 2 2 2 2 2 2 2 2 2 2 2 2 2 2 2 2 2 2
left_child=1 20 4 24 6 11 9 -6 25 -3 26 22 13 14 16 -16 -13 -9 19 -15 21 -1 -4 -22 -2 -5 27 28 -11 -20
right_child=3 2 5 8 7 -7 -8 17 -10 10 -12 12 -14 18 15 -17 -18 -19 29 -21 23 -23 -24 -25 -26 -27 -28 -29 -30 -31
leaf_value=0.04176985279248422 -0.04037964499472934 -0.017617195335322144 -0.14586957317184321 -0.039546719853027629 0.0063079672498264393 -0.0047268938714286786 -0.19372606233314232 0.0026949363473450704 -0.019478097793491266 0.42839502327144152 -0.072526970786053607 0.17841798889896143 0.02890905347743172 0.054896682919459233 0.040846104422318091 0.3073360500788247 0.46168058114972982 -0.038505388136664466 0.20817525609163567 0.3479952770082847 0.098845744528991031 0.32563894160769208 0.0071629378283075227 0.28912300734529989 0.01379014207731971 -0.092045268663889054 -0.045937679594573684 0.028362760680550499 0.035291793238434753 0.025198514052417378
leaf_weight=652 327 787 44 725 1253 853 27 652 1416 20 105 23 1210 49 70 27 22 2048 21 23 127 22 145 26 1232 429 117 1811 59 437
leaf_count=652 327 787 44 725 1253 853 27 652 1416 20 105 23 1210 49 70 27 22 2048 21 23 127 22 145 26 1232 429 117 1811 59 437
internal_value=2.09508e-05 0.00867956 0.00385546 -0.0222704 -0.00570844 0.0263555 0.0102289 -0.0175052 -0.0372528 0.0121284 0.0232126 0.0391576 0.0459485 0.0766297 0.178999 0.115024 0.316902 -0.0285563 0.0492024 0.148525 0.0658629 0.0510356 -0.0284637 0.13118 0.00242804 -0.0590631 0.0282214 0.0328122 0.134812 0.0335883
internal_weight=14759 10630 9803 4129 6879 2924 2926 3953 2570 2899 2112 2071 1882 672 142 97 45 2700 530 72 827 674 189 153 1559 1154 2007 1890 79 458
internal_count=14759 10630 9803 4129 6879 2924 2926 3953 2570 2899 2112 2071 1882 672 142 97 45 2700 530 72 827 674 189 153 1559 1154 2007 1890 79 458
is_linear=0
shrinkage=0.05


Tree=53
num_leaves=31
num_cat=0
split_feature=10 11 0 11 11 10 11 10 15 6 16 17 18 3 19 5 3 16 5 16 14 6 10 5 14 16 19 19 19 14
split_gain=1028.37 1058.77 773.666 551.574 465.849 500.922 384.951 371.285 330.402 324.789 537.358 609.59 436.695 911.894 342.386 413.934 366.54 287.498 323.881 267.537 578.594 275.601 264.524 259.328 310.165 258.079 263.3 454.733 421.229 364.408
threshold=23.375000000000004 -5.6849999999999978 32.500000000000007 -6.7349999999999985 22.585000000000004 15.135000000000003 -1.2299999999999993 32.305000000000007 20.347500000000004 21.124298000000007 18.005000000000003 14.705000000000002 -18.849999999999998 22.706451500000004 1.7675000000000003 24.305000000000003 20.658020000000004 57.280000000000008 6.1450000000000005 35.515000000000008 36.285000000000011 6.9155425000000008 8.2800000000000011 16.275000000000002 30.705000000000005 9.5150000000000023 -0.099999999999999631 -2.6574999999999984 -0.032499999999998856 16.072500000000002
decision_type=2 2 2 2 2 2 2 2 2 2 2 2 2 2 2 2 2 2 2 2 2 2 2 2 2 2 2 2 2 2
left_child=1 23 4 17 5 -3 -7 -5 -6 22 11 -11 13 -12 16 -16 -14 19 -19 -2 21 -21 -4 -1 -25 -24 27 -27 -28 -29
right_child=3 2 9 7 8 6 -8 -9 -10 10 12 -13 14 -15 15 -17 -18 18 -20 20 -22 -23 25 24 -26 26 28 29 -30 -31
leaf_value=0.048927920369467214 -0.0054601168574123678 0.011238683716119916 0.13458310290394973 -0.02634095481581606 -0.15984588573436911 0.0057094765238550373 -0.028281397953002899 -0.075302082783003391 -0.013598341913255927 0.088049746547327501 0.41613841354846959 0.41164345714178951 0.16959432736885818 -0.050349535886198282 0.043948199289051568 0.27447193776783735 -0.047674972685618384 -0.17317851382367155 -0.011544473921614035 0.2163429607285394 -0.0077417014447125863 0.074101523707587533 -0.12073341638726348 0.064101272659968137 0.19889052286744119 -0.002415251629720228 -0.19523437584821995 0.15690720606675393 0.0078869282291036957 0.048930654475838713
leaf_weight=584 984 3160 48 2095 82 1303 2309 475 73 43 22 22 22 20 127 23 165 47 91 45 252 140 34 107 71 413 26 93 1394 489
leaf_count=584 984 3160 48 2095 82 1303 2309 475 73 43 22 22 22 20 127 23 165 47 91 45 252 140 34 107 71 413 26 93 1394 489
internal_value=1.99032e-05 0.00824558 0.00386061 -0.0211569 -0.00526174 -0.00330007 -0.0160195 -0.0353902 -0.090968 0.0253467 0.0647507 0.197574 0.0419711 0.194001 0.0230237 0.0792952 -0.0221139 0.00230664 -0.0665937 0.00899788 0.0415532 0.108701 0.0183401 0.0650315 0.117866 0.0160618 0.0179877 0.0377105 0.00416781 0.0661846
internal_weight=14759 10630 9868 4129 6927 6772 3612 2570 155 2941 444 65 379 42 337 150 187 1559 138 1421 437 185 2497 762 178 2449 2415 995 1420 582
internal_count=14759 10630 9868 4129 6927 6772 3612 2570 155 2941 444 65 379 42 337 150 187 1559 138 1421 437 185 2497 762 178 2449 2415 995 1420 582
is_linear=0
shrinkage=0.05


Tree=54
num_leaves=31
num_cat=0
split_feature=11 5 10 8 11 6 17 11 12 16 10 0 6 6 0 17 17 19 15 11 10 14 18 18 7 18 14 18 1 9
split_gain=978.474 862.698 575.302 509.912 463.924 461.295 440.501 422.795 468.659 358.353 354.529 344.311 341.071 326.973 319.778 385.828 632.7 514.588 1123.94 313.784 306.336 306.278 387.515 556.831 467.066 397.54 456.475 579.969 485.838 398.787
threshold=3.6850000000000009 17.605000000000004 29.595000000000002 5.4089966000000018 -19.329999999999995 4.2933655000000011 11.510000000000002 -6.7349999999999985 19.205000000000002 12.640000000000002 19.435000000000006 25.500000000000004 8.5380555000000005 2.7302551000000004 9.5000000000000018 18.235000000000003 18.125000000000004 -5.2300000000000013 9.7150000000000016 -1.2299999999999993 45.455000000000005 36.985000000000007 4.3699999999999983 7.7175000000000002 54519.92500000001 1.4200000000000019 21.977500000000003 0.61500000000000032 5.5000000000000009 116917.55000000006
decision_type=2 2 2 2 2 2 2 2 2 2 2 2 2 2 2 2 2 2 2 2 2 2 2 2 2 2 2 2 2 2
left_child=1 2 3 7 -4 13 12 8 -1 -3 14 -12 -7 -2 -9 16 17 18 -16 -19 -6 22 25 24 -24 26 28 29 -11 -28
right_child=5 9 4 -5 20 6 -8 10 -10 21 11 -13 -14 -15 15 -17 -18 19 -20 -21 -22 -23 23 -25 -26 -27 27 -29 -30 -31
leaf_value=0.033742243530338452 -0.012562714499140457 -0.045769143403906913 0.032460665419841044 -0.055200171734416686 -0.031100649281472062 0.19492721924185752 -0.042604416418828346 -0.0046836597056510972 0.20084818967364054 -0.0072361171585080993 -0.027701101325325689 0.0080562866435109366 0.0035961696419412889 0.04749829346605848 0.044323319304715267 -0.015256065624732723 0.21077319611700213 0.050717426758338895 0.39450743729869525 0.010282786623547813 -0.12481721480912034 -0.0045802571638314813 0.097110047633565663 0.045741013021603841 0.36102325124175927 -0.017528173162630108 0.10728011483744715 0.33089916736439423 0.13705704326765908 -0.083943706229329118
leaf_weight=904 801 98 286 310 1205 25 2185 1398 44 251 1235 1480 341 316 97 503 49 713 30 1467 94 189 30 73 38 165 299 27 76 30
leaf_count=904 801 98 286 310 1205 25 2185 1398 44 251 1235 1480 341 316 97 503 49 713 30 1467 94 189 30 73 38 165 299 27 76 30
internal_value=1.8908e-05 0.00742255 0.00239456 0.00770692 -0.0251895 -0.0223676 -0.0341008 0.0101692 0.0414982 0.0460979 0.00590931 -0.00820904 0.0166652 0.00442858 0.0149136 0.0244963 0.0329834 0.0292072 0.127044 0.0235075 -0.0378823 0.0537405 0.0648857 0.14164 0.244591 0.0521234 0.0689499 0.108126 0.0262999 0.0898433
internal_weight=14759 11091 9815 8230 1585 3668 2551 7920 948 1276 6972 2715 366 1117 4257 2859 2356 2307 127 2180 1299 1178 989 141 68 848 683 356 327 329
internal_count=14759 11091 9815 8230 1585 3668 2551 7920 948 1276 6972 2715 366 1117 4257 2859 2356 2307 127 2180 1299 1178 989 141 68 848 683 356 327 329
is_linear=0
shrinkage=0.05


Tree=55
num_leaves=31
num_cat=0
split_feature=10 0 6 11 10 8 9 11 10 11 8 15 17 19 5 18 8 5 8 17 16 16 17 8 8 17 16 5 3 3
split_gain=886.736 810.372 550.038 500.616 840.457 434.02 754.696 434.001 411.343 380.298 359.151 380.689 882.209 313.045 630.738 450.14 434.973 311.632 336.889 308.97 303.75 866.747 299.452 278.849 320.929 514.087 928.599 487.361 888.492 446.802
threshold=27.265000000000004 32.500000000000007 20.903260000000003 -2.5800000000000005 14.445000000000002 -1.4985961500000002 -604.57350000000031 -15.795 20.795000000000005 -10.564999999999996 -1.1491393849999998 9.7575000000000021 15.575000000000001 -1.3650000000000018 24.305000000000003 -18.067499999999995 0.11026000000000026 6.9350000000000014 0.53884895000000099 5.4800000000000013 18.675000000000004 18.742500000000003 11.445000000000002 -3.6763001999999987 1.2008515000000008 11.762500000000001 31.637500000000003 22.050000000000004 5.2971802000000006 5.3943024000000008
decision_type=2 2 2 2 2 2 2 2 2 2 2 2 2 2 2 2 2 2 2 2 2 2 2 2 2 2 2 2 2 2
left_child=1 3 9 -1 10 6 -4 -2 -8 -3 -5 12 19 -7 15 -15 -16 18 -9 -12 -13 -22 -6 -11 25 26 -25 -27 -29 -28
right_child=7 2 5 4 22 13 8 17 -10 23 11 20 -14 14 16 -17 -18 -19 -20 -21 21 -23 -24 24 -26 27 29 28 -30 -31
leaf_value=0.018312884424072633 0.018154917536463974 0.18803226081654431 -0.0014271689785851373 -0.018297958178971653 -9.6881769511001939e-05 -0.016949264830350877 0.41590884822110336 -0.094960187356272638 0.12316936112940312 -0.033719773368215765 0.18368633149990016 -0.027623673596055515 0.30389585898956284 0.22249147074625775 0.080049234181642545 0.030122001326041453 0.39577261693775656 -0.02321013711418694 -0.023831176580589176 0.026563109151419191 0.34293965812595117 0.018753400688572966 -0.033295293733109056 0.042281750592787867 -0.0030148884103087209 0.0090073099396933438 0.093461236313340218 0.39074277156129633 0.0040828142410669578 0.31179789834708538
leaf_weight=2036 435 32 36 726 892 125 30 389 20 271 35 366 36 34 20 288 24 1389 291 295 21 1133 2848 423 1040 1309 42 24 39 53
leaf_count=2036 435 32 36 726 892 125 30 389 20 271 35 366 36 34 20 288 24 1389 291 295 21 1133 2848 423 1040 1309 42 24 39 53
internal_value=-0.000140469 0.00542308 0.0245451 -0.00326255 -0.0101781 0.0695147 0.173131 -0.0272428 0.298813 0.0165193 0.011585 0.0230883 0.0688672 0.051366 0.0746977 0.0504343 0.252262 -0.0367875 -0.0645212 0.0432277 0.0120652 0.0246528 -0.0253774 0.0148047 0.0192928 0.031568 0.0740074 0.0155449 0.151382 0.21527
internal_weight=14702 12198 3810 8388 6352 577 86 2504 50 3233 2612 1886 366 491 366 322 44 2069 680 330 1520 1154 3740 3201 2930 1890 518 1372 63 95
internal_count=14702 12198 3810 8388 6352 577 86 2504 50 3233 2612 1886 366 491 366 322 44 2069 680 330 1520 1154 3740 3201 2930 1890 518 1372 63 95
is_linear=0
shrinkage=0.05


Tree=56
num_leaves=31
num_cat=0
split_feature=4 17 16 11 6 5 5 3 3 18 18 10 8 14 8 1 10 15 17 16 15 6 18 18 15 10 19 19 9 16
split_gain=836.943 683.513 776.731 506.45 486.339 481.483 373.894 369.322 345.034 387.84 445.243 339.379 424.693 309.726 306.428 391.493 307.738 299.204 313.465 272.698 266.998 811.073 363.378 691.616 317.988 619.296 252.677 1160.38 1198.37 460.815
threshold=2064446.0000000002 11.510000000000002 31.637500000000003 4.3950000000000005 4.4694520000000013 17.795000000000005 21.650000000000002 7.4298095000000002 9.9181975000000016 4.3699999999999983 5.7825000000000033 20.705000000000002 2.0960848500000013 7.3325000000000005 -3.2587889664999996 2.5000000000000004 20.625000000000004 25.147500000000004 11.445000000000002 30.392500000000002 11.445000000000002 23.677231000000003 0.76500000000000068 -3.3775000000000008 9.7150000000000016 13.745000000000003 3.2699999999999991 2.8450000000000002 -1738.4534999999989 27.317500000000006
decision_type=2 2 2 2 2 2 2 2 2 2 2 2 2 2 2 2 2 2 2 2 2 2 2 2 2 2 2 2 2 2
left_child=1 2 11 5 6 20 -5 -6 9 17 -11 12 13 -1 -4 16 -16 18 -2 26 21 22 23 -3 -25 -26 27 29 -29 -15
right_child=8 3 14 4 7 -7 -8 -9 -10 10 -12 -13 -14 19 15 -17 -18 -19 -20 -21 -22 -23 -24 24 25 -27 -28 28 -30 -31
leaf_value=-0.1365612213070003 0.006973932186762493 -0.025992987088181759 -0.067999779370923844 0.0004170670008497522 -0.080541339253070832 0.041753627551033311 0.14613898780910259 -0.02523065967600932 -0.022179684221191567 0.20334431745789272 -0.052080630322253511 -0.010512136902402337 -0.020903883369761584 0.028372911296973342 0.13901531984684642 0.089134721121546343 0.39778437167406083 -4.8792630434036257e-05 -0.15991017939279062 -0.09374004464883072 -0.0049150056587459407 0.32450431016358466 -0.004276586589183947 0.061118114196623753 0.44247745589486193 0.12163814654890098 0.0011203440746675702 0.56445958077907565 0.12489595918281787 0.11999111448238098
leaf_weight=26 33 110 24 694 406 722 47 1176 832 22 76 914 412 1333 27 205 20 50 191 39 6000 22 594 65 21 53 346 20 69 153
leaf_count=26 33 110 24 694 406 722 47 1176 832 22 76 914 412 1333 27 205 20 50 191 39 6000 22 594 65 21 53 346 20 69 153
internal_value=-0.000133445 0.00342949 0.0221285 -0.00334065 -0.023768 0.00291382 0.00965989 -0.0394254 -0.0400774 -0.0801067 0.00525966 0.0154129 0.0252942 0.0348781 0.102716 0.118975 0.24913 -0.110639 -0.135325 0.0371523 -0.001171 0.024799 0.0169775 0.0676799 0.14181 0.212687 0.0398097 0.048309 0.223674 0.037806
internal_weight=14702 13498 3588 9910 2323 7587 741 1582 1204 372 98 3312 2398 1986 276 252 47 274 224 1960 6865 865 843 249 139 74 1921 1575 89 1486
internal_count=14702 13498 3588 9910 2323 7587 741 1582 1204 372 98 3312 2398 1986 276 252 47 274 224 1960 6865 865 843 249 139 74 1921 1575 89 1486
is_linear=0
shrinkage=0.05


Tree=57
num_leaves=31
num_cat=0
split_feature=10 0 11 0 6 17 17 9 13 15 15 10 11 17 17 10 10 9 10 11 14 9 5 18 10 10 11 13 18 4
split_gain=763.142 681.133 676.051 487.655 485.074 385.92 379.816 360.511 538.371 553.795 972.812 333.204 300.689 299.31 833.427 298.381 279.809 264.364 251.664 282.596 243.883 219.655 217.915 374.916 518.012 273.216 245.809 214.322 209.672 349.948
threshold=19.565000000000001 32.500000000000007 -5.0249999999999995 25.500000000000004 20.903260000000003 22.415000000000003 5.4800000000000013 -3218.8198000000007 16.275000000000002 12.327500000000002 10.745000000000003 25.225000000000005 -3.8300000000000005 9.4250000000000025 10.745000000000003 14.325000000000001 28.965000000000003 677422.45000000007 58.205000000000005 -27.874999999999996 13.175000000000002 -551176.34999999998 22.050000000000004 8.3725000000000058 9.8450000000000006 13.805000000000001 -3.6700000000000004 1.0000000180025095e-35 1.9799999999999971 274996.15500000009
decision_type=2 2 2 2 2 2 2 2 2 2 2 2 2 2 2 2 2 2 2 2 2 2 2 2 2 2 2 2 2 2
left_child=1 6 5 16 22 11 20 13 9 10 28 -2 21 -6 -15 17 -4 -14 19 -13 -1 -8 26 24 -24 -26 -3 -7 -9 -30
right_child=2 4 3 -5 7 27 12 8 -10 -11 -12 18 15 14 -16 -17 -18 -19 -20 -21 -22 -23 23 -25 25 -27 -28 -29 29 -31
leaf_value=0.25718667663633826 0.043466369486389031 0.07293719197676049 -0.034368678932467533 -0.0095236503448609348 -0.0661113206339492 -0.017191182166298929 0.18623290521403155 0.015314057672565634 0.36178460134701296 -0.011830248502748353 0.45757769328420583 0.10261126239384924 0.012017137451286741 0.2723834999733501 -0.025903051849732652 -0.014908979825553229 -0.082828365398010098 -0.070525708145434324 -0.1440149694938084 -0.0007233877223491972 0.059208294846716206 0.030737191271565274 0.33776335775852206 -0.11639273561861203 0.11900145306791131 -0.019465293539197823 0.010549624821990691 -0.1045095387302088 0.039802763573825367 0.28338094367806255
leaf_weight=20 749 177 1495 2269 55 334 24 44 22 70 23 70 2451 36 67 2789 372 101 29 1207 70 423 20 23 95 57 1462 89 30 29
leaf_count=20 749 177 1495 2269 55 334 24 44 22 70 23 70 2451 36 67 2789 372 101 29 1207 70 423 20 23 95 57 1462 89 30 29
internal_value=-0.000126773 0.0101746 -0.0127239 -0.0250973 0.0338384 0.0079283 0.00127756 0.0855733 0.127254 0.100929 0.163573 0.0168806 -0.000307328 0.0280644 0.0783524 -0.00360424 -0.0440243 0.00875036 0.0016334 0.004941 0.103203 0.039086 0.0232319 0.0731992 0.0985516 0.0670764 0.017287 -0.0355631 0.0979218 0.159528
internal_weight=14702 8088 6614 4136 2210 2478 5878 376 218 196 126 2055 5788 158 103 5341 1867 2552 1306 1277 90 447 1834 195 172 152 1639 423 103 59
internal_count=14702 8088 6614 4136 2210 2478 5878 376 218 196 126 2055 5788 158 103 5341 1867 2552 1306 1277 90 447 1834 195 172 152 1639 423 103 59
is_linear=0
shrinkage=0.05


Tree=58
num_leaves=31
num_cat=0
split_feature=4 17 16 19 19 18 0 19 5 15 15 18 15 18 18 10 18 17 9 15 8 14 0 0 0 15 15 10 11 2
split_gain=712.26 584.712 702.423 452.23 526.229 522.872 433.636 543.854 410.322 400.199 664.588 501.521 551.701 543.287 443.782 341.338 325.584 310.338 857.463 334.816 399.983 315.607 296.767 296.412 292.559 267.772 266.544 262.418 368.556 254.456
threshold=2064446.0000000002 11.510000000000002 31.637500000000003 1.4200000000000019 1.7850000000000013 1.6749999999999992 34.500000000000007 2.3025000000000007 16.605000000000004 10.965000000000002 9.7150000000000016 -0.72750000000000081 12.937500000000002 0.11999999999999923 -3.7124999999999937 14.075000000000001 -0.019999999999997794 11.317500000000001 -7591.9049999999979 5.4800000000000013 0.76513634999999913 31.097500000000007 34.500000000000007 27.500000000000004 36.500000000000007 26.225000000000005 11.762500000000001 20.705000000000002 -4.9199999999999982 1.0000000180025095e-35
decision_type=2 2 2 2 2 2 2 2 2 2 2 2 2 2 2 2 2 2 2 2 2 2 2 2 2 2 2 2 2 2
left_child=1 2 17 8 5 -5 -4 -8 23 10 15 14 26 16 -11 -10 -14 19 -19 -1 27 -22 -15 -3 -17 -25 -13 28 -21 -2
right_child=29 3 6 4 -6 -7 7 -9 9 11 -12 12 13 22 -16 24 -18 18 -20 20 21 -23 -24 25 -26 -27 -28 -29 -30 -31
leaf_value=0.1578747449932914 -0.031522887478492696 -0.01046934477064519 0.057057320475708988 -0.013896404164579679 -0.013673326453073315 -0.16784020187414211 0.064829118791967635 0.32556232443079353 -0.10590040606260301 0.009225559950261971 0.32313275933265689 0.041611617770916848 0.1273439635182731 -0.0049877582991748682 -0.11774874733140071 0.22740784187255236 0.34011541899471059 0.37789393556969508 0.038438120370079404 0.108830060383869 -0.024209792424680299 0.11283937299581753 0.099004277734070278 0.014858250760980572 0.0028166064414484747 -0.090406589319689146 -0.084471989342052009 -0.0062212643529804164 0.024126322464355615 -0.13398122825892642
leaf_weight=38 1140 3586 196 106 2631 115 40 40 25 243 30 77 125 162 96 29 21 21 163 142 928 44 119 2362 29 62 92 633 1343 64
leaf_count=38 1140 3586 196 106 2631 115 40 40 25 243 30 77 125 162 96 29 21 21 163 142 928 44 119 2362 29 62 92 633 1343 64
internal_value=-0.000120434 0.00316641 0.0204613 -0.00309533 -0.019898 -0.0940029 0.0970974 0.195196 0.00369431 0.0325644 0.121442 0.021823 0.0494406 0.0797047 -0.0267318 0.0485422 0.157948 0.0140749 0.0771804 0.0103628 0.00854877 -0.0180059 0.0390516 -0.00133995 0.115112 0.0121658 -0.0270256 0.0207353 0.0322259 -0.0369692
internal_weight=14702 13498 3588 9910 2852 221 276 80 7058 1048 113 935 596 427 339 83 146 3312 184 3128 3090 972 281 6010 58 2424 169 2118 1485 1204
internal_count=14702 13498 3588 9910 2852 221 276 80 7058 1048 113 935 596 427 339 83 146 3312 184 3128 3090 972 281 6010 58 2424 169 2118 1485 1204
is_linear=0
shrinkage=0.05


Tree=59
num_leaves=31
num_cat=0
split_feature=11 10 0 10 11 17 6 17 17 13 16 6 11 12 9 17 10 5 11 0 6 16 15 6 3 16 17 18 16 16
split_gain=673.44 638.83 486.201 352.711 347.311 343.236 329.482 373.248 800.252 445.125 452.909 347.66 347.285 324.965 316.81 309.229 296.853 290.967 297.605 266.051 262.862 453.697 276.413 286.83 368.14 251.058 414.306 245.836 267.617 528.176
threshold=3.6850000000000009 19.495000000000001 32.500000000000007 27.405000000000005 -5.0249999999999995 22.415000000000003 16.607956000000005 9.4250000000000025 9.7575000000000021 16.565000000000001 19.402500000000003 22.155853000000004 -0.42999999999999877 0.015000000000000001 -408901.125 5.4800000000000013 27.265000000000004 30.050000000000004 -0.33500000000000257 25.500000000000004 -4.2765196499999991 17.020000000000003 27.597500000000004 22.067504500000002 20.779968000000004 35.607500000000009 17.027500000000003 0.76500000000000068 28.605000000000008 29.122500000000002
decision_type=2 2 2 2 2 2 2 2 2 2 2 2 2 2 2 2 2 2 2 2 2 2 2 2 2 2 2 2 2 2
left_child=1 2 15 20 5 14 17 -8 -9 10 12 -12 -10 -7 25 -1 -16 -4 -19 -6 21 -2 23 -22 -25 -3 -27 28 -17 -30
right_child=3 4 6 -5 19 13 7 8 9 -11 11 -13 -14 -15 16 27 -18 18 -20 -21 22 -23 -24 24 -26 26 -28 -29 29 -31
leaf_value=0.10647864492162118 0.001361317673729638 0.022168556055320161 0.023431879798588184 -0.066857637642847467 -0.036015296615099994 -0.10682376926169135 -0.0080811708153265983 0.37784463739395147 0.088150819069866493 0.27597053615307371 0.085822215760973375 -0.055959391111836711 0.30523413541312849 -0.0072099582669556518 0.028926268085880905 0.0035355517988424063 -0.012141154519408399 0.021229668600218639 0.28437975391068243 -0.0054029183762218849 -0.023782773845553152 0.26316144427527555 0.055606096484519252 0.22900391636150227 0.012184190739729284 0.24192618249460707 0.054559364196308149 -0.0064762064361600473 0.21349220410698938 0.031422220039568356
leaf_weight=79 59 168 1170 343 1184 111 92 25 58 27 88 85 27 312 861 1178 900 21 22 1772 2837 23 130 21 289 43 94 1869 42 772
leaf_count=79 59 168 1170 343 1184 111 92 25 58 27 88 85 27 312 861 1178 900 21 22 1772 2837 23 130 21 289 43 94 1869 42 772
internal_value=-0.000114413 0.00609361 0.0180231 -0.0185607 -0.00607692 0.00768472 0.0411277 0.0803575 0.106604 0.0828108 0.0625964 0.0161607 0.157107 -0.0333498 0.0160863 0.00855261 0.00793781 0.0281265 0.155865 -0.0176644 -0.0136289 0.0747931 -0.0158415 -0.018793 0.026872 0.0631335 0.113368 0.00654894 0.0187698 0.0408165
internal_weight=14702 11000 5555 3702 5445 2489 1615 402 310 285 258 173 85 423 2066 3940 1761 1213 43 2956 3359 82 3277 3147 310 305 137 3861 1992 814
internal_count=14702 11000 5555 3702 5445 2489 1615 402 310 285 258 173 85 423 2066 3940 1761 1213 43 2956 3359 82 3277 3147 310 305 137 3861 1992 814
is_linear=0
shrinkage=0.05


Tree=60
num_leaves=31
num_cat=0
split_feature=0 4 0 1 8 8 18 6 18 6 3 17 3 5 3 17 12 9 16 8 8 15 4 3 3 15 0 15 5 6
split_gain=641.18 611.741 395.3 407.006 602.771 519.958 528.877 907.66 698.191 610.567 853.653 440.864 439.316 363.698 336.781 334.695 467.676 379.157 357.648 320.409 313.045 293.806 337.853 282.439 367.839 384.695 363.444 370.209 325.976 386.002
threshold=26.500000000000004 252773.57500000004 43.500000000000007 3.5000000000000004 -0.5140991000000007 1.3386230000000003 -2.407500000000002 1.0000000180025095e-35 -1.0125 7.581329300000001 9.6218107500000034 19.737500000000004 -0.14620971999999996 20.290000000000003 21.234603500000002 8.7425000000000015 9.0450000000000017 -462273.6999999999 16.550000000000001 -0.22463985000000083 5.4089966000000018 5.5875000000000012 284523.15500000009 8.7780300000000029 1.1486816500000001 13.030000000000003 11.500000000000002 9.7575000000000021 13.295000000000002 4.5524597500000015
decision_type=2 2 2 2 2 2 2 2 2 2 2 2 2 2 2 2 2 2 2 2 2 2 2 2 2 2 2 2 2 2
left_child=1 20 3 5 -5 6 7 -2 -8 -9 -11 12 -10 -6 -15 -14 -17 -18 -19 -12 23 22 -7 24 26 -26 -1 -28 -27 -30
right_child=2 -3 -4 4 13 21 8 9 11 10 19 -13 15 14 -16 16 17 18 -20 -21 -22 -23 -24 -25 25 28 27 -29 29 -31
leaf_value=-0.022265848211986437 0.35201781537503968 -0.024295197996149022 -0.013897693207401352 -0.035346923215902021 0.011168065508614718 -0.025100031644105916 -0.057031149735891275 -0.015738008937054775 -0.0083411437601460959 0.34532341237046893 0.16294783873773822 -0.0053426098023053445 0.0049733304087546349 0.054800078933148234 0.23546953087206932 -0.012419607711490244 0.27594187489843797 0.0035353267846523588 0.10286147286996246 0.037476587974155949 -0.055765880379435973 -0.015961523234670552 0.26204479898082184 -0.0096557240063320712 0.087504431024495843 0.0034411118912361983 0.10585210498083064 -0.0008321123049509797 0.093522400085044949 -0.026074496499748658
leaf_weight=825 31 3706 1215 739 1340 20 206 134 226 35 77 399 173 133 32 116 28 106 625 150 215 661 21 1718 269 796 129 220 253 92
leaf_count=825 31 3706 1215 739 1340 20 206 134 226 35 77 399 173 133 32 116 28 106 625 150 215 661 21 1718 269 796 129 220 253 92
internal_value=2.45668e-05 -0.00923915 0.0118037 0.0177495 0.00163425 0.0297716 0.0412413 0.0914718 0.0298265 0.0710755 0.115476 0.0405215 0.0548855 0.0197931 0.089839 0.0685203 0.0810844 0.0953749 0.0884585 0.0800373 0.00311367 -0.00790545 0.121974 0.00605628 0.0165026 0.0337164 -0.00417161 0.0386013 0.0210354 0.0616299
internal_weight=14690 8223 6467 5252 2244 3008 2306 427 1879 396 262 1673 1274 1505 165 1048 875 759 731 227 4517 702 41 4302 2584 1410 1174 349 1141 345
internal_count=14690 8223 6467 5252 2244 3008 2306 427 1879 396 262 1673 1274 1505 165 1048 875 759 731 227 4517 702 41 4302 2584 1410 1174 349 1141 345
is_linear=0
shrinkage=0.05


Tree=61
num_leaves=31
num_cat=0
split_feature=10 0 9 8 4 10 8 3 9 8 6 3 17 5 14 8 1 12 18 14 14 6 4 9 15 15 19 9 8 18
split_gain=594.235 645.487 486.546 409.203 368.169 298.101 367.697 277.389 277.363 277.057 338.446 1216.98 321.076 273.03 252.855 255.334 363.718 335.095 333.914 333.033 889.954 346.027 300.758 288.046 249.358 245.863 323.465 746.235 267.313 234.703
threshold=19.565000000000001 34.500000000000007 1094.6197000000009 -1.2608184499999993 2482083.2500000005 15.135000000000003 -1.4985961500000002 4.5524597500000015 926384.58000000031 7.0139007500000012 -4.2765196499999991 0.83123780000000014 8.7425000000000015 14.865 54.147500000000008 1.9488524 3.5000000000000004 19.425000000000004 -5.4775 13.175000000000002 12.335000000000001 -0.42298889999999995 13838.113000000003 -5331.573000000003 22.415000000000003 24.037500000000005 2.9075000000000002 -73247.579999999944 0.28819249999999924 -3.6324999999999998
decision_type=2 2 2 2 2 2 2 2 2 2 2 2 2 2 2 2 2 2 2 2 2 2 2 2 2 2 2 2 2 2
left_child=1 3 7 13 29 6 -4 -3 9 10 11 12 -5 -1 15 16 18 22 23 20 -20 -21 -18 -12 -17 26 28 -28 -23 -2
right_child=4 2 5 8 -6 -7 -8 -9 -10 -11 14 -13 -14 -15 -16 24 17 -19 19 21 -22 25 -24 -25 -26 -27 27 -29 -30 -31
leaf_value=-0.0090773148415000653 0.0079015009337403495 0.00070157575269964552 0.34071445513516663 0.083879698479884413 -0.058351729512406192 0.043442332749723589 0.11142110099124876 0.044624577213298496 -0.066355772556389789 -0.055532490625977517 0.28419760006169476 0.41944581307470802 -0.010171717424658153 -0.058443432257486987 -0.04198375445409034 -0.016786394601633458 0.026353923711736411 0.15006385055446142 -0.041430541604757315 -0.042232135754620918 0.39460456344214356 0.058675403744027722 -0.021495716368612264 0.070516790534653095 0.098033540077507503 -0.073095836249009088 0.40364941219799227 0.029591785985976463 0.0086712137557195847 -0.014105525697306371
leaf_weight=1356 1656 692 20 180 389 159 139 748 118 150 24 22 183 353 227 871 546 37 25 158 22 564 824 46 50 49 20 40 508 4514
leaf_count=1356 1656 692 20 180 389 159 139 748 118 150 24 22 183 353 227 871 546 37 25 158 22 564 824 46 50 49 20 40 508 4514
internal_value=2.33385e-05 0.00905536 0.0358782 0.00165625 -0.0111734 0.0918527 0.140263 0.0235171 0.00932561 0.0112901 0.0135702 0.0583499 0.0364653 -0.0192741 0.00927195 0.0123468 0.0197134 0.00158432 0.0372323 0.0318512 0.162671 0.0272593 -0.00242571 0.143779 -0.010553 0.0365562 0.0413026 0.154278 0.0349794 -0.00819894
internal_weight=14690 8131 1758 6373 6559 318 159 1440 4664 4546 4396 385 363 1709 4011 3784 2863 1407 1456 1386 47 1339 1370 70 921 1181 1132 60 1072 6170
internal_count=14690 8131 1758 6373 6559 318 159 1440 4664 4546 4396 385 363 1709 4011 3784 2863 1407 1456 1386 47 1339 1370 70 921 1181 1132 60 1072 6170
is_linear=0
shrinkage=0.05


Tree=62
num_leaves=31
num_cat=0
split_feature=0 4 8 10 11 3 19 0 10 6 3 8 17 17 15 17 19 18 3 4 11 8 3 8 18 4 15 14 16 19
split_gain=560.503 593.674 359.578 403.148 638.801 414.651 1236.71 464.264 308.735 386.906 583.899 967.873 404.93 367.349 467.694 335.102 328.139 298.315 330.595 387.003 272.256 270.291 258.81 355.826 314.149 254.543 247.728 245.774 240.438 255.174
threshold=25.500000000000004 252773.57500000004 -3.6763001999999987 12.965000000000002 0.95000000000000029 2.6882476500000005 -0.014999999999999679 34.500000000000007 19.495000000000001 7.6898650000000011 9.1334075000000023 -0.67419434999999983 8.6300000000000008 9.4250000000000025 12.597500000000002 11.097500000000002 0.16750000000000045 7.8100000000000005 23.270278500000003 500662.59000000003 -9.1649999999999991 5.0131684999999999 8.7780300000000029 0.88121049999999956 -11.569999999999995 2216040.7500000005 13.612500000000002 27.787500000000005 45.700000000000003 0.51749999999999974
decision_type=2 2 2 2 2 2 2 2 2 2 2 2 2 2 2 2 2 2 2 2 2 2 2 2 2 2 2 2 2 2
left_child=1 21 -2 5 8 6 -4 -7 9 12 11 -11 16 -12 17 -16 -5 18 19 -15 28 22 23 27 -25 -3 -14 -1 29 -10
right_child=2 25 3 4 -6 7 -8 -9 20 10 13 -13 26 14 15 -17 -18 -19 -20 -21 -22 -23 -24 24 -26 -27 -28 -29 -30 -31
leaf_value=-0.0097597051305133298 -0.029992697692181144 -0.018801090002149811 0.42633504388587817 0.23522630795836449 -0.01109126299430868 -0.014811534407746161 0.038960546838979315 0.076244923662595082 0.096528695990021035 0.075570935677540932 -0.024126207380480061 0.50529185861349102 -0.022673987156417816 0.37563810958103705 0.22859437976564681 0.019980607445259049 0.044281606677742232 -0.011661443238457045 0.08200328685715795 0.14432436636649074 0.0027680785819754121 -0.048409572434362502 -0.0092497029044943287 0.18955568948553669 0.038033110456096531 -0.056110127515378687 0.042271929066781525 0.028151347241867283 -0.03101962239141702 -0.0084185478886446129
leaf_weight=1163 505 2864 28 35 2253 264 78 298 225 38 111 20 371 33 21 231 63 24 50 40 1682 243 1712 36 687 544 243 676 74 78
leaf_count=1163 505 2864 28 35 2253 264 78 298 225 38 111 20 371 33 21 231 63 24 50 40 1682 243 1712 36 687 544 243 676 74 78
internal_value=2.21716e-05 -0.00900148 0.0105931 0.0138672 0.0094817 0.0505794 0.141286 0.0334711 0.0233634 0.0426465 0.073424 0.223751 0.0180937 0.0563281 0.0787101 0.0373651 0.112476 0.149587 0.18105 0.248891 0.0113758 0.00288543 0.00580183 0.0158597 0.0455778 -0.0247565 0.00302936 0.00417606 0.0497795 0.0695126
internal_weight=14690 7925 6765 6260 5592 668 106 562 3339 1280 568 58 712 510 399 252 98 147 123 73 2059 4517 4274 2562 723 3408 614 1839 377 303
internal_count=14690 7925 6765 6260 5592 668 106 562 3339 1280 568 58 712 510 399 252 98 147 123 73 2059 4517 4274 2562 723 3408 614 1839 377 303
is_linear=0
shrinkage=0.05


Tree=63
num_leaves=31
num_cat=0
split_feature=10 11 11 10 8 5 9 16 16 9 6 14 14 9 6 17 0 10 1 17 3 17 16 0 19 11 8 17 9 11
split_gain=526.404 536.936 380.982 357.875 396.233 351.568 305.484 299.081 285.126 282.102 426.539 271.658 970.694 278.449 303.56 260.613 260.425 255.924 246.733 364.846 279.356 242.931 386.282 368.178 366.236 399.122 238.435 230.438 239.729 208.167
threshold=26.285000000000004 0.95000000000000029 -10.304999999999998 12.965000000000002 -1.1244658699999996 17.795000000000005 253505.85000000006 57.280000000000008 16.072500000000002 -805408.74999999988 6.6988830000000013 12.475000000000003 12.335000000000001 -551176.34999999998 -0.70910642999999995 18.597500000000004 34.500000000000007 45.455000000000005 2.5000000000000004 9.7575000000000021 2.5557556000000003 8.4800000000000022 11.432500000000003 30.500000000000004 -1.1299999999999997 -2.7149999999999994 2.4548492000000004 12.682500000000003 -828160.24999999965 22.585000000000004
decision_type=2 2 2 2 2 2 2 2 2 2 2 2 2 2 2 2 2 2 2 2 2 2 2 2 2 2 2 2 2 2
left_child=1 5 7 4 -3 9 -7 8 -2 10 -1 12 -6 -13 -15 27 29 -4 19 21 -21 22 -11 -23 -25 -26 -22 28 -10 -16
right_child=2 3 17 -5 11 6 -8 -9 15 18 -12 13 -14 14 16 -17 -18 -19 -20 20 26 23 -24 24 25 -27 -28 -29 -30 -31
leaf_value=0.28650364386425781 -0.1200487910459439 -0.031526230716528748 -0.028337558658986902 -0.013840318874801706 0.016098582523094641 0.053935937759534737 -0.089725436833806529 -0.089095682938609075 0.15323846624656157 0.099629255526377691 0.040357395363124937 0.20661671817302707 0.37124590923687301 -0.024988243120433667 0.026430898193445171 -0.012540774039640013 0.094003256420163731 -0.1323845488339907 -0.0012999957408576406 -0.018412828877464767 0.030520797599782375 0.048906725553735611 -0.017580073367133336 0.053311306369655281 0.39569859471586022 0.10880032835358924 -0.033970713715977464 0.074429605190187723 -0.024394805201416393 -0.12737851881462595
leaf_weight=22 36 346 1898 4225 74 723 39 72 22 113 88 20 26 287 505 295 152 61 2865 594 1187 155 186 34 27 22 163 291 139 23
leaf_count=22 36 346 1898 4225 74 723 39 72 22 113 88 20 26 287 505 295 152 61 2865 594 1187 155 186 34 27 22 163 291 139 23
internal_value=2.1063e-05 0.00462836 -0.0194232 -0.0065169 0.0150752 0.0147699 0.0465832 0.00842481 0.0173922 0.0103267 0.0895866 0.0299087 0.108437 0.0219525 0.0181332 0.0240159 0.0363329 -0.0315774 0.00869586 0.0202388 0.0101614 0.0567203 0.0267164 0.0944143 0.179398 0.266887 0.022734 0.0478747 -0.000121936 0.0197309
internal_weight=14690 11876 2814 5658 1433 6218 762 855 783 5456 110 1087 100 987 967 747 680 1959 5346 2481 1944 537 299 238 83 49 1350 452 161 528
internal_count=14690 11876 2814 5658 1433 6218 762 855 783 5456 110 1087 100 987 967 747 680 1959 5346 2481 1944 537 299 238 83 49 1350 452 161 528
is_linear=0
shrinkage=0.05


Tree=64
num_leaves=31
num_cat=0
split_feature=0 4 8 11 10 19 17 19 12 18 1 18 6 7 17 11 15 3 6 10 14 14 0 15 8 16 18 17 15 3
split_gain=487.848 518.188 317.053 362.149 422.098 424.086 351.907 335.138 938.48 300.016 635.715 529.17 374.312 352.685 340.592 292.187 278.096 276.155 266.907 260.2 259.926 256.481 243.624 263.416 237.858 230.114 227.829 272.372 372.374 227.634
threshold=25.500000000000004 252773.57500000004 -4.54986595 -5.2299999999999986 15.135000000000003 3.6025 21.740000000000006 2.9075000000000002 10.915000000000001 -0.49249999999999966 1.0000000180025095e-35 -0.31249999999999817 9.6218107500000034 172857.21500000003 19.792500000000004 0.83500000000000096 6.7175000000000002 2.9776306000000003 23.098160000000004 23.375000000000004 30.027500000000003 31.905000000000005 34.500000000000007 15.460000000000003 5.0131684999999999 16.072500000000002 3.1425000000000005 8.7775000000000016 10.8375 8.7780300000000029
decision_type=2 2 2 2 2 2 2 2 2 2 2 2 2 2 2 2 2 2 2 2 2 2 2 2 2 2 2 2 2 2
left_child=1 24 -2 6 5 7 17 9 -9 10 -5 -11 -12 -14 15 16 -13 -4 -6 25 -17 -20 -22 -24 29 -19 27 -27 -29 -1
right_child=2 -3 3 4 18 -7 -8 8 -10 11 12 14 13 -15 -16 20 -18 19 21 -21 22 -23 23 -25 -26 26 -28 28 -30 -31
leaf_value=0.014875497935932803 -0.036113638666747008 -0.023117868935830684 -0.0018852945870590208 0.21049820833972524 -0.0043454992326172571 -0.029510592496503264 -0.020385964900711456 -0.044350118050351744 0.42888922169804577 0.25951827259794363 -0.055605524110121353 0.28012401140516713 0.17129747464321554 0.0053049332572845742 -0.040094836682398272 0.0083304355128140627 0.0891651102355209 -0.012515211302254881 0.087407736560242297 0.042848429874946053 0.020399011081705491 -0.048799222989214797 0.28162861657994137 0.060613393568648748 -0.045412175153902404 -0.079780020387399772 0.18949359189285789 0.27530356487259272 0.067825781370170021 -0.0086730792943071882
leaf_weight=2562 355 3408 176 35 3716 248 198 22 20 31 224 21 40 160 94 263 207 35 149 394 48 45 28 26 243 21 86 28 95 1712
leaf_count=2562 355 3408 176 35 3716 248 198 22 20 31 224 21 40 160 94 263 207 35 149 394 48 45 28 26 243 21 86 28 95 1712
internal_value=2.00099e-05 -0.0083985 0.00988205 0.0124294 0.00722027 0.030091 0.0395441 0.0422167 0.181002 0.0372643 0.0056917 0.0574478 -0.0112145 0.0385034 0.0483297 0.0623464 0.106753 0.053755 -0.00136064 0.068615 0.0346071 0.0558133 0.10236 0.175214 0.00270701 0.106924 0.1251 0.0866428 0.115056 0.00544284
internal_weight=14690 7925 6765 6410 5377 1467 1033 1219 42 1177 459 718 424 200 687 593 228 835 3910 659 365 194 102 54 4517 265 230 144 123 4274
internal_count=14690 7925 6765 6410 5377 1467 1033 1219 42 1177 459 718 424 200 687 593 228 835 3910 659 365 194 102 54 4517 265 230 144 123 4274
is_linear=0
shrinkage=0.05


Tree=65
num_leaves=31
num_cat=0
split_feature=11 10 6 16 0 11 3 16 8 10 17 17 15 3 18 18 18 17 9 3 19 15 13 11 3 19 16 12 8 17
split_gain=523.826 426.071 409.394 799.284 394.595 350.56 350.522 400.836 1399.36 305.849 291.625 267.321 251.248 245.587 339.824 442.543 620.741 415.714 508.862 387.761 339.478 244.865 229.883 471.976 302.951 216.464 247.255 283.367 265.48 314.204
threshold=4.5700000000000021 19.495000000000001 -4.2765196499999991 18.675000000000004 32.500000000000007 -7.7299999999999986 3.4108886500000004 18.257500000000004 -1.4398041499999985 32.305000000000007 5.4800000000000013 21.952500000000004 27.597500000000004 1.0646209500000003 1.5424999999999971 4.3699999999999983 4.7550000000000017 11.987500000000002 -623930.79999999981 13.391464000000001 3.2699999999999991 21.530000000000005 15.965000000000002 -1.3449999999999995 22.706451500000004 -0.64000000000000001 27.187500000000004 17.305000000000003 -0.37487794000000002 17.027500000000003
decision_type=2 2 2 2 2 2 2 2 2 2 2 2 2 2 2 2 2 2 2 2 2 2 2 2 2 2 2 2 2 2
left_child=1 4 3 -2 10 11 -6 8 -8 -7 -1 25 -4 -12 17 -16 -17 18 -15 20 -20 -19 24 -24 -9 26 27 -3 -28 -30
right_child=2 5 12 -5 6 9 7 22 -10 -11 13 -13 -14 14 15 16 -18 21 19 -21 -22 -23 23 -25 -26 -27 28 -29 29 -31
leaf_value=0.098330511205962728 -0.0011936295506629077 0.0062512442762257051 -0.024252749262312318 0.36791565924882891 0.0061864001999220319 -0.0080468355206855784 0.47748070831100153 0.042431326527321483 0.062667228113439749 -0.052865510015584094 -0.012432729447449463 -0.024054183488379101 0.042975831274198351 0.2560120914470066 -0.042110108318211735 0.20359091232855653 0.0068734704860375544 0.0013756177064681541 0.15655886548014022 0.01039799632248186 0.02594482676192586 0.06681385998270431 0.30547177381813528 0.044329225527302875 -0.052165791514562444 0.005727410998747305 0.022081568691149956 0.17206410024290175 0.21023355249490125 0.065646012729177111
leaf_weight=84 55 323 2888 20 673 3648 24 715 133 425 1449 350 146 33 517 43 595 959 122 247 84 168 24 62 96 675 104 28 64 91
leaf_count=84 55 323 2888 20 673 3648 24 715 133 425 1449 350 146 33 517 43 595 959 122 247 84 168 24 62 96 675 104 28 64 91
internal_value=8.338e-05 0.00491757 -0.0181649 0.0972355 0.0141881 -0.00487272 0.0343763 0.0523762 0.126078 -0.0127235 0.00608187 0.0146845 -0.0210176 0.00424434 0.0129745 -0.00772883 0.0201319 0.0277993 0.0664532 0.0526443 0.103299 0.0111304 0.0394763 0.117206 0.0312336 0.0252359 0.0468232 0.0194785 0.0838811 0.125347
internal_weight=14845 11736 3109 75 6028 5708 1727 1054 157 4073 4301 1635 3034 4217 2768 1155 638 1613 486 453 206 1127 897 86 811 1285 610 351 259 155
internal_count=14845 11736 3109 75 6028 5708 1727 1054 157 4073 4301 1635 3034 4217 2768 1155 638 1613 486 453 206 1127 897 86 811 1285 610 351 259 155
is_linear=0
shrinkage=0.05


Tree=66
num_leaves=31
num_cat=0
split_feature=4 3 6 14 19 11 15 11 12 4 10 9 1 11 17 19 6 11 6 14 15 15 17 3 3 17 3 3 17 10
split_gain=500.789 356.759 369.789 526.506 349.558 407.695 339.969 288.651 278.164 264.268 473.982 532.943 404.644 380.413 346.067 1100.84 336.065 338.576 335.535 341.234 439.544 332.902 471.235 307.856 263.906 349.093 250.273 260.525 512.33 603.518
threshold=673331.67500000016 18.087814500000004 6.0892181500000016 44.355000000000011 7.8050000000000006 -1.0650000000000011 25.977500000000003 29.490000000000006 9.4950000000000028 1.0000000180025095e-35 14.765000000000002 -535135.54749999987 4.5000000000000009 -3.4399999999999999 19.737500000000004 -5.7549999999999972 5.691040000000001 5.5099999999999998 22.844757000000005 34.057500000000005 9.2575000000000021 12.937500000000002 9.4250000000000025 -1.0655975499999999 7.3145598500000011 27.545000000000005 1.6006164500000002 8.0099335000000025 10.060000000000002 20.625000000000004
decision_type=2 2 2 2 2 2 2 2 2 2 2 2 2 2 2 2 2 2 2 2 2 2 2 2 2 2 2 2 2 2
left_child=9 2 3 7 5 6 -4 -2 -5 26 11 -11 14 23 15 -13 -17 18 19 20 -18 22 -22 -12 -7 -26 -1 28 29 -28
right_child=1 -3 4 8 -6 24 -8 -9 -10 10 13 12 -14 -15 -16 16 17 -19 -20 -21 21 -23 -24 -25 25 -27 27 -29 -30 -31
leaf_value=-0.014840856959025176 -0.01140120659593217 0.0066881703701499127 -0.0083649403095168579 0.13251163460221144 0.074039844545855452 -0.11176477593977166 -0.14838927802832233 -0.19813135635285151 -0.0083148206773869422 0.27720303870737556 0.12406176844066599 0.335583563310069 -0.0060424862667744945 -0.010049875129709682 -0.042169170727414135 0.028431741234715341 0.032970864096513168 -0.019230940309353173 -0.016154980155988596 0.057202697176275387 0.15030125762735094 0.1210519984794351 0.4498994619079999 0.02197495613129331 -0.057081833050548585 0.1264819853283741 0.056271406796506863 -0.0035178622936475577 0.015949200340106766 0.38752743338234724
leaf_weight=1872 1429 1578 752 100 67 230 46 21 54 24 82 37 344 1520 76 421 26 46 32 53 21 26 35 743 636 27 44 2591 1892 20
leaf_count=1872 1429 1578 752 100 67 230 46 21 54 24 82 37 344 1520 76 421 26 46 32 53 21 26 35 743 636 27 44 2591 1892 20
internal_value=7.9211e-05 -0.0129246 -0.0221301 -0.0047699 -0.0379696 -0.0424076 -0.0164365 -0.0141056 0.0831309 0.00656471 0.0176472 0.0440783 0.0390693 0.00478663 0.059145 0.0701921 0.0553141 0.102668 0.131721 0.161113 0.212106 0.268904 0.33755 0.0321218 -0.0656158 -0.0496064 0.000546115 0.00688093 0.0206556 0.159789
internal_weight=14845 4940 3362 1604 1758 1691 798 1450 154 9905 3486 1141 1117 2345 773 697 660 239 193 161 108 82 56 825 893 663 6419 4547 1956 64
internal_count=14845 4940 3362 1604 1758 1691 798 1450 154 9905 3486 1141 1117 2345 773 697 660 239 193 161 108 82 56 825 893 663 6419 4547 1956 64
is_linear=0
shrinkage=0.05


Tree=67
num_leaves=31
num_cat=0
split_feature=4 3 18 8 6 15 16 1 0 8 4 6 9 13 0 14 17 10 19 9 17 14 18 3 3 17 10 14 16 15
split_gain=452.49 320.972 394.069 802.232 391.457 470.663 323.007 549.104 325.297 253.02 249.921 464.922 1263.88 424.463 507.371 432.377 502.239 321.518 347.901 325.589 242.924 378.916 281.862 241.133 287.065 444.786 544.675 318.243 295.399 289.953
threshold=648798.32000000007 18.321686000000003 -3.6324999999999998 0.032791125000000039 6.3892822500000017 24.645000000000003 14.595000000000001 2.5000000000000004 26.500000000000004 7.8676758000000016 1.0000000180025095e-35 -4.2765196499999991 -83194.24500000017 1.0000000180025095e-35 32.500000000000007 15.450000000000001 15.575000000000001 11.005000000000001 2.3825000000000007 -669458.85999999999 19.737500000000004 50.222500000000004 1.1849999999999972 1.6006164500000002 8.0099335000000025 10.060000000000002 20.625000000000004 15.735000000000001 14.350000000000003 13.102500000000001
decision_type=2 2 2 2 2 2 2 2 2 2 2 2 2 2 2 2 2 2 2 2 2 2 2 2 2 2 2 2 2 2
left_child=9 2 3 -2 5 20 -3 8 -8 10 23 12 -12 15 -15 16 -13 18 -17 -19 21 -4 -22 -1 25 26 -25 -27 -29 -30
right_child=1 6 4 -5 -6 -7 7 -9 -10 -11 11 13 -14 14 -16 17 -18 19 -20 -21 22 -23 -24 24 -26 27 -28 28 29 -31
leaf_value=-0.013913342749054376 -0.042512437491076645 -0.078819730310944969 -0.015005747016274494 0.059598120323453962 -0.049649920495538569 0.098533574742479979 0.019135093501062683 -0.01173909115484037 0.096160600313293293 -0.076228396954905742 0.44571607929209006 0.070248765712296907 0.04137554152537723 -0.039159717428274059 0.031285456188821364 0.062689838200234452 0.33646375218575653 0.16745999404362272 0.28834740675985815 0.0135526944107415 -0.16819937796755272 0.19000852661936179 -0.02957085161364045 0.053457836764441297 -0.0033419692598075979 0.1692718829945935 0.36815106146037579 0.19291553328866545 0.055779720309444447 0.0031823787758983586
leaf_weight=1859 368 103 1122 403 1283 91 327 885 236 92 23 91 121 653 420 117 22 35 20 1888 55 23 110 44 2591 34 20 23 319 1467
leaf_count=1859 368 103 1122 403 1283 91 327 885 236 92 23 91 121 653 420 117 22 35 20 1888 55 23 110 44 2591 34 20 23 319 1467
internal_value=7.52504e-05 -0.0121629 -0.0206457 0.0108605 -0.0296961 -0.0114229 0.00673343 0.012819 0.0514229 0.0063019 0.00708089 0.0180447 0.105958 0.0141447 -0.0115857 0.02685 0.122078 0.0216263 0.0956325 0.0163539 -0.0190611 -0.0108876 -0.0757804 0.0012342 0.0074946 0.022218 0.151799 0.0177182 0.0148697 0.0125769
internal_weight=14845 5006 3455 771 2684 1401 1551 1448 563 9839 9747 3390 144 3246 1073 2173 113 2060 137 1923 1310 1145 165 6357 4498 1907 64 1843 1809 1786
internal_count=14845 5006 3455 771 2684 1401 1551 1448 563 9839 9747 3390 144 3246 1073 2173 113 2060 137 1923 1310 1145 165 6357 4498 1907 64 1843 1809 1786
is_linear=0
shrinkage=0.05


Tree=68
num_leaves=31
num_cat=0
split_feature=11 17 19 15 10 15 16 6 15 6 14 17 14 6 16 8 13 1 10 8 17 3 19 12 2 6 1 16 16 11
split_gain=429.66 356.386 398.463 584.951 619.282 352.495 359.299 605.082 675.618 545.651 442.851 426.633 345.542 345.406 670.6 315.097 288.752 274.634 257.778 417.403 425.95 326.275 330.652 531.856 528.241 335.582 721.726 271.639 522.032 372.138
threshold=4.5700000000000021 19.737500000000004 -5.7549999999999972 8.7425000000000015 16.045000000000005 5.4800000000000013 30.027500000000003 6.7736512000000006 14.140000000000002 5.0438385000000006 29.392500000000005 11.805000000000001 30.865000000000006 -4.2765196499999991 18.675000000000004 -0.26504500000000236 16.135000000000002 3.5000000000000004 22.515000000000004 1.8352049999999986 18.685000000000006 1.0646209500000003 -0.64000000000000001 19.735000000000003 1.0000000180025095e-35 0.73336790000000007 2.5000000000000004 14.595000000000001 14.350000000000003 -2.5800000000000005
decision_type=2 2 2 2 2 2 2 2 2 2 2 2 2 2 2 2 2 2 2 2 2 2 2 2 2 2 2 2 2 2
left_child=1 2 3 -1 15 -4 18 8 9 11 -11 -8 17 14 -2 -5 -3 -9 19 21 -21 27 23 24 -23 26 -24 28 -7 -30
right_child=13 16 5 4 -6 6 7 12 -10 10 -12 -13 -14 -15 -16 -17 -18 -19 -20 20 -22 22 25 -25 -26 -27 -28 -29 29 -31
leaf_value=-0.0042544195385373854 -0.00061465041542595091 -0.01589440070315833 0.1776218993216753 0.3711429209544741 0.06553263429452906 0.0065393192264765728 0.061257714423891552 0.077572595879228587 0.11597594428963487 0.32489764899015428 0.070916898587568528 -0.046945603955091827 -0.011913408293911399 -0.019075718652645783 0.33747837394475938 0.12622232381254436 0.088652392836989113 0.012632853266445475 -0.019272164749119497 -0.031736826637731051 0.13111429381672116 0.027004132116720894 0.0025482332017624154 0.19873456280434232 0.23162609237958406 0.0082437465229981341 0.31280854601284558 -0.022151445470471751 0.30390378619329289 0.045458280605574448
leaf_weight=216 55 2298 30 29 178 670 143 225 303 20 121 251 1160 3034 20 24 68 589 1452 913 42 436 53 61 34 1419 29 916 26 30
leaf_count=216 55 2298 30 29 178 670 143 225 303 20 121 251 1160 3034 20 24 68 589 1452 913 42 436 53 61 34 1419 29 916 26 30
internal_value=7.14879e-05 0.00444966 0.00882798 0.0548956 0.110205 0.00652021 0.00594301 0.0207223 0.0563199 0.0225335 0.106943 -0.00767384 0.00561045 -0.0164554 0.0895435 0.260235 -0.0128897 0.030583 -0.000891294 0.00487432 -0.0245748 0.0125292 0.0259234 0.0598341 0.0418066 0.013927 0.112274 -0.00404637 0.018797 0.165451
internal_weight=14845 11736 9370 447 231 8923 8893 2812 838 535 141 394 1974 3109 75 53 2366 814 6081 4629 955 3674 2032 531 470 1501 82 1642 726 56
internal_count=14845 11736 9370 447 231 8923 8893 2812 838 535 141 394 1974 3109 75 53 2366 814 6081 4629 955 3674 2032 531 470 1501 82 1642 726 56
is_linear=0
shrinkage=0.05


Tree=69
num_leaves=31
num_cat=0
split_feature=11 14 18 17 19 15 12 0 14 13 15 17 17 17 3 17 17 11 8 17 15 6 6 17 16 17 16 5 8 8
split_gain=400.16 429.683 376.947 331.568 456.104 643.695 691.194 580.034 1007.5 308.281 308.271 304.712 540.677 583.214 753.472 392.436 719.758 357.978 293.296 271.921 266.371 261.736 323.023 301.172 239.903 532.666 392.275 939.657 333.976 313.019
threshold=13.045000000000003 59.832500000000003 -18.067499999999995 19.685000000000006 -5.7549999999999972 8.4800000000000022 11.505000000000001 38.500000000000007 22.225000000000005 11.855000000000002 27.597500000000004 19.202500000000004 18.930000000000003 18.685000000000006 2.5557556000000003 18.235000000000003 17.802500000000006 2.975000000000001 6.1252746500000006 17.467500000000005 5.4800000000000013 16.123870500000002 6.0892181500000016 19.897500000000004 31.097500000000007 11.170000000000002 32.092500000000008 15.215000000000002 0.56164524999999987 -2.9174197999999989
decision_type=2 2 2 2 2 2 2 2 2 2 2 2 2 2 2 2 2 2 2 2 2 2 2 2 2 2 2 2 2 2
left_child=3 2 -2 4 5 -1 -7 8 -8 21 -4 12 13 15 -15 16 18 -18 19 20 -6 22 23 -5 -22 29 27 -27 -29 -26
right_child=1 -3 10 9 11 6 7 -9 -10 -11 -12 -13 -14 14 -16 -17 17 -19 -20 -21 24 -23 -24 -25 25 26 -28 28 -30 -31
leaf_value=-0.016345639167683262 0.036734843595574301 0.086116306658721331 -0.07226519644053446 -0.071079713072351836 0.14323881294046131 0.038384474857367692 0.54141436244050667 0.041395977740952127 0.1520675237187081 0.040327727613187148 0.1008556314640575 0.057494925355977215 -0.090607617320734773 0.36558405179530384 0.049526967572588051 -0.04538515629644347 0.081026900228816312 0.30687103796750309 -0.051338798841308868 -0.04984103945629581 0.00015370378639639198 0.017847852188787417 -0.039473216161069052 0.0094460294029266225 -0.068221452501085064 -0.004927739907529146 0.0040035368456695997 0.39461032927036288 0.15481748232301676 0.11315111244586296
leaf_weight=209 111 66 540 135 35 193 24 42 54 252 27 257 154 24 88 410 143 20 244 227 6592 443 1390 830 27 126 1909 20 53 200
leaf_count=209 111 66 540 135 35 193 24 42 54 252 27 257 154 24 88 410 143 20 244 227 6592 443 1390 830 27 126 1909 20 53 200
internal_value=6.79135e-05 -0.0356705 -0.0475259 0.00195355 0.00598147 0.0516019 0.0969726 0.191202 0.271867 -0.0126407 -0.0640213 0.00371973 0.0023743 0.00378952 0.117253 0.00251949 0.00456627 0.108738 0.00276621 0.00420288 0.00557177 -0.0174113 -0.0240439 -0.00181923 0.00503202 0.0188041 0.0109675 0.077772 0.220514 0.0915782
internal_weight=14845 744 678 14101 11051 522 313 120 78 3050 567 10529 10272 10118 112 10006 9596 163 9433 9189 8962 2798 2355 965 8927 2335 2108 199 73 227
internal_count=14845 744 678 14101 11051 522 313 120 78 3050 567 10529 10272 10118 112 10006 9596 163 9433 9189 8962 2798 2355 965 8927 2335 2108 199 73 227
is_linear=0
shrinkage=0.05


Tree=70
num_leaves=31
num_cat=0
split_feature=11 10 11 17 10 4 11 0 8 7 19 1 16 18 18 8 3 5 10 3 19 5 4 18 17 3 0 10 9 10
split_gain=424.318 359.478 355.524 321.539 310.281 326.351 242.8 285.051 242.551 238.55 235.34 566.484 307.346 234.844 317.321 297.941 232.388 221.098 211.104 210.172 200.563 220.961 199.957 196.854 391.002 280.773 297.175 194.64 192.26 193.271
threshold=4.2950000000000044 24.615000000000006 -3.9949999999999997 22.415000000000003 15.135000000000003 1.0000000180025095e-35 -15.795 28.500000000000004 -2.8481445999999995 653335.90500000014 -6.5849999999999991 1.0000000180025095e-35 14.595000000000001 -0.33250000000000307 0.57249999999999812 0.018219050000000573 21.962722500000002 14.995000000000003 45.455000000000005 12.398284500000001 -0.3700000000000005 17.915000000000003 1255303.7500000002 -2.407500000000002 8.8400000000000016 5.5338897500000011 35.500000000000007 27.405000000000005 -170335.08499999993 12.735000000000001
decision_type=2 2 2 2 2 2 2 2 2 2 2 2 2 2 2 2 2 2 2 2 2 2 2 2 2 2 2 2 2 2
left_child=1 2 3 13 5 -4 7 22 -7 10 -10 12 -12 23 -15 20 -17 -5 -8 -9 21 -16 -3 24 -1 -26 -27 -2 -13 -30
right_child=27 6 4 17 -6 8 18 19 9 -11 11 28 -14 14 15 16 -18 -19 -20 -21 -22 -23 -24 -25 25 26 -28 -29 29 -31
leaf_value=0.23501813230307206 -0.011658076107570817 0.044603833812547643 0.0018422898149880612 -0.010379322110251948 -0.0040116787429542227 -0.026464497522306698 -0.013324628693108435 0.062346828271145543 -0.073281982872867954 0.013577310449571606 0.093766764372809452 0.17967334026631354 0.34769223343867522 0.12519459588014906 0.083140160046339395 -0.022110645072075285 0.071274148482143099 -0.16862011757437831 -0.097895010786229059 0.24990252360701559 0.035304243271471934 0.22656402101856657 -0.026902377940540279 -0.024730712695394837 -0.030595212828407777 0.03221432495727794 0.18233966007828714 -0.053138784733943095 0.073936089192721668 0.019803258797065133
leaf_weight=23 2931 180 1555 121 3955 142 2538 59 32 448 22 29 26 136 167 223 95 27 76 20 200 32 214 209 152 213 39 313 346 315
leaf_count=23 2931 180 1555 121 3955 142 2538 59 32 448 22 29 26 136 167 223 95 27 76 20 200 32 214 209 152 213 39 313 346 315
internal_value=0.000324306 0.00479682 0.0101004 0.0310401 0.00511085 0.0174881 -0.00981854 0.0231461 0.0353772 0.042587 0.0594653 0.0652213 0.23131 0.0380264 0.0551725 0.0418908 0.00578733 -0.0392476 -0.0157834 0.109829 0.0706649 0.106203 0.00576543 0.0150301 0.0344914 0.0230753 0.055448 -0.0156604 0.0536673 0.0481391
internal_weight=14838 11594 8507 1637 6870 2915 3087 473 1360 1218 770 738 48 1489 853 717 318 148 2614 79 399 199 394 636 427 404 252 3244 690 661
internal_count=14838 11594 8507 1637 6870 2915 3087 473 1360 1218 770 738 48 1489 853 717 318 148 2614 79 399 199 394 636 427 404 252 3244 690 661
is_linear=0
shrinkage=0.05


Tree=71
num_leaves=31
num_cat=0
split_feature=11 10 10 0 15 19 6 11 15 14 19 12 16 14 9 17 6 16 14 14 14 11 16 15 0 14 15 16 16 19
split_gain=390.626 310.587 310.336 287.864 278.223 325.963 316.032 290.175 327.89 275.573 261.953 335.764 271.836 380.209 338.168 276.512 268.949 248.086 232.954 283.88 345.194 228.573 228.226 334.123 652.483 633.179 438.336 226.201 431.884 208.366
threshold=1.72 16.775000000000002 24.615000000000006 7.5000000000000009 9.4250000000000025 -1.9300000000000004 23.945266500000002 -3.9949999999999997 23.430000000000003 34.177500000000002 -1.78 15.525 30.027500000000003 13.430000000000001 -828160.24999999965 11.170000000000002 6.9155425000000008 35.415000000000013 24.870000000000001 10.380000000000001 11.432500000000003 -0.74500000000000088 10.842500000000003 8.3075000000000028 34.500000000000007 21.977500000000003 6.910000000000001 32.362500000000004 41.620000000000012 -4.6124999999999998
decision_type=2 2 2 2 2 2 2 2 2 2 2 2 2 2 2 2 2 2 2 2 2 2 2 2 2 2 2 2 2 2
left_child=2 -2 3 -1 6 29 9 8 -7 18 11 -9 14 -14 -12 21 17 -17 19 -5 -21 -15 -22 26 -25 -26 -24 -4 -29 -6
right_child=1 -3 27 4 5 7 -8 10 -10 -11 12 -13 13 15 -16 16 -18 -19 -20 20 22 -23 23 24 25 -27 -28 28 -30 -31
leaf_value=-0.0075897403427573193 0.00087358438872060036 -0.022958657374379323 -0.019107061656153609 -0.055276892384264011 0.0094634955907025031 0.057889311592914362 0.229884945245629 0.01876175237759467 -0.08169246412399743 0.20531366538877288 0.20272532030940058 0.27770105406996753 0.23867910335009751 0.2324081137262542 -0.0041207206504755949 0.18511307819774658 -0.0057990818142799752 0.039913096833038508 -0.034864442658807164 0.18969735822878606 -0.052143789752664274 0.032126006031675002 0.061572765578399025 0.039849885706124563 0.1160076412279159 0.44086125555137801 -0.047888749144004504 0.044583223334539582 -0.016953277557651303 -0.037102205724322733
leaf_weight=1397 2922 2569 1667 67 497 647 22 31 45 24 20 21 22 29 1644 33 429 271 109 43 57 28 303 119 40 24 131 502 660 465
leaf_count=1397 2922 2569 1667 67 497 647 22 31 45 24 20 21 22 29 1644 33 429 271 109 43 57 28 303 119 40 24 131 502 660 465
internal_value=0.000308091 -0.0102765 0.00652612 0.0125283 0.0180165 0.012494 0.0426115 0.020124 0.0488125 0.0381186 0.012271 0.123333 0.0099385 0.0336548 -0.00163459 0.0279452 0.0196963 0.0556749 0.0336251 0.0431473 0.0523445 0.134024 0.0435817 0.052425 0.109088 0.237828 0.0285325 -0.00730288 0.00963134 -0.0130449
internal_weight=14838 5491 9347 6518 5121 4182 939 3220 692 917 2528 52 2476 812 1664 790 733 304 893 784 717 57 674 617 183 64 434 2829 1162 962
internal_count=14838 5491 9347 6518 5121 4182 939 3220 692 917 2528 52 2476 812 1664 790 733 304 893 784 717 57 674 617 183 64 434 2829 1162 962
is_linear=0
shrinkage=0.05


Tree=72
num_leaves=31
num_cat=0
split_feature=9 11 10 5 17 14 19 19 17 11 18 19 18 19 19 8 8 15 10 15 16 10 11 15 9 16 6 17 9 6
split_gain=367.036 282.217 309.551 241.664 240.084 305.482 186.66 255.121 196.932 314.809 208.141 185.601 358.884 252.398 232.738 221.154 306.851 278.236 187.949 248.355 481.049 183.867 396.571 182.023 249.874 187.535 493.389 315.589 311.232 225.985
threshold=293976.0500000001 1.72 17.545000000000005 17.795000000000005 25.462500000000002 59.230000000000011 7.4850000000000003 7.1250000000000027 20.902500000000003 11.760000000000002 2.3675000000000019 0.55250000000000032 -0.49249999999999966 5.0625000000000009 -3.2574999999999998 0.077514500000000389 -0.35279824999999859 11.097500000000002 15.135000000000003 12.937500000000002 24.992500000000003 41.705000000000005 -9.4599999999999973 27.4025 -310639.18999999989 30.027500000000003 6.7736512000000006 11.170000000000002 -80259.488499999992 24.163132000000004
decision_type=2 2 2 2 2 2 2 2 2 2 2 2 2 2 2 2 2 2 2 2 2 2 2 2 2 2 2 2 2 2
left_child=1 3 -3 23 5 21 7 8 9 -4 -10 12 14 18 -5 16 -14 -18 19 20 -13 22 -2 25 -25 29 28 -28 -27 -1
right_child=4 2 6 11 -6 -7 -8 -9 10 -11 -12 13 15 -15 -16 -17 17 -19 -20 -21 -22 -23 -24 24 -26 26 27 -29 -30 -31
leaf_value=-0.00056235117259691907 0.078463329679920882 0.0037291161168522945 -0.024223383106855099 0.15967460405968487 -0.11150961882258591 0.077696388084199527 0.039781214024773554 -0.16610009635332973 -0.019940797708243224 -0.096178723666393628 0.04805242247327049 -0.0080290369266136138 0.085022775688789853 0.08695425733307062 -0.015736871768205773 0.037743841071349031 0.37508067607879642 0.12256856117358741 -0.049487805125694839 -0.042460884068102119 0.26006405486000911 -0.092159061688692021 -0.028064344047870539 -0.15601386265238612 -0.0028611685561420594 0.11321179233260037 0.10897701620946038 -0.00081799822485521898 0.034664290589934511 0.082617947522057117
leaf_weight=5036 95 2775 1115 21 74 77 114 32 337 176 169 44 133 77 190 134 20 24 169 63 27 94 1087 41 76 161 68 1744 582 83
leaf_count=5036 95 2775 1115 21 74 77 114 32 337 176 169 44 133 77 190 134 20 24 169 63 27 94 1087 41 76 161 68 1744 582 83
internal_value=0.000292687 0.00285787 -0.00698761 0.00820136 -0.023815 -0.0190187 -0.0222933 -0.0261623 -0.0236704 -0.0340329 0.0027684 0.0327024 0.0520539 0.00611962 0.00172114 0.0862025 0.122889 0.237347 -0.0144225 0.0298016 0.0939219 -0.0248549 -0.0195025 0.00536476 -0.0565301 0.00630842 0.017372 0.00330234 0.0516847 0.000786343
internal_weight=14838 13411 4718 8693 1427 1353 1943 1829 1797 1291 506 902 522 380 211 311 177 44 303 134 71 1276 1182 7791 117 7674 2555 1812 743 5119
internal_count=14838 13411 4718 8693 1427 1353 1943 1829 1797 1291 506 902 522 380 211 311 177 44 303 134 71 1276 1182 7791 117 7674 2555 1812 743 5119
is_linear=0
shrinkage=0.05


Tree=73
num_leaves=31
num_cat=0
split_feature=9 10 11 17 10 11 4 1 14 14 5 14 17 14 14 15 17 0 7 18 18 9 14 17 0 0 3 15 5 6
split_gain=332.207 306.398 381.016 289.271 277.204 262.446 237.609 322.357 278.218 244.941 252.474 243.135 383.953 1184 532.949 306.435 375.706 380.649 269.634 225.816 246.74 349.173 222.873 214.889 235.502 203.184 202.893 191.938 191.862 184.687
threshold=508668.72500000003 24.615000000000006 -4.1099999999999977 22.415000000000003 15.135000000000003 -15.795 1.0000000180025095e-35 3.5000000000000004 38.672500000000007 31.097500000000007 20.290000000000003 24.870000000000001 14.705000000000002 18.412500000000005 24.16 10.337500000000002 9.5150000000000023 33.500000000000007 66.497280000000003 -0.33250000000000307 0.57249999999999812 1.0000000180025095e-35 36.630000000000003 18.597500000000004 30.500000000000004 35.500000000000007 24.399262000000004 11.317500000000001 14.995000000000003 -4.2765196499999991
decision_type=2 2 2 2 2 2 2 2 2 2 2 2 2 2 2 2 2 2 2 2 2 2 2 2 2 2 2 2 2 2
left_child=1 2 3 19 6 23 -4 11 9 29 -11 12 14 -14 -8 -13 17 -17 -18 -1 -21 -22 -23 24 -3 26 -6 -20 -5 -9
right_child=-2 5 4 28 25 -7 7 8 -10 10 -12 15 13 -15 -16 16 18 -19 27 20 21 22 -24 -25 -26 -27 -28 -29 -30 -31
leaf_value=0.012725675672512758 -0.030398459458893606 0.036229140484912527 -7.2915884089894828e-06 -0.010676991320373017 -0.013893817504898254 -0.016714356748237159 0.037239417834590151 0.09180207717456923 -0.077431351205043658 0.047627364903349768 0.24443149209022522 -0.059199089217387757 0.43984794470447081 0.025968294780856622 0.29626958451810337 0.054282244975634275 0.15892596648585411 0.29771290056837291 0.15384178896551021 0.1151501431918717 0.017246034928786038 0.11456840152322259 -0.0446975071951747 -0.015847838248224243 0.1811956807272509 0.0090063815586849793 0.077375831340830176 -0.0064139647335740473 -0.1584265363989053 -0.0021866113580472301
leaf_weight=601 833 225 1998 118 3405 2872 365 56 93 88 20 96 27 48 21 42 31 26 20 134 473 181 25 190 32 1661 62 284 27 784
leaf_count=601 833 225 1998 118 3405 2872 365 56 93 88 20 96 27 48 21 42 31 26 20 134 473 181 25 190 32 1661 62 284 27 784
internal_value=0.000278052 0.00210265 0.00622427 0.0290684 0.00232222 -0.0111675 0.0121897 0.0243683 0.00509638 0.0131925 0.0840726 0.0452663 0.0714456 0.174965 0.0513317 0.0210807 0.0402044 0.147359 0.0184537 0.0359654 0.0531451 0.0409084 0.09524 0.0244714 0.0542794 -0.00537277 -0.0122617 0.00412918 -0.038189 0.0040793
internal_weight=14838 14005 10686 1559 9127 3319 3999 2001 1041 948 108 960 461 75 386 499 403 68 335 1414 813 679 206 447 257 5128 3467 304 145 840
internal_count=14838 14005 10686 1559 9127 3319 3999 2001 1041 948 108 960 461 75 386 499 403 68 335 1414 813 679 206 447 257 5128 3467 304 145 840
is_linear=0
shrinkage=0.05


Tree=74
num_leaves=31
num_cat=0
split_feature=9 10 19 19 19 6 8 1 18 16 9 1 10 13 3 17 14 18 14 14 15 5 12 16 17 0 3 6 19 8
split_gain=304.282 244.846 238.783 474.986 509.472 575.607 506.386 237.38 266.646 282.334 263.587 305.988 274.268 224.652 239.39 215.11 278.575 211.788 207.671 205.24 198.51 197.365 195.22 194.444 278.778 190.848 194.461 184.154 182.947 180.477
threshold=293976.0500000001 17.285000000000004 -6.5849999999999991 -5.7549999999999972 -5.8674999999999988 22.449845000000003 1.0000000180025095e-35 2.5000000000000004 -5.4775 57.857500000000009 -828160.24999999965 4.5000000000000009 43.805000000000007 11.495000000000003 4.6284943500000013 25.462500000000002 59.832500000000003 -0.25249999999999945 34.057500000000005 7.3325000000000005 5.4800000000000013 18.005000000000006 23.640000000000004 18.005000000000003 16.885000000000002 25.500000000000004 7.521957500000001 6.6294860000000009 -1.78 -0.13050834999999991
decision_type=2 2 2 2 2 2 2 2 2 2 2 2 2 2 2 2 2 2 2 2 2 2 2 2 2 2 2 2 2 2
left_child=1 2 -1 4 5 -4 -6 8 9 25 11 17 13 22 28 16 -2 18 -9 -5 -21 -10 23 24 -12 27 -27 -3 -15 -23
right_child=15 7 3 19 6 -7 -8 10 21 -11 12 -13 -14 14 -16 -17 -18 -19 -20 20 -22 29 -24 -25 -26 26 -28 -29 -30 -31
leaf_value=-0.034809958153503122 -0.022603306855840364 0.12884949251908709 -0.0088276099744383427 -0.12503597914640394 0.41833673474334532 0.23899496719241142 0.075076076727021823 -0.002552627606524362 -0.0012715445920000812 -0.02943409584054001 -0.028642825901779641 -0.0085829107339183489 -0.14579846834620605 -0.071782704997299759 -0.0043677017332857141 -0.10469433393555921 0.077175666779481081 0.2494237141116806 0.19839608430862429 0.13684648851593656 0.0099463983126963328 0.12154842340678443 -0.17355054982006551 -0.01215298186295468 -0.13037354884646743 0.030728390042250066 0.15176465946323192 0.001976710188365172 0.082114056877414632 0.0023356292145474563
leaf_weight=278 1279 37 107 28 21 30 22 36 2896 98 357 105 39 22 477 74 74 23 20 31 5235 64 20 2889 83 51 95 126 158 63
leaf_count=278 1279 37 107 28 21 30 22 36 2896 98 357 105 39 22 477 74 74 23 20 31 5235 64 20 2889 83 51 95 126 158 63
internal_value=0.00026415 0.00259977 0.0103956 0.0126914 0.0925669 0.0454401 0.242715 -0.003255 0.00651912 0.0445129 -0.0111825 0.0473455 -0.0138448 -0.0125602 0.0141726 -0.0216861 -0.0171461 0.121681 0.0692148 0.00997556 0.0106934 0.00140385 -0.0178046 -0.0168689 -0.0478329 0.0679653 0.109485 0.0307761 0.0633045 0.0624114
internal_weight=14838 13411 5752 5474 180 137 43 7659 3430 407 4229 184 4045 4006 657 1427 1353 79 56 5294 5266 3023 3349 3329 440 309 146 163 180 127
internal_count=14838 13411 5752 5474 180 137 43 7659 3430 407 4229 184 4045 4006 657 1427 1353 79 56 5294 5266 3023 3349 3329 440 309 146 163 180 127
is_linear=0
shrinkage=0.05


Tree=75
num_leaves=31
num_cat=0
split_feature=10 16 17 16 17 9 4 16 16 14 16 3 18 18 15 10 8 12 19 4 6 17 19 6 14 16 13 19 3 5
split_gain=302.251 329.09 330.247 395.512 445.704 815.735 303.269 298.903 278.528 266.357 399.149 294.969 348.734 361.637 258.347 439.637 295.218 251.711 251.254 274.34 436.519 360.433 359.421 340.67 261.429 564.465 247.008 251.586 243.534 412.029
threshold=8.9250000000000025 9.5150000000000023 11.445000000000002 31.637500000000003 11.317500000000001 -1.0000000180025095e-35 612781.07500000007 25.075000000000003 24.992500000000003 20.232500000000005 54.147500000000008 15.774017000000002 -4.1449999999999987 -24.510000000000002 12.270000000000001 13.805000000000001 -1.0205536499999999 23.005000000000006 0.89750000000000008 1.0000000180025095e-35 -2.7301330499999996 11.987500000000002 0.54749999999999954 -4.4078521499999992 16.550000000000001 15.330000000000002 15.875000000000002 -0.9900000000000001 22.844757000000005 20.100000000000005
decision_type=2 2 2 2 2 2 2 2 2 2 2 2 2 2 2 2 2 2 2 2 2 2 2 2 2 2 2 2 2 2
left_child=17 -2 3 4 7 -6 18 8 28 10 -8 12 13 -11 15 16 -9 -1 19 26 23 22 -22 -21 -20 -26 -4 -28 -3 -30
right_child=1 2 6 -5 5 -7 9 14 -10 11 -12 -13 -14 -15 -16 -17 -18 -19 24 20 21 -23 -24 -25 25 -27 27 -29 29 -31
leaf_value=0.034680903627847634 -0.072056091428728583 0.0051071833818344117 -0.0023203464350520136 0.068726137823603234 0.39515443914569914 0.043498503568364266 -0.046576742939814404 0.0070670798420906069 0.14795310614924681 -0.080339237253388596 0.12569565300430571 0.014801906094998747 -0.030023562096631748 0.04295058264860023 -0.065710839662859413 -0.020692928030609712 0.20167786374688151 0.18190574480427638 -0.065857575098052623 0.057368217136811561 0.23920405738883549 0.015427473124848413 -0.02515829961746931 0.29353532614902805 0.24017512901969582 -0.0087457214515386569 -0.022876060851831428 0.15737687860216415 0.035385379266544163 0.24362543574892559
leaf_weight=150 161 1984 2996 293 20 94 855 38 38 72 35 924 1586 342 235 504 40 36 200 37 36 1400 20 26 23 2326 32 49 275 26
leaf_count=150 161 1984 2996 293 20 94 855 38 38 72 35 924 1586 342 235 504 40 36 200 37 36 1400 20 26 23 2326 32 49 275 26
internal_value=-0.000161433 -0.000964649 -0.000175616 0.0130852 0.00807512 0.105193 -0.00446762 0.0045492 0.0136979 -0.015852 -0.039802 -0.00856215 -0.0193563 0.0215089 -0.0214634 -0.0035972 0.106867 0.063176 0.00160935 0.00859201 0.0259784 0.0204029 0.144789 0.154834 -0.0109808 -0.00630844 8.99421e-06 0.0861658 0.0114652 0.0533729
internal_weight=14853 14667 14506 3547 3254 114 10959 3140 2323 3814 890 2924 2000 414 817 582 78 186 7145 4596 1519 1456 56 63 2549 2349 3077 81 2285 301
internal_count=14853 14667 14506 3547 3254 114 10959 3140 2323 3814 890 2924 2000 414 817 582 78 186 7145 4596 1519 1456 56 63 2549 2349 3077 81 2285 301
is_linear=0
shrinkage=0.05


Tree=76
num_leaves=31
num_cat=0
split_feature=11 4 8 10 0 19 5 18 18 8 15 13 9 17 17 3 8 19 19 0 17 17 18 18 15 15 0 19 8 17
split_gain=381.057 235.655 238.583 229.833 551.759 280.852 227.733 208.641 355.726 244.126 207.431 260.824 213.82 403.732 291.582 398.924 215.652 214.507 255.951 207.232 323.045 1307.36 337.951 622.842 367.279 351.094 364.431 322.023 264.22 197.361
threshold=1.72 2482083.2500000005 2.6741941500000017 8.9250000000000025 37.500000000000007 2.1150000000000007 18.085000000000004 16.120000000000001 14.622499999999999 -3.4223023499999994 27.4025 9.8750000000000018 -299203.04999999987 22.865000000000006 8.8400000000000016 1.7019806000000002 2.0960848500000013 3.4225000000000017 2.2325000000000004 28.500000000000004 12.830000000000004 12.632500000000002 -2.6074999999999968 -0.94999999999999918 13.487500000000002 12.270000000000001 36.500000000000007 6.620000000000001 1.9488524 10.060000000000002
decision_type=2 2 2 2 2 2 2 2 2 2 2 2 2 2 2 2 2 2 2 2 2 2 2 2 2 2 2 2 2 2
left_child=1 7 -3 4 5 6 -2 8 9 -1 12 -12 13 14 -11 -16 19 18 -17 -14 21 22 24 -24 25 26 -21 28 -25 -5
right_child=3 2 -4 29 -6 -7 -8 -9 -10 10 11 -13 16 -15 15 17 -18 -19 -20 20 -22 -23 23 27 -26 -27 -28 -29 -30 -31
leaf_value=-0.016067396929845764 0.053785407617688179 -0.049386882683371797 0.11161689555644989 0.010739083946438854 0.27968640364099134 0.13070786334574222 -0.1688197707688367 -0.023311542949241922 0.093440899471264161 -0.068541758174591877 -0.1368787452170542 0.0084299607869439044 0.0048838914970579265 -0.063922641549779238 0.24169010278479808 0.051346730853385793 -0.0093860210879070961 -0.031067069997822029 0.17275602777954191 0.22416906625483979 0.0078190260442194091 0.37593680094799092 -0.05992185805666414 0.033437126568605889 -0.06522330703536193 0.28406477815005932 0.01604257114873878 0.22865655972905785 0.21776445910334585 -0.015922821083155025
leaf_weight=927 20 289 25 817 23 26 27 518 124 47 53 74 2950 86 29 454 1241 69 48 33 1298 29 177 696 26 32 58 23 20 4614
leaf_count=927 20 289 25 817 23 26 27 518 124 47 53 74 2950 86 29 454 1241 69 48 33 1298 29 177 696 26 32 58 23 20 4614
internal_value=-0.000153362 0.00601195 -0.0365681 -0.0105564 0.066133 -0.00115098 -0.0740942 0.00749554 0.00937429 0.00812885 0.0111424 -0.0522107 0.0122422 0.0378585 0.0513874 0.0607818 0.00938986 0.0515938 0.0629556 0.0137517 0.0246881 0.0447029 0.0356834 0.0243236 0.105519 0.141611 0.091517 0.0445015 0.0385859 -0.011912
internal_weight=14853 9326 314 5527 96 73 47 9012 8494 8370 7443 127 7316 733 647 600 6583 571 502 5342 2392 1094 1065 916 149 123 91 739 716 5431
internal_count=14853 9326 314 5527 96 73 47 9012 8494 8370 7443 127 7316 733 647 600 6583 571 502 5342 2392 1094 1065 916 149 123 91 739 716 5431
is_linear=0
shrinkage=0.05


Tree=77
num_leaves=31
num_cat=0
split_feature=11 10 19 17 11 14 3 17 14 18 18 18 18 5 10 0 19 6 14 14 10 14 6 3 15 3 17 14 7 18
split_gain=343.904 217.469 264.091 272.247 226.217 217.037 211.028 351.512 253.978 223.52 759.821 352.977 405.47 360.073 207.424 497.962 253.469 205.92 198.809 288.643 189.287 268.645 197.774 199.619 361.396 716.669 199.744 227.769 297.097 257.098
threshold=1.72 29.785000000000004 0.30500000000000066 18.597500000000004 -15.795 42.065000000000005 1.1486816500000001 8.6300000000000008 12.097500000000002 1.3500000000000016 1.2775000000000027 4.3699999999999983 6.1950000000000021 18.925000000000004 8.9250000000000025 37.500000000000007 2.1150000000000007 5.0438385000000006 12.097500000000002 13.430000000000001 11.335000000000003 28.040000000000003 1.5795135500000002 8.7780300000000029 11.317500000000001 5.2215117000000006 10.060000000000002 32.007500000000007 1275840.7000000002 -0.33250000000000307
decision_type=2 2 2 2 2 2 2 2 2 2 2 2 2 2 2 2 2 2 2 2 2 2 2 2 2 2 2 2 2 2
left_child=1 6 3 4 -3 -4 7 8 -1 10 18 -11 13 -13 15 16 17 -2 -8 -20 21 -21 -22 24 25 -24 -26 28 -28 -29
right_child=14 2 5 -5 -6 -7 9 -9 -10 11 -12 12 -14 -15 -16 -17 -18 -19 19 20 22 -23 23 -25 26 -27 27 29 -30 -31
leaf_value=0.0990650702660021 0.0411758455363187 0.077106095337451011 -0.059220310651735233 -0.019447855259063264 0.0044813956230534717 0.0072281653782113476 -0.09641330549493432 -0.014978649901219316 0.013105702874925185 -0.021942525960793345 0.25467263582694744 0.053537789880618705 0.0042469105379361856 0.27253663589246574 -0.011316398658931951 0.26570208376354498 0.12417247051802965 -0.16856692159175873 0.15355178009514223 0.19724959271649523 -0.026899351548656761 0.020252784261620554 0.019200342282762423 0.01156078890022934 0.16136067943840193 0.38544591089541264 0.016765995254281334 0.031031881111849974 -0.15952946436405183 0.12727832526205948
leaf_weight=114 22 177 392 546 272 179 36 1666 349 904 35 305 1235 20 5431 23 26 25 41 36 228 53 34 1767 29 22 542 217 25 102
leaf_count=114 22 177 392 546 272 179 36 1666 349 904 35 305 1235 20 5431 23 26 25 41 36 228 53 34 1767 29 22 542 217 25 102
internal_value=-0.000145693 0.00571135 -0.011285 0.00426954 0.0331107 -0.0383897 0.00914129 -0.00426826 0.0342706 0.0142112 0.0229981 0.00291747 0.0173235 0.0670146 -0.0100286 0.0628263 -0.00109343 -0.0703895 0.0204091 0.0217675 0.0199989 0.091847 0.0178429 0.0215687 0.039781 0.163083 0.0322346 0.0280082 0.00899283 0.0618066
internal_weight=14853 9326 1566 995 449 571 7760 2129 463 5631 3167 2464 1560 325 5527 96 73 47 3132 3096 3055 89 2966 2738 971 56 915 886 567 319
internal_count=14853 9326 1566 995 449 571 7760 2129 463 5631 3167 2464 1560 325 5527 96 73 47 3132 3096 3055 89 2966 2738 971 56 915 886 567 319
is_linear=0
shrinkage=0.05


Tree=78
num_leaves=31
num_cat=0
split_feature=11 10 11 19 19 10 0 19 5 0 17 6 3 17 17 4 19 18 18 18 3 8 16 16 10 11 16 10 0 11
split_gain=310.373 210.158 214.794 199.528 239.947 187.2 449.411 228.755 192.201 182.402 178.119 210.495 370.175 242.827 325.265 273.953 273.644 590.927 178.023 281.524 170.628 170.271 228.678 166.037 238.224 165.288 191.53 162.646 228.488 191.67
threshold=1.72 39.610000000000007 -15.795 -0.5575 -2.4999999999999991 8.9250000000000025 37.500000000000007 2.1150000000000007 18.085000000000004 28.500000000000004 10.060000000000002 5.2184447000000009 6.8128508500000011 18.685000000000006 19.020000000000003 25.088930000000005 -5.2300000000000013 -1.2675000000000016 16.120000000000001 14.622499999999999 2.0039062500000004 -3.4223023499999994 15.450000000000001 18.185000000000002 21.665000000000003 12.565000000000003 20.985000000000003 17.285000000000004 9.5000000000000018 -5.6849999999999978
decision_type=2 2 2 2 2 2 2 2 2 2 2 2 2 2 2 2 2 2 2 2 2 2 2 2 2 2 2 2 2 2
left_child=1 2 9 4 -3 6 7 8 -2 -1 -7 13 25 16 15 -15 17 -12 19 21 -16 22 -4 24 -14 26 -13 28 -23 -29
right_child=5 3 18 -5 -6 10 -8 -9 -10 -11 11 12 23 14 20 -17 -18 -19 -20 -21 -22 27 -24 -25 -26 -27 -28 29 -30 -31
leaf_value=0.029744969205752869 0.050610411614179611 -0.03615874529193424 0.055824967098529812 -0.06352733475864647 0.061042704379024849 0.010767949720386661 0.252416987846727 0.11796384654366053 -0.15389249633859706 0.13627679092223172 0.26735919846428768 0.08704642007360236 -0.01666552530983726 0.038990775974733494 -0.050206519592259281 0.29755897261202335 -0.017761237279431377 -0.031089630402451343 -0.024316356244205806 0.092325539537465459 0.032753123578038959 -0.0026639786697634821 -0.023023619034115851 -0.0097565566144435512 -0.099607318981823734 -0.12433170036923501 -0.05943478961768428 0.018434104352488948 0.028698468346277508 -0.0037326146488546362
leaf_weight=157 20 163 104 209 104 817 23 26 27 54 27 24 248 21 76 20 1164 43 460 97 336 845 794 2111 133 93 318 1434 1857 3048
leaf_count=157 20 163 104 209 104 817 23 26 27 54 27 24 248 21 76 20 1164 43 460 97 336 845 794 2111 133 93 318 1434 1857 3048
internal_value=-0.000138409 0.00542578 0.0071665 -0.0269383 0.00170249 -0.00952716 0.059685 -0.00103876 -0.06687 0.057009 -0.0107506 -0.0145609 -0.0226686 -0.000493714 0.0308153 0.165122 -0.0119872 0.0840263 0.00594914 0.00765132 0.0174499 0.00663506 -0.0138919 -0.0152395 -0.045619 -0.0652276 -0.0491554 0.00920093 0.0188904 0.00335955
internal_weight=14853 9326 8850 476 267 5527 96 73 47 211 5431 4614 2927 1687 453 41 1234 70 8639 8179 412 8082 898 2492 381 435 342 7184 2702 4482
internal_count=14853 9326 8850 476 267 5527 96 73 47 211 5431 4614 2927 1687 453 41 1234 70 8639 8179 412 8082 898 2492 381 435 342 7184 2702 4482
is_linear=0
shrinkage=0.05


Tree=79
num_leaves=31
num_cat=0
split_feature=11 4 8 14 10 19 7 18 18 8 16 8 17 16 13 19 16 17 8 19 10 16 8 6 17 0 16 8 12 6
split_gain=280.112 198.591 208.634 173.303 170.919 180.404 172.037 169.398 289.991 198.458 212.772 160.091 218.582 568.518 283.413 251.349 563.543 245.656 260.951 230.109 220.516 270.723 214.979 204.218 203.004 197.213 194.453 230.69 192.785 206.195
threshold=1.72 2482083.2500000005 2.6741941500000017 7.3325000000000005 27.115000000000006 7.8050000000000006 1496174.5000000002 16.120000000000001 14.622499999999999 -3.4223023499999994 15.450000000000001 2.7186739000000006 13.06 30.027500000000003 14.625000000000002 -0.80999999999999861 28.605000000000008 10.510000000000003 -0.20892310000000022 1.7675000000000003 11.005000000000001 22.225000000000005 0.049453799999999777 23.677231000000003 14.627500000000003 17.500000000000004 12.335000000000001 0.76513634999999913 25.005000000000006 16.443359000000004
decision_type=2 2 2 2 2 2 2 2 2 2 2 2 2 2 2 2 2 2 2 2 2 2 2 2 2 2 2 2 2 2
left_child=1 3 -3 -1 -2 6 -6 8 9 10 -5 12 13 15 28 16 23 -15 25 22 21 -17 -20 26 -16 -19 -11 -28 29 -14
right_child=4 2 -4 7 5 -7 -8 -9 -10 11 -12 -13 14 17 24 20 -18 18 19 -21 -22 -23 -24 -25 -26 -27 27 -29 -30 -31
leaf_value=-0.12238531677195659 -0.006293065426420049 -0.045921122062319707 0.10463858878612518 0.053033718353925424 -0.022960055951544454 0.083914760068251659 -0.087235452313047301 -0.020867253009465427 0.084488393835002382 -0.043237826148613122 -0.022867853235171029 -0.0095816339621136049 -0.00446394971455168 0.15790697985228053 -0.046509499847888949 0.033371913188602775 0.24795300697442146 0.048077724635746187 0.24458595829020285 0.019473226206000185 0.0013938474255367154 0.22748565396051046 0.095195605353334212 0.15985936450547186 0.10089995830630263 -0.081895698686229423 0.065454006108562113 -0.021555245078623792 -0.12659321937324672 0.023373648318501267
leaf_weight=26 5032 289 25 104 309 29 157 518 124 89 823 900 2526 74 29 82 32 77 29 84 1840 23 142 29 120 47 253 109 29 903
leaf_count=26 5032 289 25 104 309 29 157 518 124 89 823 900 2526 74 29 82 32 77 29 84 1840 23 142 29 120 47 253 109 29 903
internal_value=-0.000131488 0.00515449 -0.0339339 0.00651643 -0.00905081 -0.037085 -0.0446151 0.00688939 0.00858731 0.00745934 -0.0143525 0.0101854 0.0129153 0.0231101 0.00469046 0.0136207 0.0447902 0.0745795 0.0583098 0.0872413 0.0054156 0.0758921 0.120531 0.031246 0.0722095 -0.0011864 0.022976 0.0392551 0.00178116 0.00286686
internal_weight=14853 9326 314 9012 5527 495 466 8986 8468 8344 927 7417 6517 2910 3607 2457 512 453 379 255 1945 105 171 480 149 124 451 362 3458 3429
internal_count=14853 9326 314 9012 5527 495 466 8986 8468 8344 927 7417 6517 2910 3607 2457 512 453 379 255 1945 105 171 480 149 124 451 362 3458 3429
is_linear=0
shrinkage=0.05


Tree=80
num_leaves=31
num_cat=0
split_feature=10 11 11 16 10 16 15 15 14 0 11 14 16 6 5 17 8 16 4 8 3 9 6 17 8 0 19 5 19 16
split_gain=238.147 324.376 248.851 250.753 189.973 216.688 209.877 421.653 841.882 362.619 372.948 298.942 290.77 283.686 283.265 282.029 333.516 431.075 213.739 236.781 215.337 211.782 1950.31 207.208 193.331 170.774 256.927 340.985 324.7 222.177
threshold=26.285000000000004 -6.7349999999999985 -10.919999999999996 57.280000000000008 8.9250000000000025 9.5150000000000023 10.965000000000002 10.535000000000002 26.665000000000003 32.500000000000007 1.7700000000000007 24.870000000000001 34.332500000000003 21.720856000000001 12.835000000000003 5.4800000000000013 1.08747875 12.527500000000002 658371.80000000016 0.62760849999999746 13.181228500000001 -325201.67500000005 0.11947632000000001 12.327500000000002 5.4089966000000018 12.500000000000002 1.0000000180025095e-35 10.465000000000002 -7.0924999999999985 14.350000000000003
decision_type=2 2 2 2 2 2 2 2 2 2 2 2 2 2 2 2 2 2 2 2 2 2 2 2 2 2 2 2 2 2
left_child=1 -1 3 -2 -3 -6 7 11 13 -10 -11 15 14 -9 -13 -7 17 -17 21 20 23 22 -8 -20 -23 -19 27 -27 -29 -30
right_child=2 4 -4 -5 5 6 18 8 9 10 -12 12 -14 -15 -16 16 -18 25 19 -21 -22 24 -24 -25 -26 26 -28 28 29 -31
leaf_value=0.034427990264481532 0.0188425614042853 0.05168985260202863 -0.022153495035486751 -0.078208206462584542 -0.067345447736886985 0.11185809784140942 0.4848284042399863 -0.035443171001710259 0.10993386570316477 0.44777269791811708 0.14242516184225679 -0.010144149256845581 0.072484742755621265 0.071636762903627318 -0.083083313117269436 -0.027181923659099119 -0.033039911659762972 0.0090514427783644578 0.0090833466647275013 0.0034693249495387269 -0.0077323853959575112 0.0026292899324926976 -0.011977968372604146 -0.058998636876944413 -0.036356004333238004 0.019871124538949275 0.014350386618946991 -0.013347368560186246 0.066165715825798763 0.17607392893585994
leaf_weight=770 754 181 2078 73 118 74 23 143 78 20 20 398 71 109 200 311 326 291 136 947 652 5377 140 627 338 149 240 41 68 142
leaf_count=770 754 181 2078 73 118 74 23 143 78 20 20 398 71 109 200 311 326 291 136 947 652 5377 140 627 338 149 240 41 68 142
internal_value=-7.72126e-05 0.00303476 -0.0129215 0.0102758 0.000880324 4.723e-05 0.000775399 0.0129271 0.0624833 0.172702 0.295099 0.00499294 -0.0231803 0.0108731 -0.0345385 0.0164716 0.0119699 0.0237841 -0.00317832 -0.0158818 -0.0288327 0.00192642 0.0581235 -0.0468634 0.000323598 0.0408092 0.0552491 0.0797883 0.115357 0.140485
internal_weight=14895 11990 2905 827 11220 11039 10921 2681 370 118 40 2311 669 252 598 1642 1568 1242 8240 2362 1415 5878 163 763 5715 931 640 400 251 210
internal_count=14895 11990 2905 827 11220 11039 10921 2681 370 118 40 2311 669 252 598 1642 1568 1242 8240 2362 1415 5878 163 763 5715 931 640 400 251 210
is_linear=0
shrinkage=0.05


Tree=81
num_leaves=31
num_cat=0
split_feature=0 6 16 11 18 11 18 14 4 16 5 12 19 8 8 6 2 6 18 19 6 12 3 17 7 9 5 0 17 14
split_gain=234.814 271.424 325.523 286.513 254.793 241.841 224.191 263.923 335.738 219.372 207.648 201.277 180.276 364.217 285.602 395.214 531.651 420.142 533.833 330.877 265.68 316.201 246.1 276.874 349.164 668.146 203.198 192.339 181.313 338.396
threshold=25.500000000000004 6.0148773000000011 30.027500000000003 3.1750000000000003 0.3475000000000002 -6.7349999999999985 -20.547499999999996 28.040000000000003 1.0000000180025095e-35 57.280000000000008 6.1450000000000005 19.205000000000002 0.2050000000000001 5.5838168500000007 0.077514500000000389 7.481720000000001 1.0000000180025095e-35 -0.93603516999999992 -1.2675000000000016 -1.5550000000000004 7.9152525000000011 15.065000000000003 10.480713000000002 12.597500000000002 311534.29500000004 5341.7930000000015 17.915000000000003 34.500000000000007 13.230000000000002 22.950000000000006
decision_type=2 2 2 2 2 2 2 2 2 2 2 2 2 2 2 2 2 2 2 2 2 2 2 2 2 2 2 2 2 2
left_child=1 2 -1 4 6 11 -4 -8 -9 -3 -11 -2 13 14 15 17 20 18 -7 -16 21 -17 26 27 25 -25 -22 -24 29 -19
right_child=5 9 3 -5 -6 12 7 8 -10 10 -12 -13 -14 -15 19 16 -18 28 -20 -21 22 -23 23 24 -26 -27 -28 -29 -30 -31
leaf_value=-0.0038792449884896365 0.023661857571741978 -0.011556369495908743 -0.0060799284944576884 -0.0096025430501050085 0.0011656263228317022 0.23406879546550605 0.18919654139156999 0.0089702161972142636 0.12327637444679618 -0.13420654052070211 -0.028736040296166072 0.10371991521255537 -0.0043352875306934885 0.22568588035181164 -0.030844786366369961 0.027611370403319596 0.26493382070080512 -0.04920028730454605 0.017983573246486136 0.024676807246562543 -0.025918116236224455 0.30877011328935627 0.06326271696703234 0.093894894953187119 0.032790356407659586 0.39691856645402457 0.14171780958771704 -0.054607392782345415 -0.036653010149192145 0.091216422372445885
leaf_weight=2729 728 4300 70 278 168 39 58 118 141 70 140 88 3386 20 646 20 28 82 107 459 188 20 61 136 183 21 20 80 421 90
leaf_count=2729 728 4300 70 278 168 39 58 118 141 70 140 88 3386 20 646 20 28 82 107 459 188 20 61 136 183 21 20 80 421 90
internal_value=-7.33521e-05 -0.00584512 0.00447168 0.0318302 0.0525839 0.00675498 0.0749051 0.0927882 0.0711987 -0.0139933 -0.0638929 0.0322956 0.0032855 0.0131306 0.0114962 0.0257357 0.0511276 -0.000274611 0.075705 -0.00778197 0.0429156 0.168191 0.0356427 0.0552933 0.0797224 0.134427 -0.00979928 -0.00361394 -0.0189812 0.0242736
internal_weight=14895 8072 3562 833 555 6823 387 317 259 4510 210 816 6007 2621 2601 1496 757 739 146 1105 729 40 689 481 340 157 208 141 593 172
internal_count=14895 8072 3562 833 555 6823 387 317 259 4510 210 816 6007 2621 2601 1496 757 739 146 1105 729 40 689 481 340 157 208 141 593 172
is_linear=0
shrinkage=0.05


Tree=82
num_leaves=31
num_cat=0
split_feature=0 6 16 9 1 8 6 18 18 0 3 15 11 8 19 10 14 18 18 10 14 19 19 19 8 12 7 12 8 18
split_gain=211.919 244.96 296.473 312.245 234.783 402.986 395.046 457.443 674.468 1148.21 997.342 306.797 288.536 415.304 271.198 265.272 216.814 251.635 208.482 207.657 210.019 207.397 1245.18 233.118 276.051 461.993 340.668 287.819 270.867 221.765
threshold=25.500000000000004 6.0148773000000011 32.007500000000007 -350837.70000000001 2.5000000000000004 1.4160915499999993 13.892730500000001 -2.3650000000000033 -3.7124999999999937 38.500000000000007 7.4298095000000002 8.6300000000000008 -9.1649999999999991 -0.29951499999999948 3.5200000000000009 33.310000000000009 36.285000000000011 -20.547499999999996 16 19.495000000000001 16.007500000000004 -1.8450000000000004 -1.78 -0.099999999999999631 -0.61880465000000029 23.005000000000006 524713.69000000006 15.385000000000003 5.4089966000000018 6.3600000000000039
decision_type=2 2 2 2 2 2 2 2 2 2 2 2 2 2 2 2 2 2 2 2 2 2 2 2 2 2 2 2 2 2
left_child=1 2 -1 -4 5 6 7 8 14 10 -10 -8 13 -9 -2 -15 17 -5 -13 -3 -21 -6 -23 28 -25 27 -27 29 -24 -26
right_child=4 19 3 16 21 -7 11 12 9 -11 -12 18 -14 15 -16 -17 -18 -19 -20 20 -22 22 23 24 25 26 -28 -29 -30 -31
leaf_value=-0.0032518997888995242 0.0042089307146440996 -0.001116573520519552 0.14453158143319583 -0.011700543509519632 -0.028939589199915253 -0.018197091330108481 -0.011692642734166892 0.0055027139947439237 0.52974014852581364 -0.054536429510034373 0.070778806656599053 0.061230964245828426 -0.010008622678512279 0.28303220553530589 0.19777571901679039 0.068660667334352762 -0.0024236593483389396 0.08390823400327968 0.15523172863053555 -0.096087091931320256 -0.019926970973967981 0.38699804544448857 0.025212916251839169 -0.028892971890574982 0.018238598043872834 0.29255701685324315 0.016799752254571237 -0.045323784578178039 0.21322856292128567 -0.030900166630185973
leaf_weight=2804 190 1971 57 101 592 638 136 120 29 29 20 555 1102 27 20 31 384 216 66 94 2445 21 454 832 1342 24 21 277 20 277
leaf_count=2804 190 1971 57 101 592 638 136 120 29 29 20 555 1102 27 20 31 384 216 66 94 2445 21 454 832 1342 24 21 277 20 277
internal_value=-6.96844e-05 -0.00555286 0.00424809 0.0319921 0.00641723 0.0170035 0.0266629 0.0123424 0.0692767 0.194827 0.342409 0.0563253 -0.000467833 0.0585993 0.0226439 0.168454 0.0228413 0.0534461 0.0712214 -0.0132937 -0.0227466 -0.00170898 0.00322386 0.000741795 -0.0047972 0.00553134 0.16387 0.00177329 0.0331461 0.00983129
internal_weight=14895 8072 3562 758 6823 2963 2325 1568 288 78 49 757 1280 178 210 58 701 317 621 4510 2539 3860 3268 3247 2773 1941 45 1896 474 1619
internal_count=14895 8072 3562 758 6823 2963 2325 1568 288 78 49 757 1280 178 210 58 701 317 621 4510 2539 3860 3268 3247 2773 1941 45 1896 474 1619
is_linear=0
shrinkage=0.05


Tree=83
num_leaves=31
num_cat=0
split_feature=4 11 10 8 8 12 14 13 10 5 0 15 8 1 5 8 19 19 15 6 6 16 19 14 19 9 14 14 6 19
split_gain=216.312 191.412 280.217 251.71 370.901 181.523 181.041 255.62 179.403 175.718 241.925 171.163 169.121 176.24 164.875 160.237 166.813 352.445 195.957 206.684 159.221 259.307 223.342 156.844 177.729 154.827 151.58 388.702 216.909 167.673
threshold=2077842.7000000002 -3.9949999999999997 13.805000000000001 -1.0713656999999996 -0.96824619999999928 30.050000000000004 16.317500000000003 7.1750000000000007 28.795000000000005 14.865 11.500000000000002 25.027500000000003 2.2384184999999999 5.5000000000000009 24.305000000000003 7.8676758000000016 -0.49499999999999916 -0.4000000000000003 6.910000000000001 -0.54483032499999984 22.449845000000003 17.840000000000003 -5.4575000000000005 36.985000000000007 1.7675000000000003 -255207.10499999992 36.520000000000003 34.057500000000005 6.9992980000000005 -2.7549999999999986
decision_type=2 2 2 2 2 2 2 2 2 2 2 2 2 2 2 2 2 2 2 2 2 2 2 2 2 2 2 2 2 2
left_child=1 11 3 9 -5 15 -2 12 14 10 -3 26 13 -8 20 16 -6 -18 -19 -20 -4 22 -22 24 -23 -13 27 -1 -29 -30
right_child=6 2 8 4 5 -7 7 -9 -10 -11 -12 25 -14 -15 -16 -17 17 18 19 -21 21 23 -24 -25 -26 -27 -28 28 29 -31
leaf_value=0.01308493738561806 -0.10082900599209649 -0.024273868965793331 -0.0053020055394460705 0.19272665211990958 -0.0037710877423894709 0.13476947376673873 -0.023662528494850954 0.059478933090181318 -0.032400570471040287 -0.041588229908755589 0.048571058318484572 -0.1159829129872378 0.030513210694283938 -0.099658967785182462 -0.063326215584549636 -0.069240345285748545 0.19234763311105782 0.11123940070505225 -0.009128724537260817 0.034035014073573074 0.24685642716029418 0.005960001031042896 0.032960549720379421 -0.054833411074511396 0.087386855596295485 0.0024181555211544039 -0.0044524858806117172 0.1306029983209791 0.12643507160246373 0.017647879487455387
leaf_weight=1962 66 265 6482 31 573 33 831 103 613 309 200 48 129 84 116 53 32 62 408 866 23 281 26 73 88 65 765 108 46 154
leaf_count=1962 66 265 6482 31 573 33 831 103 613 309 200 48 129 84 116 53 32 62 408 866 23 281 26 73 88 65 765 108 46 154
internal_value=-6.62002e-05 0.00172789 -0.00150507 0.0119435 0.0210851 0.0184601 -0.0203026 -0.015669 -0.00645006 -0.0123632 0.00705728 0.0125462 -0.0230831 -0.0306393 -0.00420607 0.0165352 0.0188774 0.0283639 0.0244361 0.0202118 -0.00322257 0.0242294 0.133361 0.0121311 0.0253789 -0.0478761 0.0147959 0.0212826 0.073503 0.0426689
internal_weight=14895 13682 10534 2832 2058 2027 1213 1147 7702 774 465 3148 1044 915 7089 1994 1941 1368 1336 1274 6973 491 49 442 369 113 3035 2270 308 200
internal_count=14895 13682 10534 2832 2058 2027 1213 1147 7702 774 465 3148 1044 915 7089 1994 1941 1368 1336 1274 6973 491 49 442 369 113 3035 2270 308 200
is_linear=0
shrinkage=0.05


Tree=84
num_leaves=31
num_cat=0
split_feature=4 11 10 17 16 10 6 16 17 19 0 6 14 17 19 12 16 16 8 4 0 16 8 10 8 13 19 9 14 9
split_gain=199.648 197.555 270.518 214.237 194.727 182.533 180.092 154.432 195.525 145.476 134.639 133.514 287.395 289.095 355.25 239.726 234.073 239.951 193.35 228.71 190.004 148.115 144.621 166.184 329.153 165.336 173.381 157.26 352.21 571.251
threshold=2482083.2500000005 -3.9949999999999997 27.405000000000005 22.415000000000003 16.140000000000004 8.9250000000000025 12.248077000000002 9.5150000000000023 5.4800000000000013 7.8050000000000006 38.500000000000007 21.962722500000002 29.550000000000004 8.3075000000000028 1.7675000000000003 18.895000000000003 17.840000000000003 14.595000000000001 -1.0713656999999996 274996.15500000009 35.500000000000007 25.327500000000004 7.8676758000000016 13.805000000000001 -0.96824619999999928 11.855000000000002 0.95750000000000057 -10.744101679999998 18.257500000000004 -77271.150000000067
decision_type=2 2 2 2 2 2 2 2 2 2 2 2 2 2 2 2 2 2 2 2 2 2 2 2 2 2 2 2 2 2
left_child=1 3 5 -1 -2 -3 -6 -7 10 -4 -9 18 13 -13 16 -16 17 -15 19 -10 -19 -14 23 24 -20 -25 -27 28 29 -26
right_child=4 2 9 -5 6 7 -8 8 11 -11 -12 12 21 14 15 -17 -18 20 22 -21 -22 -23 -24 25 27 26 -28 -29 -30 -31
leaf_value=0.016959420667635981 -0.13283701688051225 0.050383252246054201 -0.032628770989680977 -0.018953068868626952 -0.050036465193538049 -0.064830314615861542 0.0087596886854107436 0.10764137376977222 -0.0045291796211830316 0.064901825077831751 -0.039938547462224964 -0.042731472588735595 0.018786887496847801 -0.021490934049444542 0.086818356180870998 0.26535606047381527 0.0093444635889874898 0.090915721437583363 0.18970626118006531 -0.037524547716043646 0.26458031847363428 -0.055593972849469125 -0.060329893351856456 -0.0053738977359842734 0.36454953796097211 0.074659640811538946 0.0067977495643057537 0.0052796139180406702 0.02179696015003374 0.030958838269791823
leaf_weight=2854 42 178 866 486 263 93 258 68 1710 40 20 113 108 35 103 23 434 63 27 758 21 176 92 4019 21 132 328 1236 295 33
leaf_count=2854 42 178 866 486 263 93 258 68 1710 40 20 113 108 35 103 23 434 63 27 758 21 176 92 4019 21 132 328 1236 295 33
internal_value=-6.28902e-05 0.00108443 -0.00215147 0.0117338 -0.0292695 0.000199429 -0.0209205 -0.000702137 -9.45039e-05 -0.0283228 0.0741005 -0.000765745 0.0158443 0.0313182 0.0436416 0.119409 0.0263783 0.0885016 -0.00283168 -0.0146631 0.134332 -0.0273083 0.00189093 0.00283073 0.0165974 -0.0021239 0.0262712 0.0136485 0.0432874 0.160689
internal_weight=14895 14332 10992 3340 563 10086 521 9908 9815 906 88 9727 1076 792 679 126 553 119 8651 2468 84 284 6183 6091 1612 4479 460 1585 349 54
internal_count=14895 14332 10992 3340 563 10086 521 9908 9815 906 88 9727 1076 792 679 126 553 119 8651 2468 84 284 6183 6091 1612 4479 460 1585 349 54
is_linear=0
shrinkage=0.05


Tree=85
num_leaves=31
num_cat=0
split_feature=10 19 11 19 10 8 5 6 8 8 0 14 14 15 0 18 12 0 19 12 6 5 14 19 18 18 10 9 18 11
split_gain=216.876 284.686 247.922 242.742 220.354 212.648 214.539 305.959 205.727 159.851 152.74 189.494 165.82 230.212 232.949 146.983 159.768 146.719 211.125 201.889 166.023 233.611 145.822 145.62 140.296 264.099 139.125 216.139 147.964 248.81
threshold=39.610000000000007 -0.68250000000000088 -2.5199999999999982 -2.4999999999999991 15.135000000000003 -1.0205536499999999 14.995000000000003 24.163132000000004 -0.96824619999999928 7.0139007500000012 9.5000000000000018 22.985000000000003 15.575000000000001 15.932500000000001 29.500000000000004 10.9725 30.050000000000004 26.500000000000004 5.0625000000000009 23.640000000000004 23.791489000000002 12.155000000000003 12.475000000000003 5.910000000000001 16.120000000000001 15.672500000000001 22.305000000000003 -805408.74999999988 3.02 -9.1649999999999991
decision_type=2 2 2 2 2 2 2 2 2 2 2 2 2 2 2 2 2 2 2 2 2 2 2 2 2 2 2 2 2 2
left_child=2 3 24 -2 5 6 7 10 -7 15 -4 12 -12 14 -14 16 -10 18 22 20 -19 -22 -6 -17 25 26 27 -1 -29 -30
right_child=1 -3 4 -5 17 8 -8 -9 9 -11 11 -13 13 -15 -16 23 -18 19 -20 -21 21 -23 -24 -25 -26 -27 -28 28 29 -31
leaf_value=0.14338552753130596 -0.034406557726632259 -0.07127210126497302 -0.027175330241395845 0.065262284690514205 -0.076884878068813126 0.15365234978067188 -0.040959171315855497 0.19233009157081446 0.016366104397956154 -0.043136674263364372 0.0015757034155162606 -0.024426603606843858 0.086368894207407731 -0.0031880305653127529 0.27828447137560164 0.0023673483450916046 0.12711769687117672 -0.00099557088431159323 0.025101638051470993 -0.094468346265912592 -0.034260750681694062 0.18634948981260616 -0.018624258096218805 -0.10181063443568408 -0.020888664852865099 0.11162156180396457 0.003161378615031712 0.011326660307349412 0.191164135798398 0.0348548253640888
leaf_weight=36 157 241 317 100 112 26 409 21 2461 124 111 152 64 48 21 98 33 2946 273 57 21 28 2616 51 312 68 2030 1365 27 446
leaf_count=36 157 241 317 100 112 26 409 21 2461 124 111 152 64 48 21 98 33 2946 273 57 21 28 2616 51 312 68 2030 1365 27 446
internal_value=0.000201701 -0.0322333 0.00133339 0.00437509 -0.00298214 0.00622719 -0.0119399 0.0042302 0.0136618 0.0123464 -0.00130991 0.0193955 0.0466945 0.0843501 0.133783 0.0149495 0.0178315 -0.00897055 -0.0168209 -0.00125142 0.000522657 0.0918022 -0.0210162 -0.0332909 0.0113959 0.0139319 0.0122303 0.0220541 0.0196777 0.0437773
internal_weight=14771 498 14273 257 9989 3936 1143 734 2793 2767 713 396 244 133 85 2643 2494 6053 3001 3052 2995 49 2728 149 4284 3972 3904 1874 1838 473
internal_count=14771 498 14273 257 9989 3936 1143 734 2793 2767 713 396 244 133 85 2643 2494 6053 3001 3052 2995 49 2728 149 4284 3972 3904 1874 1838 473
is_linear=0
shrinkage=0.05


Tree=86
num_leaves=31
num_cat=0
split_feature=4 16 8 18 6 6 15 7 8 1 16 5 0 16 9 16 15 16 15 17 10 11 14 7 8 17 16 4 10 11
split_gain=200.618 206.389 194.587 213.133 381.889 319.588 250.155 191.215 179.893 177.867 226.835 176.498 168.366 172.971 341.521 296.117 273.109 336.196 306.043 208.068 223.653 185.095 186.464 183.741 176.139 376.732 520.454 423.102 180.809 202.893
threshold=612781.07500000007 9.5150000000000023 -0.28501935000000106 -4.1449999999999987 14.714584 17.706894000000002 24.645000000000003 180624.72500000001 -5.8568112999999986 2.5000000000000004 14.595000000000001 2.9700000000000006 6.5000000000000009 38.435000000000009 -828160.24999999965 31.097500000000007 21.787500000000005 32.092500000000008 16.022500000000004 10.630000000000003 20.885000000000002 -8.8949999999999978 40.017500000000005 836738.97500000009 2.0960848500000013 18.685000000000006 19.402500000000003 29897.582500000004 21.405000000000005 -3.605
decision_type=2 2 2 2 2 2 2 2 2 2 2 2 2 2 2 2 2 2 2 2 2 2 2 2 2 2 2 2 2 2
left_child=1 -1 -2 4 11 6 7 -5 -3 10 -7 -4 -10 14 -14 24 17 18 -17 20 -19 -21 -23 -15 28 -26 27 -27 29 -16
right_child=2 8 3 5 -6 9 -8 -9 12 -11 -12 -13 13 23 15 16 -18 19 -20 21 -22 22 -24 -25 25 26 -28 -29 -30 -31
leaf_value=-0.056728847624788831 -0.019318833389738582 -0.028543985184017739 0.12842634878782691 0.084306092570359648 -0.017198358664965125 -0.045091001299165545 0.036143875593518719 -0.030973328683338915 -0.0058276005223884698 -0.0074877836203341291 0.058177598691449839 0.040868163951410935 0.16140207760767319 -0.0029821035487450579 0.05631759726115472 0.26149687405788535 -0.040882720895266789 0.058414172567427161 0.06682088687890568 0.1036458599328374 0.26319458067417145 0.010274889375318156 0.096512606111683052 -0.10594059225171804 -0.028622739483624222 0.050059389614540595 0.009168447639174666 0.36047607830592565 -0.0029832954673937907 0.014911926767273096
leaf_weight=136 2139 377 69 37 321 63 173 1294 2074 328 341 347 39 1170 339 33 96 40 52 75 20 535 71 45 745 23 211 21 1232 2325
leaf_count=136 2139 377 69 37 321 63 173 1294 2074 328 341 347 39 1170 339 33 96 40 52 75 20 535 71 45 745 23 211 21 1232 2325
internal_value=0.000191616 0.00443077 -0.00781816 0.000456294 0.0237748 -0.00722962 -0.0204171 -0.0277687 0.0053042 0.0198659 0.0420738 0.055391 0.00669943 0.0103732 0.0139347 0.0129462 0.03894 0.0482172 0.142401 0.0374134 0.126674 0.029549 0.0203786 -0.00679538 0.00805115 -0.010668 0.0417879 0.198213 0.0128559 0.0201809
internal_weight=14771 9659 5112 2973 737 2236 1504 1331 9523 732 404 416 9146 7072 5857 5818 922 826 85 741 60 681 606 1215 4896 1000 255 44 3896 2664
internal_count=14771 9659 5112 2973 737 2236 1504 1331 9523 732 404 416 9146 7072 5857 5818 922 826 85 741 60 681 606 1215 4896 1000 255 44 3896 2664
is_linear=0
shrinkage=0.05


Tree=87
num_leaves=31
num_cat=0
split_feature=10 19 17 14 0 18 18 18 9 1 18 10 0 6 5 18 18 17 19 9 19 10 12 14 6 6 13 8 18 4
split_gain=192.076 248.175 213.729 191.492 143.143 134.04 300.263 633.612 626.566 439.381 711.141 640.297 590.048 367.541 329.779 255.924 808.885 306.141 540.3 1446.82 328.748 289.745 253.907 360.793 373.918 504.093 307.276 229.267 233.488 227.564
threshold=39.610000000000007 -0.68250000000000088 18.297500000000003 7.3325000000000005 31.500000000000004 -3.6324999999999998 -1.0125 0.2899999999999992 -325201.67500000005 1.0000000180025095e-35 -1.7250000000000012 16.775000000000002 11.500000000000002 4.5524597500000015 15.215000000000002 4.3699999999999983 4.5024999999999995 11.987500000000002 2.8450000000000002 -310639.18999999989 -1.9474999999999996 15.905000000000003 16.665000000000003 26.332500000000003 7.581329300000001 4.2221070000000003 16.275000000000002 1.3860013500000015 6.3600000000000039 936967.35000000021
decision_type=2 2 2 2 2 2 2 2 2 2 2 2 2 2 2 2 2 2 2 2 2 2 2 2 2 2 2 2 2 2
left_child=3 2 -2 4 -1 -5 9 8 13 10 11 12 -7 -8 -11 17 21 18 20 -20 -9 -17 26 -24 25 -25 -10 28 -18 -15
right_child=1 -3 -4 5 -6 6 7 15 22 14 -12 -13 -14 29 -16 16 27 -19 19 -21 -22 -23 23 24 -26 -27 -28 -29 -30 -31
leaf_value=-0.12068271374160594 0.067026570956857698 -0.066791745344939146 -0.029064703711512443 0.010599805334918184 0.027861721173900629 0.071165824149336129 0.34201945435433162 0.10160109218209984 0.0072190976450495024 -0.015090539196553111 -0.027672840824657631 -0.023145591795244919 0.4167299379905065 0.008614834376117762 -0.067829043315130427 0.2516026105950861 0.040380118464815887 -0.02035770513796659 0.48525053024291992 0.039226591595448557 -0.009397081705265908 0.084777534933055981 -0.0051196923489275747 0.26932438645097945 0.32968350421814696 0.0047247476151420012 0.12731521639384721 -0.024841085365433405 0.0022109744548739741 0.1776856199062119
leaf_weight=55 88 241 169 3246 23 21 21 70 812 1507 110 28 30 34 369 34 497 2727 20 200 1418 111 71 27 21 54 57 595 2067 48
leaf_count=55 88 241 169 3246 23 21 21 70 812 1507 110 28 30 34 369 34 497 2727 20 200 1418 111 71 27 21 54 57 595 2067 48
internal_value=0.000182035 -0.0303422 0.00383815 0.00124706 -0.0768811 0.00167636 -0.000969128 0.00302286 0.0377379 -0.0181434 0.0545201 0.168966 0.274439 0.155381 -0.0254639 -0.00211329 0.00842111 -0.00996124 0.00663779 0.0797742 -0.00417539 0.123895 0.026109 0.0814263 0.141669 0.0929246 0.0150965 0.00312078 0.0096096 0.107583
internal_weight=14771 498 257 14273 78 14195 10949 8884 1145 2065 189 79 51 103 1876 7739 3304 4435 1708 220 1488 145 1042 173 102 81 869 3159 2564 82
internal_count=14771 498 257 14273 78 14195 10949 8884 1145 2065 189 79 51 103 1876 7739 3304 4435 1708 220 1488 145 1042 173 102 81 869 3159 2564 82
is_linear=0
shrinkage=0.05


Tree=88
num_leaves=31
num_cat=0
split_feature=0 7 0 3 8 8 17 14 16 16 8 5 11 13 11 12 14 1 8 19 18 8 3 17 3 6 16 19 19 19
split_gain=176.95 220.554 227.93 213.88 182.556 181.708 152.53 202.039 288.863 320.183 199.084 184.42 177.046 168.653 157.046 157.007 156.512 151.947 277.542 268.987 243.431 410.682 321.253 293.25 449.527 379.168 245.882 235.515 360.485 389.079
threshold=25.500000000000004 31042.845500000003 8.5000000000000018 0.83123780000000014 -5.3720394999999987 5.4089966000000018 16.197500000000002 36.285000000000011 34.77000000000001 27.547500000000003 0.62760849999999746 9.2950000000000017 -9.4599999999999973 9.4050000000000029 -3.2149999999999994 13.715000000000002 38.435000000000009 2.5000000000000004 1.4160915499999993 0.91750000000000054 -2.3650000000000033 -2.353607199999999 15.436355500000003 14.705000000000002 22.933349500000002 22.449845000000003 34.332500000000003 -1.8450000000000004 -0.099999999999999631 -0.032499999999998856
decision_type=2 2 2 2 2 2 2 2 2 2 2 2 2 2 2 2 2 2 2 2 2 2 2 2 2 2 2 2 2 2
left_child=1 2 3 -1 -2 -4 7 8 9 15 13 -11 -10 -8 -13 -3 -9 18 20 -20 21 -6 26 -24 25 -25 -22 -19 -29 -30
right_child=4 6 5 -5 17 -7 10 16 12 11 -12 14 -14 -15 -16 -17 -18 27 19 -21 22 -23 23 24 -26 -27 -28 28 29 -31
leaf_value=-0.030830263836177863 -0.032027903600380971 0.012364672532452669 0.026439934175540719 0.0027898916067803318 0.23375792117440142 -0.049302860763581362 -0.043487686169778036 -0.094031800975733743 0.14842751667250034 -0.076110561268947038 -0.0031383096812679042 0.11861883229797794 0.033258348320502999 0.032455449676895634 -0.024548512768564287 -0.041971673733350083 -0.014615001392144805 -0.028372732174161371 0.010875106958647266 -0.060594758443562463 -0.0076219982944151958 0.046227238254828586 0.019783991378904887 0.10593184982960401 -0.022942449796502874 0.32185761655370393 0.051945829456363106 0.046590139008884222 -0.11346051074514114 0.002793329816955778
leaf_weight=604 299 1234 1157 2182 32 85 980 103 43 211 679 21 149 79 218 149 156 563 389 199 968 333 330 133 59 24 211 481 74 2626
leaf_count=604 299 1234 1157 2182 32 85 980 103 43 211 679 21 149 79 218 149 156 563 389 199 968 333 330 133 59 24 211 481 74 2626
internal_value=0.000172934 -0.00482752 0.00344248 -0.0044989 0.00616217 0.0212562 -0.0131099 -0.00461603 0.000702318 -0.00540954 -0.0242721 -0.0420442 0.0590514 -0.0378224 -0.011969 0.00651065 -0.0461977 0.00794025 0.017034 -0.0133128 0.0255718 0.0626683 0.0177224 0.0494297 0.0947218 0.13894 0.00303857 0.00143569 0.00671143 -0.000392887
internal_weight=14771 8050 4028 2786 6721 1242 4022 2284 2025 1833 1738 450 192 1059 239 1383 259 6422 2678 588 2090 365 1725 546 216 157 1179 3744 3181 2700
internal_count=14771 8050 4028 2786 6721 1242 4022 2284 2025 1833 1738 450 192 1059 239 1383 259 6422 2678 588 2090 365 1725 546 216 157 1179 3744 3181 2700
is_linear=0
shrinkage=0.05


Tree=89
num_leaves=31
num_cat=0
split_feature=14 10 11 11 10 8 6 7 5 8 13 19 17 16 16 16 18 18 12 13 12 13 17 18 16 8 19 16 15 14
split_gain=170.529 175.228 222.872 165.945 148.158 177.608 181.673 218.13 181.908 180.526 143.539 146.892 138.672 241.107 239.458 198.127 135.103 202.193 142.152 142.546 235.167 177.887 217.901 151.392 133.887 131.95 131.931 131.763 225.966 208.304
threshold=7.3325000000000005 29.595000000000002 -2.5199999999999982 -15.795 15.135000000000003 -1.0205536499999999 22.763412500000005 378931.86500000005 14.995000000000003 -0.96824619999999928 11.035000000000002 0.95750000000000057 9.5150000000000023 12.640000000000002 27.317500000000006 13.430000000000001 4.3699999999999983 4.5024999999999995 23.640000000000004 1.0000000180025095e-35 3.0050000000000003 6.8350000000000009 13.387500000000003 -7.3875000000000002 57.280000000000008 0.90650958749999999 0.33750000000000041 38.857500000000009 17.802500000000006 56.527500000000011
decision_type=2 2 2 2 2 2 2 2 2 2 2 2 2 2 2 2 2 2 2 2 2 2 2 2 2 2 2 2 2 2
left_child=-1 2 -2 24 5 6 8 -8 -4 -7 16 -12 14 -14 -11 -15 18 -18 19 20 -6 22 -21 -22 26 -16 -3 28 -19 -29
right_child=1 3 4 -5 10 9 7 -9 -10 12 11 -13 13 15 25 -17 17 27 -20 21 23 -23 -24 -25 -26 -27 -28 29 -30 -31
leaf_value=-0.073570448551804599 0.013659360337027457 0.036978135938989 -0.0029837571337079033 -0.02206864775745164 0.09012023805961257 0.1440731482114643 0.19775044029578567 0.017304739379550068 -0.048738265064446333 0.025177038505490263 0.04512864178903387 -0.0014798105697039245 -0.05747203512633179 0.14031122213807598 0.24334155634045601 0.0087074328129392448 0.096168790629197809 -0.010626270768780789 -0.10707315388831265 0.043512250063940883 0.067227374833254583 -0.017076652276046152 -0.083094243101149268 -0.011302837175184764 -0.085379680409096187 0.061716622933745385 -0.029372944500805305 -0.16431329157845728 0.040883446723671148 -0.013676468359104053
leaf_weight=78 3378 308 672 1423 61 26 20 103 321 478 248 531 139 29 20 2067 58 621 41 40 63 831 226 2375 32 20 99 29 324 110
leaf_count=78 3378 308 672 1423 61 26 20 103 321 478 248 531 139 29 20 2067 58 621 41 40 63 831 226 2375 32 20 99 29 324 110
internal_value=0.000164287 0.000555719 0.00263578 -0.0137779 -0.00130346 0.00617399 -0.0106744 0.0466455 -0.0177745 0.01294 -0.0065436 0.0133583 0.0117016 0.00629918 0.0350112 0.0105283 -0.00978771 0.00521507 -0.0144985 -0.013443 -0.00684737 -0.0284681 -0.0640557 -0.00927355 0.0130961 0.152529 0.0208387 0.000348548 0.0070342 -0.0451043
internal_weight=14771 14693 12831 1862 9453 3895 1116 123 993 2779 5558 779 2753 2235 518 2096 4779 1142 3637 3596 2499 1097 266 2438 439 40 407 1084 945 139
internal_count=14771 14693 12831 1862 9453 3895 1116 123 993 2779 5558 779 2753 2235 518 2096 4779 1142 3637 3596 2499 1097 266 2438 439 40 407 1084 945 139
is_linear=0
shrinkage=0.05


Tree=90
num_leaves=31
num_cat=0
split_feature=11 13 13 16 10 10 12 12 6 7 15 0 4 15 9 17 17 19 12 11 15 16 3 6 19 3 16 10 10 3
split_gain=198.653 175.956 177.675 144.072 173.291 144.054 353.603 236.114 163.563 305.973 146.367 141.977 166.1 150.839 277.236 198.665 247.338 361.119 253.378 249.143 272.397 453.826 199.978 218.116 192.382 189.972 186.663 181.379 172.073 199.491
threshold=-0.27999999999999842 17.715000000000003 18.955000000000002 9.5150000000000023 10.285000000000002 8.9250000000000025 23.005000000000006 19.035000000000004 23.677231000000003 118948.762 9.4250000000000025 25.500000000000004 1293157.7000000002 6.2475000000000005 72049.000000000015 8.4800000000000022 11.870000000000003 2.7750000000000008 7.2750000000000012 -9.9299999999999997 10.887500000000001 25.460000000000004 3.0519714500000004 6.4811553000000011 0.54749999999999954 19.413483000000003 21.195000000000004 20.965000000000003 15.975000000000003 8.3331605000000035
decision_type=2 2 2 2 2 2 2 2 2 2 2 2 2 2 2 2 2 2 2 2 2 2 2 2 2 2 2 2 2 2
left_child=1 3 -3 -1 -5 6 7 -2 -7 -10 -11 12 -6 14 -13 26 17 24 -19 22 21 -21 -18 -24 27 -25 -15 28 -17 -30
right_child=5 2 -4 4 11 8 -8 -9 9 10 -12 13 -14 15 -16 16 19 18 -20 20 -22 -23 23 25 -26 -27 -28 -29 29 -31
leaf_value=-0.053103775120689534 0.033364952357034343 0.14100782747069995 0.012416850534252457 0.14932370969936962 0.0043812998296530441 -0.0078596913065374294 0.19841410653858349 -0.14356150331017986 0.22331777423620225 0.13243663931886357 -3.2176637916632419e-05 0.027071306825295762 -0.021450153760359952 0.0017876177690587603 0.23164073432033716 0.019726307909004391 -0.046864988094076833 0.067000993932115616 0.21423371161588212 0.024361869351610357 -0.0066272238316854529 0.24266390619533407 0.13792143942586876 0.018358680858675921 -0.0070654284550497925 0.17157783035350882 -0.10158297377121117 0.014254521379893227 0.07662704777903856 0.24719228615984321
leaf_weight=105 132 48 61 21 2974 7386 29 22 20 24 159 67 787 111 22 40 47 87 44 159 1649 28 74 168 255 23 72 124 40 30
leaf_count=105 132 48 61 21 2974 7386 29 22 20 24 159 67 787 111 22 40 47 87 44 159 1649 28 74 168 255 23 72 124 40 30
internal_value=-7.55215e-05 0.00601106 0.0690441 0.0050192 0.00591379 -0.00558571 0.0382504 0.00808974 -0.00664277 0.0376341 0.0173408 0.00547098 -0.00102401 0.0135064 0.077639 0.0115722 0.0149079 0.0427277 0.116453 0.00687799 -0.000141702 0.0570488 0.0481862 0.0650443 0.0229771 0.0368092 -0.0388828 0.0557157 0.102454 0.149726
internal_weight=14808 7036 109 6927 6822 7772 183 154 7589 203 183 6801 3761 3040 89 2951 2768 620 131 2148 1836 187 312 265 489 191 183 234 110 70
internal_count=14808 7036 109 6927 6822 7772 183 154 7589 203 183 6801 3761 3040 89 2951 2768 620 131 2148 1836 187 312 265 489 191 183 234 110 70
is_linear=0
shrinkage=0.05


Tree=91
num_leaves=31
num_cat=0
split_feature=11 0 10 3 17 8 11 9 18 18 8 9 15 18 4 5 4 16 10 19 14 19 4 11 8 17 17 18 9 17
split_gain=179.285 154.498 196.776 190.566 346.844 260.679 171.231 221.481 159.941 255.778 209.374 191.499 190.44 155.32 158.025 154.272 152.671 139.939 139.15 170.135 157.363 167.676 167.154 141.844 140.505 159.803 161.494 164.193 139.09 138.637
threshold=-0.27999999999999842 32.500000000000007 15.385000000000003 23.270278500000003 11.170000000000002 -0.29951499999999948 -6.7349999999999985 4.9945499999999834 0.57249999999999812 -0.72750000000000081 0.093902700000000131 -73247.579999999944 18.557500000000001 0.30500000000000066 1953772.4000000001 17.215000000000003 1344098.0000000002 29.310000000000006 16.775000000000002 6.3800000000000008 59.832500000000003 7.4850000000000003 1184149.2000000002 35.080000000000005 0.88121049999999956 27.545000000000005 12.327500000000002 8.0350000000000019 -424550.20000000001 22.337500000000002
decision_type=2 2 2 2 2 2 2 2 2 2 2 2 2 2 2 2 2 2 2 2 2 2 2 2 2 2 2 2 2 2
left_child=1 8 3 4 5 -3 7 -4 9 10 -1 -12 13 -11 -15 -13 28 -10 19 23 21 22 -20 -2 25 26 -24 -28 -14 -22
right_child=18 2 6 -5 -6 -7 -8 -9 17 12 11 15 16 14 -16 -17 -18 -19 20 -21 29 -23 24 -25 -26 -27 27 -29 -30 -31
leaf_value=-0.014732466182966598 0.0043528226099263795 0.041132353184123838 0.023387688947000145 -0.067270526476204393 0.03255508963910627 0.24861502046128964 0.0039623376039673646 0.12097649851315458 -0.0016702485136076139 0.081698065592231708 0.048472242462538333 -0.002711448903335115 0.13175307568162681 0.042274112191571053 -0.10282808899258573 0.11326399436841408 -0.13159758445214143 -0.030049601088859252 -0.010374771520749511 -0.03964636203561768 0.10782020769522363 0.036125146029192 -0.0033674048602973165 -0.099749911486199411 -0.0082017499872590188 0.056855323899424437 -0.085848425400855521 -0.010739858036496394 -0.016441227336365143 0.0074981478770283884
leaf_weight=972 3872 24 321 26 142 41 1505 71 1868 255 338 649 20 86 24 30 22 566 2395 243 46 154 114 33 305 33 348 92 76 137
leaf_count=972 3872 24 321 26 142 41 1505 71 1868 255 338 649 20 86 24 30 22 566 2395 243 46 154 114 33 305 33 348 92 76 137
internal_value=-7.17454e-05 0.00571051 0.0169551 0.0603184 0.076344 0.172006 0.0116289 0.0410632 0.000828545 0.00978679 0.00186116 0.0177206 0.0424246 0.0602759 0.0106155 0.00241265 -0.0127934 -0.00826956 -0.00530642 0.000947039 -0.0124641 -0.0148668 -0.0172559 0.00347308 -0.0357315 -0.0500357 -0.0564029 -0.0701439 0.0144326 0.0327157
internal_weight=14808 7036 2130 233 207 65 1897 392 4906 2472 1989 1017 483 365 110 679 118 2434 7772 4148 3624 3441 3287 3905 892 587 554 440 96 183
internal_count=14808 7036 2130 233 207 65 1897 392 4906 2472 1989 1017 483 365 110 679 118 2434 7772 4148 3624 3441 3287 3905 892 587 554 440 96 183
is_linear=0
shrinkage=0.05


Tree=92
num_leaves=31
num_cat=0
split_feature=4 11 16 3 13 6 10 12 5 6 7 17 17 4 8 17 5 18 2 13 8 6 9 6 13 15 8 5 16 3
split_gain=165.616 165.352 159.712 149.447 148.679 167.019 138.01 307.56 228.647 167.567 261.555 131.303 159.657 145.461 163.678 225.11 157.502 141.979 140.485 136.675 130.923 136.857 128.047 718.108 139.627 122.641 121.593 203.624 153.495 161.554
threshold=2482083.2500000005 -0.27999999999999842 16.140000000000004 7.8193360000000007 17.715000000000003 21.653427500000003 8.9250000000000025 23.005000000000006 19.105000000000004 23.677231000000003 118948.762 22.037500000000005 21.837500000000002 612781.07500000007 2.0565643500000004 18.840000000000003 14.905000000000003 2.3675000000000019 1.0000000180025095e-35 7.1550000000000011 6.1252746500000006 -5.7929839999999997 -325201.67500000005 0.11947632000000001 9.1750000000000025 9.4250000000000025 -3.7682493499999992 15.825000000000001 9.5150000000000023 -3.6960753999999993
decision_type=2 2 2 2 2 2 2 2 2 2 2 2 2 2 2 2 2 2 2 2 2 2 2 2 2 2 2 2 2 2
left_child=1 4 -2 -4 20 -6 7 8 -3 11 -11 12 13 22 15 16 18 -13 -15 -17 21 -1 23 -8 -25 -12 27 -23 -28 -30
right_child=2 6 3 -5 5 -7 9 -9 -10 10 25 17 -14 14 -16 19 -18 -19 -20 -21 -22 26 -24 24 -26 -27 28 -29 29 -31
leaf_value=0.086486066593173538 -0.12216942121342916 0.042546908475332344 -0.066023829762707473 -0.003301094634883592 0.03077838380732352 0.17799475446343424 0.31280883422919681 0.18827575976992478 -0.10814235777943396 0.21237607046961787 0.12562933183896047 -0.0039248054389687181 -0.1018338318185314 -0.0048502193264649517 0.013620502670547836 -0.096419404517356422 -0.051610674108346702 0.037067528424828765 -0.076825565273222873 0.0028876213272186844 -0.056355293858463745 -0.0067251435403660785 -0.004745057214791867 0.022771613414145329 -0.1252527174140726 0.0034852330162600206 -0.063477106809590927 -0.11273838129578805 0.0476683384471739 0.0071930614566268897
leaf_weight=53 41 118 128 368 84 25 21 29 32 20 24 566 46 951 299 163 292 337 73 44 84 599 4252 66 21 143 74 49 258 5548
leaf_count=53 41 118 128 368 84 25 21 29 32 20 24 566 46 951 299 163 292 337 73 44 84 599 4252 66 21 143 74 49 258 5548
internal_value=-6.81582e-05 0.000957572 -0.0273274 -0.0194876 0.00661955 0.0645436 -0.00415838 0.0392177 0.0103999 -0.00521937 0.0415027 -0.00644459 -0.00902804 -0.00833748 -0.0202019 -0.0268421 -0.0192182 0.0113736 -0.00998127 -0.0753107 0.00567226 0.00646398 -0.00337944 0.0503852 -0.0129584 0.0210389 0.00581429 -0.0147416 0.00807963 0.00899165
internal_weight=14808 14271 537 496 6774 109 7497 179 150 7318 187 7131 6228 6182 1822 1523 1316 903 1024 207 6665 6581 4360 108 87 167 6528 648 5880 5806
internal_count=14808 14271 537 496 6774 109 7497 179 150 7318 187 7131 6228 6182 1822 1523 1316 903 1024 207 6665 6581 4360 108 87 167 6528 648 5880 5806
is_linear=0
shrinkage=0.05


Tree=93
num_leaves=31
num_cat=0
split_feature=0 11 3 16 6 16 11 14 5 16 8 3 15 9 9 15 17 17 8 3 11 8 16 14 16 16 17 11 17 16
split_gain=158.89 204.19 291.667 237.439 174.391 246.225 218.384 203.058 178.934 168.141 165.496 205.742 194.691 160.3 158.144 152.898 435.124 827.204 281.851 649.222 1010.65 212.454 183.596 164.761 204.056 167.81 177.381 339.191 162.622 853.262
threshold=27.500000000000004 -8.8949999999999978 3.0519714500000004 45.700000000000003 6.0148773000000011 30.027500000000003 3.1750000000000003 36.285000000000011 6.9650000000000007 58.76250000000001 1.3386230000000003 2.8922576500000003 23.242500000000003 473132.15000000008 -278318.83000000002 10.965000000000002 12.632500000000002 12.682500000000003 0.077514500000000389 -1.9880675999999997 -0.84500000000000053 0.37162799999999946 9.5150000000000023 24.870000000000001 34.332500000000003 27.317500000000006 5.5875000000000012 0.77999999999999858 9.6200000000000028 24.992500000000003
decision_type=2 2 2 2 2 2 2 2 2 2 2 2 2 2 2 2 2 2 2 2 2 2 2 2 2 2 2 2 2 2
left_child=4 2 -2 13 5 -1 7 10 -8 -6 11 -7 -13 -4 -9 16 22 -18 19 -19 -21 -20 -3 25 -25 26 27 -24 29 -17
right_child=1 15 3 -5 9 6 8 14 -10 -11 -12 12 -14 -15 -16 28 17 18 21 20 -22 -23 23 24 -26 -27 -28 -29 -30 -31
leaf_value=-0.0034506634341705264 -0.060907848120519997 -0.10284259554285269 0.07413144534342879 -0.018157179408839774 -0.0089876328119919534 -0.015268305617014637 0.099077725293380881 0.15175272256135941 -0.02097897668038563 -0.060196490120703744 0.13989266478647924 0.13585828639888428 0.012754673948690582 0.22227269664406776 0.0062018579646517732 -0.03704889775913825 0.30457680185928065 -0.015479749957880668 -0.14973955703052608 0.056654989719390869 0.48459617834199559 0.020092239731972199 0.24197420682758095 -0.035556430368932988 0.06323188405543094 0.1407839439167031 0.0098015995949610989 -0.02982887884982946 -0.0026956457068973393 0.17305735443742612
leaf_weight=2927 57 39 210 70 4665 73 35 20 274 166 73 84 52 20 279 127 34 62 22 37 22 113 24 307 63 29 554 22 4270 78
leaf_count=2927 57 39 210 70 4665 73 35 20 274 166 73 84 52 20 279 127 34 62 22 37 22 113 24 307 63 29 554 22 4270 78
internal_value=-6.47502e-05 0.00607198 0.042774 0.0624735 -0.00443597 0.00355192 0.0265818 0.0446442 -0.00738032 -0.0107472 0.0750813 0.0524438 0.0887893 0.0870133 0.0159377 0.00381408 0.0187125 0.0728599 0.042085 0.0975009 0.216226 -0.00758405 0.00358467 0.00773949 -0.0187357 0.0233131 0.0176354 0.111981 -0.000607183 0.042894
internal_weight=14808 6160 357 300 8648 3817 890 581 309 4831 282 209 136 230 299 5803 1328 290 256 121 59 135 1038 999 370 629 600 46 4475 205
internal_count=14808 6160 357 300 8648 3817 890 581 309 4831 282 209 136 230 299 5803 1328 290 256 121 59 135 1038 999 370 629 600 46 4475 205
is_linear=0
shrinkage=0.05


Tree=94
num_leaves=31
num_cat=0
split_feature=4 8 11 13 13 9 16 3 8 5 16 3 0 3 15 9 8 17 1 0 3 18 15 15 11 17 16 12 15 9
split_gain=145.74 149.088 143.746 133.237 155.664 126.228 124.471 122.111 129.778 171.844 144.845 182.722 176.141 152.038 119.212 250.824 138.095 215.538 150.122 131.865 181.06 269.83 270.711 201.95 261.738 261.629 586.034 196.507 212.705 193.247
threshold=2482083.2500000005 2.7186739000000006 -0.27999999999999842 17.715000000000003 18.955000000000002 889619.00000000012 20.062500000000004 -6.4804688499999985 -3.7682493499999992 15.825000000000001 9.5150000000000023 -3.6960753999999993 5.5000000000000009 -2.5084075999999995 23.177500000000006 -495915.69499999995 1.8352049999999986 5.4800000000000013 3.5000000000000004 25.500000000000004 2.8922576500000003 1.1849999999999972 14.352500000000001 11.510000000000002 -10.564999999999996 9.8950000000000014 24.992500000000003 15.525 12.937500000000002 63697.415000000001
decision_type=2 2 2 2 2 2 2 2 2 2 2 2 2 2 2 2 2 2 2 2 2 2 2 2 2 2 2 2 2 2
left_child=2 6 3 7 -5 -3 -2 -1 9 -9 -10 12 -12 -13 16 -16 17 -15 -18 -19 21 -21 -23 -22 29 26 -26 -27 -29 -25
right_child=1 5 -4 4 -6 -7 -8 8 10 -11 11 13 -14 14 15 -17 18 19 -20 20 23 22 -24 24 25 27 -28 28 -30 -31
leaf_value=0.0946578220905442 -0.092819607124114648 0.1000762765854597 -0.0038693057509500274 0.12837228155027941 0.0080095715206269114 -0.051305210945152106 -0.023744919675755687 -0.0092591828368224875 -0.057392122914884672 -0.10678934842652205 -0.060287789785952284 -0.042006437561940405 0.062945793625249852 -0.12963748173071787 -0.11173516465661426 -0.002757523465234871 -0.022457999972775367 0.0062793398872613626 0.018261995959257739 -0.040195193009542142 0.062575568001548218 0.016375574491479816 0.20045772964755693 0.054645865979985712 -0.042736047940949602 0.019136424190497603 0.27247226796562563 -0.11737892488981116 -0.0086871279065325793 0.20002699673727709
leaf_weight=38 78 40 7497 48 61 21 398 577 86 49 33 160 239 26 60 440 604 2126 362 230 402 119 24 149 30 596 29 58 201 27
leaf_count=38 78 40 7497 48 61 21 398 577 86 49 33 160 239 26 60 440 604 2126 362 230 402 119 24 149 30 596 29 58 201 27
internal_value=-6.15128e-05 -0.0256327 0.0009007 0.00617982 0.0610133 0.0479613 -0.0350639 0.00528306 0.00477058 -0.0168933 0.00703047 0.00796713 0.0479947 0.00603775 0.00743973 -0.0158348 0.00977513 0.0138569 -0.00719854 0.0147917 0.0244954 -0.00666278 0.0472705 0.032285 0.0211136 0.010362 0.112197 0.00333476 -0.0330274 0.0769487
internal_weight=14808 537 14271 6774 109 61 476 6665 6627 626 6001 5915 272 5643 5483 500 4983 4017 966 3991 1865 373 143 1492 1090 914 59 855 259 176
internal_count=14808 537 14271 6774 109 61 476 6665 6627 626 6001 5915 272 5643 5483 500 4983 4017 966 3991 1865 373 143 1492 1090 914 59 855 259 176
is_linear=0
shrinkage=0.05


Tree=95
num_leaves=31
num_cat=0
split_feature=10 11 8 11 18 8 5 1 18 6 14 16 11 11 6 18 8 19 6 9 18 4 9 1 8 8 8 19 18 8
split_gain=159.997 182.201 151.931 145.405 144.485 150.074 143.082 130.625 256.837 404.097 271.898 588.813 584.152 297.522 257.736 237.189 285.12 217.864 201.445 197.649 197.298 188.64 243.076 398.085 257.135 181.55 173.506 172.716 189.352 214.489
threshold=29.595000000000002 -11.315 7.8676758000000016 -18.109999999999996 5.0275000000000025 -0.28501935000000106 6.9350000000000014 2.5000000000000004 -2.3650000000000033 17.511871500000002 10.380000000000001 19.257500000000004 2.4500000000000006 3.4700000000000002 -4.2765196499999991 -5.4775 0.53884895000000099 -2.1900000000000008 7.481720000000001 -1432.1052999999968 13.230000000000002 284523.15500000009 -828160.24999999965 3.5000000000000004 1.3860013500000015 -1.8705444499999997 2.0565643500000004 -3.6600000000000006 -1.3449999999999986 -1.6834716499999998
decision_type=2 2 2 2 2 2 2 2 2 2 2 2 2 2 2 2 2 2 2 2 2 2 2 2 2 2 2 2 2 2
left_child=1 4 7 6 -1 -6 -2 8 10 14 -3 12 25 -14 -10 16 18 27 -13 -18 -11 -19 23 -23 -24 -12 -16 28 29 -9
right_child=3 2 -4 -5 5 -7 -8 17 9 20 11 15 13 -15 26 -17 19 21 -20 -21 -22 22 24 -25 -26 -27 -28 -29 -30 -31
leaf_value=0.022333494744027481 -0.002627538278621016 -0.053358333623036748 -0.05632209243197242 -0.020072943860699868 0.04841663567349315 0.21171881308158241 0.071665513379835025 0.15358236246742307 0.042959166131058373 0.022855212038277669 0.11547314562696093 -0.034298760206023654 0.43961360216140744 0.16688558161258699 -0.0051515921095125934 -0.0077019368534371876 0.19376007454262842 0.0078766911926571714 0.072289740845938283 0.067381005509370803 0.10208380325752148 0.1928304803900813 -0.022435438724498508 0.0039707104063459809 0.013503570805285922 -0.064389627592172469 -0.039346862197430305 -0.036143523976865197 -0.033942524726606076 0.0068507564395214578
leaf_weight=142 263 80 113 1536 34 24 86 40 245 1040 47 101 20 20 2364 292 45 3979 79 99 85 38 1864 105 679 20 440 732 99 66
leaf_count=142 263 80 113 1536 34 24 86 40 245 1040 47 101 20 20 2364 292 45 3979 79 99 85 38 1864 105 679 20 440 732 99 66
internal_value=0.000152717 0.00214215 0.00139598 -0.0134535 0.0494939 0.11599 0.0156796 0.00191447 0.00821157 0.00322965 0.0341076 0.0437858 0.152051 0.30325 -0.0062204 0.02498 0.0544341 -0.00220821 0.0124817 0.106874 0.0288414 0.000965507 -0.00927262 0.0541572 -0.0128395 0.0617828 -0.0105175 -0.0247833 0.0157811 0.0622212
internal_weight=14777 12892 12692 1885 200 58 349 12579 4977 4174 803 723 107 40 3049 616 324 7602 180 144 1125 6665 2686 143 2543 67 2804 937 205 106
internal_count=14777 12892 12692 1885 200 58 349 12579 4977 4174 803 723 107 40 3049 616 324 7602 180 144 1125 6665 2686 143 2543 67 2804 937 205 106
is_linear=0
shrinkage=0.05


Tree=96
num_leaves=31
num_cat=0
split_feature=3 8 0 1 6 17 18 17 18 19 0 12 16 19 16 3 17 15 6 18 14 18 18 19 12 4 8 19 4 15
split_gain=138.304 129.607 124.49 184.665 294.296 390.852 217.529 401.558 424.85 305.193 613.919 297.734 215.037 229.458 198.027 196.141 175.931 251.896 214.079 191.588 166.225 165.104 733.599 420.477 230.96 219.827 191.325 167.25 261.195 421.546
threshold=-6.4804688499999985 7.8676758000000016 25.500000000000004 2.5000000000000004 14.874527000000002 14.705000000000002 -2.3650000000000033 9.1100000000000012 -2.8775000000000008 -5.7549999999999972 38.500000000000007 10.505000000000001 34.332500000000003 2.367500000000001 29.392500000000005 23.270278500000003 14.792500000000002 13.750000000000002 4.8540496500000012 1.0775000000000043 7.3325000000000005 -0.49249999999999966 0.3475000000000002 -0.43500000000000044 14.865 1973695.3500000003 -5.2059325999999997 1.7850000000000013 376272.15500000009 19.737500000000004
decision_type=2 2 2 2 2 2 2 2 2 2 2 2 2 2 2 2 2 2 2 2 2 2 2 2 2 2 2 2 2 2
left_child=-1 2 20 4 6 -6 7 -4 9 10 11 -9 13 16 -15 -7 17 19 -19 -8 -2 -5 23 24 -23 -25 -24 -28 29 -29
right_child=1 -3 3 21 5 15 12 8 -10 -11 -12 -13 -14 14 -16 -17 -18 18 -20 -21 -22 22 26 25 -26 -27 27 28 -30 -31
leaf_value=0.075902984016283884 -0.10700815503413862 -0.053505987891169116 0.19901392098516227 -0.012441972075386321 0.0092955152244760444 0.091585943207965329 -0.035718007313197367 0.090155414402484896 0.19586714811157435 -0.019901798486341316 -0.093608088598207198 0.34553338519874077 0.035612616181708544 -0.037987761566829349 -0.17339775835474333 -0.0074395618953947296 -0.023905935114875557 0.035951759159985573 0.24271257335231422 0.026395315772936759 -0.003525223160821116 0.11689062911001119 -0.090560621822312962 0.073129694254410113 0.35165734738111498 -0.086342115684722873 -0.016858642518614738 0.082527555330638214 -0.019909369357962423 -0.012284476386838107
leaf_weight=60 39 113 35 1903 491 328 193 25 32 263 27 21 285 108 36 59 610 31 21 348 7799 22 62 217 20 24 819 255 314 217
leaf_count=60 39 113 35 1903 491 328 193 25 32 263 27 21 285 108 36 59 610 31 21 348 7799 22 62 217 20 24 819 255 314 217
internal_value=0.000145081 -0.000163778 0.000248963 0.00521762 0.0147177 0.0389127 0.00427871 0.0371755 0.0217833 0.00520385 0.095653 0.206741 -0.00384471 -0.0121931 -0.0718403 0.076489 -0.00505333 0.0143397 0.119451 0.00423659 -0.00404013 -0.00196474 0.00825997 0.0826914 0.228684 0.0572487 -0.00437596 -0.00104671 0.0154291 0.0389381
internal_weight=14777 14717 14604 6766 2913 878 2035 403 368 336 73 46 1632 1347 144 387 1203 593 52 541 7838 3853 1950 283 42 241 1667 1605 786 472
internal_count=14777 14717 14604 6766 2913 878 2035 403 368 336 73 46 1632 1347 144 387 1203 593 52 541 7838 3853 1950 283 42 241 1667 1605 786 472
is_linear=0
shrinkage=0.05


Tree=97
num_leaves=31
num_cat=0
split_feature=10 11 12 8 13 18 8 8 18 17 3 1 14 0 9 12 15 1 6 18 17 4 8 9 3 18 8 10 3 18
split_gain=145.348 161.612 132.002 135.694 165.954 128.615 134.697 124.088 122.967 119.525 119.206 116.996 111.461 139.097 106.166 132.016 382.094 125.274 275.84 329.434 279.179 256.512 307.731 249.274 278.342 299.675 256.614 299.818 222.644 247.283
threshold=29.595000000000002 -11.315 0.015000000000000001 -0.35279824999999859 6.9350000000000014 5.0275000000000025 -0.28501935000000106 7.8676758000000016 -5.7974999999999968 18.602500000000003 -6.4804688499999985 1.5000000000000002 7.3325000000000005 31.500000000000004 -828160.24999999965 1.0050000000000001 14.352500000000001 2.5000000000000004 17.511871500000002 -2.3650000000000033 14.705000000000002 284523.15500000009 2.5040439999999999 -1432.1052999999968 -3.6960753999999993 -2.6574999999999984 -0.61880465000000029 15.025 5.0508117500000012 5.0275000000000025
decision_type=2 2 2 2 2 2 2 2 2 2 2 2 2 2 2 2 2 2 2 2 2 2 2 2 2 2 2 2 2 2
left_child=1 5 3 4 -2 -1 -7 10 11 -5 -3 -4 13 -12 15 -14 -17 18 19 23 -20 -19 -23 26 -25 -26 -16 -28 29 -21
right_child=2 7 8 9 -6 6 -8 -9 -10 -11 12 -13 14 -15 17 16 -18 21 20 28 -22 22 -24 24 25 -27 27 -29 -30 -31
leaf_value=0.021004677202854254 -0.10385041575626297 0.072107835008452345 0.10656889472156764 0.015161792776251043 -0.010214608195650426 0.045350224952049122 0.20005978688908121 -0.050830687608042394 -0.008957987350976462 -0.040289203716819669 -0.10745655774325132 0.0064958212373312568 0.0047306505364257895 0.036989128932356834 -0.0232018884490518 0.0068548351620971145 0.22142767554614695 0.0045863444140805077 0.010088333607090112 -0.0069764068274380297 0.05997111557007552 -0.020974144836836336 0.026780341693844936 0.16486315337941052 -0.0036153138992102707 0.15279904879403838 0.28973948322236537 0.086027101253809996 -0.023302567995818146 0.033652795316888744
leaf_weight=142 118 60 46 176 79 34 24 113 1169 217 50 80 138 25 34 59 32 4473 780 1319 438 2499 390 30 425 33 24 73 1174 523
leaf_count=142 118 60 46 176 79 34 24 113 1169 217 50 80 138 25 34 59 32 4473 780 1319 438 2499 390 30 425 33 24 73 1174 523
internal_value=0.000137827 0.002034 -0.0128306 -0.0324332 -0.066301 0.04663 0.109368 0.00133126 -0.00389965 -0.0154562 0.00179984 0.0430304 0.00146287 -0.059308 0.00182914 0.0355587 0.082309 0.00119679 0.00743338 0.000533132 0.0280265 -0.00291434 -0.0145275 0.0337587 0.0173192 0.00765472 0.0949989 0.13643 -0.00628604 0.00455946
internal_weight=14777 12892 1885 590 197 200 58 12692 1295 393 12579 126 12519 75 12444 229 91 12215 4853 3635 1218 7362 2889 619 488 458 131 97 3016 1842
internal_count=14777 12892 1885 590 197 200 58 12692 1295 393 12579 126 12519 75 12444 229 91 12215 4853 3635 1218 7362 2889 619 488 458 131 97 3016 1842
is_linear=0
shrinkage=0.05


Tree=98
num_leaves=31
num_cat=0
split_feature=10 11 11 5 18 8 17 8 3 18 18 18 9 9 3 6 10 8 19 15 8 5 3 5 5 6 18 9 6 18
split_gain=131.177 145.855 123.807 124.228 116.075 121.564 114.927 111.989 107.583 104.115 600.019 243.928 229.825 222.424 229.195 244.034 211.782 204.744 196.715 219.541 199.287 206.239 198.278 181.393 174.757 172.56 164.252 514.23 633.334 444.251
threshold=29.595000000000002 -11.315 -18.109999999999996 6.9350000000000014 5.0275000000000025 -0.28501935000000106 19.897500000000004 7.8676758000000016 -6.4804688499999985 4.3699999999999983 4.5024999999999995 1.6749999999999992 -177308.34499999991 50001.773000000001 7.6250610500000002 4.963638200000001 15.905000000000003 -6.4901885500000001 -0.68250000000000088 8.7425000000000015 -1.3566133499999997 5.995000000000001 15.954391500000002 10.745000000000003 16.005000000000006 10.013763500000001 -0.49249999999999966 -623930.79999999981 3.9347381500000007 0.2899999999999992
decision_type=2 2 2 2 2 2 2 2 2 2 2 2 2 2 2 2 2 2 2 2 2 2 2 2 2 2 2 2 2 2
left_child=1 4 3 -2 -1 -6 -5 8 -3 11 16 13 23 26 -15 -16 -11 -12 19 -14 22 -22 25 -13 -17 -20 -10 28 -28 -29
right_child=2 7 -4 6 5 -7 -8 -9 9 10 17 12 18 14 15 24 -18 -19 20 -21 21 -23 -24 -25 -26 -27 27 29 -30 -31
leaf_value=0.019954443179582521 -0.0023649430829330489 0.068502443734517623 -0.018297113820832087 0.11135518293896761 0.043082715165527433 0.1900567961614191 -0.0082246376492548737 -0.048289153752106746 0.0014410381005283027 0.22919690420310343 0.16029310024210386 -0.029632416318265211 0.0082245840050572516 -0.03978943506153225 0.14463471485109167 0.0082510158392172395 0.07925766924115811 0.0035342727863523771 -0.028478707692404983 -0.062436015442242178 -0.11880867347121238 0.014139680395530284 0.020592958244148914 -0.12463979830823933 -0.054231253239822433 -0.11025592131606704 0.39178146902471783 0.050370950857447222 0.051210501486825391 -0.00062451092741102124
leaf_weight=142 263 60 1536 54 34 24 32 113 4041 31 21 138 168 553 29 611 98 2571 278 318 30 1055 152 79 137 84 20 604 43 1458
leaf_count=142 263 60 1536 54 34 24 32 113 4041 31 21 138 168 553 29 611 98 2571 278 318 30 1055 152 79 137 84 20 604 43 1458
internal_value=0.000130936 0.0019323 -0.012189 0.0146934 0.0442985 0.1039 0.0668604 0.00126469 0.00170985 0.00138973 0.0100423 -0.00101318 -0.0152494 0.00335872 -0.0151861 0.00232445 0.11529 0.00480431 -0.0101526 -0.0380101 -0.00168564 0.0104637 -0.0273316 -0.0642204 -0.00319293 -0.0474546 0.00735881 0.0186123 0.159328 0.0143131
internal_weight=14777 12892 1885 349 200 58 86 12692 12579 12519 2721 9798 2302 7496 1330 777 129 2592 2085 486 1599 1085 514 217 748 362 6166 2125 63 2062
internal_count=14777 12892 1885 349 200 58 86 12692 12579 12519 2721 9798 2302 7496 1330 777 129 2592 2085 486 1599 1085 514 217 748 362 6166 2125 63 2062
is_linear=0
shrinkage=0.05


Tree=99
num_leaves=31
num_cat=0
split_feature=10 16 15 11 12 11 5 16 16 12 6 12 6 14 11 14 17 11 18 18 13 17 17 17 17 9 8 1 18 6
split_gain=121.588 138.278 132.659 126.723 122.181 108.616 167.705 118.571 102.757 221.023 100.735 98.3284 155.317 229.083 147.726 141.882 122.843 158.432 221.806 208.921 132.497 126.448 179.035 297.815 249.41 308.333 186.945 163.557 251.623 222.749
threshold=27.265000000000004 21.195000000000004 18.282500000000006 -5.6849999999999978 15.155000000000003 -10.919999999999996 1.0050000000000001 57.280000000000008 20.715000000000003 18.895000000000003 17.152328500000003 19.035000000000004 22.067504500000002 36.985000000000007 7.1150000000000011 14.595000000000001 22.037500000000005 13.580000000000002 -18.067499999999995 4.4375000000000027 14.505000000000001 19.685000000000006 19.132500000000004 18.930000000000003 18.685000000000006 -1084.2288500000013 1.7733307000000003 3.5000000000000004 -2.3650000000000033 -2.7301330499999996
decision_type=2 2 2 2 2 2 2 2 2 2 2 2 2 2 2 2 2 2 2 2 2 2 2 2 2 2 2 2 2 2
left_child=3 2 4 8 -2 6 7 10 9 -1 -3 12 16 15 -13 -14 17 21 -19 -20 -18 22 23 24 26 -26 27 28 29 -5
right_child=1 5 -4 11 -6 -7 -8 -9 -10 -11 -12 14 13 -15 -16 -17 20 18 19 -21 -22 -23 -24 -25 25 -27 -28 -29 -30 -31
leaf_value=0.02432566976183554 -0.0094987375289714866 0.0058387553768265927 -0.078315441443997089 0.20569812167774548 -0.099577263476593167 -0.012210494832930081 0.029224351843978383 -0.12360450176235577 0.0078773648147889373 0.13746177478693428 -0.088580490640528947 -0.0097832130187845735 -0.037980130055924141 -0.039166542942510221 -0.086382652708477739 0.035182658284079835 0.011859688652278233 0.040888126006071598 -0.066545092041377693 0.027897270207854676 0.093745780435319129 -0.020104579959996045 0.053950620824822562 -0.082480317239310152 0.24355201021484707 0.027729478707316065 -0.014361514787030511 -0.004452192715098331 0.0074428564805748242 0.041810052311824018
leaf_weight=316 363 167 122 22 42 1336 469 26 813 50 34 717 72 141 69 832 988 87 296 73 52 750 159 107 23 59 1599 2322 2311 360
leaf_count=316 363 167 122 22 42 1336 469 26 813 50 34 717 72 141 69 832 988 87 296 73 52 750 159 107 23 59 1599 2322 2311 360
internal_value=0.000124389 -0.00978591 -0.0326087 0.00220005 -0.0188402 -0.00386682 0.0121492 -0.0231294 0.0177814 0.0397814 -0.0101327 0.000535913 0.00184248 0.02011 -0.0165076 0.0293555 -0.00023067 -0.0022914 -0.0309289 -0.0478614 0.015954 -0.000598104 0.00150328 0.000277482 0.00159993 0.0882651 0.000525456 0.00527207 0.0136567 0.0512486
internal_weight=14777 2559 527 12218 405 2032 696 227 1179 366 201 11039 10253 1045 786 904 9208 8168 456 369 1040 7712 6962 6803 6696 82 6614 5015 2693 382
internal_count=14777 2559 527 12218 405 2032 696 227 1179 366 201 11039 10253 1045 786 904 9208 8168 456 369 1040 7712 6962 6803 6696 82 6614 5015 2693 382
is_linear=0
shrinkage=0.05


Tree=100
num_leaves=31
num_cat=0
split_feature=10 9 12 5 5 16 16 16 9 3 9 14 15 16 19 11 9 14 18 6 7 15 12 3 12 18 5 12 15 16
split_gain=121.117 129.721 175.728 143.75 122.025 160.641 178.026 214.795 165.238 162.649 162.372 154.238 133.805 127.56 125.474 122.53 122.151 115.042 112.424 94.5115 389.945 200.966 123.816 92.4292 89.3704 166.223 130.91 159.7 142.965 163.947
threshold=8.9250000000000025 -45292.100000000028 23.005000000000006 19.105000000000004 6.9350000000000014 20.062500000000004 57.857500000000009 54.147500000000008 -389335.74999999994 0.26138306500000003 178183.41500000001 17.840000000000003 22.967500000000005 17.457500000000007 0.23749999999999896 -15.795 -278318.83000000002 30.392500000000002 5.0275000000000025 23.791489000000002 351993.43000000005 9.8950000000000014 7.3250000000000011 -6.4804688499999985 17.175000000000004 -0.81749999999999889 35.410000000000004 25.655000000000005 5.5875000000000012 13.175000000000002
decision_type=2 2 2 2 2 2 2 2 2 2 2 2 2 2 2 2 2 2 2 2 2 2 2 2 2 2 2 2 2 2
left_child=1 -1 3 17 5 11 7 9 -9 -7 12 13 14 -2 -11 -6 -8 -3 -13 23 -21 -22 -23 -17 -25 -26 27 28 -27 -30
right_child=4 2 -4 -5 15 6 16 8 -10 10 -12 18 -14 -15 -16 19 -18 -19 -20 20 21 22 -24 24 25 26 -28 -29 29 -31
leaf_value=-0.072926005073215658 0.076064287822105392 0.13968277580329572 0.16139143282367338 -0.078833838611841206 0.046078406740605038 0.1038394429255277 -0.13816967399458269 0.17938623422384262 0.033903188461416899 0.010094860022532216 -0.045474587238537589 -0.11030145152665985 0.061927861126037542 -0.069359495401382448 -0.039934555883394847 0.059742006110536754 -0.032490556018613281 0.02532389717033276 -0.034914307394886719 0.20560606583686813 0.085350443296791881 0.03723158304921434 -0.040858632065093436 0.0010176045954999058 -0.039227287385773371 0.10704343700781466 0.10133449626465639 -0.054027712134419814 -0.072785062194775998 0.0061042111299279356
leaf_weight=23 38 29 31 25 149 32 35 25 89 380 246 96 82 25 187 64 125 91 102 28 68 79 142 11196 408 32 30 141 72 772
leaf_count=23 38 29 31 25 149 32 35 25 89 380 246 96 82 25 187 64 125 91 102 28 68 79 142 11196 408 32 30 141 72 772
internal_value=6.32739e-08 0.0387451 0.0533384 0.0302374 -0.000526485 -0.0142315 -0.00650519 0.00104181 0.0658074 -0.00692289 -0.0108831 -0.0497845 0.00222861 0.0183564 -0.00640514 0.000993639 -0.0556079 0.0529606 -0.0714657 0.000478167 0.0274453 0.0101841 -0.012944 -0.000194156 -0.000497367 -0.0121548 -0.00160512 -0.00464168 0.00330744 -0.000625679
internal_weight=14842 199 176 145 14643 1462 1201 1041 114 927 895 261 649 63 567 13181 160 120 198 13032 317 289 221 12715 12651 1455 1047 1017 876 844
internal_count=14842 199 176 145 14643 1462 1201 1041 114 927 895 261 649 63 567 13181 160 120 198 13032 317 289 221 12715 12651 1455 1047 1017 876 844
is_linear=0
shrinkage=0.05


Tree=101
num_leaves=31
num_cat=0
split_feature=10 11 16 7 11 18 18 8 13 6 18 18 8 16 3 13 14 6 14 18 1 5 13 16 16 13 11 15 15 15
split_gain=109.907 186.225 143.371 194.574 125.652 140.068 116.516 160.032 145.271 116.431 115.186 344.832 348.574 245.987 337.186 330.105 210.842 271.366 168.148 168.048 182.33 429.639 241.77 199.878 370.657 269.034 167.297 163.23 267.585 208.825
threshold=22.915000000000003 -5.4799999999999986 20.062500000000004 1528969.6500000001 22.585000000000004 1.3500000000000016 -20.547499999999996 0.6473697000000006 6.9350000000000014 22.844757000000005 0.67499999999999905 -0.49249999999999966 5.5838168500000007 23.987500000000001 7.3145598500000011 16.135000000000002 27.187500000000004 20.903260000000003 38.3825 -2.1875000000000013 1.0000000180025095e-35 11.415000000000001 11.575000000000001 30.027500000000003 32.092500000000008 11.615 0.39499999999999963 27.597500000000004 19.817500000000003 15.625000000000002
decision_type=2 2 2 2 2 2 2 2 2 2 2 2 2 2 2 2 2 2 2 2 2 2 2 2 2 2 2 2 2 2
left_child=1 -1 3 9 10 -6 7 8 -4 -2 11 19 13 15 18 -13 17 -16 -15 20 21 -3 -23 -22 25 -25 -27 28 29 -12
right_child=2 4 6 -5 5 -7 -8 -9 -10 -11 27 12 -14 14 16 -17 -18 -19 -20 -21 23 22 -24 24 -26 26 -28 -29 -30 -31
leaf_value=0.027243418362425192 -0.014922160639099692 0.0084268648277880612 -0.10596653950768849 -0.065376247706985399 -0.082393165106844649 0.020913563978255674 0.00091314309334246911 0.020561287131639992 -0.02139785516436302 0.10458058432808943 -0.0058826153008348266 -0.0028386120778745492 0.21752459496259691 0.16942257833916968 0.017888073128238886 0.11790238840002863 -0.0016892278652106013 0.24161653855572576 0.049986761962266077 -0.01812376054114485 -0.012576678103017616 0.31459892718564897 0.077415417072320872 0.031185130699050941 0.0045465718865204422 0.25386982963730892 0.099398762320096687 0.070821596548840821 -0.030044465410662281 0.021657414141224279
leaf_weight=725 693 117 86 218 92 51 3171 101 124 21 2875 558 25 82 33 63 175 23 46 939 1159 21 22 149 1337 24 65 72 870 905
leaf_count=725 693 117 86 218 92 51 3171 101 124 21 2875 558 25 82 33 63 175 23 46 939 1159 21 22 149 1337 24 65 72 870 905
internal_value=6.0134e-08 0.00279938 -0.00661329 -0.024031 0.000972946 -0.0455495 -0.00195123 -0.0311568 -0.0560307 -0.0114074 0.00166884 0.00709098 0.0331601 0.028457 0.0614037 0.00941047 0.0253328 0.109777 0.1265 0.000255733 0.00621922 0.0580979 0.193249 0.00318317 0.0147804 0.0722705 0.141054 -0.00388651 -0.00504328 0.000710963
internal_weight=14842 10428 4414 932 9703 143 3482 311 210 714 9560 4838 1005 980 359 621 231 56 128 3833 2894 160 43 2734 1575 238 89 4722 4650 3780
internal_count=14842 10428 4414 932 9703 143 3482 311 210 714 9560 4838 1005 980 359 621 231 56 128 3833 2894 160 43 2734 1575 238 89 4722 4650 3780
is_linear=0
shrinkage=0.05


Tree=102
num_leaves=31
num_cat=0
split_feature=17 17 6 12 6 16 8 16 16 18 5 6 8 14 14 8 5 19 19 18 13 10 17 17 6 1 17 19 3 13
split_gain=116.562 317.803 272.112 169.248 165.817 160.942 183.703 141.913 382.406 141.704 208.867 199.169 177.673 139.17 182.591 624.082 463.626 142.187 238.521 314.337 192.784 150.167 142.075 522.58 153.665 152.362 140.087 150.848 232.142 229.671
threshold=11.445000000000002 11.317500000000001 0.26138306500000003 25.005000000000006 5.3934479000000008 31.637500000000003 -3.2587889664999996 25.075000000000003 24.992500000000003 -5.0924999999999967 19.005000000000006 23.513290500000004 1.4160915499999993 12.097500000000002 12.527500000000002 0.13166800000000037 14.905000000000003 1.4200000000000019 1.7850000000000013 1.6749999999999992 14.865 11.805000000000001 12.682500000000003 13.137500000000001 22.285110500000005 4.5000000000000009 25.210000000000004 2.367500000000001 3.9340515500000004 8.7050000000000018
decision_type=2 2 2 2 2 2 2 2 2 2 2 2 2 2 2 2 2 2 2 2 2 2 2 2 2 2 2 2 2 2
left_child=1 5 -3 13 -4 7 -7 8 -1 -9 11 -11 -12 -2 15 16 -15 20 19 -19 -16 -22 -20 -24 26 -26 27 28 29 -25
right_child=3 2 4 -5 -6 6 -8 9 -10 10 12 -13 -14 14 17 -17 -18 18 22 -21 21 -23 23 24 25 -27 -28 -29 -30 -31
leaf_value=0.0049950512216067489 -0.044656909407455141 0.18470464214942484 0.0079027219685715629 -0.057220696464729763 0.16690759167075159 -0.075023546765247986 0.056179328168755885 0.046046859506563648 0.16480002880684641 -0.018213383692840101 -0.12513978454178271 0.13841889046487355 0.038488101498002102 0.038346926861953352 0.00060833018352309952 -0.061522163139414734 0.31647803243249656 -0.0044799284488121925 -0.032546711375725949 -0.12364708166879912 -0.066146187127932257 0.070707709592384982 0.1009305027807052 0.034779852862070713 -0.050252098567655383 0.082276171725243333 0.082216708436608318 -0.020820530757342831 -0.012522452997770904 0.20977360379128229
leaf_weight=2520 187 43 91 140 20 30 241 81 38 605 79 21 21 31 7382 54 29 117 457 105 23 156 117 175 29 86 40 1489 414 21
leaf_count=2520 187 43 91 140 20 30 241 81 38 605 79 21 21 31 7382 54 29 117 457 105 23 156 117 175 29 86 40 1489 414 21
internal_value=5.70887e-08 0.00756669 0.0779195 -0.00259472 0.0365522 0.00458695 0.041655 0.00160167 0.00736901 -0.0166794 -0.0236778 -0.0129589 -0.0907779 -0.00189388 -0.00114827 0.0617932 0.172777 -0.00182448 -0.0109375 -0.0608428 0.00185157 0.0531231 -0.00701988 -0.00209969 -0.00744775 0.048856 -0.0104748 -0.0122412 0.0087007 0.0535292
internal_weight=14842 3790 154 11052 111 3636 271 3365 2558 807 726 626 100 10912 10725 114 60 10611 3050 222 7561 179 2828 2371 2254 115 2139 2099 610 196
internal_count=14842 3790 154 11052 111 3636 271 3365 2558 807 726 626 100 10912 10725 114 60 10611 3050 222 7561 179 2828 2371 2254 115 2139 2099 610 196
is_linear=0
shrinkage=0.05


Tree=103
num_leaves=31
num_cat=0
split_feature=10 7 12 5 8 6 10 16 14 11 17 11 12 14 19 9 7 8 17 15 8 6 9 1 14 12 3 19 11 12
split_gain=105.679 118.389 195.737 98.871 181.615 158.837 132.246 137.603 111.892 111.732 106.815 100.443 135.185 87.5396 85.6495 113.848 111.835 96.2049 147.961 95.0139 85.553 98.3285 319.229 170.698 161.702 106.394 97.4179 100.229 117.404 127.122
threshold=8.9250000000000025 378931.86500000005 23.005000000000006 6.9350000000000014 0.6473697000000006 2.1843110000000006 34.055000000000007 49.540000000000006 20.715000000000003 -15.795 18.557500000000001 -21.254999999999999 6.8850000000000007 29.417500000000004 1.4200000000000019 -240806.10000000006 2627865.5000000005 -0.42785640000000041 25.082500000000003 13.285000000000002 8.8342895500000029 -4.2765196499999991 -197008.05000000002 2.5000000000000004 13.562500000000002 13.425000000000002 0.93667601500000008 2.0800000000000023 0.83500000000000096 11.485000000000001
decision_type=2 2 2 2 2 2 2 2 2 2 2 2 2 2 2 2 2 2 2 2 2 2 2 2 2 2 2 2 2 2
left_child=1 2 13 4 5 -2 7 -6 -7 10 -5 12 -8 -1 15 17 -16 18 19 -10 21 22 -11 26 25 -25 27 28 29 -24
right_child=3 -3 -4 9 6 8 11 -9 14 20 -12 -13 -14 -15 16 -17 -18 -19 -20 -21 -22 -23 23 24 -26 -27 -28 -29 -30 -31
leaf_value=0.11570334235349528 0.10423233041709119 -0.03221010776081433 0.19222969283228336 0.077251214886327163 0.0068490356425582564 -0.079291665679085313 0.10242191718425603 0.072934801587108689 0.023715754089256129 0.21188880601964361 -0.009854741152702717 -0.046862009501960504 -0.024470380178202314 0.012927639079006278 -0.074589580010198164 -0.031689400224510132 0.038587934093979689 0.056362460560298394 0.10541813597083093 -0.088838749535381789 -0.05821012752431054 -0.00029775577179329672 -0.012264297290060384 -0.015151625445399148 0.027157822298052321 -0.098325870648698244 -0.023815474933647413 0.12712293293327093 0.0026862977053970102 0.11855079746590212
leaf_weight=26 22 48 23 92 284 108 32 109 30 21 57 151 61 102 136 349 26 84 20 50 62 12366 26 104 140 61 47 40 100 65
leaf_count=26 22 48 23 92 284 108 32 109 30 21 57 151 61 102 136 349 26 84 20 50 62 12366 26 104 140 61 47 40 100 65
internal_value=5.42536e-08 0.0361915 0.057935 -0.000491791 -0.0128282 -0.0283134 0.0072271 0.0251782 -0.0319448 0.000876533 0.0439288 -0.0216859 0.0191915 0.033804 -0.0245873 -0.0149104 -0.0564253 0.0169149 -0.016221 -0.0466308 0.000384299 0.000664396 0.020363 0.0134641 -0.0123657 -0.0459009 0.0418027 0.0551536 0.0400815 0.0811751
internal_weight=14842 199 151 14643 1462 825 637 393 803 13181 149 244 93 128 695 533 162 184 100 80 13032 12970 604 583 305 165 278 231 191 91
internal_count=14842 199 151 14643 1462 825 637 393 803 13181 149 244 93 128 695 533 162 184 100 80 13032 12970 604 583 305 165 278 231 191 91
is_linear=0
shrinkage=0.05


Tree=104
num_leaves=31
num_cat=0
split_feature=17 17 9 12 16 0 9 18 18 15 0 19 10 1 16 0 8 12 18 0 15 16 3 9 15 19 15 15 15 4
split_gain=102.506 283.731 512.125 156.613 145.782 174.147 143.064 129.209 134.92 186.866 331.67 626.648 333.892 134.168 235.87 221.668 257.564 128.646 139.578 125.071 210.289 355.835 192.747 174.822 303.503 130.39 125.975 251.503 358.939 145.426
threshold=11.445000000000002 11.317500000000001 -41389.520000000011 25.005000000000006 31.637500000000003 40.500000000000007 -10173.511499999999 -1.2324999999999997 7.7175000000000002 12.670000000000002 31.500000000000004 2.7750000000000008 17.045000000000005 3.5000000000000004 28.367500000000003 13.500000000000002 1.3386230000000003 16.945000000000004 -1.4175000000000002 34.500000000000007 9.0300000000000029 25.460000000000004 2.0039062500000004 256.12310000000235 12.327500000000002 2.367500000000001 8.4800000000000022 9.7575000000000021 9.7150000000000016 1898338.6000000003
decision_type=2 2 2 2 2 2 2 2 2 2 2 2 2 2 2 2 2 2 2 2 2 2 2 2 2 2 2 2 2 2
left_child=1 4 -3 19 7 6 -6 17 9 13 -11 -12 -13 -9 -15 -16 -17 18 -1 26 21 -21 -22 -24 -25 -26 -2 28 29 -28
right_child=3 2 -4 -5 5 -7 -8 8 -10 10 11 12 -14 14 15 16 -18 -19 -20 20 22 -23 23 24 25 -27 27 -29 -30 -31
leaf_value=0.0057597449783001698 -0.041724826020828665 0.30958286121487621 0.038344554241691066 -0.054980747470233064 0.077555217999033643 0.13880922753167779 -0.0049578097619244138 0.013747765073912347 -0.023831752345082731 0.011798532803426498 -0.070108041074126964 0.39263184208955088 0.1326830370972554 -0.033338666808515403 0.20177508699042457 -0.075984496374924992 0.15140907779335977 -0.052951137844327451 -0.050948197797492704 0.03438815777985061 -0.025441919796150705 0.26179055377840993 0.0041485305355184379 0.21040304562449458 0.045978382097890458 -0.031945191724362838 0.012863880535957243 -0.0057504479908065658 0.21839562616167735 0.14167102550466856
leaf_weight=553 227 20 134 140 80 38 153 1515 307 150 24 21 30 377 21 33 20 179 135 123 463 20 1988 25 255 68 252 7441 26 24
leaf_count=553 227 20 134 140 80 38 153 1515 307 150 24 21 30 377 21 33 20 179 135 123 463 20 1988 25 255 68 252 7441 26 24
internal_value=5.15254e-08 0.0070958 0.0735703 -0.00243325 0.00428032 0.0395595 0.0233728 0.00143912 0.00721127 0.011561 0.0547242 0.140576 0.239721 0.00662114 -0.0173186 0.0642969 0.0098244 -0.0151916 -0.00536754 -0.00175907 0.0070515 0.0661927 0.00403 0.00987139 0.0425641 0.0295734 -0.00501136 -0.00393504 0.040795 0.0240645
internal_weight=14842 3790 154 11052 3636 271 233 3365 2498 2191 225 75 51 1966 451 74 53 867 688 10912 2942 143 2799 2336 348 323 7970 7743 302 276
internal_count=14842 3790 154 11052 3636 271 233 3365 2498 2191 225 75 51 1966 451 74 53 867 688 10912 2942 143 2799 2336 348 323 7970 7743 302 276
is_linear=0
shrinkage=0.05


Tree=105
num_leaves=31
num_cat=0
split_feature=10 11 10 9 11 10 8 6 7 5 19 19 0 5 17 6 5 8 16 14 3 17 8 17 8 8 3 14 14 5
split_gain=140.913 147.995 195.871 132.821 117.779 115.808 122.126 159.442 224.764 199.391 136.809 113.275 158.218 115.46 175.319 133.021 165.901 129.869 113.629 130.745 164.723 130.074 112.644 109.35 115.69 199.135 102.706 95.0254 166.913 94.5331
threshold=43.805000000000007 -5.6849999999999978 19.495000000000001 151501.06999999998 -23.834999999999997 17.285000000000004 -1.0205536499999999 22.763412500000005 367923.40000000008 14.215000000000002 6.3800000000000008 5.3150000000000004 25.500000000000004 17.285000000000004 17.310000000000002 13.892730500000001 17.005000000000006 -0.72857650000000074 18.297500000000003 25.327500000000004 18.683853500000005 17.192500000000006 7.0139007500000012 11.805000000000001 -0.035796799999999955 -0.24433864999999952 21.435455000000001 22.985000000000003 22.950000000000006 9.3350000000000026
decision_type=2 2 2 2 2 2 2 2 2 2 2 2 2 2 2 2 2 2 2 2 2 2 2 2 2 2 2 2 2 2
left_child=1 2 3 -1 -4 6 7 9 -9 27 -11 12 -7 15 -15 16 -14 18 -17 20 -20 -21 29 26 25 -25 -19 28 -3 -8
right_child=-2 5 4 -5 -6 11 22 8 -10 10 -12 -13 13 14 -16 17 -18 23 19 21 -22 -23 -24 24 -26 -27 -28 -29 -30 -31
leaf_value=0.042990656863679894 -0.034081719930008907 0.0055513071059776799 0.086884877549277414 0.17454982328982582 0.0050924026427400038 -0.018102500391135982 0.03212324490498087 0.16029551492463198 0.010793097352230907 -0.032405982523764663 -0.14608640104000056 0.017067958009470034 -0.0061044404996187266 -0.050033349103548314 0.029628821910407985 -0.05158051435047617 0.12897560058728508 -0.091946447564631106 0.038328401569742709 -0.0047440429428412074 0.19753905819220977 0.080061085345435212 -0.033060872849183583 0.016066971572581679 0.0056544056886055488 0.20620489555100599 0.00042238193385016462 -0.017343434158891939 0.11934143688036676 0.0065291294816719019
leaf_weight=222 305 618 45 21 2007 2519 398 31 133 483 28 457 1939 253 95 26 23 49 32 93 33 88 166 40 285 21 78 509 34 3858
leaf_count=222 305 618 45 21 2007 2519 398 31 133 483 28 457 1939 253 95 26 23 49 32 93 33 88 166 40 285 21 78 509 34 3858
internal_value=-0.000445945 0.000257491 0.0119127 0.05436 0.0068861 -0.00191916 0.00284579 -0.0079942 0.0390527 -0.0126089 -0.038635 -0.00686345 -0.00882553 -0.00117621 -0.0282865 0.00230897 -0.00452093 0.0202959 0.0478249 0.0583312 0.119158 0.0364872 0.00734652 0.00446524 0.0190303 0.0815243 -0.035216 -0.00115374 0.0114851 0.00892256
internal_weight=14889 14584 2295 243 2052 12289 6258 1836 164 1672 511 6031 5574 3055 348 2707 1962 745 272 246 65 181 4422 473 346 61 127 1161 652 4256
internal_count=14889 14584 2295 243 2052 12289 6258 1836 164 1672 511 6031 5574 3055 348 2707 1962 745 272 246 65 181 4422 473 346 61 127 1161 652 4256
is_linear=0
shrinkage=0.05


Tree=106
num_leaves=31
num_cat=0
split_feature=16 16 14 12 3 5 18 18 3 11 18 16 6 6 7 13 12 8 15 17 14 17 18 18 8 11 18 18 15 9
split_gain=111.437 134.402 176.536 112.398 118.71 105.033 103.19 229.666 172.136 197.531 162.348 286.327 208.266 222.617 225.383 200.376 196.424 155.378 242.103 209.522 133.692 141.463 132.561 562.693 225.751 187.018 170.748 243.147 202.825 194.927
threshold=9.5150000000000023 11.432500000000003 10.380000000000001 16.905000000000005 1.6006164500000002 15.215000000000002 -3.6324999999999998 -2.9525000000000001 -0.54483032499999984 2.3899999999999983 -20.547499999999996 30.027500000000003 6.7736512000000006 21.653427500000003 257602.20500000005 15.435 19.905000000000005 3.0315400000000001 12.682500000000003 13.445000000000002 10.842500000000003 27.627500000000001 4.3699999999999983 4.5024999999999995 -6.7381134499999993 -3.1449999999999991 1.6749999999999992 1.8300000000000003 25.147500000000004 -551176.34999999998
decision_type=2 2 2 2 2 2 2 2 2 2 2 2 2 2 2 2 2 2 2 2 2 2 2 2 2 2 2 2 2 2
left_child=-1 3 -3 4 5 -2 10 8 9 -8 -4 20 16 15 -15 -14 17 18 -13 -19 -12 -22 26 25 -25 -24 29 -28 -29 -9
right_child=1 2 6 -5 -6 -7 7 22 -10 -11 11 12 13 14 -16 -17 -18 19 -20 -21 21 -23 23 24 -26 -27 27 28 -30 -31
leaf_value=-0.038369579108783011 0.052685348921872224 -0.047624156237367148 -0.012805656739541232 0.1189112553071669 -0.064875738246037692 -0.030508292920421811 -0.06041621797718108 0.047098094174052002 -0.048717402815566753 0.15234550839910907 0.083928996343165641 0.23945319298654796 0.01188272306371597 0.14928145204381696 0.023160078252696403 -0.091961280893230316 -0.097565621230751284 -0.073633058961819528 0.067856396889215867 0.071058820249464624 -0.014153150613854824 0.056164015379625482 0.0072043015807867058 0.14413394220173359 0.0015358999766948145 0.13272013721906623 -0.075559750133390446 -0.014398641792057718 0.069289941019068158 -0.0015402223673545963
leaf_weight=191 181 197 760 34 34 48 20 216 388 24 40 22 894 58 91 49 20 44 313 58 1006 77 40 28 3173 115 159 2087 75 4447
leaf_count=191 181 197 760 34 34 48 20 216 388 24 40 22 894 58 91 49 20 44 313 58 1006 77 40 28 3173 115 159 2087 75 4447
internal_value=-0.000423648 6.9458e-05 -0.000617177 0.0333632 0.0223037 0.0352474 3.47785e-05 -0.00237074 -0.0380889 0.0556356 0.00758497 0.0133847 0.027321 0.0154606 0.0722543 0.0064868 0.0556614 0.0626741 0.0791254 0.00864272 -0.00583818 -0.00915368 -0.000878458 0.00728848 0.00278324 0.100329 -0.00480289 -0.0158842 -0.0114955 0.000712807
internal_weight=14889 14698 14401 297 263 229 14204 10772 432 44 3432 2672 1549 1092 149 943 457 437 335 102 1123 1083 10340 3356 3201 155 6984 2321 2162 4663
internal_count=14889 14698 14401 297 263 229 14204 10772 432 44 3432 2672 1549 1092 149 943 457 437 335 102 1123 1083 10340 3356 3201 155 6984 2321 2162 4663
is_linear=0
shrinkage=0.05


Tree=107
num_leaves=31
num_cat=0
split_feature=10 11 10 9 4 5 3 3 3 15 6 18 17 16 4 6 14 18 14 17 18 11 10 3 6 18 16 10 17 9
split_gain=129.539 130.565 177.574 120.307 113.872 212.774 131.79 139.173 119.475 238.46 281.36 201.036 199.654 148.504 147.088 124.694 129.903 130.223 128.632 120.621 120.039 104.447 104.419 103.986 104.204 101.32 99.4757 98.8333 98.5741 95.9497
threshold=43.805000000000007 -5.6849999999999978 19.495000000000001 151501.06999999998 658371.80000000016 13.505000000000001 7.4298095000000002 6.6682280000000009 10.946487250000002 22.780000000000005 4.963638200000001 -20.547499999999996 27.855000000000004 14.595000000000001 2455717.0000000005 9.2620390000000015 43.397500000000008 19.010000000000005 45.995000000000005 20.227500000000003 16.4025 -23.834999999999997 11.115 11.790832750000002 22.067504500000002 2.9774999999999987 43.222500000000004 23.145000000000003 11.510000000000002 1.0000000180025095e-35
decision_type=2 2 2 2 2 2 2 2 2 2 2 2 2 2 2 2 2 2 2 2 2 2 2 2 2 2 2 2 2 2
left_child=1 2 3 -1 29 8 7 -7 9 10 14 -11 -13 -10 22 -15 17 20 -18 -20 23 -4 -6 -17 25 -25 27 -26 -12 -3
right_child=-2 4 21 -5 5 6 -8 -9 13 11 28 12 -14 15 -16 16 18 -19 19 -21 -22 -23 -24 24 26 -27 -28 -29 -30 -31
leaf_value=0.040814973093435042 -0.032652147589862103 -0.00091680077716334318 0.081768235204120479 0.16602293517928393 0.069337114001459935 -0.047608578895370283 -0.018182580726778013 -0.15647378292153866 -0.075315118702844935 -0.067058104051179013 0.028347874682928837 0.080844207957461986 -0.080518196590922103 0.10831817244179548 -0.11856064225236576 0.088073567221773438 -0.094746387789088601 0.12415769762463041 0.030399177037636001 -0.051902230379843643 -0.10261613584377549 0.0047441571082466943 -0.004500413340864891 -0.014963673910457252 0.031867168047082881 0.03035743058495758 -0.066846587384740516 0.14354450104403355 -0.058981159177092804 0.01352722031082982
leaf_weight=222 305 7235 45 21 51 215 516 34 52 38 35 149 22 32 27 47 52 27 102 79 22 2007 783 412 350 176 24 21 421 1367
leaf_count=222 305 7235 45 21 51 215 516 34 52 38 35 149 22 32 27 47 52 27 102 79 22 2007 783 412 350 176 24 21 421 1367
internal_value=-0.000402466 0.000271982 0.0112194 0.0516354 -0.00177247 -0.0091241 -0.0325989 -0.0624737 -0.00297823 -0.0126484 -0.0205221 0.0369674 0.0600841 0.00759247 -0.00370356 0.0108002 0.00842171 0.0157328 -0.0254351 -0.00552243 0.01295 0.00643328 1.48311e-05 0.0154184 0.0119446 -0.00139817 0.0318066 0.0381885 -0.0522783 0.00137859
internal_weight=14889 14584 2295 243 12289 3687 765 249 2922 1526 1317 209 171 1396 861 1344 1312 1079 233 181 1052 2052 834 1030 983 588 395 371 456 8602
internal_count=14889 14584 2295 243 12289 3687 765 249 2922 1526 1317 209 171 1396 861 1344 1312 1079 233 181 1052 2052 834 1030 983 588 395 371 456 8602
is_linear=0
shrinkage=0.05


Tree=108
num_leaves=31
num_cat=0
split_feature=10 11 10 7 14 10 8 6 7 5 19 13 19 0 18 18 6 2 8 18 0 17 17 16 16 16 14 11 11 16
split_gain=116.909 117.835 160.26 108.981 133.484 103.14 104.499 141.451 203.469 174.432 117.658 120.226 98.4834 140.326 130.604 145.004 197.737 113.486 98.2411 97.4295 94.9639 130.957 183.184 134.073 99.4348 110.981 94.2642 94.2633 92.5658 123.712
threshold=43.805000000000007 -5.6849999999999978 19.495000000000001 70949.460000000021 30.705000000000005 17.285000000000004 -1.0205536499999999 22.763412500000005 367923.40000000008 14.215000000000002 6.3800000000000008 15.765000000000002 5.3150000000000004 25.500000000000004 -4.8799999999999981 -20.547499999999996 21.653427500000003 1.0000000180025095e-35 7.0139007500000012 11.632500000000002 7.5000000000000009 18.297500000000003 17.572500000000002 24.457500000000003 21.195000000000004 21.642500000000002 15.735000000000001 -23.834999999999997 1.0049999999999992 28.367500000000003
decision_type=2 2 2 2 2 2 2 2 2 2 2 2 2 2 2 2 2 2 2 2 2 2 2 2 2 2 2 2 2 2
left_child=1 2 3 -1 -5 6 7 9 -9 20 11 -11 13 -7 15 26 17 -17 28 -10 -3 22 23 24 -22 -26 -15 -4 29 -8
right_child=-2 5 27 4 -6 12 18 8 19 10 -12 -13 -14 14 -16 16 -18 -19 -20 -21 21 -23 -24 -25 25 -27 -28 -29 -30 -31
leaf_value=0.020574093236198243 -0.031019540012462949 -0.021838262306245387 0.077679823336915838 0.053238169276281389 0.18140941991337711 -0.016916065918891804 0.0071111119860759915 0.1524553733487283 -0.0093572937011380097 -0.038122812753507908 -0.13555071609360833 0.04769932811458906 0.015964368332067352 -0.1076555257042249 -0.0059961041542784315 0.018822851754993632 0.16597856432199479 0.11358103390250887 -0.030759627007071424 0.10379953043492329 0.019808614434592739 -0.03317389631830156 0.1542424504024287 -0.015689279072670675 0.178820255915211 0.043204186938237403 -0.0018381256157769252 0.0045069493199263013 0.0024696748441687382 0.035106689951790497
leaf_weight=141 305 368 45 74 28 2519 1059 31 110 438 28 45 457 24 2472 325 28 35 166 23 308 150 24 241 22 48 171 2007 2568 629
leaf_count=141 305 368 45 74 28 2519 1059 31 110 438 28 45 457 24 2472 325 28 35 166 23 308 150 24 241 22 48 171 2007 2568 629
internal_value=-0.000382342 0.000258383 0.0106584 0.0490536 0.0884224 -0.00168385 0.00281293 -0.00721433 0.0370988 -0.0115608 -0.0359036 -0.030127 -0.00634988 -0.00817937 -0.000975535 0.0203124 0.0379901 0.0280355 0.00697621 0.0102112 -0.000846652 0.00889473 0.0187086 0.0134536 0.0320341 0.0858264 -0.0148618 0.00611162 0.00844805 0.0175431
internal_weight=14889 14584 2295 243 102 12289 6258 1836 164 1672 511 483 6031 5574 3055 583 388 360 4422 133 1161 793 643 619 378 70 195 2052 4256 1688
internal_count=14889 14584 2295 243 102 12289 6258 1836 164 1672 511 483 6031 5574 3055 583 388 360 4422 133 1161 793 643 619 378 70 195 2052 4256 1688
is_linear=0
shrinkage=0.05


Tree=109
num_leaves=31
num_cat=0
split_feature=10 11 10 12 18 7 15 17 14 3 6 11 15 3 6 6 14 14 14 12 6 14 14 6 9 16 15 16 18 13
split_gain=105.51 106.346 144.635 105.238 174.18 130.505 121.427 339.261 187.6 123.647 193.259 121.324 183.109 170.342 148.573 146.455 125.564 191.542 141.281 137.474 119.746 157.184 118.106 107.994 387.5 125.902 186.989 137.35 182.531 245.614
threshold=43.805000000000007 -5.6849999999999978 19.495000000000001 17.245000000000001 3.2375000000000012 1432044.0500000003 10.535000000000002 11.317500000000001 22.972500000000004 4.2221070000000003 16.948731000000006 -2.2099999999999995 6.0775000000000006 2.0039062500000004 4.0121155000000011 3.2280731500000006 42.88750000000001 29.785000000000004 28.367500000000003 30.050000000000004 22.155853000000004 36.985000000000007 38.072500000000005 -4.2765196499999991 -213540.59999999983 21.195000000000004 25.977500000000003 17.020000000000003 0.2899999999999992 15.765000000000002
decision_type=2 2 2 2 2 2 2 2 2 2 2 2 2 2 2 2 2 2 2 2 2 2 2 2 2 2 2 2 2 2
left_child=1 2 -1 20 11 6 8 -8 -6 -9 22 -5 -13 -14 15 -15 17 18 19 -16 23 -22 -11 24 -3 26 27 -25 29 -29
right_child=-2 3 -4 4 5 -7 7 9 -10 10 -12 12 13 14 16 -17 -18 -19 -20 -21 21 -23 -24 25 -26 -27 -28 28 -30 -31
leaf_value=0.046600961864546493 -0.029468562934875916 0.22144487331742826 0.005806036723352611 -0.062557492208404425 0.047793573682782045 -0.070765905575345928 0.20263884599719728 0.064854786881899593 -0.061946463182960688 -0.09094348218420456 0.084894417811717304 0.12744280617861523 -0.06650639763943493 0.0093297793902456776 -0.029795255880711264 0.14641058798189518 0.075625318942606573 -0.072931855966318529 0.11690973030484242 0.085678600917259859 0.025266886454178458 -0.032788160372258388 0.0087119438181646539 -0.0029773853400328659 0.011384721622246996 0.001447675817507074 0.067378039122791972 -0.0095746864131422138 -0.036065302744742504 0.1169032134115696
leaf_weight=243 305 23 2052 195 66 46 28 94 95 58 42 21 166 70 183 27 31 151 23 30 817 136 61 1742 483 6150 75 446 988 42
leaf_count=243 305 23 2052 195 66 46 28 94 95 58 42 21 166 70 183 27 31 151 23 30 817 136 61 1742 483 6150 75 446 988 42
internal_value=-0.000363225 0.000245464 0.0101255 -0.00159966 -0.0145718 0.00940151 0.0177071 0.0374294 -0.0169599 0.0192887 -0.00731508 -0.0276676 -0.017976 -0.0224603 -0.00826292 0.0474863 -0.0211999 -0.028956 -0.000818856 -0.0135313 5.07218e-05 0.016982 -0.0398596 -0.0015711 0.0209329 -0.00277697 -0.0106669 -0.0124859 -0.0237079 0.00131071
internal_weight=14889 14584 2295 12289 1387 490 444 283 161 255 161 897 702 681 515 97 418 387 236 213 10902 953 119 9949 506 9443 3293 3218 1476 488
internal_count=14889 14584 2295 12289 1387 490 444 283 161 255 161 897 702 681 515 97 418 387 236 213 10902 953 119 9949 506 9443 3293 3218 1476 488
is_linear=0
shrinkage=0.05


Tree=110
num_leaves=31
num_cat=0
split_feature=10 16 12 12 15 6 8 14 16 16 3 14 18 15 0 14 3 10 0 12 19 6 0 12 3 11 18 18 5 8
split_gain=81.4709 106.939 100.618 174.882 88.1932 152.358 244.904 145.143 196.191 365.335 376.502 152.82 160.828 168.39 149.335 175.273 221.977 216.022 431.754 179.952 175.342 193.398 141.476 184.614 137.492 172.669 136.818 287.017 363.874 191.343
threshold=8.9250000000000025 9.5150000000000023 23.005000000000006 19.035000000000004 10.965000000000002 23.945266500000002 -1.6834716499999998 38.295000000000009 28.605000000000008 28.960000000000004 7.3145598500000011 24.870000000000001 4.3699999999999983 10.535000000000002 7.5000000000000009 21.740000000000006 -3.6960753999999993 16.705000000000002 34.500000000000007 18.600000000000005 -1.5849999999999989 21.009460500000003 25.500000000000004 17.075000000000003 -4.0729369999999987 2.0400000000000023 -3.7124999999999937 -1.0449999999999988 16.275000000000002 -0.078857450000000537
decision_type=2 2 2 2 2 2 2 2 2 2 2 2 2 2 2 2 2 2 2 2 2 2 2 2 2 2 2 2 2 2
left_child=2 -2 3 -1 5 7 -7 8 11 10 -10 14 -13 -14 -3 16 24 18 19 -17 21 -19 -8 -24 -16 -26 29 28 -28 -6
right_child=1 4 -4 -5 26 6 22 -9 9 -11 -12 12 13 -15 15 17 -18 20 -20 -21 -22 -23 23 -25 25 -27 27 -29 -30 -31
leaf_value=0.033602958844817232 -0.042729328788938814 -0.020276642766051303 0.1035637212296327 -0.12431843776255846 -0.0090640090626096567 -0.078290583128514502 0.017013115127538815 -0.088325333940546702 0.32421187406236474 0.022545421549405618 0.024466880299150947 -0.033127920399832464 -0.0016796929622701123 0.11101064781347912 0.021520960266810864 0.074389776477768815 -0.0098598751050007483 0.030735549018833283 0.23618389436831844 -0.094893121048808093 -0.031096187051972032 0.19200583483491626 0.26982113577070693 0.080179832841862336 0.041862307402950071 0.19967288827666871 -0.017120601281553814 -0.00095630581279221012 -0.10146309993229807 0.017169259357968467
leaf_weight=142 149 349 39 20 1132 23 29 41 22 260 20 508 221 39 376 73 786 162 39 20 108 21 21 33 52 26 1477 6710 140 1801
leaf_count=142 149 349 39 20 1132 23 29 41 22 260 20 508 221 39 376 73 786 162 39 20 108 21 21 33 52 26 1477 6710 140 1801
internal_value=-0.00015249 -0.000586627 0.0314639 0.0141065 -0.000153245 0.00713132 0.0660837 0.00513037 0.00637362 0.0446484 0.181476 0.00221571 -0.0167588 0.0152239 0.00945848 0.0156987 0.00621803 0.0434909 0.0965437 0.0379849 0.0194258 0.049242 0.106091 0.153929 0.0340533 0.0944658 -0.00224222 -0.00551324 -0.024423 0.00704445
internal_weight=14839 14638 201 162 14489 3229 106 3123 3082 302 42 2780 768 260 2012 1663 1240 423 132 93 291 183 83 54 454 78 11260 8327 1617 2933
internal_count=14839 14638 201 162 14489 3229 106 3123 3082 302 42 2780 768 260 2012 1663 1240 423 132 93 291 183 83 54 454 78 11260 8327 1617 2933
is_linear=0
shrinkage=0.05


Tree=111
num_leaves=31
num_cat=0
split_feature=7 8 8 3 8 19 19 15 4 10 8 3 8 17 18 3 15 3 15 8 19 19 19 18 6 0 16 10 3 8
split_gain=82.4657 172.439 205.069 146.415 131.064 120.191 156.746 291.342 255.332 414.001 181.234 212.572 135.872 137.017 119.174 268.598 175.814 174.863 248.196 185.682 210.123 150.273 195.427 116.783 168.055 115.788 114.779 110.843 311.841 155.903
threshold=753086.25000000012 -0.28501935000000106 -0.24433864999999952 -3.6960753999999993 6.1252746500000006 -8.0074999999999985 -5.4575000000000005 12.357500000000002 777.93105000000014 17.095000000000002 -0.89813222499999978 -1.9880675999999997 -7.8113250499999998 26.812500000000004 -4.1449999999999987 18.437744000000006 17.925000000000004 14.241058500000001 24.645000000000003 4.7405697000000009 0.45499999999999924 2.9075000000000002 1.6325000000000032 -0.94999999999999918 -3.3144988999999998 26.500000000000004 22.740000000000006 11.115 21.234603500000002 -1.2059020349999996
decision_type=2 2 2 2 2 2 2 2 2 2 2 2 2 2 2 2 2 2 2 2 2 2 2 2 2 2 2 2 2 2
left_child=4 3 -3 23 5 26 7 8 10 -10 -7 -12 -8 27 15 -4 -17 18 19 21 -21 22 -16 -2 -25 -23 -1 28 29 -14
right_child=1 2 14 -5 -6 6 12 -9 9 -11 11 -13 13 -15 17 16 -18 -19 -20 20 -22 25 -24 24 -26 -27 -28 -29 -30 -31
leaf_value=-0.048946026385362662 -0.017154451798647642 0.11908778643638299 0.042152070673605935 -0.021173057633115056 -0.031511965276683485 0.093959460534258854 -0.056807683125922562 -0.0025821507496877408 0.25493987433612347 0.045846799749917157 -0.10400220634489273 0.040213733763457875 -0.035455979117571174 -0.045588625224756332 -0.029857482997993314 -0.054940380529011304 0.029778023839928211 0.010678096548569984 0.050740361103545066 0.1221279950934418 -0.018595992330099561 0.06696988448811074 -0.094062067640238806 -0.030197654371149841 0.14886415981148418 -0.049633610485629608 0.0079915306139798237 0.0025716853286551033 0.16547813337497616 0.029234364413607834
leaf_weight=210 50 37 440 1720 278 72 95 343 40 58 38 78 118 141 649 158 100 913 115 42 72 60 145 20 38 33 153 8144 37 442
leaf_count=210 50 37 440 1720 278 72 95 343 40 58 38 78 118 141 649 158 100 913 115 42 72 60 145 20 38 33 153 8144 37 442
internal_value=-0.000144866 -0.0057129 0.00216674 -0.0176272 0.00235034 0.00329464 0.00436188 0.0284908 0.0657566 0.131191 0.0316472 -0.00702942 0.00267122 0.0033074 0.000580352 0.0184013 -0.0221038 -0.00555028 -0.0188267 -0.0268189 0.0332497 -0.0345391 -0.0415825 0.0388441 0.0871187 0.0255945 -0.0249476 0.00409613 0.0248919 0.0156032
internal_weight=14839 4592 2764 1828 10247 9969 9606 629 286 98 188 116 8977 8882 2727 698 258 2029 1116 1001 114 887 794 108 58 93 363 8741 597 560
internal_count=14839 4592 2764 1828 10247 9969 9606 629 286 98 188 116 8977 8882 2727 698 258 2029 1116 1001 114 887 794 108 58 93 363 8741 597 560
is_linear=0
shrinkage=0.05


Tree=112
num_leaves=31
num_cat=0
split_feature=19 19 13 19 19 18 19 1 13 6 14 6 3 3 3 14 10 18 12 6 11 17 4 16 16 5 16 6 8 3
split_gain=77.1478 230.669 217.52 209.311 203.179 199.391 175.759 144.924 151.077 156.304 146.932 162.354 141.091 137.543 132.811 123.296 113.181 108.365 102.499 173.938 136.209 96.7382 94.2975 90.669 177.718 163.133 177.147 124.04 124.938 120.241
threshold=1.4200000000000019 1.2324999999999988 12.160000000000002 1.7675000000000003 0.46750000000000119 -6.1024999999999965 1.6325000000000032 5.5000000000000009 3.0050000000000003 6.0148773000000011 14.182500000000001 -2.8919829999999997 20.266724000000004 2.4355163500000003 2.6882476500000005 61.602500000000006 39.610000000000007 -3.7124999999999937 8.3550000000000022 6.3892822500000017 7.9650000000000034 16.390000000000004 5.4010890000000007 41.620000000000012 38.165000000000006 9.2950000000000017 54.872500000000009 6.1692505000000013 1.4432530000000015 5.4526367000000002
decision_type=2 2 2 2 2 2 2 2 2 2 2 2 2 2 2 2 2 2 2 2 2 2 2 2 2 2 2 2 2 2
left_child=1 2 7 5 12 -2 -7 23 9 -9 -10 22 14 -3 -4 16 -5 -13 20 -20 -15 -18 -12 24 -1 -25 29 28 -26 -27
right_child=3 13 4 15 -6 6 -8 8 10 -11 11 17 -14 18 -16 -17 21 -19 19 -21 -22 -23 -24 25 27 26 -28 -29 -30 -31
leaf_value=0.0021586725281907389 0.034633210759803461 0.083390572808347038 -0.01775970831513405 -8.7152156253203961e-05 0.16524897964735485 -0.023270544697562845 -0.093923780239390173 -0.14938531783187675 -0.047591099619503481 -0.030011400776101822 0.034583259373903275 0.020574907617369069 -0.042240455001592639 -0.027482114265264153 0.061489315426485891 -0.094204734762509679 -0.094936560997265884 -0.0250562889489028 -0.0017682831347832142 0.12891840908904464 0.064299693076234107 0.0036706664924358217 0.16755232634022832 0.0076712615022507431 0.050476838332871282 -0.14324967927973847 0.0087321759663233217 0.018706354126543322 0.17477220664421719 -0.038165523685454096
leaf_weight=6538 77 122 70 4375 29 202 156 42 211 79 40 210 60 139 216 36 59 342 53 49 57 43 20 650 62 29 232 167 30 444
leaf_count=6538 77 122 70 4375 29 202 156 42 211 79 40 210 60 139 216 36 59 342 53 49 57 43 20 650 62 29 232 167 30 444
internal_value=-0.000137623 0.00241228 0.00080434 -0.00523486 0.0381235 -0.0383586 -0.054058 -0.000734213 -0.0192807 -0.071447 -0.011611 0.000793883 0.0274685 0.0386714 0.0420927 -0.00204212 -0.00130103 -0.00769659 0.0203636 0.0610126 -0.000790466 -0.0533668 0.0789063 0.00141346 0.00376785 -0.0103967 -0.0270551 0.0443888 0.0910079 -0.0446083
internal_weight=14839 9891 9471 4948 375 435 358 9096 944 121 823 612 346 420 286 4513 4477 552 298 102 196 102 60 8152 6797 1355 705 259 92 473
internal_count=14839 9891 9471 4948 375 435 358 9096 944 121 823 612 346 420 286 4513 4477 552 298 102 196 102 60 8152 6797 1355 705 259 92 473
is_linear=0
shrinkage=0.05


Tree=113
num_leaves=31
num_cat=0
split_feature=13 13 8 13 17 5 18 18 10 18 18 8 5 8 17 18 15 9 8 14 8 14 14 14 7 9 13 15 14 15
split_gain=75.3773 108.395 138.928 188.245 132.556 83.4627 68.8577 424.599 185.904 165.991 265.239 150.288 146.205 139.555 164.003 132.285 176.796 144.903 135.222 129.873 144.193 125.803 124.938 129.897 127.661 122.901 206.398 132.298 303.898 199.429
threshold=22.385000000000002 17.425000000000004 -0.78787228499999984 18.955000000000002 14.577500000000002 21.650000000000002 4.3699999999999983 4.5024999999999995 16.245000000000001 1.6749999999999992 1.8300000000000003 -1.6834716499999998 0.23500000000000004 1.5048218500000001 15.575000000000001 7.7175000000000002 8.7425000000000015 4.9945499999999834 -5.2059325999999997 55.812500000000007 3.9093170000000002 29.417500000000004 34.177500000000002 28.367500000000003 1128413.3000000003 147488.85000000001 12.215000000000002 10.965000000000002 28.367500000000003 10.8375
decision_type=2 2 2 2 2 2 2 2 2 2 2 2 2 2 2 2 2 2 2 2 2 2 2 2 2 2 2 2 2 2
left_child=1 6 -3 5 -5 -4 9 8 -8 25 -11 -12 -13 15 21 16 -9 -18 -19 20 -16 -15 23 -17 -24 27 -27 28 -1 -30
right_child=-2 2 3 4 -6 -7 7 13 -10 10 11 12 -14 14 19 22 17 18 -20 -21 -22 -23 24 -25 -26 26 -28 -29 29 -31
leaf_value=0.008229355145408606 -0.070460930030400812 -0.036652909097229618 0.074734802712996803 -0.042461249012980734 0.069561858159368453 0.18186148423701526 0.17591743996230569 -0.048446376472711564 0.053344185351734123 -0.0782421394356837 -0.030760951660378146 -0.096561522898264238 0.00015631921495700899 -0.041772355712658055 0.035241370974393914 0.0065584577748086306 0.013468944167921154 0.17430137629094333 0.047856308694196631 -0.044635520278077045 -0.051297676516696811 -0.15408433675765992 0.018320299049096152 -0.04041967189350168 -0.016812301022858741 -0.018024752462784462 0.11489662845929466 -0.00043876676224988874 0.047821294441646726 0.17257669071356457
leaf_weight=1533 38 58 75 62 46 24 41 80 126 150 621 40 1688 102 204 260 505 23 262 140 63 33 864 339 369 1102 30 5784 135 42
leaf_count=1533 38 58 75 62 46 24 41 80 126 150 621 40 1688 102 204 260 505 23 262 140 63 33 864 339 369 1102 30 5784 135 42
internal_value=-0.000130741 4.98239e-05 0.0317402 0.0509035 0.0052523 0.100705 -0.000527911 0.00568697 0.083437 -0.00243344 -0.0137805 -0.00966417 -0.00208252 0.00168442 -0.0214706 0.00632913 0.0223832 0.0295558 0.0580606 -0.00563019 0.014822 -0.0692264 -0.0012948 -0.0200285 0.00780616 0.000853871 -0.0145021 0.00317345 0.0153916 0.0774243
internal_weight=14839 14801 265 207 108 99 14536 3411 167 11125 2499 2349 1728 3244 542 2702 870 790 285 407 267 135 1832 599 1233 8626 1132 7494 1710 177
internal_count=14839 14801 265 207 108 99 14536 3411 167 11125 2499 2349 1728 3244 542 2702 870 790 285 407 267 135 1832 599 1233 8626 1132 7494 1710 177
is_linear=0
shrinkage=0.05


Tree=114
num_leaves=31
num_cat=0
split_feature=13 13 19 8 17 6 5 16 6 7 18 19 16 18 0 3 8 18 15 8 14 11 1 7 16 16 6 15 3 15
split_gain=68.028 97.8262 146.367 182.716 194.774 192.725 66.6143 181.417 168.788 166.759 213.83 474.83 264.067 349.549 263.375 200.917 184.246 173.564 173.559 150.278 150.064 134.134 132.065 258.993 131.905 268.839 122.09 120.249 116.046 142.443
threshold=22.385000000000002 17.425000000000004 7.3525000000000009 -0.78787228499999984 10.535000000000002 21.124298000000007 14.995000000000003 12.640000000000002 11.790832750000002 903619.47500000009 -0.49249999999999966 -5.1999999999999984 27.855000000000004 0.3475000000000002 37.500000000000007 12.109299000000002 -3.5407256999999999 -0.019999999999997794 13.445000000000002 0.11026000000000026 38.435000000000009 14.130000000000003 2.5000000000000004 277340.99000000005 14.595000000000001 16.860000000000003 -3.9000549499999995 22.637500000000003 -3.6960753999999993 15.780000000000003
decision_type=2 2 2 2 2 2 2 2 2 2 2 2 2 2 2 2 2 2 2 2 2 2 2 2 2 2 2 2 2 2
left_child=1 6 3 -3 -5 -6 28 22 9 10 11 -9 16 14 -14 20 -12 -11 -15 -20 21 -13 23 -8 26 -26 -18 -10 29 -1
right_child=-2 2 -4 4 5 -7 7 8 27 17 12 15 13 18 -16 -17 24 -19 19 -21 -22 -23 -24 -25 25 -27 -28 -29 -30 -31
leaf_value=0.034793775606476056 -0.066937884896086819 -0.034820263848061965 -0.08250984750114955 -0.062408077239990235 0.064809991835084346 0.22156135867471283 -0.037300110207614277 0.21265846351566525 -0.014572003262999312 0.0091853543153994684 -0.1030718658315508 -0.01208029911804487 0.076402866481630902 0.063446745741878405 0.25569582843419275 0.11779870345042304 0.0074650142432712927 -0.088740369120819715 0.039331841578979683 -0.059299541565857518 -0.1037406628606496 -0.14385049447417261 -0.073618357070351401 0.15446185210631008 -0.088406714496927136 0.01668778152664787 0.12875716975402265 -0.091670605723025669 0.00016129410659813451 -0.029823423064170552
leaf_weight=474 38 58 26 25 133 23 109 23 1105 91 38 562 54 199 33 26 41 90 82 73 54 20 166 21 72 393 42 53 10611 104
leaf_count=474 38 58 26 25 133 23 109 23 1105 91 38 562 54 199 33 26 41 90 82 73 54 20 166 21 72 393 42 53 10611 104
internal_value=-0.000124204 4.73327e-05 0.0301532 0.0424095 0.0671571 0.0879208 -0.000501516 -0.00669021 -0.0030644 0.00613372 0.010959 -0.0106777 0.0253906 0.0546167 0.144411 -0.0184371 0.00339616 -0.039507 0.0325487 -0.00712036 -0.0240065 -0.0166085 -0.044063 -0.00632318 0.010779 0.000415085 0.0688418 -0.0181007 0.00134973 0.0231672
internal_weight=14839 14801 265 239 181 156 14536 3347 3051 1893 1712 685 1027 441 87 662 586 181 354 155 636 582 296 130 548 465 83 1158 11189 578
internal_count=14839 14801 265 239 181 156 14536 3347 3051 1893 1712 685 1027 441 87 662 586 181 354 155 636 582 296 130 548 465 83 1158 11189 578
is_linear=0
shrinkage=0.05


Tree=115
num_leaves=31
num_cat=0
split_feature=14 6 16 5 15 0 3 9 0 12 12 17 17 17 7 5 15 4 4 16 19 11 5 1 16 15 3 10 19 19
split_gain=94.6968 82.0933 205.397 287.191 105.278 81.4682 74.8548 73.1114 68.7507 67.5164 175.903 171.185 147.444 189.076 109.803 157.685 98.2838 304.065 103.079 107.541 177.378 107.54 112.246 239.74 303.511 211.474 131.341 104.494 102.047 97.6759
threshold=7.3325000000000005 23.945266500000002 20.407500000000002 12.155000000000003 17.310000000000002 31.500000000000004 -6.4804688499999985 -408901.125 46.500000000000007 17.175000000000004 17.005000000000006 12.990000000000002 18.312500000000004 20.347500000000004 1014010.1200000001 14.995000000000003 6.2475000000000005 252773.57500000004 642454.30000000016 23.582500000000003 2.8450000000000002 5.5099999999999998 19.635000000000002 2.5000000000000004 28.960000000000004 13.030000000000003 18.437744000000006 13.375000000000002 -1.9474999999999996 -5.2300000000000013
decision_type=2 2 2 2 2 2 2 2 2 2 2 2 2 2 2 2 2 2 2 2 2 2 2 2 2 2 2 2 2 2
left_child=5 6 3 -3 7 -1 -2 -4 9 10 -8 -12 16 14 15 -14 17 -11 19 -18 21 22 26 -24 -25 -26 -21 -23 -20 -15
right_child=1 2 4 -5 -6 -7 8 -9 -10 12 11 -13 13 29 -16 -17 18 -19 28 20 -22 27 23 24 25 -27 -28 -29 -30 -31
leaf_value=-0.092060318490599882 0.05510471534388537 -0.0082926203807195033 0.087386563458052041 0.21475984312353599 -0.053316847793962154 0.015349585300794355 0.0009336178557250894 0.0077924997321834784 -0.024004712904377886 -0.037704640409044393 0.16564032850692456 -0.0070848759980155877 0.17776793044060468 -0.036654425603716394 -0.019817437477675934 0.046132108511833046 -0.03712131004624708 0.15363174852435335 -0.12702983245253563 -0.0028394526795205411 0.10789781152137688 -0.13520602120026468 -0.053719530990929347 0.21914888377542849 -0.050842700098556549 0.10017077573099915 -0.083964017644280298 -0.0031643104321997743 -0.036602502987350349 0.037703097304877115
leaf_weight=51 61 27 37 31 57 27 12403 131 302 56 32 26 35 126 28 65 322 33 37 274 35 31 56 27 44 49 61 29 199 68
leaf_count=51 61 27 37 31 57 27 12403 131 302 56 32 26 35 126 28 65 322 33 37 274 35 31 56 27 44 49 61 29 199 68
internal_value=6.65117e-05 0.000358422 0.0270273 0.110925 0.00540027 -0.05488 -0.000165731 0.0253221 -0.000400875 0.000106987 0.00133986 0.0882118 -0.00964716 0.0205308 0.0676998 0.0922046 -0.0174024 0.0332403 -0.0212746 -0.0137711 -0.00136391 -0.00806121 -0.000625831 0.0317046 0.0715692 0.0287235 -0.0176114 -0.0713859 -0.0507797 -0.010591
internal_weight=14760 14682 283 58 225 78 14399 168 14338 14036 12461 58 1575 322 128 100 1253 89 1164 928 606 571 511 176 120 93 335 60 236 194
internal_count=14760 14682 283 58 225 78 14399 168 14338 14036 12461 58 1575 322 128 100 1253 89 1164 928 606 571 511 176 120 93 335 60 236 194
is_linear=0
shrinkage=0.05


Tree=116
num_leaves=31
num_cat=0
split_feature=14 6 14 12 5 8 6 14 5 14 16 8 0 19 19 19 15 6 13 14 14 8 11 15 6 15 17 17 9 16
split_gain=85.4639 77.4152 159.73 159.842 380.253 151.97 138.519 147.696 113.064 141.013 101.871 159.454 107.002 80.6075 303.162 168.711 165.008 159.825 147.336 149.657 161.021 123.624 119.08 112.291 111.346 101.173 97.5123 100.679 300.134 156.073
threshold=7.3325000000000005 22.155853000000004 36.985000000000007 14.905000000000003 20.005000000000006 -2.6026459999999996 24.399262000000004 21.695000000000004 8.0250000000000004 22.985000000000003 20.407500000000002 0.11026000000000026 21.500000000000004 1.6325000000000032 1.7675000000000003 1.2324999999999988 27.545000000000005 16.443359000000004 11.255000000000001 11.432500000000003 12.527500000000002 2.5581512800000001 22.585000000000004 20.347500000000004 -4.7410124999999992 22.415000000000003 25.210000000000004 23.135000000000002 -310639.18999999989 39.335000000000008
decision_type=2 2 2 2 2 2 2 2 2 2 2 2 2 2 2 2 2 2 2 2 2 2 2 2 2 2 2 2 2 2
left_child=-1 13 3 4 8 -5 -7 -8 9 -3 11 12 -10 15 16 18 -15 21 22 -20 -21 -17 -2 -24 -16 -25 27 29 -29 -26
right_child=1 2 -4 5 -6 6 7 -9 10 -11 -12 -13 -14 14 24 17 -18 -19 19 20 -22 -23 23 25 26 -27 -28 28 -30 -31
leaf_value=-0.052135969137247551 -0.00072660611210416956 -0.032636957391575502 -0.034874060962394607 0.12224979102611543 0.2453167036175728 -0.027516336641031414 0.14056726674790737 -0.038701972821727396 0.058592323875719943 0.079334514806313178 0.022453779749085093 0.0070833553643480165 0.15976606387721035 -0.088904012348732839 0.047038125793915246 0.055137992281862329 0.022308861776920305 -0.044331416532848826 -0.035689329234883188 0.15482753690864359 0.030562502183221069 -2.6657143607735637e-05 -0.084880398219542172 0.07428312349532333 -0.0084632163682120259 -0.058965113861807465 0.072770732231438165 -0.15245006170537737 0.013527398883108645 0.020606991005932926
leaf_weight=78 7879 143 164 21 20 327 27 20 56 35 476 67 49 162 106 339 42 66 80 28 378 145 82 28 3220 29 40 45 69 539
leaf_count=78 7879 143 164 21 20 327 27 20 56 35 476 67 49 162 106 339 42 66 80 28 378 145 82 28 3220 29 40 45 69 539
internal_value=6.31861e-05 0.000340501 0.0115015 0.0176301 0.0298915 -0.00863119 -0.0159801 0.0642825 0.0246754 -0.0106201 0.0343708 0.0673505 0.105807 -0.000840578 -0.00654508 0.00182014 -0.0660072 0.0286583 8.43682e-05 0.0268162 0.0391325 0.0386114 -0.00153594 -0.0474119 -0.00352684 0.00649016 -0.00489661 -0.00569875 -0.05199 -0.00429486
internal_weight=14760 14682 1405 1241 846 395 374 47 826 178 648 172 105 13277 4223 9054 204 550 8504 486 406 484 8018 139 4019 57 3913 3873 114 3759
internal_count=14760 14682 1405 1241 846 395 374 47 826 178 648 172 105 13277 4223 9054 204 550 8504 486 406 484 8018 139 4019 57 3913 3873 114 3759
is_linear=0
shrinkage=0.05


Tree=117
num_leaves=31
num_cat=0
split_feature=14 6 14 12 5 3 6 14 5 14 16 8 5 14 19 5 19 19 19 3 15 13 6 1 8 3 14 13 8 14
split_gain=77.1312 69.8672 144.156 144.257 343.179 140.27 125.898 133.295 102.04 127.264 91.9385 143.907 79.7761 96.2651 84.6832 108.217 72.7483 273.604 152.262 162.187 148.919 132.971 137.146 119.522 182.721 224.563 243.052 125.439 112.533 100.905
threshold=7.3325000000000005 22.155853000000004 36.985000000000007 14.905000000000003 20.005000000000006 20.658020000000004 24.399262000000004 21.695000000000004 8.0250000000000004 22.985000000000003 20.407500000000002 0.11026000000000026 19.105000000000004 19.402500000000003 -1.3650000000000018 30.050000000000004 1.6325000000000032 1.7675000000000003 1.2324999999999988 16.443359000000004 27.545000000000005 11.255000000000001 21.555847000000004 5.5000000000000009 1.9061125500000005 2.5557556000000003 18.185000000000002 7.3150000000000004 2.5581512800000001 11.432500000000003
decision_type=2 2 2 2 2 2 2 2 2 2 2 2 2 2 2 2 2 2 2 2 2 2 2 2 2 2 2 2 2 2
left_child=-1 16 3 4 8 -5 12 -8 9 -3 11 -10 13 -7 -14 -16 18 20 21 28 -18 23 29 -2 27 26 -26 -25 -20 -23
right_child=1 2 -4 5 -6 6 7 -9 10 -11 -12 -13 14 -15 15 -17 17 -19 19 -21 -22 22 -24 24 25 -27 -28 -29 -30 -31
leaf_value=-0.049529170290304299 0.00053345687997967731 -0.031005108807157806 -0.033130358081884546 0.11448670747605237 0.23305086825042964 0.089205753090588952 0.1335389018472698 -0.036766873287851921 0.10051639710020806 0.07536779041801181 0.02133109081583489 0.0067291878344518932 -0.13454401913498129 -0.01945924729020361 -0.063810094042370716 0.064604211492197847 -0.084458811800742967 -0.0033505004771074878 0.052514496417078074 -0.048949382970890694 0.021193418310334288 -0.031919498933861278 0.15368537783622743 -0.068550058203266262 -0.00027766600251197818 -0.0058246869798096127 0.24327164884834063 -0.018372980211349581 -2.5324197807188693e-05 0.030404720035592844
leaf_weight=78 7246 143 164 22 20 23 27 20 105 35 476 67 28 179 75 21 162 4019 343 62 42 78 20 187 20 171 21 373 145 388
leaf_count=78 7246 143 164 22 20 23 27 20 105 35 476 67 28 179 75 21 162 4019 343 62 42 78 20 187 20 171 21 373 145 388
internal_value=6.00268e-05 0.000323476 0.0109264 0.0167486 0.028397 -0.00819963 -0.0154358 0.0610684 0.0234417 -0.0100891 0.0326523 0.063983 -0.0264656 -0.0070865 -0.0580347 -0.0357195 -0.000798549 -0.00621782 0.00172913 0.0272253 -0.0627069 8.01498e-05 0.0254753 -0.00145914 -0.0201617 0.0193733 0.124467 -0.0351285 0.0369033 0.0199728
internal_weight=14760 14682 1405 1241 846 395 373 47 826 178 648 172 326 202 124 96 13277 4223 9054 550 204 8504 486 8018 772 212 41 560 488 466
internal_count=14760 14682 1405 1241 846 395 373 47 826 178 648 172 326 202 124 96 13277 4223 9054 550 204 8504 486 8018 772 212 41 560 488 466
is_linear=0
shrinkage=0.05


Tree=118
num_leaves=31
num_cat=0
split_feature=14 0 3 6 13 15 10 12 17 1 0 1 12 15 0 8 6 3 1 7 14 14 14 14 12 18 18 8 18 3
split_gain=69.6109 73.525 66.3582 66.6597 212.16 138.248 112.468 178.489 117.527 66.7065 115.438 63.3223 93.2044 59.8899 59.2326 56.7211 68.5671 256.19 149.177 81.5087 152.528 213.217 593.255 671.594 192.23 221.505 199.598 182.976 151.343 143.106
threshold=7.3325000000000005 31.500000000000004 -6.4804688499999985 23.098160000000004 16.275000000000002 17.310000000000002 17.485000000000003 20.255000000000006 9.1100000000000012 1.0000000180025095e-35 33.500000000000007 1.0000000180025095e-35 9.4350000000000005 9.8950000000000014 46.500000000000007 7.0139007500000012 -4.2765196499999991 1.0646209500000003 2.5000000000000004 433859.43000000005 20.232500000000005 24.870000000000001 24.16 24.320000000000004 10.435 -6.1549999999999967 -24.510000000000002 -0.94450349999999983 -35.102499999999992 1.1486816500000001
decision_type=2 2 2 2 2 2 2 2 2 2 2 2 2 2 2 2 2 2 2 2 2 2 2 2 2 2 2 2 2 2
left_child=1 -1 -2 14 5 6 7 8 -5 -10 13 12 -8 -11 15 16 17 18 -4 29 28 22 -22 -24 26 -26 -23 -28 -21 -18
right_child=2 -3 3 4 -6 -7 11 -9 9 10 -12 -13 -14 -15 -16 -17 19 -19 -20 20 21 24 23 -25 25 -27 27 -29 -30 -31
leaf_value=-0.08237404593211764 0.052348615535435683 0.019665363451672926 0.045328525807463417 0.13576995650401866 0.15817833597958089 -0.041434891525317326 -0.028427689755335453 -0.061626813178126877 0.11225070043884476 0.10845556002908519 -0.043485420192705425 -0.01429576599657432 0.11772066820412874 0.033757478840973069 -0.022832920090374301 -0.025027252208241636 -0.0098547531461224778 0.19385236160829666 -0.012071677164593505 0.07552504237645713 0.0029763086403445573 -0.066503158410631341 0.34419363565169853 0.06303476571980543 0.090087027809558781 -0.031757050646023195 -0.021260470250936251 0.013897680569638733 -0.024662332960796972 0.0062932457780989354
leaf_weight=51 61 27 190 39 25 110 20 37 29 35 41 225 24 115 295 226 1766 20 280 39 743 103 26 116 39 856 497 1449 1126 6150
leaf_count=51 61 27 190 39 25 110 20 37 29 35 41 225 24 115 295 226 1766 20 280 39 743 103 26 116 39 856 497 1449 1126 6150
internal_value=5.70255e-05 -0.0470527 0.000307302 9.01814e-05 0.0151458 0.00984832 0.0198327 0.0410988 0.0557739 0.0415928 0.0308647 -0.00356805 0.0512896 0.051187 -0.000666873 -0.000186982 0.000231966 0.0185906 0.0111327 -0.000464838 -0.00546677 -0.000646831 0.0208728 0.114515 -0.00711589 -0.0264476 0.00132819 0.00491844 -0.0213084 0.00269075
internal_weight=14760 78 14682 14621 700 675 565 296 259 220 191 269 44 150 13921 13626 13400 490 470 12910 4994 3829 885 142 2944 895 2049 1946 1165 7916
internal_count=14760 78 14682 14621 700 675 565 296 259 220 191 269 44 150 13921 13626 13400 490 470 12910 4994 3829 885 142 2944 895 2049 1946 1165 7916
is_linear=0
shrinkage=0.05


Tree=119
num_leaves=31
num_cat=0
split_feature=10 14 5 14 4 19 9 9 18 9 18 9 8 18 6 9 14 15 7 15 10 9 8 8 0 3 15 3 15 15
split_gain=65.9709 114.84 152.85 129.878 137.852 128.808 109.225 100.07 86.0757 150.359 124.002 95.4176 96.9998 78.2426 76.4591 136.383 216.015 181.731 113.892 93.2118 95.0562 312.082 140.734 100.833 76.1753 75.714 74.0289 221.36 159.146 79.1549
threshold=22.835000000000004 24.16 15.305000000000001 24.870000000000001 1004208.6500000001 7.4850000000000003 -1163616.6999999997 -709406 -24.510000000000002 -234935.87499999991 -3.5849999999999977 -278318.83000000002 -0.37487794000000002 -2.8775000000000008 23.098160000000004 -4455.7260999999953 31.905000000000005 14.705000000000002 1432044.0500000003 12.327500000000002 17.355000000000004 38782.724999999999 -0.61880465000000029 0.049453799999999777 26.500000000000004 9.1334075000000023 17.310000000000002 14.241058500000001 17.192500000000006 17.135000000000005
decision_type=2 2 2 2 2 2 2 2 2 2 2 2 2 2 2 2 2 2 2 2 2 2 2 2 2 2 2 2 2 2
left_child=6 2 5 4 -3 7 -1 25 9 -5 11 12 -10 -12 -8 18 17 19 -16 20 21 -17 -23 -24 -20 -2 28 -28 29 -15
right_child=1 3 -4 8 -6 -7 14 -9 10 -11 13 -13 -14 26 15 16 -18 -19 24 -21 -22 22 23 -25 -26 -27 27 -29 -30 -31
leaf_value=0.067358074677758853 -0.14163250648058379 0.002543446175675367 -0.077492782174764824 -0.12676770232013754 0.1059608173698692 0.076176834702491758 0.00078322229768041447 -0.011801840029436021 0.0078176781989452316 -0.0066387292055878795 -0.056014000212537579 0.011714798162286587 0.10726626134729472 -0.010180321405112575 -0.050606507546902491 0.26627190316265281 -0.039649199354388411 0.20870127829373813 -0.012952392101683894 -0.0050780098682100122 0.020024091081383328 -0.02982667886441754 0.17419920982076573 0.033562028825283051 0.052089150720054204 -0.030901373128749823 -0.0074269135186312328 0.047258115488534369 -0.12610001682207503 0.053386692910948219
leaf_weight=64 26 71 96 37 59 40 9694 1265 41 88 71 318 61 1232 94 22 63 20 97 55 60 31 26 25 84 38 642 260 29 51
leaf_count=64 26 71 96 37 59 40 9694 1265 41 88 71 318 61 1232 94 22 63 20 97 55 60 31 26 25 84 38 642 260 29 51
internal_value=5.41742e-05 -0.00505442 -0.0165039 0.000612309 0.049479 -0.0122271 0.00224145 -0.0148879 -0.00163245 -0.0421969 0.000242061 0.0252121 0.0672918 -0.00434761 0.0018357 0.0195181 0.0427148 0.0644258 -0.00595602 0.05125 0.0701404 0.0990537 0.0541903 0.105259 0.0172326 -0.0758859 -0.00269074 0.00833596 -0.0102716 -0.0076535
internal_weight=14760 4425 1465 2960 130 1369 10335 1329 2830 125 2705 420 102 2285 10271 577 302 239 275 219 164 104 82 51 181 64 2214 902 1312 1283
internal_count=14760 4425 1465 2960 130 1369 10335 1329 2830 125 2705 420 102 2285 10271 577 302 239 275 219 164 104 82 51 181 64 2214 902 1312 1283
is_linear=0
shrinkage=0.05


Tree=120
num_leaves=31
num_cat=0
split_feature=19 19 3 12 10 19 19 3 5 1 5 10 19 8 13 8 5 6 12 18 7 18 8 6 6 17 15 19 15 6
split_gain=77.8993 213.593 252.112 214.285 143.394 133.819 165.523 287.073 225.893 168.13 175.855 131.89 127.431 125.171 182.493 146.511 137.314 120.925 108.898 122.297 180.374 203.995 152.555 254.426 137.87 110.661 177.659 177.532 174.186 173.265
threshold=-1.4175000000000002 -1.0224999999999997 -1.8449401999999997 10.995000000000003 33.715000000000011 -1.655 -1.8450000000000004 6.5300598500000016 12.835000000000003 2.5000000000000004 12.575000000000001 18.445000000000004 -0.9900000000000001 -0.22463985000000083 11.035000000000002 -0.29951499999999948 14.865 23.513290500000004 14.355000000000002 3.1425000000000005 153240.44500000004 3.4450000000000043 -0.24433864999999952 16.782608000000007 11.667618000000003 20.665000000000003 21.740000000000006 5.3150000000000004 21.530000000000005 12.525558500000001
decision_type=2 2 2 2 2 2 2 2 2 2 2 2 2 2 2 2 2 2 2 2 2 2 2 2 2 2 2 2 2 2
left_child=5 2 3 -2 12 6 9 11 -9 13 -11 -8 -3 14 15 17 -17 -1 25 -20 21 -21 -22 -24 -23 26 28 -28 -14 -29
right_child=1 4 -4 -5 -6 -7 7 8 -10 10 -12 -13 18 -15 -16 16 -18 -19 19 20 22 24 23 -25 -26 -27 27 29 -30 -31
leaf_value=0.0035419337061680409 0.044854901626240465 -0.090677423301983529 0.020981584029492618 0.23810432540754289 -0.024431708661221897 -0.037467272734464784 -0.031511839797508115 0.054755843538911109 0.26424759463830427 -0.0094589259700980626 -0.051648966168201096 0.11222383245825768 0.004342369744200489 -0.010836334823549586 0.12934614988043905 0.021556427463268243 0.18601502288471572 0.10183092034421862 -0.016101811113624874 0.16000351826510123 -0.062493591252714399 0.051982608373985634 -0.088152984697972572 0.090964518852362578 -0.025460753140764104 0.020107064584697798 -0.056680576615344695 0.027333699702063487 0.097152941537034868 -0.047016777171846484
leaf_weight=1416 32 37 469 26 546 310 79 31 22 1000 328 20 5785 1113 32 30 22 32 1377 31 110 159 31 55 90 1042 241 210 51 125
leaf_count=1416 32 37 469 26 546 310 79 31 22 1000 328 20 5785 1113 32 30 22 32 1377 31 110 159 31 55 90 1042 241 210 51 125
internal_value=-0.000235538 0.00212722 0.0331431 0.131484 0.000474504 -0.00578523 -0.00340428 0.0478021 0.141715 -0.00536334 -0.0198794 -0.00247433 0.00192985 0.00192485 0.0111959 0.00867533 0.0911351 0.00571407 0.00229801 -0.00854955 0.0132981 0.0390496 -0.0234897 0.0263989 0.023991 0.00499462 0.00253874 -0.0239532 0.00515343 -0.000409016
internal_weight=14852 10417 527 58 9890 4435 4125 152 53 3973 1328 99 9344 2645 1532 1500 52 1448 9307 1853 476 280 196 86 249 7454 6412 576 5836 335
internal_count=14852 10417 527 58 9890 4435 4125 152 53 3973 1328 99 9344 2645 1532 1500 52 1448 9307 1853 476 280 196 86 249 7454 6412 576 5836 335
is_linear=0
shrinkage=0.05


Tree=121
num_leaves=31
num_cat=0
split_feature=0 0 7 0 3 15 6 6 3 14 3 16 11 12 11 12 3 0 19 19 4 7 4 18 12 15 3 18 12 14
split_gain=76.8005 84.8378 122.429 240.624 197.463 179.869 253.013 321.591 130.614 127.554 165.728 144.275 129.315 121.458 145.684 131.556 161.182 122.647 119.638 124.728 115.826 113.608 113.596 102.289 165.217 159.06 153.237 206.427 148.175 119.77
threshold=46.500000000000007 26.500000000000004 26773.720000000005 11.500000000000002 0.83123780000000014 13.487500000000002 3.4312439000000006 7.8112030000000008 1.7019806000000002 29.122500000000002 0.83123780000000014 25.217500000000005 -12.135 17.245000000000001 -9.1649999999999991 17.005000000000006 7.0228881500000009 32.500000000000007 -5.8674999999999988 -5.2300000000000013 553717.50000000012 2751538.0000000005 146452.44500000004 0.2074999999999996 13.505000000000001 27.597500000000004 16.265793000000006 4.1700000000000026 13.205000000000002 12.640000000000002
decision_type=2 2 2 2 2 2 2 2 2 2 2 2 2 2 2 2 2 2 2 2 2 2 2 2 2 2 2 2 2 2
left_child=1 2 3 4 18 6 -5 -8 9 10 12 20 -4 15 17 21 -17 -15 -1 -20 -12 -3 -19 24 29 26 27 -25 -28 -10
right_child=-2 13 8 5 -6 -7 7 -9 23 -11 11 -13 -14 14 -16 16 -18 22 19 -21 -22 -23 -24 25 -26 -27 28 -29 -30 -31
leaf_value=-0.10013737310754492 -0.025222773298905835 0.0065185011039455929 0.10458512902259827 0.037665027668956741 0.0053542632259170617 0.0065510210486919331 0.273273091117541 0.039772483423866078 -0.077342140106163151 -0.059815685970128568 0.21697468575090173 -0.033946899475441099 0.0014489735303011779 -0.034143434937756796 -0.014060962403313115 -0.0038627565336915165 0.16902291085571053 0.027081333476650926 0.1052694236394018 -0.021257206135124829 0.072845677934263067 0.07944087738309194 0.17081960487972808 -0.058221945047959467 0.072786809117122389 0.083586970985763606 0.00057917193653253475 -0.014773072358246698 -0.072259300574660304 -0.0040733705662811797
leaf_weight=47 301 4892 32 163 2741 228 30 29 58 61 20 21 605 26 1137 26 28 28 20 746 46 54 27 505 68 36 749 596 77 1455
leaf_count=47 301 4892 32 163 2741 228 30 29 58 61 20 21 605 26 1137 26 28 28 20 746 46 54 27 505 68 36 749 596 77 1455
internal_value=-0.000223762 0.000293365 -0.00300458 0.00329713 -0.00106441 0.0377436 0.0697793 0.158502 -0.00883318 0.00962052 0.0154708 0.0802013 0.00663007 0.00471307 -0.00944551 0.0081621 0.0857817 0.0553417 -0.0227047 -0.0179536 0.116521 0.00731466 0.0976438 -0.0129207 -0.00345547 -0.020544 -0.0224894 -0.0347019 -0.00621086 -0.00688209
internal_weight=14852 14551 8333 4004 3554 450 222 59 4329 785 724 87 637 6218 1218 5000 54 81 813 766 66 4946 55 3544 1581 1963 1927 1101 826 1513
internal_count=14852 14551 8333 4004 3554 450 222 59 4329 785 724 87 637 6218 1218 5000 54 81 813 766 66 4946 55 3544 1581 1963 1927 1101 826 1513
is_linear=0
shrinkage=0.05


Tree=122
num_leaves=31
num_cat=0
split_feature=19 19 3 12 10 5 15 15 19 17 2 0 16 12 8 12 16 15 9 17 9 19 12 12 15 12 18 7 11 8
split_gain=70.4463 189.941 222.12 186.332 125.324 124.88 139.459 189.299 265.365 153.887 264.714 342.764 188.668 150.796 133.131 127.83 147.488 206.4 164.485 127.166 128.812 113.247 110.427 499.117 102.245 117.518 147.313 151.507 200.916 149.673
threshold=-1.4175000000000002 -1.0224999999999997 -1.8449401999999997 10.995000000000003 31.315000000000001 25.005000000000006 11.377500000000001 8.3075000000000028 -1.8450000000000004 17.572500000000002 1.0000000180025095e-35 31.500000000000004 37.51250000000001 17.705000000000002 -0.55442779999999992 1.0050000000000001 20.347500000000004 9.5150000000000023 32047.665000000026 9.0300000000000029 1.0000000180025095e-35 -0.9900000000000001 15.845000000000001 14.785000000000002 5.5875000000000012 14.355000000000002 3.1425000000000005 153240.44500000004 4.6600000000000019 -0.24433864999999952
decision_type=2 2 2 2 2 2 2 2 2 2 2 2 2 2 2 2 2 2 2 2 2 2 2 2 2 2 2 2 2 2
left_child=5 2 3 -2 21 6 7 19 15 12 -11 -12 13 -8 -10 -9 22 18 -18 20 -1 -3 23 -17 -23 -26 -27 28 -28 -29
right_child=1 4 -4 -5 -6 -7 9 8 14 10 11 -13 -14 -15 -16 16 17 -19 -20 -21 -22 24 -24 -25 25 26 27 29 -30 -31
leaf_value=0.0028960345071806972 0.042807549866847698 -0.085189178429946721 0.019867381056603631 0.22301216725071962 -0.018935739102318334 -0.087444769202367129 -0.037508469780356636 -0.04960397921298465 0.22289581456105223 -0.007803180298401405 0.010358410525637178 0.22994096693065436 0.029227713601868772 -0.17390966621183215 0.071498531881579258 0.037868526781771765 0.067400861543175872 -0.023217639861007531 -0.042376443116121335 -0.025906702630447032 0.14568323501576247 0.085410926329928472 -0.040331059927120806 0.29190129761894545 0.0049821459885423828 -0.017610467603891334 0.023263787546428882 -0.057672395456343076 0.15654381508938969 0.031138757359059084
leaf_weight=56 32 37 469 26 767 46 577 73 20 2129 52 27 109 21 53 244 152 300 44 457 22 37 32 21 7230 1351 243 109 32 84
leaf_count=56 32 37 469 26 767 46 577 73 20 2129 52 27 109 21 53 244 152 300 44 457 22 37 32 21 7230 1351 243 109 32 84
internal_value=-0.000212573 0.00203432 0.0312827 0.123589 0.000475787 -0.00549011 -0.00463116 0.00790259 0.0214277 -0.010969 -0.00446826 0.0854056 -0.0312711 -0.0422985 0.112977 0.0137104 0.0195389 0.00285297 0.042757 -0.0158358 0.0431693 0.00210778 0.0474049 0.0579994 0.00246327 0.00212411 -0.00923578 0.0149399 0.0387727 -0.0190188
internal_weight=14852 10417 527 58 9890 4435 4389 1474 939 2915 2208 79 707 598 73 866 793 496 196 535 78 9123 297 265 9086 9049 1819 468 275 193
internal_count=14852 10417 527 58 9890 4435 4389 1474 939 2915 2208 79 707 598 73 866 793 496 196 535 78 9123 297 265 9086 9049 1819 468 275 193
is_linear=0
shrinkage=0.05


Tree=123
num_leaves=31
num_cat=0
split_feature=0 0 12 11 12 19 4 0 15 3 6 6 5 18 3 19 18 17 15 10 14 9 19 19 6 5 10 9 3 11
split_gain=68.7905 77.8523 102.044 130.734 116.502 110.552 99.6712 171.63 182.552 177.345 172.405 412.673 118.911 155.083 146.472 147.119 142.955 125.934 133.182 115.646 112.808 108.415 106.209 111.329 97.9213 181.211 112.473 190.012 96.2503 148.877
threshold=46.500000000000007 26.500000000000004 17.245000000000001 -9.1649999999999991 17.075000000000003 -5.1999999999999984 53157.111000000012 11.500000000000002 13.155000000000001 0.83123780000000014 3.8511047500000006 7.8112030000000008 12.745000000000003 0.2074999999999996 1.7019806000000002 1.3674999999999999 1.9174999999999998 10.887500000000001 18.607500000000005 15.975000000000003 32.007500000000007 -41389.520000000011 -5.8674999999999988 -5.2300000000000013 13.892730500000001 14.785000000000002 12.965000000000002 -291865.98000000004 -4.7410124999999992 -2.5800000000000005
decision_type=2 2 2 2 2 2 2 2 2 2 2 2 2 2 2 2 2 2 2 2 2 2 2 2 2 2 2 2 2 2
left_child=1 6 4 5 24 -4 7 9 10 22 -9 -12 14 20 15 -8 -15 -17 21 -16 -14 -19 -1 -24 26 -26 27 -3 29 -28
right_child=-2 2 3 -5 -6 -7 12 8 -10 -11 11 -13 13 16 19 17 -18 18 -20 -21 -22 -23 23 -25 25 -27 28 -29 -30 -31
leaf_value=-0.094596273499600439 -0.023861407970335102 0.1779774294722648 0.15493072126060725 -0.012828665011109443 0.10131858540981105 0.019469411327641031 0.001452768212054055 0.039264043256764254 0.0023201760032417296 0.0049012386845196168 0.29570113743344945 0.01541208732744743 -0.01447084590171911 -0.11541584587325099 0.014849449390757856 0.01752507909467178 -0.034091579296033493 0.24573517307639123 0.028920050581384985 -0.013319581868740877 0.092281878792813854 0.089551110386848459 0.099254316594451664 -0.020283254668007022 0.032336224070876246 -0.0048331029316193057 0.12156074674027723 0.021458842768057769 -0.0014706626207682926 0.0012613000952220266
leaf_weight=47 301 21 20 1137 33 61 429 173 266 2788 24 29 213 76 421 98 187 20 35 2708 28 25 20 746 868 527 41 253 3188 69
leaf_count=47 301 21 20 1137 33 61 429 173 266 2788 24 29 213 76 421 98 187 20 35 2708 28 25 20 746 868 527 41 253 3188 69
internal_value=-0.000201945 0.000287472 0.00452131 -0.00845644 0.00768269 0.0529166 -0.00287178 0.00269388 0.0303935 -0.0010907 0.0634357 0.142335 -0.00824447 -0.0310419 -0.00516901 0.0173087 -0.0575921 0.0555233 0.102071 -0.0095295 -0.00206804 0.158966 -0.0216387 -0.0171622 0.00706059 0.0182945 0.00267334 0.0334548 0.000115994 0.0461002
internal_weight=14852 14551 6218 1218 5000 81 8333 4093 492 3601 226 53 4240 504 3736 607 263 178 80 3129 241 45 813 766 4967 1395 3572 274 3298 110
internal_count=14852 14551 6218 1218 5000 81 8333 4093 492 3601 226 53 4240 504 3736 607 263 178 80 3129 241 45 813 766 4967 1395 3572 274 3298 110
is_linear=0
shrinkage=0.05


Tree=124
num_leaves=31
num_cat=0
split_feature=10 19 19 19 12 15 9 0 3 11 1 6 18 18 8 19 19 8 3 10 4 3 19 0 10 19 3 19 8 0
split_gain=64.4843 94.3638 154.245 112.537 109.768 229.683 138.02 98.9077 120.367 93.9899 90.8122 154.458 152.201 415.305 750.535 134.233 121.835 165.875 162.809 166.253 108.349 118.482 167.624 219.12 109.36 102.454 90.2818 89.2814 87.5396 87.1797
threshold=17.285000000000004 6.3800000000000008 6.620000000000001 6.8174999999999999 16.665000000000003 6.0775000000000006 256.12310000000235 8.5000000000000018 1.2328796500000003 -4.1099999999999977 2.5000000000000004 23.677231000000003 -2.3650000000000033 -3.3775000000000008 0.22406000000000062 -2.1900000000000008 0.95750000000000057 6.1252746500000006 21.009460500000003 12.045000000000002 553717.50000000012 -1.7432097999999996 0.50000000000000011 31.500000000000004 13.865 1.2525000000000002 0.26138306500000003 7.8050000000000006 2.4548492000000004 25.500000000000004
decision_type=2 2 2 2 2 2 2 2 2 2 2 2 2 2 2 2 2 2 2 2 2 2 2 2 2 2 2 2 2 2
left_child=1 4 -3 -4 7 6 -6 8 -1 -2 11 12 13 26 -15 -12 17 18 20 -20 21 -17 -23 24 -24 -18 -9 29 -14 -11
right_child=9 2 3 -5 5 -7 -8 10 -10 27 15 -13 28 14 -16 16 25 -19 19 -21 -22 22 23 -25 -26 -27 -28 -29 -30 -31
leaf_value=-0.020848435223192643 0.0036248932004843202 -0.13183265620649889 0.086256499754057997 -0.020302186032101217 0.029613947442599705 -0.013320785263422744 0.19175409674644472 -0.042013221415870182 0.0091762735469599933 -0.015398787328093414 -0.025888414056078862 0.13320955850649627 0.020285762556310472 0.31687883341801354 -0.02827701637454863 -0.019793224147482157 -0.043195111447459328 0.16917324074078352 0.18459718376398088 0.045484857410192495 -0.013632519322563895 0.020810450651607741 0.25640486905594234 0.022371368629987853 0.098588268458843234 0.0065421017583823654 0.047999068846305212 0.031418443555714028 -0.022008815376974696 -0.0023178526721144262
leaf_weight=548 3291 29 27 301 35 1131 21 52 854 2325 266 32 755 36 28 96 115 20 27 105 240 223 23 43 21 1039 60 146 146 2817
leaf_count=548 3291 29 27 301 35 1131 21 52 854 2325 266 32 755 36 28 96 115 20 27 105 240 223 23 43 21 1039 60 146 146 2817
internal_value=-0.000191847 0.00366103 -0.021303 -0.0115306 0.00516748 -0.00842669 0.0904165 0.00857968 -0.00255949 -0.00300909 0.0132737 0.0249561 0.0217396 0.0642678 0.165873 0.00743255 0.0119732 0.0269949 0.0233399 0.0739397 0.0130006 0.0287444 0.0437754 0.102639 0.181083 0.00158562 0.00620765 -0.00713776 0.0134323 -0.00823251
internal_weight=14852 6273 357 328 5916 1187 56 4729 1402 8579 3327 1109 1077 176 64 2218 1952 798 778 132 646 406 310 87 44 1154 112 5288 901 5142
internal_count=14852 6273 357 328 5916 1187 56 4729 1402 8579 3327 1109 1077 176 64 2218 1952 798 778 132 646 406 310 87 44 1154 112 5288 901 5142
is_linear=0
shrinkage=0.05


Tree=125
num_leaves=31
num_cat=0
split_feature=16 6 9 16 16 10 11 6 0 6 17 17 18 16 16 13 3 18 1 10 0 18 14 18 4 13 18 1 9 18
split_gain=74.1691 77.9109 252.889 168.136 102.752 87.5052 127.011 84.8264 81.6265 79.2922 69.145 66.0075 68.8563 149.271 216.377 237.15 141.23 126.142 441.254 518.846 246.884 172.263 162.497 224.22 189.072 166.054 228.517 157.579 156.311 203.741
threshold=9.5150000000000023 -4.2765196499999991 -213540.59999999983 11.432500000000003 12.640000000000002 14.905000000000003 0.83500000000000096 -3.6960753999999993 12.500000000000002 -5.5299834999999993 5.4800000000000013 6.2475000000000005 -3.6324999999999998 30.027500000000003 32.092500000000008 11.735000000000001 4.1219940000000008 -1.0125 1.0000000180025095e-35 16.775000000000002 11.500000000000002 0.2899999999999992 24.16 -0.33250000000000307 824893.17000000004 15.965000000000002 -0.11249999999999981 1.0000000180025095e-35 4275.3395500000015 0.2074999999999996
decision_type=2 2 2 2 2 2 2 2 2 2 2 2 2 2 2 2 2 2 2 2 2 2 2 2 2 2 2 2 2 2
left_child=-1 2 -2 5 8 6 9 -3 -5 -4 -9 -12 13 -13 15 -15 -16 18 19 20 -14 22 25 24 -24 26 -19 -28 29 -25
right_child=1 7 3 4 -6 -7 -8 10 -10 -11 11 12 17 14 16 -17 -18 21 -20 -21 -22 -23 23 28 -26 -27 27 -29 -30 -31
leaf_value=-0.03112923228969941 0.18386062746020881 -0.035540774439450827 0.083337296396493912 -0.10333710768964233 0.008571489757384386 0.019672805115580561 0.020470446213092207 -0.071627733681131817 -0.010486324603802392 0.22244541183823632 0.031895836591543748 -0.0095444301280707255 0.051747475256738451 0.024468426194157355 -0.049982884223572915 0.12161775009075029 0.0098783082820644331 0.013045551272759404 -0.020609053069117915 -0.013080401288616601 0.25929869544251183 -0.0026724124635165375 -0.033113726361521649 0.067411128239143844 0.072037881742867224 0.074825285638079927 -0.0084041185434652523 -0.11159911321650724 -0.045206854736002597 0.21324494337594069
leaf_weight=195 22 174 20 41 342 75 31 34 56 21 158 1103 23 226 104 87 1874 362 1824 79 38 7284 133 212 63 68 73 75 26 27
leaf_count=195 22 174 20 41 342 75 31 34 56 21 158 1103 23 226 104 87 1874 362 1824 79 38 7284 133 212 63 68 73 75 26 27
internal_value=-0.000495928 -8.83205e-05 0.017435 0.0111869 -0.00431118 0.0574704 0.0968428 -0.000846786 -0.0497325 0.154588 -0.000411642 -0.000236677 -0.000607771 0.00556772 0.0128434 0.0514716 0.0067309 -0.00264526 -0.0140431 0.0715014 0.181042 4.43323e-05 0.0190903 0.0412314 0.000685005 0.0014311 -0.00835479 -0.0606989 0.0712204 0.0838861
internal_weight=14850 14655 608 586 439 147 72 14047 97 41 13873 13839 13681 3394 2291 313 1978 10287 1964 140 61 8323 1039 461 196 578 510 148 265 239
internal_count=14850 14655 608 586 439 147 72 14047 97 41 13873 13839 13681 3394 2291 313 1978 10287 1964 140 61 8323 1039 461 196 578 510 148 265 239
is_linear=0
shrinkage=0.05


Tree=126
num_leaves=31
num_cat=0
split_feature=8 16 6 15 10 16 3 11 8 19 6 16 3 0 3 18 15 7 5 8 8 8 5 14 16 16 15 17 6 8
split_gain=72.416 78.3983 64.8195 121.801 199.046 177.856 95.0479 99.902 105.39 120.924 79.7841 73.7764 68.9664 189.696 174.535 121.522 115.402 86.5094 158.154 164.639 149.941 149.82 207.624 315.568 175.594 199.436 161.943 194.48 267.98 229.831
threshold=-5.8568112999999986 9.5150000000000023 -4.2765196499999991 16.140000000000004 13.685 11.432500000000003 -1.3459319999999997 0.83500000000000096 1.9488524 1.2324999999999988 -3.6960753999999993 12.640000000000002 -3.6960753999999993 11.500000000000002 -1.9880675999999997 -1.9974999999999994 6.2475000000000005 480865.565 14.995000000000003 -0.28501935000000106 -0.26504500000000236 -0.48040800000000056 20.005000000000006 19.710000000000004 13.430000000000001 12.640000000000002 11.695000000000002 12.442500000000001 21.124298000000007 -0.67419434999999983
decision_type=2 2 2 2 2 2 2 2 2 2 2 2 2 2 2 2 2 2 2 2 2 2 2 2 2 2 2 2 2 2
left_child=-1 -2 3 5 -5 6 7 8 9 -3 -4 -7 13 15 -14 -12 -15 21 19 -19 -21 26 24 -24 25 -23 27 -16 29 -29
right_child=1 2 10 4 -6 11 -8 -9 -10 -11 12 -13 14 16 17 -17 -18 18 -20 20 -22 22 23 -25 -26 -27 -28 28 -30 -31
leaf_value=-0.019534457082999293 -0.032082188800377873 0.0031613849529198244 -0.033763735998561077 0.16309174239635468 0.015588466771596083 -0.048808376752946636 -0.043742715533484113 0.0044162230816011021 0.18824676300088566 0.14256777026291406 0.047622577790170907 0.0016556657083128812 -0.031273625144861976 0.15899910092353822 0.016186332338050738 -0.062524902926419268 0.034393829860951568 -0.013192781856395858 -0.024027202544507107 0.1344158380575802 0.0061902426853427403 0.011277517641657124 0.17696386322479796 0.019867506855108005 -0.0050640416692613434 0.17735886001693352 0.0063755873530104467 0.029024111528892116 0.19771066404258211 0.20458653177179043
leaf_weight=482 186 35 174 35 66 101 22 41 24 28 35 256 440 20 475 88 262 1560 846 23 2605 51 37 235 4428 28 2044 166 36 21
leaf_count=482 186 35 174 35 66 101 22 41 24 28 35 256 440 20 475 88 262 1560 846 23 2605 51 37 235 4428 28 2044 166 36 21
internal_value=-0.000471132 0.000168381 0.000591354 0.0165632 0.0667035 0.00657475 0.0522613 0.068762 0.0990858 0.0651198 -0.000124051 -0.0126213 0.000312763 0.0206315 -0.000320488 -0.0311821 0.0432311 0.00076429 -0.00430882 -0.000325595 0.00731246 0.00415985 -0.00118557 0.0412372 -0.00374581 0.0701418 0.0134763 0.0342699 0.0727888 0.0487397
internal_weight=14850 14368 14182 608 101 507 150 128 87 63 13574 357 13400 405 12995 123 282 12555 5034 4188 2628 7521 4779 272 4507 79 2742 698 223 187
internal_count=14850 14368 14182 608 101 507 150 128 87 63 13574 357 13400 405 12995 123 282 12555 5034 4188 2628 7521 4779 272 4507 79 2742 698 223 187
is_linear=0
shrinkage=0.05


end of trees

feature_importances:
reserve_ratio_diff_96=300
weekly_min_reserve=271
temp_prev_96=270
temp_diff_96=258
weekly_min_reserve_prev=255
reserve_ratio_prev_96=252
weekly_max_reserve_diff=250
weekly_max_reserve_prev=237
slot=225
weekly_max_reserve=220
weekly_min_reserve_diff=209
temp=199
jepx_price_prev_96=192
solar_diff_96=166
price_prev_weekday_96=159
solar=140
weekday=74
price_prev_holiday_96=64
solar_prev_96=62
holiday=7

parameters:
[boosting: gbdt]
[objective: regression]
[metric: rmse,l2]
[tree_learner: serial]
[device_type: cpu]
[data_sample_strategy: bagging]
[data: ]
[valid: ]
[num_iterations: 2000]
[learning_rate: 0.05]
[num_leaves: 31]
[num_threads: 10]
[seed: 42]
[deterministic: 0]
[force_col_wise: 0]
[force_row_wise: 0]
[histogram_pool_size: -1]
[max_depth: -1]
[min_data_in_leaf: 20]
[min_sum_hessian_in_leaf: 0.001]
[bagging_fraction: 0.8]
[pos_bagging_fraction: 1]
[neg_bagging_fraction: 1]
[bagging_freq: 5]
[bagging_seed: 400]
[bagging_by_query: 0]
[feature_fraction: 0.9]
[feature_fraction_bynode: 1]
[feature_fraction_seed: 30056]
[extra_trees: 0]
[extra_seed: 12879]
[early_stopping_round: 0]
[early_stopping_min_delta: 0]
[first_metric_only: 0]
[max_delta_step: 0]
[lambda_l1: 0]
[lambda_l2: 0]
[linear_lambda: 0]
[min_gain_to_split: 0]
[drop_rate: 0.1]
[max_drop: 50]
[skip_drop: 0.5]
[xgboost_dart_mode: 0]
[uniform_drop: 0]
[drop_seed: 17869]
[top_rate: 0.2]
[other_rate: 0.1]
[min_data_per_group: 100]
[max_cat_threshold: 32]
[cat_l2: 10]
[cat_smooth: 10]
[max_cat_to_onehot: 4]
[top_k: 20]
[monotone_constraints: ]
[monotone_constraints_method: basic]
[monotone_penalty: 0]
[feature_contri: ]
[forcedsplits_filename: ]
[refit_decay_rate: 0.9]
[cegb_tradeoff: 1]
[cegb_penalty_split: 0]
[cegb_penalty_feature_lazy: ]
[cegb_penalty_feature_coupled: ]
[path_smooth: 0]
[interaction_constraints: ]
[verbosity: 1]
[saved_feature_importance_type: 0]
[use_quantized_grad: 0]
[num_grad_quant_bins: 4]
[quant_train_renew_leaf: 0]
[stochastic_rounding: 1]
[linear_tree: 0]
[max_bin: 255]
[max_bin_by_feature: ]
[min_data_in_bin: 3]
[bin_construct_sample_cnt: 200000]
[data_random_seed: 175]
[is_enable_sparse: 1]
[enable_bundle: 1]
[use_missing: 1]
[zero_as_missing: 0]
[feature_pre_filter: 1]
[pre_partition: 0]
[two_round: 0]
[header: 0]
[label_column: ]
[weight_column: ]
[group_column: ]
[ignore_column: ]
[categorical_feature: ]
[forcedbins_filename: ]
[precise_float_parser: 0]
[parser_config_file: ]
[objective_seed: 16083]
[num_class: 1]
[is_unbalance: 0]
[scale_pos_weight: 1]
[sigmoid: 1]
[boost_from_average: 1]
[reg_sqrt: 0]
[alpha: 0.9]
[fair_c: 1]
[poisson_max_delta_step: 0.7]
[tweedie_variance_power: 1.5]
[lambdarank_truncation_level: 30]
[lambdarank_norm: 1]
[label_gain: ]
[lambdarank_position_bias_regularization: 0]
[eval_at: ]
[multi_error_top_k: 1]
[auc_mu_weights: ]
[num_machines: 1]
[local_listen_port: 12400]
[time_out: 120]
[machine_list_filename: ]
[machines: ]
[gpu_platform_id: -1]
[gpu_device_id: -1]
[gpu_use_dp: 0]
[num_gpu: 1]

end of parameters

pandas_categorical:[]
